{"category_slug":"carnaval_carioca","subcategory_slug":"vinchas_capas","page":2,"page_size":48,"total":188,"items":[{"id":"CA-000000056986","nombre":"VINCHA CONEJO CON FLORES x1u LM (v.colores)","categoria":"Carnaval Carioca","subcategoria":"Vinchas/Capas","precio":2079.0,"destacado":false,"descripcion":"","imagen":"assets/products/CA-000000056986.webp","tags":["vincha","conejo","con","flores","x1u","colores"]},{"id":"CA-000000050955","nombre":"VINCHA CONEJO CON MOÑO BRILLO x 1(varios colores)","categoria":"Carnaval Carioca","subcategoria":"Vinchas/Capas","precio":1844.37,"destacado":false,"descripcion":"","imagen":"assets/products/CA-000000050955.webp","tags":["vincha","conejo","con","moño","brillo","varios","colores"]},{"id":"CA-000000056989","nombre":"VINCHA CORONA GOMA EVA FROZEN/CELESTE CON BRILLO Y FLORES x1u LM","categoria":"Carnaval Carioca","subcategoria":"Vinchas/Capas","precio":2079.0,"destacado":false,"descripcion":"","imagen":"assets/products/CA-000000056989.webp","tags":["vincha","corona","goma","eva","frozen","celeste","con","brillo","flores","x1u"]},{"id":"CA-000000056990","nombre":"VINCHA CORONA PRINCESA ROSA CON BRILLO Y FLORES x1u LM","categoria":"Carnaval Carioca","subcategoria":"Vinchas/Capas","precio":2079.0,"destacado":false,"descripcion":"","imagen":"assets/products/CA-000000056990.webp","tags":["vincha","corona","princesa","rosa","con","brillo","flores","x1u"]},{"id":"CA-000000055271","nombre":"VINCHA DIA DE LOS ENAMORADOS x1(varios modelos) LM","categoria":"Carnaval Carioca","subcategoria":"Vinchas/Capas","precio":1400.0,"destacado":false,"descripcion":"","imagen":"assets/products/CA-000000055271.webp","tags":["vincha","dia","los","enamorados","varios","modelos"]},{"id":"CA-000000051411","nombre":"VINCHA DIOSA BRILLO Y PERLAS x1","categoria":"Carnaval Carioca","subcategoria":"Vinchas/Capas","precio":2614.77,"destacado":false,"descripcion":"","imagen":"assets/products/CA-000000051411.webp","tags":["vincha","diosa","brillo","perlas"]},{"id":"CA-000000056540","nombre":"VINCHA ECONOMICA FLOR CON MARIPOSAS x1 Art 1 (varios colores)","categoria":"Carnaval Carioca","subcategoria":"Vinchas/Capas","precio":1008.0,"destacado":false,"descripcion":"","imagen":"assets/products/CA-000000056540.webp","tags":["vincha","economica","flor","con","mariposas","art","varios","colores"]},{"id":"CA-683077308221","nombre":"VINCHA ESTRELLAS DORADAS/PLATEADAS x1 DA8221A","categoria":"Carnaval Carioca","subcategoria":"Vinchas/Capas","precio":2124.58,"destacado":false,"descripcion":"","imagen":"assets/products/CA-683077308221.webp","tags":["vincha","estrellas","doradas","plateadas","da8221a"]},{"id":"CA-690202405255","nombre":"VINCHA ESTRELLAS VARIOS COLORES CON LUZ x1 MQ15-25","categoria":"Carnaval Carioca","subcategoria":"Vinchas/Capas","precio":1390.2,"destacado":false,"descripcion":"","imagen":"assets/products/CA-690202405255.webp","tags":["vincha","estrellas","varios","colores","con","luz","mq15"]},{"id":"CA-803410700600","nombre":"VINCHA FELIZ CUMPLEAÑOS CORONA CON STRASS PLATEADA Y DORADA x12 YJ0727","categoria":"Carnaval Carioca","subcategoria":"Vinchas/Capas","precio":10206.0,"destacado":false,"descripcion":"","imagen":"assets/products/CA-803410700600.webp","tags":["vincha","feliz","cumpleaños","corona","con","strass","plateada","dorada","x12","yj0727"]},{"id":"CA-803410700677","nombre":"VINCHA FELIZ CUMPLEAÑOS CORONA PLATEADA,DORADA,ROSA GOLD x12 YJ0804","categoria":"Carnaval Carioca","subcategoria":"Vinchas/Capas","precio":8019.0,"destacado":false,"descripcion":"","imagen":"assets/products/CA-803410700677.webp","tags":["vincha","feliz","cumpleaños","corona","plateada","dorada","rosa","gold","x12","yj0804"]},{"id":"CA-202560000205","nombre":"VINCHA FELIZ CUMPLEAÑOS DORADA  x12 FP0205-01","categoria":"Carnaval Carioca","subcategoria":"Vinchas/Capas","precio":8308.44,"destacado":false,"descripcion":"","imagen":"assets/products/CA-202560000205.webp","tags":["vincha","feliz","cumpleaños","dorada","x12","fp0205"]},{"id":"CA-202562000215","nombre":"VINCHA FELIZ CUMPLEAÑOS FLUO VARIOS COLORES  x6 FP0215","categoria":"Carnaval Carioca","subcategoria":"Vinchas/Capas","precio":3289.86,"destacado":false,"descripcion":"","imagen":"assets/products/CA-202562000215.webp","tags":["vincha","feliz","cumpleaños","fluo","varios","colores","fp0215"]},{"id":"CA-000000057006","nombre":"VINCHA FELIZ CUMPLEAÑOS PERLITAS DEGRADE x1 BH330","categoria":"Carnaval Carioca","subcategoria":"Vinchas/Capas","precio":1041.95,"destacado":false,"descripcion":"","imagen":"assets/products/CA-000000057006.webp","tags":["vincha","feliz","cumpleaños","perlitas","degrade","bh330"]},{"id":"CA-202562000205","nombre":"VINCHA FELIZ CUMPLEAÑOS PLATEADA  x12 FP0205-02","categoria":"Carnaval Carioca","subcategoria":"Vinchas/Capas","precio":8308.44,"destacado":false,"descripcion":"","imagen":"assets/products/CA-202562000205.webp","tags":["vincha","feliz","cumpleaños","plateada","x12","fp0205"]},{"id":"CA-202563000205","nombre":"VINCHA FELIZ CUMPLEAÑOS ROSA GOLD  x12 FP0205-03","categoria":"Carnaval Carioca","subcategoria":"Vinchas/Capas","precio":8308.44,"destacado":false,"descripcion":"","imagen":"assets/products/CA-202563000205.webp","tags":["vincha","feliz","cumpleaños","rosa","gold","x12","fp0205"]},{"id":"CA-202560000208","nombre":"VINCHA FELIZ CUMPLEAÑOS Y ANTEOJO DORADA  x12 FP0208-01","categoria":"Carnaval Carioca","subcategoria":"Vinchas/Capas","precio":18680.76,"destacado":false,"descripcion":"","imagen":"assets/products/CA-202560000208.webp","tags":["vincha","feliz","cumpleaños","anteojo","dorada","x12","fp0208"]},{"id":"CA-202562000733","nombre":"VINCHA FELIZ CUMPLEAÑOS Y ANTEOJO DORADA  x12 FP0733-02","categoria":"Carnaval Carioca","subcategoria":"Vinchas/Capas","precio":16140.6,"destacado":false,"descripcion":"","imagen":"assets/products/CA-202562000733.webp","tags":["vincha","feliz","cumpleaños","anteojo","dorada","x12","fp0733"]},{"id":"CA-202560000734","nombre":"VINCHA FELIZ CUMPLEAÑOS Y ANTEOJO FLUO x6 FP0734","categoria":"Carnaval Carioca","subcategoria":"Vinchas/Capas","precio":6588.54,"destacado":false,"descripcion":"* (15/12/2025)","imagen":"assets/products/CA-202560000734.webp","tags":["vincha","feliz","cumpleaños","anteojo","fluo","fp0734"]},{"id":"CA-202560000733","nombre":"VINCHA FELIZ CUMPLEAÑOS Y ANTEOJO PLATA x12 FP0733-01","categoria":"Carnaval Carioca","subcategoria":"Vinchas/Capas","precio":16140.6,"destacado":false,"descripcion":"","imagen":"assets/products/CA-202560000733.webp","tags":["vincha","feliz","cumpleaños","anteojo","plata","x12","fp0733"]},{"id":"CA-202562000208","nombre":"VINCHA FELIZ CUMPLEAÑOS Y ANTEOJO PLATEADA  x12 FP0208-02","categoria":"Carnaval Carioca","subcategoria":"Vinchas/Capas","precio":18680.76,"destacado":false,"descripcion":"","imagen":"assets/products/CA-202562000208.webp","tags":["vincha","feliz","cumpleaños","anteojo","plateada","x12","fp0208"]},{"id":"CA-779831635718","nombre":"VINCHA FISELINA ARGENTINA x50 ( 4.5 x 90 cm ) 3050","categoria":"Carnaval Carioca","subcategoria":"Vinchas/Capas","precio":9761.0,"destacado":false,"descripcion":"","imagen":"assets/products/CA-779831635718.webp","tags":["vincha","fiselina","argentina","x50","3050"]},{"id":"CA-237187605500","nombre":"VINCHA FLOR / MARIPOSA  FLUO x6 5500 (Colores surtidos)","categoria":"Carnaval Carioca","subcategoria":"Vinchas/Capas","precio":3983.74,"destacado":false,"descripcion":"","imagen":"assets/products/CA-237187605500.webp","tags":["vincha","flor","mariposa","fluo","5500","colores","surtidos"]},{"id":"CA-000000056973","nombre":"VINCHA FLOR DAHLIA GRANDE x1u. LM (Varios Colores)","categoria":"Carnaval Carioca","subcategoria":"Vinchas/Capas","precio":2079.0,"destacado":false,"descripcion":"","imagen":"assets/products/CA-000000056973.webp","tags":["vincha","flor","dahlia","grande","x1u","varios","colores"]},{"id":"CA-000000056971","nombre":"VINCHA FLOR FRESIAS CON PERLAS x1u. LM (varios colores)","categoria":"Carnaval Carioca","subcategoria":"Vinchas/Capas","precio":2079.0,"destacado":false,"descripcion":"","imagen":"assets/products/CA-000000056971.webp","tags":["vincha","flor","fresias","con","perlas","x1u","varios","colores"]},{"id":"CA-000000056972","nombre":"VINCHA FLOR FRESIAS MULTICOLOR CON PERLAS x1u. LM","categoria":"Carnaval Carioca","subcategoria":"Vinchas/Capas","precio":2079.0,"destacado":false,"descripcion":"","imagen":"assets/products/CA-000000056972.webp","tags":["vincha","flor","fresias","multicolor","con","perlas","x1u"]},{"id":"CA-000000048037","nombre":"VINCHA FLOR METAL LISA MULTICOLOR  x1 J.L 950","categoria":"Carnaval Carioca","subcategoria":"Vinchas/Capas","precio":2470.5,"destacado":false,"descripcion":"","imagen":"assets/products/CA-000000048037.webp","tags":["vincha","flor","metal","lisa","multicolor","950"]},{"id":"CA-000000057025","nombre":"VINCHA FLOR Y MARIPOSA FLUO x1","categoria":"Carnaval Carioca","subcategoria":"Vinchas/Capas","precio":3024.0,"destacado":false,"descripcion":"","imagen":"assets/products/CA-000000057025.webp","tags":["vincha","flor","mariposa","fluo"]},{"id":"CA-692024089506","nombre":"VINCHA FLORES DE TELA BICOLOR FLUO x12 DG9506A","categoria":"Carnaval Carioca","subcategoria":"Vinchas/Capas","precio":8316.0,"destacado":false,"descripcion":"","imagen":"assets/products/CA-692024089506.webp","tags":["vincha","flores","tela","bicolor","fluo","x12","dg9506a"]},{"id":"CA-803410700484","nombre":"VINCHA FLORES DE TELA FLUO MULTICOLOR x12 YJ0611","categoria":"Carnaval Carioca","subcategoria":"Vinchas/Capas","precio":8019.0,"destacado":false,"descripcion":"* (11/12/2025)","imagen":"assets/products/CA-803410700484.webp","tags":["vincha","flores","tela","fluo","multicolor","x12","yj0611"]},{"id":"CA-803410700474","nombre":"VINCHA FLORES DE TELA LISA FLUO ( COLORES SURTIDOS) x12 YJ0601","categoria":"Carnaval Carioca","subcategoria":"Vinchas/Capas","precio":7290.0,"destacado":false,"descripcion":"","imagen":"assets/products/CA-803410700474.webp","tags":["vincha","flores","tela","lisa","fluo","colores","surtidos","x12","yj0601"]},{"id":"CA-000000046278","nombre":"VINCHA FLORES FLUO ROX x3  art:413","categoria":"Carnaval Carioca","subcategoria":"Vinchas/Capas","precio":2090.0,"destacado":false,"descripcion":"","imagen":"assets/products/CA-000000046278.webp","tags":["vincha","flores","fluo","rox","art","413"]},{"id":"CA-072737310200","nombre":"VINCHA FLORES MARGARITA BABY NENA PASTEL x5 FN504","categoria":"Carnaval Carioca","subcategoria":"Vinchas/Capas","precio":5225.72,"destacado":false,"descripcion":"","imagen":"assets/products/CA-072737310200.webp","tags":["vincha","flores","margarita","baby","nena","pastel","fn504"]},{"id":"CA-072737309905","nombre":"VINCHA FLORES MARGARITA MULTICOLOR x5 FN504","categoria":"Carnaval Carioca","subcategoria":"Vinchas/Capas","precio":5225.72,"destacado":false,"descripcion":"","imagen":"assets/products/CA-072737309905.webp","tags":["vincha","flores","margarita","multicolor","fn504"]},{"id":"CA-076357187814","nombre":"VINCHA FLORES SEDA AMARILLO FLUO x5 FN610","categoria":"Carnaval Carioca","subcategoria":"Vinchas/Capas","precio":9141.66,"destacado":false,"descripcion":"","imagen":"assets/products/CA-076357187814.webp","tags":["vincha","flores","seda","amarillo","fluo","fn610"]},{"id":"CA-076357187796","nombre":"VINCHA FLORES SEDA AZUL x5 FN610","categoria":"Carnaval Carioca","subcategoria":"Vinchas/Capas","precio":9141.66,"destacado":false,"descripcion":"","imagen":"assets/products/CA-076357187796.webp","tags":["vincha","flores","seda","azul","fn610"]},{"id":"CA-076357187828","nombre":"VINCHA FLORES SEDA BLANCA Y VERDE  x1","categoria":"Carnaval Carioca","subcategoria":"Vinchas/Capas","precio":1828.04,"destacado":false,"descripcion":"","imagen":"assets/products/CA-076357187828.webp","tags":["vincha","flores","seda","blanca","verde"]},{"id":"CA-076357187792","nombre":"VINCHA FLORES SEDA FUCSIA FLUO x5 FN610","categoria":"Carnaval Carioca","subcategoria":"Vinchas/Capas","precio":9141.66,"destacado":false,"descripcion":"","imagen":"assets/products/CA-076357187792.webp","tags":["vincha","flores","seda","fucsia","fluo","fn610"]},{"id":"CA-076357187826","nombre":"VINCHA FLORES SEDA MULTICOLOR x5 FN610","categoria":"Carnaval Carioca","subcategoria":"Vinchas/Capas","precio":9141.66,"destacado":false,"descripcion":"","imagen":"assets/products/CA-076357187826.webp","tags":["vincha","flores","seda","multicolor","fn610"]},{"id":"CA-076357187811","nombre":"VINCHA FLORES SEDA NARANJA FLUO x5 FN610","categoria":"Carnaval Carioca","subcategoria":"Vinchas/Capas","precio":9141.66,"destacado":false,"descripcion":"","imagen":"assets/products/CA-076357187811.webp","tags":["vincha","flores","seda","naranja","fluo","fn610"]},{"id":"CA-076357187829","nombre":"VINCHA FLORES SEDA NEGRA x5 FN610","categoria":"Carnaval Carioca","subcategoria":"Vinchas/Capas","precio":9141.66,"destacado":false,"descripcion":"","imagen":"assets/products/CA-076357187829.webp","tags":["vincha","flores","seda","negra","fn610"]},{"id":"CA-076357187790","nombre":"VINCHA FLORES SEDA ROJA x5 FN610","categoria":"Carnaval Carioca","subcategoria":"Vinchas/Capas","precio":9141.66,"destacado":false,"descripcion":"","imagen":"assets/products/CA-076357187790.webp","tags":["vincha","flores","seda","roja","fn610"]},{"id":"CA-076357187788","nombre":"VINCHA FLORES SEDA ROSA x5 FN610","categoria":"Carnaval Carioca","subcategoria":"Vinchas/Capas","precio":9141.66,"destacado":false,"descripcion":"","imagen":"assets/products/CA-076357187788.webp","tags":["vincha","flores","seda","rosa","fn610"]},{"id":"CA-076357187804","nombre":"VINCHA FLORES SEDA VERDE FLUO x5 FN610","categoria":"Carnaval Carioca","subcategoria":"Vinchas/Capas","precio":9141.66,"destacado":false,"descripcion":"","imagen":"assets/products/CA-076357187804.webp","tags":["vincha","flores","seda","verde","fluo","fn610"]},{"id":"CA-237187605050","nombre":"VINCHA FLUO BUFON x6 5050","categoria":"Carnaval Carioca","subcategoria":"Vinchas/Capas","precio":3625.07,"destacado":false,"descripcion":"","imagen":"assets/products/CA-237187605050.webp","tags":["vincha","fluo","bufon","5050"]},{"id":"CA-237187605080","nombre":"VINCHA FLUO CON MOÑO x6 5080","categoria":"Carnaval Carioca","subcategoria":"Vinchas/Capas","precio":2681.1,"destacado":false,"descripcion":"","imagen":"assets/products/CA-237187605080.webp","tags":["vincha","fluo","con","moño","5080"]},{"id":"CA-237187605089","nombre":"VINCHA FLUO FLOR DOBLE x6 5089 (Colores surtidos)","categoria":"Carnaval Carioca","subcategoria":"Vinchas/Capas","precio":3595.27,"destacado":false,"descripcion":"","imagen":"assets/products/CA-237187605089.webp","tags":["vincha","fluo","flor","doble","5089","colores","surtidos"]},{"id":"CA-000000057898","nombre":"VINCHA FLUO MULTICOLOR CON LUZ x6","categoria":"Carnaval Carioca","subcategoria":"Vinchas/Capas","precio":5022.0,"destacado":false,"descripcion":"","imagen":"assets/products/CA-000000057898.webp","tags":["vincha","fluo","multicolor","con","luz"]}]}