{"category_slug":"carnaval_carioca","subcategory_slug":"vinchas_capas","page":3,"page_size":48,"total":188,"items":[{"id":"CA-000000056529","nombre":"VINCHA FRASE BOCA 3D CON PLUMAS Y ESTRELLAS x1","categoria":"Carnaval Carioca","subcategoria":"Vinchas/Capas","precio":3240.0,"destacado":false,"descripcion":"","imagen":"assets/products/CA-000000056529.webp","tags":["vincha","frase","boca","con","plumas","estrellas"]},{"id":"CA-000000056528","nombre":"VINCHA FRASE BOCA JUNIORS 3D CON ESTRELLAS x1","categoria":"Carnaval Carioca","subcategoria":"Vinchas/Capas","precio":3175.2,"destacado":false,"descripcion":"","imagen":"assets/products/CA-000000056528.webp","tags":["vincha","frase","boca","juniors","con","estrellas"]},{"id":"CA-000000056070","nombre":"VINCHA FRASE ME JUBILE CON ESTRELLAS x1 (varios colores)","categoria":"Carnaval Carioca","subcategoria":"Vinchas/Capas","precio":3659.04,"destacado":false,"descripcion":"","imagen":"assets/products/CA-000000056070.webp","tags":["vincha","frase","jubile","con","estrellas","varios","colores"]},{"id":"CA-000000056068","nombre":"VINCHA FRASE ME JUBILE CON LENTEJUELAS Y STRASS x1 (varios colores)","categoria":"Carnaval Carioca","subcategoria":"Vinchas/Capas","precio":3442.82,"destacado":false,"descripcion":"","imagen":"assets/products/CA-000000056068.webp","tags":["vincha","frase","jubile","con","lentejuelas","strass","varios","colores"]},{"id":"CA-000000056069","nombre":"VINCHA FRASE ME JUBILE CON PLUMAS x1 (varios colores)","categoria":"Carnaval Carioca","subcategoria":"Vinchas/Capas","precio":3825.36,"destacado":false,"descripcion":"","imagen":"assets/products/CA-000000056069.webp","tags":["vincha","frase","jubile","con","plumas","varios","colores"]},{"id":"CA-000000056542","nombre":"VINCHA FRASE MIS 40 GOMA EVA CON ESTRELLAS x1","categoria":"Carnaval Carioca","subcategoria":"Vinchas/Capas","precio":1260.0,"destacado":false,"descripcion":"","imagen":"assets/products/CA-000000056542.webp","tags":["vincha","frase","mis","goma","eva","con","estrellas"]},{"id":"CA-000000056541","nombre":"VINCHA FRASE MIS 50 GOMA EVA CON ESTRELLAS x1","categoria":"Carnaval Carioca","subcategoria":"Vinchas/Capas","precio":1260.0,"destacado":false,"descripcion":"","imagen":"assets/products/CA-000000056541.webp","tags":["vincha","frase","mis","goma","eva","con","estrellas"]},{"id":"CA-000000056543","nombre":"VINCHA FRASE MIS 60 GOMA EVA CON ESTRELLAS x1","categoria":"Carnaval Carioca","subcategoria":"Vinchas/Capas","precio":1260.0,"destacado":false,"descripcion":"","imagen":"assets/products/CA-000000056543.webp","tags":["vincha","frase","mis","goma","eva","con","estrellas"]},{"id":"CA-000000056530","nombre":"VINCHA FRASE RIVER 3D CON PLUMAS Y ESTRELLAS x1","categoria":"Carnaval Carioca","subcategoria":"Vinchas/Capas","precio":3240.0,"destacado":false,"descripcion":"","imagen":"assets/products/CA-000000056530.webp","tags":["vincha","frase","river","con","plumas","estrellas"]},{"id":"CA-000000056527","nombre":"VINCHA FRASE RIVER PLATE 3D CON ESTRELLAS x1","categoria":"Carnaval Carioca","subcategoria":"Vinchas/Capas","precio":3175.2,"destacado":false,"descripcion":"","imagen":"assets/products/CA-000000056527.webp","tags":["vincha","frase","river","plate","con","estrellas"]},{"id":"CA-000000055888","nombre":"VINCHA FRASE SOY MEDICA CON TULL x1 (varios colores)","categoria":"Carnaval Carioca","subcategoria":"Vinchas/Capas","precio":2970.0,"destacado":false,"descripcion":"","imagen":"assets/products/CA-000000055888.webp","tags":["vincha","frase","soy","medica","con","tull","varios","colores"]},{"id":"CA-000000056072","nombre":"VINCHA FRASE SOY PSICOLOGA CON TULL x1 (varios colores)","categoria":"Carnaval Carioca","subcategoria":"Vinchas/Capas","precio":2970.0,"destacado":false,"descripcion":"","imagen":"assets/products/CA-000000056072.webp","tags":["vincha","frase","soy","psicologa","con","tull","varios","colores"]},{"id":"CA-237183605039","nombre":"VINCHA FRASES CUMBIA x6 5039","categoria":"Carnaval Carioca","subcategoria":"Vinchas/Capas","precio":3799.87,"destacado":false,"descripcion":"","imagen":"assets/products/CA-237183605039.webp","tags":["vincha","frases","cumbia","5039"]},{"id":"CA-237187605034","nombre":"VINCHA FRASES EMOJI RED SOCIAL x6  5034","categoria":"Carnaval Carioca","subcategoria":"Vinchas/Capas","precio":3799.87,"destacado":false,"descripcion":"","imagen":"assets/products/CA-237187605034.webp","tags":["vincha","frases","emoji","red","social","5034"]},{"id":"CA-237187605036","nombre":"VINCHA FRASES EXCESOS COMICOS x6 5036","categoria":"Carnaval Carioca","subcategoria":"Vinchas/Capas","precio":3799.87,"destacado":false,"descripcion":"","imagen":"assets/products/CA-237187605036.webp","tags":["vincha","frases","excesos","comicos","5036"]},{"id":"CA-000000048361","nombre":"VINCHA FRIDA 3 FLORES X COLOR x1u. LM","categoria":"Carnaval Carioca","subcategoria":"Vinchas/Capas","precio":2430.0,"destacado":false,"descripcion":"","imagen":"assets/products/CA-000000048361.webp","tags":["vincha","frida","flores","color","x1u"]},{"id":"CA-000000046084","nombre":"VINCHA FRIDA 4 FLORES MULTICOLOR PASTEL x1u. LM","categoria":"Carnaval Carioca","subcategoria":"Vinchas/Capas","precio":2970.0,"destacado":false,"descripcion":"","imagen":"assets/products/CA-000000046084.webp","tags":["vincha","frida","flores","multicolor","pastel","x1u"]},{"id":"CA-000000046083","nombre":"VINCHA FRIDA 4 FLORES MULTICOLOR x1u. LM","categoria":"Carnaval Carioca","subcategoria":"Vinchas/Capas","precio":2970.0,"destacado":false,"descripcion":"","imagen":"assets/products/CA-000000046083.webp","tags":["vincha","frida","flores","multicolor","x1u"]},{"id":"CA-000000049357","nombre":"VINCHA FRIDA DEGRADE CON TIRAS  x1u.","categoria":"Carnaval Carioca","subcategoria":"Vinchas/Capas","precio":2860.0,"destacado":false,"descripcion":"","imagen":"assets/products/CA-000000049357.webp","tags":["vincha","frida","degrade","con","tiras","x1u"]},{"id":"CA-692018100197","nombre":"VINCHA GATITA CON MARGARITAS x12 DA7397A","categoria":"Carnaval Carioca","subcategoria":"Vinchas/Capas","precio":5040.0,"destacado":false,"descripcion":"","imagen":"assets/products/CA-692018100197.webp","tags":["vincha","gatita","con","margaritas","x12","da7397a"]},{"id":"CA-000000047192","nombre":"VINCHA GATITA PLASTICA  FLUO x4 DA925A/SUR","categoria":"Carnaval Carioca","subcategoria":"Vinchas/Capas","precio":2313.64,"destacado":false,"descripcion":"","imagen":"assets/products/CA-000000047192.webp","tags":["vincha","gatita","plastica","fluo","da925a","sur"]},{"id":"CA-692018100192","nombre":"VINCHA GATITO CON FLORES x12 DA7392A","categoria":"Carnaval Carioca","subcategoria":"Vinchas/Capas","precio":5040.0,"destacado":false,"descripcion":"","imagen":"assets/products/CA-692018100192.webp","tags":["vincha","gatito","con","flores","x12","da7392a"]},{"id":"CA-000000050897","nombre":"VINCHA GATO CON BRILLO x3 (varios colores)","categoria":"Carnaval Carioca","subcategoria":"Vinchas/Capas","precio":2758.54,"destacado":false,"descripcion":"","imagen":"assets/products/CA-000000050897.webp","tags":["vincha","gato","con","brillo","varios","colores"]},{"id":"CA-000000052559","nombre":"VINCHA ICONIC BRILLO Y PERLAS x1","categoria":"Carnaval Carioca","subcategoria":"Vinchas/Capas","precio":1614.06,"destacado":false,"descripcion":"","imagen":"assets/products/CA-000000052559.webp","tags":["vincha","iconic","brillo","perlas"]},{"id":"CA-000000056977","nombre":"VINCHA KITTY CON FLORES x1u LM","categoria":"Carnaval Carioca","subcategoria":"Vinchas/Capas","precio":2079.0,"destacado":false,"descripcion":"","imagen":"assets/products/CA-000000056977.webp","tags":["vincha","kitty","con","flores","x1u"]},{"id":"CA-000000056978","nombre":"VINCHA KUROMI CON FLORES x1u LM","categoria":"Carnaval Carioca","subcategoria":"Vinchas/Capas","precio":2079.0,"destacado":false,"descripcion":"","imagen":"assets/products/CA-000000056978.webp","tags":["vincha","kuromi","con","flores","x1u"]},{"id":"CA-000000057429","nombre":"VINCHA LABUBU CON FLORES x1u LM (v.colores)","categoria":"Carnaval Carioca","subcategoria":"Vinchas/Capas","precio":2079.0,"destacado":false,"descripcion":"","imagen":"assets/products/CA-000000057429.webp","tags":["vincha","labubu","con","flores","x1u","colores"]},{"id":"CA-200888300000","nombre":"VINCHA LISA FLUO x12","categoria":"Carnaval Carioca","subcategoria":"Vinchas/Capas","precio":1487.7,"destacado":false,"descripcion":"","imagen":"assets/products/CA-200888300000.webp","tags":["vincha","lisa","fluo","x12"]},{"id":"CA-000000057026","nombre":"VINCHA MARIPOSAS CON BRILLO x1 (Varios Colores)","categoria":"Carnaval Carioca","subcategoria":"Vinchas/Capas","precio":2570.4,"destacado":false,"descripcion":"","imagen":"assets/products/CA-000000057026.webp","tags":["vincha","mariposas","con","brillo","varios","colores"]},{"id":"CA-202560000783","nombre":"VINCHA MIEMBRO CON BRILLO X6 FP0783","categoria":"Carnaval Carioca","subcategoria":"Vinchas/Capas","precio":6795.81,"destacado":false,"descripcion":"","imagen":"assets/products/CA-202560000783.webp","tags":["vincha","miembro","con","brillo","fp0783"]},{"id":"CA-000000056970","nombre":"VINCHA MOANA CON FLORES x1u. LM (varios colores)","categoria":"Carnaval Carioca","subcategoria":"Vinchas/Capas","precio":1782.0,"destacado":false,"descripcion":"","imagen":"assets/products/CA-000000056970.webp","tags":["vincha","moana","con","flores","x1u","varios","colores"]},{"id":"CA-000000057897","nombre":"VINCHA NEGRA CON LUZ x6","categoria":"Carnaval Carioca","subcategoria":"Vinchas/Capas","precio":5022.0,"destacado":false,"descripcion":"","imagen":"assets/products/CA-000000057897.webp","tags":["vincha","negra","con","luz"]},{"id":"CA-541497890064","nombre":"VINCHA OREJA CONEJA TELA RASO (v.colores) x1 PA0064","categoria":"Carnaval Carioca","subcategoria":"Vinchas/Capas","precio":1985.45,"destacado":false,"descripcion":"","imagen":"assets/products/CA-541497890064.webp","tags":["vincha","oreja","coneja","tela","raso","colores","pa0064"]},{"id":"CA-779812557517","nombre":"VINCHA PELOTITA ARGENTINA x6 517","categoria":"Carnaval Carioca","subcategoria":"Vinchas/Capas","precio":2620.73,"destacado":false,"descripcion":"","imagen":"assets/products/CA-779812557517.webp","tags":["vincha","pelotita","argentina","517"]},{"id":"CA-690202405244","nombre":"VINCHA PELOTITAS VARIOS COLORES CON LUZ x1 MQ15-24","categoria":"Carnaval Carioca","subcategoria":"Vinchas/Capas","precio":1390.2,"destacado":false,"descripcion":"","imagen":"assets/products/CA-690202405244.webp","tags":["vincha","pelotitas","varios","colores","con","luz","mq15"]},{"id":"CA-659154181651","nombre":"VINCHA PIZARRA CON BOLIGRAFO x1  DA7150","categoria":"Carnaval Carioca","subcategoria":"Vinchas/Capas","precio":901.07,"destacado":false,"descripcion":"","imagen":"assets/products/CA-659154181651.webp","tags":["vincha","pizarra","con","boligrafo","da7150"]},{"id":"CA-200898400000","nombre":"VINCHA PLASTICA BLANCA x12","categoria":"Carnaval Carioca","subcategoria":"Vinchas/Capas","precio":1548.4,"destacado":false,"descripcion":"","imagen":"assets/products/CA-200898400000.webp","tags":["vincha","plastica","blanca","x12"]},{"id":"CA-237187605002","nombre":"VINCHA PLASTICA CHAMPAÑA x6 5002","categoria":"Carnaval Carioca","subcategoria":"Vinchas/Capas","precio":4777.38,"destacado":false,"descripcion":"","imagen":"assets/products/CA-237187605002.webp","tags":["vincha","plastica","champaña","5002"]},{"id":"CA-237187605000","nombre":"VINCHA PLASTICA CHOPP BIRRA x6 5000","categoria":"Carnaval Carioca","subcategoria":"Vinchas/Capas","precio":3983.74,"destacado":false,"descripcion":"","imagen":"assets/products/CA-237187605000.webp","tags":["vincha","plastica","chopp","birra","5000"]},{"id":"CA-000000035056","nombre":"VINCHA PLASTICA CONEJITA COLORES SURTIDOS x6 712/14","categoria":"Carnaval Carioca","subcategoria":"Vinchas/Capas","precio":1417.5,"destacado":false,"descripcion":"","imagen":"assets/products/CA-000000035056.webp","tags":["vincha","plastica","conejita","colores","surtidos","712"]},{"id":"CA-000000035055","nombre":"VINCHA PLASTICA CORONITA COLORES SURTIDOS x6 716/14","categoria":"Carnaval Carioca","subcategoria":"Vinchas/Capas","precio":1417.5,"destacado":false,"descripcion":"","imagen":"assets/products/CA-000000035055.webp","tags":["vincha","plastica","coronita","colores","surtidos","716"]},{"id":"CA-202562000736","nombre":"VINCHA PLASTICA FELIZ CUMPLEAÑOS DORADO x12 FP0736-02","categoria":"Carnaval Carioca","subcategoria":"Vinchas/Capas","precio":9313.92,"destacado":false,"descripcion":"","imagen":"assets/products/CA-202562000736.webp","tags":["vincha","plastica","feliz","cumpleaños","dorado","x12","fp0736"]},{"id":"CA-202560000736","nombre":"VINCHA PLASTICA FELIZ CUMPLEAÑOS PLATA x12 FP0736-01","categoria":"Carnaval Carioca","subcategoria":"Vinchas/Capas","precio":9313.92,"destacado":false,"descripcion":"","imagen":"assets/products/CA-202560000736.webp","tags":["vincha","plastica","feliz","cumpleaños","plata","x12","fp0736"]},{"id":"CA-202563000736","nombre":"VINCHA PLASTICA FELIZ CUMPLEAÑOS ROSA GOLD x12 FP0736-03","categoria":"Carnaval Carioca","subcategoria":"Vinchas/Capas","precio":9313.92,"destacado":false,"descripcion":"","imagen":"assets/products/CA-202563000736.webp","tags":["vincha","plastica","feliz","cumpleaños","rosa","gold","x12","fp0736"]},{"id":"CA-072530547269","nombre":"VINCHA PLASTICA FLUO CARITAS SMILEY  x4u.","categoria":"Carnaval Carioca","subcategoria":"Vinchas/Capas","precio":931.5,"destacado":false,"descripcion":"","imagen":"assets/products/CA-072530547269.webp","tags":["vincha","plastica","fluo","caritas","smiley","x4u"]},{"id":"CA-072530547279","nombre":"VINCHA PLASTICA FLUO CHOPP DE CERVEZA  x4u.","categoria":"Carnaval Carioca","subcategoria":"Vinchas/Capas","precio":931.5,"destacado":false,"descripcion":"","imagen":"assets/products/CA-072530547279.webp","tags":["vincha","plastica","fluo","chopp","cerveza","x4u"]},{"id":"CA-072530547268","nombre":"VINCHA PLASTICA FLUO CON ESTRELLAS  x4u.","categoria":"Carnaval Carioca","subcategoria":"Vinchas/Capas","precio":931.5,"destacado":false,"descripcion":"","imagen":"assets/products/CA-072530547268.webp","tags":["vincha","plastica","fluo","con","estrellas","x4u"]},{"id":"CA-072530547267","nombre":"VINCHA PLASTICA FLUO CORAZON CHICA  x4u.","categoria":"Carnaval Carioca","subcategoria":"Vinchas/Capas","precio":931.5,"destacado":false,"descripcion":"","imagen":"assets/products/CA-072530547267.webp","tags":["vincha","plastica","fluo","corazon","chica","x4u"]}]}