{"category_slug":"carnaval_carioca","subcategory_slug":"vinchas_capas","page":1,"page_size":48,"total":188,"items":[{"id":"CA-000000057559","nombre":"CORONA CON FLORES Y LUZ x1u. LM (varios colores)","categoria":"Carnaval Carioca","subcategoria":"Vinchas/Capas","precio":4320.0,"destacado":false,"descripcion":"","imagen":"assets/products/CA-000000057559.webp","tags":["corona","con","flores","luz","x1u","varios","colores"]},{"id":"CA-803410700354","nombre":"CORONA FLORES DE TELA MULTICOLOR x12 YJ0482","categoria":"Carnaval Carioca","subcategoria":"Vinchas/Capas","precio":3024.91,"destacado":false,"descripcion":"","imagen":"assets/products/CA-803410700354.webp","tags":["corona","flores","tela","multicolor","x12","yj0482"]},{"id":"CA-000000057560","nombre":"CORONA MULTICOLOR CON FLORES Y LUZ  x1u. LM","categoria":"Carnaval Carioca","subcategoria":"Vinchas/Capas","precio":4320.0,"destacado":false,"descripcion":"","imagen":"assets/products/CA-000000057560.webp","tags":["corona","multicolor","con","flores","luz","x1u"]},{"id":"CA-000000057561","nombre":"CORONA NOVIA CON FLORES Y LUZ x1u. LM","categoria":"Carnaval Carioca","subcategoria":"Vinchas/Capas","precio":4725.0,"destacado":false,"descripcion":"","imagen":"assets/products/CA-000000057561.webp","tags":["corona","novia","con","flores","luz","x1u"]},{"id":"CA-000000057364","nombre":"PINCHE PRIMAVERA CON FLORES DE GOMA EVA CON BRILLO X 1 UNIDAD ART.8-9","categoria":"Carnaval Carioca","subcategoria":"Vinchas/Capas","precio":1485.0,"destacado":false,"descripcion":"","imagen":"assets/products/CA-000000057364.webp","tags":["pinche","primavera","con","flores","goma","eva","con","brillo","unidad","art"]},{"id":"CA-695925100811","nombre":"SET VINCHA ANTEOJO FELIZ CUMPLEAÑOS ORO x12 ILC2510-081A","categoria":"Carnaval Carioca","subcategoria":"Vinchas/Capas","precio":18895.68,"destacado":false,"descripcion":"","imagen":"assets/products/CA-695925100811.webp","tags":["set","vincha","anteojo","feliz","cumpleaños","oro","x12","ilc2510","081a"]},{"id":"CA-695925100812","nombre":"SET VINCHA ANTEOJO FELIZ CUMPLEAÑOS PLATA  x12 ILC2510-081B","categoria":"Carnaval Carioca","subcategoria":"Vinchas/Capas","precio":18895.68,"destacado":false,"descripcion":"","imagen":"assets/products/CA-695925100812.webp","tags":["set","vincha","anteojo","feliz","cumpleaños","plata","x12","ilc2510","081b"]},{"id":"CA-690816890116","nombre":"SET VINCHA FLECOS Y ANTEOJO FELIZ CUMPLE x1 YJ0747","categoria":"Carnaval Carioca","subcategoria":"Vinchas/Capas","precio":1404.0,"destacado":false,"descripcion":"","imagen":"assets/products/CA-690816890116.webp","tags":["set","vincha","flecos","anteojo","feliz","cumple","yj0747"]},{"id":"CA-692054010160","nombre":"SET VINCHA Y BANDA FELIZ CUMPLEAÑOS x1 GY-160","categoria":"Carnaval Carioca","subcategoria":"Vinchas/Capas","precio":2021.31,"destacado":false,"descripcion":"","imagen":"assets/products/CA-692054010160.webp","tags":["set","vincha","banda","feliz","cumpleaños","160"]},{"id":"CA-541497890479","nombre":"SET VINCHA Y BANDA FELIZ CUMPLEÑOS DORADA/PLATA x1 PA0479","categoria":"Carnaval Carioca","subcategoria":"Vinchas/Capas","precio":3344.82,"destacado":false,"descripcion":"","imagen":"assets/products/CA-541497890479.webp","tags":["set","vincha","banda","feliz","cumpleños","dorada","plata","pa0479"]},{"id":"CA-541497891288","nombre":"SET VINCHA Y PINCHE FELIZ CUMPLEÑOS DORADO x12 PA0288-1","categoria":"Carnaval Carioca","subcategoria":"Vinchas/Capas","precio":20521.54,"destacado":false,"descripcion":"","imagen":"assets/products/CA-541497891288.webp","tags":["set","vincha","pinche","feliz","cumpleños","dorado","x12","pa0288"]},{"id":"CA-541497892288","nombre":"SET VINCHA Y PINCHE FELIZ CUMPLEÑOS PLATA x12 PA0288-2","categoria":"Carnaval Carioca","subcategoria":"Vinchas/Capas","precio":20521.54,"destacado":false,"descripcion":"","imagen":"assets/products/CA-541497892288.webp","tags":["set","vincha","pinche","feliz","cumpleños","plata","x12","pa0288"]},{"id":"CA-000000047167","nombre":"VINCHA  CHOPP DE CERVEZA  x1 LM ART.50","categoria":"Carnaval Carioca","subcategoria":"Vinchas/Capas","precio":1120.0,"destacado":false,"descripcion":"","imagen":"assets/products/CA-000000047167.webp","tags":["vincha","chopp","cerveza","art"]},{"id":"CA-000000053380","nombre":"VINCHA 3 FLORES CON BRILLO x1","categoria":"Carnaval Carioca","subcategoria":"Vinchas/Capas","precio":1995.84,"destacado":false,"descripcion":"","imagen":"assets/products/CA-000000053380.webp","tags":["vincha","flores","con","brillo"]},{"id":"CA-000000055887","nombre":"VINCHA 3 FLORES ROSA CON STRASS x1","categoria":"Carnaval Carioca","subcategoria":"Vinchas/Capas","precio":4158.0,"destacado":false,"descripcion":"","imagen":"assets/products/CA-000000055887.webp","tags":["vincha","flores","rosa","con","strass"]},{"id":"CA-000000054804","nombre":"VINCHA 4 FLORES PASTEL CON PLUMA Y CINTAS x1","categoria":"Carnaval Carioca","subcategoria":"Vinchas/Capas","precio":3825.36,"destacado":false,"descripcion":"","imagen":"assets/products/CA-000000054804.webp","tags":["vincha","flores","pastel","con","pluma","cintas"]},{"id":"CA-000000055552","nombre":"VINCHA 5 PUNTAS  x1 VARIOS COLORES","categoria":"Carnaval Carioca","subcategoria":"Vinchas/Capas","precio":1000.0,"destacado":false,"descripcion":"","imagen":"assets/products/CA-000000055552.webp","tags":["vincha","puntas","varios","colores"]},{"id":"CA-000000056975","nombre":"VINCHA ABEJITA CON FLORES x1u LM","categoria":"Carnaval Carioca","subcategoria":"Vinchas/Capas","precio":2079.0,"destacado":false,"descripcion":"","imagen":"assets/products/CA-000000056975.webp","tags":["vincha","abejita","con","flores","x1u"]},{"id":"CA-202560000787","nombre":"VINCHA ANTENITA ABEJITA X6 FP0787-01","categoria":"Carnaval Carioca","subcategoria":"Vinchas/Capas","precio":7858.62,"destacado":false,"descripcion":"","imagen":"assets/products/CA-202560000787.webp","tags":["vincha","antenita","abejita","fp0787"]},{"id":"CA-202562000787","nombre":"VINCHA ANTENITA VAQUITA SAN ANTONIO X6 FP0787-02","categoria":"Carnaval Carioca","subcategoria":"Vinchas/Capas","precio":7858.62,"destacado":false,"descripcion":"","imagen":"assets/products/CA-202562000787.webp","tags":["vincha","antenita","vaquita","san","antonio","fp0787"]},{"id":"CA-000000051294","nombre":"VINCHA ARCO DE ESTRELLAS DORADA/PLATEADA x1","categoria":"Carnaval Carioca","subcategoria":"Vinchas/Capas","precio":2090.29,"destacado":false,"descripcion":"","imagen":"assets/products/CA-000000051294.webp","tags":["vincha","arco","estrellas","dorada","plateada"]},{"id":"CA-000000051470","nombre":"VINCHA ARCO DE ESTRELLAS ESCUDO RIVER x1","categoria":"Carnaval Carioca","subcategoria":"Vinchas/Capas","precio":2138.4,"destacado":false,"descripcion":"","imagen":"assets/products/CA-000000051470.webp","tags":["vincha","arco","estrellas","escudo","river"]},{"id":"CA-202560000226","nombre":"VINCHA BOLA BOLICHE GIGANTE DORADA x6 FP0226-01","categoria":"Carnaval Carioca","subcategoria":"Vinchas/Capas","precio":7646.94,"destacado":false,"descripcion":"","imagen":"assets/products/CA-202560000226.webp","tags":["vincha","bola","boliche","gigante","dorada","fp0226"]},{"id":"CA-202562000226","nombre":"VINCHA BOLA BOLICHE GIGANTE PLATA x6 FP0226-02","categoria":"Carnaval Carioca","subcategoria":"Vinchas/Capas","precio":7646.94,"destacado":false,"descripcion":"","imagen":"assets/products/CA-202562000226.webp","tags":["vincha","bola","boliche","gigante","plata","fp0226"]},{"id":"CA-000000057430","nombre":"VINCHA CAPIBARA CON FLORES x1u LM (v.colores)","categoria":"Carnaval Carioca","subcategoria":"Vinchas/Capas","precio":2079.0,"destacado":false,"descripcion":"","imagen":"assets/products/CA-000000057430.webp","tags":["vincha","capibara","con","flores","x1u","colores"]},{"id":"CA-000000057193","nombre":"VINCHA CARIOCA BRIANNA CON PLUMAS x1 ART.22","categoria":"Carnaval Carioca","subcategoria":"Vinchas/Capas","precio":8370.0,"destacado":false,"descripcion":"* (11/12/2025)","imagen":"assets/products/CA-000000057193.webp","tags":["vincha","carioca","brianna","con","plumas","art"]},{"id":"CA-000000051513","nombre":"VINCHA CARIOCA CON PLUMAS x1 ART.12","categoria":"Carnaval Carioca","subcategoria":"Vinchas/Capas","precio":4455.0,"destacado":false,"descripcion":"* (11/12/2025)","imagen":"assets/products/CA-000000051513.webp","tags":["vincha","carioca","con","plumas","art"]},{"id":"CA-000000047965","nombre":"VINCHA CARIOCA CON PLUMAS x1 ART.5","categoria":"Carnaval Carioca","subcategoria":"Vinchas/Capas","precio":6760.0,"destacado":false,"descripcion":"* (11/12/2025)","imagen":"assets/products/CA-000000047965.webp","tags":["vincha","carioca","con","plumas","art"]},{"id":"CA-000000047194","nombre":"VINCHA CARIOCA ESPADITAS CON PLUMAS x1 ART.2","categoria":"Carnaval Carioca","subcategoria":"Vinchas/Capas","precio":6760.0,"destacado":false,"descripcion":"* (11/12/2025)","imagen":"assets/products/CA-000000047194.webp","tags":["vincha","carioca","espaditas","con","plumas","art"]},{"id":"CA-000000052022","nombre":"VINCHA CARIOCA FLOR/ESTRELLA CON PLUMAS x1 ART.17/18","categoria":"Carnaval Carioca","subcategoria":"Vinchas/Capas","precio":4290.0,"destacado":false,"descripcion":"* (11/12/2025)","imagen":"assets/products/CA-000000052022.webp","tags":["vincha","carioca","flor","estrella","con","plumas","art"]},{"id":"CA-000000042851","nombre":"VINCHA CARIOCA REINA CON PLUMAS ECONOMICA x1 ART.1","categoria":"Carnaval Carioca","subcategoria":"Vinchas/Capas","precio":4050.0,"destacado":false,"descripcion":"* (11/12/2025)","imagen":"assets/products/CA-000000042851.webp","tags":["vincha","carioca","reina","con","plumas","economica","art"]},{"id":"CA-830341070005","nombre":"VINCHA COLITA VARIOS COLORES  x12 YJ0038","categoria":"Carnaval Carioca","subcategoria":"Vinchas/Capas","precio":4374.0,"destacado":false,"descripcion":"","imagen":"assets/products/CA-830341070005.webp","tags":["vincha","colita","varios","colores","x12","yj0038"]},{"id":"CA-000000056548","nombre":"VINCHA CON ESTRELLA Y TIRA DE STRASS DORADO/PLATEADO x1 Art23","categoria":"Carnaval Carioca","subcategoria":"Vinchas/Capas","precio":2268.0,"destacado":false,"descripcion":"","imagen":"assets/products/CA-000000056548.webp","tags":["vincha","con","estrella","tira","strass","dorado","plateado","art23"]},{"id":"CA-000000056549","nombre":"VINCHA CON GEMA Y LENTEJUELA DORADO/PLATEADO x1 Art3","categoria":"Carnaval Carioca","subcategoria":"Vinchas/Capas","precio":1890.0,"destacado":false,"descripcion":"","imagen":"assets/products/CA-000000056549.webp","tags":["vincha","con","gema","lentejuela","dorado","plateado","art3"]},{"id":"CA-237187605045","nombre":"VINCHA CON OREJA BURRO x6 5045","categoria":"Carnaval Carioca","subcategoria":"Vinchas/Capas","precio":3033.61,"destacado":false,"descripcion":"","imagen":"assets/products/CA-237187605045.webp","tags":["vincha","con","oreja","burro","5045"]},{"id":"CA-237184605010","nombre":"VINCHA CON OREJA CONEJA ROSA  x6 5010 R","categoria":"Carnaval Carioca","subcategoria":"Vinchas/Capas","precio":2681.1,"destacado":false,"descripcion":"","imagen":"assets/products/CA-237184605010.webp","tags":["vincha","con","oreja","coneja","rosa","5010"]},{"id":"CA-237183605010","nombre":"VINCHA CON OREJA CONEJO CELESTE  x6 5010 C","categoria":"Carnaval Carioca","subcategoria":"Vinchas/Capas","precio":2681.1,"destacado":false,"descripcion":"","imagen":"assets/products/CA-237183605010.webp","tags":["vincha","con","oreja","conejo","celeste","5010"]},{"id":"CA-237187605012","nombre":"VINCHA CON OREJA GATO x6 5012","categoria":"Carnaval Carioca","subcategoria":"Vinchas/Capas","precio":2602.53,"destacado":false,"descripcion":"","imagen":"assets/products/CA-237187605012.webp","tags":["vincha","con","oreja","gato","5012"]},{"id":"CA-237187605019","nombre":"VINCHA CON OREJA JIRAFA x6 5019","categoria":"Carnaval Carioca","subcategoria":"Vinchas/Capas","precio":3466.8,"destacado":false,"descripcion":"","imagen":"assets/products/CA-237187605019.webp","tags":["vincha","con","oreja","jirafa","5019"]},{"id":"CA-237187605011","nombre":"VINCHA CON OREJA TIGRE x6 5011","categoria":"Carnaval Carioca","subcategoria":"Vinchas/Capas","precio":2602.53,"destacado":false,"descripcion":"","imagen":"assets/products/CA-237187605011.webp","tags":["vincha","con","oreja","tigre","5011"]},{"id":"CA-237187605017","nombre":"VINCHA CON OREJA VACA x6 5017","categoria":"Carnaval Carioca","subcategoria":"Vinchas/Capas","precio":3466.8,"destacado":false,"descripcion":"","imagen":"assets/products/CA-237187605017.webp","tags":["vincha","con","oreja","vaca","5017"]},{"id":"CA-000000054978","nombre":"VINCHA CON PLUMAS BOCA ECONOMICA x1 Art 228","categoria":"Carnaval Carioca","subcategoria":"Vinchas/Capas","precio":4158.0,"destacado":false,"descripcion":"","imagen":"assets/products/CA-000000054978.webp","tags":["vincha","con","plumas","boca","economica","art","228"]},{"id":"CA-000000054979","nombre":"VINCHA CON PLUMAS RACING ECONOMICA x1 Art 228","categoria":"Carnaval Carioca","subcategoria":"Vinchas/Capas","precio":4158.0,"destacado":false,"descripcion":"","imagen":"assets/products/CA-000000054979.webp","tags":["vincha","con","plumas","racing","economica","art","228"]},{"id":"CA-000000054696","nombre":"VINCHA CON PLUMAS RIVER ECONOMICA x1 Art 228","categoria":"Carnaval Carioca","subcategoria":"Vinchas/Capas","precio":4158.0,"destacado":false,"descripcion":"","imagen":"assets/products/CA-000000054696.webp","tags":["vincha","con","plumas","river","economica","art","228"]},{"id":"CA-000000054980","nombre":"VINCHA CON PLUMAS SAN LORENZO ECONOMICA x1 Art 228","categoria":"Carnaval Carioca","subcategoria":"Vinchas/Capas","precio":4158.0,"destacado":false,"descripcion":"","imagen":"assets/products/CA-000000054980.webp","tags":["vincha","con","plumas","san","lorenzo","economica","art","228"]},{"id":"CA-562320125011","nombre":"VINCHA CON PLUMAS VARIOS COLORES x1 DA4010A","categoria":"Carnaval Carioca","subcategoria":"Vinchas/Capas","precio":1064.78,"destacado":false,"descripcion":"","imagen":"assets/products/CA-562320125011.webp","tags":["vincha","con","plumas","varios","colores","da4010a"]},{"id":"CA-000000054694","nombre":"VINCHA CON PLUMAS Y BOLA DISCO x1 Art 213","categoria":"Carnaval Carioca","subcategoria":"Vinchas/Capas","precio":6480.0,"destacado":false,"descripcion":"","imagen":"assets/products/CA-000000054694.webp","tags":["vincha","con","plumas","bola","disco","art","213"]},{"id":"CA-692145118949","nombre":"VINCHA CONEJA BOUCLE  x1 DA6989","categoria":"Carnaval Carioca","subcategoria":"Vinchas/Capas","precio":287.0,"destacado":false,"descripcion":"","imagen":"assets/products/CA-692145118949.webp","tags":["vincha","coneja","boucle","da6989"]}]}