{"category_slug":"cotillon","subcategory_slug":"globos_kits","page":2,"page_size":48,"total":193,"items":[{"id":"CA-000000058258","nombre":"KIT GLOBOS DECO ARCO IRIS/NUBE/ESTRELLA/FELIZ CUMPLEAÑOS 5 PIEZAS x1 0478-3","categoria":"Cotillon","subcategoria":"Globos Kits","precio":2330.16,"destacado":false,"descripcion":"","imagen":"assets/products/CA-000000058258.webp","tags":["kit","globos","deco","arco","iris","nube","estrella","feliz","cumpleaños","piezas","0478"]},{"id":"CA-000000057635","nombre":"KIT GLOBOS DECO ARCO IRIS/NUBE/ESTRELLA/SOL/FLOR 10 PIEZAS x1 0156-5","categoria":"Cotillon","subcategoria":"Globos Kits","precio":6064.8,"destacado":false,"descripcion":"","imagen":"assets/products/CA-000000057635.webp","tags":["kit","globos","deco","arco","iris","nube","estrella","sol","flor","piezas","0156"]},{"id":"CA-691234589894","nombre":"KIT GLOBOS DECO AUTO FORMULA 1 5 PIEZAS x1","categoria":"Cotillon","subcategoria":"Globos Kits","precio":2340.8,"destacado":false,"descripcion":"","imagen":"assets/products/CA-691234589894.webp","tags":["kit","globos","deco","auto","formula","piezas"]},{"id":"CA-886787085003","nombre":"KIT GLOBOS DECO BOTELLA CHAMPAGNE HAPPY BIRTHDAY 5 PIEZAS x1","categoria":"Cotillon","subcategoria":"Globos Kits","precio":2394.0,"destacado":false,"descripcion":"","imagen":"assets/products/CA-886787085003.webp","tags":["kit","globos","deco","botella","champagne","happy","birthday","piezas"]},{"id":"CA-000000058474","nombre":"KIT GLOBOS DECO BOTELLA DE CERVEZA CORONA 5 PIEZAS x1","categoria":"Cotillon","subcategoria":"Globos Kits","precio":2524.34,"destacado":false,"descripcion":"","imagen":"assets/products/CA-000000058474.webp","tags":["kit","globos","deco","botella","cerveza","corona","piezas"]},{"id":"CA-692503311285","nombre":"KIT GLOBOS DECO BOTELLA DE CERVEZA CORONA/ESTRELLA/PELOTAS 6 PIEZAS x1 GY-1285","categoria":"Cotillon","subcategoria":"Globos Kits","precio":2274.74,"destacado":false,"descripcion":"","imagen":"assets/products/CA-692503311285.webp","tags":["kit","globos","deco","botella","cerveza","corona","estrella","pelotas","piezas","1285"]},{"id":"CA-692504090215","nombre":"KIT GLOBOS DECO BOTELLA DE CERVEZA PELOTA/CORONA/ESTRELLA 6 PIEZAS x1 SU-215","categoria":"Cotillon","subcategoria":"Globos Kits","precio":2274.74,"destacado":false,"descripcion":"","imagen":"assets/products/CA-692504090215.webp","tags":["kit","globos","deco","botella","cerveza","pelota","corona","estrella","piezas","215"]},{"id":"CA-695151110945","nombre":"KIT GLOBOS DECO CON CONFETTI VARIOS COLORES10 PIEZAS x1 GY-945","categoria":"Cotillon","subcategoria":"Globos Kits","precio":1344.16,"destacado":false,"descripcion":"","imagen":"assets/products/CA-695151110945.webp","tags":["kit","globos","deco","con","confetti","varios","colores10","piezas","945"]},{"id":"CA-687368583049","nombre":"KIT GLOBOS DECO CON ESTRELLA/CORAZON AZUL14 PIEZAS x1","categoria":"Cotillon","subcategoria":"Globos Kits","precio":2718.52,"destacado":false,"descripcion":"","imagen":"assets/products/CA-687368583049.webp","tags":["kit","globos","deco","con","estrella","corazon","azul14","piezas"]},{"id":"CA-687368583050","nombre":"KIT GLOBOS DECO CON ESTRELLA/CORAZON DORADO14 PIEZAS x1","categoria":"Cotillon","subcategoria":"Globos Kits","precio":2718.52,"destacado":false,"descripcion":"","imagen":"assets/products/CA-687368583050.webp","tags":["kit","globos","deco","con","estrella","corazon","dorado14","piezas"]},{"id":"CA-687368583054","nombre":"KIT GLOBOS DECO CON ESTRELLA/CORAZON PLATEADO14 PIEZAS x1","categoria":"Cotillon","subcategoria":"Globos Kits","precio":2718.52,"destacado":false,"descripcion":"","imagen":"assets/products/CA-687368583054.webp","tags":["kit","globos","deco","con","estrella","corazon","plateado14","piezas"]},{"id":"CA-687368583055","nombre":"KIT GLOBOS DECO CON ESTRELLA/CORAZON ROSA GOLD 14 PIEZAS x1","categoria":"Cotillon","subcategoria":"Globos Kits","precio":2718.52,"destacado":false,"descripcion":"","imagen":"assets/products/CA-687368583055.webp","tags":["kit","globos","deco","con","estrella","corazon","rosa","gold","piezas"]},{"id":"CA-687368583052","nombre":"KIT GLOBOS DECO CON ESTRELLA/CORAZON ROSA14 PIEZAS x1","categoria":"Cotillon","subcategoria":"Globos Kits","precio":2718.52,"destacado":false,"descripcion":"","imagen":"assets/products/CA-687368583052.webp","tags":["kit","globos","deco","con","estrella","corazon","rosa14","piezas"]},{"id":"CA-687368583048","nombre":"KIT GLOBOS DECO CON ESTRELLA/CORAZON VERDE14 PIEZAS x1","categoria":"Cotillon","subcategoria":"Globos Kits","precio":2408.06,"destacado":false,"descripcion":"","imagen":"assets/products/CA-687368583048.webp","tags":["kit","globos","deco","con","estrella","corazon","verde14","piezas"]},{"id":"CA-000000057606","nombre":"KIT GLOBOS DECO CORAZON METALIZADO AZUL CONFETTIS 9 PIEZAS x1 1288-10","categoria":"Cotillon","subcategoria":"Globos Kits","precio":1396.5,"destacado":false,"descripcion":"","imagen":"assets/products/CA-000000057606.webp","tags":["kit","globos","deco","corazon","metalizado","azul","confettis","piezas","1288"]},{"id":"CA-000000057609","nombre":"KIT GLOBOS DECO CORAZON METALIZADO ROSA GOLD CONFETTIS 9 PIEZAS x1 1288-10","categoria":"Cotillon","subcategoria":"Globos Kits","precio":1396.5,"destacado":false,"descripcion":"","imagen":"assets/products/CA-000000057609.webp","tags":["kit","globos","deco","corazon","metalizado","rosa","gold","confettis","piezas","1288"]},{"id":"CA-202504191448","nombre":"KIT GLOBOS DECO ESTRELLA/CORAZON/CONFET PLATEADO 8 PIEZAS x1","categoria":"Cotillon","subcategoria":"Globos Kits","precio":2233.07,"destacado":false,"descripcion":"","imagen":"assets/products/CA-202504191448.webp","tags":["kit","globos","deco","estrella","corazon","confet","plateado","piezas"]},{"id":"CA-202504191450","nombre":"KIT GLOBOS DECO ESTRELLA/CORAZON/CONFETTI AZUL 8 PIEZAS x1","categoria":"Cotillon","subcategoria":"Globos Kits","precio":2233.07,"destacado":false,"descripcion":"","imagen":"assets/products/CA-202504191450.webp","tags":["kit","globos","deco","estrella","corazon","confetti","azul","piezas"]},{"id":"CA-202504191451","nombre":"KIT GLOBOS DECO ESTRELLA/CORAZON/CONFETTI DORADO 8 PIEZAS x1","categoria":"Cotillon","subcategoria":"Globos Kits","precio":2233.07,"destacado":false,"descripcion":"","imagen":"assets/products/CA-202504191451.webp","tags":["kit","globos","deco","estrella","corazon","confetti","dorado","piezas"]},{"id":"CA-202504191452","nombre":"KIT GLOBOS DECO ESTRELLA/CORAZON/CONFETTI ROSA 8 PIEZAS x1","categoria":"Cotillon","subcategoria":"Globos Kits","precio":2233.07,"destacado":false,"descripcion":"","imagen":"assets/products/CA-202504191452.webp","tags":["kit","globos","deco","estrella","corazon","confetti","rosa","piezas"]},{"id":"CA-202412190001","nombre":"KIT GLOBOS DECO FELIZ CUMPLEAÑOS CON MOÑOS x1 VARIOS MODELOS","categoria":"Cotillon","subcategoria":"Globos Kits","precio":2941.9,"destacado":false,"descripcion":"","imagen":"assets/products/CA-202412190001.webp","tags":["kit","globos","deco","feliz","cumpleaños","con","moños","varios","modelos"]},{"id":"CA-000000058473","nombre":"KIT GLOBOS DECO FELIZ CUMPLEAÑOS CORONA DORADA 7 PIEZAS x1","categoria":"Cotillon","subcategoria":"Globos Kits","precio":2330.16,"destacado":false,"descripcion":"","imagen":"assets/products/CA-000000058473.webp","tags":["kit","globos","deco","feliz","cumpleaños","corona","dorada","piezas"]},{"id":"CA-000000058255","nombre":"KIT GLOBOS DECO FELIZ CUMPLEAÑOS CORONA NEGRA 7 PIEZAS x1","categoria":"Cotillon","subcategoria":"Globos Kits","precio":2330.16,"destacado":false,"descripcion":"","imagen":"assets/products/CA-000000058255.webp","tags":["kit","globos","deco","feliz","cumpleaños","corona","negra","piezas"]},{"id":"CA-000000058256","nombre":"KIT GLOBOS DECO FELIZ CUMPLEAÑOS CORONA PLATEADA 7 PIEZAS x1","categoria":"Cotillon","subcategoria":"Globos Kits","precio":2330.16,"destacado":false,"descripcion":"","imagen":"assets/products/CA-000000058256.webp","tags":["kit","globos","deco","feliz","cumpleaños","corona","plateada","piezas"]},{"id":"CA-692505190245","nombre":"KIT GLOBOS DECO FLORES/CORAZON TE AMO 5 PIEZAS x1 SU-245","categoria":"Cotillon","subcategoria":"Globos Kits","precio":2274.74,"destacado":false,"descripcion":"","imagen":"assets/products/CA-692505190245.webp","tags":["kit","globos","deco","flores","corazon","amo","piezas","245"]},{"id":"CA-609819417272","nombre":"KIT GLOBOS DECO GLOBOX CHROME PLATEADO/BLANCO x12 (APTO HELIO) 72720","categoria":"Cotillon","subcategoria":"Globos Kits","precio":4762.85,"destacado":false,"descripcion":"","imagen":"assets/products/CA-609819417272.webp","tags":["kit","globos","deco","globox","chrome","plateado","blanco","x12","apto","helio","72720"]},{"id":"CA-609819417273","nombre":"KIT GLOBOS DECO GLOBOX CHROME PLATEADO/NEGRO x12 (APTO HELIO) 72737","categoria":"Cotillon","subcategoria":"Globos Kits","precio":4762.85,"destacado":false,"descripcion":"","imagen":"assets/products/CA-609819417273.webp","tags":["kit","globos","deco","globox","chrome","plateado","negro","x12","apto","helio","72737"]},{"id":"CA-687368583074","nombre":"KIT GLOBOS DECO MOTO AZUL 5 PIEZAS x1","categoria":"Cotillon","subcategoria":"Globos Kits","precio":2492.34,"destacado":false,"descripcion":"","imagen":"assets/products/CA-687368583074.webp","tags":["kit","globos","deco","moto","azul","piezas"]},{"id":"CA-692635172015","nombre":"KIT GLOBOS DECO MOTO AZUL/ROJA 5 PIEZAS x1","categoria":"Cotillon","subcategoria":"Globos Kits","precio":2194.5,"destacado":false,"descripcion":"","imagen":"assets/products/CA-692635172015.webp","tags":["kit","globos","deco","moto","azul","roja","piezas"]},{"id":"CA-692025062637","nombre":"KIT GLOBOS DECO MOTO ROJA 5 PIEZAS x1 GY-S5-37","categoria":"Cotillon","subcategoria":"Globos Kits","precio":2164.58,"destacado":false,"descripcion":"","imagen":"assets/products/CA-692025062637.webp","tags":["kit","globos","deco","moto","roja","piezas"]},{"id":"CA-609819417220","nombre":"KIT GLOBOS DECO OVNI  CORAZON HOLOGRAFICO ROSA x9 (APTO HELIO) 72201","categoria":"Cotillon","subcategoria":"Globos Kits","precio":3473.51,"destacado":false,"descripcion":"","imagen":"assets/products/CA-609819417220.webp","tags":["kit","globos","deco","ovni","corazon","holografico","rosa","apto","helio","72201"]},{"id":"CA-779819415887","nombre":"KIT GLOBOS DECO OVNI  CORAZON MULTICOLOR PASTEL x9 (APTO HELIO) 58876","categoria":"Cotillon","subcategoria":"Globos Kits","precio":3157.35,"destacado":false,"descripcion":"","imagen":"assets/products/CA-779819415887.webp","tags":["kit","globos","deco","ovni","corazon","multicolor","pastel","apto","helio","58876"]},{"id":"CA-779819415605","nombre":"KIT GLOBOS DECO OVNI CORAZON ROJO x9 (APTO HELIO) 56056","categoria":"Cotillon","subcategoria":"Globos Kits","precio":3157.35,"destacado":false,"descripcion":"","imagen":"assets/products/CA-779819415605.webp","tags":["kit","globos","deco","ovni","corazon","rojo","apto","helio","56056"]},{"id":"CA-779819415606","nombre":"KIT GLOBOS DECO OVNI CORAZON ROSA GOLD x9 (APTO HELIO) 56063","categoria":"Cotillon","subcategoria":"Globos Kits","precio":3157.35,"destacado":false,"descripcion":"","imagen":"assets/products/CA-779819415606.webp","tags":["kit","globos","deco","ovni","corazon","rosa","gold","apto","helio","56063"]},{"id":"CA-779819415603","nombre":"KIT GLOBOS DECO OVNI ESTRELLA DORADO x9 (APTO HELIO) 56032","categoria":"Cotillon","subcategoria":"Globos Kits","precio":3157.35,"destacado":false,"descripcion":"","imagen":"assets/products/CA-779819415603.webp","tags":["kit","globos","deco","ovni","estrella","dorado","apto","helio","56032"]},{"id":"CA-609819417219","nombre":"KIT GLOBOS DECO OVNI ESTRELLA HOLOGRAFICA PLATA/AZUL x9 (APTO HELIO) 72195","categoria":"Cotillon","subcategoria":"Globos Kits","precio":3473.51,"destacado":false,"descripcion":"","imagen":"assets/products/CA-609819417219.webp","tags":["kit","globos","deco","ovni","estrella","holografica","plata","azul","apto","helio","72195"]},{"id":"CA-779819415604","nombre":"KIT GLOBOS DECO OVNI ESTRELLA PLATA x9 (APTO HELIO) 56049","categoria":"Cotillon","subcategoria":"Globos Kits","precio":3157.35,"destacado":false,"descripcion":"","imagen":"assets/products/CA-779819415604.webp","tags":["kit","globos","deco","ovni","estrella","plata","apto","helio","56049"]},{"id":"CA-609819417222","nombre":"KIT GLOBOS DECO OVNI ESTRELLA/CORAZON CELESTE/BLANCO x9 (APTO HELIO) 72225","categoria":"Cotillon","subcategoria":"Globos Kits","precio":3481.42,"destacado":false,"descripcion":"","imagen":"assets/products/CA-609819417222.webp","tags":["kit","globos","deco","ovni","estrella","corazon","celeste","blanco","apto","helio","72225"]},{"id":"CA-609819417221","nombre":"KIT GLOBOS DECO OVNI ESTRELLA/CORAZON ROSA x9 (APTO HELIO) 72218","categoria":"Cotillon","subcategoria":"Globos Kits","precio":3481.42,"destacado":false,"descripcion":"","imagen":"assets/products/CA-609819417221.webp","tags":["kit","globos","deco","ovni","estrella","corazon","rosa","apto","helio","72218"]},{"id":"CA-779819415907","nombre":"KIT GLOBOS DECO OVNI FLUO ESTRELLA NEGRA x9 (APTO HELIO) 59071","categoria":"Cotillon","subcategoria":"Globos Kits","precio":3156.42,"destacado":false,"descripcion":"","imagen":"assets/products/CA-779819415907.webp","tags":["kit","globos","deco","ovni","fluo","estrella","negra","apto","helio","59071"]},{"id":"CA-609819417309","nombre":"KIT GLOBOS EGRESADO OVNI PREMIUM ME RECIBI x10 (APTO HELIO) 73093","categoria":"Cotillon","subcategoria":"Globos Kits","precio":3481.42,"destacado":false,"descripcion":"","imagen":"assets/products/CA-609819417309.webp","tags":["kit","globos","egresado","ovni","premium","recibi","x10","apto","helio","73093"]},{"id":"CA-690138510386","nombre":"KIT GLOBOS EGRESADO SMILE 5 PIEZAS x1 XY-386","categoria":"Cotillon","subcategoria":"Globos Kits","precio":2569.27,"destacado":false,"descripcion":"","imagen":"assets/products/CA-690138510386.webp","tags":["kit","globos","egresado","smile","piezas","386"]},{"id":"CA-695025865685","nombre":"KIT GLOBOS ESTRELLA KUROMI 5PCS x1  AF15886","categoria":"Cotillon","subcategoria":"Globos Kits","precio":1934.35,"destacado":false,"descripcion":"","imagen":"assets/products/CA-695025865685.webp","tags":["kit","globos","estrella","kuromi","5pcs","af15886"]},{"id":"CA-692635172016","nombre":"KIT GLOBOS ESTRELLA KUROMI 5PCS x1 AF15886","categoria":"Cotillon","subcategoria":"Globos Kits","precio":1934.35,"destacado":false,"descripcion":"","imagen":"assets/products/CA-692635172016.webp","tags":["kit","globos","estrella","kuromi","5pcs","af15886"]},{"id":"CA-202569900437","nombre":"KIT GLOBOS FELICIDADES GRADUADO 5 PIEZAS x1 DC437","categoria":"Cotillon","subcategoria":"Globos Kits","precio":1944.81,"destacado":false,"descripcion":"","imagen":"assets/products/CA-202569900437.webp","tags":["kit","globos","felicidades","graduado","piezas","dc437"]},{"id":"CA-202569900438","nombre":"KIT GLOBOS FELICIDADES GRADUADO 5 PIEZAS x1 DC438","categoria":"Cotillon","subcategoria":"Globos Kits","precio":1944.81,"destacado":false,"descripcion":"","imagen":"assets/products/CA-202569900438.webp","tags":["kit","globos","felicidades","graduado","piezas","dc438"]},{"id":"CA-202569900396","nombre":"KIT GLOBOS FELICIDADES GRADUADO 8 PIEZAS x1 DC396","categoria":"Cotillon","subcategoria":"Globos Kits","precio":1984.5,"destacado":false,"descripcion":"","imagen":"assets/products/CA-202569900396.webp","tags":["kit","globos","felicidades","graduado","piezas","dc396"]},{"id":"CA-202569900397","nombre":"KIT GLOBOS FELICIDADES GRADUADO 8 PIEZAS x1 DC397","categoria":"Cotillon","subcategoria":"Globos Kits","precio":1984.5,"destacado":false,"descripcion":"","imagen":"assets/products/CA-202569900397.webp","tags":["kit","globos","felicidades","graduado","piezas","dc397"]}]}