{"category_slug":"cotillon","subcategory_slug":"globos_kits","page":3,"page_size":48,"total":193,"items":[{"id":"CA-000000055217","nombre":"KIT GLOBOS FELIZ CUMPLE CARAMELO Y ESTRELLA  5 PIEZAS x1","categoria":"Cotillon","subcategoria":"Globos Kits","precio":2492.34,"destacado":false,"descripcion":"","imagen":"assets/products/CA-000000055217.webp","tags":["kit","globos","feliz","cumple","caramelo","estrella","piezas"]},{"id":"CA-000000055757","nombre":"KIT GLOBOS FELIZ CUMPLE DONA Y ESTRELLA  5 PIEZAS  x1","categoria":"Cotillon","subcategoria":"Globos Kits","precio":2492.34,"destacado":false,"descripcion":"","imagen":"assets/products/CA-000000055757.webp","tags":["kit","globos","feliz","cumple","dona","estrella","piezas"]},{"id":"CA-687368583086","nombre":"KIT GLOBOS FELIZ CUMPLE DONA Y ESTRELLA  5 PIEZAS x1","categoria":"Cotillon","subcategoria":"Globos Kits","precio":2492.34,"destacado":false,"descripcion":"","imagen":"assets/products/CA-687368583086.webp","tags":["kit","globos","feliz","cumple","dona","estrella","piezas"]},{"id":"CA-779813200883","nombre":"KIT GLOBOS FELIZ CUMPLE HAPPY BIRTHDAY CORONA (7 piezas) 200883","categoria":"Cotillon","subcategoria":"Globos Kits","precio":2194.5,"destacado":false,"descripcion":"","imagen":"assets/products/CA-779813200883.webp","tags":["kit","globos","feliz","cumple","happy","birthday","corona","piezas","200883"]},{"id":"CA-886787710380","nombre":"KIT GLOBOS FELIZ CUMPLE HAPPY BIRTHDAY CORONA NEGRA 7 PIEZAS x1","categoria":"Cotillon","subcategoria":"Globos Kits","precio":2194.5,"destacado":false,"descripcion":"","imagen":"assets/products/CA-886787710380.webp","tags":["kit","globos","feliz","cumple","happy","birthday","corona","negra","piezas"]},{"id":"CA-202502251020","nombre":"KIT GLOBOS FELIZ CUMPLEAÑOS CON CORONA DORADO 19 PIEZAS x1","categoria":"Cotillon","subcategoria":"Globos Kits","precio":4271.96,"destacado":false,"descripcion":"","imagen":"assets/products/CA-202502251020.webp","tags":["kit","globos","feliz","cumpleaños","con","corona","dorado","piezas"]},{"id":"CA-202502251021","nombre":"KIT GLOBOS FELIZ CUMPLEAÑOS CON CORONA PLATEADO 19 PIEZAS x1","categoria":"Cotillon","subcategoria":"Globos Kits","precio":4271.96,"destacado":false,"descripcion":"","imagen":"assets/products/CA-202502251021.webp","tags":["kit","globos","feliz","cumpleaños","con","corona","plateado","piezas"]},{"id":"CA-202502251019","nombre":"KIT GLOBOS FELIZ CUMPLEAÑOS CON CORONA ROSA GOLD 19 PIEZAS x1","categoria":"Cotillon","subcategoria":"Globos Kits","precio":4271.96,"destacado":false,"descripcion":"","imagen":"assets/products/CA-202502251019.webp","tags":["kit","globos","feliz","cumpleaños","con","corona","rosa","gold","piezas"]},{"id":"CA-000000056347","nombre":"KIT GLOBOS FELIZ CUMPLEAÑOS CONFETTI 6 PIEZAS x YOMI","categoria":"Cotillon","subcategoria":"Globos Kits","precio":1296.75,"destacado":false,"descripcion":"","imagen":"assets/products/CA-000000056347.webp","tags":["kit","globos","feliz","cumpleaños","confetti","piezas","yomi"]},{"id":"CA-202502210954","nombre":"KIT GLOBOS FELIZ CUMPLEAÑOS CORONA DORADO 15 PIEZAS x1","categoria":"Cotillon","subcategoria":"Globos Kits","precio":2718.52,"destacado":false,"descripcion":"","imagen":"assets/products/CA-202502210954.webp","tags":["kit","globos","feliz","cumpleaños","corona","dorado","piezas"]},{"id":"CA-202502210956","nombre":"KIT GLOBOS FELIZ CUMPLEAÑOS CORONA PLATEADO15 PIEZAS x1","categoria":"Cotillon","subcategoria":"Globos Kits","precio":2718.52,"destacado":false,"descripcion":"","imagen":"assets/products/CA-202502210956.webp","tags":["kit","globos","feliz","cumpleaños","corona","plateado15","piezas"]},{"id":"CA-694561715863","nombre":"KIT GLOBOS FELIZ CUMPLEAÑOS MARIPOSA Y CORAZON 5PC x1 AF15863","categoria":"Cotillon","subcategoria":"Globos Kits","precio":1934.35,"destacado":false,"descripcion":"","imagen":"assets/products/CA-694561715863.webp","tags":["kit","globos","feliz","cumpleaños","mariposa","corazon","5pc","af15863"]},{"id":"CA-694561715862","nombre":"KIT GLOBOS FELIZ CUMPLEAÑOS MARIPOSA Y FLOR 5PC x1 AF15862","categoria":"Cotillon","subcategoria":"Globos Kits","precio":1934.35,"destacado":false,"descripcion":"","imagen":"assets/products/CA-694561715862.webp","tags":["kit","globos","feliz","cumpleaños","mariposa","flor","5pc","af15862"]},{"id":"CA-202565000937","nombre":"KIT GLOBOS FELIZ CUMPLEAÑOS MULTICOLOR 120 PIEZAS x1 FP0937-05","categoria":"Cotillon","subcategoria":"Globos Kits","precio":10619.28,"destacado":false,"descripcion":"","imagen":"assets/products/CA-202565000937.webp","tags":["kit","globos","feliz","cumpleaños","multicolor","120","piezas","fp0937"]},{"id":"CA-202560000590","nombre":"KIT GLOBOS FELIZ CUMPLEAÑOS MULTICOLOR PASTEL CORTINA ROSA 70 PIEZAS x1 FP0590","categoria":"Cotillon","subcategoria":"Globos Kits","precio":9556.47,"destacado":false,"descripcion":"","imagen":"assets/products/CA-202560000590.webp","tags":["kit","globos","feliz","cumpleaños","multicolor","pastel","cortina","rosa","piezas","fp0590"]},{"id":"CA-202566000937","nombre":"KIT GLOBOS FELIZ CUMPLEAÑOS ROSA / LILA 120 PIEZAS x1 FP0937-06","categoria":"Cotillon","subcategoria":"Globos Kits","precio":10619.28,"destacado":false,"descripcion":"","imagen":"assets/products/CA-202566000937.webp","tags":["kit","globos","feliz","cumpleaños","rosa","lila","120","piezas","fp0937"]},{"id":"CA-202564000937","nombre":"KIT GLOBOS FELIZ CUMPLEAÑOS ROSA/BLANCO/FUXIA 120 PIEZAS x1 FP0937-01","categoria":"Cotillon","subcategoria":"Globos Kits","precio":10619.28,"destacado":false,"descripcion":"","imagen":"assets/products/CA-202564000937.webp","tags":["kit","globos","feliz","cumpleaños","rosa","blanco","fuxia","120","piezas","fp0937"]},{"id":"CA-202560800937","nombre":"KIT GLOBOS FELIZ CUMPLEAÑOS ROSA/FUXIA/DORADO 120 PIEZAS x1 FP0937-08","categoria":"Cotillon","subcategoria":"Globos Kits","precio":10619.28,"destacado":false,"descripcion":"","imagen":"assets/products/CA-202560800937.webp","tags":["kit","globos","feliz","cumpleaños","rosa","fuxia","dorado","120","piezas","fp0937"]},{"id":"CA-202567000937","nombre":"KIT GLOBOS FELIZ CUMPLEAÑOS ROSA/OLIVA/DORADO 120 PIEZAS x1 FP0937-07","categoria":"Cotillon","subcategoria":"Globos Kits","precio":10619.28,"destacado":false,"descripcion":"","imagen":"assets/products/CA-202567000937.webp","tags":["kit","globos","feliz","cumpleaños","rosa","oliva","dorado","120","piezas","fp0937"]},{"id":"CA-202503010946","nombre":"KIT GLOBOS FLOR CARITA 10 PIEZAS x1","categoria":"Cotillon","subcategoria":"Globos Kits","precio":2194.5,"destacado":false,"descripcion":"","imagen":"assets/products/CA-202503010946.webp","tags":["kit","globos","flor","carita","piezas"]},{"id":"CA-000000055304","nombre":"KIT GLOBOS FRASES CORAZON I YOU 4 PIEZAS x1 YOMI","categoria":"Cotillon","subcategoria":"Globos Kits","precio":2475.71,"destacado":false,"descripcion":"","imagen":"assets/products/CA-000000055304.webp","tags":["kit","globos","frases","corazon","you","piezas","yomi"]},{"id":"CA-609819417271","nombre":"KIT GLOBOS FRASES OVNI FELIZ DIA ROJO x9 (APTO HELIO) 72713","categoria":"Cotillon","subcategoria":"Globos Kits","precio":3334.2,"destacado":false,"descripcion":"","imagen":"assets/products/CA-609819417271.webp","tags":["kit","globos","frases","ovni","feliz","dia","rojo","apto","helio","72713"]},{"id":"CA-609819417227","nombre":"KIT GLOBOS FRASES OVNI FELIZ DIA ROSA GOLD x9 (APTO HELIO) 72270","categoria":"Cotillon","subcategoria":"Globos Kits","precio":3334.2,"destacado":false,"descripcion":"","imagen":"assets/products/CA-609819417227.webp","tags":["kit","globos","frases","ovni","feliz","dia","rosa","gold","apto","helio","72270"]},{"id":"CA-609819417226","nombre":"KIT GLOBOS FRASES OVNI FELIZ DIA ROSA x9 (APTO HELIO) 72270/72263","categoria":"Cotillon","subcategoria":"Globos Kits","precio":3334.2,"destacado":false,"descripcion":"","imagen":"assets/products/CA-609819417226.webp","tags":["kit","globos","frases","ovni","feliz","dia","rosa","apto","helio","72270","72263"]},{"id":"CA-202504121223","nombre":"KIT GLOBOS FUTBOL BOCA 10 PIEZAS x1","categoria":"Cotillon","subcategoria":"Globos Kits","precio":2087.8,"destacado":false,"descripcion":"","imagen":"assets/products/CA-202504121223.webp","tags":["kit","globos","futbol","boca","piezas"]},{"id":"CA-202503171314","nombre":"KIT GLOBOS FUTBOL CAMISETA MESSI 5 PIEZAS x1 3147","categoria":"Cotillon","subcategoria":"Globos Kits","precio":2330.16,"destacado":false,"descripcion":"","imagen":"assets/products/CA-202503171314.webp","tags":["kit","globos","futbol","camiseta","messi","piezas","3147"]},{"id":"CA-844517802886","nombre":"KIT GLOBOS FUTBOL CAMISETA/ESCUDO BOCA 5 PIEZAS x1","categoria":"Cotillon","subcategoria":"Globos Kits","precio":2340.8,"destacado":false,"descripcion":"","imagen":"assets/products/CA-844517802886.webp","tags":["kit","globos","futbol","camiseta","escudo","boca","piezas"]},{"id":"CA-690138509465","nombre":"KIT GLOBOS FUTBOL CAMISETA/ESCUDO BOCA 5 PIEZAS x1 XY-465","categoria":"Cotillon","subcategoria":"Globos Kits","precio":2274.74,"destacado":false,"descripcion":"","imagen":"assets/products/CA-690138509465.webp","tags":["kit","globos","futbol","camiseta","escudo","boca","piezas","465"]},{"id":"CA-844517802882","nombre":"KIT GLOBOS FUTBOL CAMISETA/ESCUDO RIVER 5 PIEZAS x1","categoria":"Cotillon","subcategoria":"Globos Kits","precio":2340.8,"destacado":false,"descripcion":"","imagen":"assets/products/CA-844517802882.webp","tags":["kit","globos","futbol","camiseta","escudo","river","piezas"]},{"id":"CA-690138509466","nombre":"KIT GLOBOS FUTBOL CAMISETA/ESCUDO RIVER 5 PIEZAS x1 XY-466","categoria":"Cotillon","subcategoria":"Globos Kits","precio":2274.74,"destacado":false,"descripcion":"","imagen":"assets/products/CA-690138509466.webp","tags":["kit","globos","futbol","camiseta","escudo","river","piezas","466"]},{"id":"CA-690021951040","nombre":"KIT GLOBOS FUTBOL CAMISETA/PELOTA BOCA 5 PIEZAS x1 GY-510-40","categoria":"Cotillon","subcategoria":"Globos Kits","precio":2492.34,"destacado":false,"descripcion":"","imagen":"assets/products/CA-690021951040.webp","tags":["kit","globos","futbol","camiseta","pelota","boca","piezas","510"]},{"id":"CA-202412190006","nombre":"KIT GLOBOS FUTBOL MESSI 10/ ARGENTINA 6 PIEZAS x1","categoria":"Cotillon","subcategoria":"Globos Kits","precio":1456.35,"destacado":false,"descripcion":"","imagen":"assets/products/CA-202412190006.webp","tags":["kit","globos","futbol","messi","argentina","piezas"]},{"id":"CA-690250526219","nombre":"KIT GLOBOS FUTBOL MESSI/PELOTA/ESTRELLA 5 PIEZAS x1 SU-219","categoria":"Cotillon","subcategoria":"Globos Kits","precio":2274.74,"destacado":false,"descripcion":"","imagen":"assets/products/CA-690250526219.webp","tags":["kit","globos","futbol","messi","pelota","estrella","piezas","219"]},{"id":"CA-609819417217","nombre":"KIT GLOBOS FUTBOL OVNI PREMIUM FUTBOL BOCA x9 (APTO HELIO) 72171","categoria":"Cotillon","subcategoria":"Globos Kits","precio":3334.2,"destacado":false,"descripcion":"","imagen":"assets/products/CA-609819417217.webp","tags":["kit","globos","futbol","ovni","premium","futbol","boca","apto","helio","72171"]},{"id":"CA-779819415892","nombre":"KIT GLOBOS FUTBOL OVNI PREMIUM PELOTA ARGENTINA x9 58920","categoria":"Cotillon","subcategoria":"Globos Kits","precio":3334.2,"destacado":false,"descripcion":"","imagen":"assets/products/CA-779819415892.webp","tags":["kit","globos","futbol","ovni","premium","pelota","argentina","58920"]},{"id":"CA-609819417218","nombre":"KIT GLOBOS FUTBOL OVNI PREMIUM RIVER x9 (APTO HELIO) 72188","categoria":"Cotillon","subcategoria":"Globos Kits","precio":3334.2,"destacado":false,"descripcion":"","imagen":"assets/products/CA-609819417218.webp","tags":["kit","globos","futbol","ovni","premium","river","apto","helio","72188"]},{"id":"CA-692502191002","nombre":"KIT GLOBOS FUTBOL PELOTA/ESTRELLA 5 PIEZAS x1 GY-1002","categoria":"Cotillon","subcategoria":"Globos Kits","precio":2067.95,"destacado":false,"descripcion":"","imagen":"assets/products/CA-692502191002.webp","tags":["kit","globos","futbol","pelota","estrella","piezas","1002"]},{"id":"CA-687368583043","nombre":"KIT GLOBOS FUTBOL PELOTAS 6 PIEZAS x1","categoria":"Cotillon","subcategoria":"Globos Kits","precio":2480.25,"destacado":false,"descripcion":"","imagen":"assets/products/CA-687368583043.webp","tags":["kit","globos","futbol","pelotas","piezas"]},{"id":"CA-202405221410","nombre":"KIT GLOBOS FUTBOL TROFEO/ESCUDO BOCA 5 PIEZAS x1","categoria":"Cotillon","subcategoria":"Globos Kits","precio":2330.16,"destacado":false,"descripcion":"","imagen":"assets/products/CA-202405221410.webp","tags":["kit","globos","futbol","trofeo","escudo","boca","piezas"]},{"id":"CA-202405221414","nombre":"KIT GLOBOS FUTBOL TROFEO/ESCUDO RIVER 5 PIEZAS x1","categoria":"Cotillon","subcategoria":"Globos Kits","precio":2330.16,"destacado":false,"descripcion":"","imagen":"assets/products/CA-202405221414.webp","tags":["kit","globos","futbol","trofeo","escudo","river","piezas"]},{"id":"CA-692506261038","nombre":"KIT GLOBOS GAME ON 10 PIEZAS x1 GY-S10-38","categoria":"Cotillon","subcategoria":"Globos Kits","precio":2679.95,"destacado":false,"descripcion":"","imagen":"assets/products/CA-692506261038.webp","tags":["kit","globos","game","piezas","s10"]},{"id":"CA-000000056821","nombre":"KIT GLOBOS NEGRO/DORADO PREMIUM BANDERIN FELIZ CUMPLE 18 PIEZAS x1","categoria":"Cotillon","subcategoria":"Globos Kits","precio":4369.05,"destacado":false,"descripcion":"","imagen":"assets/products/CA-000000056821.webp","tags":["kit","globos","negro","dorado","premium","banderin","feliz","cumple","piezas"]},{"id":"CA-202503010950","nombre":"KIT GLOBOS NUBE/ESTRELLA/CONFETTI HAPPY BIRTHDAY 8 PIEZAS x1","categoria":"Cotillon","subcategoria":"Globos Kits","precio":2660.0,"destacado":false,"descripcion":"","imagen":"assets/products/CA-202503010950.webp","tags":["kit","globos","nube","estrella","confetti","happy","birthday","piezas"]},{"id":"CA-690138500146","nombre":"KIT GLOBOS PERSONAJE STITCH (ROSA) 5 PIEZAS x1 XY-Q0146","categoria":"Cotillon","subcategoria":"Globos Kits","precio":2067.95,"destacado":false,"descripcion":"","imagen":"assets/products/CA-690138500146.webp","tags":["kit","globos","personaje","stitch","rosa","piezas","q0146"]},{"id":"CA-000000056342","nombre":"KIT GLOBOS PREMIUM 15 AÑOS (32\")/CORTINA DORADA 83 PIEZAS x1","categoria":"Cotillon","subcategoria":"Globos Kits","precio":9223.55,"destacado":false,"descripcion":"","imagen":"assets/products/CA-000000056342.webp","tags":["kit","globos","premium","años","cortina","dorada","piezas"]},{"id":"CA-000000056339","nombre":"KIT GLOBOS PREMIUM 15 AÑOS PLATEADO (32\") 72 PIEZAS x1","categoria":"Cotillon","subcategoria":"Globos Kits","precio":9476.25,"destacado":false,"descripcion":"","imagen":"assets/products/CA-000000056339.webp","tags":["kit","globos","premium","años","plateado","piezas"]},{"id":"CA-000000056340","nombre":"KIT GLOBOS PREMIUM 15 AÑOS ROSA (32\") 72 PIEZAS x1","categoria":"Cotillon","subcategoria":"Globos Kits","precio":9476.25,"destacado":false,"descripcion":"","imagen":"assets/products/CA-000000056340.webp","tags":["kit","globos","premium","años","rosa","piezas"]},{"id":"CA-202504121351","nombre":"KIT GLOBOS PREMIUM BOCA/FELIZ CUMPLEAÑOS 72 PIEZAS x1","categoria":"Cotillon","subcategoria":"Globos Kits","precio":9964.5,"destacado":false,"descripcion":"","imagen":"assets/products/CA-202504121351.webp","tags":["kit","globos","premium","boca","feliz","cumpleaños","piezas"]}]}