{"category_slug":"cotillon","subcategory_slug":"didacticos","page":1,"page_size":48,"total":8,"items":[{"id":"CA-000000026346","nombre":"APLIQUE GOMA EVA ABECEDARIO SURTIDO MEDIANO x45  NISSI","categoria":"Cotillon","subcategoria":"Didacticos","precio":1109.7,"destacado":false,"descripcion":"","imagen":"assets/products/CA-000000026346.webp","tags":["aplique","goma","eva","abecedario","surtido","mediano","x45","nissi"]},{"id":"CA-779905101130","nombre":"BILLETE DIDACTICO PESOS  x70u.  012","categoria":"Cotillon","subcategoria":"Didacticos","precio":773.55,"destacado":false,"descripcion":"","imagen":"assets/products/CA-779905101130.webp","tags":["billete","didactico","pesos","x70u","012"]},{"id":"CA-000000052436","nombre":"BILLETE DIDACTICO PESOS  x70u. 012","categoria":"Cotillon","subcategoria":"Didacticos","precio":773.55,"destacado":false,"descripcion":"","imagen":"assets/products/CA-000000052436.webp","tags":["billete","didactico","pesos","x70u","012"]},{"id":"CA-000000056907","nombre":"BLOQUES ENCASTRABLES INFANTILES x50u.","categoria":"Cotillon","subcategoria":"Didacticos","precio":4488.75,"destacado":false,"descripcion":"","imagen":"assets/products/CA-000000056907.webp","tags":["bloques","encastrables","infantiles","x50u"]},{"id":"CA-745307720239","nombre":"CUBO MAGICO x1 DA2397A","categoria":"Cotillon","subcategoria":"Didacticos","precio":700.0,"destacado":false,"descripcion":"","imagen":"assets/products/CA-745307720239.webp","tags":["cubo","magico","da2397a"]},{"id":"CA-000000044152","nombre":"JUEGO DE ENCASTRE DE GOMA EVA ABECEDARIO X 1u.","categoria":"Cotillon","subcategoria":"Didacticos","precio":1371.6,"destacado":false,"descripcion":"* (16/12/2025)","imagen":"assets/products/CA-000000044152.webp","tags":["juego","encastre","goma","eva","abecedario"]},{"id":"CA-000000044140","nombre":"JUEGO DE ENCASTRE DE GOMA EVA NUMEROS Y SIGNOS X 1u.","categoria":"Cotillon","subcategoria":"Didacticos","precio":939.6,"destacado":false,"descripcion":"* (16/12/2025)","imagen":"assets/products/CA-000000044140.webp","tags":["juego","encastre","goma","eva","numeros","signos"]},{"id":"CA-000000044139","nombre":"JUEGO DE ENCASTRE DE GOMA EVA TA-TE-TI X 3 u.","categoria":"Cotillon","subcategoria":"Didacticos","precio":562.95,"destacado":false,"descripcion":"* (16/12/2025)","imagen":"assets/products/CA-000000044139.webp","tags":["juego","encastre","goma","eva"]}]}