{"category_slug":"halloween","subcategory_slug":"","page":19,"page_size":48,"total":1262,"items":[{"id":"CA-202592000301","nombre":"LAPIDA ESQUELETO NOVIO SONIDO/LUZ Y MOVIMIENTO x1 DC301-02 CA","categoria":"Halloween","subcategoria":"Ambientacion","precio":19800.0,"destacado":false,"descripcion":"","imagen":"assets/products/CA-202592000301.webp","tags":["lapida","esqueleto","novio","sonido","luz","movimiento","dc301"]},{"id":"CA-779908805296","nombre":"LAPIDA MACABRA (LUZ-SONIDO-MOVIMIENTO) 43x26.5x11.3cm x1 HD721 PS","categoria":"Halloween","subcategoria":"Ambientacion","precio":46415.6,"destacado":false,"descripcion":"","imagen":"assets/products/CA-779908805296.webp","tags":["lapida","macabra","luz","sonido","movimiento","43x26","5x11","3cm","hd721"]},{"id":"CA-202590000301","nombre":"LAPIDA NOVIA SONIDO/LUZ Y MOVIMIENTO x1 DC301-01 CA","categoria":"Halloween","subcategoria":"Ambientacion","precio":19800.0,"destacado":false,"descripcion":"","imagen":"assets/products/CA-202590000301.webp","tags":["lapida","novia","sonido","luz","movimiento","dc301"]},{"id":"CA-779908805256","nombre":"LAPIDA SEPULCRO OLVIDADO CON LUZ (91cmx45x4cm) x1 HD681 PS","categoria":"Halloween","subcategoria":"Ambientacion","precio":30783.9,"destacado":false,"descripcion":"","imagen":"assets/products/CA-779908805256.webp","tags":["lapida","sepulcro","olvidado","con","luz","91cmx45x4cm","hd681"]},{"id":"CA-779552240581","nombre":"LENTEJA CHOCOLATE CHOOK HALLOWEEN x500gr 4990","categoria":"Halloween","subcategoria":"Golosinas, Carameleras Y Miniaturas","precio":4643.4,"destacado":false,"descripcion":"","imagen":"assets/products/CA-779552240581.webp","tags":["lenteja","chocolate","chook","halloween","x500gr","4990"]},{"id":"CA-779600400809","nombre":"LENTEJA CHOCOLATE HALLOWEEN GUADALEST x500gr","categoria":"Halloween","subcategoria":"Golosinas, Carameleras Y Miniaturas","precio":5368.38,"destacado":false,"descripcion":"","imagen":"assets/products/CA-779600400809.webp","tags":["lenteja","chocolate","halloween","guadalest","x500gr"]},{"id":"CA-779908805218","nombre":"LIBRO DE HECHIZOS CON LUZ 21,5x15x5cm HD643 PS","categoria":"Halloween","subcategoria":"Ambientacion","precio":14001.4,"destacado":false,"descripcion":"","imagen":"assets/products/CA-779908805218.webp","tags":["libro","hechizos","con","luz","5x15x5cm","hd643"]},{"id":"CA-000000047434","nombre":"LLAVE INGLESA SANGRIENTA PLASTICO x1","categoria":"Halloween","subcategoria":"Accesorios Para Disfraz","precio":972.0,"destacado":false,"descripcion":"","imagen":"assets/products/CA-000000047434.webp","tags":["llave","inglesa","sangrienta","plastico"]},{"id":"CA-000000048089","nombre":"MACHETE CON SANGRE PLASTICO x1","categoria":"Halloween","subcategoria":"Accesorios Para Disfraz","precio":972.0,"destacado":false,"descripcion":"","imagen":"assets/products/CA-000000048089.webp","tags":["machete","con","sangre","plastico"]},{"id":"CA-779817880266","nombre":"MALVAVISCO BUFFYS MINI MALVADITOS HALLOWEEN x200grs 2664","categoria":"Halloween","subcategoria":"Golosinas, Carameleras Y Miniaturas","precio":2359.27,"destacado":false,"descripcion":"","imagen":"assets/products/CA-779817880266.webp","tags":["malvavisco","buffys","mini","malvaditos","halloween","x200grs","2664"]},{"id":"CA-779817880265","nombre":"MALVAVISCO BUFFYS TWISTER MALVADITOS HALLOWEEN x200grs 2655","categoria":"Halloween","subcategoria":"Golosinas, Carameleras Y Miniaturas","precio":2359.27,"destacado":false,"descripcion":"","imagen":"assets/products/CA-779817880265.webp","tags":["malvavisco","buffys","twister","malvaditos","halloween","x200grs","2655"]},{"id":"CA-779818603538","nombre":"MALVAVISCO GONGYS HALLOWEEN TERROR x200gr 378661","categoria":"Halloween","subcategoria":"Golosinas, Carameleras Y Miniaturas","precio":1706.04,"destacado":false,"descripcion":"","imagen":"assets/products/CA-779818603538.webp","tags":["malvavisco","gongys","halloween","terror","x200gr","378661"]},{"id":"CA-202500000146","nombre":"MANGA TATTOO VARIOS MODELOS x6 FP0146 CA","categoria":"Halloween","subcategoria":"Accesorios Para Disfraz","precio":5887.22,"destacado":false,"descripcion":"","imagen":"assets/products/CA-202500000146.webp","tags":["manga","tattoo","varios","modelos","fp0146"]},{"id":"CA-202590000321","nombre":"MANO BLANCA SONIDO/LUZ Y MOVIMIENTO x1 DC0321 CA","categoria":"Halloween","subcategoria":"Ambientacion","precio":22375.14,"destacado":false,"descripcion":"","imagen":"assets/products/CA-202590000321.webp","tags":["mano","blanca","sonido","luz","movimiento","dc0321"]},{"id":"CA-000003000100","nombre":"MANO CARAMELERA NARANJA x1 HC0013-N","categoria":"Halloween","subcategoria":"Golosinas, Carameleras Y Miniaturas","precio":3269.63,"destacado":false,"descripcion":"","imagen":"assets/products/CA-000003000100.webp","tags":["mano","caramelera","naranja","hc0013"]},{"id":"CA-000003000300","nombre":"MANO CARAMELERA VERDE x1 HC0013-VE","categoria":"Halloween","subcategoria":"Golosinas, Carameleras Y Miniaturas","precio":3269.63,"destacado":false,"descripcion":"","imagen":"assets/products/CA-000003000300.webp","tags":["mano","caramelera","verde","hc0013"]},{"id":"CA-000003000200","nombre":"MANO CARAMELERA VIOLETA x1 HC0013-V","categoria":"Halloween","subcategoria":"Golosinas, Carameleras Y Miniaturas","precio":3269.63,"destacado":false,"descripcion":"","imagen":"assets/products/CA-000003000200.webp","tags":["mano","caramelera","violeta","hc0013"]},{"id":"CA-679749900021","nombre":"MANO CON HERIDAS FUCK YOU x1 DA0021 CA","categoria":"Halloween","subcategoria":"Ambientacion","precio":3535.07,"destacado":false,"descripcion":"","imagen":"assets/products/CA-679749900021.webp","tags":["mano","con","heridas","fuck","you","da0021"]},{"id":"CA-202590000304","nombre":"MANO TERROR  SONIDO Y MOVIMIENTO x1 DC0304 CA","categoria":"Halloween","subcategoria":"Ambientacion","precio":20541.11,"destacado":false,"descripcion":"","imagen":"assets/products/CA-202590000304.webp","tags":["mano","terror","sonido","movimiento","dc0304"]},{"id":"CA-779908805374","nombre":"MANTEL HALLOWEEN SANGRIENTO  x1 HD774 PS","categoria":"Halloween","subcategoria":"Mesa Y Accesorios De Bazar","precio":1486.45,"destacado":false,"descripcion":"","imagen":"assets/products/CA-779908805374.webp","tags":["mantel","halloween","sangriento","hd774"]},{"id":"CA-202500000753","nombre":"MANTEL HALLOWEEN VARIOS MODELOS x1 FP753 CA","categoria":"Halloween","subcategoria":"Mesa Y Accesorios De Bazar","precio":1412.22,"destacado":false,"descripcion":"","imagen":"assets/products/CA-202500000753.webp","tags":["mantel","halloween","varios","modelos","fp753"]},{"id":"CA-690102850800","nombre":"MAQUILLAJE ARTISTICO BLANCO x 6 unid ARTELIGHT","categoria":"Halloween","subcategoria":"Accesorios Para Disfraz","precio":2500.2,"destacado":false,"descripcion":"","imagen":"assets/products/CA-690102850800.webp","tags":["maquillaje","artistico","blanco","unid","artelight"]},{"id":"CA-779810869599","nombre":"MAQUILLAJE ARTISTICO BLANCOx1 10gr(6-3)","categoria":"Halloween","subcategoria":"Accesorios Para Disfraz","precio":1848.74,"destacado":false,"descripcion":"","imagen":"assets/products/CA-779810869599.webp","tags":["maquillaje","artistico","blancox1","10gr"]},{"id":"CA-690102850216","nombre":"MAQUILLAJE ARTISTICO CALABAZA x2 (naranja-negro) PACK X3 ARTELIGHT","categoria":"Halloween","subcategoria":"Accesorios Para Disfraz","precio":2774.25,"destacado":false,"descripcion":"","imagen":"assets/products/CA-690102850216.webp","tags":["maquillaje","artistico","calabaza","naranja","negro","pack","artelight"]},{"id":"CA-779810869870","nombre":"MAQUILLAJE ARTISTICO COLOR BLANCOx2 (13-18) PACK X 3","categoria":"Halloween","subcategoria":"Accesorios Para Disfraz","precio":2784.78,"destacado":false,"descripcion":"","imagen":"assets/products/CA-779810869870.webp","tags":["maquillaje","artistico","color","blancox2","pack"]},{"id":"CA-779810869868","nombre":"MAQUILLAJE ARTISTICO COLOR NEGRO (MORENITO) x2 (13-17) PACK X3","categoria":"Halloween","subcategoria":"Accesorios Para Disfraz","precio":2784.78,"destacado":false,"descripcion":"","imagen":"assets/products/CA-779810869868.webp","tags":["maquillaje","artistico","color","negro","morenito","pack"]},{"id":"CA-779810869871","nombre":"MAQUILLAJE ARTISTICO COLOR ROJOx2 (13-19) PACK X 3","categoria":"Halloween","subcategoria":"Accesorios Para Disfraz","precio":2784.78,"destacado":false,"descripcion":"","imagen":"assets/products/CA-779810869871.webp","tags":["maquillaje","artistico","color","rojox2","pack"]},{"id":"CA-690102850215","nombre":"MAQUILLAJE ARTISTICO DIABLO x2 (NEGRO/ROJO) PACK X3 2153 ARTELIGHT","categoria":"Halloween","subcategoria":"Accesorios Para Disfraz","precio":2774.25,"destacado":false,"descripcion":"","imagen":"assets/products/CA-690102850215.webp","tags":["maquillaje","artistico","diablo","negro","rojo","pack","2153","artelight"]},{"id":"CA-690102850213","nombre":"MAQUILLAJE ARTISTICO DRACULA BLANCO/NEGROx2  PACK X 3 2139 ARTELIGTH","categoria":"Halloween","subcategoria":"Accesorios Para Disfraz","precio":2774.25,"destacado":false,"descripcion":"","imagen":"assets/products/CA-690102850213.webp","tags":["maquillaje","artistico","dracula","blanco","negrox2","pack","2139","arteligth"]},{"id":"CA-779813493718","nombre":"MAQUILLAJE ARTISTICO EN BARRA LABIAL BLANCO x3 0771-0001","categoria":"Halloween","subcategoria":"Accesorios Para Disfraz","precio":3143.45,"destacado":false,"descripcion":"","imagen":"assets/products/CA-779813493718.webp","tags":["maquillaje","artistico","barra","labial","blanco","0771","0001"]},{"id":"CA-779830177346","nombre":"MAQUILLAJE ARTISTICO EN BARRA LABIAL HALLOWEEN x3 PINTAFAN 79101","categoria":"Halloween","subcategoria":"Accesorios Para Disfraz","precio":2481.54,"destacado":false,"descripcion":"","imagen":"assets/products/CA-779830177346.webp","tags":["maquillaje","artistico","barra","labial","halloween","pintafan","79101"]},{"id":"CA-779813493719","nombre":"MAQUILLAJE ARTISTICO EN BARRA LABIAL NEGRO x3 (771-2)","categoria":"Halloween","subcategoria":"Accesorios Para Disfraz","precio":3143.45,"destacado":false,"descripcion":"","imagen":"assets/products/CA-779813493719.webp","tags":["maquillaje","artistico","barra","labial","negro","771"]},{"id":"CA-690102850219","nombre":"MAQUILLAJE ARTISTICO GUASON NEGRO/BLANCO/ROJO 3 UNIDADES PACK X3 ARTELIGHT ART.2191","categoria":"Halloween","subcategoria":"Accesorios Para Disfraz","precio":3871.8,"destacado":false,"descripcion":"","imagen":"assets/products/CA-690102850219.webp","tags":["maquillaje","artistico","guason","negro","blanco","rojo","unidades","pack","artelight","art","2191"]},{"id":"CA-779813493737","nombre":"MAQUILLAJE ARTISTICO HALLOWEEN SURT.x4 (blanco-negro-rojo-naranja)5-5","categoria":"Halloween","subcategoria":"Accesorios Para Disfraz","precio":1782.65,"destacado":false,"descripcion":"","imagen":"assets/products/CA-779813493737.webp","tags":["maquillaje","artistico","halloween","surt","blanco","negro","rojo","naranja"]},{"id":"CA-779810869600","nombre":"MAQUILLAJE ARTISTICO NEGRO (MORENITO)x1 10gr(6-4)","categoria":"Halloween","subcategoria":"Accesorios Para Disfraz","precio":1848.74,"destacado":false,"descripcion":"","imagen":"assets/products/CA-779810869600.webp","tags":["maquillaje","artistico","negro","morenito","10gr"]},{"id":"CA-690102850802","nombre":"MAQUILLAJE ARTISTICO NEGRO/MORENITO x 6 unid ARTELIGHT","categoria":"Halloween","subcategoria":"Accesorios Para Disfraz","precio":2500.2,"destacado":false,"descripcion":"","imagen":"assets/products/CA-690102850802.webp","tags":["maquillaje","artistico","negro","morenito","unid","artelight"]},{"id":"CA-690102850801","nombre":"MAQUILLAJE ARTISTICO ROJO x 6 unid ARTELIGHT","categoria":"Halloween","subcategoria":"Accesorios Para Disfraz","precio":2500.2,"destacado":false,"descripcion":"","imagen":"assets/products/CA-690102850801.webp","tags":["maquillaje","artistico","rojo","unid","artelight"]},{"id":"CA-690102850214","nombre":"MAQUILLAJE ARTISTICO VAMPIRA  x2 (blanco-rojo) PACK X3 2146 ARTELIGHT","categoria":"Halloween","subcategoria":"Accesorios Para Disfraz","precio":2774.25,"destacado":false,"descripcion":"","imagen":"assets/products/CA-690102850214.webp","tags":["maquillaje","artistico","vampira","blanco","rojo","pack","2146","artelight"]},{"id":"CA-803410700778","nombre":"MASCARA  NEON CALABAZA HALLOWEEN x1 JY0905","categoria":"Halloween","subcategoria":"Mascaras De Latex - Goma Eva / Caretas Plasticas","precio":911.25,"destacado":false,"descripcion":"","imagen":"assets/products/CA-803410700778.webp","tags":["mascara","neon","calabaza","halloween","jy0905"]},{"id":"CA-000000058131","nombre":"MASCARA DE TELA TERROR VARIOS MODELOS x1 FP0143","categoria":"Halloween","subcategoria":"Mascaras De Latex - Goma Eva / Caretas Plasticas","precio":1336.0,"destacado":false,"descripcion":"","imagen":"assets/products/CA-000000058131.webp","tags":["mascara","tela","terror","varios","modelos","fp0143"]},{"id":"CA-202500000143","nombre":"MASCARA DE TELA TERROR VARIOS MODELOS x6 FP0143","categoria":"Halloween","subcategoria":"Mascaras De Latex - Goma Eva / Caretas Plasticas","precio":8011.64,"destacado":false,"descripcion":"","imagen":"assets/products/CA-202500000143.webp","tags":["mascara","tela","terror","varios","modelos","fp0143"]},{"id":"CA-000000050256","nombre":"MASCARA GOMA EVA GATUBELAx1","categoria":"Halloween","subcategoria":"Mascaras De Latex - Goma Eva / Caretas Plasticas","precio":1830.27,"destacado":false,"descripcion":"","imagen":"assets/products/CA-000000050256.webp","tags":["mascara","goma","eva","gatubelax1"]},{"id":"CA-000000053993","nombre":"MASCARA GOMA EVA HALLOWEEN ANONIMUS x1u.","categoria":"Halloween","subcategoria":"Mascaras De Latex - Goma Eva / Caretas Plasticas","precio":1329.75,"destacado":false,"descripcion":"","imagen":"assets/products/CA-000000053993.webp","tags":["mascara","goma","eva","halloween","anonimus","x1u"]},{"id":"CA-000000050246","nombre":"MASCARA GOMA EVA HALLOWEEN ANONIMUSx1","categoria":"Halloween","subcategoria":"Mascaras De Latex - Goma Eva / Caretas Plasticas","precio":1830.27,"destacado":false,"descripcion":"","imagen":"assets/products/CA-000000050246.webp","tags":["mascara","goma","eva","halloween","anonimusx1"]},{"id":"CA-000000053975","nombre":"MASCARA GOMA EVA HALLOWEEN CALAVERA MISFITS x1u.","categoria":"Halloween","subcategoria":"Mascaras De Latex - Goma Eva / Caretas Plasticas","precio":1329.75,"destacado":false,"descripcion":"","imagen":"assets/products/CA-000000053975.webp","tags":["mascara","goma","eva","halloween","calavera","misfits","x1u"]},{"id":"CA-000000050250","nombre":"MASCARA GOMA EVA HALLOWEEN CALAVERA PUNISHERx1","categoria":"Halloween","subcategoria":"Mascaras De Latex - Goma Eva / Caretas Plasticas","precio":1830.27,"destacado":false,"descripcion":"","imagen":"assets/products/CA-000000050250.webp","tags":["mascara","goma","eva","halloween","calavera","punisherx1"]},{"id":"CA-000000010383","nombre":"MASCARA GOMA EVA HALLOWEEN CALAVERAx1 2407","categoria":"Halloween","subcategoria":"Mascaras De Latex - Goma Eva / Caretas Plasticas","precio":1830.27,"destacado":false,"descripcion":"","imagen":"assets/products/CA-000000010383.webp","tags":["mascara","goma","eva","halloween","calaverax1","2407"]},{"id":"CA-000000053979","nombre":"MASCARA GOMA EVA HALLOWEEN CHUCKY x1u.","categoria":"Halloween","subcategoria":"Mascaras De Latex - Goma Eva / Caretas Plasticas","precio":1329.75,"destacado":false,"descripcion":"","imagen":"assets/products/CA-000000053979.webp","tags":["mascara","goma","eva","halloween","chucky","x1u"]}]}