{"category_slug":"halloween","subcategory_slug":"","page":3,"page_size":48,"total":1262,"items":[{"id":"CA-202590000240","nombre":"BANDEJA GOLOSINERA LAPIDA x3 DC240 CA","categoria":"Halloween","subcategoria":"Golosinas, Carameleras Y Miniaturas","precio":4475.04,"destacado":false,"descripcion":"","imagen":"assets/products/CA-202590000240.webp","tags":["bandeja","golosinera","lapida","dc240"]},{"id":"CA-202590000243","nombre":"BANDEJA GOLOSINERA MURCIELGO x3 DC243 CA","categoria":"Halloween","subcategoria":"Golosinas, Carameleras Y Miniaturas","precio":3888.16,"destacado":false,"descripcion":"","imagen":"assets/products/CA-202590000243.webp","tags":["bandeja","golosinera","murcielgo","dc243"]},{"id":"CA-202500000036","nombre":"BANDEJA MACABRA VARIOS MODELOS  x1 FP0036 CA","categoria":"Halloween","subcategoria":"Ambientacion","precio":3530.5,"destacado":false,"descripcion":"","imagen":"assets/products/CA-202500000036.webp","tags":["bandeja","macabra","varios","modelos","fp0036"]},{"id":"CA-202500000879","nombre":"BANDERIN CALAVERAS TORNASOL HALLOWEEN  x1 FP879 CA","categoria":"Halloween","subcategoria":"Ambientacion","precio":1882.92,"destacado":false,"descripcion":"","imagen":"assets/products/CA-202500000879.webp","tags":["banderin","calaveras","tornasol","halloween","fp879"]},{"id":"CA-779905100687","nombre":"BANDERIN CON STAMPING HALLOWEEN GIGANTE CON TELA ARAÑA x1 GM 624","categoria":"Halloween","subcategoria":"Ambientacion","precio":1786.05,"destacado":false,"descripcion":"","imagen":"assets/products/CA-779905100687.webp","tags":["banderin","con","stamping","halloween","gigante","con","tela","araña","624"]},{"id":"CA-779905100818","nombre":"BANDERIN CON STAMPING HALLOWEEN GIGANTE VIOLETA DISEÑOSx1 GM 664","categoria":"Halloween","subcategoria":"Ambientacion","precio":1786.05,"destacado":false,"descripcion":"","imagen":"assets/products/CA-779905100818.webp","tags":["banderin","con","stamping","halloween","gigante","violeta","diseñosx1","664"]},{"id":"CA-779905100502","nombre":"BANDERIN CON STAMPING HAPPY HALLOWEEN x1 GM 3348-36","categoria":"Halloween","subcategoria":"Ambientacion","precio":1334.48,"destacado":false,"descripcion":"","imagen":"assets/products/CA-779905100502.webp","tags":["banderin","con","stamping","happy","halloween","3348"]},{"id":"CA-779905100821","nombre":"BANDERIN HALLOWEEN CALABAZA x1 GM 684","categoria":"Halloween","subcategoria":"Ambientacion","precio":1067.18,"destacado":false,"descripcion":"","imagen":"assets/products/CA-779905100821.webp","tags":["banderin","halloween","calabaza","684"]},{"id":"CA-779905101177","nombre":"BANDERIN HALLOWEEN EFECTO 3D 824 x1 GM","categoria":"Halloween","subcategoria":"Ambientacion","precio":891.0,"destacado":false,"descripcion":"","imagen":"assets/products/CA-779905101177.webp","tags":["banderin","halloween","efecto","824"]},{"id":"CA-779842285261","nombre":"BANDERIN HALLOWEEN FONDO NEGRO x1 C.O","categoria":"Halloween","subcategoria":"Otero/Linea Halloween","precio":1436.5,"destacado":false,"descripcion":"","imagen":"assets/products/CA-779842285261.webp","tags":["banderin","halloween","fondo","negro"]},{"id":"CA-779227307126","nombre":"BANDERIN HALLOWEEN MURCIELAGOS COLGANTES 20-7126 x1u.RONDINELLA","categoria":"Halloween","subcategoria":"Ambientacion","precio":930.13,"destacado":false,"descripcion":"","imagen":"assets/products/CA-779227307126.webp","tags":["banderin","halloween","murcielagos","colgantes","7126","x1u","rondinella"]},{"id":"CA-779227307100","nombre":"BANDERIN HALLOWEEN SILUETAS SURTIDAS COLGANTES 20-7100 x1u.RONDINELLA","categoria":"Halloween","subcategoria":"Ambientacion","precio":930.13,"destacado":false,"descripcion":"","imagen":"assets/products/CA-779227307100.webp","tags":["banderin","halloween","siluetas","surtidas","colgantes","7100","x1u","rondinella"]},{"id":"CA-779905101173","nombre":"BANDERIN HALLOWEEN TORNASOLADO 804 x1 GM","categoria":"Halloween","subcategoria":"Ambientacion","precio":891.0,"destacado":false,"descripcion":"","imagen":"assets/products/CA-779905101173.webp","tags":["banderin","halloween","tornasolado","804"]},{"id":"CA-202500000855","nombre":"BANDERIN HAPPY HALLOWEEN TORNASOL x1u. FP855 CA","categoria":"Halloween","subcategoria":"Ambientacion","precio":1236.14,"destacado":false,"descripcion":"","imagen":"assets/products/CA-202500000855.webp","tags":["banderin","happy","halloween","tornasol","x1u","fp855"]},{"id":"CA-679740820570","nombre":"BANDERIN TRIANGULAR PAYASO IT  x1 PA0570 CA","categoria":"Halloween","subcategoria":"Ambientacion","precio":618.99,"destacado":false,"descripcion":"","imagen":"assets/products/CA-679740820570.webp","tags":["banderin","triangular","payaso","pa0570"]},{"id":"CA-779814797327","nombre":"BARBA NEGRA LISA GARIBALDI  x1 BANE  PS","categoria":"Halloween","subcategoria":"Accesorios Para Disfraz","precio":1246.7,"destacado":false,"descripcion":"","imagen":"assets/products/CA-779814797327.webp","tags":["barba","negra","lisa","garibaldi","bane"]},{"id":"CA-779818603506","nombre":"BARRITA DE CARAMELO TERROR CABLE CITRICO ACIDA BULL DOG x75gr 79011","categoria":"Halloween","subcategoria":"Golosinas, Carameleras Y Miniaturas","precio":666.6,"destacado":false,"descripcion":"","imagen":"assets/products/CA-779818603506.webp","tags":["barrita","caramelo","terror","cable","citrico","acida","bull","dog","x75gr","79011"]},{"id":"CA-000000000320","nombre":"BASTON CABALLERO CON EMPUÑADURA DORADA STASIO x1 HB0004","categoria":"Halloween","subcategoria":"Accesorios Para Disfraz","precio":995.8,"destacado":false,"descripcion":"","imagen":"assets/products/CA-000000000320.webp","tags":["baston","caballero","con","empuñadura","dorada","stasio","hb0004"]},{"id":"CA-000001000321","nombre":"BASTON CABALLERO/CURVO CHAPLIN MANGO DORADO STASIOx1 HB0004-MO","categoria":"Halloween","subcategoria":"Accesorios Para Disfraz","precio":1359.94,"destacado":false,"descripcion":"","imagen":"assets/products/CA-000001000321.webp","tags":["baston","caballero","curvo","chaplin","mango","dorado","stasiox1","hb0004"]},{"id":"CA-000002000321","nombre":"BASTON CABALLERO/CURVO CHAPLIN MANGO PLATA x1 HB0005-MP","categoria":"Halloween","subcategoria":"Accesorios Para Disfraz","precio":1370.01,"destacado":false,"descripcion":"","imagen":"assets/products/CA-000002000321.webp","tags":["baston","caballero","curvo","chaplin","mango","plata","hb0005"]},{"id":"CA-000000024243","nombre":"BASTON CABALLERO/CURVO NEGRO CHAPLIN STASIO x10u. HB0005","categoria":"Halloween","subcategoria":"Accesorios Para Disfraz","precio":11613.24,"destacado":false,"descripcion":"","imagen":"assets/products/CA-000000024243.webp","tags":["baston","caballero","curvo","negro","chaplin","stasio","x10u","hb0005"]},{"id":"CA-000000000322","nombre":"BASTON CABALLERO/MAGO STASIO x1 HB0006","categoria":"Halloween","subcategoria":"Accesorios Para Disfraz","precio":1002.51,"destacado":false,"descripcion":"","imagen":"assets/products/CA-000000000322.webp","tags":["baston","caballero","mago","stasio","hb0006"]},{"id":"CA-779908803446","nombre":"BASTON CALAVERA PLATEADA 117cm. x1 AC181 PS","categoria":"Halloween","subcategoria":"Accesorios Para Disfraz","precio":3452.4,"destacado":false,"descripcion":"","imagen":"assets/products/CA-779908803446.webp","tags":["baston","calavera","plateada","117cm","ac181"]},{"id":"CA-000000023039","nombre":"BASTON CARAMELO HALLOWEEN x30u HUMPI","categoria":"Halloween","subcategoria":"Golosinas, Carameleras Y Miniaturas","precio":11790.0,"destacado":false,"descripcion":"","imagen":"assets/products/CA-000000023039.webp","tags":["baston","caramelo","halloween","x30u","humpi"]},{"id":"CA-779908803437","nombre":"BASTON COBRA HALLOWEEN x1 AC177/03437 PS","categoria":"Halloween","subcategoria":"Accesorios Para Disfraz","precio":4795.0,"destacado":false,"descripcion":"","imagen":"assets/products/CA-779908803437.webp","tags":["baston","cobra","halloween","ac177","03437"]},{"id":"CA-000000000306","nombre":"BASTON ESFERA CON GARRA STASIO x1 HE0002","categoria":"Halloween","subcategoria":"Accesorios Para Disfraz","precio":2781.61,"destacado":false,"descripcion":"","imagen":"assets/products/CA-000000000306.webp","tags":["baston","esfera","con","garra","stasio","he0002"]},{"id":"CA-000000000313","nombre":"BASTON HALLOWEEN CALABAZA GRANDE STASIO x1 HC0001","categoria":"Halloween","subcategoria":"Accesorios Para Disfraz","precio":2802.21,"destacado":false,"descripcion":"","imagen":"assets/products/CA-000000000313.webp","tags":["baston","halloween","calabaza","grande","stasio","hc0001"]},{"id":"CA-000005000400","nombre":"BASTON HALLOWEEN CALAVERA CHICA STASIO x1 HC0004","categoria":"Halloween","subcategoria":"Accesorios Para Disfraz","precio":1718.23,"destacado":false,"descripcion":"","imagen":"assets/products/CA-000005000400.webp","tags":["baston","halloween","calavera","chica","stasio","hc0004"]},{"id":"CA-000000000309","nombre":"BASTON HALLOWEEN CALAVERA GRANDE STASIO x1 HC0002","categoria":"Halloween","subcategoria":"Accesorios Para Disfraz","precio":2781.61,"destacado":false,"descripcion":"","imagen":"assets/products/CA-000000000309.webp","tags":["baston","halloween","calavera","grande","stasio","hc0002"]},{"id":"CA-779908803448","nombre":"BASTON OJO DE LA MUERTE HALLOWEEN x1 AC183 PS","categoria":"Halloween","subcategoria":"Accesorios Para Disfraz","precio":10261.3,"destacado":false,"descripcion":"","imagen":"assets/products/CA-779908803448.webp","tags":["baston","ojo","muerte","halloween","ac183"]},{"id":"CA-779908803447","nombre":"BASTON REY CALAVERA HALLOWEEN x1 AC182 PS","categoria":"Halloween","subcategoria":"Accesorios Para Disfraz","precio":9014.6,"destacado":false,"descripcion":"","imagen":"assets/products/CA-779908803447.webp","tags":["baston","rey","calavera","halloween","ac182"]},{"id":"CA-000000042852","nombre":"BATE CON ALAMBRE x1","categoria":"Halloween","subcategoria":"Accesorios Para Disfraz","precio":972.0,"destacado":false,"descripcion":"","imagen":"assets/products/CA-000000042852.webp","tags":["bate","con","alambre"]},{"id":"CA-779908802604","nombre":"BATE HARLEY QUEEN PLASTICO x1 GOAC25 PS","categoria":"Halloween","subcategoria":"Accesorios Para Disfraz","precio":6713.0,"destacado":false,"descripcion":"","imagen":"assets/products/CA-779908802604.webp","tags":["bate","harley","queen","plastico","goac25"]},{"id":"CA-000000004129","nombre":"BICHOS CHICOS PATRIMAR x24","categoria":"Halloween","subcategoria":"Arañas - Insectos Y Bichos","precio":1848.8,"destacado":false,"descripcion":"","imagen":"assets/products/CA-000000004129.webp","tags":["bichos","chicos","patrimar","x24"]},{"id":"CA-000000039647","nombre":"BICHOS GRANDE PATRIMAR x12","categoria":"Halloween","subcategoria":"Arañas - Insectos Y Bichos","precio":2349.35,"destacado":false,"descripcion":"","imagen":"assets/products/CA-000000039647.webp","tags":["bichos","grande","patrimar","x12"]},{"id":"CA-000000057439","nombre":"BIGOTES EN BLISTER x12 SURTIDOS","categoria":"Halloween","subcategoria":"Accesorios Para Disfraz","precio":808.52,"destacado":false,"descripcion":"","imagen":"assets/products/CA-000000057439.webp","tags":["bigotes","blister","x12","surtidos"]},{"id":"CA-773199811275","nombre":"BLISTER CUCHILLO RETRACTIL  x12 AK275","categoria":"Halloween","subcategoria":"Accesorios Para Disfraz","precio":5398.16,"destacado":false,"descripcion":"","imagen":"assets/products/CA-773199811275.webp","tags":["blister","cuchillo","retractil","x12","ak275"]},{"id":"CA-679740820281","nombre":"BLISTER CUCHILLO RETRACTIL  x12 PA0281 CA","categoria":"Halloween","subcategoria":"Accesorios Para Disfraz","precio":5398.16,"destacado":false,"descripcion":"","imagen":"assets/products/CA-679740820281.webp","tags":["blister","cuchillo","retractil","x12","pa0281"]},{"id":"CA-071460402147","nombre":"BLISTER HALLOWEEN COLORANTE RADHA EN GEL  x15gr x4u","categoria":"Halloween","subcategoria":"Mesa Y Accesorios De Bazar","precio":4615.65,"destacado":false,"descripcion":"","imagen":"assets/products/CA-071460402147.webp","tags":["blister","halloween","colorante","radha","gel","x15gr","x4u"]},{"id":"CA-202510000331","nombre":"BLISTER HALLOWEEN STRASS  x12 FP331-01 CA","categoria":"Halloween","subcategoria":"Accesorios Para Disfraz","precio":8920.72,"destacado":false,"descripcion":"","imagen":"assets/products/CA-202510000331.webp","tags":["blister","halloween","strass","x12","fp331"]},{"id":"CA-202520000331","nombre":"BLISTER HALLOWEEN STRASS  x12 FP331-02 CA","categoria":"Halloween","subcategoria":"Accesorios Para Disfraz","precio":8920.72,"destacado":false,"descripcion":"","imagen":"assets/products/CA-202520000331.webp","tags":["blister","halloween","strass","x12","fp331"]},{"id":"CA-202530000331","nombre":"BLISTER HALLOWEEN STRASS  x12 FP331-03 CA","categoria":"Halloween","subcategoria":"Accesorios Para Disfraz","precio":8920.72,"destacado":false,"descripcion":"","imagen":"assets/products/CA-202530000331.webp","tags":["blister","halloween","strass","x12","fp331"]},{"id":"CA-202540000331","nombre":"BLISTER HALLOWEEN STRASS  x12 FP331-04 CA","categoria":"Halloween","subcategoria":"Accesorios Para Disfraz","precio":8920.72,"destacado":false,"descripcion":"","imagen":"assets/products/CA-202540000331.webp","tags":["blister","halloween","strass","x12","fp331"]},{"id":"CA-202550000331","nombre":"BLISTER HALLOWEEN STRASS  x12 FP331-05 CA","categoria":"Halloween","subcategoria":"Accesorios Para Disfraz","precio":8920.72,"destacado":false,"descripcion":"","imagen":"assets/products/CA-202550000331.webp","tags":["blister","halloween","strass","x12","fp331"]},{"id":"CA-202560000331","nombre":"BLISTER HALLOWEEN STRASS  x12 FP331-06 CA","categoria":"Halloween","subcategoria":"Accesorios Para Disfraz","precio":8920.72,"destacado":false,"descripcion":"","imagen":"assets/products/CA-202560000331.webp","tags":["blister","halloween","strass","x12","fp331"]},{"id":"CA-696810370560","nombre":"BLISTER STRASS PARA LA CARA HALLOWEEN GRANDE x12 DA8159A","categoria":"Halloween","subcategoria":"Accesorios Para Disfraz","precio":18566.52,"destacado":false,"descripcion":"","imagen":"assets/products/CA-696810370560.webp","tags":["blister","strass","para","cara","halloween","grande","x12","da8159a"]},{"id":"CA-072737310279","nombre":"BOA FLORES SEDA CON LUZ HALLOWEEN (NARANJA Y NEGRO)1,80 mts x1","categoria":"Halloween","subcategoria":"Accesorios Para Disfraz","precio":10355.2,"destacado":false,"descripcion":"","imagen":"assets/products/CA-072737310279.webp","tags":["boa","flores","seda","con","luz","halloween","naranja","negro","mts"]},{"id":"CA-072737310280","nombre":"BOA FLORES SEDA HALLOWEEN (NARANJA Y NEGRO) 1,80 mts x1","categoria":"Halloween","subcategoria":"Accesorios Para Disfraz","precio":8863.67,"destacado":false,"descripcion":"","imagen":"assets/products/CA-072737310280.webp","tags":["boa","flores","seda","halloween","naranja","negro","mts"]}]}