{"category_slug":"halloween","subcategory_slug":"","page":22,"page_size":48,"total":1262,"items":[{"id":"CA-779908804462","nombre":"PISTOLA CON BANDERA BANG x1 GOAC51  PS","categoria":"Halloween","subcategoria":"Accesorios Para Disfraz","precio":2877.0,"destacado":false,"descripcion":"","imagen":"assets/products/CA-779908804462.webp","tags":["pistola","con","bandera","bang","goac51"]},{"id":"CA-000000030445","nombre":"PLACA PARA CHUPETIN GORRO BRUJA Nº2464 x4 ALCIRA","categoria":"Halloween","subcategoria":"Mesa Y Accesorios De Bazar","precio":2430.0,"destacado":false,"descripcion":"","imagen":"assets/products/CA-000000030445.webp","tags":["placa","para","chupetin","gorro","bruja","nº2464","alcira"]},{"id":"CA-000000030447","nombre":"PLACA PARA CHUPETIN TRANSP.x4 CALABAZA Nº2482 ALCIRA","categoria":"Halloween","subcategoria":"Mesa Y Accesorios De Bazar","precio":2448.0,"destacado":false,"descripcion":"","imagen":"assets/products/CA-000000030447.webp","tags":["placa","para","chupetin","transp","calabaza","nº2482","alcira"]},{"id":"CA-000000033117","nombre":"PLACA PARA CHUPETIN TRANSP.x4 CALAVERA Nº2520","categoria":"Halloween","subcategoria":"Mesa Y Accesorios De Bazar","precio":2448.0,"destacado":false,"descripcion":"","imagen":"assets/products/CA-000000033117.webp","tags":["placa","para","chupetin","transp","calavera","nº2520"]},{"id":"CA-000000030449","nombre":"PLACA PARA CHUPETIN TRANSP.x4 FANTASMA Nº2475 ALCIRA","categoria":"Halloween","subcategoria":"Mesa Y Accesorios De Bazar","precio":2448.0,"destacado":false,"descripcion":"","imagen":"assets/products/CA-000000030449.webp","tags":["placa","para","chupetin","transp","fantasma","nº2475","alcira"]},{"id":"CA-779842285263","nombre":"PLATO CUADRADO CHICO HALLOWEEN FONDO NEGRO x8u. C.O","categoria":"Halloween","subcategoria":"Otero/Linea Halloween","precio":1193.4,"destacado":false,"descripcion":"","imagen":"assets/products/CA-779842285263.webp","tags":["plato","cuadrado","chico","halloween","fondo","negro","x8u"]},{"id":"CA-779905101180","nombre":"PLATO HALLOWEEN EFECTO 3D 828 x8 GM","categoria":"Halloween","subcategoria":"Ambientacion","precio":1173.49,"destacado":false,"descripcion":"","imagen":"assets/products/CA-779905101180.webp","tags":["plato","halloween","efecto","828"]},{"id":"CA-779905101175","nombre":"PLATO HALLOWEEN TORNADOLADO 808 x8 GM","categoria":"Halloween","subcategoria":"Ambientacion","precio":1173.49,"destacado":false,"descripcion":"","imagen":"assets/products/CA-779905101175.webp","tags":["plato","halloween","tornadolado","808"]},{"id":"CA-000000036688","nombre":"POLLERA BRUJA NIÑA ECONOMICA x1 CROSTI art.70","categoria":"Halloween","subcategoria":"Accesorios Para Disfraz","precio":4252.5,"destacado":false,"descripcion":"","imagen":"assets/products/CA-000000036688.webp","tags":["pollera","bruja","niña","economica","crosti","art"]},{"id":"CA-000000031932","nombre":"POLLERA DIABLITA NIÑA CON COLA x1 CROSTI art.68","categoria":"Halloween","subcategoria":"Accesorios Para Disfraz","precio":4252.5,"destacado":false,"descripcion":"","imagen":"assets/products/CA-000000031932.webp","tags":["pollera","diablita","niña","con","cola","crosti","art"]},{"id":"CA-000000031941","nombre":"POLLERA PIRATA x1 CROSTI art.69","categoria":"Halloween","subcategoria":"Accesorios Para Disfraz","precio":5265.0,"destacado":false,"descripcion":"","imagen":"assets/products/CA-000000031941.webp","tags":["pollera","pirata","crosti","art"]},{"id":"CA-000000057755","nombre":"PORTAVELA HALLOWEEN ARAÑA PROYECTOR DE SOMBRAS 3D x1","categoria":"Halloween","subcategoria":"Ambientacion","precio":2430.0,"destacado":false,"descripcion":"","imagen":"assets/products/CA-000000057755.webp","tags":["portavela","halloween","araña","proyector","sombras"]},{"id":"CA-000000057754","nombre":"PORTAVELA HALLOWEEN BRUJA PROYECTOR DE SOMBRAS 3D x1","categoria":"Halloween","subcategoria":"Ambientacion","precio":2430.0,"destacado":false,"descripcion":"","imagen":"assets/products/CA-000000057754.webp","tags":["portavela","halloween","bruja","proyector","sombras"]},{"id":"CA-000000057753","nombre":"PORTAVELA HALLOWEEN CALABAZA PROYECTOR DE SOMBRAS 3D x1","categoria":"Halloween","subcategoria":"Ambientacion","precio":2430.0,"destacado":false,"descripcion":"","imagen":"assets/products/CA-000000057753.webp","tags":["portavela","halloween","calabaza","proyector","sombras"]},{"id":"CA-000000057752","nombre":"PORTAVELA HALLOWEEN FANTASMA PROYECTOR DE SOMBRAS 3D x1","categoria":"Halloween","subcategoria":"Ambientacion","precio":2430.0,"destacado":false,"descripcion":"","imagen":"assets/products/CA-000000057752.webp","tags":["portavela","halloween","fantasma","proyector","sombras"]},{"id":"CA-000000100730","nombre":"PUÑAL PIRATA CON CALAVERAS STASIO x1 7305","categoria":"Halloween","subcategoria":"Accesorios Para Disfraz","precio":2455.43,"destacado":false,"descripcion":"","imagen":"assets/products/CA-000000100730.webp","tags":["puñal","pirata","con","calaveras","stasio","7305"]},{"id":"CA-000000007361","nombre":"RATA STASIO x2 7361","categoria":"Halloween","subcategoria":"Arañas - Insectos Y Bichos","precio":1225.34,"destacado":false,"descripcion":"","imagen":"assets/products/CA-000000007361.webp","tags":["rata","stasio","7361"]},{"id":"CA-000000048051","nombre":"RATITAS DE GOMA FLUO x12","categoria":"Halloween","subcategoria":"Arañas - Insectos Y Bichos","precio":673.62,"destacado":false,"descripcion":"","imagen":"assets/products/CA-000000048051.webp","tags":["ratitas","goma","fluo","x12"]},{"id":"CA-000000048050","nombre":"RATITAS DE GOMA x12","categoria":"Halloween","subcategoria":"Arañas - Insectos Y Bichos","precio":673.62,"destacado":false,"descripcion":"","imagen":"assets/products/CA-000000048050.webp","tags":["ratitas","goma","x12"]},{"id":"CA-779908802600","nombre":"REVOLVER COWBOY PLASTICO x1 GOAC20","categoria":"Halloween","subcategoria":"Accesorios Para Disfraz","precio":2781.1,"destacado":false,"descripcion":"","imagen":"assets/products/CA-779908802600.webp","tags":["revolver","cowboy","plastico","goac20"]},{"id":"CA-075469751287","nombre":"SANGRE ARTIFICIAL COMESTIBLE ROJA RADHA 15 gr. X 4 UNIDADES","categoria":"Halloween","subcategoria":"Accesorios Para Disfraz","precio":2646.17,"destacado":false,"descripcion":"","imagen":"assets/products/CA-075469751287.webp","tags":["sangre","artificial","comestible","roja","radha","unidades"]},{"id":"CA-690102850250","nombre":"SANGRE LIQUIDA ROJA ARTELIGTH 10 ml. X 3 UNIDADES ART.2054","categoria":"Halloween","subcategoria":"Accesorios Para Disfraz","precio":1534.95,"destacado":false,"descripcion":"","imagen":"assets/products/CA-690102850250.webp","tags":["sangre","liquida","roja","arteligth","unidades","art","2054"]},{"id":"CA-779830177621","nombre":"SANGRE LIQUIDA ROJA EN SPRAY 30 ml. X 3 UNIDADES ART.81801 PINTAFAN","categoria":"Halloween","subcategoria":"Accesorios Para Disfraz","precio":2566.08,"destacado":false,"descripcion":"","imagen":"assets/products/CA-779830177621.webp","tags":["sangre","liquida","roja","spray","unidades","art","81801","pintafan"]},{"id":"CA-779827381819","nombre":"SANGRE LIQUIDA ROJA PINTAFAN 20 ml. X 6 UNIDADES ART.980-0001","categoria":"Halloween","subcategoria":"Accesorios Para Disfraz","precio":3017.95,"destacado":false,"descripcion":"","imagen":"assets/products/CA-779827381819.webp","tags":["sangre","liquida","roja","pintafan","unidades","art","980","0001"]},{"id":"CA-000001100324","nombre":"SERRUCHO CON SANGRE STASIO x1 HS0008-S","categoria":"Halloween","subcategoria":"Accesorios Para Disfraz","precio":2781.61,"destacado":false,"descripcion":"","imagen":"assets/products/CA-000001100324.webp","tags":["serrucho","con","sangre","stasio","hs0008"]},{"id":"CA-779842285264","nombre":"SERVILLETA HALLOWEEN FONDO NEGRO x20u. C.O","categoria":"Halloween","subcategoria":"Otero/Linea Halloween","precio":1192.3,"destacado":false,"descripcion":"","imagen":"assets/products/CA-779842285264.webp","tags":["servilleta","halloween","fondo","negro","x20u"]},{"id":"CA-779905100691","nombre":"SERVILLETA HALLOWEEN x20 GM 629","categoria":"Halloween","subcategoria":"Mesa Y Accesorios De Bazar","precio":845.44,"destacado":false,"descripcion":"","imagen":"assets/products/CA-779905100691.webp","tags":["servilleta","halloween","x20","629"]},{"id":"CA-000000050336","nombre":"SERVILLETA TISSUE HALLOWEEN SANGRIENTA NAPTRES 32x32 (BULTO 48x20u.)","categoria":"Halloween","subcategoria":"Mesa Y Accesorios De Bazar","precio":30600.13,"destacado":false,"descripcion":"","imagen":"assets/products/CA-000000050336.webp","tags":["servilleta","tissue","halloween","sangrienta","naptres","32x32","bulto","48x20u"]},{"id":"CA-000000050337","nombre":"SERVILLETA TISSUE HALLOWEEN SANGRIENTA NAPTRES 32x32 x20u.","categoria":"Halloween","subcategoria":"Mesa Y Accesorios De Bazar","precio":688.5,"destacado":false,"descripcion":"","imagen":"assets/products/CA-000000050337.webp","tags":["servilleta","tissue","halloween","sangrienta","naptres","32x32","x20u"]},{"id":"CA-000000048263","nombre":"SERVILLETA TISSUE HALLOWEEN TELA ARAÑA NAPTRES 32x32 (BULTO 48x20u.)","categoria":"Halloween","subcategoria":"Mesa Y Accesorios De Bazar","precio":30600.13,"destacado":false,"descripcion":"","imagen":"assets/products/CA-000000048263.webp","tags":["servilleta","tissue","halloween","tela","araña","naptres","32x32","bulto","48x20u"]},{"id":"CA-000000048264","nombre":"SERVILLETA TISSUE HALLOWEEN TELA ARAÑA NAPTRES 32x32 x20u.","categoria":"Halloween","subcategoria":"Mesa Y Accesorios De Bazar","precio":688.5,"destacado":false,"descripcion":"","imagen":"assets/products/CA-000000048264.webp","tags":["servilleta","tissue","halloween","tela","araña","naptres","32x32","x20u"]},{"id":"CA-000000050312","nombre":"SET  GUASON x1 (careta,pechera,revolver)","categoria":"Halloween","subcategoria":"Set De Disfraces/Capas","precio":4920.75,"destacado":false,"descripcion":"","imagen":"assets/products/CA-000000050312.webp","tags":["set","guason","careta","pechera","revolver"]},{"id":"CA-779908805394","nombre":"SET 2 BANNERS SANGRIENTOS 180x30cm HD794 PS","categoria":"Halloween","subcategoria":"Ambientacion","precio":8103.55,"destacado":false,"descripcion":"","imagen":"assets/products/CA-779908805394.webp","tags":["set","banners","sangrientos","180x30cm","hd794"]},{"id":"CA-779908805243","nombre":"SET 3 FANTASMAS ESTACA CON LUZ (49cmx160cmx7cm) x1 HD668 PS","categoria":"Halloween","subcategoria":"Ambientacion","precio":22536.5,"destacado":false,"descripcion":"","imagen":"assets/products/CA-779908805243.webp","tags":["set","fantasmas","estaca","con","luz","49cmx160cmx7cm","hd668"]},{"id":"CA-779814781802","nombre":"SET ADULTO/ADOLESCENTE CALACA REMERA CON GUANTES x1 CANDELA","categoria":"Halloween","subcategoria":"Set De Disfraces/Capas","precio":7743.09,"destacado":false,"descripcion":"","imagen":"assets/products/CA-779814781802.webp","tags":["set","adulto","adolescente","calaca","remera","con","guantes","candela"]},{"id":"CA-779814781799","nombre":"SET ADULTO/ADOLESCENTE ESQUELETO REMERA CON CAPUCHA x1 CANDELA","categoria":"Halloween","subcategoria":"Set De Disfraces/Capas","precio":9089.72,"destacado":false,"descripcion":"","imagen":"assets/products/CA-779814781799.webp","tags":["set","adulto","adolescente","esqueleto","remera","con","capucha","candela"]},{"id":"CA-690240009594","nombre":"SET ALA Y POLLERA CON PLUMAS x1 DG9594A","categoria":"Halloween","subcategoria":"Set De Disfraces/Capas","precio":5348.0,"destacado":false,"descripcion":"","imagen":"assets/products/CA-690240009594.webp","tags":["set","ala","pollera","con","plumas","dg9594a"]},{"id":"CA-679749920300","nombre":"SET ALAS BRILLO DORADO (VINCHA-VARITA) x1 DA0030-02 CA","categoria":"Halloween","subcategoria":"Accesorios Para Disfraz","precio":2078.56,"destacado":false,"descripcion":"","imagen":"assets/products/CA-679749920300.webp","tags":["set","alas","brillo","dorado","vincha","varita","da0030"]},{"id":"CA-679749930300","nombre":"SET ALAS BRILLO DORADO (VINCHA-VARITA) x1 DA0030-03 CA","categoria":"Halloween","subcategoria":"Accesorios Para Disfraz","precio":2078.56,"destacado":false,"descripcion":"","imagen":"assets/products/CA-679749930300.webp","tags":["set","alas","brillo","dorado","vincha","varita","da0030"]},{"id":"CA-679740820506","nombre":"SET BASE Y GLOBOS HALLOWEEN MULTICOLOR  x1 PA0506 CA","categoria":"Halloween","subcategoria":"Ambientacion","precio":3092.18,"destacado":false,"descripcion":"","imagen":"assets/products/CA-679740820506.webp","tags":["set","base","globos","halloween","multicolor","pa0506"]},{"id":"CA-679740820505","nombre":"SET BASE Y GLOBOS HALLOWEEN NARANJA  x1 PA0505 CA","categoria":"Halloween","subcategoria":"Ambientacion","precio":3092.18,"destacado":false,"descripcion":"","imagen":"assets/products/CA-679740820505.webp","tags":["set","base","globos","halloween","naranja","pa0505"]},{"id":"CA-779908805404","nombre":"SET CALAVERA Y BRAZOS DE LA CRIPTA LUZ LED (BRAZOS 46 CM, CRANEO 14x16x19cm) x1 HD804 PS","categoria":"Halloween","subcategoria":"Ambientacion","precio":20139.0,"destacado":false,"descripcion":"","imagen":"assets/products/CA-779908805404.webp","tags":["set","calavera","brazos","cripta","luz","led","brazos","craneo","14x16x19cm","hd804"]},{"id":"CA-000000032199","nombre":"SET CAPA NIÑO DRACULA CON YABOT Y COLLAR CROSTI x1 art.72","categoria":"Halloween","subcategoria":"Set De Disfraces/Capas","precio":5265.0,"destacado":false,"descripcion":"","imagen":"assets/products/CA-000000032199.webp","tags":["set","capa","niño","dracula","con","yabot","collar","crosti","art"]},{"id":"CA-779814781807","nombre":"SET DE HALLOWEEN ADULTO/ADOLESCENTE CAPA CON VINCHA MALEFICA CANDELA x1","categoria":"Halloween","subcategoria":"Set De Disfraces/Capas","precio":8483.74,"destacado":false,"descripcion":"","imagen":"assets/products/CA-779814781807.webp","tags":["set","halloween","adulto","adolescente","capa","con","vincha","malefica","candela"]},{"id":"CA-779814781806","nombre":"SET DE HALLOWEEN NIÑA CAPA CON VINCHA MALEFICA CANDELA x1","categoria":"Halloween","subcategoria":"Set De Disfraces/Capas","precio":7791.19,"destacado":false,"descripcion":"","imagen":"assets/products/CA-779814781806.webp","tags":["set","halloween","niña","capa","con","vincha","malefica","candela"]},{"id":"CA-779814781803","nombre":"SET DE HALLOWEEN NIÑO ESQUELETO PECHERA CON CAPUCHA x1 CANDELA","categoria":"Halloween","subcategoria":"Set De Disfraces/Capas","precio":7791.19,"destacado":false,"descripcion":"","imagen":"assets/products/CA-779814781803.webp","tags":["set","halloween","niño","esqueleto","pechera","con","capucha","candela"]},{"id":"CA-202500000436","nombre":"SET DELANTAL Y CUCHILLO HALLOWEEN x2 FP436 C A","categoria":"Halloween","subcategoria":"Set De Disfraces/Capas","precio":4710.4,"destacado":false,"descripcion":"","imagen":"assets/products/CA-202500000436.webp","tags":["set","delantal","cuchillo","halloween","fp436"]},{"id":"CA-202590000170","nombre":"SET DIABLITA TUTU ALA VINCHA TRIDENTE x1 DC170 C A","categoria":"Halloween","subcategoria":"Set De Disfraces/Capas","precio":7693.74,"destacado":false,"descripcion":"","imagen":"assets/products/CA-202590000170.webp","tags":["set","diablita","tutu","ala","vincha","tridente","dc170"]}]}