{"category_slug":"halloween","subcategory_slug":"","page":6,"page_size":48,"total":1262,"items":[{"id":"CA-202590000256","nombre":"CARETA CALABAZA HALLOWEEN CON LUZ x3 DC256 CA","categoria":"Halloween","subcategoria":"Mascaras De Latex - Goma Eva / Caretas Plasticas","precio":7407.5,"destacado":false,"descripcion":"","imagen":"assets/products/CA-202590000256.webp","tags":["careta","calabaza","halloween","con","luz","dc256"]},{"id":"CA-679740820044","nombre":"CARETA CALAVERA IMPRESA CON LUZ  x1 PA0044-01 CA","categoria":"Halloween","subcategoria":"Mascaras De Latex - Goma Eva / Caretas Plasticas","precio":10009.22,"destacado":false,"descripcion":"","imagen":"assets/products/CA-679740820044.webp","tags":["careta","calavera","impresa","con","luz","pa0044"]},{"id":"CA-679740822044","nombre":"CARETA CALAVERA TERROR CON LUZ  x1 PA0044-02 CA","categoria":"Halloween","subcategoria":"Mascaras De Latex - Goma Eva / Caretas Plasticas","precio":10009.22,"destacado":false,"descripcion":"","imagen":"assets/products/CA-679740822044.webp","tags":["careta","calavera","terror","con","luz","pa0044"]},{"id":"CA-679740824044","nombre":"CARETA CALAVERA TERROR CON LUZ  x1 PA0044-04 CA","categoria":"Halloween","subcategoria":"Mascaras De Latex - Goma Eva / Caretas Plasticas","precio":10009.22,"destacado":false,"descripcion":"","imagen":"assets/products/CA-679740824044.webp","tags":["careta","calavera","terror","con","luz","pa0044"]},{"id":"CA-779908804712","nombre":"CARETA CANIBAL x1 AC430  PS","categoria":"Halloween","subcategoria":"Mascaras De Latex - Goma Eva / Caretas Plasticas","precio":1932.39,"destacado":false,"descripcion":"","imagen":"assets/products/CA-779908804712.webp","tags":["careta","canibal","ac430"]},{"id":"CA-202570000158","nombre":"CARETA CHUKY CON LUZ Y PELO x2 FP0158-07 CA","categoria":"Halloween","subcategoria":"Mascaras De Latex - Goma Eva / Caretas Plasticas","precio":6568.24,"destacado":false,"descripcion":"","imagen":"assets/products/CA-202570000158.webp","tags":["careta","chuky","con","luz","pelo","fp0158"]},{"id":"CA-237187613368","nombre":"CARETA CON TELA  PLASTICA GUASON  x3 3368T","categoria":"Halloween","subcategoria":"Mascaras De Latex - Goma Eva / Caretas Plasticas","precio":3201.69,"destacado":false,"descripcion":"","imagen":"assets/products/CA-237187613368.webp","tags":["careta","con","tela","plastica","guason","3368t"]},{"id":"CA-237187613265","nombre":"CARETA CON TELA PLASTICA CALABAZA x3 3265T","categoria":"Halloween","subcategoria":"Mascaras De Latex - Goma Eva / Caretas Plasticas","precio":3201.69,"destacado":false,"descripcion":"","imagen":"assets/products/CA-237187613265.webp","tags":["careta","con","tela","plastica","calabaza","3265t"]},{"id":"CA-237185613350","nombre":"CARETA CON TELA PLASTICA CALACA FLUO x3 3350T","categoria":"Halloween","subcategoria":"Mascaras De Latex - Goma Eva / Caretas Plasticas","precio":3201.69,"destacado":false,"descripcion":"","imagen":"assets/products/CA-237185613350.webp","tags":["careta","con","tela","plastica","calaca","fluo","3350t"]},{"id":"CA-237187613321","nombre":"CARETA CON TELA PLASTICA CALAVERA x3 3321T","categoria":"Halloween","subcategoria":"Mascaras De Latex - Goma Eva / Caretas Plasticas","precio":3201.69,"destacado":false,"descripcion":"","imagen":"assets/products/CA-237187613321.webp","tags":["careta","con","tela","plastica","calavera","3321t"]},{"id":"CA-237187613370","nombre":"CARETA CON TELA PLASTICA ESPECTRO FLUO x3 3370T","categoria":"Halloween","subcategoria":"Mascaras De Latex - Goma Eva / Caretas Plasticas","precio":3201.69,"destacado":false,"descripcion":"","imagen":"assets/products/CA-237187613370.webp","tags":["careta","con","tela","plastica","espectro","fluo","3370t"]},{"id":"CA-237187613331","nombre":"CARETA CON TELA PLASTICA HOMBRE LOBO x3 3331T","categoria":"Halloween","subcategoria":"Mascaras De Latex - Goma Eva / Caretas Plasticas","precio":3201.69,"destacado":false,"descripcion":"","imagen":"assets/products/CA-237187613331.webp","tags":["careta","con","tela","plastica","hombre","lobo","3331t"]},{"id":"CA-237187613336","nombre":"CARETA CON TELA PLASTICA MARTES 13 x3 3336T","categoria":"Halloween","subcategoria":"Mascaras De Latex - Goma Eva / Caretas Plasticas","precio":3201.69,"destacado":false,"descripcion":"","imagen":"assets/products/CA-237187613336.webp","tags":["careta","con","tela","plastica","martes","3336t"]},{"id":"CA-237185613352","nombre":"CARETA CON TELA PLASTICA MONJA ZOMBIE EL CONJURO x3 3352T","categoria":"Halloween","subcategoria":"Mascaras De Latex - Goma Eva / Caretas Plasticas","precio":3201.69,"destacado":false,"descripcion":"","imagen":"assets/products/CA-237185613352.webp","tags":["careta","con","tela","plastica","monja","zombie","conjuro","3352t"]},{"id":"CA-237187653321","nombre":"CARETA CON TELA PLASTICA NEGRA CALAVERA TOTAL BLACK x3 3321BT","categoria":"Halloween","subcategoria":"Mascaras De Latex - Goma Eva / Caretas Plasticas","precio":3201.69,"destacado":false,"descripcion":"","imagen":"assets/products/CA-237187653321.webp","tags":["careta","con","tela","plastica","negra","calavera","total","black","3321bt"]},{"id":"CA-237187653370","nombre":"CARETA CON TELA PLASTICA NEGRA ESPECTRO TOTAL BLACK x3 3370BT","categoria":"Halloween","subcategoria":"Mascaras De Latex - Goma Eva / Caretas Plasticas","precio":3201.69,"destacado":false,"descripcion":"","imagen":"assets/products/CA-237187653370.webp","tags":["careta","con","tela","plastica","negra","espectro","total","black","3370bt"]},{"id":"CA-237187613343","nombre":"CARETA CON TELA PLASTICA SCREAM MOVIE x3 3343T","categoria":"Halloween","subcategoria":"Mascaras De Latex - Goma Eva / Caretas Plasticas","precio":3201.69,"destacado":false,"descripcion":"","imagen":"assets/products/CA-237187613343.webp","tags":["careta","con","tela","plastica","scream","movie","3343t"]},{"id":"CA-237187613325","nombre":"CARETA CON TELA PLASTICA SCREAM x3 3325T","categoria":"Halloween","subcategoria":"Mascaras De Latex - Goma Eva / Caretas Plasticas","precio":3201.69,"destacado":false,"descripcion":"","imagen":"assets/products/CA-237187613325.webp","tags":["careta","con","tela","plastica","scream","3325t"]},{"id":"CA-237187633374","nombre":"CARETA CON VELO SANGRE PLASTICA BEBE TERROR x3 3374VS","categoria":"Halloween","subcategoria":"Mascaras De Latex - Goma Eva / Caretas Plasticas","precio":2408.29,"destacado":false,"descripcion":"","imagen":"assets/products/CA-237187633374.webp","tags":["careta","con","velo","sangre","plastica","bebe","terror","3374vs"]},{"id":"CA-237187633538","nombre":"CARETA CON VELO SANGRE PLASTICA BLANCA x3 3538VS","categoria":"Halloween","subcategoria":"Mascaras De Latex - Goma Eva / Caretas Plasticas","precio":2408.29,"destacado":false,"descripcion":"","imagen":"assets/products/CA-237187633538.webp","tags":["careta","con","velo","sangre","plastica","blanca","3538vs"]},{"id":"CA-237187633321","nombre":"CARETA CON VELO SANGRE PLASTICA CALAVERA x3 3321VS","categoria":"Halloween","subcategoria":"Mascaras De Latex - Goma Eva / Caretas Plasticas","precio":2408.29,"destacado":false,"descripcion":"","imagen":"assets/products/CA-237187633321.webp","tags":["careta","con","velo","sangre","plastica","calavera","3321vs"]},{"id":"CA-237187633375","nombre":"CARETA CON VELO SANGRE PLASTICA ESPECTRO x3  3375VS","categoria":"Halloween","subcategoria":"Mascaras De Latex - Goma Eva / Caretas Plasticas","precio":2408.29,"destacado":false,"descripcion":"","imagen":"assets/products/CA-237187633375.webp","tags":["careta","con","velo","sangre","plastica","espectro","3375vs"]},{"id":"CA-237187633370","nombre":"CARETA CON VELO SANGRE PLASTICA ESPECTRO x3 3375VS","categoria":"Halloween","subcategoria":"Mascaras De Latex - Goma Eva / Caretas Plasticas","precio":2408.29,"destacado":false,"descripcion":"","imagen":"assets/products/CA-237187633370.webp","tags":["careta","con","velo","sangre","plastica","espectro","3375vs"]},{"id":"CA-237187633373","nombre":"CARETA CON VELO SANGRE PLASTICA TERRIFIER x3 3373VS","categoria":"Halloween","subcategoria":"Mascaras De Latex - Goma Eva / Caretas Plasticas","precio":2408.29,"destacado":false,"descripcion":"","imagen":"assets/products/CA-237187633373.webp","tags":["careta","con","velo","sangre","plastica","terrifier","3373vs"]},{"id":"CA-779908805710","nombre":"CARETA ESPARTANA  x1 GO210-B  PS","categoria":"Halloween","subcategoria":"Mascaras De Latex - Goma Eva / Caretas Plasticas","precio":2426.27,"destacado":false,"descripcion":"","imagen":"assets/products/CA-779908805710.webp","tags":["careta","espartana","go210"]},{"id":"CA-691566401535","nombre":"CARETA MARSHMELLO CON LED  x1 MM15-35","categoria":"Halloween","subcategoria":"Mascaras De Latex - Goma Eva / Caretas Plasticas","precio":6744.07,"destacado":false,"descripcion":"","imagen":"assets/products/CA-691566401535.webp","tags":["careta","marshmello","con","led","mm15"]},{"id":"CA-679740820118","nombre":"CARETA MIMO SANGRIENTO CON TULL Y PELO x1 PA0118 CA","categoria":"Halloween","subcategoria":"Mascaras De Latex - Goma Eva / Caretas Plasticas","precio":2689.92,"destacado":false,"descripcion":"","imagen":"assets/products/CA-679740820118.webp","tags":["careta","mimo","sangriento","con","tull","pelo","pa0118"]},{"id":"CA-679740820567","nombre":"CARETA MOMO TERROR CON PELO  x3 PA0567 CA","categoria":"Halloween","subcategoria":"Mascaras De Latex - Goma Eva / Caretas Plasticas","precio":7423.44,"destacado":false,"descripcion":"","imagen":"assets/products/CA-679740820567.webp","tags":["careta","momo","terror","con","pelo","pa0567"]},{"id":"CA-202560000157","nombre":"CARETA PAYASO CON PELO Y LUZ x2 FP0157-06 CA","categoria":"Halloween","subcategoria":"Mascaras De Latex - Goma Eva / Caretas Plasticas","precio":4406.55,"destacado":false,"descripcion":"","imagen":"assets/products/CA-202560000157.webp","tags":["careta","payaso","con","pelo","luz","fp0157"]},{"id":"CA-679740820115","nombre":"CARETA PAYASO DIABOLICO CON PELO x1 PA0115 CA","categoria":"Halloween","subcategoria":"Mascaras De Latex - Goma Eva / Caretas Plasticas","precio":2078.56,"destacado":false,"descripcion":"","imagen":"assets/products/CA-679740820115.webp","tags":["careta","payaso","diabolico","con","pelo","pa0115"]},{"id":"CA-679740820116","nombre":"CARETA PAYASO DIABOLICO CON RULOS x3 PA0116 CA","categoria":"Halloween","subcategoria":"Mascaras De Latex - Goma Eva / Caretas Plasticas","precio":4988.57,"destacado":false,"descripcion":"","imagen":"assets/products/CA-679740820116.webp","tags":["careta","payaso","diabolico","con","rulos","pa0116"]},{"id":"CA-679740820117","nombre":"CARETA PAYASO IT CON PELO x3 PA0117 CA","categoria":"Halloween","subcategoria":"Mascaras De Latex - Goma Eva / Caretas Plasticas","precio":5868.9,"destacado":false,"descripcion":"","imagen":"assets/products/CA-679740820117.webp","tags":["careta","payaso","con","pelo","pa0117"]},{"id":"CA-000000047823","nombre":"CARETA PERSONAJE DRACULIN RIGIDA x1","categoria":"Halloween","subcategoria":"Mascaras De Latex - Goma Eva / Caretas Plasticas","precio":2767.5,"destacado":false,"descripcion":"","imagen":"assets/products/CA-000000047823.webp","tags":["careta","personaje","draculin","rigida"]},{"id":"CA-000000047828","nombre":"CARETA PERSONAJE ESQUELETO RIGIDA x1","categoria":"Halloween","subcategoria":"Mascaras De Latex - Goma Eva / Caretas Plasticas","precio":2767.5,"destacado":false,"descripcion":"","imagen":"assets/products/CA-000000047828.webp","tags":["careta","personaje","esqueleto","rigida"]},{"id":"CA-000000047826","nombre":"CARETA PERSONAJE FANTASMITA RIGIDA x1","categoria":"Halloween","subcategoria":"Mascaras De Latex - Goma Eva / Caretas Plasticas","precio":2767.5,"destacado":false,"descripcion":"","imagen":"assets/products/CA-000000047826.webp","tags":["careta","personaje","fantasmita","rigida"]},{"id":"CA-000000047824","nombre":"CARETA PERSONAJE FRANKY RIGIDA x1","categoria":"Halloween","subcategoria":"Accesorios Para Disfraz","precio":2767.5,"destacado":false,"descripcion":"","imagen":"assets/products/CA-000000047824.webp","tags":["careta","personaje","franky","rigida"]},{"id":"CA-000000047827","nombre":"CARETA PERSONAJE ZOMBIE JR RIGIDA x1","categoria":"Halloween","subcategoria":"Mascaras De Latex - Goma Eva / Caretas Plasticas","precio":2767.5,"destacado":false,"descripcion":"","imagen":"assets/products/CA-000000047827.webp","tags":["careta","personaje","zombie","rigida"]},{"id":"CA-237187603374","nombre":"CARETA PLASTICA BEBE TERROR x6 3374","categoria":"Halloween","subcategoria":"Mascaras De Latex - Goma Eva / Caretas Plasticas","precio":3083.02,"destacado":false,"descripcion":"","imagen":"assets/products/CA-237187603374.webp","tags":["careta","plastica","bebe","terror","3374"]},{"id":"CA-237187603245","nombre":"CARETA PLASTICA BRUJA x6 3245","categoria":"Halloween","subcategoria":"Mascaras De Latex - Goma Eva / Caretas Plasticas","precio":3083.02,"destacado":false,"descripcion":"","imagen":"assets/products/CA-237187603245.webp","tags":["careta","plastica","bruja","3245"]},{"id":"CA-237185603350","nombre":"CARETA PLASTICA CALACA FLUO x6 3350","categoria":"Halloween","subcategoria":"Mascaras De Latex - Goma Eva / Caretas Plasticas","precio":3360.69,"destacado":false,"descripcion":"","imagen":"assets/products/CA-237185603350.webp","tags":["careta","plastica","calaca","fluo","3350"]},{"id":"CA-237187603321","nombre":"CARETA PLASTICA CALAVERA CON SANGRE x6  3321","categoria":"Halloween","subcategoria":"Mascaras De Latex - Goma Eva / Caretas Plasticas","precio":2564.78,"destacado":false,"descripcion":"","imagen":"assets/products/CA-237187603321.webp","tags":["careta","plastica","calavera","con","sangre","3321"]},{"id":"CA-000000058153","nombre":"CARETA PLASTICA CALAVERA CON SANGRE x6 3321","categoria":"Halloween","subcategoria":"Mascaras De Latex - Goma Eva / Caretas Plasticas","precio":2564.78,"destacado":false,"descripcion":"","imagen":"assets/products/CA-000000058153.webp","tags":["careta","plastica","calavera","con","sangre","3321"]},{"id":"CA-000000058166","nombre":"CARETA PLASTICA CALAVERA x6 3321","categoria":"Halloween","subcategoria":"Mascaras De Latex - Goma Eva / Caretas Plasticas","precio":2564.78,"destacado":false,"descripcion":"","imagen":"assets/products/CA-000000058166.webp","tags":["careta","plastica","calavera","3321"]},{"id":"CA-237185603281","nombre":"CARETA PLASTICA CHUCKY x6 3281","categoria":"Halloween","subcategoria":"Mascaras De Latex - Goma Eva / Caretas Plasticas","precio":2707.18,"destacado":false,"descripcion":"","imagen":"assets/products/CA-237185603281.webp","tags":["careta","plastica","chucky","3281"]},{"id":"CA-237187613337","nombre":"CARETA PLASTICA CLOWN TERROR CON PELO x6 3337P","categoria":"Halloween","subcategoria":"Mascaras De Latex - Goma Eva / Caretas Plasticas","precio":4816.58,"destacado":false,"descripcion":"","imagen":"assets/products/CA-237187613337.webp","tags":["careta","plastica","clown","terror","con","pelo","3337p"]},{"id":"CA-237187603337","nombre":"CARETA PLASTICA CLOWN TERROR x6 3337","categoria":"Halloween","subcategoria":"Mascaras De Latex - Goma Eva / Caretas Plasticas","precio":3083.02,"destacado":false,"descripcion":"","imagen":"assets/products/CA-237187603337.webp","tags":["careta","plastica","clown","terror","3337"]},{"id":"CA-237187603366","nombre":"CARETA PLASTICA DIABLO / DEMONIO x6 3366","categoria":"Halloween","subcategoria":"Mascaras De Latex - Goma Eva / Caretas Plasticas","precio":3083.02,"destacado":false,"descripcion":"","imagen":"assets/products/CA-237187603366.webp","tags":["careta","plastica","diablo","demonio","3366"]},{"id":"CA-237187603367","nombre":"CARETA PLASTICA FREDDY x6 3367","categoria":"Halloween","subcategoria":"Mascaras De Latex - Goma Eva / Caretas Plasticas","precio":3083.02,"destacado":false,"descripcion":"","imagen":"assets/products/CA-237187603367.webp","tags":["careta","plastica","freddy","3367"]}]}