{"category_slug":"halloween","subcategory_slug":"","page":10,"page_size":48,"total":1262,"items":[{"id":"CA-779832235493","nombre":"CRUZ GRANDE PLASTICA 24cm x1 AC125 PS","categoria":"Halloween","subcategoria":"Accesorios Para Disfraz","precio":1438.5,"destacado":false,"descripcion":"","imagen":"assets/products/CA-779832235493.webp","tags":["cruz","grande","plastica","24cm","ac125"]},{"id":"CA-779908804623","nombre":"CUADRO EMBRUJADO (LUZ, SONIDO Y MOVIMIENTO) 57x36x16cm HD454 PS","categoria":"Halloween","subcategoria":"Ambientacion","precio":49196.7,"destacado":false,"descripcion":"","imagen":"assets/products/CA-779908804623.webp","tags":["cuadro","embrujado","luz","sonido","movimiento","57x36x16cm","hd454"]},{"id":"CA-000000038336","nombre":"CUCARACHAS PATRIMAR x12","categoria":"Halloween","subcategoria":"Arañas - Insectos Y Bichos","precio":780.93,"destacado":false,"descripcion":"","imagen":"assets/products/CA-000000038336.webp","tags":["cucarachas","patrimar","x12"]},{"id":"CA-000001001324","nombre":"CUCHILLA / MACHETE SANGRIENTO STASIO x1 HM0001-S","categoria":"Halloween","subcategoria":"Accesorios Para Disfraz","precio":2892.11,"destacado":false,"descripcion":"","imagen":"assets/products/CA-000001001324.webp","tags":["cuchilla","machete","sangriento","stasio","hm0001"]},{"id":"CA-000003000324","nombre":"CUCHILLA / MACHETE STASIO x1 HM0001","categoria":"Halloween","subcategoria":"Accesorios Para Disfraz","precio":2293.27,"destacado":false,"descripcion":"","imagen":"assets/products/CA-000003000324.webp","tags":["cuchilla","machete","stasio","hm0001"]},{"id":"CA-000000044474","nombre":"CUCHILLA PLASTICA x3","categoria":"Halloween","subcategoria":"Accesorios Para Disfraz","precio":1512.0,"destacado":false,"descripcion":"* (19/12/2025)","imagen":"assets/products/CA-000000044474.webp","tags":["cuchilla","plastica"]},{"id":"CA-779908803436","nombre":"CUCHILLO ENSANGRENTADO X 1 GOAC40 PS","categoria":"Halloween","subcategoria":"Accesorios Para Disfraz","precio":5945.8,"destacado":false,"descripcion":"","imagen":"assets/products/CA-779908803436.webp","tags":["cuchillo","ensangrentado","goac40"]},{"id":"CA-000005000040","nombre":"CUCHILLO PIRATA CON SANGRE STASIO x1 HP0002-S","categoria":"Halloween","subcategoria":"Accesorios Para Disfraz","precio":1845.86,"destacado":false,"descripcion":"","imagen":"assets/products/CA-000005000040.webp","tags":["cuchillo","pirata","con","sangre","stasio","hp0002"]},{"id":"CA-000005000030","nombre":"CUCHILLO PIRATA CORTO STASIO x1 HP0002","categoria":"Halloween","subcategoria":"Accesorios Para Disfraz","precio":1605.1,"destacado":false,"descripcion":"","imagen":"assets/products/CA-000005000030.webp","tags":["cuchillo","pirata","corto","stasio","hp0002"]},{"id":"CA-000000057756","nombre":"CUCHILLOS TERROR HALLOWEEN 3D x4 (v.modelos)","categoria":"Halloween","subcategoria":"Accesorios Para Disfraz","precio":6075.0,"destacado":false,"descripcion":"","imagen":"assets/products/CA-000000057756.webp","tags":["cuchillos","terror","halloween","modelos"]},{"id":"CA-779908803771","nombre":"CUERVO CON PLUMAS HALLOWEEN 12x17x7cm x1 HD073 PS","categoria":"Halloween","subcategoria":"Ambientacion","precio":8151.5,"destacado":false,"descripcion":"","imagen":"assets/products/CA-779908803771.webp","tags":["cuervo","con","plumas","halloween","12x17x7cm","hd073"]},{"id":"CA-779832235443","nombre":"DEDOS BRUJA CON UÑAS ROJAS x5 HD306 PS","categoria":"Halloween","subcategoria":"Accesorios Para Disfraz","precio":1318.63,"destacado":false,"descripcion":"","imagen":"assets/products/CA-779832235443.webp","tags":["dedos","bruja","con","uñas","rojas","hd306"]},{"id":"CA-000000054214","nombre":"DELANTAL CARNE FRESCA  HALLOWEEN x4 CROSTY art.213","categoria":"Halloween","subcategoria":"Accesorios Para Disfraz","precio":18225.0,"destacado":false,"descripcion":"","imagen":"assets/products/CA-000000054214.webp","tags":["delantal","carne","fresca","halloween","crosty","art","213"]},{"id":"CA-000000054212","nombre":"DELANTAL MANOS ESQUELETICAS HALLOWEEN x4 CROSTY art.217","categoria":"Halloween","subcategoria":"Accesorios Para Disfraz","precio":18225.0,"destacado":false,"descripcion":"","imagen":"assets/products/CA-000000054212.webp","tags":["delantal","manos","esqueleticas","halloween","crosty","art","217"]},{"id":"CA-000000032102","nombre":"DISFRAZ  PIRATA  CROSTI T1 x1","categoria":"Halloween","subcategoria":"Disfraces Niño / Niña","precio":10530.0,"destacado":false,"descripcion":"","imagen":"assets/products/CA-000000032102.webp","tags":["disfraz","pirata","crosti"]},{"id":"CA-000000031928","nombre":"DISFRAZ  PIRATA  CROSTI T2 x1","categoria":"Halloween","subcategoria":"Disfraces Niño / Niña","precio":10530.0,"destacado":false,"descripcion":"","imagen":"assets/products/CA-000000031928.webp","tags":["disfraz","pirata","crosti"]},{"id":"CA-000000031929","nombre":"DISFRAZ  PIRATA CROSTI T3 x1","categoria":"Halloween","subcategoria":"Disfraces Niño / Niña","precio":10530.0,"destacado":false,"descripcion":"","imagen":"assets/products/CA-000000031929.webp","tags":["disfraz","pirata","crosti"]},{"id":"CA-779908804872","nombre":"DISFRAZ ADULTO DIABLITA TALLE M x1 DI003M","categoria":"Halloween","subcategoria":"Disfraces Adulto","precio":16926.35,"destacado":false,"descripcion":"","imagen":"assets/products/CA-779908804872.webp","tags":["disfraz","adulto","diablita","talle","di003m"]},{"id":"CA-779908804871","nombre":"DISFRAZ ADULTO DIABLITA TALLE S x1 DI003S","categoria":"Halloween","subcategoria":"Disfraces Adulto","precio":16926.35,"destacado":false,"descripcion":"","imagen":"assets/products/CA-779908804871.webp","tags":["disfraz","adulto","diablita","talle","di003s"]},{"id":"CA-779908804889","nombre":"DISFRAZ ADULTO JOKER TALLE M x1 DI028M","categoria":"Halloween","subcategoria":"Disfraces Adulto","precio":36921.5,"destacado":false,"descripcion":"","imagen":"assets/products/CA-779908804889.webp","tags":["disfraz","adulto","joker","talle","di028m"]},{"id":"CA-779908805125","nombre":"DISFRAZ ADULTO PAYASO MALVADO TALLE L x1 DI045L","categoria":"Halloween","subcategoria":"Disfraces Adulto","precio":25557.35,"destacado":false,"descripcion":"","imagen":"assets/products/CA-779908805125.webp","tags":["disfraz","adulto","payaso","malvado","talle","di045l"]},{"id":"CA-779908805124","nombre":"DISFRAZ ADULTO PAYASO MALVADO TALLE M x1 DI045M","categoria":"Halloween","subcategoria":"Disfraces Adulto","precio":25557.35,"destacado":false,"descripcion":"","imagen":"assets/products/CA-779908805124.webp","tags":["disfraz","adulto","payaso","malvado","talle","di045m"]},{"id":"CA-779908805117","nombre":"DISFRAZ ADULTO PESADILLA HOMBRE TALLE L x1 DI041L","categoria":"Halloween","subcategoria":"Disfraces Adulto","precio":12826.63,"destacado":false,"descripcion":"","imagen":"assets/products/CA-779908805117.webp","tags":["disfraz","adulto","pesadilla","hombre","talle","di041l"]},{"id":"CA-779908805116","nombre":"DISFRAZ ADULTO PESADILLA HOMBRE TALLE M x1 DI041M","categoria":"Halloween","subcategoria":"Disfraces Adulto","precio":12826.63,"destacado":false,"descripcion":"","imagen":"assets/products/CA-779908805116.webp","tags":["disfraz","adulto","pesadilla","hombre","talle","di041m"]},{"id":"CA-779908805115","nombre":"DISFRAZ ADULTO PESADILLA MUJER TALLE M x1 DI040M","categoria":"Halloween","subcategoria":"Disfraces Adulto","precio":16398.9,"destacado":false,"descripcion":"","imagen":"assets/products/CA-779908805115.webp","tags":["disfraz","adulto","pesadilla","mujer","talle","di040m"]},{"id":"CA-779908805114","nombre":"DISFRAZ ADULTO PESADILLA MUJER TALLE S x1 DI040S","categoria":"Halloween","subcategoria":"Disfraces Adulto","precio":16398.9,"destacado":false,"descripcion":"","imagen":"assets/products/CA-779908805114.webp","tags":["disfraz","adulto","pesadilla","mujer","talle","di040s"]},{"id":"CA-779908804839","nombre":"DISFRAZ ADULTO POLICIA MUJER TALLE S x1 DI015S","categoria":"Halloween","subcategoria":"Disfraces Adulto","precio":30208.5,"destacado":false,"descripcion":"","imagen":"assets/products/CA-779908804839.webp","tags":["disfraz","adulto","policia","mujer","talle","di015s"]},{"id":"CA-779908805127","nombre":"DISFRAZ ADULTO PRISIONERA TALLE M x1 DI046M","categoria":"Halloween","subcategoria":"Disfraces Adulto","precio":20139.0,"destacado":false,"descripcion":"","imagen":"assets/products/CA-779908805127.webp","tags":["disfraz","adulto","prisionera","talle","di046m"]},{"id":"CA-779908805126","nombre":"DISFRAZ ADULTO PRISIONERA TALLE S x1 DI046S","categoria":"Halloween","subcategoria":"Disfraces Adulto","precio":20139.0,"destacado":false,"descripcion":"","imagen":"assets/products/CA-779908805126.webp","tags":["disfraz","adulto","prisionera","talle","di046s"]},{"id":"CA-779908804888","nombre":"DISFRAZ ADULTO THRILLER TALLE L x1 DI027L","categoria":"Halloween","subcategoria":"Disfraces Adulto","precio":31647.0,"destacado":false,"descripcion":"","imagen":"assets/products/CA-779908804888.webp","tags":["disfraz","adulto","thriller","talle","di027l"]},{"id":"CA-779908804887","nombre":"DISFRAZ ADULTO THRILLER TALLE M x1 DI027M","categoria":"Halloween","subcategoria":"Disfraces Adulto","precio":31647.0,"destacado":false,"descripcion":"","imagen":"assets/products/CA-779908804887.webp","tags":["disfraz","adulto","thriller","talle","di027m"]},{"id":"CA-779814781110","nombre":"DISFRAZ ADULTO/ADOLESCENTE BRUJA NARANJA C/GORRO ESPECIAL CANDELA T1 N130","categoria":"Halloween","subcategoria":"Disfraces Adulto","precio":16961.06,"destacado":false,"descripcion":"","imagen":"assets/products/CA-779814781110.webp","tags":["disfraz","adulto","adolescente","bruja","naranja","gorro","especial","candela","n130"]},{"id":"CA-779814781723","nombre":"DISFRAZ ADULTO/ADOLESCENTE CALACA (MUERTE MEXICANA) T1 CANDELA","categoria":"Halloween","subcategoria":"Disfraces Adulto","precio":18929.7,"destacado":false,"descripcion":"","imagen":"assets/products/CA-779814781723.webp","tags":["disfraz","adulto","adolescente","calaca","muerte","mexicana","candela"]},{"id":"CA-779814781724","nombre":"DISFRAZ ADULTO/ADOLESCENTE CALACA (MUERTE MEXICANA) T2 CANDELA","categoria":"Halloween","subcategoria":"Disfraces Adulto","precio":18929.7,"destacado":false,"descripcion":"","imagen":"assets/products/CA-779814781724.webp","tags":["disfraz","adulto","adolescente","calaca","muerte","mexicana","candela"]},{"id":"CA-000000032078","nombre":"DISFRAZ ADULTO/ADOLESCENTE DOCTOR ZOMBIE x1 CROSTI art.73","categoria":"Halloween","subcategoria":"Disfraces Adulto","precio":12825.0,"destacado":false,"descripcion":"","imagen":"assets/products/CA-000000032078.webp","tags":["disfraz","adulto","adolescente","doctor","zombie","crosti","art"]},{"id":"CA-000000032656","nombre":"DISFRAZ ADULTO/ADOLESCENTE LA PARKA  x1 CROSTI art.81","categoria":"Halloween","subcategoria":"Disfraces Adulto","precio":9382.5,"destacado":false,"descripcion":"","imagen":"assets/products/CA-000000032656.webp","tags":["disfraz","adulto","adolescente","parka","crosti","art"]},{"id":"CA-000000039114","nombre":"DISFRAZ ADULTO/ADOLESCENTE MUÑECO MALDITO x1 CROSTI art.88","categoria":"Halloween","subcategoria":"Disfraces Adulto","precio":10057.5,"destacado":false,"descripcion":"","imagen":"assets/products/CA-000000039114.webp","tags":["disfraz","adulto","adolescente","muñeco","maldito","crosti","art"]},{"id":"CA-000000057927","nombre":"DISFRAZ ADULTO/ADOLESCENTE PRISIONERO NARANJA  x1 CROSTI ART.236","categoria":"Halloween","subcategoria":"Disfraces Adulto","precio":9450.0,"destacado":false,"descripcion":"","imagen":"assets/products/CA-000000057927.webp","tags":["disfraz","adulto","adolescente","prisionero","naranja","crosti","art","236"]},{"id":"CA-000000053803","nombre":"DISFRAZ ARAÑA CON PATAS  O.N x1u. T1","categoria":"Halloween","subcategoria":"Disfraces Niño / Niña","precio":15592.5,"destacado":false,"descripcion":"","imagen":"assets/products/CA-000000053803.webp","tags":["disfraz","araña","con","patas","x1u"]},{"id":"CA-000000053804","nombre":"DISFRAZ ARAÑA CON PATAS  O.N x1u. T2","categoria":"Halloween","subcategoria":"Disfraces Niño / Niña","precio":15592.5,"destacado":false,"descripcion":"","imagen":"assets/products/CA-000000053804.webp","tags":["disfraz","araña","con","patas","x1u"]},{"id":"CA-000000053805","nombre":"DISFRAZ ARAÑA CON PATAS  O.N x1u. T3","categoria":"Halloween","subcategoria":"Disfraces Niño / Niña","precio":15592.5,"destacado":false,"descripcion":"","imagen":"assets/products/CA-000000053805.webp","tags":["disfraz","araña","con","patas","x1u"]},{"id":"CA-779814781204","nombre":"DISFRAZ ARAÑITA CANDELA x1 T1","categoria":"Halloween","subcategoria":"Disfraces Niño / Niña","precio":15062.96,"destacado":false,"descripcion":"","imagen":"assets/products/CA-779814781204.webp","tags":["disfraz","arañita","candela"]},{"id":"CA-779814781729","nombre":"DISFRAZ ARAÑITA CON TULL Y GORRO CANDELA T0 x1","categoria":"Halloween","subcategoria":"Disfraces Niño / Niña","precio":12639.04,"destacado":false,"descripcion":"","imagen":"assets/products/CA-779814781729.webp","tags":["disfraz","arañita","con","tull","gorro","candela"]},{"id":"CA-000000036684","nombre":"DISFRAZ BRUJA CON TULL CROSTI x1 T1 art.46","categoria":"Halloween","subcategoria":"Disfraces Niño / Niña","precio":11677.5,"destacado":false,"descripcion":"","imagen":"assets/products/CA-000000036684.webp","tags":["disfraz","bruja","con","tull","crosti","art"]},{"id":"CA-000000036685","nombre":"DISFRAZ BRUJA CON TULL CROSTI x1 T2 art.46","categoria":"Halloween","subcategoria":"Disfraces Niño / Niña","precio":11677.5,"destacado":false,"descripcion":"","imagen":"assets/products/CA-000000036685.webp","tags":["disfraz","bruja","con","tull","crosti","art"]},{"id":"CA-000000036771","nombre":"DISFRAZ BRUJA CON TULL CROSTIx1 T3 art.46","categoria":"Halloween","subcategoria":"Disfraces Niño / Niña","precio":11677.5,"destacado":false,"descripcion":"","imagen":"assets/products/CA-000000036771.webp","tags":["disfraz","bruja","con","tull","crostix1","art"]},{"id":"CA-000000036686","nombre":"DISFRAZ BRUJA GALA CROSTI x1 T1 art.50","categoria":"Halloween","subcategoria":"Disfraces Niño / Niña","precio":12420.0,"destacado":false,"descripcion":"","imagen":"assets/products/CA-000000036686.webp","tags":["disfraz","bruja","gala","crosti","art"]},{"id":"CA-000000036687","nombre":"DISFRAZ BRUJA GALA CROSTI x1 T2 art.50","categoria":"Halloween","subcategoria":"Disfraces Niño / Niña","precio":12420.0,"destacado":false,"descripcion":"","imagen":"assets/products/CA-000000036687.webp","tags":["disfraz","bruja","gala","crosti","art"]}]}