{"category_slug":"halloween","subcategory_slug":"","page":2,"page_size":48,"total":1262,"items":[{"id":"CA-679740820271","nombre":"ANTEOJO CORAZON DIABLITA x3u. PA0271 CA","categoria":"Halloween","subcategoria":"Accesorios Para Disfraz","precio":6705.2,"destacado":false,"descripcion":"","imagen":"assets/products/CA-679740820271.webp","tags":["anteojo","corazon","diablita","x3u","pa0271"]},{"id":"CA-202593000719","nombre":"ANTEOJO FANTASMA BRILLO CON LUZ x2 DC719-03 CA","categoria":"Halloween","subcategoria":"Accesorios Para Disfraz","precio":4637.04,"destacado":false,"descripcion":"","imagen":"assets/products/CA-202593000719.webp","tags":["anteojo","fantasma","brillo","con","luz","dc719"]},{"id":"CA-202500000699","nombre":"ANTEOJO GATUBELA CON STRASS x1 FP699 CA","categoria":"Halloween","subcategoria":"Accesorios Para Disfraz","precio":2356.72,"destacado":false,"descripcion":"","imagen":"assets/products/CA-202500000699.webp","tags":["anteojo","gatubela","con","strass","fp699"]},{"id":"CA-202500000390","nombre":"ANTEOJO HAPPY HALLOWEEN ACETATO ESTAMPADO x4 FP390 CA","categoria":"Halloween","subcategoria":"Accesorios Para Disfraz","precio":4710.4,"destacado":false,"descripcion":"","imagen":"assets/products/CA-202500000390.webp","tags":["anteojo","happy","halloween","acetato","estampado","fp390"]},{"id":"CA-202592000719","nombre":"ANTEOJO MURCIELAGO BRILLO CON LUZ x2 DC719-02 CA","categoria":"Halloween","subcategoria":"Accesorios Para Disfraz","precio":4637.04,"destacado":false,"descripcion":"","imagen":"assets/products/CA-202592000719.webp","tags":["anteojo","murcielago","brillo","con","luz","dc719"]},{"id":"CA-202500000748","nombre":"ANTEOJO MURCIELAGO/GATO/ARAÑA NARANJA/NEGRO x12 FP748 CA","categoria":"Halloween","subcategoria":"Accesorios Para Disfraz","precio":3768.32,"destacado":false,"descripcion":"","imagen":"assets/products/CA-202500000748.webp","tags":["anteojo","murcielago","gato","araña","naranja","negro","x12","fp748"]},{"id":"CA-690202407133","nombre":"ANTEOJO OJOS SALTONES x1 DIS02-13","categoria":"Halloween","subcategoria":"Accesorios Para Disfraz","precio":1431.86,"destacado":false,"descripcion":"","imagen":"assets/products/CA-690202407133.webp","tags":["anteojo","ojos","saltones","dis02"]},{"id":"CA-779908803893","nombre":"ANTEOJO VAMPIRO X 1 LE25/03893 PS","categoria":"Halloween","subcategoria":"Accesorios Para Disfraz","precio":1822.1,"destacado":false,"descripcion":"","imagen":"assets/products/CA-779908803893.webp","tags":["anteojo","vampiro","le25","03893"]},{"id":"CA-202590000197","nombre":"ANTEOJO Y VARITA HARRY POTTER x5 DC197 CA","categoria":"Halloween","subcategoria":"Accesorios Para Disfraz","precio":9805.92,"destacado":false,"descripcion":"","imagen":"assets/products/CA-202590000197.webp","tags":["anteojo","varita","harry","potter","dc197"]},{"id":"CA-779812557902","nombre":"ANTEOJOS HALLOWEEN x3u. 902","categoria":"Halloween","subcategoria":"Accesorios Para Disfraz","precio":1944.0,"destacado":false,"descripcion":"","imagen":"assets/products/CA-779812557902.webp","tags":["anteojos","halloween","x3u","902"]},{"id":"CA-779813465747","nombre":"ANTIFAZ HALLOWEEN BRUJA CALABAZA DIABLO FRANKI x8 617 GM","categoria":"Halloween","subcategoria":"Accesorios Para Disfraz","precio":719.89,"destacado":false,"descripcion":"","imagen":"assets/products/CA-779813465747.webp","tags":["antifaz","halloween","bruja","calabaza","diablo","franki","617"]},{"id":"CA-202500000921","nombre":"ANTIFAZ TELA BRILLOSA MOUSTRUOS SURTIDOS x1 FP921 CA","categoria":"Halloween","subcategoria":"Accesorios Para Disfraz","precio":900.0,"destacado":false,"descripcion":"","imagen":"assets/products/CA-202500000921.webp","tags":["antifaz","tela","brillosa","moustruos","surtidos","fp921"]},{"id":"CA-679740820490","nombre":"APLIQUE ARAÑAS VARIAS MEDIDAS CON ADHESIVOS 12u. x6 PA0490 CA","categoria":"Halloween","subcategoria":"Ambientacion","precio":9888.46,"destacado":false,"descripcion":"","imagen":"assets/products/CA-679740820490.webp","tags":["aplique","arañas","varias","medidas","con","adhesivos","12u","pa0490"]},{"id":"CA-202590000328","nombre":"ARAÑA BICOLOR NARANJA Y NEGRA 30cm x2 DC0328 CA","categoria":"Halloween","subcategoria":"Ambientacion","precio":5868.9,"destacado":false,"descripcion":"","imagen":"assets/products/CA-202590000328.webp","tags":["araña","bicolor","naranja","negra","30cm","dc0328"]},{"id":"CA-202500000398","nombre":"ARAÑA CALAVERA CON PELUCHE  x3u. FP0398 CA","categoria":"Halloween","subcategoria":"Arañas - Insectos Y Bichos","precio":2903.88,"destacado":false,"descripcion":"","imagen":"assets/products/CA-202500000398.webp","tags":["araña","calavera","con","peluche","x3u","fp0398"]},{"id":"CA-202500000397","nombre":"ARAÑA CALAVERA CON PLUSH HALLOWEEN x2u. FP397 CA","categoria":"Halloween","subcategoria":"Arañas - Insectos Y Bichos","precio":2592.08,"destacado":false,"descripcion":"","imagen":"assets/products/CA-202500000397.webp","tags":["araña","calavera","con","plush","halloween","x2u","fp397"]},{"id":"CA-779908805277","nombre":"ARAÑA CAMINANTE (MOVIMIENTO) 114x10x28cm x1 HD702 PS","categoria":"Halloween","subcategoria":"Ambientacion","precio":32222.4,"destacado":false,"descripcion":"","imagen":"assets/products/CA-779908805277.webp","tags":["araña","caminante","movimiento","114x10x28cm","hd702"]},{"id":"CA-779908805260","nombre":"ARAÑA CON LUCES 120x10x24cm x1 HD685 PS","categoria":"Halloween","subcategoria":"Ambientacion","precio":25125.8,"destacado":false,"descripcion":"","imagen":"assets/products/CA-779908805260.webp","tags":["araña","con","luces","120x10x24cm","hd685"]},{"id":"CA-779908805270","nombre":"ARAÑA CON LUZ Y MOVIMIENTO 92x16x26cm x1 HD695 PS","categoria":"Halloween","subcategoria":"Ambientacion","precio":28770.0,"destacado":false,"descripcion":"","imagen":"assets/products/CA-779908805270.webp","tags":["araña","con","luz","movimiento","92x16x26cm","hd695"]},{"id":"CA-000000007360","nombre":"ARAÑA DE PLASTICA NEGRA STASIO x2 7360","categoria":"Halloween","subcategoria":"Arañas - Insectos Y Bichos","precio":1128.96,"destacado":false,"descripcion":"","imagen":"assets/products/CA-000000007360.webp","tags":["araña","plastica","negra","stasio","7360"]},{"id":"CA-202591000324","nombre":"ARAÑA GIGANTE BICOLOR BLANCA Y NEGRA 1.25mts  x1 DC0324-01 CA","categoria":"Halloween","subcategoria":"Ambientacion","precio":7678.46,"destacado":false,"descripcion":"","imagen":"assets/products/CA-202591000324.webp","tags":["araña","gigante","bicolor","blanca","negra","25mts","dc0324"]},{"id":"CA-202593000324","nombre":"ARAÑA GIGANTE BICOLOR NARANJA Y NEGRA 1.25mts x1 DC0324-03 CA","categoria":"Halloween","subcategoria":"Ambientacion","precio":7678.46,"destacado":false,"descripcion":"","imagen":"assets/products/CA-202593000324.webp","tags":["araña","gigante","bicolor","naranja","negra","25mts","dc0324"]},{"id":"CA-202592000324","nombre":"ARAÑA GIGANTE BICOLOR ROJA Y NEGRA 1.25mts  x1 DC0324-02 CA","categoria":"Halloween","subcategoria":"Ambientacion","precio":7678.46,"destacado":false,"descripcion":"","imagen":"assets/products/CA-202592000324.webp","tags":["araña","gigante","bicolor","roja","negra","25mts","dc0324"]},{"id":"CA-779908805234","nombre":"ARAÑA GIGANTE MARRON 170x10x27cm x1 HD659 PS","categoria":"Halloween","subcategoria":"Ambientacion","precio":20043.1,"destacado":false,"descripcion":"","imagen":"assets/products/CA-779908805234.webp","tags":["araña","gigante","marron","170x10x27cm","hd659"]},{"id":"CA-202590000326","nombre":"ARAÑA GIGANTE NEGRA 1.25cm x1 DC0326 CA","categoria":"Halloween","subcategoria":"Ambientacion","precio":6984.0,"destacado":false,"descripcion":"","imagen":"assets/products/CA-202590000326.webp","tags":["araña","gigante","negra","25cm","dc0326"]},{"id":"CA-202590000323","nombre":"ARAÑA GRANDE  NEGRA 60cm x1 DC0323 CA","categoria":"Halloween","subcategoria":"Ambientacion","precio":4157.14,"destacado":false,"descripcion":"","imagen":"assets/products/CA-202590000323.webp","tags":["araña","grande","negra","60cm","dc0323"]},{"id":"CA-202590000338","nombre":"ARAÑA GRANDE MULTICOLOR PLUSH 60cm x1 DC00338 CA","categoria":"Halloween","subcategoria":"Ambientacion","precio":3484.65,"destacado":false,"descripcion":"","imagen":"assets/products/CA-202590000338.webp","tags":["araña","grande","multicolor","plush","60cm","dc00338"]},{"id":"CA-202590000167","nombre":"ARAÑA GRANDE NEGRA PELUDA 80 CM x1 DC0167 CA","categoria":"Halloween","subcategoria":"Ambientacion","precio":5419.56,"destacado":false,"descripcion":"","imagen":"assets/products/CA-202590000167.webp","tags":["araña","grande","negra","peluda","dc0167"]},{"id":"CA-679740820221","nombre":"ARAÑA GRANDE NEGRA PLASTICA CON LUZ 20cm x1 PA0221 CA","categoria":"Halloween","subcategoria":"Ambientacion","precio":3334.86,"destacado":false,"descripcion":"","imagen":"assets/products/CA-679740820221.webp","tags":["araña","grande","negra","plastica","con","luz","20cm","pa0221"]},{"id":"CA-202590000168","nombre":"ARAÑA GRANDE PELUDA NARANJA Y NEGRA 50cm x1 DC0168 CA","categoria":"Halloween","subcategoria":"Ambientacion","precio":6202.08,"destacado":false,"descripcion":"","imagen":"assets/products/CA-202590000168.webp","tags":["araña","grande","peluda","naranja","negra","50cm","dc0168"]},{"id":"CA-000000007363","nombre":"ARAÑA NEGRA CHICA STASIO x12 7363","categoria":"Halloween","subcategoria":"Arañas - Insectos Y Bichos","precio":1075.06,"destacado":false,"descripcion":"","imagen":"assets/products/CA-000000007363.webp","tags":["araña","negra","chica","stasio","x12","7363"]},{"id":"CA-679749900270","nombre":"ARAÑA NEGRA CON PLUSH HALLOWEEN x2 DA0270 CA","categoria":"Halloween","subcategoria":"Arañas - Insectos Y Bichos","precio":1613.94,"destacado":false,"descripcion":"","imagen":"assets/products/CA-679749900270.webp","tags":["araña","negra","con","plush","halloween","da0270"]},{"id":"CA-679749900237","nombre":"ARAÑA NEGRA PLASTICA HALLOWEEN 17cm x1 DA0237 CA","categoria":"Halloween","subcategoria":"Arañas - Insectos Y Bichos","precio":1027.04,"destacado":false,"descripcion":"","imagen":"assets/products/CA-679749900237.webp","tags":["araña","negra","plastica","halloween","17cm","da0237"]},{"id":"CA-779908804646","nombre":"ARAÑA OJOS SALTONES 92x38x24/21cm x1 HD431 PS","categoria":"Halloween","subcategoria":"Ambientacion","precio":15344.0,"destacado":false,"descripcion":"","imagen":"assets/products/CA-779908804646.webp","tags":["araña","ojos","saltones","92x38x24","21cm","hd431"]},{"id":"CA-779908805219","nombre":"ARAÑA PATAS LARGAS 105x45x23cm x1 HD644 PS","categoria":"Halloween","subcategoria":"Ambientacion","precio":15248.1,"destacado":false,"descripcion":"","imagen":"assets/products/CA-779908805219.webp","tags":["araña","patas","largas","105x45x23cm","hd644"]},{"id":"CA-202500000407","nombre":"ARAÑA PLASTICA MARRON 13cm  x2 FP0407 CA","categoria":"Halloween","subcategoria":"Arañas - Insectos Y Bichos","precio":2827.46,"destacado":false,"descripcion":"","imagen":"assets/products/CA-202500000407.webp","tags":["araña","plastica","marron","13cm","fp0407"]},{"id":"CA-202590000325","nombre":"ARAÑA SUPERGIGANTE  NEGRA 2mts x1 DC0325 CA","categoria":"Halloween","subcategoria":"Ambientacion","precio":16873.04,"destacado":false,"descripcion":"","imagen":"assets/products/CA-202590000325.webp","tags":["araña","supergigante","negra","2mts","dc0325"]},{"id":"CA-000000014914","nombre":"ARAÑAS CHICAS NEGRAS PATRIMAR x24","categoria":"Halloween","subcategoria":"Arañas - Insectos Y Bichos","precio":1042.34,"destacado":false,"descripcion":"","imagen":"assets/products/CA-000000014914.webp","tags":["arañas","chicas","negras","patrimar","x24"]},{"id":"CA-000000014603","nombre":"ARAÑAS COLOR PATRIMAR x24","categoria":"Halloween","subcategoria":"Arañas - Insectos Y Bichos","precio":1042.34,"destacado":false,"descripcion":"","imagen":"assets/products/CA-000000014603.webp","tags":["arañas","color","patrimar","x24"]},{"id":"CA-000000019917","nombre":"ARAÑAS GRANDE NEGRA PATRIMAR x6","categoria":"Halloween","subcategoria":"Arañas - Insectos Y Bichos","precio":495.42,"destacado":false,"descripcion":"","imagen":"assets/products/CA-000000019917.webp","tags":["arañas","grande","negra","patrimar"]},{"id":"CA-202590000011","nombre":"ARAÑAS NEGRAS PLUSH x6 DC0011 CA","categoria":"Halloween","subcategoria":"Arañas - Insectos Y Bichos","precio":1648.18,"destacado":false,"descripcion":"","imagen":"assets/products/CA-202590000011.webp","tags":["arañas","negras","plush","dc0011"]},{"id":"CA-779818603537","nombre":"BALDE CARAMELERA HALLOWEEN TERROR x300gr 378559","categoria":"Halloween","subcategoria":"Golosinas, Carameleras Y Miniaturas","precio":5457.59,"destacado":false,"descripcion":"","imagen":"assets/products/CA-779818603537.webp","tags":["balde","caramelera","halloween","terror","x300gr","378559"]},{"id":"CA-202500001019","nombre":"BALDE CARAMELERA HALLOWEEN VARIOS COLORES x1 FP1019 CA","categoria":"Halloween","subcategoria":"Golosinas, Carameleras Y Miniaturas","precio":1296.06,"destacado":false,"descripcion":"","imagen":"assets/products/CA-202500001019.webp","tags":["balde","caramelera","halloween","varios","colores","fp1019"]},{"id":"CA-202500001018","nombre":"BALDE CARAMELERA HALLOWEEN x1 FP1018 CA","categoria":"Halloween","subcategoria":"Golosinas, Carameleras Y Miniaturas","precio":1804.7,"destacado":false,"descripcion":"","imagen":"assets/products/CA-202500001018.webp","tags":["balde","caramelera","halloween","fp1018"]},{"id":"CA-679749900050","nombre":"BALDE HALLOWEEN IMPRESO VARIOS MODELOS x1 DA0050 CA","categoria":"Halloween","subcategoria":"Golosinas, Carameleras Y Miniaturas","precio":2038.84,"destacado":false,"descripcion":"","imagen":"assets/products/CA-679749900050.webp","tags":["balde","halloween","impreso","varios","modelos","da0050"]},{"id":"CA-202500001028","nombre":"BALDE NARANJA HALLOWEEN MANGO CON  LUZ x1 FP1028-01 CA","categoria":"Halloween","subcategoria":"Golosinas, Carameleras Y Miniaturas","precio":6122.6,"destacado":false,"descripcion":"","imagen":"assets/products/CA-202500001028.webp","tags":["balde","naranja","halloween","mango","con","luz","fp1028"]},{"id":"CA-202520001028","nombre":"BALDE VIOLETA HALLOWEEN MANGO CON  LUZ x1 FP1028-02 CA","categoria":"Halloween","subcategoria":"Golosinas, Carameleras Y Miniaturas","precio":6122.6,"destacado":false,"descripcion":"","imagen":"assets/products/CA-202520001028.webp","tags":["balde","violeta","halloween","mango","con","luz","fp1028"]},{"id":"CA-202590000238","nombre":"BANDEJA GOLOSINERA ARAÑA x3 DC238 CA","categoria":"Halloween","subcategoria":"Golosinas, Carameleras Y Miniaturas","precio":7336.12,"destacado":false,"descripcion":"","imagen":"assets/products/CA-202590000238.webp","tags":["bandeja","golosinera","araña","dc238"]}]}