{"category_slug":"halloween","subcategory_slug":"","page":13,"page_size":48,"total":1262,"items":[{"id":"CA-000000057524","nombre":"DISFRAZ HALLOWEEN MAMELUCO NIÑO BLANCO ECHYZOS x1","categoria":"Halloween","subcategoria":"Disfraces Niño / Niña","precio":12514.5,"destacado":false,"descripcion":"","imagen":"assets/products/CA-000000057524.webp","tags":["disfraz","halloween","mameluco","niño","blanco","echyzos"]},{"id":"CA-000000057527","nombre":"DISFRAZ HALLOWEEN MAMELUCO NIÑO MARRON CLARO ECHYZOS x1","categoria":"Halloween","subcategoria":"Disfraces Niño / Niña","precio":12514.5,"destacado":false,"descripcion":"","imagen":"assets/products/CA-000000057527.webp","tags":["disfraz","halloween","mameluco","niño","marron","claro","echyzos"]},{"id":"CA-000000057525","nombre":"DISFRAZ HALLOWEEN MAMELUCO NIÑO NEGRO  ECHYZOS x1","categoria":"Halloween","subcategoria":"Disfraces Niño / Niña","precio":12514.5,"destacado":false,"descripcion":"","imagen":"assets/products/CA-000000057525.webp","tags":["disfraz","halloween","mameluco","niño","negro","echyzos"]},{"id":"CA-000000057869","nombre":"DISFRAZ HALLOWEEN MORTICIA CROSTIx1 T2 art.201","categoria":"Halloween","subcategoria":"Disfraces Niño / Niña","precio":5670.0,"destacado":false,"descripcion":"","imagen":"assets/products/CA-000000057869.webp","tags":["disfraz","halloween","morticia","crostix1","art","201"]},{"id":"CA-000000054100","nombre":"DISFRAZ HALLOWEEN MORTICIA CROSTIx1 T3 art.201","categoria":"Halloween","subcategoria":"Disfraces Niño / Niña","precio":5670.0,"destacado":false,"descripcion":"","imagen":"assets/products/CA-000000054100.webp","tags":["disfraz","halloween","morticia","crostix1","art","201"]},{"id":"CA-000000054101","nombre":"DISFRAZ HALLOWEEN MORTICIA CROSTIx1 T4 art.201","categoria":"Halloween","subcategoria":"Disfraces Niño / Niña","precio":5670.0,"destacado":false,"descripcion":"","imagen":"assets/products/CA-000000054101.webp","tags":["disfraz","halloween","morticia","crostix1","art","201"]},{"id":"CA-000000036766","nombre":"DISFRAZ HALLOWEEN MUÑECO MALDITO CROSTI x1 T2 art.11","categoria":"Halloween","subcategoria":"Disfraces Niño / Niña","precio":7020.0,"destacado":false,"descripcion":"","imagen":"assets/products/CA-000000036766.webp","tags":["disfraz","halloween","muñeco","maldito","crosti","art"]},{"id":"CA-000000036767","nombre":"DISFRAZ HALLOWEEN MUÑECO MALDITO CROSTI x1 T3 art.11","categoria":"Halloween","subcategoria":"Disfraces Niño / Niña","precio":7020.0,"destacado":false,"descripcion":"","imagen":"assets/products/CA-000000036767.webp","tags":["disfraz","halloween","muñeco","maldito","crosti","art"]},{"id":"CA-000000036768","nombre":"DISFRAZ HALLOWEEN MUÑECO MALDITO CROSTI x1 T4 art.11","categoria":"Halloween","subcategoria":"Disfraces Niño / Niña","precio":7020.0,"destacado":false,"descripcion":"","imagen":"assets/products/CA-000000036768.webp","tags":["disfraz","halloween","muñeco","maldito","crosti","art"]},{"id":"CA-000000036612","nombre":"DISFRAZ HALLOWEEN NOVIA ZOMBIE CROSTIx1 T3 56","categoria":"Halloween","subcategoria":"Disfraces Niño / Niña","precio":10800.0,"destacado":false,"descripcion":"","imagen":"assets/products/CA-000000036612.webp","tags":["disfraz","halloween","novia","zombie","crostix1"]},{"id":"CA-779837770299","nombre":"DISFRAZ HALLOWEEN PAYASA NEGRA NEW TOYS T1 x1 1462","categoria":"Halloween","subcategoria":"Disfraces Niño / Niña","precio":15082.13,"destacado":false,"descripcion":"","imagen":"assets/products/CA-779837770299.webp","tags":["disfraz","halloween","payasa","negra","new","toys","1462"]},{"id":"CA-779837770298","nombre":"DISFRAZ HALLOWEEN PAYASA NEGRA NEW TOYS T2 x1 1463","categoria":"Halloween","subcategoria":"Disfraces Niño / Niña","precio":15082.13,"destacado":false,"descripcion":"","imagen":"assets/products/CA-779837770298.webp","tags":["disfraz","halloween","payasa","negra","new","toys","1463"]},{"id":"CA-779837770297","nombre":"DISFRAZ HALLOWEEN PAYASA NEGRA NEW TOYS T3 x1 1464","categoria":"Halloween","subcategoria":"Disfraces Niño / Niña","precio":15082.13,"destacado":false,"descripcion":"","imagen":"assets/products/CA-779837770297.webp","tags":["disfraz","halloween","payasa","negra","new","toys","1464"]},{"id":"CA-000000057520","nombre":"DISFRAZ HALLOWEEN PAYASO IT PREMIUM ADULTO/ADOLESCENTE ECHYZOS x1","categoria":"Halloween","subcategoria":"Disfraces Adulto","precio":13626.9,"destacado":false,"descripcion":"","imagen":"assets/products/CA-000000057520.webp","tags":["disfraz","halloween","payaso","premium","adulto","adolescente","echyzos"]},{"id":"CA-000000057521","nombre":"DISFRAZ HALLOWEEN PAYASO IT PREMIUM NIÑO/ADOLESCENTE ECHYZOS x1","categoria":"Halloween","subcategoria":"Disfraces Niño / Niña","precio":13209.75,"destacado":false,"descripcion":"","imagen":"assets/products/CA-000000057521.webp","tags":["disfraz","halloween","payaso","premium","niño","adolescente","echyzos"]},{"id":"CA-779837770203","nombre":"DISFRAZ HALLOWEEN VAMPIRO CON DIENTE NEW TOYS T0 x1 1444","categoria":"Halloween","subcategoria":"Disfraces Niño / Niña","precio":13322.54,"destacado":false,"descripcion":"","imagen":"assets/products/CA-779837770203.webp","tags":["disfraz","halloween","vampiro","con","diente","new","toys","1444"]},{"id":"CA-779837770204","nombre":"DISFRAZ HALLOWEEN VAMPIRO CON DIENTE NEW TOYS T1 x1 1445","categoria":"Halloween","subcategoria":"Disfraces Niño / Niña","precio":13322.54,"destacado":false,"descripcion":"","imagen":"assets/products/CA-779837770204.webp","tags":["disfraz","halloween","vampiro","con","diente","new","toys","1445"]},{"id":"CA-779837770205","nombre":"DISFRAZ HALLOWEEN VAMPIRO CON DIENTE NEW TOYS T2 x1 1446","categoria":"Halloween","subcategoria":"Disfraces Niño / Niña","precio":13322.54,"destacado":false,"descripcion":"","imagen":"assets/products/CA-779837770205.webp","tags":["disfraz","halloween","vampiro","con","diente","new","toys","1446"]},{"id":"CA-000000054097","nombre":"DISFRAZ HALLOWEEN VERDUGO CROSTIx1 T2 art.202","categoria":"Halloween","subcategoria":"Disfraces Niño / Niña","precio":7155.0,"destacado":false,"descripcion":"","imagen":"assets/products/CA-000000054097.webp","tags":["disfraz","halloween","verdugo","crostix1","art","202"]},{"id":"CA-000000054098","nombre":"DISFRAZ HALLOWEEN VERDUGO CROSTIx1 T3 art.202","categoria":"Halloween","subcategoria":"Disfraces Niño / Niña","precio":7155.0,"destacado":false,"descripcion":"","imagen":"assets/products/CA-000000054098.webp","tags":["disfraz","halloween","verdugo","crostix1","art","202"]},{"id":"CA-000000054099","nombre":"DISFRAZ HALLOWEEN VERDUGO CROSTIx1 T4 art.202","categoria":"Halloween","subcategoria":"Disfraces Niño / Niña","precio":7155.0,"destacado":false,"descripcion":"","imagen":"assets/products/CA-000000054099.webp","tags":["disfraz","halloween","verdugo","crostix1","art","202"]},{"id":"CA-779837770206","nombre":"DISFRAZ HALLOWEEN VESTIDO GOTICO(MORTICIA) NEW TOYS T0 x1 1447","categoria":"Halloween","subcategoria":"Disfraces Niño / Niña","precio":13322.54,"destacado":false,"descripcion":"","imagen":"assets/products/CA-779837770206.webp","tags":["disfraz","halloween","vestido","gotico","morticia","new","toys","1447"]},{"id":"CA-779837770207","nombre":"DISFRAZ HALLOWEEN VESTIDO GOTICO(MORTICIA) NEW TOYS T1 x1 1448","categoria":"Halloween","subcategoria":"Disfraces Niño / Niña","precio":13322.54,"destacado":false,"descripcion":"","imagen":"assets/products/CA-779837770207.webp","tags":["disfraz","halloween","vestido","gotico","morticia","new","toys","1448"]},{"id":"CA-779837770208","nombre":"DISFRAZ HALLOWEEN VESTIDO GOTICO(MORTICIA) NEW TOYS T2 x1 1449","categoria":"Halloween","subcategoria":"Disfraces Niño / Niña","precio":13322.54,"destacado":false,"descripcion":"","imagen":"assets/products/CA-779837770208.webp","tags":["disfraz","halloween","vestido","gotico","morticia","new","toys","1449"]},{"id":"CA-000000058034","nombre":"DISFRAZ KUROMI NIÑA NEGRO CROSTI x1 T1 art.238","categoria":"Halloween","subcategoria":"Disfraces Niño / Niña","precio":11947.5,"destacado":false,"descripcion":"","imagen":"assets/products/CA-000000058034.webp","tags":["disfraz","kuromi","niña","negro","crosti","art","238"]},{"id":"CA-000000058035","nombre":"DISFRAZ KUROMI NIÑA NEGRO CROSTI x1 T2 art.238","categoria":"Halloween","subcategoria":"Disfraces Niño / Niña","precio":11947.5,"destacado":false,"descripcion":"","imagen":"assets/products/CA-000000058035.webp","tags":["disfraz","kuromi","niña","negro","crosti","art","238"]},{"id":"CA-000000058036","nombre":"DISFRAZ KUROMI NIÑA NEGRO CROSTI x1 T3 art.238","categoria":"Halloween","subcategoria":"Disfraces Niño / Niña","precio":11947.5,"destacado":false,"descripcion":"","imagen":"assets/products/CA-000000058036.webp","tags":["disfraz","kuromi","niña","negro","crosti","art","238"]},{"id":"CA-000000058037","nombre":"DISFRAZ KUROMI NIÑA VIOLETA CROSTI x1 T1 art.238","categoria":"Halloween","subcategoria":"Disfraces Niño / Niña","precio":11947.5,"destacado":false,"descripcion":"","imagen":"assets/products/CA-000000058037.webp","tags":["disfraz","kuromi","niña","violeta","crosti","art","238"]},{"id":"CA-000000058038","nombre":"DISFRAZ KUROMI NIÑA VIOLETA CROSTI x1 T2 art.238","categoria":"Halloween","subcategoria":"Disfraces Niño / Niña","precio":11947.5,"destacado":false,"descripcion":"","imagen":"assets/products/CA-000000058038.webp","tags":["disfraz","kuromi","niña","violeta","crosti","art","238"]},{"id":"CA-000000058039","nombre":"DISFRAZ KUROMI NIÑA VIOLETA CROSTI x1 T3 art.238","categoria":"Halloween","subcategoria":"Disfraces Niño / Niña","precio":11947.5,"destacado":false,"descripcion":"","imagen":"assets/products/CA-000000058039.webp","tags":["disfraz","kuromi","niña","violeta","crosti","art","238"]},{"id":"CA-000000057938","nombre":"DISFRAZ LABUBU BRUJA CROSTI x1 T1 ART.243","categoria":"Halloween","subcategoria":"Disfraces Niño / Niña","precio":11947.5,"destacado":false,"descripcion":"","imagen":"assets/products/CA-000000057938.webp","tags":["disfraz","labubu","bruja","crosti","art","243"]},{"id":"CA-000000057939","nombre":"DISFRAZ LABUBU BRUJA CROSTI x1 T2 ART.243","categoria":"Halloween","subcategoria":"Disfraces Niño / Niña","precio":11947.5,"destacado":false,"descripcion":"","imagen":"assets/products/CA-000000057939.webp","tags":["disfraz","labubu","bruja","crosti","art","243"]},{"id":"CA-000000057989","nombre":"DISFRAZ LABUBU BRUJA CROSTI x1 T3 ART.243","categoria":"Halloween","subcategoria":"Disfraces Niño / Niña","precio":11947.5,"destacado":false,"descripcion":"","imagen":"assets/products/CA-000000057989.webp","tags":["disfraz","labubu","bruja","crosti","art","243"]},{"id":"CA-000000057929","nombre":"DISFRAZ LABUBU DIABLA  CROSTI x1 T1 ART.242","categoria":"Halloween","subcategoria":"Disfraces Niño / Niña","precio":11947.5,"destacado":false,"descripcion":"","imagen":"assets/products/CA-000000057929.webp","tags":["disfraz","labubu","diabla","crosti","art","242"]},{"id":"CA-000000057930","nombre":"DISFRAZ LABUBU DIABLA  CROSTI x1 T2 ART.242","categoria":"Halloween","subcategoria":"Disfraces Niño / Niña","precio":11947.5,"destacado":false,"descripcion":"","imagen":"assets/products/CA-000000057930.webp","tags":["disfraz","labubu","diabla","crosti","art","242"]},{"id":"CA-000000057931","nombre":"DISFRAZ LABUBU DIABLA  CROSTI x1 T3 ART.242","categoria":"Halloween","subcategoria":"Disfraces Niño / Niña","precio":11947.5,"destacado":false,"descripcion":"","imagen":"assets/products/CA-000000057931.webp","tags":["disfraz","labubu","diabla","crosti","art","242"]},{"id":"CA-000000054094","nombre":"DISFRAZ MAGO/HECHICERO CROSTI x1 T1 art.196","categoria":"Halloween","subcategoria":"Disfraces Niño / Niña","precio":6277.5,"destacado":false,"descripcion":"","imagen":"assets/products/CA-000000054094.webp","tags":["disfraz","mago","hechicero","crosti","art","196"]},{"id":"CA-000000054095","nombre":"DISFRAZ MAGO/HECHICERO CROSTI x1 T2 art.196","categoria":"Halloween","subcategoria":"Disfraces Niño / Niña","precio":6277.5,"destacado":false,"descripcion":"","imagen":"assets/products/CA-000000054095.webp","tags":["disfraz","mago","hechicero","crosti","art","196"]},{"id":"CA-000000054096","nombre":"DISFRAZ MAGO/HECHICERO CROSTI x1 T3 art.196","categoria":"Halloween","subcategoria":"Disfraces Niño / Niña","precio":6277.5,"destacado":false,"descripcion":"","imagen":"assets/products/CA-000000054096.webp","tags":["disfraz","mago","hechicero","crosti","art","196"]},{"id":"CA-779814781559","nombre":"DISFRAZ MALEFICA NIÑA CANDELA T1 x1","categoria":"Halloween","subcategoria":"Disfraces Niño / Niña","precio":14110.71,"destacado":false,"descripcion":"","imagen":"assets/products/CA-779814781559.webp","tags":["disfraz","malefica","niña","candela"]},{"id":"CA-779814781560","nombre":"DISFRAZ MALEFICA NIÑA CANDELA T2 x1","categoria":"Halloween","subcategoria":"Disfraces Niño / Niña","precio":14110.71,"destacado":false,"descripcion":"","imagen":"assets/products/CA-779814781560.webp","tags":["disfraz","malefica","niña","candela"]},{"id":"CA-779814781561","nombre":"DISFRAZ MALEFICA NIÑA CANDELA T3x1","categoria":"Halloween","subcategoria":"Disfraces Niño / Niña","precio":14110.71,"destacado":false,"descripcion":"","imagen":"assets/products/CA-779814781561.webp","tags":["disfraz","malefica","niña","candela","t3x1"]},{"id":"CA-779814781562","nombre":"DISFRAZ MALEFICA NIÑA CANDELA T4x1","categoria":"Halloween","subcategoria":"Disfraces Niño / Niña","precio":16361.49,"destacado":false,"descripcion":"","imagen":"assets/products/CA-779814781562.webp","tags":["disfraz","malefica","niña","candela","t4x1"]},{"id":"CA-000000049959","nombre":"DISFRAZ MERLINA FIESTA  O.N x1u. T1","categoria":"Halloween","subcategoria":"Disfraces Niño / Niña","precio":12474.0,"destacado":false,"descripcion":"","imagen":"assets/products/CA-000000049959.webp","tags":["disfraz","merlina","fiesta","x1u"]},{"id":"CA-000000049960","nombre":"DISFRAZ MERLINA FIESTA  O.N x1u. T2","categoria":"Halloween","subcategoria":"Disfraces Niño / Niña","precio":12474.0,"destacado":false,"descripcion":"","imagen":"assets/products/CA-000000049960.webp","tags":["disfraz","merlina","fiesta","x1u"]},{"id":"CA-000000049961","nombre":"DISFRAZ MERLINA FIESTA  O.N x1u. T3","categoria":"Halloween","subcategoria":"Disfraces Niño / Niña","precio":12474.0,"destacado":false,"descripcion":"","imagen":"assets/products/CA-000000049961.webp","tags":["disfraz","merlina","fiesta","x1u"]},{"id":"CA-000000048863","nombre":"DISFRAZ MERLINA T1 x1 ECHYZOS (2-4años)","categoria":"Halloween","subcategoria":"Disfraces Niño / Niña","precio":8161.36,"destacado":false,"descripcion":"","imagen":"assets/products/CA-000000048863.webp","tags":["disfraz","merlina","echyzos","4años"]},{"id":"CA-000000048864","nombre":"DISFRAZ MERLINA T2 x1 ECHYZOS (5-7años)","categoria":"Halloween","subcategoria":"Disfraces Niño / Niña","precio":8161.36,"destacado":false,"descripcion":"","imagen":"assets/products/CA-000000048864.webp","tags":["disfraz","merlina","echyzos","7años"]}]}