{"category_slug":"halloween","subcategory_slug":"","page":15,"page_size":48,"total":1262,"items":[{"id":"CA-202500000992","nombre":"FAROL CALABAZA VARIOS MODELOS CON LUZ  x1 FP992 CA","categoria":"Halloween","subcategoria":"Ambientacion","precio":6357.96,"destacado":false,"descripcion":"","imagen":"assets/products/CA-202500000992.webp","tags":["farol","calabaza","varios","modelos","con","luz","fp992"]},{"id":"CA-202500000170","nombre":"FAROL CALAVERA CON LUZ Y SONIDO x1 FP0170-03 CA","categoria":"Halloween","subcategoria":"Ambientacion","precio":7458.38,"destacado":false,"descripcion":"","imagen":"assets/products/CA-202500000170.webp","tags":["farol","calavera","con","luz","sonido","fp0170"]},{"id":"CA-000003000003","nombre":"FAROL CON CALAVERA ARAÑA Y TELA ARAÑA x1 HF0002","categoria":"Halloween","subcategoria":"Ambientacion","precio":3148.46,"destacado":false,"descripcion":"","imagen":"assets/products/CA-000003000003.webp","tags":["farol","con","calavera","araña","tela","araña","hf0002"]},{"id":"CA-679740820947","nombre":"FAROL CON FUEGO HALLOWEEN  x1 PA0947 CA","categoria":"Halloween","subcategoria":"Ambientacion","precio":13742.98,"destacado":false,"descripcion":"","imagen":"assets/products/CA-679740820947.webp","tags":["farol","con","fuego","halloween","pa0947"]},{"id":"CA-000003000002","nombre":"FAROL CON VELA ARAÑA Y TELA ARAÑA x1 HF0003","categoria":"Halloween","subcategoria":"Ambientacion","precio":2963.26,"destacado":false,"descripcion":"","imagen":"assets/products/CA-000003000002.webp","tags":["farol","con","vela","araña","tela","araña","hf0003"]},{"id":"CA-000003000367","nombre":"FAROL CON VELA x1 HF0001","categoria":"Halloween","subcategoria":"Ambientacion","precio":1986.26,"destacado":false,"descripcion":"","imagen":"assets/products/CA-000003000367.webp","tags":["farol","con","vela","hf0001"]},{"id":"CA-679740820228","nombre":"FAROL HALLOWEEN METAL CON LUZ  x1 PA0228 CA","categoria":"Halloween","subcategoria":"Ambientacion","precio":3765.88,"destacado":false,"descripcion":"","imagen":"assets/products/CA-679740820228.webp","tags":["farol","halloween","metal","con","luz","pa0228"]},{"id":"CA-202510000170","nombre":"FAROL MURCIELAGO CON LUZ Y SONIDO x1 FP0170-01 CA","categoria":"Halloween","subcategoria":"Ambientacion","precio":7458.38,"destacado":false,"descripcion":"","imagen":"assets/products/CA-202510000170.webp","tags":["farol","murcielago","con","luz","sonido","fp0170"]},{"id":"CA-779905101081","nombre":"FIGURAS DECORATIVA HALLOWEEN BRUJA ARTICULADA x1u. GM 0655-6","categoria":"Halloween","subcategoria":"Ambientacion","precio":1559.25,"destacado":false,"descripcion":"","imagen":"assets/products/CA-779905101081.webp","tags":["figuras","decorativa","halloween","bruja","articulada","x1u","0655"]},{"id":"CA-779905101082","nombre":"FIGURAS DECORATIVA HALLOWEEN ESQUELETO ARTICULADO x1u. GM 0655-7","categoria":"Halloween","subcategoria":"Ambientacion","precio":1559.25,"destacado":false,"descripcion":"","imagen":"assets/products/CA-779905101082.webp","tags":["figuras","decorativa","halloween","esqueleto","articulado","x1u","0655"]},{"id":"CA-779905101074","nombre":"FIGURAS DECORATIVAS HALLOWEEN ARAÑASx3u. GM 0655-2","categoria":"Halloween","subcategoria":"Ambientacion","precio":860.63,"destacado":false,"descripcion":"","imagen":"assets/products/CA-779905101074.webp","tags":["figuras","decorativas","halloween","arañasx3u","0655"]},{"id":"CA-779905101073","nombre":"FIGURAS DECORATIVAS HALLOWEEN BRUJAS x4u. GM 0655-1","categoria":"Halloween","subcategoria":"Ambientacion","precio":860.63,"destacado":false,"descripcion":"","imagen":"assets/products/CA-779905101073.webp","tags":["figuras","decorativas","halloween","brujas","x4u","0655"]},{"id":"CA-779905101077","nombre":"FIGURAS DECORATIVAS HALLOWEEN CALABAZAS x4u. GM 0655-5","categoria":"Halloween","subcategoria":"Ambientacion","precio":860.63,"destacado":false,"descripcion":"","imagen":"assets/products/CA-779905101077.webp","tags":["figuras","decorativas","halloween","calabazas","x4u","0655"]},{"id":"CA-779905101076","nombre":"FIGURAS DECORATIVAS HALLOWEEN FANTASMAS x4u. GM 0655-4","categoria":"Halloween","subcategoria":"Ambientacion","precio":860.63,"destacado":false,"descripcion":"","imagen":"assets/products/CA-779905101076.webp","tags":["figuras","decorativas","halloween","fantasmas","x4u","0655"]},{"id":"CA-779905101075","nombre":"FIGURAS DECORATIVAS HALLOWEEN MURCIELAGOS x4u. GM 0655-3","categoria":"Halloween","subcategoria":"Ambientacion","precio":860.63,"destacado":false,"descripcion":"","imagen":"assets/products/CA-779905101075.webp","tags":["figuras","decorativas","halloween","murcielagos","x4u","0655"]},{"id":"CA-202590000151","nombre":"GALERA BLANCA  DE TELA MOSNTRUO x1 DC151 CA","categoria":"Halloween","subcategoria":"Gorros - Galeras / Vinchas","precio":3927.86,"destacado":false,"descripcion":"","imagen":"assets/products/CA-202590000151.webp","tags":["galera","blanca","tela","mosntruo","dc151"]},{"id":"CA-202540000341","nombre":"GALERA BLANCA CON SANGRE x1 FP341-04 CA","categoria":"Halloween","subcategoria":"Gorros - Galeras / Vinchas","precio":4554.5,"destacado":false,"descripcion":"","imagen":"assets/products/CA-202540000341.webp","tags":["galera","blanca","con","sangre","fp341"]},{"id":"CA-000000057767","nombre":"GALERA CON FUEGO TERROR x1 ALE","categoria":"Halloween","subcategoria":"Gorros - Galeras / Vinchas","precio":2295.0,"destacado":false,"descripcion":"","imagen":"assets/products/CA-000000057767.webp","tags":["galera","con","fuego","terror","ale"]},{"id":"CA-000000057766","nombre":"GALERA FLUO CON CARAS TERROR x1 ALE","categoria":"Halloween","subcategoria":"Gorros - Galeras / Vinchas","precio":2295.0,"destacado":false,"descripcion":"","imagen":"assets/products/CA-000000057766.webp","tags":["galera","fluo","con","caras","terror","ale"]},{"id":"CA-202500000341","nombre":"GALERA NEGRA CON SANGRE x1 FP341-03 CA","categoria":"Halloween","subcategoria":"Gorros - Galeras / Vinchas","precio":4554.5,"destacado":false,"descripcion":"","imagen":"assets/products/CA-202500000341.webp","tags":["galera","negra","con","sangre","fp341"]},{"id":"CA-000000053337","nombre":"GANCHO SANGRIENTO CON GRILLETE PLASTICO x1","categoria":"Halloween","subcategoria":"Accesorios Para Disfraz","precio":2369.25,"destacado":false,"descripcion":"","imagen":"assets/products/CA-000000053337.webp","tags":["gancho","sangriento","con","grillete","plastico"]},{"id":"CA-000000052498","nombre":"GANCHO SANGRIENTO PLASTICO x1","categoria":"Halloween","subcategoria":"Accesorios Para Disfraz","precio":735.08,"destacado":false,"descripcion":"","imagen":"assets/products/CA-000000052498.webp","tags":["gancho","sangriento","plastico"]},{"id":"CA-000001100322","nombre":"GARFIO DE PIRATA STASIOx1 HG0003","categoria":"Halloween","subcategoria":"Accesorios Para Disfraz","precio":1775.16,"destacado":false,"descripcion":"","imagen":"assets/products/CA-000001100322.webp","tags":["garfio","pirata","stasiox1","hg0003"]},{"id":"CA-237187608000","nombre":"GARRA FREDDY PLASTICA x6 8000","categoria":"Halloween","subcategoria":"Accesorios Para Disfraz","precio":4858.38,"destacado":false,"descripcion":"","imagen":"assets/products/CA-237187608000.webp","tags":["garra","freddy","plastica","8000"]},{"id":"CA-000005000600","nombre":"GARRA NEGRA STASIO x2 HG0004-N","categoria":"Halloween","subcategoria":"Accesorios Para Disfraz","precio":3328.28,"destacado":false,"descripcion":"","imagen":"assets/products/CA-000005000600.webp","tags":["garra","negra","stasio","hg0004"]},{"id":"CA-202500000663","nombre":"GASA SANGRIENTA 5mts X 0.13cm x2 FP663 CA","categoria":"Halloween","subcategoria":"Accesorios Para Disfraz","precio":4548.36,"destacado":false,"descripcion":"","imagen":"assets/products/CA-202500000663.webp","tags":["gasa","sangrienta","5mts","13cm","fp663"]},{"id":"CA-000000054159","nombre":"GASA SANGRIENTA HALLOWEEN x1 uni. 0821-3","categoria":"Halloween","subcategoria":"Accesorios Para Disfraz","precio":2620.0,"destacado":false,"descripcion":"","imagen":"assets/products/CA-000000054159.webp","tags":["gasa","sangrienta","halloween","uni","0821"]},{"id":"CA-348764513412","nombre":"GLOBO HALLOWEEN CALABAZA CON LUZ x5 U23-188","categoria":"Halloween","subcategoria":"Ambientacion","precio":2552.55,"destacado":false,"descripcion":"","imagen":"assets/products/CA-348764513412.webp","tags":["globo","halloween","calabaza","con","luz","u23","188"]},{"id":"CA-202500000834","nombre":"GLOBO HALLOWEEN PIRAMIDE 3D CALAVERA  x1 FP834 CA","categoria":"Halloween","subcategoria":"Ambientacion","precio":9781.0,"destacado":false,"descripcion":"","imagen":"assets/products/CA-202500000834.webp","tags":["globo","halloween","piramide","calavera","fp834"]},{"id":"CA-215465165465","nombre":"GLOBO HALLOWEEN PIRAMIDE 3D CALAVERA x1u 24-730","categoria":"Halloween","subcategoria":"Ambientacion","precio":9527.7,"destacado":false,"descripcion":"","imagen":"assets/products/CA-215465165465.webp","tags":["globo","halloween","piramide","calavera","x1u","730"]},{"id":"CA-202510000621","nombre":"GLOBO HAPPY HALLOWEEN CALABAZA 10 pcsx1 FP621-01 CA","categoria":"Halloween","subcategoria":"Ambientacion","precio":2928.32,"destacado":false,"descripcion":"","imagen":"assets/products/CA-202510000621.webp","tags":["globo","happy","halloween","calabaza","pcsx1","fp621"]},{"id":"CA-202520000621","nombre":"GLOBO HAPPY HALLOWEEN MURCIELAGO 10 pcs x1 FP621-02 CA","categoria":"Halloween","subcategoria":"Ambientacion","precio":2928.32,"destacado":false,"descripcion":"","imagen":"assets/products/CA-202520000621.webp","tags":["globo","happy","halloween","murcielago","pcs","fp621"]},{"id":"CA-202500000640","nombre":"GLOBO MAYLAR 18 \" HALLOWEEN SURTIDOS x12 FP640 CA","categoria":"Halloween","subcategoria":"Ambientacion","precio":7219.96,"destacado":false,"descripcion":"","imagen":"assets/products/CA-202500000640.webp","tags":["globo","maylar","halloween","surtidos","x12","fp640"]},{"id":"CA-202500000825","nombre":"GLOBO MAYLAR HALLOWEEN 109cm. CON PIE VARIOS MODELOS  x1 FP825 CA","categoria":"Halloween","subcategoria":"Ambientacion","precio":3870.29,"destacado":false,"descripcion":"","imagen":"assets/products/CA-202500000825.webp","tags":["globo","maylar","halloween","109cm","con","pie","varios","modelos","fp825"]},{"id":"CA-202500000831","nombre":"GLOBO MAYLAR HALLOWEEN ESQUELETO 154cm  x1 FP831 CA","categoria":"Halloween","subcategoria":"Ambientacion","precio":2983.34,"destacado":false,"descripcion":"","imagen":"assets/products/CA-202500000831.webp","tags":["globo","maylar","halloween","esqueleto","154cm","fp831"]},{"id":"CA-202500000852","nombre":"GLOBO MAYLAR HALLOWEEN ESQUELETO CON PIE 1.22cm x1 FP852 CA","categoria":"Halloween","subcategoria":"Ambientacion","precio":4788.04,"destacado":false,"descripcion":"","imagen":"assets/products/CA-202500000852.webp","tags":["globo","maylar","halloween","esqueleto","con","pie","22cm","fp852"]},{"id":"CA-202500000832","nombre":"GLOBO MAYLAR HALLOWEEN LAPIDA 120cm x1 FP832 CA","categoria":"Halloween","subcategoria":"Ambientacion","precio":4788.04,"destacado":false,"descripcion":"","imagen":"assets/products/CA-202500000832.webp","tags":["globo","maylar","halloween","lapida","120cm","fp832"]},{"id":"CA-202500000029","nombre":"GOLOSINERA DE TELA EXTENSIBLE x6 FP0029 CA","categoria":"Halloween","subcategoria":"Golosinas, Carameleras Y Miniaturas","precio":16023.3,"destacado":false,"descripcion":"","imagen":"assets/products/CA-202500000029.webp","tags":["golosinera","tela","extensible","fp0029"]},{"id":"CA-779818603201","nombre":"GOMITAS LA PIÑATA HUESOS x700 gr. 370784","categoria":"Halloween","subcategoria":"Golosinas, Carameleras Y Miniaturas","precio":3710.49,"destacado":false,"descripcion":"","imagen":"assets/products/CA-779818603201.webp","tags":["gomitas","piñata","huesos","x700","370784"]},{"id":"CA-17790580151628","nombre":"GOMITAS MOGUL MINI GUSANITOS EXTREME (BULTO 6x500gr) 5162","categoria":"Halloween","subcategoria":"Golosinas, Carameleras Y Miniaturas","precio":24087.03,"destacado":false,"descripcion":"","imagen":"assets/products/CA-17790580151628.webp","tags":["gomitas","mogul","mini","gusanitos","extreme","bulto","6x500gr","5162"]},{"id":"CA-779058015271","nombre":"GOMITAS MOGUL MINI GUSANITOS EXTREME 10x50gr 5271","categoria":"Halloween","subcategoria":"Golosinas, Carameleras Y Miniaturas","precio":5286.14,"destacado":false,"descripcion":"","imagen":"assets/products/CA-779058015271.webp","tags":["gomitas","mogul","mini","gusanitos","extreme","10x50gr","5271"]},{"id":"CA-779058015162","nombre":"GOMITAS MOGUL MINI GUSANITOS EXTREME x500gr 5162","categoria":"Halloween","subcategoria":"Golosinas, Carameleras Y Miniaturas","precio":4014.5,"destacado":false,"descripcion":"","imagen":"assets/products/CA-779058015162.webp","tags":["gomitas","mogul","mini","gusanitos","extreme","x500gr","5162"]},{"id":"CA-779058012128","nombre":"GOMITAS MOGUL OJITOS HALLOWEEN x500gs 1012128","categoria":"Halloween","subcategoria":"Golosinas, Carameleras Y Miniaturas","precio":4014.5,"destacado":false,"descripcion":"","imagen":"assets/products/CA-779058012128.webp","tags":["gomitas","mogul","ojitos","halloween","x500gs","1012128"]},{"id":"CA-000000058190","nombre":"GORRO BRUJA CON ESTAMPADO VARIOS COLORES x1 DC012 CA","categoria":"Halloween","subcategoria":"Gorros - Galeras / Vinchas","precio":1609.06,"destacado":false,"descripcion":"","imagen":"assets/products/CA-000000058190.webp","tags":["gorro","bruja","con","estampado","varios","colores","dc012"]},{"id":"CA-202590000012","nombre":"GORRO BRUJA CON ESTAMPADO VARIOS COLORES x12 DC012 CA","categoria":"Halloween","subcategoria":"Gorros - Galeras / Vinchas","precio":19308.66,"destacado":false,"descripcion":"","imagen":"assets/products/CA-202590000012.webp","tags":["gorro","bruja","con","estampado","varios","colores","x12","dc012"]},{"id":"CA-000000058191","nombre":"GORRO BRUJA CON PELO x1 DC090 CA","categoria":"Halloween","subcategoria":"Gorros - Galeras / Vinchas","precio":2430.6,"destacado":false,"descripcion":"","imagen":"assets/products/CA-000000058191.webp","tags":["gorro","bruja","con","pelo","dc090"]},{"id":"CA-202590000090","nombre":"GORRO BRUJA CON PELO x12 DC090 CA","categoria":"Halloween","subcategoria":"Gorros - Galeras / Vinchas","precio":29167.18,"destacado":false,"descripcion":"","imagen":"assets/products/CA-202590000090.webp","tags":["gorro","bruja","con","pelo","x12","dc090"]},{"id":"CA-000000058263","nombre":"GORRO BRUJA DE TUL ESTAMPADO VARIOS COLORES x1 DC066 CA","categoria":"Halloween","subcategoria":"Gorros - Galeras / Vinchas","precio":904.79,"destacado":false,"descripcion":"","imagen":"assets/products/CA-000000058263.webp","tags":["gorro","bruja","tul","estampado","varios","colores","dc066"]}]}