{"category_slug":"halloween","subcategory_slug":"","page":17,"page_size":48,"total":1262,"items":[{"id":"CA-000000058073","nombre":"GUANTE NEGRO CON ESQUELETO x1 FP515 CA","categoria":"Halloween","subcategoria":"Accesorios Para Disfraz","precio":1730.48,"destacado":false,"descripcion":"","imagen":"assets/products/CA-000000058073.webp","tags":["guante","negro","con","esqueleto","fp515"]},{"id":"CA-202500000515","nombre":"GUANTE NEGRO CON ESQUELETO x6 FP515 CA","categoria":"Halloween","subcategoria":"Accesorios Para Disfraz","precio":9888.46,"destacado":false,"descripcion":"","imagen":"assets/products/CA-202500000515.webp","tags":["guante","negro","con","esqueleto","fp515"]},{"id":"CA-000000058074","nombre":"GUANTE NEGRO CON UÑAS ROJAS ( par ) x1 FP516 CA","categoria":"Halloween","subcategoria":"Accesorios Para Disfraz","precio":2059.46,"destacado":false,"descripcion":"","imagen":"assets/products/CA-000000058074.webp","tags":["guante","negro","con","uñas","rojas","par","fp516"]},{"id":"CA-202500000516","nombre":"GUANTE NEGRO CON UÑAS ROJAS x3 FP516 CA","categoria":"Halloween","subcategoria":"Accesorios Para Disfraz","precio":5884.18,"destacado":false,"descripcion":"","imagen":"assets/products/CA-202500000516.webp","tags":["guante","negro","con","uñas","rojas","fp516"]},{"id":"CA-202560000669","nombre":"GUANTES LARGOS ARLEQUIN x1 FP669-06 CA","categoria":"Halloween","subcategoria":"Accesorios Para Disfraz","precio":2748.0,"destacado":false,"descripcion":"","imagen":"assets/products/CA-202560000669.webp","tags":["guantes","largos","arlequin","fp669"]},{"id":"CA-202530000669","nombre":"GUANTES LARGOS ENFERMERA x1 FP669-03 CA","categoria":"Halloween","subcategoria":"Accesorios Para Disfraz","precio":2748.0,"destacado":false,"descripcion":"","imagen":"assets/products/CA-202530000669.webp","tags":["guantes","largos","enfermera","fp669"]},{"id":"CA-202500000669","nombre":"GUANTES LARGOS ESQUELETO x1 FP669-01 CA","categoria":"Halloween","subcategoria":"Accesorios Para Disfraz","precio":2748.0,"destacado":false,"descripcion":"","imagen":"assets/products/CA-202500000669.webp","tags":["guantes","largos","esqueleto","fp669"]},{"id":"CA-202500000181","nombre":"GUIRNALDA CABEZA BEBE LLORANDO CON LUZ  x1 FP0181 CA","categoria":"Halloween","subcategoria":"Ambientacion","precio":2940.63,"destacado":false,"descripcion":"","imagen":"assets/products/CA-202500000181.webp","tags":["guirnalda","cabeza","bebe","llorando","con","luz","fp0181"]},{"id":"CA-679740820754","nombre":"GUIRNALDA CALABAZAS HALLOWEEN CON LUZ  x1 PA0754 CA","categoria":"Halloween","subcategoria":"Ambientacion","precio":3356.28,"destacado":false,"descripcion":"","imagen":"assets/products/CA-679740820754.webp","tags":["guirnalda","calabazas","halloween","con","luz","pa0754"]},{"id":"CA-202500000176","nombre":"GUIRNALDA CALAVERA HALLOWEEN CON LUZ  x1 FP0176 CA","categoria":"Halloween","subcategoria":"Ambientacion","precio":3668.06,"destacado":false,"descripcion":"","imagen":"assets/products/CA-202500000176.webp","tags":["guirnalda","calavera","halloween","con","luz","fp0176"]},{"id":"CA-679740820755","nombre":"GUIRNALDA CALAVERA HALLOWEEN CON LUZ  x1 PA0755 CA","categoria":"Halloween","subcategoria":"Ambientacion","precio":3356.28,"destacado":false,"descripcion":"","imagen":"assets/products/CA-679740820755.webp","tags":["guirnalda","calavera","halloween","con","luz","pa0755"]},{"id":"CA-202540000983","nombre":"GUIRNALDA CALAVERA SANGRE CORPOREA CON LUZ  3mts x1 FP983-04 CA","categoria":"Halloween","subcategoria":"Ambientacion","precio":7188.74,"destacado":false,"descripcion":"","imagen":"assets/products/CA-202540000983.webp","tags":["guirnalda","calavera","sangre","corporea","con","luz","3mts","fp983"]},{"id":"CA-779908802444","nombre":"GUIRNALDA CUCHILLAS SANGRIENTAS HD002/02444 PS","categoria":"Halloween","subcategoria":"Ambientacion","precio":3788.05,"destacado":false,"descripcion":"","imagen":"assets/products/CA-779908802444.webp","tags":["guirnalda","cuchillas","sangrientas","hd002","02444"]},{"id":"CA-202520000983","nombre":"GUIRNALDA FANTASMA CORPOREA CON LUZ  3mts x1 FP983-02 CA","categoria":"Halloween","subcategoria":"Ambientacion","precio":7188.74,"destacado":false,"descripcion":"","imagen":"assets/products/CA-202520000983.webp","tags":["guirnalda","fantasma","corporea","con","luz","3mts","fp983"]},{"id":"CA-679749900385","nombre":"GUIRNALDA FANTASMA HALLOWEEN CON LUZ  x1 DA0385 CA","categoria":"Halloween","subcategoria":"Ambientacion","precio":3686.4,"destacado":false,"descripcion":"","imagen":"assets/products/CA-679749900385.webp","tags":["guirnalda","fantasma","halloween","con","luz","da0385"]},{"id":"CA-779227307065","nombre":"GUIRNALDA HALLOWEEN ARAÑAS x1 7065 (blanca, naranja y violeta)","categoria":"Halloween","subcategoria":"Ambientacion","precio":771.39,"destacado":false,"descripcion":"","imagen":"assets/products/CA-779227307065.webp","tags":["guirnalda","halloween","arañas","7065","blanca","naranja","violeta"]},{"id":"CA-779227337077","nombre":"GUIRNALDA HALLOWEEN BRUJA NEGRA 7077 x1u.RONDINELLA","categoria":"Halloween","subcategoria":"Ambientacion","precio":791.44,"destacado":false,"descripcion":"","imagen":"assets/products/CA-779227337077.webp","tags":["guirnalda","halloween","bruja","negra","7077","x1u","rondinella"]},{"id":"CA-000000029960","nombre":"GUIRNALDA HALLOWEEN CALABAZA GRANDE NARANJA x3 85","categoria":"Halloween","subcategoria":"Ambientacion","precio":3416.0,"destacado":false,"descripcion":"* (18/12/2025)","imagen":"assets/products/CA-000000029960.webp","tags":["guirnalda","halloween","calabaza","grande","naranja"]},{"id":"CA-779227397044","nombre":"GUIRNALDA HALLOWEEN CALABAZAS 7044 x1u.RONDINELLA","categoria":"Halloween","subcategoria":"Ambientacion","precio":798.05,"destacado":false,"descripcion":"","imagen":"assets/products/CA-779227397044.webp","tags":["guirnalda","halloween","calabazas","7044","x1u","rondinella"]},{"id":"CA-000000029962","nombre":"GUIRNALDA HALLOWEEN CALAVERA GRANDE BLANCA x3 87","categoria":"Halloween","subcategoria":"Ambientacion","precio":3262.0,"destacado":false,"descripcion":"* (18/12/2025)","imagen":"assets/products/CA-000000029962.webp","tags":["guirnalda","halloween","calavera","grande","blanca"]},{"id":"CA-000000030336","nombre":"GUIRNALDA HALLOWEEN CALAVERA GRANDE NEGRA x3 87","categoria":"Halloween","subcategoria":"Ambientacion","precio":3262.0,"destacado":false,"descripcion":"* (18/12/2025)","imagen":"assets/products/CA-000000030336.webp","tags":["guirnalda","halloween","calavera","grande","negra"]},{"id":"CA-779227307028","nombre":"GUIRNALDA HALLOWEEN CALAVERAS BLANCA 7028x1u.RONDINELLA","categoria":"Halloween","subcategoria":"Ambientacion","precio":798.05,"destacado":false,"descripcion":"","imagen":"assets/products/CA-779227307028.webp","tags":["guirnalda","halloween","calaveras","blanca","7028x1u","rondinella"]},{"id":"CA-679740820040","nombre":"GUIRNALDA HALLOWEEN CON LUZ VARIOS MODELOS  x1 PA0040 CA","categoria":"Halloween","subcategoria":"Ambientacion","precio":3294.38,"destacado":false,"descripcion":"","imagen":"assets/products/CA-679740820040.webp","tags":["guirnalda","halloween","con","luz","varios","modelos","pa0040"]},{"id":"CA-000000003194","nombre":"GUIRNALDA HALLOWEEN CUADRADA BI-COLOR x4 23","categoria":"Halloween","subcategoria":"Ambientacion","precio":966.0,"destacado":false,"descripcion":"* (18/12/2025)","imagen":"assets/products/CA-000000003194.webp","tags":["guirnalda","halloween","cuadrada","color"]},{"id":"CA-202500001029","nombre":"GUIRNALDA HALLOWEEN ESQUELETO 6mts x1 FP1029 CA","categoria":"Halloween","subcategoria":"Ambientacion","precio":3414.96,"destacado":false,"descripcion":"","imagen":"assets/products/CA-202500001029.webp","tags":["guirnalda","halloween","esqueleto","6mts","fp1029"]},{"id":"CA-779227307048","nombre":"GUIRNALDA HALLOWEEN ESQUELETO BLANCO 71048 x1 RONDINELLA","categoria":"Halloween","subcategoria":"Ambientacion","precio":1221.7,"destacado":false,"descripcion":"","imagen":"assets/products/CA-779227307048.webp","tags":["guirnalda","halloween","esqueleto","blanco","71048","rondinella"]},{"id":"CA-000000029961","nombre":"GUIRNALDA HALLOWEEN FANTASMA GRANDE x3 86","categoria":"Halloween","subcategoria":"Ambientacion","precio":3724.0,"destacado":false,"descripcion":"* (18/12/2025)","imagen":"assets/products/CA-000000029961.webp","tags":["guirnalda","halloween","fantasma","grande"]},{"id":"CA-779227307030","nombre":"GUIRNALDA HALLOWEEN FANTASMAS BLANCOS 7030 x1","categoria":"Halloween","subcategoria":"Ambientacion","precio":798.05,"destacado":false,"descripcion":"","imagen":"assets/products/CA-779227307030.webp","tags":["guirnalda","halloween","fantasmas","blancos","7030"]},{"id":"CA-202530000166","nombre":"GUIRNALDA HALLOWEEN JACK CON LUZ x1 FP0166-03 CA","categoria":"Halloween","subcategoria":"Ambientacion","precio":3414.96,"destacado":false,"descripcion":"","imagen":"assets/products/CA-202530000166.webp","tags":["guirnalda","halloween","jack","con","luz","fp0166"]},{"id":"CA-202500001030","nombre":"GUIRNALDA HALLOWEEN MANO x1 (2,40mts) FP1030 CA","categoria":"Halloween","subcategoria":"Ambientacion","precio":3433.67,"destacado":false,"descripcion":"","imagen":"assets/products/CA-202500001030.webp","tags":["guirnalda","halloween","mano","40mts","fp1030"]},{"id":"CA-000000027250","nombre":"GUIRNALDA HALLOWEEN MURCIELAGO NEGRO 84 CH. x4","categoria":"Halloween","subcategoria":"Ambientacion","precio":1960.0,"destacado":false,"descripcion":"* (18/12/2025)","imagen":"assets/products/CA-000000027250.webp","tags":["guirnalda","halloween","murcielago","negro"]},{"id":"CA-779227337026","nombre":"GUIRNALDA HALLOWEEN MURCIELAGOS NEGROS 7026 x1u.RONDINELLA","categoria":"Halloween","subcategoria":"Ambientacion","precio":798.05,"destacado":false,"descripcion":"","imagen":"assets/products/CA-779227337026.webp","tags":["guirnalda","halloween","murcielagos","negros","7026","x1u","rondinella"]},{"id":"CA-779227337075","nombre":"GUIRNALDA HALLOWEEN PAYASO IT NEGRO 7075 x1 RONDINELLA","categoria":"Halloween","subcategoria":"Ambientacion","precio":791.44,"destacado":false,"descripcion":"","imagen":"assets/products/CA-779227337075.webp","tags":["guirnalda","halloween","payaso","negro","7075","rondinella"]},{"id":"CA-202510000166","nombre":"GUIRNALDA HALLOWEEN PIRATA CON LUZ x1 FP0166-01 CA","categoria":"Halloween","subcategoria":"Ambientacion","precio":3414.96,"destacado":false,"descripcion":"","imagen":"assets/products/CA-202510000166.webp","tags":["guirnalda","halloween","pirata","con","luz","fp0166"]},{"id":"CA-000000004078","nombre":"GUIRNALDA HALLOWEEN REDONDA BI-COLOR x4 33","categoria":"Halloween","subcategoria":"Ambientacion","precio":1400.0,"destacado":false,"descripcion":"* (18/12/2025)","imagen":"assets/products/CA-000000004078.webp","tags":["guirnalda","halloween","redonda","color"]},{"id":"CA-679740820757","nombre":"GUIRNALDA MOMIA HALLOWEEN CON LUZ  x1 PA0757 CA","categoria":"Halloween","subcategoria":"Ambientacion","precio":3356.28,"destacado":false,"descripcion":"","imagen":"assets/products/CA-679740820757.webp","tags":["guirnalda","momia","halloween","con","luz","pa0757"]},{"id":"CA-779905101052","nombre":"GUIRNALDA REDONDA HALLOWEEN x1u. GM 0654","categoria":"Halloween","subcategoria":"Ambientacion","precio":911.25,"destacado":false,"descripcion":"","imagen":"assets/products/CA-779905101052.webp","tags":["guirnalda","redonda","halloween","x1u","0654"]},{"id":"CA-000004000014","nombre":"HACHA CON CALAVERA DORADO x1 HH0013-O","categoria":"Halloween","subcategoria":"Accesorios Para Disfraz","precio":1849.97,"destacado":false,"descripcion":"","imagen":"assets/products/CA-000004000014.webp","tags":["hacha","con","calavera","dorado","hh0013"]},{"id":"CA-000004000015","nombre":"HACHA CON CALAVERA PLATEADA x1 HH0013","categoria":"Halloween","subcategoria":"Accesorios Para Disfraz","precio":1849.97,"destacado":false,"descripcion":"","imagen":"assets/products/CA-000004000015.webp","tags":["hacha","con","calavera","plateada","hh0013"]},{"id":"CA-000003000312","nombre":"HACHA DOBLE CON SANGRE x1 HH0002-S","categoria":"Halloween","subcategoria":"Accesorios Para Disfraz","precio":2022.58,"destacado":false,"descripcion":"","imagen":"assets/products/CA-000003000312.webp","tags":["hacha","doble","con","sangre","hh0002"]},{"id":"CA-000003000336","nombre":"HACHA INDIO CON SANGRE STASIO x1 HH0010-S","categoria":"Halloween","subcategoria":"Accesorios Para Disfraz","precio":1973.71,"destacado":false,"descripcion":"","imagen":"assets/products/CA-000003000336.webp","tags":["hacha","indio","con","sangre","stasio","hh0010"]},{"id":"CA-000003000322","nombre":"HACHUELA/ CUCHILLA CARNICERO STASIO x1 HH0007","categoria":"Halloween","subcategoria":"Accesorios Para Disfraz","precio":2520.27,"destacado":false,"descripcion":"","imagen":"assets/products/CA-000003000322.webp","tags":["hachuela","cuchilla","carnicero","stasio","hh0007"]},{"id":"CA-000001001322","nombre":"HACHUELA/ CUCHILLA SANGRIENTA CARNICERO STASIO x1 HH0007-S","categoria":"Halloween","subcategoria":"Accesorios Para Disfraz","precio":3181.26,"destacado":false,"descripcion":"","imagen":"assets/products/CA-000001001322.webp","tags":["hachuela","cuchilla","sangrienta","carnicero","stasio","hh0007"]},{"id":"CA-779908802416","nombre":"INFLABLE ALAS DE DEMONIO x1 AC097 PS","categoria":"Halloween","subcategoria":"Accesorios Para Disfraz","precio":32606.0,"destacado":false,"descripcion":"","imagen":"assets/products/CA-779908802416.webp","tags":["inflable","alas","demonio","ac097"]},{"id":"CA-202500001122","nombre":"INFLABLE ARAÑA CALAVERA CON LUZ 1.5mts x1 FP1122  CA","categoria":"Halloween","subcategoria":"Ambientacion","precio":62980.52,"destacado":false,"descripcion":"","imagen":"assets/products/CA-202500001122.webp","tags":["inflable","araña","calavera","con","luz","5mts","fp1122"]},{"id":"CA-202500001119","nombre":"INFLABLE ARAÑA CON LUZ 1.8mts x1 FP1119 CA","categoria":"Halloween","subcategoria":"Ambientacion","precio":60046.07,"destacado":false,"descripcion":"","imagen":"assets/products/CA-202500001119.webp","tags":["inflable","araña","con","luz","8mts","fp1119"]},{"id":"CA-779908804559","nombre":"INFLABLE ARCO DE LA MUERTE  2.70 mts LED x1 DEINHA017 PS","categoria":"Halloween","subcategoria":"Ambientacion","precio":198513.0,"destacado":false,"descripcion":"","imagen":"assets/products/CA-779908804559.webp","tags":["inflable","arco","muerte","mts","led","deinha017"]},{"id":"CA-779908804552","nombre":"INFLABLE BRUJA POCIMAS 2.40 mts LED x1 DEINHA010 PS","categoria":"Halloween","subcategoria":"Ambientacion","precio":108367.0,"destacado":false,"descripcion":"","imagen":"assets/products/CA-779908804552.webp","tags":["inflable","bruja","pocimas","mts","led","deinha010"]}]}