{"category_slug":"halloween","subcategory_slug":"","page":18,"page_size":48,"total":1262,"items":[{"id":"CA-779908804544","nombre":"INFLABLE BRUJITA CON ESCOBA 1.20mts x1 DEINHA002 PS","categoria":"Halloween","subcategoria":"Ambientacion","precio":66171.0,"destacado":false,"descripcion":"","imagen":"assets/products/CA-779908804544.webp","tags":["inflable","brujita","con","escoba","20mts","deinha002"]},{"id":"CA-779908804551","nombre":"INFLABLE BRUJITA VOLANDO 1.50mts x1 DEINHA009 PS","categoria":"Halloween","subcategoria":"Ambientacion","precio":75761.0,"destacado":false,"descripcion":"","imagen":"assets/products/CA-779908804551.webp","tags":["inflable","brujita","volando","50mts","deinha009"]},{"id":"CA-202500001121","nombre":"INFLABLE CALABAZA TERROR CON LUZ 1.2mts x1 FP1121 CA","categoria":"Halloween","subcategoria":"Ambientacion","precio":45337.17,"destacado":false,"descripcion":"","imagen":"assets/products/CA-202500001121.webp","tags":["inflable","calabaza","terror","con","luz","2mts","fp1121"]},{"id":"CA-779908804558","nombre":"INFLABLE CASTILLO HALLOWEEN  2.70 mts LED x1 DEINHA016 PS","categoria":"Halloween","subcategoria":"Ambientacion","precio":256053.0,"destacado":false,"descripcion":"","imagen":"assets/products/CA-779908804558.webp","tags":["inflable","castillo","halloween","mts","led","deinha016"]},{"id":"CA-779908804545","nombre":"INFLABLE DRACULIN 1.20mts x1 DEINHA003 PS","categoria":"Halloween","subcategoria":"Ambientacion","precio":62335.0,"destacado":false,"descripcion":"","imagen":"assets/products/CA-779908804545.webp","tags":["inflable","draculin","20mts","deinha003"]},{"id":"CA-779908805565","nombre":"INFLABLE EL BEETLE 1.80mts x1 DEINHA021 PS","categoria":"Halloween","subcategoria":"Ambientacion","precio":100695.0,"destacado":false,"descripcion":"","imagen":"assets/products/CA-779908805565.webp","tags":["inflable","beetle","80mts","deinha021"]},{"id":"CA-202500001118","nombre":"INFLABLE FANTASMA AZUL Y NEGRO CON LUZ 2.3mts x1 FP1118 CA","categoria":"Halloween","subcategoria":"Ambientacion","precio":86529.44,"destacado":false,"descripcion":"","imagen":"assets/products/CA-202500001118.webp","tags":["inflable","fantasma","azul","negro","con","luz","3mts","fp1118"]},{"id":"CA-202500001116","nombre":"INFLABLE FANTASMA BOO!  CON LUZ 1.2mts x1 FP1116 CA","categoria":"Halloween","subcategoria":"Ambientacion","precio":35029.92,"destacado":false,"descripcion":"","imagen":"assets/products/CA-202500001116.webp","tags":["inflable","fantasma","boo","con","luz","2mts","fp1116"]},{"id":"CA-202500001127","nombre":"INFLABLE FANTASMA CON LUZ 1.1mts x1 FP1127 CA","categoria":"Halloween","subcategoria":"Ambientacion","precio":40935.5,"destacado":false,"descripcion":"","imagen":"assets/products/CA-202500001127.webp","tags":["inflable","fantasma","con","luz","1mts","fp1127"]},{"id":"CA-202500001117","nombre":"INFLABLE FANTASMA FLECOS TERROR 3 mts x1 FP1117 CA","categoria":"Halloween","subcategoria":"Ambientacion","precio":73287.72,"destacado":false,"descripcion":"","imagen":"assets/products/CA-202500001117.webp","tags":["inflable","fantasma","flecos","terror","mts","fp1117"]},{"id":"CA-202500001123","nombre":"INFLABLE FANTASMA FUEGO CON FLECOS TERROR 2.3 mts x1 FP1123 CA","categoria":"Halloween","subcategoria":"Ambientacion","precio":85649.09,"destacado":false,"descripcion":"","imagen":"assets/products/CA-202500001123.webp","tags":["inflable","fantasma","fuego","con","flecos","terror","mts","fp1123"]},{"id":"CA-779908804555","nombre":"INFLABLE FRANKIE VIVE 2.10mts x1 DEINHA013 PS","categoria":"Halloween","subcategoria":"Ambientacion","precio":229201.0,"destacado":false,"descripcion":"","imagen":"assets/products/CA-779908804555.webp","tags":["inflable","frankie","vive","10mts","deinha013"]},{"id":"CA-202500001126","nombre":"INFLABLE GATO NEGRO TERROR CON LUZ 1.8mts x1 FP1126 CA","categoria":"Halloween","subcategoria":"Ambientacion","precio":76258.86,"destacado":false,"descripcion":"","imagen":"assets/products/CA-202500001126.webp","tags":["inflable","gato","negro","terror","con","luz","8mts","fp1126"]},{"id":"CA-202500001124","nombre":"INFLABLE LA PARCA CON LUZ 1.8mts x1 FP1124 CA","categoria":"Halloween","subcategoria":"Ambientacion","precio":64484.4,"destacado":false,"descripcion":"","imagen":"assets/products/CA-202500001124.webp","tags":["inflable","parca","con","luz","8mts","fp1124"]},{"id":"CA-202590000207","nombre":"INFLABLE LUNA BRUJA CON LUZ 1.5mts x1 DC0207","categoria":"Halloween","subcategoria":"Ambientacion","precio":63457.37,"destacado":false,"descripcion":"","imagen":"assets/products/CA-202590000207.webp","tags":["inflable","luna","bruja","con","luz","5mts","dc0207"]},{"id":"CA-202590000206","nombre":"INFLABLE OLLA BRUJA CON PIERNAS CON LUZ 1.5mts x1 DC0206 CA","categoria":"Halloween","subcategoria":"Ambientacion","precio":45117.08,"destacado":false,"descripcion":"","imagen":"assets/products/CA-202590000206.webp","tags":["inflable","olla","bruja","con","piernas","con","luz","5mts","dc0206"]},{"id":"CA-202500001115","nombre":"INFLABLE OLLA BRUJAS Y GATO CON LUZ 1.8mts x1 FP1115 CA","categoria":"Halloween","subcategoria":"Ambientacion","precio":127024.74,"destacado":false,"descripcion":"","imagen":"assets/products/CA-202500001115.webp","tags":["inflable","olla","brujas","gato","con","luz","8mts","fp1115"]},{"id":"CA-202500001125","nombre":"INFLABLE PAYASO TERROR CON LUZ 1.8mts x1 FP1125 CA","categoria":"Halloween","subcategoria":"Ambientacion","precio":75525.26,"destacado":false,"descripcion":"","imagen":"assets/products/CA-202500001125.webp","tags":["inflable","payaso","terror","con","luz","8mts","fp1125"]},{"id":"CA-202500000093","nombre":"INSECTOS PEGAJOSOS HALLOWEEN x12 FP0093-01 CA","categoria":"Halloween","subcategoria":"Arañas - Insectos Y Bichos","precio":3927.86,"destacado":false,"descripcion":"","imagen":"assets/products/CA-202500000093.webp","tags":["insectos","pegajosos","halloween","x12","fp0093"]},{"id":"CA-202593000316","nombre":"JAULA MOMIA  PRESO SONIDO/LUZ Y MOVIMIENTO x1 DC0316-03 CA","categoria":"Halloween","subcategoria":"Ambientacion","precio":24942.8,"destacado":false,"descripcion":"","imagen":"assets/products/CA-202593000316.webp","tags":["jaula","momia","preso","sonido","luz","movimiento","dc0316"]},{"id":"CA-202592000316","nombre":"JAULA PAYASO PRESO SONIDO/LUZ Y MOVIMIENTO x1 DC0316-02 CA","categoria":"Halloween","subcategoria":"Ambientacion","precio":24942.8,"destacado":false,"descripcion":"","imagen":"assets/products/CA-202592000316.webp","tags":["jaula","payaso","preso","sonido","luz","movimiento","dc0316"]},{"id":"CA-202510000028","nombre":"JAULA PRESO SONIDO/LUZ Y MOVIMIENTO x1 FP0028-01 CA","categoria":"Halloween","subcategoria":"Ambientacion","precio":22607.44,"destacado":false,"descripcion":"","imagen":"assets/products/CA-202510000028.webp","tags":["jaula","preso","sonido","luz","movimiento","fp0028"]},{"id":"CA-202500000396","nombre":"JERINGA PARA TRAGOS  x2 FP396 CA","categoria":"Halloween","subcategoria":"Accesorios Para Disfraz","precio":2274.2,"destacado":false,"descripcion":"","imagen":"assets/products/CA-202500000396.webp","tags":["jeringa","para","tragos","fp396"]},{"id":"CA-202500000406","nombre":"JERINGA PARA TRAGOS x5u. FP406 CA","categoria":"Halloween","subcategoria":"Accesorios Para Disfraz","precio":1907.39,"destacado":false,"descripcion":"","imagen":"assets/products/CA-202500000406.webp","tags":["jeringa","para","tragos","x5u","fp406"]},{"id":"CA-202530000617","nombre":"KIT GLOBO CALABAZA HALLOWEEN x40 PIEZAS FP617-03 CA","categoria":"Halloween","subcategoria":"Ambientacion","precio":9185.42,"destacado":false,"descripcion":"","imagen":"assets/products/CA-202530000617.webp","tags":["kit","globo","calabaza","halloween","x40","piezas","fp617"]},{"id":"CA-202500001016","nombre":"KIT GLOBO CALAVERA HALLOWEEN 6 PIEZAS x1 FP1016-01 CA","categoria":"Halloween","subcategoria":"Ambientacion","precio":811.25,"destacado":false,"descripcion":"","imagen":"assets/products/CA-202500001016.webp","tags":["kit","globo","calavera","halloween","piezas","fp1016"]},{"id":"CA-202520000617","nombre":"KIT GLOBO CALAVERA HALLOWEEN x40 PIEZAS FP617-02 CA","categoria":"Halloween","subcategoria":"Ambientacion","precio":9185.42,"destacado":false,"descripcion":"","imagen":"assets/products/CA-202520000617.webp","tags":["kit","globo","calavera","halloween","x40","piezas","fp617"]},{"id":"CA-202500000617","nombre":"KIT GLOBO FANTASMA BOO HALLOWEEN x40 PIEZAS FP617-01 CA","categoria":"Halloween","subcategoria":"Ambientacion","precio":9185.42,"destacado":false,"descripcion":"","imagen":"assets/products/CA-202500000617.webp","tags":["kit","globo","fantasma","boo","halloween","x40","piezas","fp617"]},{"id":"CA-202520001016","nombre":"KIT GLOBO FANTASMA HALLOWEEN 6 PIEZAS x1 FP1016-02 CA","categoria":"Halloween","subcategoria":"Ambientacion","precio":811.25,"destacado":false,"descripcion":"","imagen":"assets/products/CA-202520001016.webp","tags":["kit","globo","fantasma","halloween","piezas","fp1016"]},{"id":"CA-705725051824","nombre":"KIT GLOBO HALLOWEEN 4D ESQUELETO AHORCADO x1 5 PIEZAS U2503-098","categoria":"Halloween","subcategoria":"Ambientacion","precio":3467.1,"destacado":false,"descripcion":"","imagen":"assets/products/CA-705725051824.webp","tags":["kit","globo","halloween","esqueleto","ahorcado","piezas","u2503","098"]},{"id":"CA-202590000404","nombre":"KIT GLOBO HALLOWEEN 5 PIEZAS x1 DC404 CA","categoria":"Halloween","subcategoria":"Ambientacion","precio":2005.2,"destacado":false,"descripcion":"","imagen":"assets/products/CA-202590000404.webp","tags":["kit","globo","halloween","piezas","dc404"]},{"id":"CA-202590000410","nombre":"KIT GLOBO HALLOWEEN 7 PIEZAS x1 DC410 C A","categoria":"Halloween","subcategoria":"Ambientacion","precio":1530.8,"destacado":false,"descripcion":"","imagen":"assets/products/CA-202590000410.webp","tags":["kit","globo","halloween","piezas","dc410"]},{"id":"CA-202500001015","nombre":"KIT GLOBO HALLOWEEN 9 PIEZAS x3 FP1015 CA","categoria":"Halloween","subcategoria":"Ambientacion","precio":6235.7,"destacado":false,"descripcion":"","imagen":"assets/products/CA-202500001015.webp","tags":["kit","globo","halloween","piezas","fp1015"]},{"id":"CA-609819417405","nombre":"KIT GLOBO HALLOWEEN OVNI x9 (APTO HELIO) 74052","categoria":"Halloween","subcategoria":"Ambientacion","precio":3473.51,"destacado":false,"descripcion":"","imagen":"assets/products/CA-609819417405.webp","tags":["kit","globo","halloween","ovni","apto","helio","74052"]},{"id":"CA-202500000622","nombre":"KIT GLOBO HAPPY HALLOWEEN 14 PIEZAS x1 FP622 CA","categoria":"Halloween","subcategoria":"Ambientacion","precio":2436.22,"destacado":false,"descripcion":"","imagen":"assets/products/CA-202500000622.webp","tags":["kit","globo","happy","halloween","piezas","fp622"]},{"id":"CA-000000053472","nombre":"KIT GLOBOS HALLOWEEN COCO 5 PIEZAS x1 WSJ-03","categoria":"Halloween","subcategoria":"Ambientacion","precio":2498.14,"destacado":false,"descripcion":"","imagen":"assets/products/CA-000000053472.webp","tags":["kit","globos","halloween","coco","piezas","wsj"]},{"id":"CA-000000053471","nombre":"KIT GLOBOS HALLOWEEN FANTASMA 5 PIEZAS x1 WSJ-32","categoria":"Halloween","subcategoria":"Ambientacion","precio":2498.14,"destacado":false,"descripcion":"","imagen":"assets/products/CA-000000053471.webp","tags":["kit","globos","halloween","fantasma","piezas","wsj"]},{"id":"CA-779830177182","nombre":"KIT MAQUILLAJE ARTISTICO BRUJA CON SANGRE/STENCIL HALLOWEEN X1 COD.616.0002","categoria":"Halloween","subcategoria":"Accesorios Para Disfraz","precio":1766.12,"destacado":false,"descripcion":"","imagen":"assets/products/CA-779830177182.webp","tags":["kit","maquillaje","artistico","bruja","con","sangre","stencil","halloween","cod","616","0002"]},{"id":"CA-779830177187","nombre":"KIT MAQUILLAJE ARTISTICO CALACA CON GIBRE/STENCIL HALLOWEEN X1 COD.616.0007","categoria":"Halloween","subcategoria":"Accesorios Para Disfraz","precio":1766.12,"destacado":false,"descripcion":"","imagen":"assets/products/CA-779830177187.webp","tags":["kit","maquillaje","artistico","calaca","con","gibre","stencil","halloween","cod","616","0007"]},{"id":"CA-779830177183","nombre":"KIT MAQUILLAJE ARTISTICO CALAVERA CON SANGRE/STENCIL HALLOWEEN X1 COD.616.0003","categoria":"Halloween","subcategoria":"Accesorios Para Disfraz","precio":1766.12,"destacado":false,"descripcion":"","imagen":"assets/products/CA-779830177183.webp","tags":["kit","maquillaje","artistico","calavera","con","sangre","stencil","halloween","cod","616","0003"]},{"id":"CA-779830177184","nombre":"KIT MAQUILLAJE ARTISTICO DIABLO CON SANGRE/STENCIL HALLOWEEN X1 COD.616.0004","categoria":"Halloween","subcategoria":"Accesorios Para Disfraz","precio":1766.12,"destacado":false,"descripcion":"","imagen":"assets/products/CA-779830177184.webp","tags":["kit","maquillaje","artistico","diablo","con","sangre","stencil","halloween","cod","616","0004"]},{"id":"CA-779830177601","nombre":"KIT MAQUILLAJE ARTISTICO DRACULA CON DIENTES Y SANGRE HALLOWEEN X1 COD.616.10","categoria":"Halloween","subcategoria":"Accesorios Para Disfraz","precio":1766.12,"destacado":false,"descripcion":"","imagen":"assets/products/CA-779830177601.webp","tags":["kit","maquillaje","artistico","dracula","con","dientes","sangre","halloween","cod","616"]},{"id":"CA-000000011662","nombre":"LAGARTIJAS COLOR  PATRIMAR x36","categoria":"Halloween","subcategoria":"Arañas - Insectos Y Bichos","precio":1345.59,"destacado":false,"descripcion":"","imagen":"assets/products/CA-000000011662.webp","tags":["lagartijas","color","patrimar","x36"]},{"id":"CA-000000042996","nombre":"LAGARTIJAS GOMA COLOR PATRIMAR x12","categoria":"Halloween","subcategoria":"Arañas - Insectos Y Bichos","precio":1189.88,"destacado":false,"descripcion":"","imagen":"assets/products/CA-000000042996.webp","tags":["lagartijas","goma","color","patrimar","x12"]},{"id":"CA-202593000301","nombre":"LAPIDA BAILARINA SONIDO/LUZ Y MOVIMIENTO x1 DC301-03 CA","categoria":"Halloween","subcategoria":"Ambientacion","precio":19800.0,"destacado":false,"descripcion":"","imagen":"assets/products/CA-202593000301.webp","tags":["lapida","bailarina","sonido","luz","movimiento","dc301"]},{"id":"CA-779908802490","nombre":"LAPIDA CON FANTASMA (LUZ-SONIDO-MOVIMIENTO) 54x38x9.5cm x1 HD015 PS","categoria":"Halloween","subcategoria":"Ambientacion","precio":40278.0,"destacado":false,"descripcion":"","imagen":"assets/products/CA-779908802490.webp","tags":["lapida","con","fantasma","luz","sonido","movimiento","54x38x9","5cm","hd015"]},{"id":"CA-779908804627","nombre":"LAPIDA DESPERTAR DE MUERTOS (LUZ-SONIDO-MOVIMIENTO) 56x34x9.5cm x1 HD450 PS","categoria":"Halloween","subcategoria":"Ambientacion","precio":40757.5,"destacado":false,"descripcion":"","imagen":"assets/products/CA-779908804627.webp","tags":["lapida","despertar","muertos","luz","sonido","movimiento","56x34x9","5cm","hd450"]},{"id":"CA-779908805193","nombre":"LAPIDA EMBRUJO DE LA MUERTE 46x30,5x1x8cm HD618 PS","categoria":"Halloween","subcategoria":"Ambientacion","precio":8343.3,"destacado":false,"descripcion":"","imagen":"assets/products/CA-779908805193.webp","tags":["lapida","embrujo","muerte","46x30","5x1x8cm","hd618"]}]}