{"category_slug":"halloween","subcategory_slug":"","page":24,"page_size":48,"total":1262,"items":[{"id":"CA-000000054102","nombre":"SET MONJA MALVADA CROSTI x1 art.212","categoria":"Halloween","subcategoria":"Set De Disfraces/Capas","precio":3240.0,"destacado":false,"descripcion":"","imagen":"assets/products/CA-000000054102.webp","tags":["set","monja","malvada","crosti","art","212"]},{"id":"CA-779814781804","nombre":"SET NIÑA CALACA PECHERA CON GUANTES x1 CANDELA","categoria":"Halloween","subcategoria":"Set De Disfraces/Capas","precio":5900.0,"destacado":false,"descripcion":"","imagen":"assets/products/CA-779814781804.webp","tags":["set","niña","calaca","pechera","con","guantes","candela"]},{"id":"CA-779905101083","nombre":"SET PECHERA Y CARETA CATRIN x5","categoria":"Halloween","subcategoria":"Set De Disfraces/Capas","precio":890.0,"destacado":false,"descripcion":"","imagen":"assets/products/CA-779905101083.webp","tags":["set","pechera","careta","catrin"]},{"id":"CA-779905101084","nombre":"SET PECHERA Y CARETA CATRINA x5","categoria":"Halloween","subcategoria":"Set De Disfraces/Capas","precio":890.0,"destacado":false,"descripcion":"","imagen":"assets/products/CA-779905101084.webp","tags":["set","pechera","careta","catrina"]},{"id":"CA-779905101089","nombre":"SET PECHERA Y CARETA DRACULA x5","categoria":"Halloween","subcategoria":"Set De Disfraces/Capas","precio":890.0,"destacado":false,"descripcion":"","imagen":"assets/products/CA-779905101089.webp","tags":["set","pechera","careta","dracula"]},{"id":"CA-779905101088","nombre":"SET PECHERA Y CARETA ESQUELETO ROSA x5","categoria":"Halloween","subcategoria":"Set De Disfraces/Capas","precio":890.0,"destacado":false,"descripcion":"","imagen":"assets/products/CA-779905101088.webp","tags":["set","pechera","careta","esqueleto","rosa"]},{"id":"CA-779905101090","nombre":"SET PECHERA Y CARETA MOMIA x5","categoria":"Halloween","subcategoria":"Set De Disfraces/Capas","precio":890.0,"destacado":false,"descripcion":"","imagen":"assets/products/CA-779905101090.webp","tags":["set","pechera","careta","momia"]},{"id":"CA-779905101091","nombre":"SET PECHERA Y CARETA PAYASO x5","categoria":"Halloween","subcategoria":"Set De Disfraces/Capas","precio":890.0,"destacado":false,"descripcion":"","imagen":"assets/products/CA-779905101091.webp","tags":["set","pechera","careta","payaso"]},{"id":"CA-779905101086","nombre":"SET PECHERA Y CARETA PIRATA x5","categoria":"Halloween","subcategoria":"Set De Disfraces/Capas","precio":890.0,"destacado":false,"descripcion":"","imagen":"assets/products/CA-779905101086.webp","tags":["set","pechera","careta","pirata"]},{"id":"CA-779905101085","nombre":"SET PECHERA Y CARETA ZOMBIE x5","categoria":"Halloween","subcategoria":"Set De Disfraces/Capas","precio":890.0,"destacado":false,"descripcion":"","imagen":"assets/products/CA-779905101085.webp","tags":["set","pechera","careta","zombie"]},{"id":"CA-860214704505","nombre":"SET PIRATA (parche-aro-pañuelo) x1 MM45-05","categoria":"Halloween","subcategoria":"Set De Disfraces/Capas","precio":1223.18,"destacado":false,"descripcion":"","imagen":"assets/products/CA-860214704505.webp","tags":["set","pirata","parche","aro","pañuelo","mm45"]},{"id":"CA-202590000774","nombre":"SET PIRATA PARCHE Y VINCHA  x1 NEGRO/ ROJO DC774 C A","categoria":"Halloween","subcategoria":"Set De Disfraces/Capas","precio":2358.02,"destacado":false,"descripcion":"","imagen":"assets/products/CA-202590000774.webp","tags":["set","pirata","parche","vincha","negro","rojo","dc774"]},{"id":"CA-679749900620","nombre":"SET PIRATA PARCHE Y VINCHA DORADO/PLATEADO x1 DA0620 CA","categoria":"Halloween","subcategoria":"Set De Disfraces/Capas","precio":2358.02,"destacado":false,"descripcion":"","imagen":"assets/products/CA-679749900620.webp","tags":["set","pirata","parche","vincha","dorado","plateado","da0620"]},{"id":"CA-05022848970937","nombre":"SET PIRATA x1 (2 piezas) HM70015","categoria":"Halloween","subcategoria":"Set De Disfraces/Capas","precio":2069.42,"destacado":false,"descripcion":"","imagen":"assets/products/CA-05022848970937.webp","tags":["set","pirata","piezas","hm70015"]},{"id":"CA-05022840148396","nombre":"SET PIRATA x1 (3 piezas) HM70007","categoria":"Halloween","subcategoria":"Set De Disfraces/Capas","precio":2703.19,"destacado":false,"descripcion":"","imagen":"assets/products/CA-05022840148396.webp","tags":["set","pirata","piezas","hm70007"]},{"id":"CA-05022840148426","nombre":"SET PIRATA x1 (3 piezas) HM70008","categoria":"Halloween","subcategoria":"Set De Disfraces/Capas","precio":2703.16,"destacado":false,"descripcion":"","imagen":"assets/products/CA-05022840148426.webp","tags":["set","pirata","piezas","hm70008"]},{"id":"CA-05022840148419","nombre":"SET PIRATA x1 (4 piezas) HM70011","categoria":"Halloween","subcategoria":"Set De Disfraces/Capas","precio":4393.19,"destacado":false,"descripcion":"","imagen":"assets/products/CA-05022840148419.webp","tags":["set","pirata","piezas","hm70011"]},{"id":"CA-779836371043","nombre":"SET PLACA CHOCO GALLETAS HALLOWEEN  x2 PARPEN  SPCH","categoria":"Halloween","subcategoria":"Mesa Y Accesorios De Bazar","precio":4362.56,"destacado":false,"descripcion":"* (05/12/2025)","imagen":"assets/products/CA-779836371043.webp","tags":["set","placa","choco","galletas","halloween","parpen","spch"]},{"id":"CA-779836371178","nombre":"SET PLACA GATITO CALABAZA HALLOWEEN  x2 PARPEN  SPGCH","categoria":"Halloween","subcategoria":"Mesa Y Accesorios De Bazar","precio":4362.56,"destacado":false,"descripcion":"* (05/12/2025)","imagen":"assets/products/CA-779836371178.webp","tags":["set","placa","gatito","calabaza","halloween","parpen","spgch"]},{"id":"CA-202500000415","nombre":"SET PUNK ROCK 3 PIEZAS x1 FP415 C A","categoria":"Halloween","subcategoria":"Set De Disfraces/Capas","precio":10206.36,"destacado":false,"descripcion":"","imagen":"assets/products/CA-202500000415.webp","tags":["set","punk","rock","piezas","fp415"]},{"id":"CA-202500000414","nombre":"SET SEXY DIABLITA 3 PIEZAS x1 FP414 CA","categoria":"Halloween","subcategoria":"Set De Disfraces/Capas","precio":4554.5,"destacado":false,"descripcion":"","imagen":"assets/products/CA-202500000414.webp","tags":["set","sexy","diablita","piezas","fp414"]},{"id":"CA-202500000058","nombre":"SET SEXY DIABLITA/GATITA 3 PIEZAS  x1 PA0123 CA","categoria":"Halloween","subcategoria":"Set De Disfraces/Capas","precio":4554.5,"destacado":false,"descripcion":"","imagen":"assets/products/CA-202500000058.webp","tags":["set","sexy","diablita","gatita","piezas","pa0123"]},{"id":"CA-779908805722","nombre":"SET SPARTAN (MASCARA Y ESPADA) 76.5cm x1 GOAC62  PS","categoria":"Halloween","subcategoria":"Accesorios Para Disfraz","precio":13090.35,"destacado":false,"descripcion":"","imagen":"assets/products/CA-779908805722.webp","tags":["set","spartan","mascara","espada","5cm","goac62"]},{"id":"CA-679740820085","nombre":"SET TUTU SANGRIENTO Y VINCHA FLOR  x1 PA0085 CA","categoria":"Halloween","subcategoria":"Set De Disfraces/Capas","precio":7825.18,"destacado":false,"descripcion":"","imagen":"assets/products/CA-679740820085.webp","tags":["set","tutu","sangriento","vincha","flor","pa0085"]},{"id":"CA-690240009602","nombre":"SET VINCHA Y POLLERA NEGRA CON SANGRE x1 DG9602A","categoria":"Halloween","subcategoria":"Set De Disfraces/Capas","precio":4382.0,"destacado":false,"descripcion":"","imagen":"assets/products/CA-690240009602.webp","tags":["set","vincha","pollera","negra","con","sangre","dg9602a"]},{"id":"CA-000000054104","nombre":"SET VIUDA VINCHA CON VELO Y MITONES CROSTI x1 art.215","categoria":"Halloween","subcategoria":"Set De Disfraces/Capas","precio":3915.0,"destacado":false,"descripcion":"","imagen":"assets/products/CA-000000054104.webp","tags":["set","viuda","vincha","con","velo","mitones","crosti","art","215"]},{"id":"CA-202500000033","nombre":"SET ZOMBIE CON ESTACAS  x1 FP0033 CA","categoria":"Halloween","subcategoria":"Ambientacion","precio":14131.79,"destacado":false,"descripcion":"","imagen":"assets/products/CA-202500000033.webp","tags":["set","zombie","con","estacas","fp0033"]},{"id":"CA-000000046638","nombre":"SPRINKLES DECORATIVOS HOLY PLACE HALLOWEEN x100grs","categoria":"Halloween","subcategoria":"Golosinas, Carameleras Y Miniaturas","precio":2223.0,"destacado":false,"descripcion":"","imagen":"assets/products/CA-000000046638.webp","tags":["sprinkles","decorativos","holy","place","halloween","x100grs"]},{"id":"CA-779905101176","nombre":"STICKER HALLOWEEN EFECTO 3D 822 x6 GM","categoria":"Halloween","subcategoria":"Ambientacion","precio":1414.46,"destacado":false,"descripcion":"","imagen":"assets/products/CA-779905101176.webp","tags":["sticker","halloween","efecto","822"]},{"id":"CA-779905101174","nombre":"STICKER HALLOWEEN TORNADOLADO 802 x6 GM","categoria":"Halloween","subcategoria":"Ambientacion","precio":1414.46,"destacado":false,"descripcion":"","imagen":"assets/products/CA-779905101174.webp","tags":["sticker","halloween","tornadolado","802"]},{"id":"CA-202500000400","nombre":"STICKER SANGRIENTOS PARA VENTANA/ESPÈJO SURTIDOS 48cm x26cm x3 FP400 CA","categoria":"Halloween","subcategoria":"Ambientacion","precio":5116.95,"destacado":false,"descripcion":"","imagen":"assets/products/CA-202500000400.webp","tags":["sticker","sangrientos","para","ventana","espèjo","surtidos","48cm","x26cm","fp400"]},{"id":"CA-202500000399","nombre":"STICKER TERROR PARA VENTANA/ESPEJO SURTIDOS 48cm x26cm x3 FP399 CA","categoria":"Halloween","subcategoria":"Ambientacion","precio":5116.95,"destacado":false,"descripcion":"","imagen":"assets/products/CA-202500000399.webp","tags":["sticker","terror","para","ventana","espejo","surtidos","48cm","x26cm","fp399"]},{"id":"CA-202500000064","nombre":"STICKERS HALLOWEEN  GEL GRANDE SURTIDOS x6 FP0064 C A","categoria":"Halloween","subcategoria":"Ambientacion","precio":8473.2,"destacado":false,"descripcion":"","imagen":"assets/products/CA-202500000064.webp","tags":["stickers","halloween","gel","grande","surtidos","fp0064"]},{"id":"CA-000000057117","nombre":"STICKERS HALLOWEEN GEL SURTIDOS x6 FP0058-01 C A","categoria":"Halloween","subcategoria":"Ambientacion","precio":5304.92,"destacado":false,"descripcion":"","imagen":"assets/products/CA-000000057117.webp","tags":["stickers","halloween","gel","surtidos","fp0058"]},{"id":"CA-202510000058","nombre":"STICKERS INSECTOS GEL SURTIDOS x6 FP0058-02 CA","categoria":"Halloween","subcategoria":"Ambientacion","precio":5304.92,"destacado":false,"descripcion":"","imagen":"assets/products/CA-202510000058.webp","tags":["stickers","insectos","gel","surtidos","fp0058"]},{"id":"CA-237187609005","nombre":"TAPA ATAUD CALAVERA HALLOWEEN CON LUZ x1 9005","categoria":"Halloween","subcategoria":"Ambientacion","precio":7875.0,"destacado":false,"descripcion":"","imagen":"assets/products/CA-237187609005.webp","tags":["tapa","ataud","calavera","halloween","con","luz","9005"]},{"id":"CA-000000058144","nombre":"TAPA ATAUD CALAVERA HALLOWEEN x1 9005","categoria":"Halloween","subcategoria":"Ambientacion","precio":7125.0,"destacado":false,"descripcion":"","imagen":"assets/products/CA-000000058144.webp","tags":["tapa","ataud","calavera","halloween","9005"]},{"id":"CA-237187609004","nombre":"TAPA ATAUD HALLOWEEN x1 9004","categoria":"Halloween","subcategoria":"Ambientacion","precio":6986.25,"destacado":false,"descripcion":"","imagen":"assets/products/CA-237187609004.webp","tags":["tapa","ataud","halloween","9004"]},{"id":"CA-202500000541","nombre":"TATTOO HERIDAS SANGRIENTAS SURTIDAS x12 FP541 CA","categoria":"Halloween","subcategoria":"Accesorios Para Disfraz","precio":3227.88,"destacado":false,"descripcion":"","imagen":"assets/products/CA-202500000541.webp","tags":["tattoo","heridas","sangrientas","surtidas","x12","fp541"]},{"id":"CA-202500000544","nombre":"TATTOO INFANTIL HALLOWEEN SURTIDOS  x12 FP544 CA","categoria":"Halloween","subcategoria":"Accesorios Para Disfraz","precio":4517.82,"destacado":false,"descripcion":"","imagen":"assets/products/CA-202500000544.webp","tags":["tattoo","infantil","halloween","surtidos","x12","fp544"]},{"id":"CA-000000007368","nombre":"TELA ARAÑA BLANCA CON ARAÑAS STASIO x 1 7368","categoria":"Halloween","subcategoria":"Ambientacion","precio":574.66,"destacado":false,"descripcion":"","imagen":"assets/products/CA-000000007368.webp","tags":["tela","araña","blanca","con","arañas","stasio","7368"]},{"id":"CA-000000000736","nombre":"TELA ARAÑA BLANCA CON ARAÑAS STASIO x1 7368","categoria":"Halloween","subcategoria":"Ambientacion","precio":574.66,"destacado":false,"descripcion":"","imagen":"assets/products/CA-000000000736.webp","tags":["tela","araña","blanca","con","arañas","stasio","7368"]},{"id":"CA-779514015560","nombre":"TELA ARAÑA BLANCA IMPORTADA  x1 Z-13840","categoria":"Halloween","subcategoria":"Ambientacion","precio":504.0,"destacado":false,"descripcion":"","imagen":"assets/products/CA-779514015560.webp","tags":["tela","araña","blanca","importada","13840"]},{"id":"CA-072475108705","nombre":"TELA ARAÑA BLANCA x10","categoria":"Halloween","subcategoria":"Ambientacion","precio":5157.22,"destacado":false,"descripcion":"","imagen":"assets/products/CA-072475108705.webp","tags":["tela","araña","blanca","x10"]},{"id":"CA-779908805275","nombre":"TELA ARAÑA DE LA MUERTE LUZ/SONIDO/MOVIMIENTO 210cm x1 HD700 PS","categoria":"Halloween","subcategoria":"Ambientacion","precio":28482.3,"destacado":false,"descripcion":"","imagen":"assets/products/CA-779908805275.webp","tags":["tela","araña","muerte","luz","sonido","movimiento","210cm","hd700"]},{"id":"CA-779832235604","nombre":"TELA ARAÑA GIGANTE BLANCA  2 mts x1 HD142 PS","categoria":"Halloween","subcategoria":"Ambientacion","precio":9590.0,"destacado":false,"descripcion":"","imagen":"assets/products/CA-779832235604.webp","tags":["tela","araña","gigante","blanca","mts","hd142"]},{"id":"CA-779514015562","nombre":"TELA ARAÑA NARANJA IMPORTADA x1 13842","categoria":"Halloween","subcategoria":"Ambientacion","precio":533.25,"destacado":false,"descripcion":"","imagen":"assets/products/CA-779514015562.webp","tags":["tela","araña","naranja","importada","13842"]},{"id":"CA-779514015561","nombre":"TELA ARAÑA NEGRA IMPORTADA  x1 13841","categoria":"Halloween","subcategoria":"Ambientacion","precio":533.25,"destacado":false,"descripcion":"","imagen":"assets/products/CA-779514015561.webp","tags":["tela","araña","negra","importada","13841"]}]}