{"category_slug":"halloween","subcategory_slug":"","page":11,"page_size":48,"total":1262,"items":[{"id":"CA-000000036691","nombre":"DISFRAZ BRUJA GALA CROSTIx1 T3 art.50","categoria":"Halloween","subcategoria":"Disfraces Niño / Niña","precio":12420.0,"destacado":false,"descripcion":"","imagen":"assets/products/CA-000000036691.webp","tags":["disfraz","bruja","gala","crostix1","art"]},{"id":"CA-779814781567","nombre":"DISFRAZ BRUJA LUNA ESTRELLA FUCSIA CANDELA T1","categoria":"Halloween","subcategoria":"Disfraces Niño / Niña","precio":14370.41,"destacado":false,"descripcion":"","imagen":"assets/products/CA-779814781567.webp","tags":["disfraz","bruja","luna","estrella","fucsia","candela"]},{"id":"CA-779814781568","nombre":"DISFRAZ BRUJA LUNA ESTRELLA FUCSIA CANDELA T2","categoria":"Halloween","subcategoria":"Disfraces Niño / Niña","precio":14370.41,"destacado":false,"descripcion":"","imagen":"assets/products/CA-779814781568.webp","tags":["disfraz","bruja","luna","estrella","fucsia","candela"]},{"id":"CA-779814781569","nombre":"DISFRAZ BRUJA LUNA ESTRELLA FUCSIA CANDELA T3","categoria":"Halloween","subcategoria":"Disfraces Niño / Niña","precio":14370.41,"destacado":false,"descripcion":"","imagen":"assets/products/CA-779814781569.webp","tags":["disfraz","bruja","luna","estrella","fucsia","candela"]},{"id":"CA-779814781570","nombre":"DISFRAZ BRUJA LUNA ESTRELLA FUCSIA CANDELA T4","categoria":"Halloween","subcategoria":"Disfraces Niño / Niña","precio":15582.38,"destacado":false,"descripcion":"","imagen":"assets/products/CA-779814781570.webp","tags":["disfraz","bruja","luna","estrella","fucsia","candela"]},{"id":"CA-779814781563","nombre":"DISFRAZ BRUJA LUNA ESTRELLA NARANJA CANDELA T1","categoria":"Halloween","subcategoria":"Disfraces Niño / Niña","precio":14370.41,"destacado":false,"descripcion":"","imagen":"assets/products/CA-779814781563.webp","tags":["disfraz","bruja","luna","estrella","naranja","candela"]},{"id":"CA-779814781564","nombre":"DISFRAZ BRUJA LUNA ESTRELLA NARANJA CANDELA T2","categoria":"Halloween","subcategoria":"Disfraces Niño / Niña","precio":14370.41,"destacado":false,"descripcion":"","imagen":"assets/products/CA-779814781564.webp","tags":["disfraz","bruja","luna","estrella","naranja","candela"]},{"id":"CA-779814781565","nombre":"DISFRAZ BRUJA LUNA ESTRELLA NARANJA CANDELA T3","categoria":"Halloween","subcategoria":"Disfraces Niño / Niña","precio":14370.41,"destacado":false,"descripcion":"","imagen":"assets/products/CA-779814781565.webp","tags":["disfraz","bruja","luna","estrella","naranja","candela"]},{"id":"CA-779814781566","nombre":"DISFRAZ BRUJA LUNA ESTRELLA NARANJA CANDELA T4","categoria":"Halloween","subcategoria":"Disfraces Niño / Niña","precio":15582.38,"destacado":false,"descripcion":"","imagen":"assets/products/CA-779814781566.webp","tags":["disfraz","bruja","luna","estrella","naranja","candela"]},{"id":"CA-000000032663","nombre":"DISFRAZ BRUJA MONSTER CON TULL CROSTI x1 T1 art.49","categoria":"Halloween","subcategoria":"Disfraces Niño / Niña","precio":10327.5,"destacado":false,"descripcion":"","imagen":"assets/products/CA-000000032663.webp","tags":["disfraz","bruja","monster","con","tull","crosti","art"]},{"id":"CA-000000032662","nombre":"DISFRAZ BRUJA MONSTER CON TULL CROSTI x1 T2 art.49","categoria":"Halloween","subcategoria":"Disfraces Niño / Niña","precio":10327.5,"destacado":false,"descripcion":"","imagen":"assets/products/CA-000000032662.webp","tags":["disfraz","bruja","monster","con","tull","crosti","art"]},{"id":"CA-000000032664","nombre":"DISFRAZ BRUJA MONSTER CON TULL CROSTI x1 T3 art.49","categoria":"Halloween","subcategoria":"Disfraces Niño / Niña","precio":10327.5,"destacado":false,"descripcion":"","imagen":"assets/products/CA-000000032664.webp","tags":["disfraz","bruja","monster","con","tull","crosti","art"]},{"id":"CA-779814781730","nombre":"DISFRAZ BRUJITA CON TULL Y GORRO CANDELA T0 x1","categoria":"Halloween","subcategoria":"Disfraces Niño / Niña","precio":12639.04,"destacado":false,"descripcion":"","imagen":"assets/products/CA-779814781730.webp","tags":["disfraz","brujita","con","tull","gorro","candela"]},{"id":"CA-779814781731","nombre":"DISFRAZ CALABACITA CON TULL Y GORRO CANDELA T0 x1","categoria":"Halloween","subcategoria":"Disfraces Niño / Niña","precio":12639.04,"destacado":false,"descripcion":"","imagen":"assets/products/CA-779814781731.webp","tags":["disfraz","calabacita","con","tull","gorro","candela"]},{"id":"CA-000000040835","nombre":"DISFRAZ CALABAZA CON TULL CROSTI x1 T1 art.65","categoria":"Halloween","subcategoria":"Disfraces Niño / Niña","precio":9855.0,"destacado":false,"descripcion":"","imagen":"assets/products/CA-000000040835.webp","tags":["disfraz","calabaza","con","tull","crosti","art"]},{"id":"CA-000000040836","nombre":"DISFRAZ CALABAZA CON TULL CROSTI x1 T2 art.65","categoria":"Halloween","subcategoria":"Disfraces Niño / Niña","precio":9855.0,"destacado":false,"descripcion":"","imagen":"assets/products/CA-000000040836.webp","tags":["disfraz","calabaza","con","tull","crosti","art"]},{"id":"CA-000000040837","nombre":"DISFRAZ CALABAZA CON TULL CROSTI x1 T3 art.65","categoria":"Halloween","subcategoria":"Disfraces Niño / Niña","precio":9855.0,"destacado":false,"descripcion":"","imagen":"assets/products/CA-000000040837.webp","tags":["disfraz","calabaza","con","tull","crosti","art"]},{"id":"CA-779814781725","nombre":"DISFRAZ CALACA (MUERTE MEXICANA) NIÑA CANDELA T1 X1","categoria":"Halloween","subcategoria":"Disfraces Niño / Niña","precio":15236.1,"destacado":false,"descripcion":"","imagen":"assets/products/CA-779814781725.webp","tags":["disfraz","calaca","muerte","mexicana","niña","candela"]},{"id":"CA-779814781726","nombre":"DISFRAZ CALACA (MUERTE MEXICANA) NIÑA CANDELA T2 X1","categoria":"Halloween","subcategoria":"Disfraces Niño / Niña","precio":15236.1,"destacado":false,"descripcion":"","imagen":"assets/products/CA-779814781726.webp","tags":["disfraz","calaca","muerte","mexicana","niña","candela"]},{"id":"CA-779814781727","nombre":"DISFRAZ CALACA (MUERTE MEXICANA) NIÑA CANDELA T3 X1","categoria":"Halloween","subcategoria":"Disfraces Niño / Niña","precio":15236.1,"destacado":false,"descripcion":"","imagen":"assets/products/CA-779814781727.webp","tags":["disfraz","calaca","muerte","mexicana","niña","candela"]},{"id":"CA-779814781728","nombre":"DISFRAZ CALACA (MUERTE MEXICANA) NIÑA CANDELA T4 X1","categoria":"Halloween","subcategoria":"Disfraces Niño / Niña","precio":17227.18,"destacado":false,"descripcion":"","imagen":"assets/products/CA-779814781728.webp","tags":["disfraz","calaca","muerte","mexicana","niña","candela"]},{"id":"CA-000000046691","nombre":"DISFRAZ CATRINA CON POLLERA TULL CROSTI x1 T1 art.111","categoria":"Halloween","subcategoria":"Disfraces Niño / Niña","precio":10935.0,"destacado":false,"descripcion":"","imagen":"assets/products/CA-000000046691.webp","tags":["disfraz","catrina","con","pollera","tull","crosti","art","111"]},{"id":"CA-000000046734","nombre":"DISFRAZ CATRINA CON POLLERA TULL CROSTI x1 T2 art.111","categoria":"Halloween","subcategoria":"Disfraces Niño / Niña","precio":10935.0,"destacado":false,"descripcion":"","imagen":"assets/products/CA-000000046734.webp","tags":["disfraz","catrina","con","pollera","tull","crosti","art","111"]},{"id":"CA-000000046735","nombre":"DISFRAZ CATRINA CON POLLERA TULL CROSTI x1 T3 art.111","categoria":"Halloween","subcategoria":"Disfraces Niño / Niña","precio":10935.0,"destacado":false,"descripcion":"","imagen":"assets/products/CA-000000046735.webp","tags":["disfraz","catrina","con","pollera","tull","crosti","art","111"]},{"id":"CA-000000036693","nombre":"DISFRAZ DIABLITA GALA CROSTI x1 T1 art.67","categoria":"Halloween","subcategoria":"Disfraces Niño / Niña","precio":12960.0,"destacado":false,"descripcion":"","imagen":"assets/products/CA-000000036693.webp","tags":["disfraz","diablita","gala","crosti","art"]},{"id":"CA-000000036694","nombre":"DISFRAZ DIABLITA GALA CROSTIx1 T2 art.67","categoria":"Halloween","subcategoria":"Disfraces Niño / Niña","precio":12960.0,"destacado":false,"descripcion":"","imagen":"assets/products/CA-000000036694.webp","tags":["disfraz","diablita","gala","crostix1","art"]},{"id":"CA-000000036692","nombre":"DISFRAZ DIABLITA GALA CROSTIx1 T3 art.67","categoria":"Halloween","subcategoria":"Disfraces Niño / Niña","precio":12960.0,"destacado":false,"descripcion":"","imagen":"assets/products/CA-000000036692.webp","tags":["disfraz","diablita","gala","crostix1","art"]},{"id":"CA-000000046688","nombre":"DISFRAZ ESQUELETO NIÑA CON POLLERA TULL CROSTI x1 T1 art.108","categoria":"Halloween","subcategoria":"Disfraces Niño / Niña","precio":10935.0,"destacado":false,"descripcion":"","imagen":"assets/products/CA-000000046688.webp","tags":["disfraz","esqueleto","niña","con","pollera","tull","crosti","art","108"]},{"id":"CA-000000046689","nombre":"DISFRAZ ESQUELETO NIÑA CON POLLERA TULL CROSTI x1 T2 art.108","categoria":"Halloween","subcategoria":"Disfraces Niño / Niña","precio":10935.0,"destacado":false,"descripcion":"","imagen":"assets/products/CA-000000046689.webp","tags":["disfraz","esqueleto","niña","con","pollera","tull","crosti","art","108"]},{"id":"CA-000000046690","nombre":"DISFRAZ ESQUELETO NIÑA CON POLLERA TULL CROSTI x1 T3 art.108","categoria":"Halloween","subcategoria":"Disfraces Niño / Niña","precio":10935.0,"destacado":false,"descripcion":"","imagen":"assets/products/CA-000000046690.webp","tags":["disfraz","esqueleto","niña","con","pollera","tull","crosti","art","108"]},{"id":"CA-000000050430","nombre":"DISFRAZ ESQUELETO ROJO NIÑA CON POLLERA TULL CROSTI x1 T1 art.189","categoria":"Halloween","subcategoria":"Disfraces Niño / Niña","precio":12082.5,"destacado":false,"descripcion":"","imagen":"assets/products/CA-000000050430.webp","tags":["disfraz","esqueleto","rojo","niña","con","pollera","tull","crosti","art","189"]},{"id":"CA-000000050429","nombre":"DISFRAZ ESQUELETO ROJO NIÑA CON POLLERA TULL CROSTI x1 T2 art.189","categoria":"Halloween","subcategoria":"Disfraces Niño / Niña","precio":12082.5,"destacado":false,"descripcion":"","imagen":"assets/products/CA-000000050429.webp","tags":["disfraz","esqueleto","rojo","niña","con","pollera","tull","crosti","art","189"]},{"id":"CA-000000050414","nombre":"DISFRAZ ESQUELETO ROJO NIÑA CON POLLERA TULL CROSTI x1 T3 art.189","categoria":"Halloween","subcategoria":"Disfraces Niño / Niña","precio":12082.5,"destacado":false,"descripcion":"","imagen":"assets/products/CA-000000050414.webp","tags":["disfraz","esqueleto","rojo","niña","con","pollera","tull","crosti","art","189"]},{"id":"CA-000000050394","nombre":"DISFRAZ GATITA CON TULL CROSTI x1 T1 art.188","categoria":"Halloween","subcategoria":"Disfraces Niño / Niña","precio":12420.0,"destacado":false,"descripcion":"","imagen":"assets/products/CA-000000050394.webp","tags":["disfraz","gatita","con","tull","crosti","art","188"]},{"id":"CA-000000050395","nombre":"DISFRAZ GATITA CON TULL CROSTI x1 T2 art.188","categoria":"Halloween","subcategoria":"Disfraces Niño / Niña","precio":12420.0,"destacado":false,"descripcion":"","imagen":"assets/products/CA-000000050395.webp","tags":["disfraz","gatita","con","tull","crosti","art","188"]},{"id":"CA-000000050396","nombre":"DISFRAZ GATITA CON TULL CROSTI x1 T3 art.188","categoria":"Halloween","subcategoria":"Disfraces Niño / Niña","precio":12420.0,"destacado":false,"descripcion":"","imagen":"assets/products/CA-000000050396.webp","tags":["disfraz","gatita","con","tull","crosti","art","188"]},{"id":"CA-779814781010","nombre":"DISFRAZ HALLOWEEN ADULTO/ADOLESCENTE PIRATA HOMBRE  CANDELA T1x1","categoria":"Halloween","subcategoria":"Disfraces Adulto","precio":16361.49,"destacado":false,"descripcion":"","imagen":"assets/products/CA-779814781010.webp","tags":["disfraz","halloween","adulto","adolescente","pirata","hombre","candela","t1x1"]},{"id":"CA-779814781434","nombre":"DISFRAZ HALLOWEEN ADULTO/ADOLESCENTE PIRATA HOMBRE CANDELA T2x1","categoria":"Halloween","subcategoria":"Disfraces Adulto","precio":16361.49,"destacado":false,"descripcion":"","imagen":"assets/products/CA-779814781434.webp","tags":["disfraz","halloween","adulto","adolescente","pirata","hombre","candela","t2x1"]},{"id":"CA-779837770295","nombre":"DISFRAZ HALLOWEEN ARLEQUINA NEW TOYS T1 x1 1459","categoria":"Halloween","subcategoria":"Disfraces Niño / Niña","precio":17344.46,"destacado":false,"descripcion":"","imagen":"assets/products/CA-779837770295.webp","tags":["disfraz","halloween","arlequina","new","toys","1459"]},{"id":"CA-779837770301","nombre":"DISFRAZ HALLOWEEN ARLEQUINA NEW TOYS T2 x1 1460","categoria":"Halloween","subcategoria":"Disfraces Niño / Niña","precio":17344.46,"destacado":false,"descripcion":"","imagen":"assets/products/CA-779837770301.webp","tags":["disfraz","halloween","arlequina","new","toys","1460"]},{"id":"CA-779837770300","nombre":"DISFRAZ HALLOWEEN ARLEQUINA NEW TOYS T3 x1 1461","categoria":"Halloween","subcategoria":"Disfraces Niño / Niña","precio":17344.46,"destacado":false,"descripcion":"","imagen":"assets/products/CA-779837770300.webp","tags":["disfraz","halloween","arlequina","new","toys","1461"]},{"id":"CA-000000053311","nombre":"DISFRAZ HALLOWEEN BRUJA CON VINCHA ECHYZOS x1 TALLE 1","categoria":"Halloween","subcategoria":"Disfraces Niño / Niña","precio":9715.95,"destacado":false,"descripcion":"","imagen":"assets/products/CA-000000053311.webp","tags":["disfraz","halloween","bruja","con","vincha","echyzos","talle"]},{"id":"CA-000000053312","nombre":"DISFRAZ HALLOWEEN BRUJA CON VINCHA ECHYZOS x1 TALLE 2","categoria":"Halloween","subcategoria":"Disfraces Niño / Niña","precio":9715.95,"destacado":false,"descripcion":"","imagen":"assets/products/CA-000000053312.webp","tags":["disfraz","halloween","bruja","con","vincha","echyzos","talle"]},{"id":"CA-000000053313","nombre":"DISFRAZ HALLOWEEN BRUJA CON VINCHA ECHYZOS x1 TALLE 3","categoria":"Halloween","subcategoria":"Disfraces Niño / Niña","precio":9715.95,"destacado":false,"descripcion":"","imagen":"assets/products/CA-000000053313.webp","tags":["disfraz","halloween","bruja","con","vincha","echyzos","talle"]},{"id":"CA-000000053314","nombre":"DISFRAZ HALLOWEEN DIABLA CON VINCHA ECHYZOS x1 TALLE 1","categoria":"Halloween","subcategoria":"Disfraces Niño / Niña","precio":9715.95,"destacado":false,"descripcion":"","imagen":"assets/products/CA-000000053314.webp","tags":["disfraz","halloween","diabla","con","vincha","echyzos","talle"]},{"id":"CA-000000053315","nombre":"DISFRAZ HALLOWEEN DIABLA CON VINCHA ECHYZOS x1 TALLE 2","categoria":"Halloween","subcategoria":"Disfraces Niño / Niña","precio":9715.95,"destacado":false,"descripcion":"","imagen":"assets/products/CA-000000053315.webp","tags":["disfraz","halloween","diabla","con","vincha","echyzos","talle"]},{"id":"CA-000000053316","nombre":"DISFRAZ HALLOWEEN DIABLA CON VINCHA ECHYZOS x1 TALLE 3","categoria":"Halloween","subcategoria":"Disfraces Niño / Niña","precio":9715.95,"destacado":false,"descripcion":"","imagen":"assets/products/CA-000000053316.webp","tags":["disfraz","halloween","diabla","con","vincha","echyzos","talle"]},{"id":"CA-779837770200","nombre":"DISFRAZ HALLOWEEN DIABLO CON TRIDENTE NEW TOYS T0 x1 1441","categoria":"Halloween","subcategoria":"Disfraces Niño / Niña","precio":13322.54,"destacado":false,"descripcion":"","imagen":"assets/products/CA-779837770200.webp","tags":["disfraz","halloween","diablo","con","tridente","new","toys","1441"]}]}