{"category_slug":"halloween","subcategory_slug":"","page":14,"page_size":48,"total":1262,"items":[{"id":"CA-000000048865","nombre":"DISFRAZ MERLINA T3 x1 ECHYZOS (7-9años)","categoria":"Halloween","subcategoria":"Disfraces Niño / Niña","precio":8161.36,"destacado":false,"descripcion":"","imagen":"assets/products/CA-000000048865.webp","tags":["disfraz","merlina","echyzos","9años"]},{"id":"CA-000000053667","nombre":"DISFRAZ MONJA ADULTO/ADOLESCENTE CROSTI x1 art.205","categoria":"Halloween","subcategoria":"Disfraces Adulto","precio":15862.5,"destacado":false,"descripcion":"","imagen":"assets/products/CA-000000053667.webp","tags":["disfraz","monja","adulto","adolescente","crosti","art","205"]},{"id":"CA-000000053668","nombre":"DISFRAZ MONJA MALVADA ADULTO/ADOLESCENTE CROSTI x1 art.206","categoria":"Halloween","subcategoria":"Disfraces Adulto","precio":15862.5,"destacado":false,"descripcion":"","imagen":"assets/products/CA-000000053668.webp","tags":["disfraz","monja","malvada","adulto","adolescente","crosti","art","206"]},{"id":"CA-000000057990","nombre":"DISFRAZ NIÑA MERLINA  CROSTI x1 T3 art.180","categoria":"Halloween","subcategoria":"Disfraces Niño / Niña","precio":9045.0,"destacado":false,"descripcion":"","imagen":"assets/products/CA-000000057990.webp","tags":["disfraz","niña","merlina","crosti","art","180"]},{"id":"CA-000000058042","nombre":"DISFRAZ NIÑA MERLINA CROSTI x1 T4 art.180","categoria":"Halloween","subcategoria":"Disfraces Niño / Niña","precio":9045.0,"destacado":false,"descripcion":"","imagen":"assets/products/CA-000000058042.webp","tags":["disfraz","niña","merlina","crosti","art","180"]},{"id":"CA-000000058054","nombre":"DISFRAZ NIÑA PIRATA TUTU CROSTI x1 T1 art.253","categoria":"Halloween","subcategoria":"Disfraces Niño / Niña","precio":13095.0,"destacado":false,"descripcion":"","imagen":"assets/products/CA-000000058054.webp","tags":["disfraz","niña","pirata","tutu","crosti","art","253"]},{"id":"CA-000000058055","nombre":"DISFRAZ NIÑA PIRATA TUTU CROSTI x1 T2 art.253","categoria":"Halloween","subcategoria":"Disfraces Niño / Niña","precio":13095.0,"destacado":false,"descripcion":"","imagen":"assets/products/CA-000000058055.webp","tags":["disfraz","niña","pirata","tutu","crosti","art","253"]},{"id":"CA-000000058057","nombre":"DISFRAZ NIÑA PIRATA TUTU CROSTI x1 T3 art.253","categoria":"Halloween","subcategoria":"Disfraces Niño / Niña","precio":13095.0,"destacado":false,"descripcion":"","imagen":"assets/products/CA-000000058057.webp","tags":["disfraz","niña","pirata","tutu","crosti","art","253"]},{"id":"CA-000000058040","nombre":"DISFRAZ NIÑO PRISIONERO NARANJA CROSTI x1 T3","categoria":"Halloween","subcategoria":"Disfraces Niño / Niña","precio":8370.0,"destacado":false,"descripcion":"","imagen":"assets/products/CA-000000058040.webp","tags":["disfraz","niño","prisionero","naranja","crosti"]},{"id":"CA-000000057928","nombre":"DISFRAZ NIÑO PRISIONERO NARANJA CROSTI x1 T4","categoria":"Halloween","subcategoria":"Disfraces Niño / Niña","precio":8370.0,"destacado":false,"descripcion":"","imagen":"assets/products/CA-000000057928.webp","tags":["disfraz","niño","prisionero","naranja","crosti"]},{"id":"CA-000000053670","nombre":"DISFRAZ PAYASA SANGRIENTA ADULTO/ADOLESCENTE CROSTI x1 art.222","categoria":"Halloween","subcategoria":"Disfraces Adulto","precio":11542.5,"destacado":false,"descripcion":"","imagen":"assets/products/CA-000000053670.webp","tags":["disfraz","payasa","sangrienta","adulto","adolescente","crosti","art","222"]},{"id":"CA-000000053669","nombre":"DISFRAZ PAYASO SANGRIENTO ADULTO/ADOLESCENTE CROSTI x1 art.221","categoria":"Halloween","subcategoria":"Disfraces Adulto","precio":16470.0,"destacado":false,"descripcion":"","imagen":"assets/products/CA-000000053669.webp","tags":["disfraz","payaso","sangriento","adulto","adolescente","crosti","art","221"]},{"id":"CA-000000049308","nombre":"DISFRAZ PERSONAJE MERLINA T0 x1 ME1000  (3-4años)","categoria":"Halloween","subcategoria":"Disfraces Niño / Niña","precio":13825.28,"destacado":false,"descripcion":"","imagen":"assets/products/CA-000000049308.webp","tags":["disfraz","personaje","merlina","me1000","4años"]},{"id":"CA-000000049309","nombre":"DISFRAZ PERSONAJE MERLINA T1 x1 ME1001  (5-6años)","categoria":"Halloween","subcategoria":"Disfraces Niño / Niña","precio":13825.28,"destacado":false,"descripcion":"","imagen":"assets/products/CA-000000049309.webp","tags":["disfraz","personaje","merlina","me1001","6años"]},{"id":"CA-000000049310","nombre":"DISFRAZ PERSONAJE MERLINA T2 x1 ME1002  (7-8años)","categoria":"Halloween","subcategoria":"Disfraces Niño / Niña","precio":13825.28,"destacado":false,"descripcion":"","imagen":"assets/products/CA-000000049310.webp","tags":["disfraz","personaje","merlina","me1002","8años"]},{"id":"CA-000000057563","nombre":"DISFRAZ PERSONAJE MERLINA T3 x1 ME1003  (9-10años)","categoria":"Halloween","subcategoria":"Disfraces Niño / Niña","precio":13825.28,"destacado":false,"descripcion":"","imagen":"assets/products/CA-000000057563.webp","tags":["disfraz","personaje","merlina","me1003","10años"]},{"id":"CA-000000058058","nombre":"DISFRAZ VESTIDO BRUJA C/ESCOBA CROSTIx1 T1 art.249","categoria":"Halloween","subcategoria":"Disfraces Niño / Niña","precio":7155.0,"destacado":false,"descripcion":"","imagen":"assets/products/CA-000000058058.webp","tags":["disfraz","vestido","bruja","escoba","crostix1","art","249"]},{"id":"CA-000000058059","nombre":"DISFRAZ VESTIDO BRUJA C/ESCOBA CROSTIx1 T2 art.249","categoria":"Halloween","subcategoria":"Disfraces Niño / Niña","precio":7155.0,"destacado":false,"descripcion":"","imagen":"assets/products/CA-000000058059.webp","tags":["disfraz","vestido","bruja","escoba","crostix1","art","249"]},{"id":"CA-000000058060","nombre":"DISFRAZ VESTIDO BRUJA C/ESCOBA CROSTIx1 T3 art.249","categoria":"Halloween","subcategoria":"Disfraces Niño / Niña","precio":7155.0,"destacado":false,"descripcion":"","imagen":"assets/products/CA-000000058060.webp","tags":["disfraz","vestido","bruja","escoba","crostix1","art","249"]},{"id":"CA-202500000820","nombre":"DISPOSITIVO PARA ALFOMBRA CON SONIDO 34x25cm x1 FP0820 CA","categoria":"Halloween","subcategoria":"Ambientacion","precio":7000.0,"destacado":false,"descripcion":"","imagen":"assets/products/CA-202500000820.webp","tags":["dispositivo","para","alfombra","con","sonido","34x25cm","fp0820"]},{"id":"CA-779135914004","nombre":"DRACULENGUA TEMBLEKE CAJA  x10  4004","categoria":"Halloween","subcategoria":"Golosinas, Carameleras Y Miniaturas","precio":5950.41,"destacado":false,"descripcion":"","imagen":"assets/products/CA-779135914004.webp","tags":["draculengua","tembleke","caja","x10","4004"]},{"id":"CA-779828888168","nombre":"DROPS PASTELAR MIX HALLOWEEN  4x30grs","categoria":"Halloween","subcategoria":"Golosinas, Carameleras Y Miniaturas","precio":5512.0,"destacado":false,"descripcion":"","imagen":"assets/products/CA-779828888168.webp","tags":["drops","pastelar","mix","halloween","4x30grs"]},{"id":"CA-690168910324","nombre":"ESCOBA DE BRUJA CON TUL COLORES SURTIDOS x1 EB1689-10324","categoria":"Halloween","subcategoria":"Accesorios Para Disfraz","precio":2934.9,"destacado":false,"descripcion":"","imagen":"assets/products/CA-690168910324.webp","tags":["escoba","bruja","con","tul","colores","surtidos","eb1689","10324"]},{"id":"CA-000000025245","nombre":"ESCOBA DE PAJA HALLOWEEN x6","categoria":"Halloween","subcategoria":"Accesorios Para Disfraz","precio":17698.5,"destacado":false,"descripcion":"","imagen":"assets/products/CA-000000025245.webp","tags":["escoba","paja","halloween"]},{"id":"CA-000000025246","nombre":"ESCOBA PARA NIÑOS x6","categoria":"Halloween","subcategoria":"Accesorios Para Disfraz","precio":17698.5,"destacado":false,"descripcion":"","imagen":"assets/products/CA-000000025246.webp","tags":["escoba","para","niños"]},{"id":"CA-779908804152","nombre":"ESCORPIONES HALLOWWEEN 6cm  x12 HD426 PS","categoria":"Halloween","subcategoria":"Arañas - Insectos Y Bichos","precio":1774.15,"destacado":false,"descripcion":"","imagen":"assets/products/CA-779908804152.webp","tags":["escorpiones","hallowween","6cm","x12","hd426"]},{"id":"CA-779908805725","nombre":"ESCUDO CAPITAN ARGENTINO 32.2cm x1 GOAC65  PS","categoria":"Halloween","subcategoria":"Accesorios Para Disfraz","precio":7672.0,"destacado":false,"descripcion":"","imagen":"assets/products/CA-779908805725.webp","tags":["escudo","capitan","argentino","2cm","goac65"]},{"id":"CA-779908805720","nombre":"ESPADA ELFO PLASTICO 67cm x1 GOAC60  PS","categoria":"Halloween","subcategoria":"Accesorios Para Disfraz","precio":4123.7,"destacado":false,"descripcion":"","imagen":"assets/products/CA-779908805720.webp","tags":["espada","elfo","plastico","67cm","goac60"]},{"id":"CA-779908805719","nombre":"ESPADA GARFIO 52x12cm x1 GOAC29-2  PS","categoria":"Halloween","subcategoria":"Accesorios Para Disfraz","precio":2253.65,"destacado":false,"descripcion":"","imagen":"assets/products/CA-779908805719.webp","tags":["espada","garfio","52x12cm","goac29"]},{"id":"CA-779908805716","nombre":"ESPADA LINK PLASTICA 78cm x1 GOAC58  PS","categoria":"Halloween","subcategoria":"Accesorios Para Disfraz","precio":6904.8,"destacado":false,"descripcion":"","imagen":"assets/products/CA-779908805716.webp","tags":["espada","link","plastica","78cm","goac58"]},{"id":"CA-000000052499","nombre":"ESPADA MOTOSIERRA SANGRIENTA x1","categoria":"Halloween","subcategoria":"Accesorios Para Disfraz","precio":1822.5,"destacado":false,"descripcion":"","imagen":"assets/products/CA-000000052499.webp","tags":["espada","motosierra","sangrienta"]},{"id":"CA-000001000311","nombre":"ESPADA PIRATA CHICA STASIO x1 HS0003","categoria":"Halloween","subcategoria":"Accesorios Para Disfraz","precio":2494.29,"destacado":false,"descripcion":"","imagen":"assets/products/CA-000001000311.webp","tags":["espada","pirata","chica","stasio","hs0003"]},{"id":"CA-000001000310","nombre":"ESPADA PIRATA GRANDE STASIO x1 HS0002","categoria":"Halloween","subcategoria":"Accesorios Para Disfraz","precio":3028.51,"destacado":false,"descripcion":"","imagen":"assets/products/CA-000001000310.webp","tags":["espada","pirata","grande","stasio","hs0002"]},{"id":"CA-520555071361","nombre":"ESPADA PIRATA IMPORTADA x1 W361","categoria":"Halloween","subcategoria":"Accesorios Para Disfraz","precio":1637.87,"destacado":false,"descripcion":"","imagen":"assets/products/CA-520555071361.webp","tags":["espada","pirata","importada","w361"]},{"id":"CA-000000052500","nombre":"ESPADA SANGRIENTA x1","categoria":"Halloween","subcategoria":"Accesorios Para Disfraz","precio":1822.5,"destacado":false,"descripcion":"","imagen":"assets/products/CA-000000052500.webp","tags":["espada","sangrienta"]},{"id":"CA-202590000361","nombre":"ESPADA SATANICA HALLOWEEN x2 DC361 CA","categoria":"Halloween","subcategoria":"Accesorios Para Disfraz","precio":5771.06,"destacado":false,"descripcion":"","imagen":"assets/products/CA-202590000361.webp","tags":["espada","satanica","halloween","dc361"]},{"id":"CA-202590000307","nombre":"ESPANTAPAJARO CALABAZA 1.00x0.80cm SONIDO/LUZ Y MOVIMIENTO  x1 DC0307 CA","categoria":"Halloween","subcategoria":"Ambientacion","precio":28830.91,"destacado":false,"descripcion":"","imagen":"assets/products/CA-202590000307.webp","tags":["espantapajaro","calabaza","00x0","80cm","sonido","luz","movimiento","dc0307"]},{"id":"CA-202590000348","nombre":"ESPANTAPAJARO TERROR SONIDO/LUZ x1 DC0348 CA","categoria":"Halloween","subcategoria":"Ambientacion","precio":38147.78,"destacado":false,"descripcion":"","imagen":"assets/products/CA-202590000348.webp","tags":["espantapajaro","terror","sonido","luz","dc0348"]},{"id":"CA-000000053336","nombre":"ESPOSAS CON CADENAS PLASTICAS x1","categoria":"Halloween","subcategoria":"Accesorios Para Disfraz","precio":2369.25,"destacado":false,"descripcion":"","imagen":"assets/products/CA-000000053336.webp","tags":["esposas","con","cadenas","plasticas"]},{"id":"CA-779908802968","nombre":"ESQUELETO ARTICULADO 1.35cm  x1 GUH09 PS","categoria":"Halloween","subcategoria":"Ambientacion","precio":2781.1,"destacado":false,"descripcion":"","imagen":"assets/products/CA-779908802968.webp","tags":["esqueleto","articulado","35cm","guh09"]},{"id":"CA-000000048047","nombre":"ESQUELETO DE GOMA BLANCO CHICO x6","categoria":"Halloween","subcategoria":"Ambientacion","precio":1392.61,"destacado":false,"descripcion":"","imagen":"assets/products/CA-000000048047.webp","tags":["esqueleto","goma","blanco","chico"]},{"id":"CA-000000048048","nombre":"ESQUELETO DE GOMA NARANJA CHICO x6","categoria":"Halloween","subcategoria":"Ambientacion","precio":1392.61,"destacado":false,"descripcion":"","imagen":"assets/products/CA-000000048048.webp","tags":["esqueleto","goma","naranja","chico"]},{"id":"CA-000000048049","nombre":"ESQUELETO DE GOMA VIOLETA CHICO x6","categoria":"Halloween","subcategoria":"Ambientacion","precio":1392.61,"destacado":false,"descripcion":"","imagen":"assets/products/CA-000000048049.webp","tags":["esqueleto","goma","violeta","chico"]},{"id":"CA-000003000402","nombre":"ESQUELETO GRANDE ARTICULADO STASIO x1 HE0003","categoria":"Halloween","subcategoria":"Ambientacion","precio":4341.82,"destacado":false,"descripcion":"","imagen":"assets/products/CA-000003000402.webp","tags":["esqueleto","grande","articulado","stasio","he0003"]},{"id":"CA-000000007364","nombre":"ESQUELETO MEDIANO STASIO 19cm  x2 7364","categoria":"Halloween","subcategoria":"Ambientacion","precio":1075.06,"destacado":false,"descripcion":"","imagen":"assets/products/CA-000000007364.webp","tags":["esqueleto","mediano","stasio","19cm","7364"]},{"id":"CA-000000048045","nombre":"ESQUELETO PLASTICO GRANDE BLANCO (30cm) x1","categoria":"Halloween","subcategoria":"Ambientacion","precio":610.19,"destacado":false,"descripcion":"","imagen":"assets/products/CA-000000048045.webp","tags":["esqueleto","plastico","grande","blanco","30cm"]},{"id":"CA-000000058140","nombre":"ESTACA BRAZO ESQUELETO x1 DC0342 CA","categoria":"Halloween","subcategoria":"Ambientacion","precio":3200.0,"destacado":false,"descripcion":"","imagen":"assets/products/CA-000000058140.webp","tags":["estaca","brazo","esqueleto","dc0342"]},{"id":"CA-202520000170","nombre":"FAROL CALABAZA CON LUZ Y SONIDO x1 FP0170-02 CA","categoria":"Halloween","subcategoria":"Ambientacion","precio":7458.38,"destacado":false,"descripcion":"","imagen":"assets/products/CA-202520000170.webp","tags":["farol","calabaza","con","luz","sonido","fp0170"]}]}