{"category_slug":"halloween","subcategory_slug":"","page":8,"page_size":48,"total":1262,"items":[{"id":"CA-17790580144460","nombre":"CHUPETIN BOLITA MISTER POPS ZOMBIE (BULTO 12x432gr) 4500","categoria":"Halloween","subcategoria":"Golosinas, Carameleras Y Miniaturas","precio":36864.91,"destacado":false,"descripcion":"","imagen":"assets/products/CA-17790580144460.webp","tags":["chupetin","bolita","mister","pops","zombie","bulto","12x432gr","4500"]},{"id":"CA-779058014446","nombre":"CHUPETIN BOLITA MISTER POPS ZOMBIE x432gr 4500","categoria":"Halloween","subcategoria":"Golosinas, Carameleras Y Miniaturas","precio":3072.08,"destacado":false,"descripcion":"","imagen":"assets/products/CA-779058014446.webp","tags":["chupetin","bolita","mister","pops","zombie","x432gr","4500"]},{"id":"CA-789632103902","nombre":"CHUPETIN BRUXOLITO Q` PINTA  x400gr APROX. 86085","categoria":"Halloween","subcategoria":"Golosinas, Carameleras Y Miniaturas","precio":3482.32,"destacado":false,"descripcion":"","imagen":"assets/products/CA-789632103902.webp","tags":["chupetin","bruxolito","pinta","x400gr","aprox","86085"]},{"id":"CA-079562975873","nombre":"CHUPETIN CRAZY SKELETON CANDY PORT 240gr 10110.50","categoria":"Halloween","subcategoria":"Golosinas, Carameleras Y Miniaturas","precio":5783.81,"destacado":false,"descripcion":"","imagen":"assets/products/CA-079562975873.webp","tags":["chupetin","crazy","skeleton","candy","port","240gr","10110"]},{"id":"CA-789632103899","nombre":"CHUPETIN FLOPITO MONSTER x400gr APROX. 86079","categoria":"Halloween","subcategoria":"Golosinas, Carameleras Y Miniaturas","precio":3482.32,"destacado":false,"descripcion":"","imagen":"assets/products/CA-789632103899.webp","tags":["chupetin","flopito","monster","x400gr","aprox","86079"]},{"id":"CA-000000053625","nombre":"CHUPETIN HALLOWEEN CALAVERAS x15","categoria":"Halloween","subcategoria":"Golosinas, Carameleras Y Miniaturas","precio":3820.25,"destacado":false,"descripcion":"","imagen":"assets/products/CA-000000053625.webp","tags":["chupetin","halloween","calaveras","x15"]},{"id":"CA-454566448613","nombre":"CHUPETIN HALLOWEEN OJOS x10","categoria":"Halloween","subcategoria":"Golosinas, Carameleras Y Miniaturas","precio":3961.74,"destacado":false,"descripcion":"","imagen":"assets/products/CA-454566448613.webp","tags":["chupetin","halloween","ojos","x10"]},{"id":"CA-000000053637","nombre":"CHUPETIN HALLOWEEN PERSONAJES SURTIDO x10","categoria":"Halloween","subcategoria":"Golosinas, Carameleras Y Miniaturas","precio":3961.74,"destacado":false,"descripcion":"","imagen":"assets/products/CA-000000053637.webp","tags":["chupetin","halloween","personajes","surtido","x10"]},{"id":"CA-789631210556","nombre":"CHUPETIN POP TATTO PANICO x400gr APROX. 86083","categoria":"Halloween","subcategoria":"Golosinas, Carameleras Y Miniaturas","precio":3726.08,"destacado":false,"descripcion":"","imagen":"assets/products/CA-789631210556.webp","tags":["chupetin","pop","tatto","panico","x400gr","aprox","86083"]},{"id":"CA-079562975879","nombre":"CHUPETIN SKULL BONES CANDY PORT 200gr 10110.52","categoria":"Halloween","subcategoria":"Golosinas, Carameleras Y Miniaturas","precio":5783.81,"destacado":false,"descripcion":"","imagen":"assets/products/CA-079562975879.webp","tags":["chupetin","skull","bones","candy","port","200gr","10110"]},{"id":"CA-079562975876","nombre":"CHUPETIN SKULL LOLLY CANDY PORT 240gr 10110.51","categoria":"Halloween","subcategoria":"Golosinas, Carameleras Y Miniaturas","precio":5783.81,"destacado":false,"descripcion":"","imagen":"assets/products/CA-079562975876.webp","tags":["chupetin","skull","lolly","candy","port","240gr","10110"]},{"id":"CA-079562975885","nombre":"CHUPETIN SPRING SKULL CANDY PORT 200gr 10110.54","categoria":"Halloween","subcategoria":"Golosinas, Carameleras Y Miniaturas","precio":5205.32,"destacado":false,"descripcion":"","imagen":"assets/products/CA-079562975885.webp","tags":["chupetin","spring","skull","candy","port","200gr","10110"]},{"id":"CA-779908804825","nombre":"CINTAS DE ADVERTENCIA HALLOWEEN x3u 9mts HD014-2 PS","categoria":"Halloween","subcategoria":"Ambientacion","precio":4123.7,"destacado":false,"descripcion":"","imagen":"assets/products/CA-779908804825.webp","tags":["cintas","advertencia","halloween","x3u","9mts","hd014"]},{"id":"CA-679740820311","nombre":"COLGANTE BRUJA BEIGE CON LUZ Y SONIDO 1.80mts x1 PA0311 CA","categoria":"Halloween","subcategoria":"Ambientacion","precio":47103.94,"destacado":false,"descripcion":"","imagen":"assets/products/CA-679740820311.webp","tags":["colgante","bruja","beige","con","luz","sonido","80mts","pa0311"]},{"id":"CA-679740820309","nombre":"COLGANTE BRUJA NEGRA CON LUZ Y SONIDO 1.80mts x1 PA0309 CA","categoria":"Halloween","subcategoria":"Ambientacion","precio":47103.94,"destacado":false,"descripcion":"","imagen":"assets/products/CA-679740820309.webp","tags":["colgante","bruja","negra","con","luz","sonido","80mts","pa0309"]},{"id":"CA-679740820310","nombre":"COLGANTE BRUJA ROJA CON LUZ Y SONIDO 1.80mts x1 PA0310 CA","categoria":"Halloween","subcategoria":"Ambientacion","precio":47103.94,"destacado":false,"descripcion":"","imagen":"assets/products/CA-679740820310.webp","tags":["colgante","bruja","roja","con","luz","sonido","80mts","pa0310"]},{"id":"CA-679740820556","nombre":"COLGANTE CABEZA DE CHANCHO SANGRIENTO  x1 PA0556 CA","categoria":"Halloween","subcategoria":"Ambientacion","precio":12239.08,"destacado":false,"descripcion":"","imagen":"assets/products/CA-679740820556.webp","tags":["colgante","cabeza","chancho","sangriento","pa0556"]},{"id":"CA-679740820555","nombre":"COLGANTE CABEZA DE LOBO SANGRIENTO  x1 PA0555 CA","categoria":"Halloween","subcategoria":"Ambientacion","precio":12239.08,"destacado":false,"descripcion":"","imagen":"assets/products/CA-679740820555.webp","tags":["colgante","cabeza","lobo","sangriento","pa0555"]},{"id":"CA-202500000163","nombre":"COLGANTE CALABAZA CON LUZ/SONIDO/MOVIMIENTO x1 FP0163 C.A","categoria":"Halloween","subcategoria":"Ambientacion","precio":5178.06,"destacado":false,"descripcion":"","imagen":"assets/products/CA-202500000163.webp","tags":["colgante","calabaza","con","luz","sonido","movimiento","fp0163"]},{"id":"CA-202594000320","nombre":"COLGANTE CALAVERA ROJO 1.60cm SONIDO/LUZ x1 DC0320-04 CA","categoria":"Halloween","subcategoria":"Ambientacion","precio":23573.38,"destacado":false,"descripcion":"","imagen":"assets/products/CA-202594000320.webp","tags":["colgante","calavera","rojo","60cm","sonido","luz","dc0320"]},{"id":"CA-202595000320","nombre":"COLGANTE CALAVERA SANGRE  1.60cm SONIDO/LUZ x1 DC0320-05 CA","categoria":"Halloween","subcategoria":"Ambientacion","precio":23573.38,"destacado":false,"descripcion":"","imagen":"assets/products/CA-202595000320.webp","tags":["colgante","calavera","sangre","60cm","sonido","luz","dc0320"]},{"id":"CA-779908805228","nombre":"COLGANTE DEMONIO INFRAMUNDO CON LUZ 130cmx1 HD653 PS","categoria":"Halloween","subcategoria":"Ambientacion","precio":17166.1,"destacado":false,"descripcion":"","imagen":"assets/products/CA-779908805228.webp","tags":["colgante","demonio","inframundo","con","luz","130cmx1","hd653"]},{"id":"CA-202500000658","nombre":"COLGANTE ESPANTAPAJARROS CALABAZA 51cm x 40cm x1 FP0658  CA","categoria":"Halloween","subcategoria":"Ambientacion","precio":5337.02,"destacado":false,"descripcion":"","imagen":"assets/products/CA-202500000658.webp","tags":["colgante","espantapajarros","calabaza","51cm","40cm","fp0658"]},{"id":"CA-202590000353","nombre":"COLGANTE ESPANTO CALAVERA 1.35cm SONIDO/LUZ  x1 DC0353 CA","categoria":"Halloween","subcategoria":"Ambientacion","precio":11811.13,"destacado":false,"descripcion":"","imagen":"assets/products/CA-202590000353.webp","tags":["colgante","espanto","calavera","35cm","sonido","luz","dc0353"]},{"id":"CA-202510000990","nombre":"COLGANTE ESQUELETO MOMIA 51cm x1 FP0990-01 CA","categoria":"Halloween","subcategoria":"Ambientacion","precio":12560.02,"destacado":false,"descripcion":"","imagen":"assets/products/CA-202510000990.webp","tags":["colgante","esqueleto","momia","51cm","fp0990"]},{"id":"CA-779908805189","nombre":"COLGANTE ESQUELETO NOVIA (45x11x11cm) x1 HD614 PS","categoria":"Halloween","subcategoria":"Ambientacion","precio":6617.1,"destacado":false,"descripcion":"","imagen":"assets/products/CA-779908805189.webp","tags":["colgante","esqueleto","novia","45x11x11cm","hd614"]},{"id":"CA-779908805191","nombre":"COLGANTE ESQUELETO PAYASO (FUNKY) (40x12,5x6,5cm) x1 HD616 PS","categoria":"Halloween","subcategoria":"Ambientacion","precio":7192.5,"destacado":false,"descripcion":"","imagen":"assets/products/CA-779908805191.webp","tags":["colgante","esqueleto","payaso","funky","40x12","5x6","5cm","hd616"]},{"id":"CA-202520000990","nombre":"COLGANTE ESQUELETO PIRATA 51cm x1 FP0990-02 CA","categoria":"Halloween","subcategoria":"Ambientacion","precio":12560.02,"destacado":false,"descripcion":"","imagen":"assets/products/CA-202520000990.webp","tags":["colgante","esqueleto","pirata","51cm","fp0990"]},{"id":"CA-202530000984","nombre":"COLGANTE ESQUELETO SIRENA GALERA 42cm x1 FP0984-03 CA","categoria":"Halloween","subcategoria":"Ambientacion","precio":10206.36,"destacado":false,"descripcion":"","imagen":"assets/products/CA-202530000984.webp","tags":["colgante","esqueleto","sirena","galera","42cm","fp0984"]},{"id":"CA-202560000984","nombre":"COLGANTE ESQUELETO SIRENA NOVIA 42cm x1 FP0984-06 CA","categoria":"Halloween","subcategoria":"Ambientacion","precio":10206.36,"destacado":false,"descripcion":"","imagen":"assets/products/CA-202560000984.webp","tags":["colgante","esqueleto","sirena","novia","42cm","fp0984"]},{"id":"CA-202550000984","nombre":"COLGANTE ESQUELETO SIRENA NOVIO 42cm x1 FP0984-05 CA","categoria":"Halloween","subcategoria":"Ambientacion","precio":8165.09,"destacado":false,"descripcion":"","imagen":"assets/products/CA-202550000984.webp","tags":["colgante","esqueleto","sirena","novio","42cm","fp0984"]},{"id":"CA-202540000984","nombre":"COLGANTE ESQUELETO SIRENA PIRATA 42cm x1 FP0984-04 CA","categoria":"Halloween","subcategoria":"Ambientacion","precio":8165.09,"destacado":false,"descripcion":"","imagen":"assets/products/CA-202540000984.webp","tags":["colgante","esqueleto","sirena","pirata","42cm","fp0984"]},{"id":"CA-202510000661","nombre":"COLGANTE FANTASMA CALAVERA LUZ Y SONIDO 1.80mts x 50cm x1 FP0661-01 CA","categoria":"Halloween","subcategoria":"Ambientacion","precio":47103.94,"destacado":false,"descripcion":"","imagen":"assets/products/CA-202510000661.webp","tags":["colgante","fantasma","calavera","luz","sonido","80mts","50cm","fp0661"]},{"id":"CA-679740820945","nombre":"COLGANTE FUEGO Y LUZ HALLOWEEN   x1 PA0945 CA","categoria":"Halloween","subcategoria":"Ambientacion","precio":18056.02,"destacado":false,"descripcion":"","imagen":"assets/products/CA-679740820945.webp","tags":["colgante","fuego","luz","halloween","pa0945"]},{"id":"CA-237187609012","nombre":"COLGANTE GIGANTE CALAVERA CON LUZ Y SONIDO x1 9012LT","categoria":"Halloween","subcategoria":"Ambientacion","precio":25242.0,"destacado":false,"descripcion":"","imagen":"assets/products/CA-237187609012.webp","tags":["colgante","gigante","calavera","con","luz","sonido","9012lt"]},{"id":"CA-237187609013","nombre":"COLGANTE GIGANTE PAYASO CON LUZ Y SONIDO x1 9013LT","categoria":"Halloween","subcategoria":"Ambientacion","precio":25242.0,"destacado":false,"descripcion":"","imagen":"assets/products/CA-237187609013.webp","tags":["colgante","gigante","payaso","con","luz","sonido","9013lt"]},{"id":"CA-237187609010","nombre":"COLGANTE GRANDE BRUJA CON LUZ Y SONIDO x1 9010LT","categoria":"Halloween","subcategoria":"Ambientacion","precio":16297.5,"destacado":false,"descripcion":"","imagen":"assets/products/CA-237187609010.webp","tags":["colgante","grande","bruja","con","luz","sonido","9010lt"]},{"id":"CA-237187609009","nombre":"COLGANTE GRANDE CALAVERA CON LUZ Y SONIDO x1 9009LT","categoria":"Halloween","subcategoria":"Ambientacion","precio":16297.5,"destacado":false,"descripcion":"","imagen":"assets/products/CA-237187609009.webp","tags":["colgante","grande","calavera","con","luz","sonido","9009lt"]},{"id":"CA-237187609011","nombre":"COLGANTE GRANDE PAYASO CON LUZ Y SONIDO x1 9011LT","categoria":"Halloween","subcategoria":"Ambientacion","precio":16297.5,"destacado":false,"descripcion":"","imagen":"assets/products/CA-237187609011.webp","tags":["colgante","grande","payaso","con","luz","sonido","9011lt"]},{"id":"CA-237187609008","nombre":"COLGANTE MEDIANO CALABAZA CON LUZ Y SONIDO x1 9008LT","categoria":"Halloween","subcategoria":"Ambientacion","precio":8844.38,"destacado":false,"descripcion":"","imagen":"assets/products/CA-237187609008.webp","tags":["colgante","mediano","calabaza","con","luz","sonido","9008lt"]},{"id":"CA-237187609006","nombre":"COLGANTE MEDIANO CALAVERA CON LUZ Y SONIDO x1 9006LT","categoria":"Halloween","subcategoria":"Ambientacion","precio":8844.38,"destacado":false,"descripcion":"","imagen":"assets/products/CA-237187609006.webp","tags":["colgante","mediano","calavera","con","luz","sonido","9006lt"]},{"id":"CA-237187609007","nombre":"COLGANTE MEDIANO SCREAM CON LUZ Y SONIDO x1 9007LT","categoria":"Halloween","subcategoria":"Ambientacion","precio":8844.38,"destacado":false,"descripcion":"","imagen":"assets/products/CA-237187609007.webp","tags":["colgante","mediano","scream","con","luz","sonido","9007lt"]},{"id":"CA-202590000352","nombre":"COLGANTE MOMIA ATRAPADA SONIDO/LUZ 1.80cm x1 DC0352 CA","categoria":"Halloween","subcategoria":"Ambientacion","precio":22443.62,"destacado":false,"descripcion":"","imagen":"assets/products/CA-202590000352.webp","tags":["colgante","momia","atrapada","sonido","luz","80cm","dc0352"]},{"id":"CA-779908805330","nombre":"COLGANTE MUERTE ALADA LUZ/SONIDO/MOVIMIENTO 91.5cmx1 HD755 PS","categoria":"Halloween","subcategoria":"Ambientacion","precio":50827.0,"destacado":false,"descripcion":"","imagen":"assets/products/CA-779908805330.webp","tags":["colgante","muerte","alada","luz","sonido","movimiento","5cmx1","hd755"]},{"id":"CA-679749900083","nombre":"COLGANTE MURCIELAGO 17cmx40cm x1 DA0083 CA","categoria":"Halloween","subcategoria":"Ambientacion","precio":3536.62,"destacado":false,"descripcion":"","imagen":"assets/products/CA-679749900083.webp","tags":["colgante","murcielago","17cmx40cm","da0083"]},{"id":"CA-202590000355","nombre":"COLGANTE MUÑECA ANNABELLE 80cm CON LUZ x1 DC0355 CA","categoria":"Halloween","subcategoria":"Ambientacion","precio":19220.6,"destacado":false,"descripcion":"","imagen":"assets/products/CA-202590000355.webp","tags":["colgante","muñeca","annabelle","80cm","con","luz","dc0355"]},{"id":"CA-779908805319","nombre":"COLGANTE MUÑECA MERLINA 31cm x1 HD744 PS","categoria":"Halloween","subcategoria":"Ambientacion","precio":11028.5,"destacado":false,"descripcion":"","imagen":"assets/products/CA-779908805319.webp","tags":["colgante","muñeca","merlina","31cm","hd744"]},{"id":"CA-202500000528","nombre":"COLGANTE MUÑECO LLORANDO 40x22cm CON LUZ Y SONIDO x1 FP0528 CA","categoria":"Halloween","subcategoria":"Ambientacion","precio":4548.39,"destacado":false,"descripcion":"","imagen":"assets/products/CA-202500000528.webp","tags":["colgante","muñeco","llorando","40x22cm","con","luz","sonido","fp0528"]}]}