{"category_slug":"halloween","subcategory_slug":"","page":26,"page_size":48,"total":1262,"items":[{"id":"CA-690202407177","nombre":"VINCHA DIABLO CON LUZ x1 MQ15-11","categoria":"Halloween","subcategoria":"Accesorios Para Disfraz","precio":937.44,"destacado":false,"descripcion":"","imagen":"assets/products/CA-690202407177.webp","tags":["vincha","diablo","con","luz","mq15"]},{"id":"CA-000000040139","nombre":"VINCHA DIABLO FLUO x4 DA922A","categoria":"Halloween","subcategoria":"Gorros - Galeras / Vinchas","precio":2542.4,"destacado":false,"descripcion":"","imagen":"assets/products/CA-000000040139.webp","tags":["vincha","diablo","fluo","da922a"]},{"id":"CA-000000058344","nombre":"VINCHA DIABLO METAL CON STRASS x1 DC433","categoria":"Halloween","subcategoria":"Gorros - Galeras / Vinchas","precio":2824.4,"destacado":false,"descripcion":"","imagen":"assets/products/CA-000000058344.webp","tags":["vincha","diablo","metal","con","strass","dc433"]},{"id":"CA-202590000433","nombre":"VINCHA DIABLO METAL CON STRASS x3 DC433","categoria":"Halloween","subcategoria":"Gorros - Galeras / Vinchas","precio":8473.2,"destacado":false,"descripcion":"","imagen":"assets/products/CA-202590000433.webp","tags":["vincha","diablo","metal","con","strass","dc433"]},{"id":"CA-000000054105","nombre":"VINCHA DIABLO NEGRA x4 DA922/3A/NG","categoria":"Halloween","subcategoria":"Gorros - Galeras / Vinchas","precio":2542.4,"destacado":false,"descripcion":"","imagen":"assets/products/CA-000000054105.webp","tags":["vincha","diablo","negra","da922"]},{"id":"CA-202500000788","nombre":"VINCHA DIABLO NEGRA Y TULL ROJO x6 FP788 C A","categoria":"Halloween","subcategoria":"Gorros - Galeras / Vinchas","precio":11303.72,"destacado":false,"descripcion":"","imagen":"assets/products/CA-202500000788.webp","tags":["vincha","diablo","negra","tull","rojo","fp788"]},{"id":"CA-202500000789","nombre":"VINCHA DIABLO ROJA Y PELUCHE NEGRO x12 FP789 C A","categoria":"Halloween","subcategoria":"Gorros - Galeras / Vinchas","precio":14604.96,"destacado":false,"descripcion":"","imagen":"assets/products/CA-202500000789.webp","tags":["vincha","diablo","roja","peluche","negro","x12","fp789"]},{"id":"CA-000000040813","nombre":"VINCHA DIABLO ROJO x4 DA922A/ROJO","categoria":"Halloween","subcategoria":"Gorros - Galeras / Vinchas","precio":2542.4,"destacado":false,"descripcion":"","imagen":"assets/products/CA-000000040813.webp","tags":["vincha","diablo","rojo","da922a","rojo"]},{"id":"CA-679740820149","nombre":"VINCHA DIOSA MEDUSA DORADA/PLATEADA x6 PA0149-01 CA","categoria":"Halloween","subcategoria":"Gorros - Galeras / Vinchas","precio":18839.12,"destacado":false,"descripcion":"","imagen":"assets/products/CA-679740820149.webp","tags":["vincha","diosa","medusa","dorada","plateada","pa0149"]},{"id":"CA-202500000030","nombre":"VINCHA DIOSA MEDUSA VARIOS COLORES x3 FP0030 CA","categoria":"Halloween","subcategoria":"Gorros - Galeras / Vinchas","precio":5178.06,"destacado":false,"descripcion":"","imagen":"assets/products/CA-202500000030.webp","tags":["vincha","diosa","medusa","varios","colores","fp0030"]},{"id":"CA-779812557028","nombre":"VINCHA FLECHA Y CUCHILLO ROTTIx2","categoria":"Halloween","subcategoria":"Accesorios Para Disfraz","precio":1432.35,"destacado":false,"descripcion":"","imagen":"assets/products/CA-779812557028.webp","tags":["vincha","flecha","cuchillo","rottix2"]},{"id":"CA-202530000102","nombre":"VINCHA FLOR CON OJO Y PLUMAS TERROR x2 FP0102-03 CA","categoria":"Halloween","subcategoria":"Gorros - Galeras / Vinchas","precio":4401.66,"destacado":false,"descripcion":"","imagen":"assets/products/CA-202530000102.webp","tags":["vincha","flor","con","ojo","plumas","terror","fp0102"]},{"id":"CA-202510000102","nombre":"VINCHA FLOR DORADA Y PLUMAS TERROR x2 FP0102-01 C A","categoria":"Halloween","subcategoria":"Gorros - Galeras / Vinchas","precio":4401.66,"destacado":false,"descripcion":"","imagen":"assets/products/CA-202510000102.webp","tags":["vincha","flor","dorada","plumas","terror","fp0102"]},{"id":"CA-202520000102","nombre":"VINCHA FLOR PLATA Y PLUMAS TERROR x2 FP0102-02 CA","categoria":"Halloween","subcategoria":"Gorros - Galeras / Vinchas","precio":4401.66,"destacado":false,"descripcion":"","imagen":"assets/products/CA-202520000102.webp","tags":["vincha","flor","plata","plumas","terror","fp0102"]},{"id":"CA-679740801011","nombre":"VINCHA FLORES CON TULL HALLOWEEN x3 PA1011 CA","categoria":"Halloween","subcategoria":"Gorros - Galeras / Vinchas","precio":10593.34,"destacado":false,"descripcion":"","imagen":"assets/products/CA-679740801011.webp","tags":["vincha","flores","con","tull","halloween","pa1011"]},{"id":"CA-072737310224","nombre":"VINCHA FLORES SEDA CON LUZ HALLOWEEN (NARANJA Y NEGRO) x1","categoria":"Halloween","subcategoria":"Gorros - Galeras / Vinchas","precio":3027.78,"destacado":false,"descripcion":"","imagen":"assets/products/CA-072737310224.webp","tags":["vincha","flores","seda","con","luz","halloween","naranja","negro"]},{"id":"CA-072737310202","nombre":"VINCHA FLORES SEDA HALLOWEEN (NARANJA Y NEGRO) x1","categoria":"Halloween","subcategoria":"Gorros - Galeras / Vinchas","precio":1828.04,"destacado":false,"descripcion":"","imagen":"assets/products/CA-072737310202.webp","tags":["vincha","flores","seda","halloween","naranja","negro"]},{"id":"CA-000000057725","nombre":"VINCHA GORRO BRUJA CON MOÑO ECONOMICA x3 LM ART 16","categoria":"Halloween","subcategoria":"Gorros - Galeras / Vinchas","precio":2100.0,"destacado":false,"descripcion":"","imagen":"assets/products/CA-000000057725.webp","tags":["vincha","gorro","bruja","con","moño","economica","art"]},{"id":"CA-202500000107","nombre":"VINCHA GORRO BRUJA CON SANGRE Y LUZ x1 FP0107 C A","categoria":"Halloween","subcategoria":"Gorros - Galeras / Vinchas","precio":3139.24,"destacado":false,"descripcion":"","imagen":"assets/products/CA-202500000107.webp","tags":["vincha","gorro","bruja","con","sangre","luz","fp0107"]},{"id":"CA-202500000104","nombre":"VINCHA GORRO BRUJA CON SANGRE Y TULL x1 FP0104 CA","categoria":"Halloween","subcategoria":"Gorros - Galeras / Vinchas","precio":2903.88,"destacado":false,"descripcion":"","imagen":"assets/products/CA-202500000104.webp","tags":["vincha","gorro","bruja","con","sangre","tull","fp0104"]},{"id":"CA-000000057718","nombre":"VINCHA GORRO BRUJA CON STRASS Y FLORES  x1u. LM ART 4","categoria":"Halloween","subcategoria":"Gorros - Galeras / Vinchas","precio":2156.0,"destacado":false,"descripcion":"","imagen":"assets/products/CA-000000057718.webp","tags":["vincha","gorro","bruja","con","strass","flores","x1u","art"]},{"id":"CA-000000057724","nombre":"VINCHA GORRO BRUJA ECONOMICA x3 LM ART 15","categoria":"Halloween","subcategoria":"Gorros - Galeras / Vinchas","precio":2310.0,"destacado":false,"descripcion":"","imagen":"assets/products/CA-000000057724.webp","tags":["vincha","gorro","bruja","economica","art"]},{"id":"CA-000000057719","nombre":"VINCHA GORRO BRUJA FLUO CON TULL HALLOWEEN  x1u. LM ART 5 (v.colores)","categoria":"Halloween","subcategoria":"Gorros - Galeras / Vinchas","precio":2156.0,"destacado":false,"descripcion":"","imagen":"assets/products/CA-000000057719.webp","tags":["vincha","gorro","bruja","fluo","con","tull","halloween","x1u","art","colores"]},{"id":"CA-000000053299","nombre":"VINCHA GORRO BRUJA HALLOWEEN  x1u. LM ART 1","categoria":"Halloween","subcategoria":"Gorros - Galeras / Vinchas","precio":1848.0,"destacado":false,"descripcion":"","imagen":"assets/products/CA-000000053299.webp","tags":["vincha","gorro","bruja","halloween","x1u","art"]},{"id":"CA-202500000776","nombre":"VINCHA GORRO BRUJA LILA CON APLIQUE x1 FP776-01 C A","categoria":"Halloween","subcategoria":"Gorros - Galeras / Vinchas","precio":3295.14,"destacado":false,"descripcion":"","imagen":"assets/products/CA-202500000776.webp","tags":["vincha","gorro","bruja","lila","con","aplique","fp776"]},{"id":"CA-202500000108","nombre":"VINCHA GORRO BRUJA TELA BLANCO CON LUZ x1 FP0108 C A","categoria":"Halloween","subcategoria":"Gorros - Galeras / Vinchas","precio":3139.24,"destacado":false,"descripcion":"","imagen":"assets/products/CA-202500000108.webp","tags":["vincha","gorro","bruja","tela","blanco","con","luz","fp0108"]},{"id":"CA-202500000109","nombre":"VINCHA GORRO BRUJA TELA GRIS CON LUZ x1 FP0109 C A","categoria":"Halloween","subcategoria":"Gorros - Galeras / Vinchas","precio":3139.24,"destacado":false,"descripcion":"","imagen":"assets/products/CA-202500000109.webp","tags":["vincha","gorro","bruja","tela","gris","con","luz","fp0109"]},{"id":"CA-000000053104","nombre":"VINCHA GORRO CALABAZA TULL HALLOWEEN  x1u. LM ART 2","categoria":"Halloween","subcategoria":"Gorros - Galeras / Vinchas","precio":1848.0,"destacado":false,"descripcion":"","imagen":"assets/products/CA-000000053104.webp","tags":["vincha","gorro","calabaza","tull","halloween","x1u","art"]},{"id":"CA-237187605035","nombre":"VINCHA HACHA SANGRIENTA x6 5035","categoria":"Halloween","subcategoria":"Gorros - Galeras / Vinchas","precio":3433.75,"destacado":false,"descripcion":"","imagen":"assets/products/CA-237187605035.webp","tags":["vincha","hacha","sangrienta","5035"]},{"id":"CA-000000057851","nombre":"VINCHA HALLOWEEN 3D CON FLORES x1","categoria":"Halloween","subcategoria":"Gorros - Galeras / Vinchas","precio":3606.4,"destacado":false,"descripcion":"","imagen":"assets/products/CA-000000057851.webp","tags":["vincha","halloween","con","flores"]},{"id":"CA-202500000410","nombre":"VINCHA HALLOWEEN 5 MODELOS x5 FP410 C A","categoria":"Halloween","subcategoria":"Gorros - Galeras / Vinchas","precio":12177.92,"destacado":false,"descripcion":"","imagen":"assets/products/CA-202500000410.webp","tags":["vincha","halloween","modelos","fp410"]},{"id":"CA-202590000715","nombre":"VINCHA HALLOWEEN BRILLO CON LUZ x3 DC715 C A","categoria":"Halloween","subcategoria":"Gorros - Galeras / Vinchas","precio":8641.34,"destacado":false,"descripcion":"","imagen":"assets/products/CA-202590000715.webp","tags":["vincha","halloween","brillo","con","luz","dc715"]},{"id":"CA-000000057726","nombre":"VINCHA HALLOWEEN CALAVERA Y FLORES  x1 LM ART 19 (v.colores)","categoria":"Halloween","subcategoria":"Gorros - Galeras / Vinchas","precio":2156.0,"destacado":false,"descripcion":"","imagen":"assets/products/CA-000000057726.webp","tags":["vincha","halloween","calavera","flores","art","colores"]},{"id":"CA-202500000797","nombre":"VINCHA HALLOWEEN DE TELA SURTIDA  x6 FP797 C A","categoria":"Halloween","subcategoria":"Gorros - Galeras / Vinchas","precio":11777.52,"destacado":false,"descripcion":"","imagen":"assets/products/CA-202500000797.webp","tags":["vincha","halloween","tela","surtida","fp797"]},{"id":"CA-202500000790","nombre":"VINCHA HALLOWEEN DE TELA VARIOS MODELOS x6 FP790 C A","categoria":"Halloween","subcategoria":"Gorros - Galeras / Vinchas","precio":8289.81,"destacado":false,"descripcion":"","imagen":"assets/products/CA-202500000790.webp","tags":["vincha","halloween","tela","varios","modelos","fp790"]},{"id":"CA-000000042869","nombre":"VINCHA HALLOWEEN FRIDA 4 FLORES x1 LM (v.colores)","categoria":"Halloween","subcategoria":"Gorros - Galeras / Vinchas","precio":3080.0,"destacado":false,"descripcion":"","imagen":"assets/products/CA-000000042869.webp","tags":["vincha","halloween","frida","flores","colores"]},{"id":"CA-000000053305","nombre":"VINCHA HALLOWEEN MURCIELAGO CON FLORES x1 LM ART 13","categoria":"Halloween","subcategoria":"Gorros - Galeras / Vinchas","precio":2156.0,"destacado":false,"descripcion":"","imagen":"assets/products/CA-000000053305.webp","tags":["vincha","halloween","murcielago","con","flores","art"]},{"id":"CA-000000053346","nombre":"VINCHA HALLOWEEN NOVIA SANGRIENTA CON TULL x1u. ART 17","categoria":"Halloween","subcategoria":"Gorros - Galeras / Vinchas","precio":3542.0,"destacado":false,"descripcion":"","imagen":"assets/products/CA-000000053346.webp","tags":["vincha","halloween","novia","sangrienta","con","tull","x1u","art"]},{"id":"CA-202500000270","nombre":"VINCHA HALLOWEEN SURTIDA CON LUZ  x6 FP0270 C A","categoria":"Halloween","subcategoria":"Gorros - Galeras / Vinchas","precio":8473.2,"destacado":false,"descripcion":"","imagen":"assets/products/CA-202500000270.webp","tags":["vincha","halloween","surtida","con","luz","fp0270"]},{"id":"CA-000000057860","nombre":"VINCHA HALLOWEEN TELA ARAÑA CON FLORES Y CALAVERA 3D x1","categoria":"Halloween","subcategoria":"Gorros - Galeras / Vinchas","precio":3136.0,"destacado":false,"descripcion":"","imagen":"assets/products/CA-000000057860.webp","tags":["vincha","halloween","tela","araña","con","flores","calavera"]},{"id":"CA-000000053347","nombre":"VINCHA HALLOWEEN VIUDA NEGRA CON TULL  x1u. LM ART 18","categoria":"Halloween","subcategoria":"Gorros - Galeras / Vinchas","precio":3542.0,"destacado":false,"descripcion":"","imagen":"assets/products/CA-000000053347.webp","tags":["vincha","halloween","viuda","negra","con","tull","x1u","art"]},{"id":"CA-000000057852","nombre":"VINCHA HAPPY HALLOWEEN 3D CON FLORES NEGRAS x1","categoria":"Halloween","subcategoria":"Gorros - Galeras / Vinchas","precio":2822.4,"destacado":false,"descripcion":"","imagen":"assets/products/CA-000000057852.webp","tags":["vincha","happy","halloween","con","flores","negras"]},{"id":"CA-202593000722","nombre":"VINCHA HAPPY HALLOWEEN BRILLO CON LUZ x3 DC722-03 CA","categoria":"Halloween","subcategoria":"Gorros - Galeras / Vinchas","precio":7073.22,"destacado":false,"descripcion":"","imagen":"assets/products/CA-202593000722.webp","tags":["vincha","happy","halloween","brillo","con","luz","dc722"]},{"id":"CA-000000057857","nombre":"VINCHA HAPPY HALLOWEEN CON FANTASMAS 3D x1","categoria":"Halloween","subcategoria":"Gorros - Galeras / Vinchas","precio":2822.4,"destacado":false,"descripcion":"","imagen":"assets/products/CA-000000057857.webp","tags":["vincha","happy","halloween","con","fantasmas"]},{"id":"CA-000000057727","nombre":"VINCHA JACK HALLOWEEN x1 LM ART 20","categoria":"Halloween","subcategoria":"Gorros - Galeras / Vinchas","precio":3542.0,"destacado":false,"descripcion":"","imagen":"assets/products/CA-000000057727.webp","tags":["vincha","jack","halloween","art"]},{"id":"CA-000000058345","nombre":"VINCHA METAL TRIDENTE ROJO CON STRASS x1 FP899 C A","categoria":"Halloween","subcategoria":"Gorros - Galeras / Vinchas","precio":2589.64,"destacado":false,"descripcion":"","imagen":"assets/products/CA-000000058345.webp","tags":["vincha","metal","tridente","rojo","con","strass","fp899"]},{"id":"CA-202500000899","nombre":"VINCHA METAL TRIDENTE ROJO CON STRASS x3 FP899 C A","categoria":"Halloween","subcategoria":"Gorros - Galeras / Vinchas","precio":7768.92,"destacado":false,"descripcion":"","imagen":"assets/products/CA-202500000899.webp","tags":["vincha","metal","tridente","rojo","con","strass","fp899"]},{"id":"CA-237187605076","nombre":"VINCHA MOTOSIERRA SANGRIENTA x6 5076","categoria":"Halloween","subcategoria":"Gorros - Galeras / Vinchas","precio":4879.12,"destacado":false,"descripcion":"","imagen":"assets/products/CA-237187605076.webp","tags":["vincha","motosierra","sangrienta","5076"]}]}