{"category_slug":"halloween","subcategory_slug":"","page":5,"page_size":48,"total":1262,"items":[{"id":"CA-779814781081","nombre":"CAPA DE NIÑO TELA NEGRA CHICA  x1 CANDELA","categoria":"Halloween","subcategoria":"Set De Disfraces/Capas","precio":3029.91,"destacado":false,"descripcion":"","imagen":"assets/products/CA-779814781081.webp","tags":["capa","niño","tela","negra","chica","candela"]},{"id":"CA-000000046649","nombre":"CAPA DRACULA NIÑO HALLOWEEN  x1 ECHYZOS","categoria":"Halloween","subcategoria":"Set De Disfraces/Capas","precio":3920.88,"destacado":false,"descripcion":"","imagen":"assets/products/CA-000000046649.webp","tags":["capa","dracula","niño","halloween","echyzos"]},{"id":"CA-000000053663","nombre":"CAPA FANTASMA CON CAPUCHA CROSTI x1 art.199","categoria":"Halloween","subcategoria":"Set De Disfraces/Capas","precio":5265.0,"destacado":false,"descripcion":"","imagen":"assets/products/CA-000000053663.webp","tags":["capa","fantasma","con","capucha","crosti","art","199"]},{"id":"CA-679749900749","nombre":"CAPA HALLOWEEN ESTAMPADO METALIZADO 1.40mts x1 DA0749 CA","categoria":"Halloween","subcategoria":"Set De Disfraces/Capas","precio":5575.44,"destacado":false,"descripcion":"","imagen":"assets/products/CA-679749900749.webp","tags":["capa","halloween","estampado","metalizado","40mts","da0749"]},{"id":"CA-679749900750","nombre":"CAPA HALLOWEEN REVERSIBLE NEGRA /ROJA CON CAPUCHA1.20mts x1 DA0750 CA","categoria":"Halloween","subcategoria":"Set De Disfraces/Capas","precio":6911.22,"destacado":false,"descripcion":"","imagen":"assets/products/CA-679749900750.webp","tags":["capa","halloween","reversible","negra","roja","con","capucha1","20mts","da0750"]},{"id":"CA-679749900751","nombre":"CAPA NEGRA CON BORDE Y CUELLO ROJO 1.20mts x1 DA0751 CA","categoria":"Halloween","subcategoria":"Set De Disfraces/Capas","precio":5419.56,"destacado":false,"descripcion":"","imagen":"assets/products/CA-679749900751.webp","tags":["capa","negra","con","borde","cuello","rojo","20mts","da0751"]},{"id":"CA-679749900752","nombre":"CAPA NEGRA CON CUELLO ROJO 0.80mts x1 DA0752 CA","categoria":"Halloween","subcategoria":"Set De Disfraces/Capas","precio":3374.62,"destacado":false,"descripcion":"","imagen":"assets/products/CA-679749900752.webp","tags":["capa","negra","con","cuello","rojo","80mts","da0752"]},{"id":"CA-000000046648","nombre":"CAPA NEGRA NIÑO HALLOWEEN  x1 ECHYZOS","categoria":"Halloween","subcategoria":"Set De Disfraces/Capas","precio":3004.24,"destacado":false,"descripcion":"","imagen":"assets/products/CA-000000046648.webp","tags":["capa","negra","niño","halloween","echyzos"]},{"id":"CA-679749900080","nombre":"CAPA NEGRA/BLANCA CON SANGRE x1 DA0080-01 CA","categoria":"Halloween","subcategoria":"Set De Disfraces/Capas","precio":7923.76,"destacado":false,"descripcion":"","imagen":"assets/products/CA-679749900080.webp","tags":["capa","negra","blanca","con","sangre","da0080"]},{"id":"CA-000000058078","nombre":"CAPA NIÑA BRUJA ZAPATOS  CROSTI VARIOS COLORES x1 art.247","categoria":"Halloween","subcategoria":"Set De Disfraces/Capas","precio":5265.0,"destacado":false,"descripcion":"","imagen":"assets/products/CA-000000058078.webp","tags":["capa","niña","bruja","zapatos","crosti","varios","colores","art","247"]},{"id":"CA-000000058083","nombre":"CAPA NIÑO CON CAPUCHA HARRY POTTER  x1 CROSTI","categoria":"Halloween","subcategoria":"Set De Disfraces/Capas","precio":4455.0,"destacado":false,"descripcion":"","imagen":"assets/products/CA-000000058083.webp","tags":["capa","niño","con","capucha","harry","potter","crosti"]},{"id":"CA-000000031661","nombre":"CAPA NIÑO CON CAPUCHA NEGRA  x1 CROSTI art.40","categoria":"Halloween","subcategoria":"Set De Disfraces/Capas","precio":3442.5,"destacado":false,"descripcion":"","imagen":"assets/products/CA-000000031661.webp","tags":["capa","niño","con","capucha","negra","crosti","art"]},{"id":"CA-000000031631","nombre":"CAPA NIÑO CON CAPUCHA ROJA  x1 CROSTI art.40","categoria":"Halloween","subcategoria":"Set De Disfraces/Capas","precio":3442.5,"destacado":false,"descripcion":"","imagen":"assets/products/CA-000000031631.webp","tags":["capa","niño","con","capucha","roja","crosti","art"]},{"id":"CA-779814781610","nombre":"CAPA NIÑO CON CAPUCHA TELA NEGRA CHICA  x1 CANDELA","categoria":"Halloween","subcategoria":"Set De Disfraces/Capas","precio":3809.03,"destacado":false,"descripcion":"","imagen":"assets/products/CA-779814781610.webp","tags":["capa","niño","con","capucha","tela","negra","chica","candela"]},{"id":"CA-000000020822","nombre":"CAPA NIÑO DIABLO CROSTI x1 art.37","categoria":"Halloween","subcategoria":"Set De Disfraces/Capas","precio":3307.5,"destacado":false,"descripcion":"","imagen":"assets/products/CA-000000020822.webp","tags":["capa","niño","diablo","crosti","art"]},{"id":"CA-779814781082","nombre":"CAPA NIÑO DRACULA CUELLO NEGRO CANDELA x1","categoria":"Halloween","subcategoria":"Set De Disfraces/Capas","precio":3809.03,"destacado":false,"descripcion":"","imagen":"assets/products/CA-779814781082.webp","tags":["capa","niño","dracula","cuello","negro","candela"]},{"id":"CA-779814781084","nombre":"CAPA NIÑO DRACULA CUELLO ROJO CANDELA x1","categoria":"Halloween","subcategoria":"Set De Disfraces/Capas","precio":3809.03,"destacado":false,"descripcion":"","imagen":"assets/products/CA-779814781084.webp","tags":["capa","niño","dracula","cuello","rojo","candela"]},{"id":"CA-000000020823","nombre":"CAPA NIÑO DRACULA CUELLO ROJO CROSTI x1 art.37","categoria":"Halloween","subcategoria":"Set De Disfraces/Capas","precio":3307.5,"destacado":false,"descripcion":"","imagen":"assets/products/CA-000000020823.webp","tags":["capa","niño","dracula","cuello","rojo","crosti","art"]},{"id":"CA-000000058079","nombre":"CAPA NIÑO FANTASMA TELARAÑA CROSTI x1 art.248","categoria":"Halloween","subcategoria":"Set De Disfraces/Capas","precio":4860.0,"destacado":false,"descripcion":"","imagen":"assets/products/CA-000000058079.webp","tags":["capa","niño","fantasma","telaraña","crosti","art","248"]},{"id":"CA-000000001894","nombre":"CAPA NIÑO/A NEGRA CON CUELLO CROSTI x1 art.37","categoria":"Halloween","subcategoria":"Set De Disfraces/Capas","precio":3307.5,"destacado":false,"descripcion":"","imagen":"assets/products/CA-000000001894.webp","tags":["capa","niño","negra","con","cuello","crosti","art"]},{"id":"CA-000000057535","nombre":"CAPA/TUNICA MAGO HARRY POTTER ADULTO/ADOLESCENTE  x1 ECHYZOS","categoria":"Halloween","subcategoria":"Set De Disfraces/Capas","precio":11263.05,"destacado":false,"descripcion":"","imagen":"assets/products/CA-000000057535.webp","tags":["capa","tunica","mago","harry","potter","adulto","adolescente","echyzos"]},{"id":"CA-000000057534","nombre":"CAPA/TUNICA MAGO HARRY POTTER NIÑO/ADOLESCENTE  x1 ECHYZOS","categoria":"Halloween","subcategoria":"Set De Disfraces/Capas","precio":10011.6,"destacado":false,"descripcion":"","imagen":"assets/products/CA-000000057534.webp","tags":["capa","tunica","mago","harry","potter","niño","adolescente","echyzos"]},{"id":"CA-000000050440","nombre":"CARAMELERA CALABAZA FUCSIA ECONOMICA (PACKx10u.)","categoria":"Halloween","subcategoria":"Golosinas, Carameleras Y Miniaturas","precio":6789.15,"destacado":false,"descripcion":"","imagen":"assets/products/CA-000000050440.webp","tags":["caramelera","calabaza","fucsia","economica","packx10u"]},{"id":"CA-000000056794","nombre":"CARAMELERA CALABAZA NARANJA ECONOMICA (PACKx10u)","categoria":"Halloween","subcategoria":"Golosinas, Carameleras Y Miniaturas","precio":6789.15,"destacado":false,"descripcion":"","imagen":"assets/products/CA-000000056794.webp","tags":["caramelera","calabaza","naranja","economica","packx10u"]},{"id":"CA-000000046333","nombre":"CARAMELERA CALABAZA NARANJA ECONOMICA (PACKx10u.)","categoria":"Halloween","subcategoria":"Golosinas, Carameleras Y Miniaturas","precio":6789.15,"destacado":false,"descripcion":"","imagen":"assets/products/CA-000000046333.webp","tags":["caramelera","calabaza","naranja","economica","packx10u"]},{"id":"CA-000003100330","nombre":"CARAMELERA CALABAZA NARANJA MEDIANA (PACKx10)  HC0012","categoria":"Halloween","subcategoria":"Golosinas, Carameleras Y Miniaturas","precio":5479.3,"destacado":false,"descripcion":"","imagen":"assets/products/CA-000003100330.webp","tags":["caramelera","calabaza","naranja","mediana","packx10","hc0012"]},{"id":"CA-000000049731","nombre":"CARAMELERA CALABAZA NARANJA MEDIANA (PACKx10) HC0012","categoria":"Halloween","subcategoria":"Golosinas, Carameleras Y Miniaturas","precio":5479.3,"destacado":false,"descripcion":"","imagen":"assets/products/CA-000000049731.webp","tags":["caramelera","calabaza","naranja","mediana","packx10","hc0012"]},{"id":"CA-000000058150","nombre":"CARAMELERA CALABAZA NARANJA RADHA (PACK x20u.)","categoria":"Halloween","subcategoria":"Golosinas, Carameleras Y Miniaturas","precio":14850.0,"destacado":false,"descripcion":"","imagen":"assets/products/CA-000000058150.webp","tags":["caramelera","calabaza","naranja","radha","pack","x20u"]},{"id":"CA-000000058151","nombre":"CARAMELERA CALABAZA NEGRA RADHA (PACK x20u.)","categoria":"Halloween","subcategoria":"Golosinas, Carameleras Y Miniaturas","precio":14850.0,"destacado":false,"descripcion":"","imagen":"assets/products/CA-000000058151.webp","tags":["caramelera","calabaza","negra","radha","pack","x20u"]},{"id":"CA-000000054285","nombre":"CARAMELERA CALABAZA REDONDA NARANJA (PACK x15und.)","categoria":"Halloween","subcategoria":"Golosinas, Carameleras Y Miniaturas","precio":10179.75,"destacado":false,"descripcion":"","imagen":"assets/products/CA-000000054285.webp","tags":["caramelera","calabaza","redonda","naranja","pack","x15und"]},{"id":"CA-000000050441","nombre":"CARAMELERA CALABAZA VIOLETA ECONOMICA (PACKx10u.)","categoria":"Halloween","subcategoria":"Golosinas, Carameleras Y Miniaturas","precio":6789.15,"destacado":false,"descripcion":"","imagen":"assets/products/CA-000000050441.webp","tags":["caramelera","calabaza","violeta","economica","packx10u"]},{"id":"CA-000003000334","nombre":"CARAMELERA CALAVERA BLANCA STASIO x1 HC0008-B","categoria":"Halloween","subcategoria":"Golosinas, Carameleras Y Miniaturas","precio":1192.94,"destacado":false,"descripcion":"","imagen":"assets/products/CA-000003000334.webp","tags":["caramelera","calavera","blanca","stasio","hc0008"]},{"id":"CA-779908805333","nombre":"CARAMELERA CON MANO SINIESTRA CON LUZ Y MOVIMIENTO HD758 PS","categoria":"Halloween","subcategoria":"Golosinas, Carameleras Y Miniaturas","precio":55142.5,"destacado":false,"descripcion":"","imagen":"assets/products/CA-779908805333.webp","tags":["caramelera","con","mano","siniestra","con","luz","movimiento","hd758"]},{"id":"CA-779908805332","nombre":"CARAMELERA ESQUELETO DULCERO CON LUZ y MOVIMIENTO HD757 PS","categoria":"Halloween","subcategoria":"Golosinas, Carameleras Y Miniaturas","precio":55142.5,"destacado":false,"descripcion":"","imagen":"assets/products/CA-779908805332.webp","tags":["caramelera","esqueleto","dulcero","con","luz","movimiento","hd757"]},{"id":"CA-000000057016","nombre":"CARAMELERA FANTASMA BLANCA HALLOWEEN x5","categoria":"Halloween","subcategoria":"Golosinas, Carameleras Y Miniaturas","precio":5332.5,"destacado":false,"descripcion":"","imagen":"assets/products/CA-000000057016.webp","tags":["caramelera","fantasma","blanca","halloween"]},{"id":"CA-000000057382","nombre":"CARAMELERA FANTASMA FUCSIA HALLOWEEN x5","categoria":"Halloween","subcategoria":"Golosinas, Carameleras Y Miniaturas","precio":5332.5,"destacado":false,"descripcion":"","imagen":"assets/products/CA-000000057382.webp","tags":["caramelera","fantasma","fucsia","halloween"]},{"id":"CA-000000057384","nombre":"CARAMELERA FANTASMA NARANJA HALLOWEEN x5","categoria":"Halloween","subcategoria":"Golosinas, Carameleras Y Miniaturas","precio":5332.5,"destacado":false,"descripcion":"","imagen":"assets/products/CA-000000057384.webp","tags":["caramelera","fantasma","naranja","halloween"]},{"id":"CA-000000057383","nombre":"CARAMELERA FANTASMA VIOLETA HALLOWEEN x5","categoria":"Halloween","subcategoria":"Golosinas, Carameleras Y Miniaturas","precio":5332.5,"destacado":false,"descripcion":"","imagen":"assets/products/CA-000000057383.webp","tags":["caramelera","fantasma","violeta","halloween"]},{"id":"CA-779908805241","nombre":"CARAMELERA PAYASO DULCERO LUZ Y SONIDO HD666 PS","categoria":"Halloween","subcategoria":"Golosinas, Carameleras Y Miniaturas","precio":22440.6,"destacado":false,"descripcion":"","imagen":"assets/products/CA-779908805241.webp","tags":["caramelera","payaso","dulcero","luz","sonido","hd666"]},{"id":"CA-17790580151819","nombre":"CARAMELO MASTICABLE FIESTA TERRORIFICA (BULTO 20x396gr) 5181","categoria":"Halloween","subcategoria":"Golosinas, Carameleras Y Miniaturas","precio":50212.15,"destacado":false,"descripcion":"","imagen":"assets/products/CA-17790580151819.webp","tags":["caramelo","masticable","fiesta","terrorifica","bulto","20x396gr","5181"]},{"id":"CA-779058015181","nombre":"CARAMELO MASTICABLE FIESTA TERRORIFICA x396gr 5181","categoria":"Halloween","subcategoria":"Golosinas, Carameleras Y Miniaturas","precio":2510.61,"destacado":false,"descripcion":"","imagen":"assets/products/CA-779058015181.webp","tags":["caramelo","masticable","fiesta","terrorifica","x396gr","5181"]},{"id":"CA-779135903006","nombre":"CARAMELO TEMBLEKE ASKIRATA x12 3006","categoria":"Halloween","subcategoria":"Golosinas, Carameleras Y Miniaturas","precio":6382.22,"destacado":false,"descripcion":"","imagen":"assets/products/CA-779135903006.webp","tags":["caramelo","tembleke","askirata","x12","3006"]},{"id":"CA-779135904005","nombre":"CARAMELO TEMBLEKE BRUJA C/SORPRESA CAJA x10 4005","categoria":"Halloween","subcategoria":"Golosinas, Carameleras Y Miniaturas","precio":5950.41,"destacado":false,"descripcion":"","imagen":"assets/products/CA-779135904005.webp","tags":["caramelo","tembleke","bruja","sorpresa","caja","x10","4005"]},{"id":"CA-779135903001","nombre":"CARAMELO TEMBLEKE COBRA x12 3001","categoria":"Halloween","subcategoria":"Golosinas, Carameleras Y Miniaturas","precio":6382.22,"destacado":false,"descripcion":"","imagen":"assets/products/CA-779135903001.webp","tags":["caramelo","tembleke","cobra","x12","3001"]},{"id":"CA-17791359190077","nombre":"CARAMELO TEMBLEKE HALLOWEEN EXHIBIDOR x44u 9007","categoria":"Halloween","subcategoria":"Golosinas, Carameleras Y Miniaturas","precio":25306.57,"destacado":false,"descripcion":"","imagen":"assets/products/CA-17791359190077.webp","tags":["caramelo","tembleke","halloween","exhibidor","x44u","9007"]},{"id":"CA-779135904030","nombre":"CARAMELO TEMBLEKE TATTO CON SORPRESA CAJA x10 4030","categoria":"Halloween","subcategoria":"Golosinas, Carameleras Y Miniaturas","precio":5950.41,"destacado":false,"descripcion":"","imagen":"assets/products/CA-779135904030.webp","tags":["caramelo","tembleke","tatto","con","sorpresa","caja","x10","4030"]},{"id":"CA-202500000156","nombre":"CARETA ALIEN BLANCA CON LUZ x1 FP0156 CA","categoria":"Halloween","subcategoria":"Mascaras De Latex - Goma Eva / Caretas Plasticas","precio":2353.65,"destacado":false,"descripcion":"","imagen":"assets/products/CA-202500000156.webp","tags":["careta","alien","blanca","con","luz","fp0156"]},{"id":"CA-202540000153","nombre":"CARETA CALABAZA DIABLO CON LUZ x2 FP0155-04 CA","categoria":"Halloween","subcategoria":"Mascaras De Latex - Goma Eva / Caretas Plasticas","precio":2980.14,"destacado":false,"descripcion":"","imagen":"assets/products/CA-202540000153.webp","tags":["careta","calabaza","diablo","con","luz","fp0155"]}]}