{"category_slug":"halloween","subcategory_slug":"","page":25,"page_size":48,"total":1262,"items":[{"id":"CA-779514015563","nombre":"TELA ARAÑA VIOLETA x1 13843","categoria":"Halloween","subcategoria":"Ambientacion","precio":533.25,"destacado":false,"descripcion":"","imagen":"assets/products/CA-779514015563.webp","tags":["tela","araña","violeta","13843"]},{"id":"CA-202500001056","nombre":"TELA DE ARAÑA CON LUZ LED 1.10x1.10cm (8 FUNCIONES) x1 FP1056 CA","categoria":"Halloween","subcategoria":"Ambientacion","precio":9341.93,"destacado":false,"descripcion":"","imagen":"assets/products/CA-202500001056.webp","tags":["tela","araña","con","luz","led","10x1","10cm","funciones","fp1056"]},{"id":"CA-202590000313","nombre":"TIMBRE ARAÑA SONIDO/LUZ Y MOVIMIENTO x1 DC0313 C A","categoria":"Halloween","subcategoria":"Ambientacion","precio":23573.38,"destacado":false,"descripcion":"","imagen":"assets/products/CA-202590000313.webp","tags":["timbre","araña","sonido","luz","movimiento","dc0313"]},{"id":"CA-202500000021","nombre":"TIMBRE HALLOWEEN SONIDO/LUZ Y MOVIMIENTO x1 FP0021 C A","categoria":"Halloween","subcategoria":"Ambientacion","precio":10759.64,"destacado":false,"descripcion":"","imagen":"assets/products/CA-202500000021.webp","tags":["timbre","halloween","sonido","luz","movimiento","fp0021"]},{"id":"CA-202591000314","nombre":"TIMBRE OJO SONIDO/LUZ Y MOVIMIENTO x1 DC0314-01 C A","categoria":"Halloween","subcategoria":"Ambientacion","precio":23573.38,"destacado":false,"descripcion":"","imagen":"assets/products/CA-202591000314.webp","tags":["timbre","ojo","sonido","luz","movimiento","dc0314"]},{"id":"CA-202592000314","nombre":"TIMBRE OJO SONIDO/LUZ Y MOVIMIENTO x1 DC0314-02 C A","categoria":"Halloween","subcategoria":"Ambientacion","precio":23573.38,"destacado":false,"descripcion":"","imagen":"assets/products/CA-202592000314.webp","tags":["timbre","ojo","sonido","luz","movimiento","dc0314"]},{"id":"CA-679740820057","nombre":"TIMBRE PUERTA CALAVERA BLANCA SONIDO Y LUZ x1 PA0057 CA","categoria":"Halloween","subcategoria":"Ambientacion","precio":7067.14,"destacado":false,"descripcion":"","imagen":"assets/products/CA-679740820057.webp","tags":["timbre","puerta","calavera","blanca","sonido","luz","pa0057"]},{"id":"CA-679740820056","nombre":"TIMBRE PUERTA CALAVERA DORADO SONIDO Y LUZ x1 PA0056 CA","categoria":"Halloween","subcategoria":"Ambientacion","precio":7067.14,"destacado":false,"descripcion":"","imagen":"assets/products/CA-679740820056.webp","tags":["timbre","puerta","calavera","dorado","sonido","luz","pa0056"]},{"id":"CA-679740820055","nombre":"TIMBRE PUERTA CALAVERA PLATA SONIDO Y LUZ x1 PA0055 CA","categoria":"Halloween","subcategoria":"Ambientacion","precio":7067.14,"destacado":false,"descripcion":"","imagen":"assets/products/CA-679740820055.webp","tags":["timbre","puerta","calavera","plata","sonido","luz","pa0055"]},{"id":"CA-679740820059","nombre":"TIMBRE PUERTA FERETRO SONIDO Y LUZ x1 PA0059 CA","categoria":"Halloween","subcategoria":"Ambientacion","precio":11639.96,"destacado":false,"descripcion":"","imagen":"assets/products/CA-679740820059.webp","tags":["timbre","puerta","feretro","sonido","luz","pa0059"]},{"id":"CA-000000053646","nombre":"TIRA DECORATIVA HALLOWEEN VARIOS MODELOS  x1 DG1115A","categoria":"Halloween","subcategoria":"Ambientacion","precio":1330.0,"destacado":false,"descripcion":"","imagen":"assets/products/CA-000000053646.webp","tags":["tira","decorativa","halloween","varios","modelos","dg1115a"]},{"id":"CA-000000058130","nombre":"TIRADORES HALLOWEEN MODELO SURTIDOS x1 FP424-03 CA","categoria":"Halloween","subcategoria":"Accesorios Para Disfraz","precio":2750.0,"destacado":false,"descripcion":"","imagen":"assets/products/CA-000000058130.webp","tags":["tiradores","halloween","modelo","surtidos","fp424"]},{"id":"CA-202530000424","nombre":"TIRADORES HALLOWEEN MODELO SURTIDOS x3 FP424-03 CA","categoria":"Halloween","subcategoria":"Accesorios Para Disfraz","precio":8247.0,"destacado":false,"descripcion":"","imagen":"assets/products/CA-202530000424.webp","tags":["tiradores","halloween","modelo","surtidos","fp424"]},{"id":"CA-000003500311","nombre":"TRIDENTE DIABLO CALAVERA ROJA STASIO x1 HT0004","categoria":"Halloween","subcategoria":"Accesorios Para Disfraz","precio":2060.17,"destacado":false,"descripcion":"","imagen":"assets/products/CA-000003500311.webp","tags":["tridente","diablo","calavera","roja","stasio","ht0004"]},{"id":"CA-000003100303","nombre":"TRIDENTE DIABLO CHICO STASIO (PACKx10) HT0001","categoria":"Halloween","subcategoria":"Accesorios Para Disfraz","precio":7504.52,"destacado":false,"descripcion":"","imagen":"assets/products/CA-000003100303.webp","tags":["tridente","diablo","chico","stasio","packx10","ht0001"]},{"id":"CA-000003500304","nombre":"TRIDENTE DIABLO GRANDE STASIO (PACKx5) HT0002-5","categoria":"Halloween","subcategoria":"Accesorios Para Disfraz","precio":6164.3,"destacado":false,"descripcion":"","imagen":"assets/products/CA-000003500304.webp","tags":["tridente","diablo","grande","stasio","packx5","ht0002"]},{"id":"CA-000000053665","nombre":"TUNICA ESPANTO CON HARAPOS ADULTO CROSTI x1 art.209","categoria":"Halloween","subcategoria":"Set De Disfraces/Capas","precio":10057.5,"destacado":false,"descripcion":"","imagen":"assets/products/CA-000000053665.webp","tags":["tunica","espanto","con","harapos","adulto","crosti","art","209"]},{"id":"CA-000000058080","nombre":"TUNICA HAPPY HALLOWEEN ADULTO CROSTI x1 art.251","categoria":"Halloween","subcategoria":"Set De Disfraces/Capas","precio":9450.0,"destacado":false,"descripcion":"","imagen":"assets/products/CA-000000058080.webp","tags":["tunica","happy","halloween","adulto","crosti","art","251"]},{"id":"CA-000000031934","nombre":"TUNICA NIÑO HALLOWEEN SANGRIENTA x1 CROSTI art.52","categoria":"Halloween","subcategoria":"Set De Disfraces/Capas","precio":6142.5,"destacado":false,"descripcion":"","imagen":"assets/products/CA-000000031934.webp","tags":["tunica","niño","halloween","sangrienta","crosti","art"]},{"id":"CA-000000058081","nombre":"TUNICA NOCHE TENEBROSA ADULTO CROSTI x1 art.252","categoria":"Halloween","subcategoria":"Set De Disfraces/Capas","precio":9450.0,"destacado":false,"descripcion":"","imagen":"assets/products/CA-000000058081.webp","tags":["tunica","noche","tenebrosa","adulto","crosti","art","252"]},{"id":"CA-803410700553","nombre":"TUTU  HALLOWEEN SANGRIENTO x1 YJ0680","categoria":"Halloween","subcategoria":"Accesorios Para Disfraz","precio":2308.5,"destacado":false,"descripcion":"","imagen":"assets/products/CA-803410700553.webp","tags":["tutu","halloween","sangriento","yj0680"]},{"id":"CA-679740820139","nombre":"TUTU HALLOWEEN ESTAMPADO MURCIELAGO/TELA ARAÑA  x1 PA0139-01 CA","categoria":"Halloween","subcategoria":"Accesorios Para Disfraz","precio":3984.28,"destacado":false,"descripcion":"","imagen":"assets/products/CA-679740820139.webp","tags":["tutu","halloween","estampado","murcielago","tela","araña","pa0139"]},{"id":"CA-679740823139","nombre":"TUTU HALLOWEEN ESTAMPADO TELA ARAÑA x1 PA0139-03 CA","categoria":"Halloween","subcategoria":"Accesorios Para Disfraz","precio":3984.28,"destacado":false,"descripcion":"","imagen":"assets/products/CA-679740823139.webp","tags":["tutu","halloween","estampado","tela","araña","pa0139"]},{"id":"CA-779908805317","nombre":"UNICORNIO MACABRO CON PELUCHE 21cm x1 HD742 PS","categoria":"Halloween","subcategoria":"Ambientacion","precio":8631.0,"destacado":false,"descripcion":"","imagen":"assets/products/CA-779908805317.webp","tags":["unicornio","macabro","con","peluche","21cm","hd742"]},{"id":"CA-000000030203","nombre":"UÑAS DE BRUJA  PLASTICAS NEGRAS 927x 10","categoria":"Halloween","subcategoria":"Accesorios Para Disfraz","precio":874.8,"destacado":false,"descripcion":"","imagen":"assets/products/CA-000000030203.webp","tags":["uñas","bruja","plasticas","negras","927x"]},{"id":"CA-679740820304","nombre":"VARITA MAGO / BRUJA x12u. PA0304 CA","categoria":"Halloween","subcategoria":"Accesorios Para Disfraz","precio":17900.1,"destacado":false,"descripcion":"","imagen":"assets/products/CA-679740820304.webp","tags":["varita","mago","bruja","x12u","pa0304"]},{"id":"CA-779842285262","nombre":"VASO POLIPAPEL HALLOWEEN FONDO NEGRO 240cc x8u. C.O","categoria":"Halloween","subcategoria":"Otero/Linea Halloween","precio":1108.32,"destacado":false,"descripcion":"","imagen":"assets/products/CA-779842285262.webp","tags":["vaso","polipapel","halloween","fondo","negro","240cc","x8u"]},{"id":"CA-000000057509","nombre":"VELA NOCHE NARANJA x12 (004J) ILUMINARTE","categoria":"Halloween","subcategoria":"Mesa Y Accesorios De Bazar","precio":1841.39,"destacado":false,"descripcion":"","imagen":"assets/products/CA-000000057509.webp","tags":["vela","noche","naranja","x12","004j","iluminarte"]},{"id":"CA-000000057519","nombre":"VELO DE MONJA ECHYZOS x4","categoria":"Halloween","subcategoria":"Accesorios Para Disfraz","precio":4032.45,"destacado":false,"descripcion":"","imagen":"assets/products/CA-000000057519.webp","tags":["velo","monja","echyzos"]},{"id":"CA-000000223211","nombre":"VIBORITAS GOMA COLOR PATRIMAR x12","categoria":"Halloween","subcategoria":"Arañas - Insectos Y Bichos","precio":998.26,"destacado":false,"descripcion":"","imagen":"assets/products/CA-000000223211.webp","tags":["viboritas","goma","color","patrimar","x12"]},{"id":"CA-202590000393","nombre":"VINCHA ARAÑA GRANDE NEGRA PELITOS x1 DC393","categoria":"Halloween","subcategoria":"Gorros - Galeras / Vinchas","precio":4890.74,"destacado":false,"descripcion":"","imagen":"assets/products/CA-202590000393.webp","tags":["vincha","araña","grande","negra","pelitos","dc393"]},{"id":"CA-202592000722","nombre":"VINCHA BOO HALLOWEEN BRILLO CON LUZ x3 DC722-02 C A","categoria":"Halloween","subcategoria":"Gorros - Galeras / Vinchas","precio":7073.22,"destacado":false,"descripcion":"","imagen":"assets/products/CA-202592000722.webp","tags":["vincha","boo","halloween","brillo","con","luz","dc722"]},{"id":"CA-202520000776","nombre":"VINCHA BRUJA NEGRA CON APLIQUE LUJO x1 FP776-02 CA","categoria":"Halloween","subcategoria":"Gorros - Galeras / Vinchas","precio":3295.14,"destacado":false,"descripcion":"","imagen":"assets/products/CA-202520000776.webp","tags":["vincha","bruja","negra","con","aplique","lujo","fp776"]},{"id":"CA-202520000169","nombre":"VINCHA CALABAZA CON LUZ x2 FP0169-02 CA","categoria":"Halloween","subcategoria":"Gorros - Galeras / Vinchas","precio":5495.96,"destacado":false,"descripcion":"","imagen":"assets/products/CA-202520000169.webp","tags":["vincha","calabaza","con","luz","fp0169"]},{"id":"CA-000000057730","nombre":"VINCHA CALAVERA CON ARAÑA Y FLORES HALLOWEEN x1 LM ART 25 (v.colores)","categoria":"Halloween","subcategoria":"Gorros - Galeras / Vinchas","precio":3542.0,"destacado":false,"descripcion":"","imagen":"assets/products/CA-000000057730.webp","tags":["vincha","calavera","con","araña","flores","halloween","art","colores"]},{"id":"CA-202510000169","nombre":"VINCHA CALAVERA CON LUZ x2 FP0169-01 CA","categoria":"Halloween","subcategoria":"Gorros - Galeras / Vinchas","precio":5495.96,"destacado":false,"descripcion":"","imagen":"assets/products/CA-202510000169.webp","tags":["vincha","calavera","con","luz","fp0169"]},{"id":"CA-000000057729","nombre":"VINCHA CATRINA HALLOWEEN x1 LM ART 22","categoria":"Halloween","subcategoria":"Gorros - Galeras / Vinchas","precio":3542.0,"destacado":false,"descripcion":"","imagen":"assets/products/CA-000000057729.webp","tags":["vincha","catrina","halloween","art"]},{"id":"CA-679749900763","nombre":"VINCHA CON VELO Y FLORES CATRINA  x1 DA0763 CA","categoria":"Halloween","subcategoria":"Gorros - Galeras / Vinchas","precio":3521.33,"destacado":false,"descripcion":"","imagen":"assets/products/CA-679749900763.webp","tags":["vincha","con","velo","flores","catrina","da0763"]},{"id":"CA-000000054075","nombre":"VINCHA CORONA DARK HALLOWEEN  x1u. LM ART 8","categoria":"Halloween","subcategoria":"Gorros - Galeras / Vinchas","precio":2156.0,"destacado":false,"descripcion":"","imagen":"assets/products/CA-000000054075.webp","tags":["vincha","corona","dark","halloween","x1u","art"]},{"id":"CA-000000057723","nombre":"VINCHA DARK HALLOWEEN CON FLORES Y PUAS x1 LM ART 12 (v.colores)","categoria":"Halloween","subcategoria":"Gorros - Galeras / Vinchas","precio":2156.0,"destacado":false,"descripcion":"","imagen":"assets/products/CA-000000057723.webp","tags":["vincha","dark","halloween","con","flores","puas","art","colores"]},{"id":"CA-000000057721","nombre":"VINCHA DEMONIO CON FLORES HALLOWEEN x1 LM ART 10 (v.colores)","categoria":"Halloween","subcategoria":"Gorros - Galeras / Vinchas","precio":1960.0,"destacado":false,"descripcion":"","imagen":"assets/products/CA-000000057721.webp","tags":["vincha","demonio","con","flores","halloween","art","colores"]},{"id":"CA-000000057720","nombre":"VINCHA DIABLA CON FLORES HALLOWEEN x1 LM ART 9","categoria":"Halloween","subcategoria":"Gorros - Galeras / Vinchas","precio":2156.0,"destacado":false,"descripcion":"","imagen":"assets/products/CA-000000057720.webp","tags":["vincha","diabla","con","flores","halloween","art"]},{"id":"CA-237187605056","nombre":"VINCHA DIABLITA / DIABLO x6 5056","categoria":"Halloween","subcategoria":"Gorros - Galeras / Vinchas","precio":2681.1,"destacado":false,"descripcion":"","imagen":"assets/products/CA-237187605056.webp","tags":["vincha","diablita","diablo","5056"]},{"id":"CA-679740820235","nombre":"VINCHA DIABLITA CON STRASS ROJO x10 PA0235 CA","categoria":"Halloween","subcategoria":"Gorros - Galeras / Vinchas","precio":12960.46,"destacado":false,"descripcion":"","imagen":"assets/products/CA-679740820235.webp","tags":["vincha","diablita","con","strass","rojo","x10","pa0235"]},{"id":"CA-679749900045","nombre":"VINCHA DIABLITA CON TULL x3 DA0045 CA","categoria":"Halloween","subcategoria":"Gorros - Galeras / Vinchas","precio":6822.6,"destacado":false,"descripcion":"","imagen":"assets/products/CA-679749900045.webp","tags":["vincha","diablita","con","tull","da0045"]},{"id":"CA-202500000501","nombre":"VINCHA DIABLITA ROJA CON BOA  x3 FP501 CA","categoria":"Halloween","subcategoria":"Gorros - Galeras / Vinchas","precio":5883.58,"destacado":false,"descripcion":"","imagen":"assets/products/CA-202500000501.webp","tags":["vincha","diablita","roja","con","boa","fp501"]},{"id":"CA-000000058343","nombre":"VINCHA DIABLITA ROJA METAL CON STRASS x1 FP898 CA","categoria":"Halloween","subcategoria":"Gorros - Galeras / Vinchas","precio":2237.51,"destacado":false,"descripcion":"","imagen":"assets/products/CA-000000058343.webp","tags":["vincha","diablita","roja","metal","con","strass","fp898"]},{"id":"CA-202500000898","nombre":"VINCHA DIABLITA ROJA METAL CON STRASS x3 FP898 CA","categoria":"Halloween","subcategoria":"Gorros - Galeras / Vinchas","precio":6712.55,"destacado":false,"descripcion":"","imagen":"assets/products/CA-202500000898.webp","tags":["vincha","diablita","roja","metal","con","strass","fp898"]}]}