{"category_slug":"halloween","subcategory_slug":"","page":9,"page_size":48,"total":1262,"items":[{"id":"CA-202590000138","nombre":"COLGANTE NENA MALEFICA CON SANGRE Y LUZ 35cm x3 DC0138 CA","categoria":"Halloween","subcategoria":"Ambientacion","precio":6008.73,"destacado":false,"descripcion":"","imagen":"assets/products/CA-202590000138.webp","tags":["colgante","nena","malefica","con","sangre","luz","35cm","dc0138"]},{"id":"CA-202500000521","nombre":"COLGANTE NOVIA 80x60cm CON LUZ Y SONIDO x1 FP0521 CA","categoria":"Halloween","subcategoria":"Ambientacion","precio":8005.54,"destacado":false,"descripcion":"","imagen":"assets/products/CA-202500000521.webp","tags":["colgante","novia","80x60cm","con","luz","sonido","fp0521"]},{"id":"CA-779908805222","nombre":"COLGANTE NOVIA ABANDONADA CON LUZ 87cmx1 HD647 PS","categoria":"Halloween","subcategoria":"Ambientacion","precio":15535.8,"destacado":false,"descripcion":"","imagen":"assets/products/CA-779908805222.webp","tags":["colgante","novia","abandonada","con","luz","87cmx1","hd647"]},{"id":"CA-202520000661","nombre":"COLGANTE NOVIA FANTASMA LUZ Y SONIDO 1.80mts x1 FP0661-02 CA","categoria":"Halloween","subcategoria":"Ambientacion","precio":47103.94,"destacado":false,"descripcion":"","imagen":"assets/products/CA-202520000661.webp","tags":["colgante","novia","fantasma","luz","sonido","80mts","fp0661"]},{"id":"CA-679740820319","nombre":"COLGANTE NOVIA FANTASMA LUZ Y SONIDO 1.80mts x1 PA0319 CA","categoria":"Halloween","subcategoria":"Ambientacion","precio":47103.94,"destacado":false,"descripcion":"","imagen":"assets/products/CA-679740820319.webp","tags":["colgante","novia","fantasma","luz","sonido","80mts","pa0319"]},{"id":"CA-202520000520","nombre":"COLGANTE PAYASO BLANCO 80x50cm CON LUZ Y SONIDO x1 FP0520-02 CA","categoria":"Halloween","subcategoria":"Ambientacion","precio":8794.18,"destacado":false,"descripcion":"","imagen":"assets/products/CA-202520000520.webp","tags":["colgante","payaso","blanco","80x50cm","con","luz","sonido","fp0520"]},{"id":"CA-202590000339","nombre":"COLGANTE PAYASO BLANCO Y NEGRO 1.50mts SONIDO/LUZ x1 DC0339 CA","categoria":"Halloween","subcategoria":"Ambientacion","precio":29185.49,"destacado":false,"descripcion":"","imagen":"assets/products/CA-202590000339.webp","tags":["colgante","payaso","blanco","negro","50mts","sonido","luz","dc0339"]},{"id":"CA-202591000330","nombre":"COLGANTE PAYASO CON GALERA TERROR  2mts SONIDO/LUZ x1 DC0330-01 CA","categoria":"Halloween","subcategoria":"Ambientacion","precio":38221.14,"destacado":false,"descripcion":"","imagen":"assets/products/CA-202591000330.webp","tags":["colgante","payaso","con","galera","terror","2mts","sonido","luz","dc0330"]},{"id":"CA-202590000340","nombre":"COLGANTE PAYASO MULTICOLOR 1.50mts SONIDO/LUZ/MOVIMIENTO x1 DC0340 CA","categoria":"Halloween","subcategoria":"Ambientacion","precio":32009.9,"destacado":false,"descripcion":"","imagen":"assets/products/CA-202590000340.webp","tags":["colgante","payaso","multicolor","50mts","sonido","luz","movimiento","dc0340"]},{"id":"CA-202510000520","nombre":"COLGANTE PAYASO NARANJA 80x50cm CON LUZ Y SONIDO x1 FP0520-01 CA","categoria":"Halloween","subcategoria":"Ambientacion","precio":8794.18,"destacado":false,"descripcion":"","imagen":"assets/products/CA-202510000520.webp","tags":["colgante","payaso","naranja","80x50cm","con","luz","sonido","fp0520"]},{"id":"CA-202592000351","nombre":"COLGANTE PAYASO TERROR A CUADROS 70cmx1 DC0351-02 CA","categoria":"Halloween","subcategoria":"Ambientacion","precio":6260.12,"destacado":false,"descripcion":"","imagen":"assets/products/CA-202592000351.webp","tags":["colgante","payaso","terror","cuadros","70cmx1","dc0351"]},{"id":"CA-202593000351","nombre":"COLGANTE PAYASO TERROR A LUNARES 70cmx1 DC0351-03 CA","categoria":"Halloween","subcategoria":"Ambientacion","precio":6260.12,"destacado":false,"descripcion":"","imagen":"assets/products/CA-202593000351.webp","tags":["colgante","payaso","terror","lunares","70cmx1","dc0351"]},{"id":"CA-202591000351","nombre":"COLGANTE PAYASO TERROR ROJO 70cmx1 DC0351-01 CA","categoria":"Halloween","subcategoria":"Ambientacion","precio":6260.12,"destacado":false,"descripcion":"","imagen":"assets/products/CA-202591000351.webp","tags":["colgante","payaso","terror","rojo","70cmx1","dc0351"]},{"id":"CA-679740820554","nombre":"COLGANTE SIRENA CON PELO ROJO TERROR  x1 PA0554 CA","categoria":"Halloween","subcategoria":"Ambientacion","precio":13522.59,"destacado":false,"descripcion":"","imagen":"assets/products/CA-679740820554.webp","tags":["colgante","sirena","con","pelo","rojo","terror","pa0554"]},{"id":"CA-779908805273","nombre":"COLGANTE SUSURROS NOCTURNOS LUZ/SONIDO/MOVIMIENTO 150cmx1 HD698 PS","categoria":"Halloween","subcategoria":"Ambientacion","precio":29729.0,"destacado":false,"descripcion":"","imagen":"assets/products/CA-779908805273.webp","tags":["colgante","susurros","nocturnos","luz","sonido","movimiento","150cmx1","hd698"]},{"id":"CA-679740820593","nombre":"COLLAR DARK TELA ARAÑA Y PIEDRA  x1 PA0593 CA","categoria":"Halloween","subcategoria":"Accesorios Para Disfraz","precio":2002.15,"destacado":false,"descripcion":"","imagen":"assets/products/CA-679740820593.webp","tags":["collar","dark","tela","araña","piedra","pa0593"]},{"id":"CA-072737310220","nombre":"COLLAR FLORES SEDA CON LUZ HALLOWEEN (NARANJA Y NEGRO) x1","categoria":"Halloween","subcategoria":"Accesorios Para Disfraz","precio":4002.82,"destacado":false,"descripcion":"","imagen":"assets/products/CA-072737310220.webp","tags":["collar","flores","seda","con","luz","halloween","naranja","negro"]},{"id":"CA-072737310221","nombre":"COLLAR FLORES SEDA HALLOWEEN (NARANJA Y NEGRO) x1","categoria":"Halloween","subcategoria":"Accesorios Para Disfraz","precio":2894.13,"destacado":false,"descripcion":"","imagen":"assets/products/CA-072737310221.webp","tags":["collar","flores","seda","halloween","naranja","negro"]},{"id":"CA-779844358151","nombre":"COLORANTE EN PASTA FLEIBOR KIT HALLOWEEN x4","categoria":"Halloween","subcategoria":"Mesa Y Accesorios De Bazar","precio":5293.08,"destacado":false,"descripcion":"","imagen":"assets/products/CA-779844358151.webp","tags":["colorante","pasta","fleibor","kit","halloween"]},{"id":"CA-000000020901","nombre":"CORTANTE FLOGUS CALABAZA FH09 x1 (42)","categoria":"Halloween","subcategoria":"Mesa Y Accesorios De Bazar","precio":1088.0,"destacado":false,"descripcion":"","imagen":"assets/products/CA-000000020901.webp","tags":["cortante","flogus","calabaza","fh09"]},{"id":"CA-000000057740","nombre":"CORTANTE MARCADOR PLASTICO 3D BRUJA CON ESCOBA HALLOWEEN DESIGN x1","categoria":"Halloween","subcategoria":"Mesa Y Accesorios De Bazar","precio":768.48,"destacado":false,"descripcion":"","imagen":"assets/products/CA-000000057740.webp","tags":["cortante","marcador","plastico","bruja","con","escoba","halloween","design"]},{"id":"CA-000000057741","nombre":"CORTANTE MARCADOR PLASTICO 3D BRUJA CON SOMBRERO HALLOWEEN DESIGN x1","categoria":"Halloween","subcategoria":"Mesa Y Accesorios De Bazar","precio":768.48,"destacado":false,"descripcion":"","imagen":"assets/products/CA-000000057741.webp","tags":["cortante","marcador","plastico","bruja","con","sombrero","halloween","design"]},{"id":"CA-000000057739","nombre":"CORTANTE MARCADOR PLASTICO 3D CALABAZA CON SOMBRERO  HALLOWEEN DESIGN x1","categoria":"Halloween","subcategoria":"Mesa Y Accesorios De Bazar","precio":768.48,"destacado":false,"descripcion":"","imagen":"assets/products/CA-000000057739.webp","tags":["cortante","marcador","plastico","calabaza","con","sombrero","halloween","design"]},{"id":"CA-000000046294","nombre":"CORTANTE MARCADOR PLASTICO 3D CALAVERA CALACA DESIGN x1 (6)","categoria":"Halloween","subcategoria":"Mesa Y Accesorios De Bazar","precio":768.48,"destacado":false,"descripcion":"","imagen":"assets/products/CA-000000046294.webp","tags":["cortante","marcador","plastico","calavera","calaca","design"]},{"id":"CA-000000057516","nombre":"CORTANTE MARCADOR PLASTICO 3D CARA HARRY POTTER x1 DESIGN (139)","categoria":"Halloween","subcategoria":"Mesa Y Accesorios De Bazar","precio":768.48,"destacado":false,"descripcion":"","imagen":"assets/products/CA-000000057516.webp","tags":["cortante","marcador","plastico","cara","harry","potter","design","139"]},{"id":"CA-000000048055","nombre":"CORTANTE MARCADOR PLASTICO 3D ESQUELETO HALLOWEEN DESIGN x1 (80)","categoria":"Halloween","subcategoria":"Mesa Y Accesorios De Bazar","precio":768.48,"destacado":false,"descripcion":"","imagen":"assets/products/CA-000000048055.webp","tags":["cortante","marcador","plastico","esqueleto","halloween","design"]},{"id":"CA-000000057743","nombre":"CORTANTE MARCADOR PLASTICO 3D FANTASMA HALLOWEEN DESIGN x1","categoria":"Halloween","subcategoria":"Mesa Y Accesorios De Bazar","precio":768.48,"destacado":false,"descripcion":"","imagen":"assets/products/CA-000000057743.webp","tags":["cortante","marcador","plastico","fantasma","halloween","design"]},{"id":"CA-000000053478","nombre":"CORTANTE MARCADOR PLASTICO 3D FRANKY  HALLOWEEN DESIGN x1 (93)","categoria":"Halloween","subcategoria":"Mesa Y Accesorios De Bazar","precio":768.48,"destacado":false,"descripcion":"","imagen":"assets/products/CA-000000053478.webp","tags":["cortante","marcador","plastico","franky","halloween","design"]},{"id":"CA-000000048057","nombre":"CORTANTE MARCADOR PLASTICO 3D LAPIDA HALLOWEEN DESIGN x1 (94)","categoria":"Halloween","subcategoria":"Mesa Y Accesorios De Bazar","precio":768.48,"destacado":false,"descripcion":"","imagen":"assets/products/CA-000000048057.webp","tags":["cortante","marcador","plastico","lapida","halloween","design"]},{"id":"CA-000000057744","nombre":"CORTANTE MARCADOR PLASTICO 3D LOBO HALLOWEEN DESIGN x1","categoria":"Halloween","subcategoria":"Mesa Y Accesorios De Bazar","precio":762.83,"destacado":false,"descripcion":"","imagen":"assets/products/CA-000000057744.webp","tags":["cortante","marcador","plastico","lobo","halloween","design"]},{"id":"CA-000000053477","nombre":"CORTANTE MARCADOR PLASTICO 3D MOMIA HALLOWEEN DESIGN x1 (106)","categoria":"Halloween","subcategoria":"Mesa Y Accesorios De Bazar","precio":762.83,"destacado":false,"descripcion":"","imagen":"assets/products/CA-000000053477.webp","tags":["cortante","marcador","plastico","momia","halloween","design","106"]},{"id":"CA-000000053476","nombre":"CORTANTE MARCADOR PLASTICO 3D MURCIELAGO HALLOWEEN DESIGN x1 (107)","categoria":"Halloween","subcategoria":"Mesa Y Accesorios De Bazar","precio":768.48,"destacado":false,"descripcion":"","imagen":"assets/products/CA-000000053476.webp","tags":["cortante","marcador","plastico","murcielago","halloween","design","107"]},{"id":"CA-000000048058","nombre":"CORTANTE MARCADOR PLASTICO 3D SCREAM HALLOWEEN DESIGN x1 (114)","categoria":"Halloween","subcategoria":"Mesa Y Accesorios De Bazar","precio":768.48,"destacado":false,"descripcion":"","imagen":"assets/products/CA-000000048058.webp","tags":["cortante","marcador","plastico","scream","halloween","design","114"]},{"id":"CA-000000053479","nombre":"CORTANTE MARCADOR PLASTICO 3D SET FANTASMA HALLOWEEN x2 DESIGN (123)","categoria":"Halloween","subcategoria":"Mesa Y Accesorios De Bazar","precio":768.48,"destacado":false,"descripcion":"","imagen":"assets/products/CA-000000053479.webp","tags":["cortante","marcador","plastico","set","fantasma","halloween","design","123"]},{"id":"CA-000000046296","nombre":"CORTANTE MARCADOR PLASTICO 3D SOMBRERO BRUJA HALLOWEEN DESIGN x1 (132)","categoria":"Halloween","subcategoria":"Mesa Y Accesorios De Bazar","precio":768.48,"destacado":false,"descripcion":"","imagen":"assets/products/CA-000000046296.webp","tags":["cortante","marcador","plastico","sombrero","bruja","halloween","design","132"]},{"id":"CA-000000057742","nombre":"CORTANTE MARCADOR PLASTICO 3D ZOMBIE HALLOWEEN DESIGN x1","categoria":"Halloween","subcategoria":"Mesa Y Accesorios De Bazar","precio":768.48,"destacado":false,"descripcion":"","imagen":"assets/products/CA-000000057742.webp","tags":["cortante","marcador","plastico","zombie","halloween","design"]},{"id":"CA-000000014929","nombre":"CORTANTE MULTY MURCIELAGO x1 ART 72P (39)","categoria":"Halloween","subcategoria":"Mesa Y Accesorios De Bazar","precio":1266.41,"destacado":false,"descripcion":"","imagen":"assets/products/CA-000000014929.webp","tags":["cortante","multy","murcielago","art","72p"]},{"id":"CA-202500000927","nombre":"CORTINA CUADRADA HALLOWEEN SCREAM x6 FP927 CA","categoria":"Halloween","subcategoria":"Ambientacion","precio":13174.42,"destacado":false,"descripcion":"","imagen":"assets/products/CA-202500000927.webp","tags":["cortina","cuadrada","halloween","scream","fp927"]},{"id":"CA-679740820560","nombre":"CORTINA CUADRADO BRICK WALL HALLOWEEN VIOLETA ESTAMPADA 1x2mt x1 PA0560 CA","categoria":"Halloween","subcategoria":"Ambientacion","precio":1095.61,"destacado":false,"descripcion":"","imagen":"assets/products/CA-679740820560.webp","tags":["cortina","cuadrado","brick","wall","halloween","violeta","estampada","1x2mt","pa0560"]},{"id":"CA-202500000662","nombre":"CORTINA DE GASA SANGRIENTA 1mts x0.90cm x1 FP662 CA","categoria":"Halloween","subcategoria":"Ambientacion","precio":4554.5,"destacado":false,"descripcion":"","imagen":"assets/products/CA-202500000662.webp","tags":["cortina","gasa","sangrienta","1mts","90cm","fp662"]},{"id":"CA-000000058184","nombre":"CORTINA HALLOWEEN FANTASMAS METAL x1 FP926 CA","categoria":"Halloween","subcategoria":"Ambientacion","precio":3849.17,"destacado":false,"descripcion":"","imagen":"assets/products/CA-000000058184.webp","tags":["cortina","halloween","fantasmas","metal","fp926"]},{"id":"CA-202500000926","nombre":"CORTINA HALLOWEEN FANTASMAS METAL x4 FP926 CA","categoria":"Halloween","subcategoria":"Ambientacion","precio":15396.68,"destacado":false,"descripcion":"","imagen":"assets/products/CA-202500000926.webp","tags":["cortina","halloween","fantasmas","metal","fp926"]},{"id":"CA-202500000635","nombre":"CORTINA METALIZADA HAPPY HALLOWEEN x1 FP635-07 CA","categoria":"Halloween","subcategoria":"Ambientacion","precio":1233.0,"destacado":false,"descripcion":"","imagen":"assets/products/CA-202500000635.webp","tags":["cortina","metalizada","happy","halloween","fp635"]},{"id":"CA-779908804081","nombre":"CORTINA MURCIELAGO DE ENCAJE 95x57cm x1 HD345 PS","categoria":"Halloween","subcategoria":"Ambientacion","precio":3883.95,"destacado":false,"descripcion":"","imagen":"assets/products/CA-779908804081.webp","tags":["cortina","murcielago","encaje","95x57cm","hd345"]},{"id":"CA-779908804083","nombre":"CORTINA R.I.P 102x213cm x1 HD346 PS","categoria":"Halloween","subcategoria":"Ambientacion","precio":6473.25,"destacado":false,"descripcion":"","imagen":"assets/products/CA-779908804083.webp","tags":["cortina","102x213cm","hd346"]},{"id":"CA-000000058141","nombre":"CRANEO CALAVERA TENEBROSA SONIDO/LUZ x1 DC0342 CA","categoria":"Halloween","subcategoria":"Ambientacion","precio":12000.0,"destacado":false,"descripcion":"","imagen":"assets/products/CA-000000058141.webp","tags":["craneo","calavera","tenebrosa","sonido","luz","dc0342"]},{"id":"CA-779908805237","nombre":"CRANEO CON OJOS FANTASMALES CON LUZ 25cm x1 HD662 PS","categoria":"Halloween","subcategoria":"Ambientacion","precio":23399.6,"destacado":false,"descripcion":"","imagen":"assets/products/CA-779908805237.webp","tags":["craneo","con","ojos","fantasmales","con","luz","25cm","hd662"]},{"id":"CA-779908804457","nombre":"CRUZ ESTACA DRACULA 30cm x1 GOAC46 PS","categoria":"Halloween","subcategoria":"Accesorios Para Disfraz","precio":4315.5,"destacado":false,"descripcion":"","imagen":"assets/products/CA-779908804457.webp","tags":["cruz","estaca","dracula","30cm","goac46"]}]}