{"category_slug":"descartables","subcategory_slug":"vasos_plasticos_polipapel_termicos_y_copas","page":4,"page_size":48,"total":188,"items":[{"id":"CA-072354054897","nombre":"VASO POLIPAPEL LISO VIOLETA 240 cc x8 ROMI PACK","categoria":"Descartables","subcategoria":"Vasos Plasticos/Polipapel/Termicos Y Copas","precio":976.82,"destacado":false,"descripcion":"","imagen":"assets/products/CA-072354054897.webp","tags":["vaso","polipapel","liso","violeta","240","romi","pack"]},{"id":"CA-779834240250","nombre":"VASO POLIPAPEL RAYADO DORADO 240cc x8u. C.O","categoria":"Descartables","subcategoria":"Vasos Plasticos/Polipapel/Termicos Y Copas","precio":1217.71,"destacado":false,"descripcion":"","imagen":"assets/products/CA-779834240250.webp","tags":["vaso","polipapel","rayado","dorado","240cc","x8u"]},{"id":"CA-779834240251","nombre":"VASO POLIPAPEL RAYADO PLATEADO 240cc x8u. C.O","categoria":"Descartables","subcategoria":"Vasos Plasticos/Polipapel/Termicos Y Copas","precio":1217.71,"destacado":false,"descripcion":"","imagen":"assets/products/CA-779834240251.webp","tags":["vaso","polipapel","rayado","plateado","240cc","x8u"]},{"id":"CA-000000046586","nombre":"VASO SHOT AMERICANO ROJO (BULTO 16x50u.) S.A & P","categoria":"Descartables","subcategoria":"Vasos Plasticos/Polipapel/Termicos Y Copas","precio":28811.35,"destacado":false,"descripcion":"* (12/12/2025)","imagen":"assets/products/CA-000000046586.webp","tags":["vaso","shot","americano","rojo","bulto","16x50u"]},{"id":"CA-000000046587","nombre":"VASO SHOT AMERICANO ROJO x50u. S.A & P","categoria":"Descartables","subcategoria":"Vasos Plasticos/Polipapel/Termicos Y Copas","precio":1944.77,"destacado":false,"descripcion":"* (12/12/2025)","imagen":"assets/products/CA-000000046587.webp","tags":["vaso","shot","americano","rojo","x50u"]},{"id":"CA-07366842787008","nombre":"VASO TERMICO 120cc CAFE (BULTO 40x25u.) ENPOLEX.","categoria":"Descartables","subcategoria":"Vasos Plasticos/Polipapel/Termicos Y Copas","precio":30933.41,"destacado":false,"descripcion":"","imagen":"assets/products/CA-07366842787008.webp","tags":["vaso","termico","120cc","cafe","bulto","40x25u","enpolex"]},{"id":"CA-073668427870","nombre":"VASO TERMICO 120cc CAFE x25u. ENPOLEX","categoria":"Descartables","subcategoria":"Vasos Plasticos/Polipapel/Termicos Y Copas","precio":804.27,"destacado":false,"descripcion":"","imagen":"assets/products/CA-073668427870.webp","tags":["vaso","termico","120cc","cafe","x25u","enpolex"]},{"id":"CA-779835336366","nombre":"VASO TERMICO 120cc CAFE x25u. WELL CUP","categoria":"Descartables","subcategoria":"Vasos Plasticos/Polipapel/Termicos Y Copas","precio":305.09,"destacado":false,"descripcion":"","imagen":"assets/products/CA-779835336366.webp","tags":["vaso","termico","120cc","cafe","x25u","well","cup"]},{"id":"CA-07366842787176","nombre":"VASO TERMICO 180cc (BULTO 40x25u.) ENPOLEX.","categoria":"Descartables","subcategoria":"Vasos Plasticos/Polipapel/Termicos Y Copas","precio":37661.39,"destacado":false,"descripcion":"","imagen":"assets/products/CA-07366842787176.webp","tags":["vaso","termico","180cc","bulto","40x25u","enpolex"]},{"id":"CA-073668427871","nombre":"VASO TERMICO 180cc x25u. ENPOLEX","categoria":"Descartables","subcategoria":"Vasos Plasticos/Polipapel/Termicos Y Copas","precio":979.2,"destacado":false,"descripcion":"","imagen":"assets/products/CA-073668427871.webp","tags":["vaso","termico","180cc","x25u","enpolex"]},{"id":"CA-07366842787244","nombre":"VASO TERMICO 240cc (BULTO 40x25u.) ENPOLEX.","categoria":"Descartables","subcategoria":"Vasos Plasticos/Polipapel/Termicos Y Copas","precio":42985.06,"destacado":false,"descripcion":"","imagen":"assets/products/CA-07366842787244.webp","tags":["vaso","termico","240cc","bulto","40x25u","enpolex"]},{"id":"CA-073668427872","nombre":"VASO TERMICO 240cc x25u. ENPOLEX.","categoria":"Descartables","subcategoria":"Vasos Plasticos/Polipapel/Termicos Y Copas","precio":1117.61,"destacado":false,"descripcion":"","imagen":"assets/products/CA-073668427872.webp","tags":["vaso","termico","240cc","x25u","enpolex"]},{"id":"CA-07366842787312","nombre":"VASO TERMICO 300cc (BULTO 40x25u.) ENPOLEX.","categoria":"Descartables","subcategoria":"Vasos Plasticos/Polipapel/Termicos Y Copas","precio":51540.86,"destacado":false,"descripcion":"","imagen":"assets/products/CA-07366842787312.webp","tags":["vaso","termico","300cc","bulto","40x25u","enpolex"]},{"id":"CA-073668427873","nombre":"VASO TERMICO 300cc x25u. ENPOLEX.","categoria":"Descartables","subcategoria":"Vasos Plasticos/Polipapel/Termicos Y Copas","precio":1340.06,"destacado":false,"descripcion":"","imagen":"assets/products/CA-073668427873.webp","tags":["vaso","termico","300cc","x25u","enpolex"]},{"id":"CA-779835336369","nombre":"VASO TERMICO 300cc x25u. WELL CUP","categoria":"Descartables","subcategoria":"Vasos Plasticos/Polipapel/Termicos Y Copas","precio":1367.42,"destacado":false,"descripcion":"","imagen":"assets/products/CA-779835336369.webp","tags":["vaso","termico","300cc","x25u","well","cup"]},{"id":"CA-000000024338","nombre":"VASO TRAGO LARGO CRISTAL 011  (BULTO x60u.)","categoria":"Descartables","subcategoria":"Vasos Plasticos/Polipapel/Termicos Y Copas","precio":8652.26,"destacado":false,"descripcion":"","imagen":"assets/products/CA-000000024338.webp","tags":["vaso","trago","largo","cristal","011","bulto","x60u"]},{"id":"CA-000000024422","nombre":"VASO TRAGO LARGO CRISTAL 011 AMARILLO (BULTO x60u.)","categoria":"Descartables","subcategoria":"Vasos Plasticos/Polipapel/Termicos Y Copas","precio":8652.26,"destacado":false,"descripcion":"","imagen":"assets/products/CA-000000024422.webp","tags":["vaso","trago","largo","cristal","011","amarillo","bulto","x60u"]},{"id":"CA-000000034807","nombre":"VASO TRAGO LARGO CRISTAL 011 AZUL (BULTO x60u.)","categoria":"Descartables","subcategoria":"Vasos Plasticos/Polipapel/Termicos Y Copas","precio":8652.26,"destacado":false,"descripcion":"","imagen":"assets/products/CA-000000034807.webp","tags":["vaso","trago","largo","cristal","011","azul","bulto","x60u"]},{"id":"CA-000000024421","nombre":"VASO TRAGO LARGO CRISTAL 011 FUCSIA (BULTOx60u.)","categoria":"Descartables","subcategoria":"Vasos Plasticos/Polipapel/Termicos Y Copas","precio":8652.26,"destacado":false,"descripcion":"","imagen":"assets/products/CA-000000024421.webp","tags":["vaso","trago","largo","cristal","011","fucsia","bultox60u"]},{"id":"CA-000000022305","nombre":"VASO TRAGO LARGO CRISTAL 011 ROJO (BULTO x60u.)","categoria":"Descartables","subcategoria":"Vasos Plasticos/Polipapel/Termicos Y Copas","precio":8652.26,"destacado":false,"descripcion":"","imagen":"assets/products/CA-000000022305.webp","tags":["vaso","trago","largo","cristal","011","rojo","bulto","x60u"]},{"id":"CA-000000008937","nombre":"VASO TRAGO LARGO CRISTAL 011 ULTRAVIOLETA (BULTO x60u.)","categoria":"Descartables","subcategoria":"Vasos Plasticos/Polipapel/Termicos Y Copas","precio":8652.26,"destacado":false,"descripcion":"","imagen":"assets/products/CA-000000008937.webp","tags":["vaso","trago","largo","cristal","011","ultravioleta","bulto","x60u"]},{"id":"CA-000000022304","nombre":"VASO TRAGO LARGO CRISTAL 011 VERDE (BULTO x60u.)","categoria":"Descartables","subcategoria":"Vasos Plasticos/Polipapel/Termicos Y Copas","precio":8652.26,"destacado":false,"descripcion":"","imagen":"assets/products/CA-000000022304.webp","tags":["vaso","trago","largo","cristal","011","verde","bulto","x60u"]},{"id":"CA-000000022307","nombre":"VASO TRAGO LARGO CRISTAL 011 VIOLETA (BULTO x60u.)","categoria":"Descartables","subcategoria":"Vasos Plasticos/Polipapel/Termicos Y Copas","precio":8652.26,"destacado":false,"descripcion":"","imagen":"assets/products/CA-000000022307.webp","tags":["vaso","trago","largo","cristal","011","violeta","bulto","x60u"]},{"id":"CA-779809870669","nombre":"VASO TRAGO LARGO CRISTAL KV  (BULTO 15 x10u) 4001/10","categoria":"Descartables","subcategoria":"Vasos Plasticos/Polipapel/Termicos Y Copas","precio":18167.5,"destacado":false,"descripcion":"","imagen":"assets/products/CA-779809870669.webp","tags":["vaso","trago","largo","cristal","bulto","x10u","4001"]},{"id":"CA-779809870668","nombre":"VASO TRAGO LARGO CRISTAL KV x10u","categoria":"Descartables","subcategoria":"Vasos Plasticos/Polipapel/Termicos Y Copas","precio":1308.06,"destacado":false,"descripcion":"","imagen":"assets/products/CA-779809870668.webp","tags":["vaso","trago","largo","cristal","x10u"]},{"id":"CA-779809870233","nombre":"VASO TRAGO LARGO FLEXIBLE  PP GRANEL (BULTO x250u.) 4001PP","categoria":"Descartables","subcategoria":"Vasos Plasticos/Polipapel/Termicos Y Copas","precio":18552.5,"destacado":false,"descripcion":"","imagen":"assets/products/CA-779809870233.webp","tags":["vaso","trago","largo","flexible","granel","bulto","x250u","4001pp"]},{"id":"CA-779809870627","nombre":"VASO TRAGO LARGO FLEXIBLE PP AMARILLO PASTEL (BULTO 12x10u.) 4001PPAMP/10B","categoria":"Descartables","subcategoria":"Vasos Plasticos/Polipapel/Termicos Y Copas","precio":10430.0,"destacado":false,"descripcion":"","imagen":"assets/products/CA-779809870627.webp","tags":["vaso","trago","largo","flexible","amarillo","pastel","bulto","12x10u","4001ppamp","10b"]},{"id":"CA-779809870631","nombre":"VASO TRAGO LARGO FLEXIBLE PP AMARILLO PASTEL x10u.","categoria":"Descartables","subcategoria":"Vasos Plasticos/Polipapel/Termicos Y Copas","precio":938.7,"destacado":false,"descripcion":"","imagen":"assets/products/CA-779809870631.webp","tags":["vaso","trago","largo","flexible","amarillo","pastel","x10u"]},{"id":"CA-779809870540","nombre":"VASO TRAGO LARGO FLEXIBLE PP AZUL (BULTO 12X10u.) 4001PPA/10","categoria":"Descartables","subcategoria":"Vasos Plasticos/Polipapel/Termicos Y Copas","precio":10430.0,"destacado":false,"descripcion":"","imagen":"assets/products/CA-779809870540.webp","tags":["vaso","trago","largo","flexible","azul","bulto","12x10u","4001ppa"]},{"id":"CA-779809870539","nombre":"VASO TRAGO LARGO FLEXIBLE PP AZUL x10u.","categoria":"Descartables","subcategoria":"Vasos Plasticos/Polipapel/Termicos Y Copas","precio":938.7,"destacado":false,"descripcion":"","imagen":"assets/products/CA-779809870539.webp","tags":["vaso","trago","largo","flexible","azul","x10u"]},{"id":"CA-779809870628","nombre":"VASO TRAGO LARGO FLEXIBLE PP CELESTE PASTEL (BULTO 12x10u.) 4001PPCP/10C","categoria":"Descartables","subcategoria":"Vasos Plasticos/Polipapel/Termicos Y Copas","precio":10430.0,"destacado":false,"descripcion":"","imagen":"assets/products/CA-779809870628.webp","tags":["vaso","trago","largo","flexible","celeste","pastel","bulto","12x10u","4001ppcp","10c"]},{"id":"CA-779809870632","nombre":"VASO TRAGO LARGO FLEXIBLE PP CELESTE PASTEL x10u.","categoria":"Descartables","subcategoria":"Vasos Plasticos/Polipapel/Termicos Y Copas","precio":938.7,"destacado":false,"descripcion":"","imagen":"assets/products/CA-779809870632.webp","tags":["vaso","trago","largo","flexible","celeste","pastel","x10u"]},{"id":"CA-779809870558","nombre":"VASO TRAGO LARGO FLEXIBLE PP NEGRO (BULTO 12x10u.) 4001PPN/10","categoria":"Descartables","subcategoria":"Vasos Plasticos/Polipapel/Termicos Y Copas","precio":10430.0,"destacado":false,"descripcion":"","imagen":"assets/products/CA-779809870558.webp","tags":["vaso","trago","largo","flexible","negro","bulto","12x10u","4001ppn"]},{"id":"CA-779809870557","nombre":"VASO TRAGO LARGO FLEXIBLE PP NEGRO x10u.","categoria":"Descartables","subcategoria":"Vasos Plasticos/Polipapel/Termicos Y Copas","precio":938.7,"destacado":false,"descripcion":"","imagen":"assets/products/CA-779809870557.webp","tags":["vaso","trago","largo","flexible","negro","x10u"]},{"id":"CA-779809870562","nombre":"VASO TRAGO LARGO FLEXIBLE PP ROJO (BULTO 12x10u.) 4001PPR/10","categoria":"Descartables","subcategoria":"Vasos Plasticos/Polipapel/Termicos Y Copas","precio":10430.0,"destacado":false,"descripcion":"","imagen":"assets/products/CA-779809870562.webp","tags":["vaso","trago","largo","flexible","rojo","bulto","12x10u","4001ppr"]},{"id":"CA-779809870561","nombre":"VASO TRAGO LARGO FLEXIBLE PP ROJO x10u.","categoria":"Descartables","subcategoria":"Vasos Plasticos/Polipapel/Termicos Y Copas","precio":938.7,"destacado":false,"descripcion":"","imagen":"assets/products/CA-779809870561.webp","tags":["vaso","trago","largo","flexible","rojo","x10u"]},{"id":"CA-798098705527","nombre":"VASO TRAGO LARGO FLEXIBLE PP ROSA FLUO (BULTO 12x10u.) 4001PPMG/10","categoria":"Descartables","subcategoria":"Vasos Plasticos/Polipapel/Termicos Y Copas","precio":10430.0,"destacado":false,"descripcion":"","imagen":"assets/products/CA-798098705527.webp","tags":["vaso","trago","largo","flexible","rosa","fluo","bulto","12x10u","4001ppmg"]},{"id":"CA-779809870551","nombre":"VASO TRAGO LARGO FLEXIBLE PP ROSA FLUO x10u.","categoria":"Descartables","subcategoria":"Vasos Plasticos/Polipapel/Termicos Y Copas","precio":938.7,"destacado":false,"descripcion":"","imagen":"assets/products/CA-779809870551.webp","tags":["vaso","trago","largo","flexible","rosa","fluo","x10u"]},{"id":"CA-779809870629","nombre":"VASO TRAGO LARGO FLEXIBLE PP ROSA PASTEL (BULTO 12x10u.) 4001PRSP/10C","categoria":"Descartables","subcategoria":"Vasos Plasticos/Polipapel/Termicos Y Copas","precio":10430.0,"destacado":false,"descripcion":"","imagen":"assets/products/CA-779809870629.webp","tags":["vaso","trago","largo","flexible","rosa","pastel","bulto","12x10u","4001prsp","10c"]},{"id":"CA-779809870633","nombre":"VASO TRAGO LARGO FLEXIBLE PP ROSA PASTEL x10u.","categoria":"Descartables","subcategoria":"Vasos Plasticos/Polipapel/Termicos Y Copas","precio":938.7,"destacado":false,"descripcion":"","imagen":"assets/products/CA-779809870633.webp","tags":["vaso","trago","largo","flexible","rosa","pastel","x10u"]},{"id":"CA-779809870538","nombre":"VASO TRAGO LARGO FLEXIBLE PP TRASLUCIDO (BULTO 12x10u.) 4001PP/10","categoria":"Descartables","subcategoria":"Vasos Plasticos/Polipapel/Termicos Y Copas","precio":9818.75,"destacado":false,"descripcion":"","imagen":"assets/products/CA-779809870538.webp","tags":["vaso","trago","largo","flexible","traslucido","bulto","12x10u","4001pp"]},{"id":"CA-779809870537","nombre":"VASO TRAGO LARGO FLEXIBLE PP TRASLUCIDO x10u.","categoria":"Descartables","subcategoria":"Vasos Plasticos/Polipapel/Termicos Y Copas","precio":883.69,"destacado":false,"descripcion":"","imagen":"assets/products/CA-779809870537.webp","tags":["vaso","trago","largo","flexible","traslucido","x10u"]},{"id":"CA-779809870630","nombre":"VASO TRAGO LARGO FLEXIBLE PP VERDE PASTEL (BULTO 12x10u.) 4001PPVP/10C","categoria":"Descartables","subcategoria":"Vasos Plasticos/Polipapel/Termicos Y Copas","precio":10430.0,"destacado":false,"descripcion":"","imagen":"assets/products/CA-779809870630.webp","tags":["vaso","trago","largo","flexible","verde","pastel","bulto","12x10u","4001ppvp","10c"]},{"id":"CA-779809870634","nombre":"VASO TRAGO LARGO FLEXIBLE PP VERDE PASTEL x10u.","categoria":"Descartables","subcategoria":"Vasos Plasticos/Polipapel/Termicos Y Copas","precio":938.7,"destacado":false,"descripcion":"","imagen":"assets/products/CA-779809870634.webp","tags":["vaso","trago","largo","flexible","verde","pastel","x10u"]}]}