{"category_slug":"descartables","subcategory_slug":"vasos_plasticos_polipapel_termicos_y_copas","page":1,"page_size":48,"total":188,"items":[{"id":"CA-000000058374","nombre":"BANDEJA TERMICA CON TAPA 1000cc (BULTO 7x25u.) ENPOLEX.","categoria":"Descartables","subcategoria":"Vasos Plasticos/Polipapel/Termicos Y Copas","precio":58561.52,"destacado":false,"descripcion":"","imagen":"assets/products/CA-000000058374.webp","tags":["bandeja","termica","con","tapa","1000cc","bulto","7x25u","enpolex"]},{"id":"CA-000000058375","nombre":"BANDEJA TERMICA CON TAPA 1000cc x25u. ENPOLEX.","categoria":"Descartables","subcategoria":"Vasos Plasticos/Polipapel/Termicos Y Copas","precio":9035.21,"destacado":false,"descripcion":"","imagen":"assets/products/CA-000000058375.webp","tags":["bandeja","termica","con","tapa","1000cc","x25u","enpolex"]},{"id":"CA-07366842787558","nombre":"COMPOTERA TERMICA 360cc (BULTO 20x25u.) ENPOLEX.","categoria":"Descartables","subcategoria":"Vasos Plasticos/Polipapel/Termicos Y Copas","precio":39732.15,"destacado":false,"descripcion":"","imagen":"assets/products/CA-07366842787558.webp","tags":["compotera","termica","360cc","bulto","20x25u","enpolex"]},{"id":"CA-073668427875","nombre":"COMPOTERA TERMICA 360cc x25u. ENPOLEX.","categoria":"Descartables","subcategoria":"Vasos Plasticos/Polipapel/Termicos Y Copas","precio":2066.07,"destacado":false,"descripcion":"","imagen":"assets/products/CA-073668427875.webp","tags":["compotera","termica","360cc","x25u","enpolex"]},{"id":"CA-000000047593","nombre":"COPA CUCURUCHO PLASTICA CRISTAL(900201)x3u.","categoria":"Descartables","subcategoria":"Vasos Plasticos/Polipapel/Termicos Y Copas","precio":3412.26,"destacado":false,"descripcion":"","imagen":"assets/products/CA-000000047593.webp","tags":["copa","cucurucho","plastica","cristal","900201","x3u"]},{"id":"CA-000000036832","nombre":"COPA TROPICAL / MARGARITA CRISTAL 025 x48u.","categoria":"Descartables","subcategoria":"Vasos Plasticos/Polipapel/Termicos Y Copas","precio":18162.45,"destacado":false,"descripcion":"","imagen":"assets/products/CA-000000036832.webp","tags":["copa","tropical","margarita","cristal","025","x48u"]},{"id":"CA-202309001242","nombre":"PLATO METALIZADO AZUL 90112  x10und","categoria":"Descartables","subcategoria":"Vasos Plasticos/Polipapel/Termicos Y Copas","precio":1265.0,"destacado":false,"descripcion":"","imagen":"assets/products/CA-202309001242.webp","tags":["plato","metalizado","azul","90112","x10und"]},{"id":"CA-202309001222","nombre":"PLATO METALIZADO DORADO 90112  x10und","categoria":"Descartables","subcategoria":"Vasos Plasticos/Polipapel/Termicos Y Copas","precio":1265.0,"destacado":false,"descripcion":"","imagen":"assets/products/CA-202309001222.webp","tags":["plato","metalizado","dorado","90112","x10und"]},{"id":"CA-020219001312","nombre":"PLATO METALIZADO FELIZ CUMPLE DORADO x10und","categoria":"Descartables","subcategoria":"Vasos Plasticos/Polipapel/Termicos Y Copas","precio":1362.31,"destacado":false,"descripcion":"","imagen":"assets/products/CA-020219001312.webp","tags":["plato","metalizado","feliz","cumple","dorado","x10und"]},{"id":"CA-020219001322","nombre":"PLATO METALIZADO FELIZ CUMPLE PLATEADO x10und","categoria":"Descartables","subcategoria":"Vasos Plasticos/Polipapel/Termicos Y Copas","precio":1265.0,"destacado":false,"descripcion":"","imagen":"assets/products/CA-020219001322.webp","tags":["plato","metalizado","feliz","cumple","plateado","x10und"]},{"id":"CA-202309001212","nombre":"PLATO METALIZADO PLATEADO 90112  x10und","categoria":"Descartables","subcategoria":"Vasos Plasticos/Polipapel/Termicos Y Copas","precio":1265.0,"destacado":false,"descripcion":"","imagen":"assets/products/CA-202309001212.webp","tags":["plato","metalizado","plateado","90112","x10und"]},{"id":"CA-690002412330","nombre":"PLATO PASTEL GLAM x10 UNIDADES U23-330","categoria":"Descartables","subcategoria":"Vasos Plasticos/Polipapel/Termicos Y Copas","precio":2154.6,"destacado":false,"descripcion":"","imagen":"assets/products/CA-690002412330.webp","tags":["plato","pastel","glam","x10","unidades","u23","330"]},{"id":"CA-079075787998","nombre":"PLATO REDONDO POLIPAPEL BLANCO 18cm x8 ROMI PACK","categoria":"Descartables","subcategoria":"Vasos Plasticos/Polipapel/Termicos Y Copas","precio":698.61,"destacado":false,"descripcion":"","imagen":"assets/products/CA-079075787998.webp","tags":["plato","redondo","polipapel","blanco","18cm","romi","pack"]},{"id":"CA-079075787984","nombre":"PLATO REDONDO POLIPAPEL CELESTE 18cm x8 ROMI PACK","categoria":"Descartables","subcategoria":"Vasos Plasticos/Polipapel/Termicos Y Copas","precio":915.61,"destacado":false,"descripcion":"","imagen":"assets/products/CA-079075787984.webp","tags":["plato","redondo","polipapel","celeste","18cm","romi","pack"]},{"id":"CA-079075788000","nombre":"PLATO REDONDO POLIPAPEL KRAFT 18cm x8 ROMI PACK","categoria":"Descartables","subcategoria":"Vasos Plasticos/Polipapel/Termicos Y Copas","precio":698.61,"destacado":false,"descripcion":"","imagen":"assets/products/CA-079075788000.webp","tags":["plato","redondo","polipapel","kraft","18cm","romi","pack"]},{"id":"CA-071460413429","nombre":"PLATO REDONDO POLIPAPEL NEGRO 18cm x8 ROMI PACK","categoria":"Descartables","subcategoria":"Vasos Plasticos/Polipapel/Termicos Y Copas","precio":915.61,"destacado":false,"descripcion":"","imagen":"assets/products/CA-071460413429.webp","tags":["plato","redondo","polipapel","negro","18cm","romi","pack"]},{"id":"CA-071460413421","nombre":"PLATO REDONDO POLIPAPEL ROJO 18cm x8 ROMI PACK","categoria":"Descartables","subcategoria":"Vasos Plasticos/Polipapel/Termicos Y Copas","precio":915.61,"destacado":false,"descripcion":"","imagen":"assets/products/CA-071460413421.webp","tags":["plato","redondo","polipapel","rojo","18cm","romi","pack"]},{"id":"CA-079075787986","nombre":"PLATO REDONDO POLIPAPEL ROSA 18cm x8 ROMI PACK","categoria":"Descartables","subcategoria":"Vasos Plasticos/Polipapel/Termicos Y Copas","precio":915.61,"destacado":false,"descripcion":"","imagen":"assets/products/CA-079075787986.webp","tags":["plato","redondo","polipapel","rosa","18cm","romi","pack"]},{"id":"CA-079075787983","nombre":"PLATO REDONDO POLIPAPEL VERDE AGUA 18cm x8 ROMI PACK","categoria":"Descartables","subcategoria":"Vasos Plasticos/Polipapel/Termicos Y Copas","precio":915.61,"destacado":false,"descripcion":"","imagen":"assets/products/CA-079075787983.webp","tags":["plato","redondo","polipapel","verde","agua","18cm","romi","pack"]},{"id":"CA-012345671181","nombre":"SERVILLETA CELESTE CON LUNARES DORADOS 90025 x20und","categoria":"Descartables","subcategoria":"Vasos Plasticos/Polipapel/Termicos Y Copas","precio":2055.63,"destacado":false,"descripcion":"","imagen":"assets/products/CA-012345671181.webp","tags":["servilleta","celeste","con","lunares","dorados","90025","x20und"]},{"id":"CA-000000054206","nombre":"TAPA DOMO PARA VASO FRAPPE 98mm PP 480cc(16oz) (BULTO 10x100und) 1013626","categoria":"Descartables","subcategoria":"Vasos Plasticos/Polipapel/Termicos Y Copas","precio":70456.5,"destacado":false,"descripcion":"* (05/12/2025)","imagen":"assets/products/CA-000000054206.webp","tags":["tapa","domo","para","vaso","frappe","98mm","480cc","16oz","bulto","10x100und","1013626"]},{"id":"CA-000000054208","nombre":"TAPA DOMO PARA VASO FRAPPE 98mm PP 480cc(16oz) x100und 9015153","categoria":"Descartables","subcategoria":"Vasos Plasticos/Polipapel/Termicos Y Copas","precio":7609.3,"destacado":false,"descripcion":"* (05/12/2025)","imagen":"assets/products/CA-000000054208.webp","tags":["tapa","domo","para","vaso","frappe","98mm","480cc","16oz","x100und","9015153"]},{"id":"CA-000000046370","nombre":"TAPA DOMO PARA VASO FRAPPE 98mm PP 480cc(16oz) x100und. 9015153","categoria":"Descartables","subcategoria":"Vasos Plasticos/Polipapel/Termicos Y Copas","precio":7609.3,"destacado":false,"descripcion":"* (05/12/2025)","imagen":"assets/products/CA-000000046370.webp","tags":["tapa","domo","para","vaso","frappe","98mm","480cc","16oz","x100und","9015153"]},{"id":"CA-000000038860","nombre":"VASO 180cc AMARILLO (BULTO 30x100) BELLA CUP","categoria":"Descartables","subcategoria":"Vasos Plasticos/Polipapel/Termicos Y Copas","precio":68250.0,"destacado":false,"descripcion":"* (18/12/2025)","imagen":"assets/products/CA-000000038860.webp","tags":["vaso","180cc","amarillo","bulto","30x100","bella","cup"]},{"id":"CA-000000038861","nombre":"VASO 180cc AMARILLO x100 BELLA CUP","categoria":"Descartables","subcategoria":"Vasos Plasticos/Polipapel/Termicos Y Copas","precio":2457.0,"destacado":false,"descripcion":"* (18/12/2025)","imagen":"assets/products/CA-000000038861.webp","tags":["vaso","180cc","amarillo","x100","bella","cup"]},{"id":"CA-000000038858","nombre":"VASO 180cc AZUL  (BULTO 30x100) BELLA CUP","categoria":"Descartables","subcategoria":"Vasos Plasticos/Polipapel/Termicos Y Copas","precio":68250.0,"destacado":false,"descripcion":"* (18/12/2025)","imagen":"assets/products/CA-000000038858.webp","tags":["vaso","180cc","azul","bulto","30x100","bella","cup"]},{"id":"CA-000000038859","nombre":"VASO 180cc AZUL x100 BELLA CUP","categoria":"Descartables","subcategoria":"Vasos Plasticos/Polipapel/Termicos Y Copas","precio":2457.0,"destacado":false,"descripcion":"* (18/12/2025)","imagen":"assets/products/CA-000000038859.webp","tags":["vaso","180cc","azul","x100","bella","cup"]},{"id":"CA-000000038862","nombre":"VASO 180cc CELESTE (BULTO 30x100) BELLA CUP","categoria":"Descartables","subcategoria":"Vasos Plasticos/Polipapel/Termicos Y Copas","precio":68250.0,"destacado":false,"descripcion":"* (18/12/2025)","imagen":"assets/products/CA-000000038862.webp","tags":["vaso","180cc","celeste","bulto","30x100","bella","cup"]},{"id":"CA-000000038863","nombre":"VASO 180cc CELESTE x100 BELLA CUP","categoria":"Descartables","subcategoria":"Vasos Plasticos/Polipapel/Termicos Y Copas","precio":2457.0,"destacado":false,"descripcion":"* (18/12/2025)","imagen":"assets/products/CA-000000038863.webp","tags":["vaso","180cc","celeste","x100","bella","cup"]},{"id":"CA-779809870656","nombre":"VASO 180cc FLEXIBLE AMARILLO PASTEL (BULTO16x15u.) 4004PPAMP","categoria":"Descartables","subcategoria":"Vasos Plasticos/Polipapel/Termicos Y Copas","precio":23777.5,"destacado":false,"descripcion":"","imagen":"assets/products/CA-779809870656.webp","tags":["vaso","180cc","flexible","amarillo","pastel","bulto16x15u","4004ppamp"]},{"id":"CA-779809870661","nombre":"VASO 180cc FLEXIBLE AMARILLO PASTEL x15","categoria":"Descartables","subcategoria":"Vasos Plasticos/Polipapel/Termicos Y Copas","precio":1604.98,"destacado":false,"descripcion":"","imagen":"assets/products/CA-779809870661.webp","tags":["vaso","180cc","flexible","amarillo","pastel","x15"]},{"id":"CA-779809870356","nombre":"VASO 180cc FLEXIBLE AZUL (BULTO 16x15u.) 4004PPA","categoria":"Descartables","subcategoria":"Vasos Plasticos/Polipapel/Termicos Y Copas","precio":23777.5,"destacado":false,"descripcion":"","imagen":"assets/products/CA-779809870356.webp","tags":["vaso","180cc","flexible","azul","bulto","16x15u","4004ppa"]},{"id":"CA-779809870381","nombre":"VASO 180cc FLEXIBLE AZUL x15","categoria":"Descartables","subcategoria":"Vasos Plasticos/Polipapel/Termicos Y Copas","precio":1604.98,"destacado":false,"descripcion":"","imagen":"assets/products/CA-779809870381.webp","tags":["vaso","180cc","flexible","azul","x15"]},{"id":"CA-779809870657","nombre":"VASO 180cc FLEXIBLE CELESTE PASTEL (BULTO 16x15u.) 4004PPCP","categoria":"Descartables","subcategoria":"Vasos Plasticos/Polipapel/Termicos Y Copas","precio":23777.5,"destacado":false,"descripcion":"","imagen":"assets/products/CA-779809870657.webp","tags":["vaso","180cc","flexible","celeste","pastel","bulto","16x15u","4004ppcp"]},{"id":"CA-779809870662","nombre":"VASO 180cc FLEXIBLE CELESTE PASTEL x15u.","categoria":"Descartables","subcategoria":"Vasos Plasticos/Polipapel/Termicos Y Copas","precio":1604.98,"destacado":false,"descripcion":"","imagen":"assets/products/CA-779809870662.webp","tags":["vaso","180cc","flexible","celeste","pastel","x15u"]},{"id":"CA-779809870405","nombre":"VASO 180cc FLEXIBLE NEGRO (BULTO 16x15u.) 4004PPN","categoria":"Descartables","subcategoria":"Vasos Plasticos/Polipapel/Termicos Y Copas","precio":23777.5,"destacado":false,"descripcion":"","imagen":"assets/products/CA-779809870405.webp","tags":["vaso","180cc","flexible","negro","bulto","16x15u","4004ppn"]},{"id":"CA-779809870406","nombre":"VASO 180cc FLEXIBLE NEGRO x15","categoria":"Descartables","subcategoria":"Vasos Plasticos/Polipapel/Termicos Y Copas","precio":1604.98,"destacado":false,"descripcion":"","imagen":"assets/products/CA-779809870406.webp","tags":["vaso","180cc","flexible","negro","x15"]},{"id":"CA-779809870438","nombre":"VASO 180cc FLEXIBLE ROJO (BULTO 16x15u.) 4004PPR","categoria":"Descartables","subcategoria":"Vasos Plasticos/Polipapel/Termicos Y Copas","precio":23777.5,"destacado":false,"descripcion":"","imagen":"assets/products/CA-779809870438.webp","tags":["vaso","180cc","flexible","rojo","bulto","16x15u","4004ppr"]},{"id":"CA-779809870439","nombre":"VASO 180cc FLEXIBLE ROJO x15","categoria":"Descartables","subcategoria":"Vasos Plasticos/Polipapel/Termicos Y Copas","precio":1604.98,"destacado":false,"descripcion":"","imagen":"assets/products/CA-779809870439.webp","tags":["vaso","180cc","flexible","rojo","x15"]},{"id":"CA-779809870359","nombre":"VASO 180cc FLEXIBLE ROSA FLUO (BULTO 16x15u.) 4004PPMG","categoria":"Descartables","subcategoria":"Vasos Plasticos/Polipapel/Termicos Y Copas","precio":23777.5,"destacado":false,"descripcion":"","imagen":"assets/products/CA-779809870359.webp","tags":["vaso","180cc","flexible","rosa","fluo","bulto","16x15u","4004ppmg"]},{"id":"CA-779809870384","nombre":"VASO 180cc FLEXIBLE ROSA FLUO x15","categoria":"Descartables","subcategoria":"Vasos Plasticos/Polipapel/Termicos Y Copas","precio":1604.98,"destacado":false,"descripcion":"","imagen":"assets/products/CA-779809870384.webp","tags":["vaso","180cc","flexible","rosa","fluo","x15"]},{"id":"CA-779809870659","nombre":"VASO 180cc FLEXIBLE ROSA PASTEL (BULTO 16x15u.) 4004PPRSP","categoria":"Descartables","subcategoria":"Vasos Plasticos/Polipapel/Termicos Y Copas","precio":23777.5,"destacado":false,"descripcion":"","imagen":"assets/products/CA-779809870659.webp","tags":["vaso","180cc","flexible","rosa","pastel","bulto","16x15u","4004pprsp"]},{"id":"CA-779809870664","nombre":"VASO 180cc FLEXIBLE ROSA PASTEL x15u.","categoria":"Descartables","subcategoria":"Vasos Plasticos/Polipapel/Termicos Y Copas","precio":1604.98,"destacado":false,"descripcion":"","imagen":"assets/products/CA-779809870664.webp","tags":["vaso","180cc","flexible","rosa","pastel","x15u"]},{"id":"CA-779809870660","nombre":"VASO 180cc FLEXIBLE VERDE PASTEL (BULTO 16x15u.)","categoria":"Descartables","subcategoria":"Vasos Plasticos/Polipapel/Termicos Y Copas","precio":23777.5,"destacado":false,"descripcion":"","imagen":"assets/products/CA-779809870660.webp","tags":["vaso","180cc","flexible","verde","pastel","bulto","16x15u"]},{"id":"CA-779809870665","nombre":"VASO 180cc FLEXIBLE VERDE PASTEL x15u.","categoria":"Descartables","subcategoria":"Vasos Plasticos/Polipapel/Termicos Y Copas","precio":1604.98,"destacado":false,"descripcion":"","imagen":"assets/products/CA-779809870665.webp","tags":["vaso","180cc","flexible","verde","pastel","x15u"]},{"id":"CA-000000043791","nombre":"VASO 180cc FUCSIA (BULTO 35x100) S.A & P","categoria":"Descartables","subcategoria":"Vasos Plasticos/Polipapel/Termicos Y Copas","precio":105050.89,"destacado":false,"descripcion":"* (12/12/2025)","imagen":"assets/products/CA-000000043791.webp","tags":["vaso","180cc","fucsia","bulto","35x100"]},{"id":"CA-870411002074","nombre":"VASO 180cc FUCSIA x 100 S.A","categoria":"Descartables","subcategoria":"Vasos Plasticos/Polipapel/Termicos Y Copas","precio":3241.57,"destacado":false,"descripcion":"* (12/12/2025)","imagen":"assets/products/CA-870411002074.webp","tags":["vaso","180cc","fucsia","100"]},{"id":"CA-000000057677","nombre":"VASO 180cc NARANJA (BULTO 30x100) BELLA CUP","categoria":"Descartables","subcategoria":"Vasos Plasticos/Polipapel/Termicos Y Copas","precio":68250.0,"destacado":false,"descripcion":"* (18/12/2025)","imagen":"assets/products/CA-000000057677.webp","tags":["vaso","180cc","naranja","bulto","30x100","bella","cup"]}]}