{"category_slug":"descartables","subcategory_slug":"vasos_plasticos_polipapel_termicos_y_copas","page":2,"page_size":48,"total":188,"items":[{"id":"CA-000000018631","nombre":"VASO 180cc NARANJA (BULTO 35x100) S.A & P","categoria":"Descartables","subcategoria":"Vasos Plasticos/Polipapel/Termicos Y Copas","precio":105050.89,"destacado":false,"descripcion":"* (12/12/2025)","imagen":"assets/products/CA-000000018631.webp","tags":["vaso","180cc","naranja","bulto","35x100"]},{"id":"CA-000000057678","nombre":"VASO 180cc NARANJA x100 BELLA CUP","categoria":"Descartables","subcategoria":"Vasos Plasticos/Polipapel/Termicos Y Copas","precio":2457.0,"destacado":false,"descripcion":"* (18/12/2025)","imagen":"assets/products/CA-000000057678.webp","tags":["vaso","180cc","naranja","x100","bella","cup"]},{"id":"CA-000000043793","nombre":"VASO 180cc NARANJA x100 S.A","categoria":"Descartables","subcategoria":"Vasos Plasticos/Polipapel/Termicos Y Copas","precio":3241.57,"destacado":false,"descripcion":"* (12/12/2025)","imagen":"assets/products/CA-000000043793.webp","tags":["vaso","180cc","naranja","x100"]},{"id":"CA-000000042913","nombre":"VASO 180cc NEGRO  (BULTO 35x100) S.A & P","categoria":"Descartables","subcategoria":"Vasos Plasticos/Polipapel/Termicos Y Copas","precio":105050.89,"destacado":false,"descripcion":"* (12/12/2025)","imagen":"assets/products/CA-000000042913.webp","tags":["vaso","180cc","negro","bulto","35x100"]},{"id":"CA-000000057357","nombre":"VASO 180cc NEGRO (BULTO 30x100) BELLA CUP","categoria":"Descartables","subcategoria":"Vasos Plasticos/Polipapel/Termicos Y Copas","precio":68250.0,"destacado":false,"descripcion":"* (18/12/2025)","imagen":"assets/products/CA-000000057357.webp","tags":["vaso","180cc","negro","bulto","30x100","bella","cup"]},{"id":"CA-000000057359","nombre":"VASO 180cc NEGRO x100 BELLA CUP","categoria":"Descartables","subcategoria":"Vasos Plasticos/Polipapel/Termicos Y Copas","precio":2457.0,"destacado":false,"descripcion":"* (18/12/2025)","imagen":"assets/products/CA-000000057359.webp","tags":["vaso","180cc","negro","x100","bella","cup"]},{"id":"CA-000000028806","nombre":"VASO 180cc NEGRO x100 S A","categoria":"Descartables","subcategoria":"Vasos Plasticos/Polipapel/Termicos Y Copas","precio":3241.57,"destacado":false,"descripcion":"* (12/12/2025)","imagen":"assets/products/CA-000000028806.webp","tags":["vaso","180cc","negro","x100"]},{"id":"CA-000000038866","nombre":"VASO 180cc ROJO (BULTO 30x100) BELLA CUP","categoria":"Descartables","subcategoria":"Vasos Plasticos/Polipapel/Termicos Y Copas","precio":68250.0,"destacado":false,"descripcion":"* (18/12/2025)","imagen":"assets/products/CA-000000038866.webp","tags":["vaso","180cc","rojo","bulto","30x100","bella","cup"]},{"id":"CA-000000038867","nombre":"VASO 180cc ROJO x100 BELLA CUP","categoria":"Descartables","subcategoria":"Vasos Plasticos/Polipapel/Termicos Y Copas","precio":2457.0,"destacado":false,"descripcion":"* (18/12/2025)","imagen":"assets/products/CA-000000038867.webp","tags":["vaso","180cc","rojo","x100","bella","cup"]},{"id":"CA-000000038864","nombre":"VASO 180cc ROSA  (BULTO 30x100) BELLA CUP","categoria":"Descartables","subcategoria":"Vasos Plasticos/Polipapel/Termicos Y Copas","precio":68250.0,"destacado":false,"descripcion":"* (18/12/2025)","imagen":"assets/products/CA-000000038864.webp","tags":["vaso","180cc","rosa","bulto","30x100","bella","cup"]},{"id":"CA-000000038865","nombre":"VASO 180cc ROSA x100 BELLA CUP","categoria":"Descartables","subcategoria":"Vasos Plasticos/Polipapel/Termicos Y Copas","precio":2457.0,"destacado":false,"descripcion":"* (18/12/2025)","imagen":"assets/products/CA-000000038865.webp","tags":["vaso","180cc","rosa","x100","bella","cup"]},{"id":"CA-000000018636","nombre":"VASO 180cc VERDE  (BULTO 35x100) S.A & P","categoria":"Descartables","subcategoria":"Vasos Plasticos/Polipapel/Termicos Y Copas","precio":105050.89,"destacado":false,"descripcion":"* (12/12/2025)","imagen":"assets/products/CA-000000018636.webp","tags":["vaso","180cc","verde","bulto","35x100"]},{"id":"CA-870411002098","nombre":"VASO 180cc VERDE  x100 S.A","categoria":"Descartables","subcategoria":"Vasos Plasticos/Polipapel/Termicos Y Copas","precio":3241.57,"destacado":false,"descripcion":"* (12/12/2025)","imagen":"assets/products/CA-870411002098.webp","tags":["vaso","180cc","verde","x100"]},{"id":"CA-000000038868","nombre":"VASO 180cc VERDE MANZANA (BULTO 30x100) BELLA CUP","categoria":"Descartables","subcategoria":"Vasos Plasticos/Polipapel/Termicos Y Copas","precio":68250.0,"destacado":false,"descripcion":"* (18/12/2025)","imagen":"assets/products/CA-000000038868.webp","tags":["vaso","180cc","verde","manzana","bulto","30x100","bella","cup"]},{"id":"CA-000000038869","nombre":"VASO 180cc VERDE MANZANA x100 BELLA CUP","categoria":"Descartables","subcategoria":"Vasos Plasticos/Polipapel/Termicos Y Copas","precio":2457.0,"destacado":false,"descripcion":"* (18/12/2025)","imagen":"assets/products/CA-000000038869.webp","tags":["vaso","180cc","verde","manzana","x100","bella","cup"]},{"id":"CA-000000057476","nombre":"VASO 180cc VIOLETA (BULTO 30x100) BELLA CUP","categoria":"Descartables","subcategoria":"Vasos Plasticos/Polipapel/Termicos Y Copas","precio":68250.0,"destacado":false,"descripcion":"* (18/12/2025)","imagen":"assets/products/CA-000000057476.webp","tags":["vaso","180cc","violeta","bulto","30x100","bella","cup"]},{"id":"CA-000000046584","nombre":"VASO 180cc VIOLETA (BULTO 35x100) S.A & P","categoria":"Descartables","subcategoria":"Vasos Plasticos/Polipapel/Termicos Y Copas","precio":105050.89,"destacado":false,"descripcion":"* (12/12/2025)","imagen":"assets/products/CA-000000046584.webp","tags":["vaso","180cc","violeta","bulto","35x100"]},{"id":"CA-000000046585","nombre":"VASO 180cc VIOLETA x100","categoria":"Descartables","subcategoria":"Vasos Plasticos/Polipapel/Termicos Y Copas","precio":3241.57,"destacado":false,"descripcion":"* (12/12/2025)","imagen":"assets/products/CA-000000046585.webp","tags":["vaso","180cc","violeta","x100"]},{"id":"CA-000000057477","nombre":"VASO 180cc VIOLETA x100 BELLA CUP","categoria":"Descartables","subcategoria":"Vasos Plasticos/Polipapel/Termicos Y Copas","precio":2457.0,"destacado":false,"descripcion":"* (18/12/2025)","imagen":"assets/products/CA-000000057477.webp","tags":["vaso","180cc","violeta","x100","bella","cup"]},{"id":"CA-779809870724","nombre":"VASO 500cc FLEXIBLE BLANCO (BULTO 6x10u.)","categoria":"Descartables","subcategoria":"Vasos Plasticos/Polipapel/Termicos Y Copas","precio":15000.0,"destacado":false,"descripcion":"","imagen":"assets/products/CA-779809870724.webp","tags":["vaso","500cc","flexible","blanco","bulto","6x10u"]},{"id":"CA-779809870723","nombre":"VASO 500cc FLEXIBLE BLANCO x10u.","categoria":"Descartables","subcategoria":"Vasos Plasticos/Polipapel/Termicos Y Copas","precio":2700.0,"destacado":false,"descripcion":"","imagen":"assets/products/CA-779809870723.webp","tags":["vaso","500cc","flexible","blanco","x10u"]},{"id":"CA-779809870726","nombre":"VASO 500cc FLEXIBLE NEGRO (BULTO 6x10u.)","categoria":"Descartables","subcategoria":"Vasos Plasticos/Polipapel/Termicos Y Copas","precio":15000.0,"destacado":false,"descripcion":"","imagen":"assets/products/CA-779809870726.webp","tags":["vaso","500cc","flexible","negro","bulto","6x10u"]},{"id":"CA-779809870725","nombre":"VASO 500cc FLEXIBLE NEGRO x10u.","categoria":"Descartables","subcategoria":"Vasos Plasticos/Polipapel/Termicos Y Copas","precio":2700.0,"destacado":false,"descripcion":"","imagen":"assets/products/CA-779809870725.webp","tags":["vaso","500cc","flexible","negro","x10u"]},{"id":"CA-779809870720","nombre":"VASO 500cc FLEXIBLE TRASLUCIDO (BULTO 6x10u.)","categoria":"Descartables","subcategoria":"Vasos Plasticos/Polipapel/Termicos Y Copas","precio":15000.0,"destacado":false,"descripcion":"","imagen":"assets/products/CA-779809870720.webp","tags":["vaso","500cc","flexible","traslucido","bulto","6x10u"]},{"id":"CA-779809870719","nombre":"VASO 500cc FLEXIBLE TRASLUCIDO x10u.","categoria":"Descartables","subcategoria":"Vasos Plasticos/Polipapel/Termicos Y Copas","precio":2700.0,"destacado":false,"descripcion":"","imagen":"assets/products/CA-779809870719.webp","tags":["vaso","500cc","flexible","traslucido","x10u"]},{"id":"CA-000000040901","nombre":"VASO AMERICAN PLAST 1000cc (BULTO 12 x50)","categoria":"Descartables","subcategoria":"Vasos Plasticos/Polipapel/Termicos Y Copas","precio":75797.48,"destacado":false,"descripcion":"* (05/12/2025)","imagen":"assets/products/CA-000000040901.webp","tags":["vaso","american","plast","1000cc","bulto","x50"]},{"id":"CA-000000024765","nombre":"VASO AMERICAN PLAST 1000cc x50","categoria":"Descartables","subcategoria":"Vasos Plasticos/Polipapel/Termicos Y Copas","precio":6569.11,"destacado":false,"descripcion":"* (05/12/2025)","imagen":"assets/products/CA-000000024765.webp","tags":["vaso","american","plast","1000cc","x50"]},{"id":"CA-000000005525","nombre":"VASO AMERICANO LISO AZUL BELLA CUP 590cc (BULTO 24x50)","categoria":"Descartables","subcategoria":"Vasos Plasticos/Polipapel/Termicos Y Copas","precio":117000.0,"destacado":false,"descripcion":"* (18/12/2025)","imagen":"assets/products/CA-000000005525.webp","tags":["vaso","americano","liso","azul","bella","cup","590cc","bulto","24x50"]},{"id":"CA-000000055255","nombre":"VASO AMERICANO LISO AZUL BELLA CUP 590cc x50","categoria":"Descartables","subcategoria":"Vasos Plasticos/Polipapel/Termicos Y Copas","precio":5265.0,"destacado":false,"descripcion":"* (18/12/2025)","imagen":"assets/products/CA-000000055255.webp","tags":["vaso","americano","liso","azul","bella","cup","590cc","x50"]},{"id":"CA-000000058486","nombre":"VASO AMERICANO LISO DORADO BELLA CUP 590cc (BULTO 24x50)","categoria":"Descartables","subcategoria":"Vasos Plasticos/Polipapel/Termicos Y Copas","precio":117000.0,"destacado":false,"descripcion":"* (18/12/2025)","imagen":"assets/products/CA-000000058486.webp","tags":["vaso","americano","liso","dorado","bella","cup","590cc","bulto","24x50"]},{"id":"CA-000000058487","nombre":"VASO AMERICANO LISO DORADO BELLA CUP 590cc x50","categoria":"Descartables","subcategoria":"Vasos Plasticos/Polipapel/Termicos Y Copas","precio":5265.0,"destacado":false,"descripcion":"* (18/12/2025)","imagen":"assets/products/CA-000000058487.webp","tags":["vaso","americano","liso","dorado","bella","cup","590cc","x50"]},{"id":"CA-000000058594","nombre":"VASO AMERICANO LISO NEGRO BELLA CUP 590cc (BULTO 24x50)","categoria":"Descartables","subcategoria":"Vasos Plasticos/Polipapel/Termicos Y Copas","precio":117000.0,"destacado":false,"descripcion":"NUEVO 18/12/2025","imagen":"assets/products/CA-000000058594.webp","tags":["vaso","americano","liso","negro","bella","cup","590cc","bulto","24x50"]},{"id":"CA-000000058595","nombre":"VASO AMERICANO LISO NEGRO BELLA CUP 590cc x50","categoria":"Descartables","subcategoria":"Vasos Plasticos/Polipapel/Termicos Y Copas","precio":5265.0,"destacado":false,"descripcion":"NUEVO 18/12/2025","imagen":"assets/products/CA-000000058595.webp","tags":["vaso","americano","liso","negro","bella","cup","590cc","x50"]},{"id":"CA-000000055252","nombre":"VASO AMERICANO LISO ROJO BELLA CUP 590cc (BULTO 24x50)","categoria":"Descartables","subcategoria":"Vasos Plasticos/Polipapel/Termicos Y Copas","precio":117000.0,"destacado":false,"descripcion":"* (18/12/2025)","imagen":"assets/products/CA-000000055252.webp","tags":["vaso","americano","liso","rojo","bella","cup","590cc","bulto","24x50"]},{"id":"CA-000000055253","nombre":"VASO AMERICANO LISO ROJO BELLA CUP 590cc x50","categoria":"Descartables","subcategoria":"Vasos Plasticos/Polipapel/Termicos Y Copas","precio":5265.0,"destacado":false,"descripcion":"* (18/12/2025)","imagen":"assets/products/CA-000000055253.webp","tags":["vaso","americano","liso","rojo","bella","cup","590cc","x50"]},{"id":"CA-000000041634","nombre":"VASO AMERICANO ROJO BELLA CUP 500cc (BULTO 24x60)","categoria":"Descartables","subcategoria":"Vasos Plasticos/Polipapel/Termicos Y Copas","precio":100980.0,"destacado":false,"descripcion":"","imagen":"assets/products/CA-000000041634.webp","tags":["vaso","americano","rojo","bella","cup","500cc","bulto","24x60"]},{"id":"CA-000000041635","nombre":"VASO AMERICANO ROJO BELLA CUP 500cc x60","categoria":"Descartables","subcategoria":"Vasos Plasticos/Polipapel/Termicos Y Copas","precio":4544.1,"destacado":false,"descripcion":"","imagen":"assets/products/CA-000000041635.webp","tags":["vaso","americano","rojo","bella","cup","500cc","x60"]},{"id":"CA-779812557518","nombre":"VASO ARGENTINA 500 cc x1","categoria":"Descartables","subcategoria":"Vasos Plasticos/Polipapel/Termicos Y Copas","precio":722.76,"destacado":false,"descripcion":"","imagen":"assets/products/CA-779812557518.webp","tags":["vaso","argentina","500"]},{"id":"CA-000000058598","nombre":"VASO BELLA CUP 1000cc (BULTO 20x25) TRASLUCIDO","categoria":"Descartables","subcategoria":"Vasos Plasticos/Polipapel/Termicos Y Copas","precio":46112.5,"destacado":false,"descripcion":"NUEVO 18/12/2025","imagen":"assets/products/CA-000000058598.webp","tags":["vaso","bella","cup","1000cc","bulto","20x25","traslucido"]},{"id":"CA-000000057294","nombre":"VASO BELLA CUP 1000cc (BULTO 30x25) TRASLUCIDO","categoria":"Descartables","subcategoria":"Vasos Plasticos/Polipapel/Termicos Y Copas","precio":69168.75,"destacado":false,"descripcion":"* (18/12/2025)","imagen":"assets/products/CA-000000057294.webp","tags":["vaso","bella","cup","1000cc","bulto","30x25","traslucido"]},{"id":"CA-000000057295","nombre":"VASO BELLA CUP 1000cc x25u.TRASLUCIDO","categoria":"Descartables","subcategoria":"Vasos Plasticos/Polipapel/Termicos Y Copas","precio":2397.85,"destacado":false,"descripcion":"* (18/12/2025)","imagen":"assets/products/CA-000000057295.webp","tags":["vaso","bella","cup","1000cc","x25u","traslucido"]},{"id":"CA-779808919007","nombre":"VASO BELLA CUP 180cc  (BULTO 30x100)","categoria":"Descartables","subcategoria":"Vasos Plasticos/Polipapel/Termicos Y Copas","precio":50662.5,"destacado":false,"descripcion":"* (18/12/2025)","imagen":"assets/products/CA-779808919007.webp","tags":["vaso","bella","cup","180cc","bulto","30x100"]},{"id":"CA-779808919016","nombre":"VASO BELLA CUP 180cc  x100","categoria":"Descartables","subcategoria":"Vasos Plasticos/Polipapel/Termicos Y Copas","precio":1769.81,"destacado":false,"descripcion":"* (18/12/2025)","imagen":"assets/products/CA-779808919016.webp","tags":["vaso","bella","cup","180cc","x100"]},{"id":"CA-000000054742","nombre":"VASO BELLA CUP 180cc TRASLUCIDO  (BULTO 30x100)","categoria":"Descartables","subcategoria":"Vasos Plasticos/Polipapel/Termicos Y Copas","precio":50662.5,"destacado":false,"descripcion":"* (18/12/2025)","imagen":"assets/products/CA-000000054742.webp","tags":["vaso","bella","cup","180cc","traslucido","bulto","30x100"]},{"id":"CA-000000054743","nombre":"VASO BELLA CUP 180cc TRASLUCIDO  x100","categoria":"Descartables","subcategoria":"Vasos Plasticos/Polipapel/Termicos Y Copas","precio":1769.81,"destacado":false,"descripcion":"* (18/12/2025)","imagen":"assets/products/CA-000000054743.webp","tags":["vaso","bella","cup","180cc","traslucido","x100"]},{"id":"CA-779808919010","nombre":"VASO BELLA CUP 220cc (BULTO 30x100)","categoria":"Descartables","subcategoria":"Vasos Plasticos/Polipapel/Termicos Y Copas","precio":62737.5,"destacado":false,"descripcion":"* (18/12/2025)","imagen":"assets/products/CA-779808919010.webp","tags":["vaso","bella","cup","220cc","bulto","30x100"]},{"id":"CA-779808919019","nombre":"VASO BELLA CUP 220cc x100","categoria":"Descartables","subcategoria":"Vasos Plasticos/Polipapel/Termicos Y Copas","precio":2191.63,"destacado":false,"descripcion":"* (18/12/2025)","imagen":"assets/products/CA-779808919019.webp","tags":["vaso","bella","cup","220cc","x100"]},{"id":"CA-779808919006","nombre":"VASO BELLA CUP 330cc  (BULTO 25x100)","categoria":"Descartables","subcategoria":"Vasos Plasticos/Polipapel/Termicos Y Copas","precio":66718.75,"destacado":false,"descripcion":"* (18/12/2025)","imagen":"assets/products/CA-779808919006.webp","tags":["vaso","bella","cup","330cc","bulto","25x100"]}]}