{"category_slug":"cotillon","subcategory_slug":"accesorios_para_globos","page":1,"page_size":48,"total":78,"items":[{"id":"CA-779908804884","nombre":"ABRILLANTADOR AEROSOL GLOBBY SHINE PARA GLOBOS x1 GLSHINE  PS","categoria":"Cotillon","subcategoria":"Accesorios Para Globos","precio":3308.55,"destacado":false,"descripcion":"","imagen":"assets/products/CA-779908804884.webp","tags":["abrillantador","aerosol","globby","shine","para","globos","glshine"]},{"id":"CA-679749900066","nombre":"ARCO DE MESA PARA GLOBO x1 DA0066","categoria":"Cotillon","subcategoria":"Accesorios Para Globos","precio":8284.38,"destacado":false,"descripcion":"","imagen":"assets/products/CA-679749900066.webp","tags":["arco","mesa","para","globo","da0066"]},{"id":"CA-690202505240","nombre":"BASE EXHIBIDORA PARA 13 GLOBOS x1 DIS05-24","categoria":"Cotillon","subcategoria":"Accesorios Para Globos","precio":6300.0,"destacado":false,"descripcion":"","imagen":"assets/products/CA-690202505240.webp","tags":["base","exhibidora","para","globos","dis05"]},{"id":"CA-690202507066","nombre":"BASE EXHIBIDORA PARA 19 GLOBOS x1 DIS132-06","categoria":"Cotillon","subcategoria":"Accesorios Para Globos","precio":7700.0,"destacado":false,"descripcion":"","imagen":"assets/products/CA-690202507066.webp","tags":["base","exhibidora","para","globos","dis132"]},{"id":"CA-679749900068","nombre":"BASE EXHIBIDORA PARA GLOBO ARTICULADO (19 PIEZAS) x1 DA0068","categoria":"Cotillon","subcategoria":"Accesorios Para Globos","precio":2826.63,"destacado":false,"descripcion":"","imagen":"assets/products/CA-679749900068.webp","tags":["base","exhibidora","para","globo","articulado","piezas","da0068"]},{"id":"CA-692412180202","nombre":"BASE EXHIBIDORA PARA GLOBO CON LUZ  x1 DIS02-02","categoria":"Cotillon","subcategoria":"Accesorios Para Globos","precio":4480.0,"destacado":false,"descripcion":"","imagen":"assets/products/CA-692412180202.webp","tags":["base","exhibidora","para","globo","con","luz","dis02"]},{"id":"CA-779819415258","nombre":"BASE EXHIBIDORA PARA GLOBO CON PALITOS x1 52584","categoria":"Cotillon","subcategoria":"Accesorios Para Globos","precio":1240.2,"destacado":false,"descripcion":"","imagen":"assets/products/CA-779819415258.webp","tags":["base","exhibidora","para","globo","con","palitos","52584"]},{"id":"CA-609819417196","nombre":"BASE EXHIBIDORA PARA GLOBO CON PALITOS Y LUZ LED x1 71969","categoria":"Cotillon","subcategoria":"Accesorios Para Globos","precio":4307.38,"destacado":false,"descripcion":"","imagen":"assets/products/CA-609819417196.webp","tags":["base","exhibidora","para","globo","con","palitos","luz","led","71969"]},{"id":"CA-679749910232","nombre":"BASE EXHIBIDORA PARA GLOBO MULTICOLOR x1 DA232-02","categoria":"Cotillon","subcategoria":"Accesorios Para Globos","precio":3205.26,"destacado":false,"descripcion":"","imagen":"assets/products/CA-679749910232.webp","tags":["base","exhibidora","para","globo","multicolor","da232"]},{"id":"CA-690202516388","nombre":"BASE EXHIBIDORA PARA GLOBO TUBO EXTENSIBLE 2 MTS  x1 DIS07-38","categoria":"Cotillon","subcategoria":"Accesorios Para Globos","precio":2940.0,"destacado":false,"descripcion":"","imagen":"assets/products/CA-690202516388.webp","tags":["base","exhibidora","para","globo","tubo","extensible","mts","dis07"]},{"id":"CA-000000054283","nombre":"BASE EXHIBIDORA PREMIUM PARA 19 GLOBOS x1 52584B","categoria":"Cotillon","subcategoria":"Accesorios Para Globos","precio":5133.35,"destacado":false,"descripcion":"","imagen":"assets/products/CA-000000054283.webp","tags":["base","exhibidora","premium","para","globos","52584b"]},{"id":"CA-691258960940","nombre":"CALIBRADOR DE GLOBOS x1 GY-940","categoria":"Cotillon","subcategoria":"Accesorios Para Globos","precio":2762.32,"destacado":false,"descripcion":"","imagen":"assets/products/CA-691258960940.webp","tags":["calibrador","globos","940"]},{"id":"CA-000000055469","nombre":"CINTA DE ACETATO PARA ARCO ORGANICO DE GLOBOS 5mt x50u","categoria":"Cotillon","subcategoria":"Accesorios Para Globos","precio":19500.0,"destacado":false,"descripcion":"* (20/12/2025)","imagen":"assets/products/CA-000000055469.webp","tags":["cinta","acetato","para","arco","organico","globos","5mt","x50u"]},{"id":"CA-000000057172","nombre":"CINTA DE ACETATO PARA ARCO ORGANICO DE GLOBOS x5mt x20u 22010-B1530","categoria":"Cotillon","subcategoria":"Accesorios Para Globos","precio":7836.43,"destacado":false,"descripcion":"","imagen":"assets/products/CA-000000057172.webp","tags":["cinta","acetato","para","arco","organico","globos","x5mt","x20u","22010","b1530"]},{"id":"CA-779819415199","nombre":"CINTA HOLOGRAFICA AZUL x225mts (APROX)51990","categoria":"Cotillon","subcategoria":"Accesorios Para Globos","precio":2438.09,"destacado":false,"descripcion":"","imagen":"assets/products/CA-779819415199.webp","tags":["cinta","holografica","azul","x225mts","aprox","51990"]},{"id":"CA-779819415196","nombre":"CINTA HOLOGRAFICA DORADA x225mts (APROX)51969","categoria":"Cotillon","subcategoria":"Accesorios Para Globos","precio":2438.09,"destacado":false,"descripcion":"","imagen":"assets/products/CA-779819415196.webp","tags":["cinta","holografica","dorada","x225mts","aprox","51969"]},{"id":"CA-779819415198","nombre":"CINTA HOLOGRAFICA FUCSIA x225mts (APROX)51983","categoria":"Cotillon","subcategoria":"Accesorios Para Globos","precio":2438.09,"destacado":false,"descripcion":"","imagen":"assets/products/CA-779819415198.webp","tags":["cinta","holografica","fucsia","x225mts","aprox","51983"]},{"id":"CA-779819415197","nombre":"CINTA HOLOGRAFICA PLATA x225mts (APROX)51976","categoria":"Cotillon","subcategoria":"Accesorios Para Globos","precio":2438.09,"destacado":false,"descripcion":"","imagen":"assets/products/CA-779819415197.webp","tags":["cinta","holografica","plata","x225mts","aprox","51976"]},{"id":"CA-779819415546","nombre":"CINTA HOLOGRAFICA ROJA x225mts (APROX)55462","categoria":"Cotillon","subcategoria":"Accesorios Para Globos","precio":2438.09,"destacado":false,"descripcion":"","imagen":"assets/products/CA-779819415546.webp","tags":["cinta","holografica","roja","x225mts","aprox","55462"]},{"id":"CA-779819415547","nombre":"CINTA HOLOGRAFICA ROSA GOLD x225mts (APROX)55479","categoria":"Cotillon","subcategoria":"Accesorios Para Globos","precio":2438.09,"destacado":false,"descripcion":"","imagen":"assets/products/CA-779819415547.webp","tags":["cinta","holografica","rosa","gold","x225mts","aprox","55479"]},{"id":"CA-000000058507","nombre":"CINTA HOLOGRAFICA VARIOS COLORES x200mts aprox x1","categoria":"Cotillon","subcategoria":"Accesorios Para Globos","precio":3082.95,"destacado":false,"descripcion":"","imagen":"assets/products/CA-000000058507.webp","tags":["cinta","holografica","varios","colores","x200mts","aprox"]},{"id":"CA-779819415545","nombre":"CINTA HOLOGRAFICA VERDE x225mts (APROX)55455","categoria":"Cotillon","subcategoria":"Accesorios Para Globos","precio":2438.09,"destacado":false,"descripcion":"","imagen":"assets/products/CA-779819415545.webp","tags":["cinta","holografica","verde","x225mts","aprox","55455"]},{"id":"CA-202310061151","nombre":"CINTA PUNTOS ADHESIVOS BIFAZ PARA GLOBOS x25 uni.  Y248-PU1151","categoria":"Cotillon","subcategoria":"Accesorios Para Globos","precio":6903.0,"destacado":false,"descripcion":"","imagen":"assets/products/CA-202310061151.webp","tags":["cinta","puntos","adhesivos","bifaz","para","globos","x25","uni","y248","pu1151"]},{"id":"CA-803410700429","nombre":"CONFETTI HOLOGRAFICO MINI VARIOS COLORES (10gs) x20 561","categoria":"Cotillon","subcategoria":"Accesorios Para Globos","precio":6804.0,"destacado":false,"descripcion":"","imagen":"assets/products/CA-803410700429.webp","tags":["confetti","holografico","mini","varios","colores","10gs","x20","561"]},{"id":"CA-779814797212","nombre":"CONFETTI METAL CORAZON ROJO x50gs BOL-CO","categoria":"Cotillon","subcategoria":"Accesorios Para Globos","precio":1774.15,"destacado":false,"descripcion":"","imagen":"assets/products/CA-779814797212.webp","tags":["confetti","metal","corazon","rojo","x50gs","bol"]},{"id":"CA-609819417243","nombre":"CONFETTI METAL ESTRELLA DORADA (20gs)  x2  72430","categoria":"Cotillon","subcategoria":"Accesorios Para Globos","precio":1605.38,"destacado":false,"descripcion":"","imagen":"assets/products/CA-609819417243.webp","tags":["confetti","metal","estrella","dorada","20gs","72430"]},{"id":"CA-609819417241","nombre":"CONFETTI METAL ESTRELLA NEGRA (20gs)  x2  72416","categoria":"Cotillon","subcategoria":"Accesorios Para Globos","precio":1605.38,"destacado":false,"descripcion":"","imagen":"assets/products/CA-609819417241.webp","tags":["confetti","metal","estrella","negra","20gs","72416"]},{"id":"CA-609819417233","nombre":"CONFETTI METAL REDONDO CELESTE (20gs)  x2  72331","categoria":"Cotillon","subcategoria":"Accesorios Para Globos","precio":1605.38,"destacado":false,"descripcion":"","imagen":"assets/products/CA-609819417233.webp","tags":["confetti","metal","redondo","celeste","20gs","72331"]},{"id":"CA-609819417230","nombre":"CONFETTI METAL REDONDO DORADO (20gs)  x2  72300","categoria":"Cotillon","subcategoria":"Accesorios Para Globos","precio":1605.38,"destacado":false,"descripcion":"","imagen":"assets/products/CA-609819417230.webp","tags":["confetti","metal","redondo","dorado","20gs","72300"]},{"id":"CA-609819417237","nombre":"CONFETTI METAL REDONDO MULTICOLOR (20gs)  x2  72379","categoria":"Cotillon","subcategoria":"Accesorios Para Globos","precio":1605.38,"destacado":false,"descripcion":"","imagen":"assets/products/CA-609819417237.webp","tags":["confetti","metal","redondo","multicolor","20gs","72379"]},{"id":"CA-609819417231","nombre":"CONFETTI METAL REDONDO PLATA (20gs)  x2  72317","categoria":"Cotillon","subcategoria":"Accesorios Para Globos","precio":1605.38,"destacado":false,"descripcion":"","imagen":"assets/products/CA-609819417231.webp","tags":["confetti","metal","redondo","plata","20gs","72317"]},{"id":"CA-609819417234","nombre":"CONFETTI METAL REDONDO ROJO (20gs)  x2  72348","categoria":"Cotillon","subcategoria":"Accesorios Para Globos","precio":1605.38,"destacado":false,"descripcion":"","imagen":"assets/products/CA-609819417234.webp","tags":["confetti","metal","redondo","rojo","20gs","72348"]},{"id":"CA-609819417236","nombre":"CONFETTI METAL REDONDO ROSA  (20gs)  x2  72362","categoria":"Cotillon","subcategoria":"Accesorios Para Globos","precio":1605.38,"destacado":false,"descripcion":"","imagen":"assets/products/CA-609819417236.webp","tags":["confetti","metal","redondo","rosa","20gs","72362"]},{"id":"CA-609819417232","nombre":"CONFETTI METAL REDONDO ROSA GOLD (20gs)  x2  72324","categoria":"Cotillon","subcategoria":"Accesorios Para Globos","precio":1605.38,"destacado":false,"descripcion":"","imagen":"assets/products/CA-609819417232.webp","tags":["confetti","metal","redondo","rosa","gold","20gs","72324"]},{"id":"CA-609819417235","nombre":"CONFETTI METAL REDONDO VERDE (20gs)  x2  72355","categoria":"Cotillon","subcategoria":"Accesorios Para Globos","precio":1605.38,"destacado":false,"descripcion":"","imagen":"assets/products/CA-609819417235.webp","tags":["confetti","metal","redondo","verde","20gs","72355"]},{"id":"CA-803410700428","nombre":"CONFETTI METALIZADOS VARIOS COLORES (10gs) x20 560","categoria":"Cotillon","subcategoria":"Accesorios Para Globos","precio":6804.0,"destacado":false,"descripcion":"","imagen":"assets/products/CA-803410700428.webp","tags":["confetti","metalizados","varios","colores","10gs","x20","560"]},{"id":"CA-000000058465","nombre":"CORTINA METALIZADA BICOLOR BOCA 1x2mt x12 ILC344","categoria":"Cotillon","subcategoria":"Accesorios Para Globos","precio":12748.91,"destacado":false,"descripcion":"","imagen":"assets/products/CA-000000058465.webp","tags":["cortina","metalizada","bicolor","boca","1x2mt","x12","ilc344"]},{"id":"CA-782188034401","nombre":"CORTINA METALIZADA BICOLOR RIVER 1x2mt x12 ILC344","categoria":"Cotillon","subcategoria":"Accesorios Para Globos","precio":12748.91,"destacado":false,"descripcion":"","imagen":"assets/products/CA-782188034401.webp","tags":["cortina","metalizada","bicolor","river","1x2mt","x12","ilc344"]},{"id":"CA-000000055570","nombre":"DISFRAZ GATITA KITTY T.1 x1 ECHYZOS","categoria":"Cotillon","subcategoria":"Accesorios Para Globos","precio":7927.44,"destacado":false,"descripcion":"","imagen":"assets/products/CA-000000055570.webp","tags":["disfraz","gatita","kitty","echyzos"]},{"id":"CA-779819415680","nombre":"GARRAFA CHICA DE HELIO GLOBOX (30 globos) x1 56803","categoria":"Cotillon","subcategoria":"Accesorios Para Globos","precio":28744.63,"destacado":false,"descripcion":"","imagen":"assets/products/CA-779819415680.webp","tags":["garrafa","chica","helio","globox","globos","56803"]},{"id":"CA-779832235410","nombre":"GARRAFA CHICA DE HELIO HELITANK (30 globos) HECH  PS","categoria":"Cotillon","subcategoria":"Accesorios Para Globos","precio":25555.95,"destacado":false,"descripcion":"","imagen":"assets/products/CA-779832235410.webp","tags":["garrafa","chica","helio","helitank","globos","hech"]},{"id":"CA-698352245569","nombre":"INFLADOR ELECTRICO 2 PICOS INYECTORES x1","categoria":"Cotillon","subcategoria":"Accesorios Para Globos","precio":21630.0,"destacado":false,"descripcion":"","imagen":"assets/products/CA-698352245569.webp","tags":["inflador","electrico","picos","inyectores"]},{"id":"CA-202560000607","nombre":"INFLADOR ELECTRICO 2 PICOS INYECTORES x1 FP0607","categoria":"Cotillon","subcategoria":"Accesorios Para Globos","precio":21630.0,"destacado":false,"descripcion":"","imagen":"assets/products/CA-202560000607.webp","tags":["inflador","electrico","picos","inyectores","fp0607"]},{"id":"CA-779819417000","nombre":"INFLADOR GLOBOX PROFESIONAL x1 (premium)","categoria":"Cotillon","subcategoria":"Accesorios Para Globos","precio":6837.61,"destacado":false,"descripcion":"","imagen":"assets/products/CA-779819417000.webp","tags":["inflador","globox","profesional","premium"]},{"id":"CA-692412110301","nombre":"INFLADOR PARA GLOBO DOBLE ACCION  x1 DIS03-01","categoria":"Cotillon","subcategoria":"Accesorios Para Globos","precio":770.0,"destacado":false,"descripcion":"","imagen":"assets/products/CA-692412110301.webp","tags":["inflador","para","globo","doble","accion","dis03"]},{"id":"CA-202560000998","nombre":"INFLADOR PARA GLOBO DOBLE ACCION ECONOMICO SURTIDO  x1 FP0998","categoria":"Cotillon","subcategoria":"Accesorios Para Globos","precio":952.56,"destacado":false,"descripcion":"","imagen":"assets/products/CA-202560000998.webp","tags":["inflador","para","globo","doble","accion","economico","surtido","fp0998"]},{"id":"CA-202560000997","nombre":"INFLADOR PARA GLOBO DOBLE ACCION METALIZADO x1 FP0997","categoria":"Cotillon","subcategoria":"Accesorios Para Globos","precio":1124.55,"destacado":false,"descripcion":"NUEVO 29/10/2025","imagen":"assets/products/CA-202560000997.webp","tags":["inflador","para","globo","doble","accion","metalizado","fp0997"]},{"id":"CA-000000053086","nombre":"INFLADOR PARA GLOBO DOBLE ACCION METALIZADOx1 U23-272/ CL89","categoria":"Cotillon","subcategoria":"Accesorios Para Globos","precio":1183.0,"destacado":false,"descripcion":"","imagen":"assets/products/CA-000000053086.webp","tags":["inflador","para","globo","doble","accion","metalizadox1","u23","272","cl89"]}]}