{"category_slug":"cotillon","subcategory_slug":"accesorios_para_globos","page":2,"page_size":48,"total":78,"items":[{"id":"CA-779814797801","nombre":"INFLADOR PARA GLOBO DOBLE ACCION TRICOLOR x1 INF  PS","categoria":"Cotillon","subcategoria":"Accesorios Para Globos","precio":1855.67,"destacado":false,"descripcion":"","imagen":"assets/products/CA-779814797801.webp","tags":["inflador","para","globo","doble","accion","tricolor","inf"]},{"id":"CA-779819415259","nombre":"LIQUIDO SELLADOR PARA GLOBO GFLOAT 100ml x1 ( ALTA DURACION ) 52591","categoria":"Cotillon","subcategoria":"Accesorios Para Globos","precio":3273.01,"destacado":false,"descripcion":"* (17/12/2025)","imagen":"assets/products/CA-779819415259.webp","tags":["liquido","sellador","para","globo","gfloat","100ml","alta","duracion","52591"]},{"id":"CA-000000002869","nombre":"PALITO PARA GLOBO CON CHUPETE BLANCO (BULTO 25x100)","categoria":"Cotillon","subcategoria":"Accesorios Para Globos","precio":73962.0,"destacado":false,"descripcion":"","imagen":"assets/products/CA-000000002869.webp","tags":["palito","para","globo","con","chupete","blanco","bulto","25x100"]},{"id":"CA-000000005207","nombre":"PALITO PARA GLOBO CON CHUPETE BLANCO x100 aprox.","categoria":"Cotillon","subcategoria":"Accesorios Para Globos","precio":3193.28,"destacado":false,"descripcion":"","imagen":"assets/products/CA-000000005207.webp","tags":["palito","para","globo","con","chupete","blanco","x100","aprox"]},{"id":"CA-000000021700","nombre":"PALITO PARA GLOBO CON CHUPETE FLUO (BULTO 25x100)","categoria":"Cotillon","subcategoria":"Accesorios Para Globos","precio":76734.0,"destacado":false,"descripcion":"","imagen":"assets/products/CA-000000021700.webp","tags":["palito","para","globo","con","chupete","fluo","bulto","25x100"]},{"id":"CA-000000008119","nombre":"PALITO PARA GLOBO CON CHUPETE FLUO STASIO x25u.","categoria":"Cotillon","subcategoria":"Accesorios Para Globos","precio":1445.11,"destacado":false,"descripcion":"","imagen":"assets/products/CA-000000008119.webp","tags":["palito","para","globo","con","chupete","fluo","stasio","x25u"]},{"id":"CA-000000009107","nombre":"PALITO PARA GLOBO CON CHUPETE FLUO x100 aprox.","categoria":"Cotillon","subcategoria":"Accesorios Para Globos","precio":3312.96,"destacado":false,"descripcion":"","imagen":"assets/products/CA-000000009107.webp","tags":["palito","para","globo","con","chupete","fluo","x100","aprox"]},{"id":"CA-000000018119","nombre":"PALITO PARA GLOBO CON CHUPETE STASIO AZUL/AMARILLOx25u.","categoria":"Cotillon","subcategoria":"Accesorios Para Globos","precio":1445.11,"destacado":false,"descripcion":"","imagen":"assets/products/CA-000000018119.webp","tags":["palito","para","globo","con","chupete","stasio","azul","amarillox25u"]},{"id":"CA-000000218119","nombre":"PALITO PARA GLOBO CON CHUPETE STASIO AZUL/ROJOx25u.","categoria":"Cotillon","subcategoria":"Accesorios Para Globos","precio":1445.11,"destacado":false,"descripcion":"","imagen":"assets/products/CA-000000218119.webp","tags":["palito","para","globo","con","chupete","stasio","azul","rojox25u"]},{"id":"CA-000000050785","nombre":"PALITO PARA GLOBO CON CHUPETE STASIO CELESTE x25u.","categoria":"Cotillon","subcategoria":"Accesorios Para Globos","precio":1445.11,"destacado":false,"descripcion":"","imagen":"assets/products/CA-000000050785.webp","tags":["palito","para","globo","con","chupete","stasio","celeste","x25u"]},{"id":"CA-000000528119","nombre":"PALITO PARA GLOBO CON CHUPETE STASIO CRISTAL x25u.","categoria":"Cotillon","subcategoria":"Accesorios Para Globos","precio":1445.11,"destacado":false,"descripcion":"","imagen":"assets/products/CA-000000528119.webp","tags":["palito","para","globo","con","chupete","stasio","cristal","x25u"]},{"id":"CA-000000050811","nombre":"PALITO PARA GLOBO CON CHUPETE STASIO DORADO x25u.","categoria":"Cotillon","subcategoria":"Accesorios Para Globos","precio":2047.15,"destacado":false,"descripcion":"","imagen":"assets/products/CA-000000050811.webp","tags":["palito","para","globo","con","chupete","stasio","dorado","x25u"]},{"id":"CA-000000408119","nombre":"PALITO PARA GLOBO CON CHUPETE STASIO MULTICOLOR PASTELx25u.","categoria":"Cotillon","subcategoria":"Accesorios Para Globos","precio":1445.11,"destacado":false,"descripcion":"","imagen":"assets/products/CA-000000408119.webp","tags":["palito","para","globo","con","chupete","stasio","multicolor","pastelx25u"]},{"id":"CA-000000518119","nombre":"PALITO PARA GLOBO CON CHUPETE STASIO PLATEADOx25u.","categoria":"Cotillon","subcategoria":"Accesorios Para Globos","precio":2047.15,"destacado":false,"descripcion":"","imagen":"assets/products/CA-000000518119.webp","tags":["palito","para","globo","con","chupete","stasio","plateadox25u"]},{"id":"CA-000000098119","nombre":"PALITO PARA GLOBO CON CHUPETE STASIO ROJO/BLANCOx25u.","categoria":"Cotillon","subcategoria":"Accesorios Para Globos","precio":1445.11,"destacado":false,"descripcion":"","imagen":"assets/products/CA-000000098119.webp","tags":["palito","para","globo","con","chupete","stasio","rojo","blancox25u"]},{"id":"CA-000000418119","nombre":"PALITO PARA GLOBO CON CHUPETE STASIO ROSA PASTELx 25u.","categoria":"Cotillon","subcategoria":"Accesorios Para Globos","precio":1445.11,"destacado":false,"descripcion":"","imagen":"assets/products/CA-000000418119.webp","tags":["palito","para","globo","con","chupete","stasio","rosa","pastelx","25u"]},{"id":"CA-000000041811","nombre":"PALITO PARA GLOBO CON CHUPETE STASIO ROSA PASTELx25u.","categoria":"Cotillon","subcategoria":"Accesorios Para Globos","precio":1445.11,"destacado":false,"descripcion":"","imagen":"assets/products/CA-000000041811.webp","tags":["palito","para","globo","con","chupete","stasio","rosa","pastelx25u"]},{"id":"CA-000000032717","nombre":"PALITO PARA GLOBO SIN CHUPETE BLANCO (BULTO x2500)","categoria":"Cotillon","subcategoria":"Accesorios Para Globos","precio":45454.5,"destacado":false,"descripcion":"","imagen":"assets/products/CA-000000032717.webp","tags":["palito","para","globo","sin","chupete","blanco","bulto","x2500"]},{"id":"CA-000000036285","nombre":"PALITO PARA GLOBOS EXTRA LARGE BLANCO (60cm) x24","categoria":"Cotillon","subcategoria":"Accesorios Para Globos","precio":3480.45,"destacado":false,"descripcion":"","imagen":"assets/products/CA-000000036285.webp","tags":["palito","para","globos","extra","large","blanco","60cm","x24"]},{"id":"CA-779819415675","nombre":"PALITO PORTA GLOBO 40cm TRANSPARENTE BURBUJA LED x10 55721/56759","categoria":"Cotillon","subcategoria":"Accesorios Para Globos","precio":2219.1,"destacado":false,"descripcion":"","imagen":"assets/products/CA-779819415675.webp","tags":["palito","porta","globo","40cm","transparente","burbuja","led","x10","55721","56759"]},{"id":"CA-000000045931","nombre":"PALITO PORTA GLOBO 60cm MULTICOLOR BURBUJA LED x24und","categoria":"Cotillon","subcategoria":"Accesorios Para Globos","precio":4616.19,"destacado":false,"descripcion":"","imagen":"assets/products/CA-000000045931.webp","tags":["palito","porta","globo","60cm","multicolor","burbuja","led","x24und"]},{"id":"CA-779819415676","nombre":"PALITO PORTA GLOBO 70cm TRANSPARENTE BURBUJA LED x10 55738/56766","categoria":"Cotillon","subcategoria":"Accesorios Para Globos","precio":2700.1,"destacado":false,"descripcion":"","imagen":"assets/products/CA-779819415676.webp","tags":["palito","porta","globo","70cm","transparente","burbuja","led","x10","55738","56766"]},{"id":"CA-000000018110","nombre":"PALITO PORTA GLOBO BLANCO 40 cm. PARA BURBUJA x10u. 8110-B STASIO","categoria":"Cotillon","subcategoria":"Accesorios Para Globos","precio":3587.21,"destacado":false,"descripcion":"","imagen":"assets/products/CA-000000018110.webp","tags":["palito","porta","globo","blanco","para","burbuja","x10u","8110","stasio"]},{"id":"CA-000000001811","nombre":"PALITO PORTA GLOBO BLANCO 70 cm. PARA BURBUJA  x10u. 8111-B STASIO","categoria":"Cotillon","subcategoria":"Accesorios Para Globos","precio":5643.07,"destacado":false,"descripcion":"","imagen":"assets/products/CA-000000001811.webp","tags":["palito","porta","globo","blanco","para","burbuja","x10u","8111","stasio"]},{"id":"CA-000000008110","nombre":"PALITO PORTA GLOBO LED CRISTAL 40 cm. PARA BURBUJA x10u. STASIO","categoria":"Cotillon","subcategoria":"Accesorios Para Globos","precio":3587.21,"destacado":false,"descripcion":"","imagen":"assets/products/CA-000000008110.webp","tags":["palito","porta","globo","led","cristal","para","burbuja","x10u","stasio"]},{"id":"CA-000000008111","nombre":"PALITO PORTA GLOBO LED CRISTAL 70 cm. PARA BURBUJA  x10u. STASIO","categoria":"Cotillon","subcategoria":"Accesorios Para Globos","precio":5643.07,"destacado":false,"descripcion":"","imagen":"assets/products/CA-000000008111.webp","tags":["palito","porta","globo","led","cristal","para","burbuja","x10u","stasio"]},{"id":"CA-692412411106","nombre":"PESA PARA GLOBO ESTRELLA METALIZADA COLOR x1 U2411-106","categoria":"Cotillon","subcategoria":"Accesorios Para Globos","precio":975.0,"destacado":false,"descripcion":"","imagen":"assets/products/CA-692412411106.webp","tags":["pesa","para","globo","estrella","metalizada","color","u2411","106"]},{"id":"CA-682019001083","nombre":"PLANCHA PUNTOS ADHESIVOS BIFAZ PARA GLOBOS (50x20 uni.)","categoria":"Cotillon","subcategoria":"Accesorios Para Globos","precio":5062.5,"destacado":false,"descripcion":"NUEVO 17/12/2025","imagen":"assets/products/CA-682019001083.webp","tags":["plancha","puntos","adhesivos","bifaz","para","globos","50x20","uni"]},{"id":"CA-571230002123","nombre":"RED PARA GLOBOS DECORACION 4.8 x1 mt x1 ILC-Y78","categoria":"Cotillon","subcategoria":"Accesorios Para Globos","precio":13852.8,"destacado":false,"descripcion":"","imagen":"assets/products/CA-571230002123.webp","tags":["red","para","globos","decoracion","ilc","y78"]},{"id":"CA-202580040290","nombre":"TUTU TULL NARANJA FLUO X1 FP290-04","categoria":"Cotillon","subcategoria":"Accesorios Para Globos","precio":2570.95,"destacado":false,"descripcion":"","imagen":"assets/products/CA-202580040290.webp","tags":["tutu","tull","naranja","fluo","fp290"]}]}