{"category_slug":"carnaval_carioca","subcategory_slug":"antifaces_pelucas","page":2,"page_size":48,"total":112,"items":[{"id":"CA-779814797335","nombre":"PELUCA FROZEN x1 R.R. PSP20  PS","categoria":"Carnaval Carioca","subcategoria":"Antifaces/Pelucas","precio":7618.56,"destacado":false,"descripcion":"","imagen":"assets/products/CA-779814797335.webp","tags":["peluca","frozen","psp20"]},{"id":"CA-779908802632","nombre":"PELUCA HARLEY QUEEN x1 PSP37  PS","categoria":"Carnaval Carioca","subcategoria":"Antifaces/Pelucas","precio":8343.3,"destacado":false,"descripcion":"","imagen":"assets/products/CA-779908802632.webp","tags":["peluca","harley","queen","psp37"]},{"id":"CA-779814797293","nombre":"PELUCA LACIA CORTA AZUL x1 R.R. PLCAZ  PS","categoria":"Carnaval Carioca","subcategoria":"Antifaces/Pelucas","precio":3029.25,"destacado":false,"descripcion":"","imagen":"assets/products/CA-779814797293.webp","tags":["peluca","lacia","corta","azul","plcaz"]},{"id":"CA-779814797294","nombre":"PELUCA LACIA CORTA CASTAÑO x1 R.R. PLCCA  PS","categoria":"Carnaval Carioca","subcategoria":"Antifaces/Pelucas","precio":3029.25,"destacado":false,"descripcion":"","imagen":"assets/products/CA-779814797294.webp","tags":["peluca","lacia","corta","castaño","plcca"]},{"id":"CA-803410700200","nombre":"PELUCA LACIA CORTA COLOR x1 YJ0315","categoria":"Carnaval Carioca","subcategoria":"Antifaces/Pelucas","precio":2574.0,"destacado":false,"descripcion":"","imagen":"assets/products/CA-803410700200.webp","tags":["peluca","lacia","corta","color","yj0315"]},{"id":"CA-779814797391","nombre":"PELUCA LACIA CORTA MULTICOLOR x1 R.R. PLCMU  PS","categoria":"Carnaval Carioca","subcategoria":"Antifaces/Pelucas","precio":3029.25,"destacado":false,"descripcion":"","imagen":"assets/products/CA-779814797391.webp","tags":["peluca","lacia","corta","multicolor","plcmu"]},{"id":"CA-779814797292","nombre":"PELUCA LACIA CORTA NARANJA x1 R.R. PLCNA  PS","categoria":"Carnaval Carioca","subcategoria":"Antifaces/Pelucas","precio":3029.25,"destacado":false,"descripcion":"","imagen":"assets/products/CA-779814797292.webp","tags":["peluca","lacia","corta","naranja","plcna"]},{"id":"CA-779814797286","nombre":"PELUCA LACIA CORTA NEGRA x1 R.R. PLCNE  PS","categoria":"Carnaval Carioca","subcategoria":"Antifaces/Pelucas","precio":3029.25,"destacado":false,"descripcion":"","imagen":"assets/products/CA-779814797286.webp","tags":["peluca","lacia","corta","negra","plcne"]},{"id":"CA-779814797289","nombre":"PELUCA LACIA CORTA ROJA x1 R.R. PLCRJ  PS","categoria":"Carnaval Carioca","subcategoria":"Antifaces/Pelucas","precio":3029.25,"destacado":false,"descripcion":"","imagen":"assets/products/CA-779814797289.webp","tags":["peluca","lacia","corta","roja","plcrj"]},{"id":"CA-779814797290","nombre":"PELUCA LACIA CORTA ROSA x1 R.R. PLCRS PS","categoria":"Carnaval Carioca","subcategoria":"Antifaces/Pelucas","precio":3029.25,"destacado":false,"descripcion":"","imagen":"assets/products/CA-779814797290.webp","tags":["peluca","lacia","corta","rosa","plcrs"]},{"id":"CA-779814797288","nombre":"PELUCA LACIA CORTA RUBIA x1 R.R. PLCRU  PS","categoria":"Carnaval Carioca","subcategoria":"Antifaces/Pelucas","precio":3029.25,"destacado":false,"descripcion":"","imagen":"assets/products/CA-779814797288.webp","tags":["peluca","lacia","corta","rubia","plcru"]},{"id":"CA-779814797347","nombre":"PELUCA LACIA CORTA VERDE FLUO x1 R.R. PLCVE  PS","categoria":"Carnaval Carioca","subcategoria":"Antifaces/Pelucas","precio":3029.25,"destacado":false,"descripcion":"","imagen":"assets/products/CA-779814797347.webp","tags":["peluca","lacia","corta","verde","fluo","plcve"]},{"id":"CA-779814797291","nombre":"PELUCA LACIA CORTA VIOLETA  x1 R.R. PLCVI  PS","categoria":"Carnaval Carioca","subcategoria":"Antifaces/Pelucas","precio":3029.25,"destacado":false,"descripcion":"","imagen":"assets/products/CA-779814797291.webp","tags":["peluca","lacia","corta","violeta","plcvi"]},{"id":"CA-779814797353","nombre":"PELUCA LACIA LARGA AZUL x1 R.R. PLLAZ  PS","categoria":"Carnaval Carioca","subcategoria":"Antifaces/Pelucas","precio":3530.33,"destacado":false,"descripcion":"","imagen":"assets/products/CA-779814797353.webp","tags":["peluca","lacia","larga","azul","pllaz"]},{"id":"CA-779814797300","nombre":"PELUCA LACIA LARGA CASTAÑO x1 R.R. PLLCA PS","categoria":"Carnaval Carioca","subcategoria":"Antifaces/Pelucas","precio":3530.33,"destacado":false,"descripcion":"","imagen":"assets/products/CA-779814797300.webp","tags":["peluca","lacia","larga","castaño","pllca"]},{"id":"CA-803410700568","nombre":"PELUCA LACIA LARGA COLOR X1 YJ695","categoria":"Carnaval Carioca","subcategoria":"Antifaces/Pelucas","precio":3510.0,"destacado":false,"descripcion":"","imagen":"assets/products/CA-803410700568.webp","tags":["peluca","lacia","larga","color","yj695"]},{"id":"CA-779814797298","nombre":"PELUCA LACIA LARGA FUCSIA/ROSA x1 R.R. PLLRS  PS","categoria":"Carnaval Carioca","subcategoria":"Antifaces/Pelucas","precio":3530.33,"destacado":false,"descripcion":"","imagen":"assets/products/CA-779814797298.webp","tags":["peluca","lacia","larga","fucsia","rosa","pllrs"]},{"id":"CA-779814797354","nombre":"PELUCA LACIA LARGA MULTICOLOR x1 R.R. PLLMU  PS","categoria":"Carnaval Carioca","subcategoria":"Antifaces/Pelucas","precio":3530.33,"destacado":false,"descripcion":"","imagen":"assets/products/CA-779814797354.webp","tags":["peluca","lacia","larga","multicolor","pllmu"]},{"id":"CA-779814797355","nombre":"PELUCA LACIA LARGA NARANJA x1 R.R. PLLNA  PS","categoria":"Carnaval Carioca","subcategoria":"Antifaces/Pelucas","precio":3530.33,"destacado":false,"descripcion":"","imagen":"assets/products/CA-779814797355.webp","tags":["peluca","lacia","larga","naranja","pllna"]},{"id":"CA-779814797295","nombre":"PELUCA LACIA LARGA NEGRA x1 R.R. PLLNE  PS","categoria":"Carnaval Carioca","subcategoria":"Antifaces/Pelucas","precio":3530.33,"destacado":false,"descripcion":"","imagen":"assets/products/CA-779814797295.webp","tags":["peluca","lacia","larga","negra","pllne"]},{"id":"CA-779814797299","nombre":"PELUCA LACIA LARGA ROJA x1 R.R. PLLRJ  PS","categoria":"Carnaval Carioca","subcategoria":"Antifaces/Pelucas","precio":3530.33,"destacado":false,"descripcion":"","imagen":"assets/products/CA-779814797299.webp","tags":["peluca","lacia","larga","roja","pllrj"]},{"id":"CA-779814797297","nombre":"PELUCA LACIA LARGA RUBIA x1 R.R. PLLRU  PS","categoria":"Carnaval Carioca","subcategoria":"Antifaces/Pelucas","precio":3530.33,"destacado":false,"descripcion":"","imagen":"assets/products/CA-779814797297.webp","tags":["peluca","lacia","larga","rubia","pllru"]},{"id":"CA-779814797356","nombre":"PELUCA LACIA LARGA VERDE FLUO x1 R.R. PLLVE  PS","categoria":"Carnaval Carioca","subcategoria":"Antifaces/Pelucas","precio":3530.33,"destacado":false,"descripcion":"","imagen":"assets/products/CA-779814797356.webp","tags":["peluca","lacia","larga","verde","fluo","pllve"]},{"id":"CA-779814797357","nombre":"PELUCA LACIA LARGA VIOLETA x1 R.R. PLLVI  PS","categoria":"Carnaval Carioca","subcategoria":"Antifaces/Pelucas","precio":3530.33,"destacado":false,"descripcion":"","imagen":"assets/products/CA-779814797357.webp","tags":["peluca","lacia","larga","violeta","pllvi"]},{"id":"CA-779814797304","nombre":"PELUCA MARYLIN x1 R.R.PSP04  PS","categoria":"Carnaval Carioca","subcategoria":"Antifaces/Pelucas","precio":4795.0,"destacado":false,"descripcion":"","imagen":"assets/products/CA-779814797304.webp","tags":["peluca","marylin","psp04"]},{"id":"CA-690292224545","nombre":"PELUCA METALIZADA AZUL x1 DG4545A/AZ","categoria":"Carnaval Carioca","subcategoria":"Antifaces/Pelucas","precio":630.0,"destacado":false,"descripcion":"","imagen":"assets/products/CA-690292224545.webp","tags":["peluca","metalizada","azul","dg4545a"]},{"id":"CA-690192224545","nombre":"PELUCA METALIZADA DORADA x1 DG4545A/OR","categoria":"Carnaval Carioca","subcategoria":"Antifaces/Pelucas","precio":630.0,"destacado":false,"descripcion":"","imagen":"assets/products/CA-690192224545.webp","tags":["peluca","metalizada","dorada","dg4545a"]},{"id":"CA-695479624853","nombre":"PELUCA METALIZADA FUCSIA x1  DG4545A/FU","categoria":"Carnaval Carioca","subcategoria":"Antifaces/Pelucas","precio":630.0,"destacado":false,"descripcion":"","imagen":"assets/products/CA-695479624853.webp","tags":["peluca","metalizada","fucsia","dg4545a"]},{"id":"CA-690592224545","nombre":"PELUCA METALIZADA FUCSIA x1 DG4545A/FU","categoria":"Carnaval Carioca","subcategoria":"Antifaces/Pelucas","precio":630.0,"destacado":false,"descripcion":"","imagen":"assets/products/CA-690592224545.webp","tags":["peluca","metalizada","fucsia","dg4545a"]},{"id":"CA-779814797317","nombre":"PELUCA METALIZADA MULTICOLOR x1 R.R. PMMU  PS","categoria":"Carnaval Carioca","subcategoria":"Antifaces/Pelucas","precio":1630.3,"destacado":false,"descripcion":"","imagen":"assets/products/CA-779814797317.webp","tags":["peluca","metalizada","multicolor","pmmu"]},{"id":"CA-695479624857","nombre":"PELUCA METALIZADA PLATEADA x1  DG4545A/PL","categoria":"Carnaval Carioca","subcategoria":"Antifaces/Pelucas","precio":630.0,"destacado":false,"descripcion":"* (19/12/2025)","imagen":"assets/products/CA-695479624857.webp","tags":["peluca","metalizada","plateada","dg4545a"]},{"id":"CA-690492224545","nombre":"PELUCA METALIZADA PLATEADA x1 DG4545A/PL","categoria":"Carnaval Carioca","subcategoria":"Antifaces/Pelucas","precio":630.0,"destacado":false,"descripcion":"","imagen":"assets/products/CA-690492224545.webp","tags":["peluca","metalizada","plateada","dg4545a"]},{"id":"CA-695479624854","nombre":"PELUCA METALIZADA ROJA x1  DG4545A/ROJ","categoria":"Carnaval Carioca","subcategoria":"Antifaces/Pelucas","precio":630.0,"destacado":false,"descripcion":"* (19/12/2025)","imagen":"assets/products/CA-695479624854.webp","tags":["peluca","metalizada","roja","dg4545a","roj"]},{"id":"CA-690092224545","nombre":"PELUCA METALIZADA ROJA x1 DG4545A/ROJ","categoria":"Carnaval Carioca","subcategoria":"Antifaces/Pelucas","precio":630.0,"destacado":false,"descripcion":"","imagen":"assets/products/CA-690092224545.webp","tags":["peluca","metalizada","roja","dg4545a","roj"]},{"id":"CA-695479624852","nombre":"PELUCA METALIZADA VERDE x1  DG4545A/VE","categoria":"Carnaval Carioca","subcategoria":"Antifaces/Pelucas","precio":630.0,"destacado":false,"descripcion":"* (19/12/2025)","imagen":"assets/products/CA-695479624852.webp","tags":["peluca","metalizada","verde","dg4545a"]},{"id":"CA-690392224545","nombre":"PELUCA METALIZADA VERDE x1 DG4545A/VE","categoria":"Carnaval Carioca","subcategoria":"Antifaces/Pelucas","precio":630.0,"destacado":false,"descripcion":"","imagen":"assets/products/CA-690392224545.webp","tags":["peluca","metalizada","verde","dg4545a"]},{"id":"CA-779814797811","nombre":"PELUCA MORTICIA CON MECHON x1 R.R. PSP33 PS","categoria":"Carnaval Carioca","subcategoria":"Antifaces/Pelucas","precio":4981.53,"destacado":false,"descripcion":"","imagen":"assets/products/CA-779814797811.webp","tags":["peluca","morticia","con","mechon","psp33"]},{"id":"CA-779814797360","nombre":"PELUCA ONDULADA CASTAÑA x1 R.R. POLCA  PS","categoria":"Carnaval Carioca","subcategoria":"Antifaces/Pelucas","precio":3940.3,"destacado":false,"descripcion":"","imagen":"assets/products/CA-779814797360.webp","tags":["peluca","ondulada","castaña","polca"]},{"id":"CA-803410700569","nombre":"PELUCA ONDULADA LARGA COLOR X1 YJ696","categoria":"Carnaval Carioca","subcategoria":"Antifaces/Pelucas","precio":3159.0,"destacado":false,"descripcion":"","imagen":"assets/products/CA-803410700569.webp","tags":["peluca","ondulada","larga","color","yj696"]},{"id":"CA-779814797361","nombre":"PELUCA ONDULADA MULTICOLOR x1 R.R. POLMU PS","categoria":"Carnaval Carioca","subcategoria":"Antifaces/Pelucas","precio":3940.3,"destacado":false,"descripcion":"","imagen":"assets/products/CA-779814797361.webp","tags":["peluca","ondulada","multicolor","polmu"]},{"id":"CA-779814797363","nombre":"PELUCA ONDULADA NEGRA x1 R.R. POLNE PS","categoria":"Carnaval Carioca","subcategoria":"Antifaces/Pelucas","precio":3940.3,"destacado":false,"descripcion":"","imagen":"assets/products/CA-779814797363.webp","tags":["peluca","ondulada","negra","polne"]},{"id":"CA-779814797364","nombre":"PELUCA ONDULADA ROJO x1 R.R. POLRJ  PS","categoria":"Carnaval Carioca","subcategoria":"Antifaces/Pelucas","precio":3940.3,"destacado":false,"descripcion":"","imagen":"assets/products/CA-779814797364.webp","tags":["peluca","ondulada","rojo","polrj"]},{"id":"CA-779814797365","nombre":"PELUCA ONDULADA ROSA x1 R.R. POLRS  PS","categoria":"Carnaval Carioca","subcategoria":"Antifaces/Pelucas","precio":3940.3,"destacado":false,"descripcion":"","imagen":"assets/products/CA-779814797365.webp","tags":["peluca","ondulada","rosa","polrs"]},{"id":"CA-779814797366","nombre":"PELUCA ONDULADA RUBIA x1 R.R. POLRU  PS","categoria":"Carnaval Carioca","subcategoria":"Antifaces/Pelucas","precio":3940.3,"destacado":false,"descripcion":"","imagen":"assets/products/CA-779814797366.webp","tags":["peluca","ondulada","rubia","polru"]},{"id":"CA-779814797368","nombre":"PELUCA ONDULADA VERDE x1 R.R. POLVE  PS","categoria":"Carnaval Carioca","subcategoria":"Antifaces/Pelucas","precio":3940.3,"destacado":false,"descripcion":"","imagen":"assets/products/CA-779814797368.webp","tags":["peluca","ondulada","verde","polve"]},{"id":"CA-529155799463","nombre":"PELUCA PAYASO BANDERA ARGENTINA x1 R463","categoria":"Carnaval Carioca","subcategoria":"Antifaces/Pelucas","precio":2497.97,"destacado":false,"descripcion":"","imagen":"assets/products/CA-529155799463.webp","tags":["peluca","payaso","bandera","argentina","r463"]},{"id":"CA-529155798463","nombre":"PELUCA PAYASO BICOLOR ARGENTINA x1 R463/H","categoria":"Carnaval Carioca","subcategoria":"Antifaces/Pelucas","precio":2497.97,"destacado":false,"descripcion":"","imagen":"assets/products/CA-529155798463.webp","tags":["peluca","payaso","bicolor","argentina","r463"]},{"id":"CA-779814797279","nombre":"PELUCA PAYASO MULTICOLOR x1 R.R. PPAMU  PS","categoria":"Carnaval Carioca","subcategoria":"Antifaces/Pelucas","precio":3233.2,"destacado":false,"descripcion":"","imagen":"assets/products/CA-779814797279.webp","tags":["peluca","payaso","multicolor","ppamu"]}]}