{"category_slug":"carnaval_carioca","subcategory_slug":"antifaces_pelucas","page":3,"page_size":48,"total":112,"items":[{"id":"CA-803410700066","nombre":"PELUCA PAYASO MULTICOLOR Y VARIOS COLORES x1 YJ0450/j0061","categoria":"Carnaval Carioca","subcategoria":"Antifaces/Pelucas","precio":2808.0,"destacado":false,"descripcion":"","imagen":"assets/products/CA-803410700066.webp","tags":["peluca","payaso","multicolor","varios","colores","yj0450","j0061"]},{"id":"CA-920155701108","nombre":"PELUCA PUNK ARGENTINA x1 CP108","categoria":"Carnaval Carioca","subcategoria":"Antifaces/Pelucas","precio":4476.15,"destacado":false,"descripcion":"","imagen":"assets/products/CA-920155701108.webp","tags":["peluca","punk","argentina","cp108"]},{"id":"CA-000000058257","nombre":"PELUCA PUNK MULTICOLOR x1 ZLE-CP-02-01","categoria":"Carnaval Carioca","subcategoria":"Antifaces/Pelucas","precio":3937.95,"destacado":false,"descripcion":"","imagen":"assets/products/CA-000000058257.webp","tags":["peluca","punk","multicolor","zle"]},{"id":"CA-920755701122","nombre":"PELUCA RIZADA ARGENTINA x1 CP122","categoria":"Carnaval Carioca","subcategoria":"Antifaces/Pelucas","precio":4633.38,"destacado":false,"descripcion":"","imagen":"assets/products/CA-920755701122.webp","tags":["peluca","rizada","argentina","cp122"]},{"id":"CA-779814797313","nombre":"PELUCA ROCK STAR x1 R.R.PSP13  PS","categoria":"Carnaval Carioca","subcategoria":"Antifaces/Pelucas","precio":6233.5,"destacado":false,"descripcion":"","imagen":"assets/products/CA-779814797313.webp","tags":["peluca","rock","star","psp13"]},{"id":"CA-779832235553","nombre":"PELUCA SUPER AFRO MULTICOLOR x1 R.R. PSAMU  PS","categoria":"Carnaval Carioca","subcategoria":"Antifaces/Pelucas","precio":5178.6,"destacado":false,"descripcion":"","imagen":"assets/products/CA-779832235553.webp","tags":["peluca","super","afro","multicolor","psamu"]},{"id":"CA-779814797517","nombre":"PELUCA SUPER AFRO NEGRO x1 R.R. PSANE  PS","categoria":"Carnaval Carioca","subcategoria":"Antifaces/Pelucas","precio":5178.6,"destacado":false,"descripcion":"","imagen":"assets/products/CA-779814797517.webp","tags":["peluca","super","afro","negro","psane"]},{"id":"CA-779814797312","nombre":"PELUCA VAMPIREZA x1 PSP12 PS","categoria":"Carnaval Carioca","subcategoria":"Antifaces/Pelucas","precio":5801.95,"destacado":false,"descripcion":"","imagen":"assets/products/CA-779814797312.webp","tags":["peluca","vampireza","psp12"]},{"id":"CA-779814797311","nombre":"PELUCA VAMPIRO x1 R.R. PSP11 PS","categoria":"Carnaval Carioca","subcategoria":"Antifaces/Pelucas","precio":7096.6,"destacado":false,"descripcion":"","imagen":"assets/products/CA-779814797311.webp","tags":["peluca","vampiro","psp11"]},{"id":"CA-000000047344","nombre":"PELUCA VINCHA PELOS PARADOS ARGENTINA  x1 A0205","categoria":"Carnaval Carioca","subcategoria":"Antifaces/Pelucas","precio":3734.37,"destacado":false,"descripcion":"* (17/12/2025)","imagen":"assets/products/CA-000000047344.webp","tags":["peluca","vincha","pelos","parados","argentina","a0205"]},{"id":"CA-202560001061","nombre":"SORBETE A RAYAS MULTICOLOR PLASTICO X12 FP1061-01","categoria":"Carnaval Carioca","subcategoria":"Antifaces/Pelucas","precio":1062.81,"destacado":false,"descripcion":"","imagen":"assets/products/CA-202560001061.webp","tags":["sorbete","rayas","multicolor","plastico","x12","fp1061"]},{"id":"CA-202560301061","nombre":"SORBETE A RAYAS MULTICOLOR PLASTICO X12 FP1061-03","categoria":"Carnaval Carioca","subcategoria":"Antifaces/Pelucas","precio":1062.81,"destacado":false,"descripcion":"","imagen":"assets/products/CA-202560301061.webp","tags":["sorbete","rayas","multicolor","plastico","x12","fp1061"]},{"id":"CA-202560201061","nombre":"SORBETE A RAYAS NEGRO-BLANCO-DORADO PLASTICO X12 FP1061-02","categoria":"Carnaval Carioca","subcategoria":"Antifaces/Pelucas","precio":1062.81,"destacado":false,"descripcion":"","imagen":"assets/products/CA-202560201061.webp","tags":["sorbete","rayas","negro","blanco","dorado","plastico","x12","fp1061"]},{"id":"CA-920755701115","nombre":"VINCHA PELUCA BANDERA ARGENTINA x1 CP115","categoria":"Carnaval Carioca","subcategoria":"Antifaces/Pelucas","precio":2221.52,"destacado":false,"descripcion":"","imagen":"assets/products/CA-920755701115.webp","tags":["vincha","peluca","bandera","argentina","cp115"]},{"id":"CA-920755701126","nombre":"VINCHA PELUCA DEGRADE ARGENTINA x1 CP126","categoria":"Carnaval Carioca","subcategoria":"Antifaces/Pelucas","precio":2221.52,"destacado":false,"descripcion":"","imagen":"assets/products/CA-920755701126.webp","tags":["vincha","peluca","degrade","argentina","cp126"]},{"id":"CA-920755701125","nombre":"VINCHA PELUCA RULOS ARGENTINA x1 CP125","categoria":"Carnaval Carioca","subcategoria":"Antifaces/Pelucas","precio":1987.19,"destacado":false,"descripcion":"","imagen":"assets/products/CA-920755701125.webp","tags":["vincha","peluca","rulos","argentina","cp125"]}]}