{"category_slug":"carnaval_carioca","subcategory_slug":"antifaces_pelucas","page":1,"page_size":48,"total":112,"items":[{"id":"CA-000000048693","nombre":"ANTIFAZ BRILLO CON FLECOS SURTIDOS x10u. (20)","categoria":"Carnaval Carioca","subcategoria":"Antifaces/Pelucas","precio":696.21,"destacado":false,"descripcion":"","imagen":"assets/products/CA-000000048693.webp","tags":["antifaz","brillo","con","flecos","surtidos","x10u"]},{"id":"CA-000000048694","nombre":"ANTIFAZ BRILLO SURTIDOS x10u. (10)","categoria":"Carnaval Carioca","subcategoria":"Antifaces/Pelucas","precio":655.72,"destacado":false,"descripcion":"","imagen":"assets/products/CA-000000048694.webp","tags":["antifaz","brillo","surtidos","x10u"]},{"id":"CA-237187603042","nombre":"ANTIFAZ CHINO COSMICO FLUO SURTIDO x12u. 3042","categoria":"Carnaval Carioca","subcategoria":"Antifaces/Pelucas","precio":3028.75,"destacado":false,"descripcion":"","imagen":"assets/products/CA-237187603042.webp","tags":["antifaz","chino","cosmico","fluo","surtido","x12u","3042"]},{"id":"CA-520155889349","nombre":"ANTIFAZ CON BRILLO MULTICOLOR FLUO IMPORTADOx12u. 3051GC","categoria":"Carnaval Carioca","subcategoria":"Antifaces/Pelucas","precio":3939.19,"destacado":false,"descripcion":"NUEVO 19/12/2025","imagen":"assets/products/CA-520155889349.webp","tags":["antifaz","con","brillo","multicolor","fluo","importadox12u","3051gc"]},{"id":"CA-237187433051","nombre":"ANTIFAZ CON BRILLO MULTICOLOR IMPORTADOx12u. 3051 GS/W140-1/K181","categoria":"Carnaval Carioca","subcategoria":"Antifaces/Pelucas","precio":3548.77,"destacado":false,"descripcion":"","imagen":"assets/products/CA-237187433051.webp","tags":["antifaz","con","brillo","multicolor","importadox12u","3051","w140","k181"]},{"id":"CA-237187633051","nombre":"ANTIFAZ CON BRILLO SURTIDO DORADO/PLATEADO IMPORTADO x12u. 3051G/W140-2","categoria":"Carnaval Carioca","subcategoria":"Antifaces/Pelucas","precio":3548.77,"destacado":false,"descripcion":"","imagen":"assets/products/CA-237187633051.webp","tags":["antifaz","con","brillo","surtido","dorado","plateado","importado","x12u","3051g","w140"]},{"id":"CA-541497890517","nombre":"ANTIFAZ CONEJITA ROMBOS CON BRILLO x1 PA0517","categoria":"Carnaval Carioca","subcategoria":"Antifaces/Pelucas","precio":2019.5,"destacado":false,"descripcion":"","imagen":"assets/products/CA-541497890517.webp","tags":["antifaz","conejita","rombos","con","brillo","pa0517"]},{"id":"CA-779814797768","nombre":"ANTIFAZ DE ENCAJE CORONA  NEGRA  x1 AT01  PS","categoria":"Carnaval Carioca","subcategoria":"Antifaces/Pelucas","precio":1333.01,"destacado":false,"descripcion":"","imagen":"assets/products/CA-779814797768.webp","tags":["antifaz","encaje","corona","negra","at01"]},{"id":"CA-779814797769","nombre":"ANTIFAZ DE ENCAJE GATO NEGRO x1 AT02  PS","categoria":"Carnaval Carioca","subcategoria":"Antifaces/Pelucas","precio":1333.01,"destacado":false,"descripcion":"","imagen":"assets/products/CA-779814797769.webp","tags":["antifaz","encaje","gato","negro","at02"]},{"id":"CA-779814797771","nombre":"ANTIFAZ DE ENCAJE MARIPOSA NEGRA x1 AT04  PS","categoria":"Carnaval Carioca","subcategoria":"Antifaces/Pelucas","precio":1333.01,"destacado":false,"descripcion":"","imagen":"assets/products/CA-779814797771.webp","tags":["antifaz","encaje","mariposa","negra","at04"]},{"id":"CA-779814797772","nombre":"ANTIFAZ DE ENCAJE NEGRO  x1 AT05/97772  PS","categoria":"Carnaval Carioca","subcategoria":"Antifaces/Pelucas","precio":1333.01,"destacado":false,"descripcion":"","imagen":"assets/products/CA-779814797772.webp","tags":["antifaz","encaje","negro","at05","97772"]},{"id":"CA-779814797770","nombre":"ANTIFAZ DE ENCAJE VENECIANO NEGRO  x1 AT03  PS","categoria":"Carnaval Carioca","subcategoria":"Antifaces/Pelucas","precio":1333.01,"destacado":false,"descripcion":"","imagen":"assets/products/CA-779814797770.webp","tags":["antifaz","encaje","veneciano","negro","at03"]},{"id":"CA-000000020453","nombre":"ANTIFAZ DE ZORRO x3 ECHYZOS","categoria":"Carnaval Carioca","subcategoria":"Antifaces/Pelucas","precio":1970.64,"destacado":false,"descripcion":"","imagen":"assets/products/CA-000000020453.webp","tags":["antifaz","zorro","echyzos"]},{"id":"CA-237187603096","nombre":"ANTIFAZ ESPECIAL FLUO  x12u. 3096 (Colores surtidos.)","categoria":"Carnaval Carioca","subcategoria":"Antifaces/Pelucas","precio":4090.82,"destacado":false,"descripcion":"","imagen":"assets/products/CA-237187603096.webp","tags":["antifaz","especial","fluo","x12u","3096","colores","surtidos"]},{"id":"CA-237181663051","nombre":"ANTIFAZ FELPA NEGROx12u. 3051F/W118","categoria":"Carnaval Carioca","subcategoria":"Antifaces/Pelucas","precio":2647.08,"destacado":false,"descripcion":"","imagen":"assets/products/CA-237181663051.webp","tags":["antifaz","felpa","negrox12u","3051f","w118"]},{"id":"CA-000000030803","nombre":"ANTIFAZ FLUO CON FLECOS SURTIDOS x10u. (203)","categoria":"Carnaval Carioca","subcategoria":"Antifaces/Pelucas","precio":613.55,"destacado":false,"descripcion":"","imagen":"assets/products/CA-000000030803.webp","tags":["antifaz","fluo","con","flecos","surtidos","x10u","203"]},{"id":"CA-237187603070","nombre":"ANTIFAZ FLUO PAJARO x12u. 3070 (Colores surtidos.)","categoria":"Carnaval Carioca","subcategoria":"Antifaces/Pelucas","precio":3309.01,"destacado":false,"descripcion":"","imagen":"assets/products/CA-237187603070.webp","tags":["antifaz","fluo","pajaro","x12u","3070","colores","surtidos"]},{"id":"CA-000000056066","nombre":"ANTIFAZ GATITA ESTAMPADO LUJO x1 CL928","categoria":"Carnaval Carioca","subcategoria":"Antifaces/Pelucas","precio":1350.0,"destacado":false,"descripcion":"","imagen":"assets/products/CA-000000056066.webp","tags":["antifaz","gatita","estampado","lujo","cl928"]},{"id":"CA-541497890519","nombre":"ANTIFAZ GATITA LENTEJUELA TORNASOL x1 PA0519","categoria":"Carnaval Carioca","subcategoria":"Antifaces/Pelucas","precio":2019.5,"destacado":false,"descripcion":"","imagen":"assets/products/CA-541497890519.webp","tags":["antifaz","gatita","lentejuela","tornasol","pa0519"]},{"id":"CA-541497890226","nombre":"ANTIFAZ GATITA LENTEJUELAS LUJO x1 PA0226","categoria":"Carnaval Carioca","subcategoria":"Antifaces/Pelucas","precio":2662.83,"destacado":false,"descripcion":"","imagen":"assets/products/CA-541497890226.webp","tags":["antifaz","gatita","lentejuelas","lujo","pa0226"]},{"id":"CA-803410700044","nombre":"ANTIFAZ HOLOGRAFICO  x10un YJ0011","categoria":"Carnaval Carioca","subcategoria":"Antifaces/Pelucas","precio":486.0,"destacado":false,"descripcion":"","imagen":"assets/products/CA-803410700044.webp","tags":["antifaz","holografico","x10un","yj0011"]},{"id":"CA-000000048566","nombre":"ANTIFAZ HOLOGRAFICO CON FLECOS SURTIDOS x10u. 18","categoria":"Carnaval Carioca","subcategoria":"Antifaces/Pelucas","precio":665.94,"destacado":false,"descripcion":"","imagen":"assets/products/CA-000000048566.webp","tags":["antifaz","holografico","con","flecos","surtidos","x10u"]},{"id":"CA-000000048567","nombre":"ANTIFAZ HOLOGRAFICO MARIPOSA DOBLE x10u. 205","categoria":"Carnaval Carioca","subcategoria":"Antifaces/Pelucas","precio":946.86,"destacado":false,"descripcion":"","imagen":"assets/products/CA-000000048567.webp","tags":["antifaz","holografico","mariposa","doble","x10u","205"]},{"id":"CA-803410700476","nombre":"ANTIFAZ HOLOGRAFICO MARIPOSA x10un YJ0603","categoria":"Carnaval Carioca","subcategoria":"Antifaces/Pelucas","precio":972.0,"destacado":false,"descripcion":"","imagen":"assets/products/CA-803410700476.webp","tags":["antifaz","holografico","mariposa","x10un","yj0603"]},{"id":"CA-202562000474","nombre":"ANTIFAZ HOLOGRAFICO NEGRO / DORADO X12 FP0474-02","categoria":"Carnaval Carioca","subcategoria":"Antifaces/Pelucas","precio":3254.58,"destacado":false,"descripcion":"","imagen":"assets/products/CA-202562000474.webp","tags":["antifaz","holografico","negro","dorado","x12","fp0474"]},{"id":"CA-202560000474","nombre":"ANTIFAZ HOLOGRAFICO NEGRO / PLATA X12 FP0474-01","categoria":"Carnaval Carioca","subcategoria":"Antifaces/Pelucas","precio":3254.58,"destacado":false,"descripcion":"","imagen":"assets/products/CA-202560000474.webp","tags":["antifaz","holografico","negro","plata","x12","fp0474"]},{"id":"CA-803410700475","nombre":"ANTIFAZ HOLOGRAFICO TRICOLOR x10un YJ602","categoria":"Carnaval Carioca","subcategoria":"Antifaces/Pelucas","precio":972.0,"destacado":false,"descripcion":"","imagen":"assets/products/CA-803410700475.webp","tags":["antifaz","holografico","tricolor","x10un","yj602"]},{"id":"CA-000000003841","nombre":"ANTIFAZ HOLOGRAFICOx10 00","categoria":"Carnaval Carioca","subcategoria":"Antifaces/Pelucas","precio":523.77,"destacado":false,"descripcion":"","imagen":"assets/products/CA-000000003841.webp","tags":["antifaz","holograficox10"]},{"id":"CA-803410700278","nombre":"ANTIFAZ IMPORTADO BLANCO/NEGRO CON APLIQUE x12 YJ0392","categoria":"Carnaval Carioca","subcategoria":"Antifaces/Pelucas","precio":7290.0,"destacado":false,"descripcion":"","imagen":"assets/products/CA-803410700278.webp","tags":["antifaz","importado","blanco","negro","con","aplique","x12","yj0392"]},{"id":"CA-520155990021","nombre":"ANTIFAZ VENECIANO CON BRILLO CINTAS x1 F021","categoria":"Carnaval Carioca","subcategoria":"Antifaces/Pelucas","precio":350.0,"destacado":false,"descripcion":"","imagen":"assets/products/CA-520155990021.webp","tags":["antifaz","veneciano","con","brillo","cintas","f021"]},{"id":"CA-690127107004","nombre":"ANTIFAZ VENECIANO CON BRILLO M1 x12 DA7004","categoria":"Carnaval Carioca","subcategoria":"Antifaces/Pelucas","precio":6307.78,"destacado":false,"descripcion":"* (09/12/2025)","imagen":"assets/products/CA-690127107004.webp","tags":["antifaz","veneciano","con","brillo","x12","da7004"]},{"id":"CA-690127107005","nombre":"ANTIFAZ VENECIANO CON BRILLO M2 x12 DA7005","categoria":"Carnaval Carioca","subcategoria":"Antifaces/Pelucas","precio":4872.0,"destacado":false,"descripcion":"","imagen":"assets/products/CA-690127107005.webp","tags":["antifaz","veneciano","con","brillo","x12","da7005"]},{"id":"CA-690127107006","nombre":"ANTIFAZ VENECIANO CON BRILLO M3 x12 DA7006","categoria":"Carnaval Carioca","subcategoria":"Antifaces/Pelucas","precio":4872.0,"destacado":false,"descripcion":"","imagen":"assets/products/CA-690127107006.webp","tags":["antifaz","veneciano","con","brillo","x12","da7006"]},{"id":"CA-690127107008","nombre":"ANTIFAZ VENECIANO CON BRILLO M5 x12 DA7008","categoria":"Carnaval Carioca","subcategoria":"Antifaces/Pelucas","precio":4368.0,"destacado":false,"descripcion":"","imagen":"assets/products/CA-690127107008.webp","tags":["antifaz","veneciano","con","brillo","x12","da7008"]},{"id":"CA-803410700280","nombre":"ANTIFAZ VENECIANO CON BRILLO Y PLUMAS  x12 YJ0394","categoria":"Carnaval Carioca","subcategoria":"Antifaces/Pelucas","precio":13122.0,"destacado":false,"descripcion":"","imagen":"assets/products/CA-803410700280.webp","tags":["antifaz","veneciano","con","brillo","plumas","x12","yj0394"]},{"id":"CA-697847977002","nombre":"ANTIFAZ VENECIANO DAMA NEGRO x1 DA7002","categoria":"Carnaval Carioca","subcategoria":"Antifaces/Pelucas","precio":2991.52,"destacado":false,"descripcion":"","imagen":"assets/products/CA-697847977002.webp","tags":["antifaz","veneciano","dama","negro","da7002"]},{"id":"CA-803410700182","nombre":"ANTIFAZ VENECIANO LABRADO GIBRE  x12 YJ0308","categoria":"Carnaval Carioca","subcategoria":"Antifaces/Pelucas","precio":3790.8,"destacado":false,"descripcion":"","imagen":"assets/products/CA-803410700182.webp","tags":["antifaz","veneciano","labrado","gibre","x12","yj0308"]},{"id":"CA-541497890529","nombre":"ANTIFAZ VENECIANO LENTEJUELA TORNASOL x1 PA0529","categoria":"Carnaval Carioca","subcategoria":"Antifaces/Pelucas","precio":1559.24,"destacado":false,"descripcion":"","imagen":"assets/products/CA-541497890529.webp","tags":["antifaz","veneciano","lentejuela","tornasol","pa0529"]},{"id":"CA-690127107007","nombre":"ANTIFAZ VENECIANO MARIPOSA CON BRILLO M4 x12 DA7007","categoria":"Carnaval Carioca","subcategoria":"Antifaces/Pelucas","precio":4872.0,"destacado":false,"descripcion":"","imagen":"assets/products/CA-690127107007.webp","tags":["antifaz","veneciano","mariposa","con","brillo","x12","da7007"]},{"id":"CA-803410700188","nombre":"ANTIFAZ VENECIANO MARIPOSA METALIZADA GIBRE  x12 YJ0314","categoria":"Carnaval Carioca","subcategoria":"Antifaces/Pelucas","precio":3790.8,"destacado":false,"descripcion":"","imagen":"assets/products/CA-803410700188.webp","tags":["antifaz","veneciano","mariposa","metalizada","gibre","x12","yj0314"]},{"id":"CA-803410700184","nombre":"ANTIFAZ VENECIANO METALIZADO  x12 YJ0310","categoria":"Carnaval Carioca","subcategoria":"Antifaces/Pelucas","precio":3790.8,"destacado":false,"descripcion":"","imagen":"assets/products/CA-803410700184.webp","tags":["antifaz","veneciano","metalizado","x12","yj0310"]},{"id":"CA-803410700277","nombre":"ANTIFAZ VENECIANO METALIZADO CON PLUMA x12 YJ0391","categoria":"Carnaval Carioca","subcategoria":"Antifaces/Pelucas","precio":7290.0,"destacado":false,"descripcion":"","imagen":"assets/products/CA-803410700277.webp","tags":["antifaz","veneciano","metalizado","con","pluma","x12","yj0391"]},{"id":"CA-803410700183","nombre":"ANTIFAZ VENECIANO METALIZADO GIBRE x12 YJ0309","categoria":"Carnaval Carioca","subcategoria":"Antifaces/Pelucas","precio":3790.8,"destacado":false,"descripcion":"","imagen":"assets/products/CA-803410700183.webp","tags":["antifaz","veneciano","metalizado","gibre","x12","yj0309"]},{"id":"CA-520155990001","nombre":"ANTIFAZ VENECIANO METALIZADO x1 F001 (Varios colores)","categoria":"Carnaval Carioca","subcategoria":"Antifaces/Pelucas","precio":350.0,"destacado":false,"descripcion":"","imagen":"assets/products/CA-520155990001.webp","tags":["antifaz","veneciano","metalizado","f001","varios","colores"]},{"id":"CA-000000053578","nombre":"ANTIFAZ VENECIANO NEW ORLEANS x1 CL828","categoria":"Carnaval Carioca","subcategoria":"Antifaces/Pelucas","precio":1170.0,"destacado":false,"descripcion":"","imagen":"assets/products/CA-000000053578.webp","tags":["antifaz","veneciano","new","orleans","cl828"]},{"id":"CA-920155701105","nombre":"PELUCA AFRO ARGENTINA x1 CP105","categoria":"Carnaval Carioca","subcategoria":"Antifaces/Pelucas","precio":3197.36,"destacado":false,"descripcion":"","imagen":"assets/products/CA-920155701105.webp","tags":["peluca","afro","argentina","cp105"]},{"id":"CA-779814797316","nombre":"PELUCA CRUELA x1 R.R. PSP16 PS","categoria":"Carnaval Carioca","subcategoria":"Antifaces/Pelucas","precio":5551.88,"destacado":false,"descripcion":"","imagen":"assets/products/CA-779814797316.webp","tags":["peluca","cruela","psp16"]},{"id":"CA-779814797310","nombre":"PELUCA DIABLITA CON CUERNOS x1 PSP10 PS","categoria":"Carnaval Carioca","subcategoria":"Antifaces/Pelucas","precio":4938.85,"destacado":false,"descripcion":"","imagen":"assets/products/CA-779814797310.webp","tags":["peluca","diablita","con","cuernos","psp10"]}]}