{"category_slug":"descartables","subcategory_slug":"otero_linea_polipapel","page":1,"page_size":48,"total":19,"items":[{"id":"CA-779842285415","nombre":"PLATO CUADRADO CHICO ARENA x8u. C.O","categoria":"Descartables","subcategoria":"Otero/ Linea Polipapel","precio":1236.5,"destacado":false,"descripcion":"","imagen":"assets/products/CA-779842285415.webp","tags":["plato","cuadrado","chico","arena","x8u"]},{"id":"CA-779842285421","nombre":"PLATO CUADRADO CHICO MOSTAZA x8u. C.O","categoria":"Descartables","subcategoria":"Otero/ Linea Polipapel","precio":1236.5,"destacado":false,"descripcion":"","imagen":"assets/products/CA-779842285421.webp","tags":["plato","cuadrado","chico","mostaza","x8u"]},{"id":"CA-779842285424","nombre":"PLATO CUADRADO CHICO TERRACOTA x8u. C.O","categoria":"Descartables","subcategoria":"Otero/ Linea Polipapel","precio":1236.5,"destacado":false,"descripcion":"","imagen":"assets/products/CA-779842285424.webp","tags":["plato","cuadrado","chico","terracota","x8u"]},{"id":"CA-779842285418","nombre":"PLATO CUADRADO CHICO VERDE MUSGO x8u. C.O","categoria":"Descartables","subcategoria":"Otero/ Linea Polipapel","precio":1236.5,"destacado":false,"descripcion":"","imagen":"assets/products/CA-779842285418.webp","tags":["plato","cuadrado","chico","verde","musgo","x8u"]},{"id":"CA-779834240883","nombre":"VASO POLIPAPEL FLUO AMARILLO 240cc x8 C.O","categoria":"Descartables","subcategoria":"Otero/ Linea Polipapel","precio":1217.71,"destacado":false,"descripcion":"","imagen":"assets/products/CA-779834240883.webp","tags":["vaso","polipapel","fluo","amarillo","240cc"]},{"id":"CA-779834240887","nombre":"VASO POLIPAPEL FLUO FUCSIA 240cc x8 C.O","categoria":"Descartables","subcategoria":"Otero/ Linea Polipapel","precio":1217.71,"destacado":false,"descripcion":"","imagen":"assets/products/CA-779834240887.webp","tags":["vaso","polipapel","fluo","fucsia","240cc"]},{"id":"CA-779834240891","nombre":"VASO POLIPAPEL FLUO NARANJA 240cc x8 C.O","categoria":"Descartables","subcategoria":"Otero/ Linea Polipapel","precio":1217.71,"destacado":false,"descripcion":"","imagen":"assets/products/CA-779834240891.webp","tags":["vaso","polipapel","fluo","naranja","240cc"]},{"id":"CA-779834240895","nombre":"VASO POLIPAPEL FLUO VERDE 240cc x8 C.O","categoria":"Descartables","subcategoria":"Otero/ Linea Polipapel","precio":1217.71,"destacado":false,"descripcion":"","imagen":"assets/products/CA-779834240895.webp","tags":["vaso","polipapel","fluo","verde","240cc"]},{"id":"CA-779834240466","nombre":"VASO POLIPAPEL LISO AMARILLO 240 cc x8 C.O","categoria":"Descartables","subcategoria":"Otero/ Linea Polipapel","precio":1108.32,"destacado":false,"descripcion":"","imagen":"assets/products/CA-779834240466.webp","tags":["vaso","polipapel","liso","amarillo","240"]},{"id":"CA-779842285417","nombre":"VASO POLIPAPEL LISO ARENA 240 cc x8 C.O","categoria":"Descartables","subcategoria":"Otero/ Linea Polipapel","precio":1217.71,"destacado":false,"descripcion":"","imagen":"assets/products/CA-779842285417.webp","tags":["vaso","polipapel","liso","arena","240"]},{"id":"CA-779834240473","nombre":"VASO POLIPAPEL LISO AZUL 240 cc x8 C.O","categoria":"Descartables","subcategoria":"Otero/ Linea Polipapel","precio":1108.32,"destacado":false,"descripcion":"","imagen":"assets/products/CA-779834240473.webp","tags":["vaso","polipapel","liso","azul","240"]},{"id":"CA-779834240214","nombre":"VASO POLIPAPEL LISO CELESTE PASTEL 240 cc x8 C.O","categoria":"Descartables","subcategoria":"Otero/ Linea Polipapel","precio":1108.32,"destacado":false,"descripcion":"","imagen":"assets/products/CA-779834240214.webp","tags":["vaso","polipapel","liso","celeste","pastel","240"]},{"id":"CA-779842285423","nombre":"VASO POLIPAPEL LISO MOSTAZA 240 cc x8 C.O","categoria":"Descartables","subcategoria":"Otero/ Linea Polipapel","precio":1217.71,"destacado":false,"descripcion":"","imagen":"assets/products/CA-779842285423.webp","tags":["vaso","polipapel","liso","mostaza","240"]},{"id":"CA-779834240487","nombre":"VASO POLIPAPEL LISO NEGRO 240 cc x8 C.O","categoria":"Descartables","subcategoria":"Otero/ Linea Polipapel","precio":1108.32,"destacado":false,"descripcion":"","imagen":"assets/products/CA-779834240487.webp","tags":["vaso","polipapel","liso","negro","240"]},{"id":"CA-779834240494","nombre":"VASO POLIPAPEL LISO ROJO 240 cc x8 C.O","categoria":"Descartables","subcategoria":"Otero/ Linea Polipapel","precio":1108.32,"destacado":false,"descripcion":"","imagen":"assets/products/CA-779834240494.webp","tags":["vaso","polipapel","liso","rojo","240"]},{"id":"CA-779834240220","nombre":"VASO POLIPAPEL LISO ROSA PASTEL 240cc x8 C.O","categoria":"Descartables","subcategoria":"Otero/ Linea Polipapel","precio":1108.32,"destacado":false,"descripcion":"","imagen":"assets/products/CA-779834240220.webp","tags":["vaso","polipapel","liso","rosa","pastel","240cc"]},{"id":"CA-779842285426","nombre":"VASO POLIPAPEL LISO TERRACOTA 240 cc x8 C.O","categoria":"Descartables","subcategoria":"Otero/ Linea Polipapel","precio":1217.71,"destacado":false,"descripcion":"","imagen":"assets/products/CA-779842285426.webp","tags":["vaso","polipapel","liso","terracota","240"]},{"id":"CA-779834240501","nombre":"VASO POLIPAPEL LISO VERDE 240 cc x8 C.O","categoria":"Descartables","subcategoria":"Otero/ Linea Polipapel","precio":1108.32,"destacado":false,"descripcion":"","imagen":"assets/products/CA-779834240501.webp","tags":["vaso","polipapel","liso","verde","240"]},{"id":"CA-779842285420","nombre":"VASO POLIPAPEL LISO VERDE MUSGO 240 cc x8 C.O","categoria":"Descartables","subcategoria":"Otero/ Linea Polipapel","precio":1217.71,"destacado":false,"descripcion":"","imagen":"assets/products/CA-779842285420.webp","tags":["vaso","polipapel","liso","verde","musgo","240"]}]}