{"category_slug":"cotillon","subcategory_slug":"accesorios_y_sets_para_disfraces_tutu","page":4,"page_size":48,"total":275,"items":[{"id":"CA-890202409021","nombre":"NARIZ DE PAYASO GOMA ESPUMA x12  MM190-21","categoria":"Cotillon","subcategoria":"Accesorios Y Sets Para Disfraces / Tutu","precio":4641.87,"destacado":false,"descripcion":"","imagen":"assets/products/CA-890202409021.webp","tags":["nariz","payaso","goma","espuma","x12","mm190"]},{"id":"CA-779908803671","nombre":"PELUCA CHARLESTON RUBIA x1 PSP38A PS","categoria":"Cotillon","subcategoria":"Accesorios Y Sets Para Disfraces / Tutu","precio":5489.58,"destacado":false,"descripcion":"","imagen":"assets/products/CA-779908803671.webp","tags":["peluca","charleston","rubia","psp38a"]},{"id":"CA-779832235467","nombre":"PIPA PLASTICA DETECTIVE x1 AC142  PS","categoria":"Cotillon","subcategoria":"Accesorios Y Sets Para Disfraces / Tutu","precio":1965.95,"destacado":false,"descripcion":"","imagen":"assets/products/CA-779832235467.webp","tags":["pipa","plastica","detective","ac142"]},{"id":"CA-695420230927","nombre":"POLLERA HAWAIANA METALIZADA MULTICOLOR x1 MM09-27","categoria":"Cotillon","subcategoria":"Accesorios Y Sets Para Disfraces / Tutu","precio":2082.19,"destacado":false,"descripcion":"","imagen":"assets/products/CA-695420230927.webp","tags":["pollera","hawaiana","metalizada","multicolor","mm09"]},{"id":"CA-779812603541","nombre":"POLLERA HAWAIANA PLASTICA MULTICOLOR FLUO x1","categoria":"Cotillon","subcategoria":"Accesorios Y Sets Para Disfraces / Tutu","precio":2041.2,"destacado":false,"descripcion":"","imagen":"assets/products/CA-779812603541.webp","tags":["pollera","hawaiana","plastica","multicolor","fluo"]},{"id":"CA-779812603548","nombre":"POLLERA HAWAIANA PLASTICA MULTICOLOR x1","categoria":"Cotillon","subcategoria":"Accesorios Y Sets Para Disfraces / Tutu","precio":1868.4,"destacado":false,"descripcion":"","imagen":"assets/products/CA-779812603548.webp","tags":["pollera","hawaiana","plastica","multicolor"]},{"id":"CA-695526751339","nombre":"POLLERA PREMIUM DE LENTEJUELAS DORADA/PLATEADA x1 U2411-39","categoria":"Cotillon","subcategoria":"Accesorios Y Sets Para Disfraces / Tutu","precio":11684.4,"destacado":false,"descripcion":"","imagen":"assets/products/CA-695526751339.webp","tags":["pollera","premium","lentejuelas","dorada","plateada","u2411"]},{"id":"CA-000000047021","nombre":"REVOLVER COWBOY PLASTICO x1","categoria":"Cotillon","subcategoria":"Accesorios Y Sets Para Disfraces / Tutu","precio":1640.25,"destacado":false,"descripcion":"","imagen":"assets/products/CA-000000047021.webp","tags":["revolver","cowboy","plastico"]},{"id":"CA-202598000118","nombre":"SET ABEJA TIRADOR - MOÑO - ANTEOJO 3pcs x1 DC118","categoria":"Cotillon","subcategoria":"Accesorios Y Sets Para Disfraces / Tutu","precio":6393.6,"destacado":false,"descripcion":"","imagen":"assets/products/CA-202598000118.webp","tags":["set","abeja","tirador","moño","anteojo","3pcs","dc118"]},{"id":"CA-202580000417","nombre":"SET ABEJA VINCHA - GUANTE - ANTEOJO 4pcs x1 FP417-01","categoria":"Cotillon","subcategoria":"Accesorios Y Sets Para Disfraces / Tutu","precio":6009.6,"destacado":false,"descripcion":"","imagen":"assets/products/CA-202580000417.webp","tags":["set","abeja","vincha","guante","anteojo","4pcs","fp417"]},{"id":"CA-690240009593","nombre":"SET ANGELITO  x1 DG9593A  (pollera-ala--aureola)","categoria":"Cotillon","subcategoria":"Accesorios Y Sets Para Disfraces / Tutu","precio":3962.0,"destacado":false,"descripcion":"","imagen":"assets/products/CA-690240009593.webp","tags":["set","angelito","dg9593a","pollera","ala","aureola"]},{"id":"CA-000000048923","nombre":"SET ARACNIDO PECHERA Y CARETA x1 ECHYZOS","categoria":"Cotillon","subcategoria":"Accesorios Y Sets Para Disfraces / Tutu","precio":5112.24,"destacado":false,"descripcion":"","imagen":"assets/products/CA-000000048923.webp","tags":["set","aracnido","pechera","careta","echyzos"]},{"id":"CA-779908804458","nombre":"SET ARCO Y FLECHA CUPIDO x1 GOAC47  PS","categoria":"Cotillon","subcategoria":"Accesorios Y Sets Para Disfraces / Tutu","precio":5658.1,"destacado":false,"descripcion":"","imagen":"assets/products/CA-779908804458.webp","tags":["set","arco","flecha","cupido","goac47"]},{"id":"CA-856685546634","nombre":"SET AÑOS 70 (bandana, lentes, tiradores) x1 DG6634A","categoria":"Cotillon","subcategoria":"Accesorios Y Sets Para Disfraces / Tutu","precio":5969.04,"destacado":false,"descripcion":"","imagen":"assets/products/CA-856685546634.webp","tags":["set","años","bandana","lentes","tiradores","dg6634a"]},{"id":"CA-792025006623","nombre":"SET AÑOS 80 (5 piezas) varios colores x1 DG6623A","categoria":"Cotillon","subcategoria":"Accesorios Y Sets Para Disfraces / Tutu","precio":6384.11,"destacado":false,"descripcion":"","imagen":"assets/products/CA-792025006623.webp","tags":["set","años","piezas","varios","colores","dg6623a"]},{"id":"CA-000000048924","nombre":"SET BATMAN  PECHERA Y CARETA x1 ECHYZOS","categoria":"Cotillon","subcategoria":"Accesorios Y Sets Para Disfraces / Tutu","precio":5406.0,"destacado":false,"descripcion":"","imagen":"assets/products/CA-000000048924.webp","tags":["set","batman","pechera","careta","echyzos"]},{"id":"CA-202598000606","nombre":"SET BOMBERO 5 PIEZAS DC 606-01","categoria":"Cotillon","subcategoria":"Accesorios Y Sets Para Disfraces / Tutu","precio":8083.36,"destacado":false,"descripcion":"","imagen":"assets/products/CA-202598000606.webp","tags":["set","bombero","piezas","606"]},{"id":"CA-202598000519","nombre":"SET BOMBERO HERRAMIENTAS Y CASCO x1 DC519","categoria":"Cotillon","subcategoria":"Accesorios Y Sets Para Disfraces / Tutu","precio":6610.34,"destacado":false,"descripcion":"","imagen":"assets/products/CA-202598000519.webp","tags":["set","bombero","herramientas","casco","dc519"]},{"id":"CA-000000048926","nombre":"SET CAPITAN AMERICA PECHERA Y CARETA x1 ECHYZOS","categoria":"Cotillon","subcategoria":"Accesorios Y Sets Para Disfraces / Tutu","precio":5112.24,"destacado":false,"descripcion":"","imagen":"assets/products/CA-000000048926.webp","tags":["set","capitan","america","pechera","careta","echyzos"]},{"id":"CA-250619123026","nombre":"SET CAPITAN x1 DG6078A","categoria":"Cotillon","subcategoria":"Accesorios Y Sets Para Disfraces / Tutu","precio":10252.7,"destacado":false,"descripcion":"","imagen":"assets/products/CA-250619123026.webp","tags":["set","capitan","dg6078a"]},{"id":"CA-541497890131","nombre":"SET CHARLESTON 3 PIEZAS PREMIUM x1 PA0131","categoria":"Cotillon","subcategoria":"Accesorios Y Sets Para Disfraces / Tutu","precio":6136.35,"destacado":false,"descripcion":"","imagen":"assets/products/CA-541497890131.webp","tags":["set","charleston","piezas","premium","pa0131"]},{"id":"CA-000000030915","nombre":"SET CON ACCESORIO ESPECIAL DE COCINERA x1 ECHYZOS","categoria":"Cotillon","subcategoria":"Accesorios Y Sets Para Disfraces / Tutu","precio":4119.44,"destacado":false,"descripcion":"","imagen":"assets/products/CA-000000030915.webp","tags":["set","con","accesorio","especial","cocinera","echyzos"]},{"id":"CA-000000053394","nombre":"SET CON ACCESORIO FLOR PRIMAVERA x1 CR","categoria":"Cotillon","subcategoria":"Accesorios Y Sets Para Disfraces / Tutu","precio":6952.5,"destacado":false,"descripcion":"","imagen":"assets/products/CA-000000053394.webp","tags":["set","con","accesorio","flor","primavera"]},{"id":"CA-000000047982","nombre":"SET CON ACCESORIO POLLERA FLORAL x1 ECHYZOS","categoria":"Cotillon","subcategoria":"Accesorios Y Sets Para Disfraces / Tutu","precio":4119.44,"destacado":false,"descripcion":"","imagen":"assets/products/CA-000000047982.webp","tags":["set","con","accesorio","pollera","floral","echyzos"]},{"id":"CA-000000048730","nombre":"SET CON ACCESORIO POLLERA PRINCESA x1 ECHYZOS","categoria":"Cotillon","subcategoria":"Accesorios Y Sets Para Disfraces / Tutu","precio":5182.96,"destacado":false,"descripcion":"","imagen":"assets/products/CA-000000048730.webp","tags":["set","con","accesorio","pollera","princesa","echyzos"]},{"id":"CA-000000041079","nombre":"SET CON ACCESORIO RATONA MINI x1 ECHYZOS","categoria":"Cotillon","subcategoria":"Accesorios Y Sets Para Disfraces / Tutu","precio":5182.96,"destacado":false,"descripcion":"","imagen":"assets/products/CA-000000041079.webp","tags":["set","con","accesorio","ratona","mini","echyzos"]},{"id":"CA-000000030918","nombre":"SET CON ACCESORIOS MAGO x1 ECHYZOS","categoria":"Cotillon","subcategoria":"Accesorios Y Sets Para Disfraces / Tutu","precio":4119.44,"destacado":false,"descripcion":"","imagen":"assets/products/CA-000000030918.webp","tags":["set","con","accesorios","mago","echyzos"]},{"id":"CA-000000043810","nombre":"SET CON ACCESORIOS RATON x1 ECHYZOS","categoria":"Cotillon","subcategoria":"Accesorios Y Sets Para Disfraces / Tutu","precio":5350.24,"destacado":false,"descripcion":"","imagen":"assets/products/CA-000000043810.webp","tags":["set","con","accesorios","raton","echyzos"]},{"id":"CA-000000040174","nombre":"SET CON ACCESORIOS UNICORNIO x1 ECHYZOS","categoria":"Cotillon","subcategoria":"Accesorios Y Sets Para Disfraces / Tutu","precio":5182.96,"destacado":false,"descripcion":"","imagen":"assets/products/CA-000000040174.webp","tags":["set","con","accesorios","unicornio","echyzos"]},{"id":"CA-202562000750","nombre":"SET CONEJITA BLANCA SEXY  x1 FP0750-02","categoria":"Cotillon","subcategoria":"Accesorios Y Sets Para Disfraces / Tutu","precio":8344.35,"destacado":false,"descripcion":"","imagen":"assets/products/CA-202562000750.webp","tags":["set","conejita","blanca","sexy","fp0750"]},{"id":"CA-788820249700","nombre":"SET CONEJITA PLAYBOY x1 DG9700A (moño-vincha-puños)","categoria":"Cotillon","subcategoria":"Accesorios Y Sets Para Disfraces / Tutu","precio":4547.82,"destacado":false,"descripcion":"","imagen":"assets/products/CA-788820249700.webp","tags":["set","conejita","playboy","dg9700a","moño","vincha","puños"]},{"id":"CA-202560000750","nombre":"SET CONEJITA ROJA SEXY  x1 FP0750-01","categoria":"Cotillon","subcategoria":"Accesorios Y Sets Para Disfraces / Tutu","precio":8344.35,"destacado":false,"descripcion":"","imagen":"assets/products/CA-202560000750.webp","tags":["set","conejita","roja","sexy","fp0750"]},{"id":"CA-792025006603","nombre":"SET CONEJITA SEXY x1 DG6603A","categoria":"Cotillon","subcategoria":"Accesorios Y Sets Para Disfraces / Tutu","precio":9129.12,"destacado":false,"descripcion":"","imagen":"assets/products/CA-792025006603.webp","tags":["set","conejita","sexy","dg6603a"]},{"id":"CA-792025006606","nombre":"SET CONEJITA SEXY x1 DG6606A","categoria":"Cotillon","subcategoria":"Accesorios Y Sets Para Disfraces / Tutu","precio":6320.16,"destacado":false,"descripcion":"","imagen":"assets/products/CA-792025006606.webp","tags":["set","conejita","sexy","dg6606a"]},{"id":"CA-792025006607","nombre":"SET CONEJITA SEXY x1 DG6607A","categoria":"Cotillon","subcategoria":"Accesorios Y Sets Para Disfraces / Tutu","precio":6320.16,"destacado":false,"descripcion":"","imagen":"assets/products/CA-792025006607.webp","tags":["set","conejita","sexy","dg6607a"]},{"id":"CA-202598020606","nombre":"SET CONSTRUCTOR 7 PIEZAS DC 606-02","categoria":"Cotillon","subcategoria":"Accesorios Y Sets Para Disfraces / Tutu","precio":8083.36,"destacado":false,"descripcion":"","imagen":"assets/products/CA-202598020606.webp","tags":["set","constructor","piezas","606"]},{"id":"CA-202598000518","nombre":"SET CONSTRUCTOR HERRAMIENTAS Y CASCO DC518","categoria":"Cotillon","subcategoria":"Accesorios Y Sets Para Disfraces / Tutu","precio":6610.34,"destacado":false,"descripcion":"","imagen":"assets/products/CA-202598000518.webp","tags":["set","constructor","herramientas","casco","dc518"]},{"id":"CA-250619123030","nombre":"SET CORBATA, LENTES Y SOMBRERO NEGRO x1 DG6083A","categoria":"Cotillon","subcategoria":"Accesorios Y Sets Para Disfraces / Tutu","precio":7644.0,"destacado":false,"descripcion":"","imagen":"assets/products/CA-250619123030.webp","tags":["set","corbata","lentes","sombrero","negro","dg6083a"]},{"id":"CA-202598010607","nombre":"SET COWBOY 4 PIEZAS DC607-01","categoria":"Cotillon","subcategoria":"Accesorios Y Sets Para Disfraces / Tutu","precio":7342.27,"destacado":false,"descripcion":"","imagen":"assets/products/CA-202598010607.webp","tags":["set","cowboy","piezas","dc607"]},{"id":"CA-000000055964","nombre":"SET DE MARIPOSA ANGEL WINGS x1 CL504/U23-427","categoria":"Cotillon","subcategoria":"Accesorios Y Sets Para Disfraces / Tutu","precio":3510.0,"destacado":false,"descripcion":"","imagen":"assets/products/CA-000000055964.webp","tags":["set","mariposa","angel","wings","cl504","u23","427"]},{"id":"CA-250619123011","nombre":"SET DISCO (collar, aros, lentes, vincha) x1 DG6062A","categoria":"Cotillon","subcategoria":"Accesorios Y Sets Para Disfraces / Tutu","precio":9129.12,"destacado":false,"descripcion":"","imagen":"assets/products/CA-250619123011.webp","tags":["set","disco","collar","aros","lentes","vincha","dg6062a"]},{"id":"CA-250619123012","nombre":"SET DISCO (vincha, lentes, aros, collar, pulsera) X1 DG6063A","categoria":"Cotillon","subcategoria":"Accesorios Y Sets Para Disfraces / Tutu","precio":10533.6,"destacado":false,"descripcion":"","imagen":"assets/products/CA-250619123012.webp","tags":["set","disco","vincha","lentes","aros","collar","pulsera","dg6063a"]},{"id":"CA-000000008783","nombre":"SET DISFRAZ CAPA REINA x1 (capa,cetro,corona)","categoria":"Cotillon","subcategoria":"Accesorios Y Sets Para Disfraces / Tutu","precio":4932.9,"destacado":false,"descripcion":"","imagen":"assets/products/CA-000000008783.webp","tags":["set","disfraz","capa","reina","capa","cetro","corona"]},{"id":"CA-000000008790","nombre":"SET DISFRAZ CHALECO BOMBERO x1 (chaleco,hacha,silbato,handy)","categoria":"Cotillon","subcategoria":"Accesorios Y Sets Para Disfraces / Tutu","precio":4932.9,"destacado":false,"descripcion":"","imagen":"assets/products/CA-000000008790.webp","tags":["set","disfraz","chaleco","bombero","chaleco","hacha","silbato","handy"]},{"id":"CA-000000008791","nombre":"SET DISFRAZ CHALECO COCINERO x1 (delantal,gorro,cuchilla)","categoria":"Cotillon","subcategoria":"Accesorios Y Sets Para Disfraces / Tutu","precio":4932.9,"destacado":false,"descripcion":"","imagen":"assets/products/CA-000000008791.webp","tags":["set","disfraz","chaleco","cocinero","delantal","gorro","cuchilla"]},{"id":"CA-000000008206","nombre":"SET DISFRAZ CHALECO PIRATA x1 (chaleco,espada,pañuelo,parche)","categoria":"Cotillon","subcategoria":"Accesorios Y Sets Para Disfraces / Tutu","precio":4932.9,"destacado":false,"descripcion":"","imagen":"assets/products/CA-000000008206.webp","tags":["set","disfraz","chaleco","pirata","chaleco","espada","pañuelo","parche"]},{"id":"CA-000000008788","nombre":"SET DISFRAZ CHALECO POLICIA x1 (cachiporra,chaleco,gorro)","categoria":"Cotillon","subcategoria":"Accesorios Y Sets Para Disfraces / Tutu","precio":4932.9,"destacado":false,"descripcion":"","imagen":"assets/products/CA-000000008788.webp","tags":["set","disfraz","chaleco","policia","cachiporra","chaleco","gorro"]},{"id":"CA-000000008796","nombre":"SET DISFRAZ CHALECO SOLDADO x1 (boina,chaleco,handy,granada)","categoria":"Cotillon","subcategoria":"Accesorios Y Sets Para Disfraces / Tutu","precio":4932.9,"destacado":false,"descripcion":"","imagen":"assets/products/CA-000000008796.webp","tags":["set","disfraz","chaleco","soldado","boina","chaleco","handy","granada"]}]}