{"category_slug":"cotillon","subcategory_slug":"accesorios_y_sets_para_disfraces_tutu","page":5,"page_size":48,"total":275,"items":[{"id":"CA-000000008786","nombre":"SET DISFRAZ CHALECO ZORRO x1 (antifaz,capa,espada,gorro)","categoria":"Cotillon","subcategoria":"Accesorios Y Sets Para Disfraces / Tutu","precio":4932.9,"destacado":false,"descripcion":"","imagen":"assets/products/CA-000000008786.webp","tags":["set","disfraz","chaleco","zorro","antifaz","capa","espada","gorro"]},{"id":"CA-202580000422","nombre":"SET GANGSTER ANTEOJO - COLLAR - PULSERA 3pcs x1 FP422","categoria":"Cotillon","subcategoria":"Accesorios Y Sets Para Disfraces / Tutu","precio":6782.4,"destacado":false,"descripcion":"","imagen":"assets/products/CA-202580000422.webp","tags":["set","gangster","anteojo","collar","pulsera","3pcs","fp422"]},{"id":"CA-792025006604","nombre":"SET GATITA SEXY x1 DG6604A","categoria":"Cotillon","subcategoria":"Accesorios Y Sets Para Disfraces / Tutu","precio":10172.4,"destacado":false,"descripcion":"","imagen":"assets/products/CA-792025006604.webp","tags":["set","gatita","sexy","dg6604a"]},{"id":"CA-788820249696","nombre":"SET GATITO SEXY CON COLA x1 DG9696A (varios colores)","categoria":"Cotillon","subcategoria":"Accesorios Y Sets Para Disfraces / Tutu","precio":3335.05,"destacado":false,"descripcion":"","imagen":"assets/products/CA-788820249696.webp","tags":["set","gatito","sexy","con","cola","dg9696a","varios","colores"]},{"id":"CA-250619123007","nombre":"SET GLAM PRINCESS OSTRAS  (moño, lentes, aros, collar, pulsera) x1 DG6058A","categoria":"Cotillon","subcategoria":"Accesorios Y Sets Para Disfraces / Tutu","precio":13328.0,"destacado":false,"descripcion":"","imagen":"assets/products/CA-250619123007.webp","tags":["set","glam","princess","ostras","moño","lentes","aros","collar","pulsera","dg6058a"]},{"id":"CA-250619123029","nombre":"SET GORRA, LENTES Y COLLAR  x1 DG6082A","categoria":"Cotillon","subcategoria":"Accesorios Y Sets Para Disfraces / Tutu","precio":13857.2,"destacado":false,"descripcion":"","imagen":"assets/products/CA-250619123029.webp","tags":["set","gorra","lentes","collar","dg6082a"]},{"id":"CA-000000048238","nombre":"SET HALLOWEEN ECHYZOS DRACULA x1","categoria":"Cotillon","subcategoria":"Accesorios Y Sets Para Disfraces / Tutu","precio":3892.05,"destacado":false,"descripcion":"","imagen":"assets/products/CA-000000048238.webp","tags":["set","halloween","echyzos","dracula"]},{"id":"CA-541497890129","nombre":"SET HIPIEE 5 PIEZAS PREMIUM x1 PA0129","categoria":"Cotillon","subcategoria":"Accesorios Y Sets Para Disfraces / Tutu","precio":11340.0,"destacado":false,"descripcion":"","imagen":"assets/products/CA-541497890129.webp","tags":["set","hipiee","piezas","premium","pa0129"]},{"id":"CA-541497890151","nombre":"SET HIPIEE PEACE 3 PIEZAS  x1 PA0151","categoria":"Cotillon","subcategoria":"Accesorios Y Sets Para Disfraces / Tutu","precio":4966.41,"destacado":false,"descripcion":"","imagen":"assets/products/CA-541497890151.webp","tags":["set","hipiee","peace","piezas","pa0151"]},{"id":"CA-250619123010","nombre":"SET HIPPIE ANIMAL PRINT (vincha, lentes, aros, collar) X1 DG6061A","categoria":"Cotillon","subcategoria":"Accesorios Y Sets Para Disfraces / Tutu","precio":9129.12,"destacado":false,"descripcion":"","imagen":"assets/products/CA-250619123010.webp","tags":["set","hippie","animal","print","vincha","lentes","aros","collar","dg6061a"]},{"id":"CA-250619123015","nombre":"SET HIPPIE FUCSIA (vincha, lentes, aros, collar) X1 DG6066A","categoria":"Cotillon","subcategoria":"Accesorios Y Sets Para Disfraces / Tutu","precio":6671.28,"destacado":false,"descripcion":"","imagen":"assets/products/CA-250619123015.webp","tags":["set","hippie","fucsia","vincha","lentes","aros","collar","dg6066a"]},{"id":"CA-250619123009","nombre":"SET HIPPIE MULTICOLOR (bandana, lentes, collar) X1 DG6060A","categoria":"Cotillon","subcategoria":"Accesorios Y Sets Para Disfraces / Tutu","precio":5477.47,"destacado":false,"descripcion":"","imagen":"assets/products/CA-250619123009.webp","tags":["set","hippie","multicolor","bandana","lentes","collar","dg6060a"]},{"id":"CA-250619123016","nombre":"SET HIPPIE MULTICOLOR (vincha, lentes, aros, collar) X1 DG6067A","categoria":"Cotillon","subcategoria":"Accesorios Y Sets Para Disfraces / Tutu","precio":6671.28,"destacado":false,"descripcion":"","imagen":"assets/products/CA-250619123016.webp","tags":["set","hippie","multicolor","vincha","lentes","aros","collar","dg6067a"]},{"id":"CA-250619123017","nombre":"SET HIPPIE MULTICOLOR (vincha, lentes, aros, collar) X1 DG6068A","categoria":"Cotillon","subcategoria":"Accesorios Y Sets Para Disfraces / Tutu","precio":6671.28,"destacado":false,"descripcion":"","imagen":"assets/products/CA-250619123017.webp","tags":["set","hippie","multicolor","vincha","lentes","aros","collar","dg6068a"]},{"id":"CA-250619123019","nombre":"SET HIPPIE VARIOS COLORES (vincha, lentes, aros, collar) X1 DG6070A","categoria":"Cotillon","subcategoria":"Accesorios Y Sets Para Disfraces / Tutu","precio":7724.64,"destacado":false,"descripcion":"","imagen":"assets/products/CA-250619123019.webp","tags":["set","hippie","varios","colores","vincha","lentes","aros","collar","dg6070a"]},{"id":"CA-250619123003","nombre":"SET LENTES Y CADENA GRANDE x1 DG6054A","categoria":"Cotillon","subcategoria":"Accesorios Y Sets Para Disfraces / Tutu","precio":6460.61,"destacado":false,"descripcion":"","imagen":"assets/products/CA-250619123003.webp","tags":["set","lentes","cadena","grande","dg6054a"]},{"id":"CA-792025006605","nombre":"SET LEOPARDO SEXY x1 DG6605A","categoria":"Cotillon","subcategoria":"Accesorios Y Sets Para Disfraces / Tutu","precio":6671.28,"destacado":false,"descripcion":"","imagen":"assets/products/CA-792025006605.webp","tags":["set","leopardo","sexy","dg6605a"]},{"id":"CA-250619123033","nombre":"SET MAFIOSO  x1 DG6088A","categoria":"Cotillon","subcategoria":"Accesorios Y Sets Para Disfraces / Tutu","precio":15098.16,"destacado":false,"descripcion":"","imagen":"assets/products/CA-250619123033.webp","tags":["set","mafioso","dg6088a"]},{"id":"CA-250619123022","nombre":"SET MAFIOSO (tiradores, sombrero, pipa) X1 DG6074A","categoria":"Cotillon","subcategoria":"Accesorios Y Sets Para Disfraces / Tutu","precio":7022.4,"destacado":false,"descripcion":"","imagen":"assets/products/CA-250619123022.webp","tags":["set","mafioso","tiradores","sombrero","pipa","dg6074a"]},{"id":"CA-250619123023","nombre":"SET MAGO (moño, guantes, sombrero, varita) x1 DG6075A","categoria":"Cotillon","subcategoria":"Accesorios Y Sets Para Disfraces / Tutu","precio":5897.47,"destacado":false,"descripcion":"","imagen":"assets/products/CA-250619123023.webp","tags":["set","mago","moño","guantes","sombrero","varita","dg6075a"]},{"id":"CA-000000050077","nombre":"SET MARIO BROSS PECHERA Y CARETA x1 ECHYZOS","categoria":"Cotillon","subcategoria":"Accesorios Y Sets Para Disfraces / Tutu","precio":5514.8,"destacado":false,"descripcion":"","imagen":"assets/products/CA-000000050077.webp","tags":["set","mario","bross","pechera","careta","echyzos"]},{"id":"CA-202598000608","nombre":"SET MILITAR 4 PIEZAS DC608-01","categoria":"Cotillon","subcategoria":"Accesorios Y Sets Para Disfraces / Tutu","precio":6610.34,"destacado":false,"descripcion":"","imagen":"assets/products/CA-202598000608.webp","tags":["set","militar","piezas","dc608"]},{"id":"CA-788820249702","nombre":"SET MUCAMITA EROTICA  x1 DG9702A (plumero-delantal-vincha-puños)","categoria":"Cotillon","subcategoria":"Accesorios Y Sets Para Disfraces / Tutu","precio":4547.82,"destacado":false,"descripcion":"","imagen":"assets/products/CA-788820249702.webp","tags":["set","mucamita","erotica","dg9702a","plumero","delantal","vincha","puños"]},{"id":"CA-000000049794","nombre":"SET MUJER  MARAVILLA (vincha, puños,cinturón)","categoria":"Cotillon","subcategoria":"Accesorios Y Sets Para Disfraces / Tutu","precio":3780.0,"destacado":false,"descripcion":"","imagen":"assets/products/CA-000000049794.webp","tags":["set","mujer","maravilla","vincha","puños","cinturón"]},{"id":"CA-692024255021","nombre":"SET PELUCHE DALMATA ( COLA - VINCHA - MOÑO ) x1 MM55-01L","categoria":"Cotillon","subcategoria":"Accesorios Y Sets Para Disfraces / Tutu","precio":1981.84,"destacado":false,"descripcion":"","imagen":"assets/products/CA-692024255021.webp","tags":["set","peluche","dalmata","cola","vincha","moño","mm55","01l"]},{"id":"CA-692024255011","nombre":"SET PELUCHE GATO ( COLA - VINCHA - MOÑO ) x1 MM55-01B","categoria":"Cotillon","subcategoria":"Accesorios Y Sets Para Disfraces / Tutu","precio":1823.9,"destacado":false,"descripcion":"","imagen":"assets/products/CA-692024255011.webp","tags":["set","peluche","gato","cola","vincha","moño","mm55","01b"]},{"id":"CA-692023055014","nombre":"SET PELUCHE LEOPARDO ( COLA - VINCHA - MOÑO ) x1  MM55-01E","categoria":"Cotillon","subcategoria":"Accesorios Y Sets Para Disfraces / Tutu","precio":1823.9,"destacado":false,"descripcion":"","imagen":"assets/products/CA-692023055014.webp","tags":["set","peluche","leopardo","cola","vincha","moño","mm55","01e"]},{"id":"CA-692024255010","nombre":"SET PELUCHE VACA ( COLA - VINCHA - MOÑO ) x1  MM55-01A","categoria":"Cotillon","subcategoria":"Accesorios Y Sets Para Disfraces / Tutu","precio":1823.9,"destacado":false,"descripcion":"","imagen":"assets/products/CA-692024255010.webp","tags":["set","peluche","vaca","cola","vincha","moño","mm55","01a"]},{"id":"CA-000000042471","nombre":"SET PERSONAJE VAQUERO T0 x1 ECHYZOS (2-4años)","categoria":"Cotillon","subcategoria":"Accesorios Y Sets Para Disfraces / Tutu","precio":6115.92,"destacado":false,"descripcion":"","imagen":"assets/products/CA-000000042471.webp","tags":["set","personaje","vaquero","echyzos","4años"]},{"id":"CA-000000042469","nombre":"SET PERSONAJE VAQUERO T1 x1 ECHYZOS (5-7años)","categoria":"Cotillon","subcategoria":"Accesorios Y Sets Para Disfraces / Tutu","precio":6115.92,"destacado":false,"descripcion":"","imagen":"assets/products/CA-000000042469.webp","tags":["set","personaje","vaquero","echyzos","7años"]},{"id":"CA-000000042470","nombre":"SET PERSONAJE VAQUERO T2 x1 ECHYZOS (7-9años)","categoria":"Cotillon","subcategoria":"Accesorios Y Sets Para Disfraces / Tutu","precio":6115.92,"destacado":false,"descripcion":"","imagen":"assets/products/CA-000000042470.webp","tags":["set","personaje","vaquero","echyzos","9años"]},{"id":"CA-250619123002","nombre":"SET POLICIA (lentes, esposas, placa) x1 DG6053A","categoria":"Cotillon","subcategoria":"Accesorios Y Sets Para Disfraces / Tutu","precio":8286.43,"destacado":false,"descripcion":"","imagen":"assets/products/CA-250619123002.webp","tags":["set","policia","lentes","esposas","placa","dg6053a"]},{"id":"CA-250619123001","nombre":"SET POLICIAL (lentes, esposa, medalla)  x1 DG6052A","categoria":"Cotillon","subcategoria":"Accesorios Y Sets Para Disfraces / Tutu","precio":5758.37,"destacado":false,"descripcion":"","imagen":"assets/products/CA-250619123001.webp","tags":["set","policial","lentes","esposa","medalla","dg6052a"]},{"id":"CA-250619123013","nombre":"SET RETRO NEGRO CON LUNARES (vincha, lentes, aros, collar, pulsera) x1 DG6064A","categoria":"Cotillon","subcategoria":"Accesorios Y Sets Para Disfraces / Tutu","precio":9831.36,"destacado":false,"descripcion":"","imagen":"assets/products/CA-250619123013.webp","tags":["set","retro","negro","con","lunares","vincha","lentes","aros","collar","pulsera","dg6064a"]},{"id":"CA-250619123014","nombre":"SET RETRO ROJO CON LUNARES (vincha, lentes, aros, collar, guantes) x1 DG6065A","categoria":"Cotillon","subcategoria":"Accesorios Y Sets Para Disfraces / Tutu","precio":10533.6,"destacado":false,"descripcion":"","imagen":"assets/products/CA-250619123014.webp","tags":["set","retro","rojo","con","lunares","vincha","lentes","aros","collar","guantes","dg6065a"]},{"id":"CA-692932319118","nombre":"SET SIRENA 3 PIEZAS (VINCHA-VARITA-TUTU) x1 ILC2510-245","categoria":"Cotillon","subcategoria":"Accesorios Y Sets Para Disfraces / Tutu","precio":6525.09,"destacado":false,"descripcion":"","imagen":"assets/products/CA-692932319118.webp","tags":["set","sirena","piezas","vincha","varita","tutu","ilc2510","245"]},{"id":"CA-202598000520","nombre":"SET SOLDADO ARMAS Y CASCO x1 DC520","categoria":"Cotillon","subcategoria":"Accesorios Y Sets Para Disfraces / Tutu","precio":9547.24,"destacado":false,"descripcion":"","imagen":"assets/products/CA-202598000520.webp","tags":["set","soldado","armas","casco","dc520"]},{"id":"CA-000000048925","nombre":"SET SUPERMAN PECHERA Y CAPA x1 ECHYZOS","categoria":"Cotillon","subcategoria":"Accesorios Y Sets Para Disfraces / Tutu","precio":5112.24,"destacado":false,"descripcion":"","imagen":"assets/products/CA-000000048925.webp","tags":["set","superman","pechera","capa","echyzos"]},{"id":"CA-250619123006","nombre":"SET SWEET GIRL (moño, lentes, aros, collar, pulsera) x1 DG6057A","categoria":"Cotillon","subcategoria":"Accesorios Y Sets Para Disfraces / Tutu","precio":10533.6,"destacado":false,"descripcion":"","imagen":"assets/products/CA-250619123006.webp","tags":["set","sweet","girl","moño","lentes","aros","collar","pulsera","dg6057a"]},{"id":"CA-782024113366","nombre":"SET TENIS FLUO (VINCHA, MUÑEQUERA) x1 FJ366","categoria":"Cotillon","subcategoria":"Accesorios Y Sets Para Disfraces / Tutu","precio":1599.77,"destacado":false,"descripcion":"","imagen":"assets/products/CA-782024113366.webp","tags":["set","tenis","fluo","vincha","muñequera","fj366"]},{"id":"CA-202580000141","nombre":"SET TENIS FLUO (VINCHA, MUÑEQUERA) x1 FP141","categoria":"Cotillon","subcategoria":"Accesorios Y Sets Para Disfraces / Tutu","precio":1599.77,"destacado":false,"descripcion":"","imagen":"assets/products/CA-202580000141.webp","tags":["set","tenis","fluo","vincha","muñequera","fp141"]},{"id":"CA-000000057936","nombre":"SET UNICORNIO (ALAS,VINCHA,TUTU) x1 0765-5","categoria":"Cotillon","subcategoria":"Accesorios Y Sets Para Disfraces / Tutu","precio":8847.41,"destacado":false,"descripcion":"","imagen":"assets/products/CA-000000057936.webp","tags":["set","unicornio","alas","vincha","tutu","0765"]},{"id":"CA-202580020417","nombre":"SET VAQUITA SAN ANTONIO VINCHA - GUANTE - ANTEOJO 4pcs x1 FP417-02","categoria":"Cotillon","subcategoria":"Accesorios Y Sets Para Disfraces / Tutu","precio":6009.6,"destacado":false,"descripcion":"","imagen":"assets/products/CA-202580020417.webp","tags":["set","vaquita","san","antonio","vincha","guante","anteojo","4pcs","fp417"]},{"id":"CA-692778026076","nombre":"SET VINCHA Y VARITA PRINCESA  x12 2564","categoria":"Cotillon","subcategoria":"Accesorios Y Sets Para Disfraces / Tutu","precio":6536.88,"destacado":false,"descripcion":"","imagen":"assets/products/CA-692778026076.webp","tags":["set","vincha","varita","princesa","x12","2564"]},{"id":"CA-779908805730","nombre":"SIERRA DESTRIPADORA 60.5cm x1 GOAC70 PS","categoria":"Cotillon","subcategoria":"Accesorios Y Sets Para Disfraces / Tutu","precio":6425.3,"destacado":false,"descripcion":"","imagen":"assets/products/CA-779908805730.webp","tags":["sierra","destripadora","5cm","goac70"]},{"id":"CA-779832235956","nombre":"TIRADORES FLUO AMARILLO  x1 AC552  PS","categoria":"Cotillon","subcategoria":"Accesorios Y Sets Para Disfraces / Tutu","precio":1539.67,"destacado":false,"descripcion":"","imagen":"assets/products/CA-779832235956.webp","tags":["tiradores","fluo","amarillo","ac552"]},{"id":"CA-779832235957","nombre":"TIRADORES FLUO NARANJA  x1 AC553  PS","categoria":"Cotillon","subcategoria":"Accesorios Y Sets Para Disfraces / Tutu","precio":1539.67,"destacado":false,"descripcion":"","imagen":"assets/products/CA-779832235957.webp","tags":["tiradores","fluo","naranja","ac553"]},{"id":"CA-779832235954","nombre":"TIRADORES FLUO ROSA  x1 AC550  PS","categoria":"Cotillon","subcategoria":"Accesorios Y Sets Para Disfraces / Tutu","precio":1539.67,"destacado":false,"descripcion":"","imagen":"assets/products/CA-779832235954.webp","tags":["tiradores","fluo","rosa","ac550"]}]}