{"category_slug":"cotillon","subcategory_slug":"accesorios_y_sets_para_disfraces_tutu","page":1,"page_size":48,"total":275,"items":[{"id":"CA-202580001235","nombre":"ABANICO BLANCO ESTAMPA PLATA x12 FP1235","categoria":"Cotillon","subcategoria":"Accesorios Y Sets Para Disfraces / Tutu","precio":12305.73,"destacado":false,"descripcion":"","imagen":"assets/products/CA-202580001235.webp","tags":["abanico","blanco","estampa","plata","x12","fp1235"]},{"id":"CA-779908805830","nombre":"ABANICO CON PLUMAS MIS 15 BLANCO x1 ABA07","categoria":"Cotillon","subcategoria":"Accesorios Y Sets Para Disfraces / Tutu","precio":13330.1,"destacado":false,"descripcion":"","imagen":"assets/products/CA-779908805830.webp","tags":["abanico","con","plumas","mis","blanco","aba07"]},{"id":"CA-779908805831","nombre":"ABANICO CON PLUMAS MIS 15 ROSA x1 ABA08","categoria":"Cotillon","subcategoria":"Accesorios Y Sets Para Disfraces / Tutu","precio":13330.1,"destacado":false,"descripcion":"","imagen":"assets/products/CA-779908805831.webp","tags":["abanico","con","plumas","mis","rosa","aba08"]},{"id":"CA-202569900840","nombre":"ABANICO DE TELA COLORES SURTIDOS x12 DC840-01","categoria":"Cotillon","subcategoria":"Accesorios Y Sets Para Disfraces / Tutu","precio":10636.92,"destacado":false,"descripcion":"","imagen":"assets/products/CA-202569900840.webp","tags":["abanico","tela","colores","surtidos","x12","dc840"]},{"id":"CA-202598000663","nombre":"ANTIFAZ VENECIANO TEXTURADO METAL  x12 DC663","categoria":"Cotillon","subcategoria":"Accesorios Y Sets Para Disfraces / Tutu","precio":7473.6,"destacado":false,"descripcion":"","imagen":"assets/products/CA-202598000663.webp","tags":["antifaz","veneciano","texturado","metal","x12","dc663"]},{"id":"CA-779908800011","nombre":"AUREOLA DE ANGEL BLANCA DELUXE x1 AC174","categoria":"Cotillon","subcategoria":"Accesorios Y Sets Para Disfraces / Tutu","precio":1198.75,"destacado":false,"descripcion":"","imagen":"assets/products/CA-779908800011.webp","tags":["aureola","angel","blanca","deluxe","ac174"]},{"id":"CA-797398831036","nombre":"AUREOLA DE ANGEL BLANCA DELUXE x1 AE036","categoria":"Cotillon","subcategoria":"Accesorios Y Sets Para Disfraces / Tutu","precio":1243.81,"destacado":false,"descripcion":"","imagen":"assets/products/CA-797398831036.webp","tags":["aureola","angel","blanca","deluxe","ae036"]},{"id":"CA-779908800010","nombre":"AUREOLA DE ANGEL NEGRA DELUXE x1 AC173 PS","categoria":"Cotillon","subcategoria":"Accesorios Y Sets Para Disfraces / Tutu","precio":1198.75,"destacado":false,"descripcion":"","imagen":"assets/products/CA-779908800010.webp","tags":["aureola","angel","negra","deluxe","ac173"]},{"id":"CA-000000003255","nombre":"BANDA DE PRINCESA x1u. M","categoria":"Cotillon","subcategoria":"Accesorios Y Sets Para Disfraces / Tutu","precio":2240.0,"destacado":false,"descripcion":"","imagen":"assets/products/CA-000000003255.webp","tags":["banda","princesa","x1u"]},{"id":"CA-000000003238","nombre":"BANDA DE REINA x1u. M","categoria":"Cotillon","subcategoria":"Accesorios Y Sets Para Disfraces / Tutu","precio":2240.0,"destacado":false,"descripcion":"","imagen":"assets/products/CA-000000003238.webp","tags":["banda","reina","x1u"]},{"id":"CA-000000051633","nombre":"BANDA FELIZ CUMPLE x1u. M","categoria":"Cotillon","subcategoria":"Accesorios Y Sets Para Disfraces / Tutu","precio":2240.0,"destacado":false,"descripcion":"","imagen":"assets/products/CA-000000051633.webp","tags":["banda","feliz","cumple","x1u"]},{"id":"CA-000000058396","nombre":"BANDA FELIZ CUMPLEAÑOS 80cm x12 1396-5","categoria":"Cotillon","subcategoria":"Accesorios Y Sets Para Disfraces / Tutu","precio":7495.8,"destacado":false,"descripcion":"* (17/12/2025)","imagen":"assets/products/CA-000000058396.webp","tags":["banda","feliz","cumpleaños","80cm","x12","1396"]},{"id":"CA-202504600012","nombre":"BANDA FELIZ CUMPLEAÑOS BLANCO Y DORADO x12 4600BLDR","categoria":"Cotillon","subcategoria":"Accesorios Y Sets Para Disfraces / Tutu","precio":10740.6,"destacado":false,"descripcion":"","imagen":"assets/products/CA-202504600012.webp","tags":["banda","feliz","cumpleaños","blanco","dorado","x12","4600bldr"]},{"id":"CA-202504600022","nombre":"BANDA FELIZ CUMPLEAÑOS NEGRO Y PLATEADO x12 4600NGPL","categoria":"Cotillon","subcategoria":"Accesorios Y Sets Para Disfraces / Tutu","precio":10740.6,"destacado":false,"descripcion":"","imagen":"assets/products/CA-202504600022.webp","tags":["banda","feliz","cumpleaños","negro","plateado","x12","4600ngpl"]},{"id":"CA-000000056671","nombre":"BANDA FELIZ DIA PAPA x1 ECHYZOS (varios colores)","categoria":"Cotillon","subcategoria":"Accesorios Y Sets Para Disfraces / Tutu","precio":2003.14,"destacado":false,"descripcion":"","imagen":"assets/products/CA-000000056671.webp","tags":["banda","feliz","dia","papa","echyzos","varios","colores"]},{"id":"CA-000000056584","nombre":"BANDA FELIZ DIA PAPA' x1u. M","categoria":"Cotillon","subcategoria":"Accesorios Y Sets Para Disfraces / Tutu","precio":2160.0,"destacado":false,"descripcion":"","imagen":"assets/products/CA-000000056584.webp","tags":["banda","feliz","dia","papa","x1u"]},{"id":"CA-000000058398","nombre":"BANDA FELIZ GRADUACION BLANCO 80cm x12 1480-15","categoria":"Cotillon","subcategoria":"Accesorios Y Sets Para Disfraces / Tutu","precio":7332.0,"destacado":false,"descripcion":"","imagen":"assets/products/CA-000000058398.webp","tags":["banda","feliz","graduacion","blanco","80cm","x12","1480"]},{"id":"CA-000000058397","nombre":"BANDA FELIZ GRADUACION DORADO 80cm x12 1480-15","categoria":"Cotillon","subcategoria":"Accesorios Y Sets Para Disfraces / Tutu","precio":7332.0,"destacado":false,"descripcion":"","imagen":"assets/products/CA-000000058397.webp","tags":["banda","feliz","graduacion","dorado","80cm","x12","1480"]},{"id":"CA-000000058399","nombre":"BANDA FELIZ GRADUACION NEGRO 80cm x12 1480-15","categoria":"Cotillon","subcategoria":"Accesorios Y Sets Para Disfraces / Tutu","precio":7332.0,"destacado":false,"descripcion":"","imagen":"assets/products/CA-000000058399.webp","tags":["banda","feliz","graduacion","negro","80cm","x12","1480"]},{"id":"CA-000000056020","nombre":"BANDA ME JUBILE x1 ECHYZOS (varios colores)","categoria":"Cotillon","subcategoria":"Accesorios Y Sets Para Disfraces / Tutu","precio":1695.92,"destacado":false,"descripcion":"","imagen":"assets/products/CA-000000056020.webp","tags":["banda","jubile","echyzos","varios","colores"]},{"id":"CA-000000056585","nombre":"BANDA ME JUBILE x1u. M","categoria":"Cotillon","subcategoria":"Accesorios Y Sets Para Disfraces / Tutu","precio":2240.0,"destacado":false,"descripcion":"","imagen":"assets/products/CA-000000056585.webp","tags":["banda","jubile","x1u"]},{"id":"CA-000000052793","nombre":"BANDA MIS 40 x1u. M","categoria":"Cotillon","subcategoria":"Accesorios Y Sets Para Disfraces / Tutu","precio":2240.0,"destacado":false,"descripcion":"","imagen":"assets/products/CA-000000052793.webp","tags":["banda","mis","x1u"]},{"id":"CA-000000052794","nombre":"BANDA MIS 50 x1u. M","categoria":"Cotillon","subcategoria":"Accesorios Y Sets Para Disfraces / Tutu","precio":2240.0,"destacado":false,"descripcion":"","imagen":"assets/products/CA-000000052794.webp","tags":["banda","mis","x1u"]},{"id":"CA-000000052795","nombre":"BANDA MIS 60 x1u.M","categoria":"Cotillon","subcategoria":"Accesorios Y Sets Para Disfraces / Tutu","precio":2240.0,"destacado":false,"descripcion":"","imagen":"assets/products/CA-000000052795.webp","tags":["banda","mis","x1u"]},{"id":"CA-000000050153","nombre":"BANDA MIS PRIMAVERA x1u. M","categoria":"Cotillon","subcategoria":"Accesorios Y Sets Para Disfraces / Tutu","precio":2240.0,"destacado":false,"descripcion":"","imagen":"assets/products/CA-000000050153.webp","tags":["banda","mis","primavera","x1u"]},{"id":"CA-779908804663","nombre":"BANDANA KARATECA x1 VI29  PS","categoria":"Cotillon","subcategoria":"Accesorios Y Sets Para Disfraces / Tutu","precio":1630.3,"destacado":false,"descripcion":"","imagen":"assets/products/CA-779908804663.webp","tags":["bandana","karateca","vi29"]},{"id":"CA-202580010686","nombre":"BARBA CON PATILLA MARRON X1 FP686-01","categoria":"Cotillon","subcategoria":"Accesorios Y Sets Para Disfraces / Tutu","precio":956.1,"destacado":false,"descripcion":"","imagen":"assets/products/CA-202580010686.webp","tags":["barba","con","patilla","marron","fp686"]},{"id":"CA-202580040686","nombre":"BARBA DEGRADE NEGRO / MARRON X1 FP686-04","categoria":"Cotillon","subcategoria":"Accesorios Y Sets Para Disfraces / Tutu","precio":956.1,"destacado":false,"descripcion":"","imagen":"assets/products/CA-202580040686.webp","tags":["barba","degrade","negro","marron","fp686"]},{"id":"CA-202580000691","nombre":"BARBA GIGANTE PIRATA X1 FP691","categoria":"Cotillon","subcategoria":"Accesorios Y Sets Para Disfraces / Tutu","precio":1175.68,"destacado":false,"descripcion":"","imagen":"assets/products/CA-202580000691.webp","tags":["barba","gigante","pirata","fp691"]},{"id":"CA-000001200320","nombre":"BASTON DE POLICIA GRANDE STASIO x1 HB0007","categoria":"Cotillon","subcategoria":"Accesorios Y Sets Para Disfraces / Tutu","precio":1462.79,"destacado":false,"descripcion":"","imagen":"assets/products/CA-000001200320.webp","tags":["baston","policia","grande","stasio","hb0007"]},{"id":"CA-639740810500","nombre":"BASTON REY IMPORTADO  x1 TG500","categoria":"Cotillon","subcategoria":"Accesorios Y Sets Para Disfraces / Tutu","precio":2094.92,"destacado":false,"descripcion":"","imagen":"assets/products/CA-639740810500.webp","tags":["baston","rey","importado","tg500"]},{"id":"CA-202580010687","nombre":"BIGOTE GIGANTE MEXICANO X1 FP687-01","categoria":"Cotillon","subcategoria":"Accesorios Y Sets Para Disfraces / Tutu","precio":1614.84,"destacado":false,"descripcion":"","imagen":"assets/products/CA-202580010687.webp","tags":["bigote","gigante","mexicano","fp687"]},{"id":"CA-202580030686","nombre":"BIGOTE MOSTACHO NEGRO X1 FP686-03","categoria":"Cotillon","subcategoria":"Accesorios Y Sets Para Disfraces / Tutu","precio":956.1,"destacado":false,"descripcion":"","imagen":"assets/products/CA-202580030686.webp","tags":["bigote","mostacho","negro","fp686"]},{"id":"CA-000000048731","nombre":"BOINA DE TELA ESCOCESA (SURTIDA) X 3 UNIDADES","categoria":"Cotillon","subcategoria":"Accesorios Y Sets Para Disfraces / Tutu","precio":1499.0,"destacado":false,"descripcion":"","imagen":"assets/products/CA-000000048731.webp","tags":["boina","tela","escocesa","surtida","unidades"]},{"id":"CA-779908804053","nombre":"BOINA PEAKY x1 GO167  PS","categoria":"Cotillon","subcategoria":"Accesorios Y Sets Para Disfraces / Tutu","precio":7576.1,"destacado":false,"descripcion":"","imagen":"assets/products/CA-779908804053.webp","tags":["boina","peaky","go167"]},{"id":"CA-541497890124","nombre":"BOQUILLA PARA CIGARRILLO ( charleston) x1 PA0124","categoria":"Cotillon","subcategoria":"Accesorios Y Sets Para Disfraces / Tutu","precio":958.26,"destacado":false,"descripcion":"","imagen":"assets/products/CA-541497890124.webp","tags":["boquilla","para","cigarrillo","charleston","pa0124"]},{"id":"CA-000000054827","nombre":"BRAZALETE CON STRASS Y CINTAS FUCSIA x1","categoria":"Cotillon","subcategoria":"Accesorios Y Sets Para Disfraces / Tutu","precio":3073.95,"destacado":false,"descripcion":"","imagen":"assets/products/CA-000000054827.webp","tags":["brazalete","con","strass","cintas","fucsia"]},{"id":"CA-000000055136","nombre":"BRAZALETE CON STRASS Y CINTAS NEGRO CON FLUO x1","categoria":"Cotillon","subcategoria":"Accesorios Y Sets Para Disfraces / Tutu","precio":3073.95,"destacado":false,"descripcion":"","imagen":"assets/products/CA-000000055136.webp","tags":["brazalete","con","strass","cintas","negro","con","fluo"]},{"id":"CA-000000054828","nombre":"BRAZALETE CON STRASS Y CINTAS ORO x1","categoria":"Cotillon","subcategoria":"Accesorios Y Sets Para Disfraces / Tutu","precio":3073.95,"destacado":false,"descripcion":"","imagen":"assets/products/CA-000000054828.webp","tags":["brazalete","con","strass","cintas","oro"]},{"id":"CA-000000054825","nombre":"BRAZALETE CON STRASS Y CINTAS ORO Y NEGRO x1","categoria":"Cotillon","subcategoria":"Accesorios Y Sets Para Disfraces / Tutu","precio":3073.95,"destacado":false,"descripcion":"","imagen":"assets/products/CA-000000054825.webp","tags":["brazalete","con","strass","cintas","oro","negro"]},{"id":"CA-000000054826","nombre":"BRAZALETE CON STRASS Y CINTAS PLATA Y NEGRO x1","categoria":"Cotillon","subcategoria":"Accesorios Y Sets Para Disfraces / Tutu","precio":3073.95,"destacado":false,"descripcion":"","imagen":"assets/products/CA-000000054826.webp","tags":["brazalete","con","strass","cintas","plata","negro"]},{"id":"CA-202580000429","nombre":"BRAZALETE EGIPCIO DE METAL X1 FP429","categoria":"Cotillon","subcategoria":"Accesorios Y Sets Para Disfraces / Tutu","precio":2928.0,"destacado":false,"descripcion":"","imagen":"assets/products/CA-202580000429.webp","tags":["brazalete","egipcio","metal","fp429"]},{"id":"CA-202580000434","nombre":"CADENA DORADA METAL DISCO X1 FP434","categoria":"Cotillon","subcategoria":"Accesorios Y Sets Para Disfraces / Tutu","precio":2160.0,"destacado":false,"descripcion":"","imagen":"assets/products/CA-202580000434.webp","tags":["cadena","dorada","metal","disco","fp434"]},{"id":"CA-202580020423","nombre":"CADERIN ODALISCA NEGRO TELA Y MONEDAS  X1 FP423-02","categoria":"Cotillon","subcategoria":"Accesorios Y Sets Para Disfraces / Tutu","precio":6093.4,"destacado":false,"descripcion":"","imagen":"assets/products/CA-202580020423.webp","tags":["caderin","odalisca","negro","tela","monedas","fp423"]},{"id":"CA-202580000423","nombre":"CADERIN ODALISCA ROJO TELA Y MONEDAS  X1 FP423-01","categoria":"Cotillon","subcategoria":"Accesorios Y Sets Para Disfraces / Tutu","precio":6093.4,"destacado":false,"descripcion":"","imagen":"assets/products/CA-202580000423.webp","tags":["caderin","odalisca","rojo","tela","monedas","fp423"]},{"id":"CA-000000040387","nombre":"CAPA DE FLASH x1 CR","categoria":"Cotillon","subcategoria":"Accesorios Y Sets Para Disfraces / Tutu","precio":4455.0,"destacado":false,"descripcion":"","imagen":"assets/products/CA-000000040387.webp","tags":["capa","flash"]},{"id":"CA-000000040385","nombre":"CAPA DE HOMBRE MURCIELAGO  x1 CR","categoria":"Cotillon","subcategoria":"Accesorios Y Sets Para Disfraces / Tutu","precio":4455.0,"destacado":false,"descripcion":"","imagen":"assets/products/CA-000000040385.webp","tags":["capa","hombre","murcielago"]},{"id":"CA-000000040386","nombre":"CAPA DE MUJER MARAVILLA x1 CR","categoria":"Cotillon","subcategoria":"Accesorios Y Sets Para Disfraces / Tutu","precio":4455.0,"destacado":false,"descripcion":"","imagen":"assets/products/CA-000000040386.webp","tags":["capa","mujer","maravilla"]}]}