{"category_slug":"descartables","subcategory_slug":"rollo_cocina_film_aluminio_y_bolsas_freezer_horno","page":1,"page_size":48,"total":29,"items":[{"id":"CA-779527715523","nombre":"BOLSA PARA FREEZERx50u. (25x35)","categoria":"Descartables","subcategoria":"Rollo Cocina/Film/Aluminio Y Bolsas Freezer/Horno","precio":724.21,"destacado":false,"descripcion":"","imagen":"assets/products/CA-779527715523.webp","tags":["bolsa","para","freezerx50u","25x35"]},{"id":"CA-779527715534","nombre":"BOLSA PARA FREEZERx50u. (30x40)","categoria":"Descartables","subcategoria":"Rollo Cocina/Film/Aluminio Y Bolsas Freezer/Horno","precio":991.85,"destacado":false,"descripcion":"","imagen":"assets/products/CA-779527715534.webp","tags":["bolsa","para","freezerx50u","30x40"]},{"id":"CA-779804382011","nombre":"BOLSA PARA HORNO Y FREEZER 30x45cm x10","categoria":"Descartables","subcategoria":"Rollo Cocina/Film/Aluminio Y Bolsas Freezer/Horno","precio":996.88,"destacado":false,"descripcion":"","imagen":"assets/products/CA-779804382011.webp","tags":["bolsa","para","horno","freezer","30x45cm","x10"]},{"id":"CA-000000013425","nombre":"HILO PARA MATAMBRE 20gr x10 (AMARILLO)","categoria":"Descartables","subcategoria":"Rollo Cocina/Film/Aluminio Y Bolsas Freezer/Horno","precio":1720.2,"destacado":false,"descripcion":"","imagen":"assets/products/CA-000000013425.webp","tags":["hilo","para","matambre","20gr","x10","amarillo"]},{"id":"CA-779809297001","nombre":"PAPEL SILICONADO YPS (50x50) x10 hojas","categoria":"Descartables","subcategoria":"Rollo Cocina/Film/Aluminio Y Bolsas Freezer/Horno","precio":4539.14,"destacado":false,"descripcion":"","imagen":"assets/products/CA-779809297001.webp","tags":["papel","siliconado","yps","50x50","x10","hojas"]},{"id":"CA-000000001043","nombre":"PAPEL VEGETAL (75cm x 1mt) x10","categoria":"Descartables","subcategoria":"Rollo Cocina/Film/Aluminio Y Bolsas Freezer/Horno","precio":6345.0,"destacado":false,"descripcion":"","imagen":"assets/products/CA-000000001043.webp","tags":["papel","vegetal","75cm","1mt","x10"]},{"id":"CA-17798102570971","nombre":"ROLLO ALUMINIO PROLUMINIO 38cm x5mt (BULTOx20) B.P","categoria":"Descartables","subcategoria":"Rollo Cocina/Film/Aluminio Y Bolsas Freezer/Horno","precio":48679.04,"destacado":false,"descripcion":"* (12/12/2025)","imagen":"assets/products/CA-17798102570971.webp","tags":["rollo","aluminio","proluminio","38cm","x5mt","bultox20"]},{"id":"CA-779810257097","nombre":"ROLLO ALUMINIO PROLUMINIO 38cm x5mt X1 B.P","categoria":"Descartables","subcategoria":"Rollo Cocina/Film/Aluminio Y Bolsas Freezer/Horno","precio":2628.67,"destacado":false,"descripcion":"* (12/12/2025)","imagen":"assets/products/CA-779810257097.webp","tags":["rollo","aluminio","proluminio","38cm","x5mt"]},{"id":"CA-000000057543","nombre":"ROLLO ALUMINIO ROLFLEX 28cmx4mt (BULTOx36)","categoria":"Descartables","subcategoria":"Rollo Cocina/Film/Aluminio Y Bolsas Freezer/Horno","precio":22095.0,"destacado":false,"descripcion":"","imagen":"assets/products/CA-000000057543.webp","tags":["rollo","aluminio","rolflex","28cmx4mt","bultox36"]},{"id":"CA-779804382013","nombre":"ROLLO ALUMINIO ROLFLEX 28cmx4mt x1und.","categoria":"Descartables","subcategoria":"Rollo Cocina/Film/Aluminio Y Bolsas Freezer/Horno","precio":662.85,"destacado":false,"descripcion":"","imagen":"assets/products/CA-779804382013.webp","tags":["rollo","aluminio","rolflex","28cmx4mt","x1und"]},{"id":"CA-47791828000129","nombre":"ROLLO COCINA FELPITA BLANCO P10x3u.","categoria":"Descartables","subcategoria":"Rollo Cocina/Film/Aluminio Y Bolsas Freezer/Horno","precio":11314.48,"destacado":false,"descripcion":"","imagen":"assets/products/CA-47791828000129.webp","tags":["rollo","cocina","felpita","blanco","p10x3u"]},{"id":"CA-000000044748","nombre":"ROLLO FILM AUTOADHERENTE ESPECIAL P.V.C 38cmx80mts (BULTO x16u).","categoria":"Descartables","subcategoria":"Rollo Cocina/Film/Aluminio Y Bolsas Freezer/Horno","precio":46240.0,"destacado":false,"descripcion":"","imagen":"assets/products/CA-000000044748.webp","tags":["rollo","film","autoadherente","especial","38cmx80mts","bulto","x16u"]},{"id":"CA-779810488047","nombre":"ROLLO FILM AUTOADHERENTE ESPECIAL P.V.C 38cmx80mts aprox. x1u.","categoria":"Descartables","subcategoria":"Rollo Cocina/Film/Aluminio Y Bolsas Freezer/Horno","precio":3121.2,"destacado":false,"descripcion":"","imagen":"assets/products/CA-779810488047.webp","tags":["rollo","film","autoadherente","especial","38cmx80mts","aprox","x1u"]},{"id":"CA-000000057070","nombre":"ROLLO FILM AUTOADHERENTE ESPECIAL P.V.C ROLFLEX 28cm x20mts (BULTO x36)","categoria":"Descartables","subcategoria":"Rollo Cocina/Film/Aluminio Y Bolsas Freezer/Horno","precio":19125.0,"destacado":false,"descripcion":"","imagen":"assets/products/CA-000000057070.webp","tags":["rollo","film","autoadherente","especial","rolflex","28cm","x20mts","bulto","x36"]},{"id":"CA-779804382014","nombre":"ROLLO FILM AUTOADHERENTE ESPECIAL P.V.C ROLFLEX 28cm x20mts x1u.","categoria":"Descartables","subcategoria":"Rollo Cocina/Film/Aluminio Y Bolsas Freezer/Horno","precio":573.75,"destacado":false,"descripcion":"","imagen":"assets/products/CA-779804382014.webp","tags":["rollo","film","autoadherente","especial","rolflex","28cm","x20mts","x1u"]},{"id":"CA-17798102570353","nombre":"ROLLO FILM AUTOADHERENTE PROFILM 30cmx20mtr (BULTOx30) B.P","categoria":"Descartables","subcategoria":"Rollo Cocina/Film/Aluminio Y Bolsas Freezer/Horno","precio":14944.32,"destacado":false,"descripcion":"* (12/12/2025)","imagen":"assets/products/CA-17798102570353.webp","tags":["rollo","film","autoadherente","profilm","30cmx20mtr","bultox30"]},{"id":"CA-779810257035","nombre":"ROLLO FILM AUTOADHERENTE PROFILM 30cmx20mtr x1 B.P","categoria":"Descartables","subcategoria":"Rollo Cocina/Film/Aluminio Y Bolsas Freezer/Horno","precio":538.0,"destacado":false,"descripcion":"* (12/12/2025)","imagen":"assets/products/CA-779810257035.webp","tags":["rollo","film","autoadherente","profilm","30cmx20mtr"]},{"id":"CA-779810257039","nombre":"ROLLO FILM AUTOADHERENTE PROFILM ECONOMICO 38cmx100mtr  x1 B.P","categoria":"Descartables","subcategoria":"Rollo Cocina/Film/Aluminio Y Bolsas Freezer/Horno","precio":3274.93,"destacado":false,"descripcion":"* (12/12/2025)","imagen":"assets/products/CA-779810257039.webp","tags":["rollo","film","autoadherente","profilm","economico","38cmx100mtr"]},{"id":"CA-17798102570391","nombre":"ROLLO FILM AUTOADHERENTE PROFILM ECONOMICO 38cmx100mtr (BULTO x12) B.P","categoria":"Descartables","subcategoria":"Rollo Cocina/Film/Aluminio Y Bolsas Freezer/Horno","precio":36388.16,"destacado":false,"descripcion":"* (12/12/2025)","imagen":"assets/products/CA-17798102570391.webp","tags":["rollo","film","autoadherente","profilm","economico","38cmx100mtr","bulto","x12"]},{"id":"CA-17798102570421","nombre":"ROLLO FILM AUTOADHERENTE PROFILM ECONOMICO 38cmx300mts (BULTO x6)  B.P","categoria":"Descartables","subcategoria":"Rollo Cocina/Film/Aluminio Y Bolsas Freezer/Horno","precio":33410.23,"destacado":false,"descripcion":"* (12/12/2025)","imagen":"assets/products/CA-17798102570421.webp","tags":["rollo","film","autoadherente","profilm","economico","38cmx300mts","bulto"]},{"id":"CA-00000000038271","nombre":"ROLLO FILM AUTOADHERENTE PROFILM ECONOMICO 38cmx300mts (BULTO x6) B.P","categoria":"Descartables","subcategoria":"Rollo Cocina/Film/Aluminio Y Bolsas Freezer/Horno","precio":33410.23,"destacado":false,"descripcion":"* (12/12/2025)","imagen":"assets/products/CA-00000000038271.webp","tags":["rollo","film","autoadherente","profilm","economico","38cmx300mts","bulto"]},{"id":"CA-779810257042","nombre":"ROLLO FILM AUTOADHERENTE PROFILM ECONOMICO 38cmx300mts x1 B.P","categoria":"Descartables","subcategoria":"Rollo Cocina/Film/Aluminio Y Bolsas Freezer/Horno","precio":6013.84,"destacado":false,"descripcion":"* (12/12/2025)","imagen":"assets/products/CA-779810257042.webp","tags":["rollo","film","autoadherente","profilm","economico","38cmx300mts"]},{"id":"CA-779182890038","nombre":"ROLLO INDIVIDUALES FELPITA (42x30cm) x1 (70 unidades)","categoria":"Descartables","subcategoria":"Rollo Cocina/Film/Aluminio Y Bolsas Freezer/Horno","precio":2335.05,"destacado":false,"descripcion":"","imagen":"assets/products/CA-779182890038.webp","tags":["rollo","individuales","felpita","42x30cm","unidades"]},{"id":"CA-000000050928","nombre":"ROLLO PAPEL ALUMINIO ROLFLEX 40cm x25mts aprox. (BULTO x12u.)","categoria":"Descartables","subcategoria":"Rollo Cocina/Film/Aluminio Y Bolsas Freezer/Horno","precio":114510.0,"destacado":false,"descripcion":"","imagen":"assets/products/CA-000000050928.webp","tags":["rollo","papel","aluminio","rolflex","40cm","x25mts","aprox","bulto","x12u"]},{"id":"CA-000000050929","nombre":"ROLLO PAPEL ALUMINIO ROLFLEX 40cm x25mts aprox. x1u.","categoria":"Descartables","subcategoria":"Rollo Cocina/Film/Aluminio Y Bolsas Freezer/Horno","precio":10305.9,"destacado":false,"descripcion":"","imagen":"assets/products/CA-000000050929.webp","tags":["rollo","papel","aluminio","rolflex","40cm","x25mts","aprox","x1u"]},{"id":"CA-000000041294","nombre":"ROLLO PAPEL MANTECA ROLFLEX 30cm x5mts (BULTO x36)","categoria":"Descartables","subcategoria":"Rollo Cocina/Film/Aluminio Y Bolsas Freezer/Horno","precio":31590.0,"destacado":false,"descripcion":"","imagen":"assets/products/CA-000000041294.webp","tags":["rollo","papel","manteca","rolflex","30cm","x5mts","bulto","x36"]},{"id":"CA-779804382015","nombre":"ROLLO PAPEL MANTECA ROLFLEX 30cmx5mts x1","categoria":"Descartables","subcategoria":"Rollo Cocina/Film/Aluminio Y Bolsas Freezer/Horno","precio":947.7,"destacado":false,"descripcion":"","imagen":"assets/products/CA-779804382015.webp","tags":["rollo","papel","manteca","rolflex","30cmx5mts"]},{"id":"CA-000000058142","nombre":"SEPARADOR PARA FREEZER x100u. ALUMFLEX","categoria":"Descartables","subcategoria":"Rollo Cocina/Film/Aluminio Y Bolsas Freezer/Horno","precio":1574.1,"destacado":false,"descripcion":"","imagen":"assets/products/CA-000000058142.webp","tags":["separador","para","freezer","x100u","alumflex"]},{"id":"CA-779527716512","nombre":"SEPARADOR PARA FREEZER x50u.","categoria":"Descartables","subcategoria":"Rollo Cocina/Film/Aluminio Y Bolsas Freezer/Horno","precio":582.6,"destacado":false,"descripcion":"","imagen":"assets/products/CA-779527716512.webp","tags":["separador","para","freezer","x50u"]}]}