{"category_slug":"cotillon","subcategory_slug":"pi_atas","page":2,"page_size":48,"total":65,"items":[{"id":"CA-000000047868","nombre":"PIÑATA GLOBO SUPER 24\" MARMOLADA FUCSIA x3 FUNNY","categoria":"Cotillon","subcategoria":"Piñatas","precio":2570.4,"destacado":false,"descripcion":"","imagen":"assets/products/CA-000000047868.webp","tags":["piñata","globo","super","marmolada","fucsia","funny"]},{"id":"CA-000000047867","nombre":"PIÑATA GLOBO SUPER 24\" MARMOLADA ROJA x3 FUNNY","categoria":"Cotillon","subcategoria":"Piñatas","precio":2570.4,"destacado":false,"descripcion":"","imagen":"assets/products/CA-000000047867.webp","tags":["piñata","globo","super","marmolada","roja","funny"]},{"id":"CA-000000047464","nombre":"PIÑATA GLOBO SUPER 24\" MARMOLADA x3 FUNNY","categoria":"Cotillon","subcategoria":"Piñatas","precio":2570.4,"destacado":false,"descripcion":"","imagen":"assets/products/CA-000000047464.webp","tags":["piñata","globo","super","marmolada","funny"]},{"id":"CA-000000047865","nombre":"PIÑATA GLOBO SUPER 24\" PASTEL LILA x 3 FUNNY","categoria":"Cotillon","subcategoria":"Piñatas","precio":2570.4,"destacado":false,"descripcion":"","imagen":"assets/products/CA-000000047865.webp","tags":["piñata","globo","super","pastel","lila","funny"]},{"id":"CA-000000047864","nombre":"PIÑATA GLOBO SUPER 24\" PASTEL VERDE AGUA x 3 FUNNY","categoria":"Cotillon","subcategoria":"Piñatas","precio":2570.4,"destacado":false,"descripcion":"","imagen":"assets/products/CA-000000047864.webp","tags":["piñata","globo","super","pastel","verde","agua","funny"]},{"id":"CA-000000041951","nombre":"PIÑATA GLOBO SUPER 24\" PELOTA BLANCA Y NEGRA x3 FUNNY","categoria":"Cotillon","subcategoria":"Piñatas","precio":2570.4,"destacado":false,"descripcion":"","imagen":"assets/products/CA-000000041951.webp","tags":["piñata","globo","super","pelota","blanca","negra","funny"]},{"id":"CA-000000041949","nombre":"PIÑATA GLOBO SUPER 24\" PELOTA BOCA x3 FUNNY","categoria":"Cotillon","subcategoria":"Piñatas","precio":2570.4,"destacado":false,"descripcion":"","imagen":"assets/products/CA-000000041949.webp","tags":["piñata","globo","super","pelota","boca","funny"]},{"id":"CA-000000041950","nombre":"PIÑATA GLOBO SUPER 24\" PELOTA RIVER x3 FUNNY","categoria":"Cotillon","subcategoria":"Piñatas","precio":2570.4,"destacado":false,"descripcion":"","imagen":"assets/products/CA-000000041950.webp","tags":["piñata","globo","super","pelota","river","funny"]},{"id":"CA-000000041941","nombre":"PIÑATA GLOBO SUPER 24\" RAYADA AMARILLO x3 FUNNY","categoria":"Cotillon","subcategoria":"Piñatas","precio":2570.4,"destacado":false,"descripcion":"","imagen":"assets/products/CA-000000041941.webp","tags":["piñata","globo","super","rayada","amarillo","funny"]},{"id":"CA-000000041942","nombre":"PIÑATA GLOBO SUPER 24\" RAYADA AZUL x3 FUNNY","categoria":"Cotillon","subcategoria":"Piñatas","precio":2570.4,"destacado":false,"descripcion":"","imagen":"assets/products/CA-000000041942.webp","tags":["piñata","globo","super","rayada","azul","funny"]},{"id":"CA-000000041943","nombre":"PIÑATA GLOBO SUPER 24\" RAYADA CELESTE x3 FUNNY","categoria":"Cotillon","subcategoria":"Piñatas","precio":2570.4,"destacado":false,"descripcion":"","imagen":"assets/products/CA-000000041943.webp","tags":["piñata","globo","super","rayada","celeste","funny"]},{"id":"CA-000000041944","nombre":"PIÑATA GLOBO SUPER 24\" RAYADA NARANJA x3 FUNNY","categoria":"Cotillon","subcategoria":"Piñatas","precio":2570.4,"destacado":false,"descripcion":"","imagen":"assets/products/CA-000000041944.webp","tags":["piñata","globo","super","rayada","naranja","funny"]},{"id":"CA-000000041945","nombre":"PIÑATA GLOBO SUPER 24\" RAYADA ROJO x3 FUNNY","categoria":"Cotillon","subcategoria":"Piñatas","precio":2570.4,"destacado":false,"descripcion":"","imagen":"assets/products/CA-000000041945.webp","tags":["piñata","globo","super","rayada","rojo","funny"]},{"id":"CA-000000041946","nombre":"PIÑATA GLOBO SUPER 24\" RAYADA ROSA x3 FUNNY","categoria":"Cotillon","subcategoria":"Piñatas","precio":2570.4,"destacado":false,"descripcion":"","imagen":"assets/products/CA-000000041946.webp","tags":["piñata","globo","super","rayada","rosa","funny"]},{"id":"CA-000000041947","nombre":"PIÑATA GLOBO SUPER 24\" RAYADA VIOLETA x3 FUNNY","categoria":"Cotillon","subcategoria":"Piñatas","precio":2570.4,"destacado":false,"descripcion":"","imagen":"assets/products/CA-000000041947.webp","tags":["piñata","globo","super","rayada","violeta","funny"]},{"id":"CA-000000041952","nombre":"PIÑATA GLOBO SUPER 24\" SMILE x3 FUNNY","categoria":"Cotillon","subcategoria":"Piñatas","precio":2570.4,"destacado":false,"descripcion":"","imagen":"assets/products/CA-000000041952.webp","tags":["piñata","globo","super","smile","funny"]},{"id":"CA-000000050801","nombre":"SET PIÑATA GLOBO SUPER 24\" FELIZ CUMPLEAÑOS Y MINIATURAS x1u. FUNNY","categoria":"Cotillon","subcategoria":"Piñatas","precio":2393.6,"destacado":false,"descripcion":"","imagen":"assets/products/CA-000000050801.webp","tags":["set","piñata","globo","super","feliz","cumpleaños","miniaturas","x1u","funny"]}]}