{"category_slug":"halloween","subcategory_slug":"otero_linea_halloween","page":1,"page_size":48,"total":4,"items":[{"id":"CA-779842285261","nombre":"BANDERIN HALLOWEEN FONDO NEGRO x1 C.O","categoria":"Halloween","subcategoria":"Otero/Linea Halloween","precio":1436.5,"destacado":false,"descripcion":"","imagen":"assets/products/CA-779842285261.webp","tags":["banderin","halloween","fondo","negro"]},{"id":"CA-779842285263","nombre":"PLATO CUADRADO CHICO HALLOWEEN FONDO NEGRO x8u. C.O","categoria":"Halloween","subcategoria":"Otero/Linea Halloween","precio":1193.4,"destacado":false,"descripcion":"","imagen":"assets/products/CA-779842285263.webp","tags":["plato","cuadrado","chico","halloween","fondo","negro","x8u"]},{"id":"CA-779842285264","nombre":"SERVILLETA HALLOWEEN FONDO NEGRO x20u. C.O","categoria":"Halloween","subcategoria":"Otero/Linea Halloween","precio":1192.3,"destacado":false,"descripcion":"","imagen":"assets/products/CA-779842285264.webp","tags":["servilleta","halloween","fondo","negro","x20u"]},{"id":"CA-779842285262","nombre":"VASO POLIPAPEL HALLOWEEN FONDO NEGRO 240cc x8u. C.O","categoria":"Halloween","subcategoria":"Otero/Linea Halloween","precio":1108.32,"destacado":false,"descripcion":"","imagen":"assets/products/CA-779842285262.webp","tags":["vaso","polipapel","halloween","fondo","negro","240cc","x8u"]}]}