{"category_slug":"cotillon","subcategory_slug":"disfraces_infantiles_fantasia_nena_varon","page":2,"page_size":48,"total":98,"items":[{"id":"CA-000000058354","nombre":"DISFRAZ PERSONAJE GUERRERA K-POP AMARILLO SHORT RUMI T3 x1 (9-10años) KP1003","categoria":"Cotillon","subcategoria":"Disfraces Infantiles - Fantasia Nena/Varon","precio":20527.83,"destacado":false,"descripcion":"","imagen":"assets/products/CA-000000058354.webp","tags":["disfraz","personaje","guerrera","pop","amarillo","short","rumi","10años","kp1003"]},{"id":"CA-000000058503","nombre":"DISFRAZ PERSONAJE GUERRERA PANTALON K-POP ZOEY T1 x1  (5-6años) KP1007","categoria":"Cotillon","subcategoria":"Disfraces Infantiles - Fantasia Nena/Varon","precio":20527.83,"destacado":false,"descripcion":"","imagen":"assets/products/CA-000000058503.webp","tags":["disfraz","personaje","guerrera","pantalon","pop","zoey","6años","kp1007"]},{"id":"CA-000000058504","nombre":"DISFRAZ PERSONAJE GUERRERA PANTALON K-POP ZOEY T2 x1  (7-8años) KP1008","categoria":"Cotillon","subcategoria":"Disfraces Infantiles - Fantasia Nena/Varon","precio":20527.83,"destacado":false,"descripcion":"","imagen":"assets/products/CA-000000058504.webp","tags":["disfraz","personaje","guerrera","pantalon","pop","zoey","8años","kp1008"]},{"id":"CA-000000058505","nombre":"DISFRAZ PERSONAJE GUERRERA PANTALON K-POP ZOEY T3 x1  (9-10años) KP1009","categoria":"Cotillon","subcategoria":"Disfraces Infantiles - Fantasia Nena/Varon","precio":20527.83,"destacado":false,"descripcion":"","imagen":"assets/products/CA-000000058505.webp","tags":["disfraz","personaje","guerrera","pantalon","pop","zoey","10años","kp1009"]},{"id":"CA-000000058500","nombre":"DISFRAZ PERSONAJE GUERRERA POLLERA K-POP MIRA T1 x1  (5-6años) KP1004","categoria":"Cotillon","subcategoria":"Disfraces Infantiles - Fantasia Nena/Varon","precio":20527.83,"destacado":false,"descripcion":"","imagen":"assets/products/CA-000000058500.webp","tags":["disfraz","personaje","guerrera","pollera","pop","mira","6años","kp1004"]},{"id":"CA-000000058501","nombre":"DISFRAZ PERSONAJE GUERRERA POLLERA K-POP MIRA T2 x1  (7-8años) KP1005","categoria":"Cotillon","subcategoria":"Disfraces Infantiles - Fantasia Nena/Varon","precio":20527.83,"destacado":false,"descripcion":"","imagen":"assets/products/CA-000000058501.webp","tags":["disfraz","personaje","guerrera","pollera","pop","mira","8años","kp1005"]},{"id":"CA-000000058502","nombre":"DISFRAZ PERSONAJE GUERRERA POLLERA K-POP MIRA T3 x1  (9-10años) KP1006","categoria":"Cotillon","subcategoria":"Disfraces Infantiles - Fantasia Nena/Varon","precio":20527.83,"destacado":false,"descripcion":"","imagen":"assets/products/CA-000000058502.webp","tags":["disfraz","personaje","guerrera","pollera","pop","mira","10años","kp1006"]},{"id":"CA-000000049791","nombre":"DISFRAZ PERSONAJE MUJER ARAÑA T1 x1 CR (3-5años)","categoria":"Cotillon","subcategoria":"Disfraces Infantiles - Fantasia Nena/Varon","precio":11745.0,"destacado":false,"descripcion":"","imagen":"assets/products/CA-000000049791.webp","tags":["disfraz","personaje","mujer","araña","5años"]},{"id":"CA-000000049792","nombre":"DISFRAZ PERSONAJE MUJER ARAÑA T2 x1 CR (5-7años)","categoria":"Cotillon","subcategoria":"Disfraces Infantiles - Fantasia Nena/Varon","precio":11745.0,"destacado":false,"descripcion":"","imagen":"assets/products/CA-000000049792.webp","tags":["disfraz","personaje","mujer","araña","7años"]},{"id":"CA-000000049793","nombre":"DISFRAZ PERSONAJE MUJER ARAÑA T3 x1 CR (7-9años)","categoria":"Cotillon","subcategoria":"Disfraces Infantiles - Fantasia Nena/Varon","precio":11745.0,"destacado":false,"descripcion":"","imagen":"assets/products/CA-000000049793.webp","tags":["disfraz","personaje","mujer","araña","9años"]},{"id":"CA-000000038564","nombre":"DISFRAZ PERSONAJE MUJER MARAVILLA T1x1 CR (3-5años)","categoria":"Cotillon","subcategoria":"Disfraces Infantiles - Fantasia Nena/Varon","precio":12352.5,"destacado":false,"descripcion":"","imagen":"assets/products/CA-000000038564.webp","tags":["disfraz","personaje","mujer","maravilla","t1x1","5años"]},{"id":"CA-000000038565","nombre":"DISFRAZ PERSONAJE MUJER MARAVILLA T2x1 CR (5-7años)","categoria":"Cotillon","subcategoria":"Disfraces Infantiles - Fantasia Nena/Varon","precio":12352.5,"destacado":false,"descripcion":"","imagen":"assets/products/CA-000000038565.webp","tags":["disfraz","personaje","mujer","maravilla","t2x1","7años"]},{"id":"CA-000000038566","nombre":"DISFRAZ PERSONAJE MUJER MARAVILLA T3x1 CR (7-9años)","categoria":"Cotillon","subcategoria":"Disfraces Infantiles - Fantasia Nena/Varon","precio":12352.5,"destacado":false,"descripcion":"","imagen":"assets/products/CA-000000038566.webp","tags":["disfraz","personaje","mujer","maravilla","t3x1","9años"]},{"id":"CA-000000050079","nombre":"DISFRAZ PERSONAJE MUÑECA ROSA BARBIE (con vincha) T1 x1 CR (3-5años)","categoria":"Cotillon","subcategoria":"Disfraces Infantiles - Fantasia Nena/Varon","precio":9855.0,"destacado":false,"descripcion":"","imagen":"assets/products/CA-000000050079.webp","tags":["disfraz","personaje","muñeca","rosa","barbie","con","vincha","5años"]},{"id":"CA-000000050080","nombre":"DISFRAZ PERSONAJE MUÑECA ROSA BARBIE (con vincha) T2 x1 CR (5-7años)","categoria":"Cotillon","subcategoria":"Disfraces Infantiles - Fantasia Nena/Varon","precio":9855.0,"destacado":false,"descripcion":"","imagen":"assets/products/CA-000000050080.webp","tags":["disfraz","personaje","muñeca","rosa","barbie","con","vincha","7años"]},{"id":"CA-000000050081","nombre":"DISFRAZ PERSONAJE MUÑECA ROSA BARBIE (con vincha) T3 x1 CR (7-9años)","categoria":"Cotillon","subcategoria":"Disfraces Infantiles - Fantasia Nena/Varon","precio":9855.0,"destacado":false,"descripcion":"","imagen":"assets/products/CA-000000050081.webp","tags":["disfraz","personaje","muñeca","rosa","barbie","con","vincha","9años"]},{"id":"CA-000000040372","nombre":"DISFRAZ PERSONAJE SUPER CHICA T1 x1 CR (3-5años)","categoria":"Cotillon","subcategoria":"Disfraces Infantiles - Fantasia Nena/Varon","precio":11610.0,"destacado":false,"descripcion":"","imagen":"assets/products/CA-000000040372.webp","tags":["disfraz","personaje","super","chica","5años"]},{"id":"CA-000000040373","nombre":"DISFRAZ PERSONAJE SUPER CHICA T2 x1 CR (5-7años)","categoria":"Cotillon","subcategoria":"Disfraces Infantiles - Fantasia Nena/Varon","precio":11610.0,"destacado":false,"descripcion":"","imagen":"assets/products/CA-000000040373.webp","tags":["disfraz","personaje","super","chica","7años"]},{"id":"CA-000000040374","nombre":"DISFRAZ PERSONAJE SUPER CHICA T3 x1 CR (7-9años)","categoria":"Cotillon","subcategoria":"Disfraces Infantiles - Fantasia Nena/Varon","precio":11610.0,"destacado":false,"descripcion":"","imagen":"assets/products/CA-000000040374.webp","tags":["disfraz","personaje","super","chica","9años"]},{"id":"CA-000000027246","nombre":"DISFRAZ PERSONAJE SUPERMAN T0x1 CR (0-3años)","categoria":"Cotillon","subcategoria":"Disfraces Infantiles - Fantasia Nena/Varon","precio":13567.5,"destacado":false,"descripcion":"","imagen":"assets/products/CA-000000027246.webp","tags":["disfraz","personaje","superman","t0x1","3años"]},{"id":"CA-000000003748","nombre":"DISFRAZ PERSONAJE SUPERMAN T1x1 CR (3-5años)","categoria":"Cotillon","subcategoria":"Disfraces Infantiles - Fantasia Nena/Varon","precio":13567.5,"destacado":false,"descripcion":"","imagen":"assets/products/CA-000000003748.webp","tags":["disfraz","personaje","superman","t1x1","5años"]},{"id":"CA-000000009742","nombre":"DISFRAZ PERSONAJE SUPERMAN T2x1 CR (5-7años)","categoria":"Cotillon","subcategoria":"Disfraces Infantiles - Fantasia Nena/Varon","precio":13567.5,"destacado":false,"descripcion":"","imagen":"assets/products/CA-000000009742.webp","tags":["disfraz","personaje","superman","t2x1","7años"]},{"id":"CA-000000009743","nombre":"DISFRAZ PERSONAJE SUPERMAN T3x1 CR (7-9años)","categoria":"Cotillon","subcategoria":"Disfraces Infantiles - Fantasia Nena/Varon","precio":13567.5,"destacado":false,"descripcion":"","imagen":"assets/products/CA-000000009743.webp","tags":["disfraz","personaje","superman","t3x1","9años"]},{"id":"CA-000000054968","nombre":"DISFRAZ PILOTO F1 COLAPINTO CANDELA T3x1 (6-8años)","categoria":"Cotillon","subcategoria":"Disfraces Infantiles - Fantasia Nena/Varon","precio":18179.44,"destacado":false,"descripcion":"","imagen":"assets/products/CA-000000054968.webp","tags":["disfraz","piloto","colapinto","candela","t3x1","8años"]},{"id":"CA-000000054969","nombre":"DISFRAZ PILOTO F1 COLAPINTO CANDELA T4x1 (9-10años)","categoria":"Cotillon","subcategoria":"Disfraces Infantiles - Fantasia Nena/Varon","precio":18179.44,"destacado":false,"descripcion":"","imagen":"assets/products/CA-000000054969.webp","tags":["disfraz","piloto","colapinto","candela","t4x1","10años"]},{"id":"CA-779837770306","nombre":"DISFRAZ PIRATA NEW TOYS T1 x1 1450","categoria":"Cotillon","subcategoria":"Disfraces Infantiles - Fantasia Nena/Varon","precio":15082.13,"destacado":false,"descripcion":"","imagen":"assets/products/CA-779837770306.webp","tags":["disfraz","pirata","new","toys","1450"]},{"id":"CA-779837770304","nombre":"DISFRAZ PIRATA NEW TOYS T3 x1 1452","categoria":"Cotillon","subcategoria":"Disfraces Infantiles - Fantasia Nena/Varon","precio":15082.13,"destacado":false,"descripcion":"","imagen":"assets/products/CA-779837770304.webp","tags":["disfraz","pirata","new","toys","1452"]},{"id":"CA-779814781179","nombre":"DISFRAZ POLICIA NIÑO T1 x1 CANDELA (2-4años)","categoria":"Cotillon","subcategoria":"Disfraces Infantiles - Fantasia Nena/Varon","precio":14630.12,"destacado":false,"descripcion":"","imagen":"assets/products/CA-779814781179.webp","tags":["disfraz","policia","niño","candela","4años"]},{"id":"CA-779814781336","nombre":"DISFRAZ POLICIA NIÑO T2 x1 CANDELA (4-6años)","categoria":"Cotillon","subcategoria":"Disfraces Infantiles - Fantasia Nena/Varon","precio":14630.12,"destacado":false,"descripcion":"","imagen":"assets/products/CA-779814781336.webp","tags":["disfraz","policia","niño","candela","6años"]},{"id":"CA-779814781337","nombre":"DISFRAZ POLICIA NIÑO T3 x1 CANDELA (6-8años)","categoria":"Cotillon","subcategoria":"Disfraces Infantiles - Fantasia Nena/Varon","precio":14630.12,"destacado":false,"descripcion":"","imagen":"assets/products/CA-779814781337.webp","tags":["disfraz","policia","niño","candela","8años"]},{"id":"CA-000000043804","nombre":"DISFRAZ PRINCESA CELESTE T1 x1 ECHYZOS (2-4años)","categoria":"Cotillon","subcategoria":"Disfraces Infantiles - Fantasia Nena/Varon","precio":10669.2,"destacado":false,"descripcion":"","imagen":"assets/products/CA-000000043804.webp","tags":["disfraz","princesa","celeste","echyzos","4años"]},{"id":"CA-000000043805","nombre":"DISFRAZ PRINCESA CELESTE T2 x1 ECHYZOS (5-7años)","categoria":"Cotillon","subcategoria":"Disfraces Infantiles - Fantasia Nena/Varon","precio":10669.2,"destacado":false,"descripcion":"","imagen":"assets/products/CA-000000043805.webp","tags":["disfraz","princesa","celeste","echyzos","7años"]},{"id":"CA-000000043806","nombre":"DISFRAZ PRINCESA CELESTE T3 x1 ECHYZOS (7-9años)","categoria":"Cotillon","subcategoria":"Disfraces Infantiles - Fantasia Nena/Varon","precio":10669.2,"destacado":false,"descripcion":"","imagen":"assets/products/CA-000000043806.webp","tags":["disfraz","princesa","celeste","echyzos","9años"]},{"id":"CA-000000055825","nombre":"DISFRAZ PRINCESA RAPUNZEL O.N x1u. T2 (5-6años)","categoria":"Cotillon","subcategoria":"Disfraces Infantiles - Fantasia Nena/Varon","precio":11151.0,"destacado":false,"descripcion":"","imagen":"assets/products/CA-000000055825.webp","tags":["disfraz","princesa","rapunzel","x1u","6años"]},{"id":"CA-000000055826","nombre":"DISFRAZ PRINCESA RAPUNZEL O.N x1u. T3 (7-8años)","categoria":"Cotillon","subcategoria":"Disfraces Infantiles - Fantasia Nena/Varon","precio":11151.0,"destacado":false,"descripcion":"","imagen":"assets/products/CA-000000055826.webp","tags":["disfraz","princesa","rapunzel","x1u","8años"]},{"id":"CA-000000043807","nombre":"DISFRAZ PRINCESA ROSA T1 x1 ECHYZOS (2-4años)","categoria":"Cotillon","subcategoria":"Disfraces Infantiles - Fantasia Nena/Varon","precio":8181.76,"destacado":false,"descripcion":"","imagen":"assets/products/CA-000000043807.webp","tags":["disfraz","princesa","rosa","echyzos","4años"]},{"id":"CA-000000043808","nombre":"DISFRAZ PRINCESA ROSA T2 x1 ECHYZOS (5-7años)","categoria":"Cotillon","subcategoria":"Disfraces Infantiles - Fantasia Nena/Varon","precio":8181.76,"destacado":false,"descripcion":"","imagen":"assets/products/CA-000000043808.webp","tags":["disfraz","princesa","rosa","echyzos","7años"]},{"id":"CA-000000043809","nombre":"DISFRAZ PRINCESA ROSA T3 x1 ECHYZOS (7-9años)","categoria":"Cotillon","subcategoria":"Disfraces Infantiles - Fantasia Nena/Varon","precio":8181.76,"destacado":false,"descripcion":"","imagen":"assets/products/CA-000000043809.webp","tags":["disfraz","princesa","rosa","echyzos","9años"]},{"id":"CA-000000055821","nombre":"DISFRAZ RATONA MINNIE ROSA O.N x1u. T1 (3-4años)","categoria":"Cotillon","subcategoria":"Disfraces Infantiles - Fantasia Nena/Varon","precio":11151.0,"destacado":false,"descripcion":"","imagen":"assets/products/CA-000000055821.webp","tags":["disfraz","ratona","minnie","rosa","x1u","4años"]},{"id":"CA-000000055822","nombre":"DISFRAZ RATONA MINNIE ROSA O.N x1u. T2 (5-6años)","categoria":"Cotillon","subcategoria":"Disfraces Infantiles - Fantasia Nena/Varon","precio":11151.0,"destacado":false,"descripcion":"","imagen":"assets/products/CA-000000055822.webp","tags":["disfraz","ratona","minnie","rosa","x1u","6años"]},{"id":"CA-000000055823","nombre":"DISFRAZ RATONA MINNIE ROSA O.N x1u. T3 (7-8años)","categoria":"Cotillon","subcategoria":"Disfraces Infantiles - Fantasia Nena/Varon","precio":11151.0,"destacado":false,"descripcion":"","imagen":"assets/products/CA-000000055823.webp","tags":["disfraz","ratona","minnie","rosa","x1u","8años"]},{"id":"CA-000000042386","nombre":"DISFRAZ SIRENA CROSTI T1x1 (3-5años)","categoria":"Cotillon","subcategoria":"Disfraces Infantiles - Fantasia Nena/Varon","precio":11205.0,"destacado":false,"descripcion":"","imagen":"assets/products/CA-000000042386.webp","tags":["disfraz","sirena","crosti","t1x1","5años"]},{"id":"CA-000000042387","nombre":"DISFRAZ SIRENA CROSTI T2x1 (5-7años)","categoria":"Cotillon","subcategoria":"Disfraces Infantiles - Fantasia Nena/Varon","precio":11205.0,"destacado":false,"descripcion":"","imagen":"assets/products/CA-000000042387.webp","tags":["disfraz","sirena","crosti","t2x1","7años"]},{"id":"CA-000000042388","nombre":"DISFRAZ SIRENA CROSTI T3x1 (7-9años)","categoria":"Cotillon","subcategoria":"Disfraces Infantiles - Fantasia Nena/Varon","precio":11205.0,"destacado":false,"descripcion":"","imagen":"assets/products/CA-000000042388.webp","tags":["disfraz","sirena","crosti","t3x1","9años"]},{"id":"CA-000000055830","nombre":"DISFRAZ SUPERMAN MUSCULOSO O.N x1u. T1 (3-4años)","categoria":"Cotillon","subcategoria":"Disfraces Infantiles - Fantasia Nena/Varon","precio":13513.5,"destacado":false,"descripcion":"","imagen":"assets/products/CA-000000055830.webp","tags":["disfraz","superman","musculoso","x1u","4años"]},{"id":"CA-000000055831","nombre":"DISFRAZ SUPERMAN MUSCULOSO O.N x1u. T2 (5-6años)","categoria":"Cotillon","subcategoria":"Disfraces Infantiles - Fantasia Nena/Varon","precio":13513.5,"destacado":false,"descripcion":"","imagen":"assets/products/CA-000000055831.webp","tags":["disfraz","superman","musculoso","x1u","6años"]},{"id":"CA-000000055832","nombre":"DISFRAZ SUPERMAN MUSCULOSO O.N x1u. T3 (7-8años)","categoria":"Cotillon","subcategoria":"Disfraces Infantiles - Fantasia Nena/Varon","precio":13513.5,"destacado":false,"descripcion":"","imagen":"assets/products/CA-000000055832.webp","tags":["disfraz","superman","musculoso","x1u","8años"]},{"id":"CA-000000040838","nombre":"DISFRAZ UNICORNIO T1x1 CR (3-5años)","categoria":"Cotillon","subcategoria":"Disfraces Infantiles - Fantasia Nena/Varon","precio":12352.5,"destacado":false,"descripcion":"","imagen":"assets/products/CA-000000040838.webp","tags":["disfraz","unicornio","t1x1","5años"]}]}