{"category_slug":"cotillon","subcategory_slug":"disfraces_infantiles_fantasia_nena_varon","page":1,"page_size":48,"total":98,"items":[{"id":"CA-779837770314","nombre":"DISFRAZ  HECHICERA NEW TOYS T1 x1 1465","categoria":"Cotillon","subcategoria":"Disfraces Infantiles - Fantasia Nena/Varon","precio":25136.93,"destacado":false,"descripcion":"","imagen":"assets/products/CA-779837770314.webp","tags":["disfraz","hechicera","new","toys","1465"]},{"id":"CA-000000055833","nombre":"DISFRAZ BATMAN MUSCULOSO O.N x1u. T1 (3-4años)","categoria":"Cotillon","subcategoria":"Disfraces Infantiles - Fantasia Nena/Varon","precio":13513.5,"destacado":false,"descripcion":"","imagen":"assets/products/CA-000000055833.webp","tags":["disfraz","batman","musculoso","x1u","4años"]},{"id":"CA-000000055834","nombre":"DISFRAZ BATMAN MUSCULOSO O.N x1u. T2 (5-6años)","categoria":"Cotillon","subcategoria":"Disfraces Infantiles - Fantasia Nena/Varon","precio":13513.5,"destacado":false,"descripcion":"","imagen":"assets/products/CA-000000055834.webp","tags":["disfraz","batman","musculoso","x1u","6años"]},{"id":"CA-000000055835","nombre":"DISFRAZ BATMAN MUSCULOSO O.N x1u. T3 (7-8años)","categoria":"Cotillon","subcategoria":"Disfraces Infantiles - Fantasia Nena/Varon","precio":13513.5,"destacado":false,"descripcion":"","imagen":"assets/products/CA-000000055835.webp","tags":["disfraz","batman","musculoso","x1u","8años"]},{"id":"CA-779814781167","nombre":"DISFRAZ BOMBERO ROJO NIÑO CANDELA T1x1 (2a4años)","categoria":"Cotillon","subcategoria":"Disfraces Infantiles - Fantasia Nena/Varon","precio":13418.16,"destacado":false,"descripcion":"","imagen":"assets/products/CA-779814781167.webp","tags":["disfraz","bombero","rojo","niño","candela","t1x1","2a4años"]},{"id":"CA-779814781332","nombre":"DISFRAZ BOMBERO ROJO NIÑO CANDELA T2 x1 (4-6años)","categoria":"Cotillon","subcategoria":"Disfraces Infantiles - Fantasia Nena/Varon","precio":13418.16,"destacado":false,"descripcion":"","imagen":"assets/products/CA-779814781332.webp","tags":["disfraz","bombero","rojo","niño","candela","6años"]},{"id":"CA-779814781333","nombre":"DISFRAZ BOMBERO ROJO NIÑO CANDELA T3 x1 (6-8años)","categoria":"Cotillon","subcategoria":"Disfraces Infantiles - Fantasia Nena/Varon","precio":13418.16,"destacado":false,"descripcion":"","imagen":"assets/products/CA-779814781333.webp","tags":["disfraz","bombero","rojo","niño","candela","8años"]},{"id":"CA-779814781168","nombre":"DISFRAZ CAPERUCITA NIÑA CANDELA T1 x1 (2-4años)","categoria":"Cotillon","subcategoria":"Disfraces Infantiles - Fantasia Nena/Varon","precio":16361.49,"destacado":false,"descripcion":"","imagen":"assets/products/CA-779814781168.webp","tags":["disfraz","caperucita","niña","candela","4años"]},{"id":"CA-779814781234","nombre":"DISFRAZ CAPERUCITA NIÑA CANDELA T2 x1 (4-6años)","categoria":"Cotillon","subcategoria":"Disfraces Infantiles - Fantasia Nena/Varon","precio":16361.49,"destacado":false,"descripcion":"","imagen":"assets/products/CA-779814781234.webp","tags":["disfraz","caperucita","niña","candela","6años"]},{"id":"CA-779814781235","nombre":"DISFRAZ CAPERUCITA NIÑA CANDELA T3 x1 (6-8años)","categoria":"Cotillon","subcategoria":"Disfraces Infantiles - Fantasia Nena/Varon","precio":16361.49,"destacado":false,"descripcion":"","imagen":"assets/products/CA-779814781235.webp","tags":["disfraz","caperucita","niña","candela","8años"]},{"id":"CA-000000009735","nombre":"DISFRAZ ECONOMICO PERSONAJE HOMBRE ARACNIDO T3x1 CR (7-9años)","categoria":"Cotillon","subcategoria":"Disfraces Infantiles - Fantasia Nena/Varon","precio":11220.0,"destacado":false,"descripcion":"","imagen":"assets/products/CA-000000009735.webp","tags":["disfraz","economico","personaje","hombre","aracnido","t3x1","9años"]},{"id":"CA-000000055815","nombre":"DISFRAZ EL ZORRO O.N x1u. T1 (3-4años)","categoria":"Cotillon","subcategoria":"Disfraces Infantiles - Fantasia Nena/Varon","precio":11151.0,"destacado":false,"descripcion":"","imagen":"assets/products/CA-000000055815.webp","tags":["disfraz","zorro","x1u","4años"]},{"id":"CA-000000055816","nombre":"DISFRAZ EL ZORRO O.N x1u. T2 (5-6años)","categoria":"Cotillon","subcategoria":"Disfraces Infantiles - Fantasia Nena/Varon","precio":11151.0,"destacado":false,"descripcion":"","imagen":"assets/products/CA-000000055816.webp","tags":["disfraz","zorro","x1u","6años"]},{"id":"CA-000000055817","nombre":"DISFRAZ EL ZORRO O.N x1u. T3 (7-8años)","categoria":"Cotillon","subcategoria":"Disfraces Infantiles - Fantasia Nena/Varon","precio":11151.0,"destacado":false,"descripcion":"","imagen":"assets/products/CA-000000055817.webp","tags":["disfraz","zorro","x1u","8años"]},{"id":"CA-000000057984","nombre":"DISFRAZ HALLOWEEN PIRATA NEW TOYS T2 x1 1451","categoria":"Cotillon","subcategoria":"Disfraces Infantiles - Fantasia Nena/Varon","precio":15082.13,"destacado":false,"descripcion":"","imagen":"assets/products/CA-000000057984.webp","tags":["disfraz","halloween","pirata","new","toys","1451"]},{"id":"CA-779837770313","nombre":"DISFRAZ HECHICERA NEW TOYS T2 x1 1466","categoria":"Cotillon","subcategoria":"Disfraces Infantiles - Fantasia Nena/Varon","precio":25136.93,"destacado":false,"descripcion":"","imagen":"assets/products/CA-779837770313.webp","tags":["disfraz","hechicera","new","toys","1466"]},{"id":"CA-779837770312","nombre":"DISFRAZ HECHICERA NEW TOYS T3 x1 1467","categoria":"Cotillon","subcategoria":"Disfraces Infantiles - Fantasia Nena/Varon","precio":25136.93,"destacado":false,"descripcion":"","imagen":"assets/products/CA-779837770312.webp","tags":["disfraz","hechicera","new","toys","1467"]},{"id":"CA-779837770193","nombre":"DISFRAZ HINCHA ARGENTINA NENE T0x1 2000 (3-4años)","categoria":"Cotillon","subcategoria":"Disfraces Infantiles - Fantasia Nena/Varon","precio":15000.0,"destacado":false,"descripcion":"","imagen":"assets/products/CA-779837770193.webp","tags":["disfraz","hincha","argentina","nene","t0x1","2000","4años"]},{"id":"CA-000000056788","nombre":"DISFRAZ KUROMI CROSTI T1x1 (3-5años) PRECIO FINAL","categoria":"Cotillon","subcategoria":"Disfraces Infantiles - Fantasia Nena/Varon","precio":11002.5,"destacado":false,"descripcion":"","imagen":"assets/products/CA-000000056788.webp","tags":["disfraz","kuromi","crosti","t1x1","5años","precio","final"]},{"id":"CA-000000056789","nombre":"DISFRAZ KUROMI CROSTI T2x1 (5-7años) PRECIO FINAL","categoria":"Cotillon","subcategoria":"Disfraces Infantiles - Fantasia Nena/Varon","precio":11002.5,"destacado":false,"descripcion":"","imagen":"assets/products/CA-000000056789.webp","tags":["disfraz","kuromi","crosti","t2x1","7años","precio","final"]},{"id":"CA-000000056790","nombre":"DISFRAZ KUROMI CROSTI T3x1 (7-9años) PRECIO FINAL","categoria":"Cotillon","subcategoria":"Disfraces Infantiles - Fantasia Nena/Varon","precio":11002.5,"destacado":false,"descripcion":"","imagen":"assets/products/CA-000000056790.webp","tags":["disfraz","kuromi","crosti","t3x1","9años","precio","final"]},{"id":"CA-000000049606","nombre":"DISFRAZ MARIO BROSS  O.N x1u. T1 (3-4años)","categoria":"Cotillon","subcategoria":"Disfraces Infantiles - Fantasia Nena/Varon","precio":11151.0,"destacado":false,"descripcion":"","imagen":"assets/products/CA-000000049606.webp","tags":["disfraz","mario","bross","x1u","4años"]},{"id":"CA-000000049607","nombre":"DISFRAZ MARIO BROSS  O.N x1u. T2 (5-6años)","categoria":"Cotillon","subcategoria":"Disfraces Infantiles - Fantasia Nena/Varon","precio":11151.0,"destacado":false,"descripcion":"","imagen":"assets/products/CA-000000049607.webp","tags":["disfraz","mario","bross","x1u","6años"]},{"id":"CA-000000049608","nombre":"DISFRAZ MARIO BROSS  O.N x1u. T3 (7-8años)","categoria":"Cotillon","subcategoria":"Disfraces Infantiles - Fantasia Nena/Varon","precio":11151.0,"destacado":false,"descripcion":"","imagen":"assets/products/CA-000000049608.webp","tags":["disfraz","mario","bross","x1u","8años"]},{"id":"CA-779814781043","nombre":"DISFRAZ MURGUERO NIÑO BLANCO Y TURQUESA CANDELA T1x1","categoria":"Cotillon","subcategoria":"Disfraces Infantiles - Fantasia Nena/Varon","precio":11946.49,"destacado":false,"descripcion":"","imagen":"assets/products/CA-779814781043.webp","tags":["disfraz","murguero","niño","blanco","turquesa","candela","t1x1"]},{"id":"CA-779814781326","nombre":"DISFRAZ MURGUERO NIÑO BLANCO Y TURQUESA CANDELA T2x1","categoria":"Cotillon","subcategoria":"Disfraces Infantiles - Fantasia Nena/Varon","precio":11946.49,"destacado":false,"descripcion":"","imagen":"assets/products/CA-779814781326.webp","tags":["disfraz","murguero","niño","blanco","turquesa","candela","t2x1"]},{"id":"CA-779814781327","nombre":"DISFRAZ MURGUERO NIÑO BLANCO Y TURQUESA CANDELA T3x1","categoria":"Cotillon","subcategoria":"Disfraces Infantiles - Fantasia Nena/Varon","precio":11946.49,"destacado":false,"descripcion":"","imagen":"assets/products/CA-779814781327.webp","tags":["disfraz","murguero","niño","blanco","turquesa","candela","t3x1"]},{"id":"CA-000000057495","nombre":"DISFRAZ MUÑECA LABUBU CROSTI T1x1 (3-5años) PRECIO FINAL","categoria":"Cotillon","subcategoria":"Disfraces Infantiles - Fantasia Nena/Varon","precio":8775.0,"destacado":false,"descripcion":"* (05/12/2025)","imagen":"assets/products/CA-000000057495.webp","tags":["disfraz","muñeca","labubu","crosti","t1x1","5años","precio","final"]},{"id":"CA-000000057496","nombre":"DISFRAZ MUÑECA LABUBU CROSTI T2x1 (5-7años) PRECIO FINAL","categoria":"Cotillon","subcategoria":"Disfraces Infantiles - Fantasia Nena/Varon","precio":8775.0,"destacado":false,"descripcion":"* (05/12/2025)","imagen":"assets/products/CA-000000057496.webp","tags":["disfraz","muñeca","labubu","crosti","t2x1","7años","precio","final"]},{"id":"CA-000000057497","nombre":"DISFRAZ MUÑECA LABUBU CROSTI T3x1 (7-9años) PRECIO FINAL","categoria":"Cotillon","subcategoria":"Disfraces Infantiles - Fantasia Nena/Varon","precio":8775.0,"destacado":false,"descripcion":"* (05/12/2025)","imagen":"assets/products/CA-000000057497.webp","tags":["disfraz","muñeca","labubu","crosti","t3x1","9años","precio","final"]},{"id":"CA-000000038666","nombre":"DISFRAZ OFICIAL SURTIDO OUTLET x1","categoria":"Cotillon","subcategoria":"Disfraces Infantiles - Fantasia Nena/Varon","precio":2500.0,"destacado":false,"descripcion":"","imagen":"assets/products/CA-000000038666.webp","tags":["disfraz","oficial","surtido","outlet"]},{"id":"CA-000000053662","nombre":"DISFRAZ PAYASA NIÑA CROSTI T1 x1","categoria":"Cotillon","subcategoria":"Disfraces Infantiles - Fantasia Nena/Varon","precio":10800.0,"destacado":false,"descripcion":"","imagen":"assets/products/CA-000000053662.webp","tags":["disfraz","payasa","niña","crosti"]},{"id":"CA-000000053661","nombre":"DISFRAZ PAYASA NIÑA CROSTI T2 x1","categoria":"Cotillon","subcategoria":"Disfraces Infantiles - Fantasia Nena/Varon","precio":10800.0,"destacado":false,"descripcion":"","imagen":"assets/products/CA-000000053661.webp","tags":["disfraz","payasa","niña","crosti"]},{"id":"CA-000000053660","nombre":"DISFRAZ PAYASA NIÑA CROSTI T3 x1","categoria":"Cotillon","subcategoria":"Disfraces Infantiles - Fantasia Nena/Varon","precio":10800.0,"destacado":false,"descripcion":"","imagen":"assets/products/CA-000000053660.webp","tags":["disfraz","payasa","niña","crosti"]},{"id":"CA-779814781719","nombre":"DISFRAZ PAYASITO T0 x1 (0-2años)","categoria":"Cotillon","subcategoria":"Disfraces Infantiles - Fantasia Nena/Varon","precio":12552.47,"destacado":false,"descripcion":"","imagen":"assets/products/CA-779814781719.webp","tags":["disfraz","payasito","2años"]},{"id":"CA-000000007984","nombre":"DISFRAZ PAYASO NIÑO CROSTI T1x1 (3-5años)","categoria":"Cotillon","subcategoria":"Disfraces Infantiles - Fantasia Nena/Varon","precio":12352.5,"destacado":false,"descripcion":"","imagen":"assets/products/CA-000000007984.webp","tags":["disfraz","payaso","niño","crosti","t1x1","5años"]},{"id":"CA-000000009910","nombre":"DISFRAZ PAYASO NIÑO CROSTI T2x1 (5-7años)","categoria":"Cotillon","subcategoria":"Disfraces Infantiles - Fantasia Nena/Varon","precio":12352.5,"destacado":false,"descripcion":"","imagen":"assets/products/CA-000000009910.webp","tags":["disfraz","payaso","niño","crosti","t2x1","7años"]},{"id":"CA-000000009911","nombre":"DISFRAZ PAYASO NIÑO CROSTI T3x1 (7-9años)","categoria":"Cotillon","subcategoria":"Disfraces Infantiles - Fantasia Nena/Varon","precio":12352.5,"destacado":false,"descripcion":"","imagen":"assets/products/CA-000000009911.webp","tags":["disfraz","payaso","niño","crosti","t3x1","9años"]},{"id":"CA-000000037130","nombre":"DISFRAZ PAYASO NIÑO CROSTI T4x1 (9a11años)","categoria":"Cotillon","subcategoria":"Disfraces Infantiles - Fantasia Nena/Varon","precio":12352.5,"destacado":false,"descripcion":"","imagen":"assets/products/CA-000000037130.webp","tags":["disfraz","payaso","niño","crosti","t4x1","9a11años"]},{"id":"CA-000000049788","nombre":"DISFRAZ PERSONAJE BATICHICA T1 x1 CR (3-5años)","categoria":"Cotillon","subcategoria":"Disfraces Infantiles - Fantasia Nena/Varon","precio":11610.0,"destacado":false,"descripcion":"","imagen":"assets/products/CA-000000049788.webp","tags":["disfraz","personaje","batichica","5años"]},{"id":"CA-000000049789","nombre":"DISFRAZ PERSONAJE BATICHICA T2 x1 CR (5-7años)","categoria":"Cotillon","subcategoria":"Disfraces Infantiles - Fantasia Nena/Varon","precio":11610.0,"destacado":false,"descripcion":"","imagen":"assets/products/CA-000000049789.webp","tags":["disfraz","personaje","batichica","7años"]},{"id":"CA-000000049790","nombre":"DISFRAZ PERSONAJE BATICHICA T3 x1 CR (7-9años)","categoria":"Cotillon","subcategoria":"Disfraces Infantiles - Fantasia Nena/Varon","precio":11610.0,"destacado":false,"descripcion":"","imagen":"assets/products/CA-000000049790.webp","tags":["disfraz","personaje","batichica","9años"]},{"id":"CA-000000027247","nombre":"DISFRAZ PERSONAJE BATMAN T0x1 CR (0-3años)","categoria":"Cotillon","subcategoria":"Disfraces Infantiles - Fantasia Nena/Varon","precio":12825.0,"destacado":false,"descripcion":"","imagen":"assets/products/CA-000000027247.webp","tags":["disfraz","personaje","batman","t0x1","3años"]},{"id":"CA-000000005024","nombre":"DISFRAZ PERSONAJE BATMAN T1x1 CR (3-5años)","categoria":"Cotillon","subcategoria":"Disfraces Infantiles - Fantasia Nena/Varon","precio":12825.0,"destacado":false,"descripcion":"","imagen":"assets/products/CA-000000005024.webp","tags":["disfraz","personaje","batman","t1x1","5años"]},{"id":"CA-000000009730","nombre":"DISFRAZ PERSONAJE BATMAN T2x1 CR (5-7años)","categoria":"Cotillon","subcategoria":"Disfraces Infantiles - Fantasia Nena/Varon","precio":12825.0,"destacado":false,"descripcion":"","imagen":"assets/products/CA-000000009730.webp","tags":["disfraz","personaje","batman","t2x1","7años"]},{"id":"CA-000000009731","nombre":"DISFRAZ PERSONAJE BATMAN T3x1 CR (7-9años)","categoria":"Cotillon","subcategoria":"Disfraces Infantiles - Fantasia Nena/Varon","precio":12825.0,"destacado":false,"descripcion":"","imagen":"assets/products/CA-000000009731.webp","tags":["disfraz","personaje","batman","t3x1","9años"]},{"id":"CA-000000058352","nombre":"DISFRAZ PERSONAJE GUERRERA K-POP AMARILLO SHORT RUMI T1 x1 (5-6años) KP1001","categoria":"Cotillon","subcategoria":"Disfraces Infantiles - Fantasia Nena/Varon","precio":20527.83,"destacado":false,"descripcion":"","imagen":"assets/products/CA-000000058352.webp","tags":["disfraz","personaje","guerrera","pop","amarillo","short","rumi","6años","kp1001"]},{"id":"CA-000000058353","nombre":"DISFRAZ PERSONAJE GUERRERA K-POP AMARILLO SHORT RUMI T2 x1 (7-8años) KP1002","categoria":"Cotillon","subcategoria":"Disfraces Infantiles - Fantasia Nena/Varon","precio":20527.83,"destacado":false,"descripcion":"","imagen":"assets/products/CA-000000058353.webp","tags":["disfraz","personaje","guerrera","pop","amarillo","short","rumi","8años","kp1002"]}]}