{"category_slug":"cotillon","subcategory_slug":"disfraces_infantiles_fantasia_nena_varon","page":3,"page_size":48,"total":98,"items":[{"id":"CA-000000040839","nombre":"DISFRAZ UNICORNIO T2x1 CR (5-7años)","categoria":"Cotillon","subcategoria":"Disfraces Infantiles - Fantasia Nena/Varon","precio":12352.5,"destacado":false,"descripcion":"","imagen":"assets/products/CA-000000040839.webp","tags":["disfraz","unicornio","t2x1","7años"]},{"id":"CA-000000040840","nombre":"DISFRAZ UNICORNIO T3x1 CR (7-9años)","categoria":"Cotillon","subcategoria":"Disfraces Infantiles - Fantasia Nena/Varon","precio":12352.5,"destacado":false,"descripcion":"","imagen":"assets/products/CA-000000040840.webp","tags":["disfraz","unicornio","t3x1","9años"]}]}