{"category_slug":"carnaval_carioca","subcategory_slug":"gorros_de_futbol","page":1,"page_size":48,"total":66,"items":[{"id":"CA-720155717443","nombre":"BOMBIN ARGENTINA 7 PICOS CASCABELES IMPORTADA x1 MZ17443","categoria":"Carnaval Carioca","subcategoria":"Gorros De Futbol","precio":3532.8,"destacado":false,"descripcion":"","imagen":"assets/products/CA-720155717443.webp","tags":["bombin","argentina","picos","cascabeles","importada","mz17443"]},{"id":"CA-000000050258","nombre":"CORONA REY BOCA RMx1","categoria":"Carnaval Carioca","subcategoria":"Gorros De Futbol","precio":10375.0,"destacado":false,"descripcion":"* (20/12/2025)","imagen":"assets/products/CA-000000050258.webp","tags":["corona","rey","boca","rmx1"]},{"id":"CA-000000057772","nombre":"CORONA REY BOCA x1 ART.21","categoria":"Carnaval Carioca","subcategoria":"Gorros De Futbol","precio":7425.0,"destacado":false,"descripcion":"* (11/12/2025)","imagen":"assets/products/CA-000000057772.webp","tags":["corona","rey","boca","art"]},{"id":"CA-000000050259","nombre":"CORONA REY RIVER RMx1","categoria":"Carnaval Carioca","subcategoria":"Gorros De Futbol","precio":10375.0,"destacado":false,"descripcion":"* (20/12/2025)","imagen":"assets/products/CA-000000050259.webp","tags":["corona","rey","river","rmx1"]},{"id":"CA-000000057206","nombre":"CORONA REY RIVER x1 ART.21","categoria":"Carnaval Carioca","subcategoria":"Gorros De Futbol","precio":7425.0,"destacado":false,"descripcion":"* (11/12/2025)","imagen":"assets/products/CA-000000057206.webp","tags":["corona","rey","river","art"]},{"id":"CA-000000051309","nombre":"GALERA  BOCA CON ESTRELLAS  JERSEY 22cm ROX x1 art.329","categoria":"Carnaval Carioca","subcategoria":"Gorros De Futbol","precio":2695.95,"destacado":false,"descripcion":"","imagen":"assets/products/CA-000000051309.webp","tags":["galera","boca","con","estrellas","jersey","22cm","rox","art","329"]},{"id":"CA-000000038218","nombre":"GALERA ACETATO CON MOÑO BOCA JLx1 450","categoria":"Carnaval Carioca","subcategoria":"Gorros De Futbol","precio":4846.5,"destacado":false,"descripcion":"","imagen":"assets/products/CA-000000038218.webp","tags":["galera","acetato","con","moño","boca","jlx1","450"]},{"id":"CA-000000038219","nombre":"GALERA ACETATO CON MOÑO RIVER JLx1 451","categoria":"Carnaval Carioca","subcategoria":"Gorros De Futbol","precio":4846.5,"destacado":false,"descripcion":"","imagen":"assets/products/CA-000000038219.webp","tags":["galera","acetato","con","moño","river","jlx1","451"]},{"id":"CA-000000055212","nombre":"GALERA ALTA BOCA CON FLECOS MURGUERO x1 727","categoria":"Carnaval Carioca","subcategoria":"Gorros De Futbol","precio":4536.0,"destacado":false,"descripcion":"","imagen":"assets/products/CA-000000055212.webp","tags":["galera","alta","boca","con","flecos","murguero","727"]},{"id":"CA-000000055213","nombre":"GALERA ALTA RIVER CON FLECOS MURGUERO x1 727","categoria":"Carnaval Carioca","subcategoria":"Gorros De Futbol","precio":4536.0,"destacado":false,"descripcion":"","imagen":"assets/products/CA-000000055213.webp","tags":["galera","alta","river","con","flecos","murguero","727"]},{"id":"CA-720155717449","nombre":"GALERA ARLEQUIN ARGENTINA 6 CASCABELES IMPORTADA x1 MZ17449","categoria":"Carnaval Carioca","subcategoria":"Gorros De Futbol","precio":3297.27,"destacado":false,"descripcion":"","imagen":"assets/products/CA-720155717449.webp","tags":["galera","arlequin","argentina","cascabeles","importada","mz17449"]},{"id":"CA-000000055214","nombre":"GALERA BAJA BOCA CON FLECOS MURGUERO x1 726","categoria":"Carnaval Carioca","subcategoria":"Gorros De Futbol","precio":4185.0,"destacado":false,"descripcion":"","imagen":"assets/products/CA-000000055214.webp","tags":["galera","baja","boca","con","flecos","murguero","726"]},{"id":"CA-000000055215","nombre":"GALERA BAJA RIVER CON FLECOS MURGUERO x1 726","categoria":"Carnaval Carioca","subcategoria":"Gorros De Futbol","precio":4185.0,"destacado":false,"descripcion":"","imagen":"assets/products/CA-000000055215.webp","tags":["galera","baja","river","con","flecos","murguero","726"]},{"id":"CA-720155717425","nombre":"GALERA BICOLOR ARGENTINA FELPA x1 MZ17425","categoria":"Carnaval Carioca","subcategoria":"Gorros De Futbol","precio":2200.62,"destacado":false,"descripcion":"","imagen":"assets/products/CA-720155717425.webp","tags":["galera","bicolor","argentina","felpa","mz17425"]},{"id":"CA-000000033642","nombre":"GALERA CHICA LUJO METAL C/MOÑO BOCA x1 JL 547","categoria":"Carnaval Carioca","subcategoria":"Gorros De Futbol","precio":4380.75,"destacado":false,"descripcion":"","imagen":"assets/products/CA-000000033642.webp","tags":["galera","chica","lujo","metal","moño","boca","547"]},{"id":"CA-000000042138","nombre":"GALERA CHICA LUJO METAL C/MOÑO RIVER x1 JL","categoria":"Carnaval Carioca","subcategoria":"Gorros De Futbol","precio":4380.75,"destacado":false,"descripcion":"","imagen":"assets/products/CA-000000042138.webp","tags":["galera","chica","lujo","metal","moño","river"]},{"id":"CA-000000034137","nombre":"GALERA CUADROS BOCA JERSEY ROX 254","categoria":"Carnaval Carioca","subcategoria":"Gorros De Futbol","precio":3600.45,"destacado":false,"descripcion":"","imagen":"assets/products/CA-000000034137.webp","tags":["galera","cuadros","boca","jersey","rox","254"]},{"id":"CA-000000034135","nombre":"GALERA CUADROS RIVER JERSEY ROX 254","categoria":"Carnaval Carioca","subcategoria":"Gorros De Futbol","precio":3600.45,"destacado":false,"descripcion":"","imagen":"assets/products/CA-000000034135.webp","tags":["galera","cuadros","river","jersey","rox","254"]},{"id":"CA-000000034136","nombre":"GALERA DIAGONAL RIVER JERSEY ROX 256","categoria":"Carnaval Carioca","subcategoria":"Gorros De Futbol","precio":3600.45,"destacado":false,"descripcion":"","imagen":"assets/products/CA-000000034136.webp","tags":["galera","diagonal","river","jersey","rox","256"]},{"id":"CA-000000033327","nombre":"GALERA HEXAGONAL METAL BOCA JLx1 421","categoria":"Carnaval Carioca","subcategoria":"Gorros De Futbol","precio":5359.5,"destacado":false,"descripcion":"","imagen":"assets/products/CA-000000033327.webp","tags":["galera","hexagonal","metal","boca","jlx1","421"]},{"id":"CA-000000048692","nombre":"GALERA HEXAGONAL METAL CHACARITA JLx1 421","categoria":"Carnaval Carioca","subcategoria":"Gorros De Futbol","precio":5359.5,"destacado":false,"descripcion":"","imagen":"assets/products/CA-000000048692.webp","tags":["galera","hexagonal","metal","chacarita","jlx1","421"]},{"id":"CA-000000033328","nombre":"GALERA HEXAGONAL METAL RIVER JLx1 422","categoria":"Carnaval Carioca","subcategoria":"Gorros De Futbol","precio":5359.5,"destacado":false,"descripcion":"","imagen":"assets/products/CA-000000033328.webp","tags":["galera","hexagonal","metal","river","jlx1","422"]},{"id":"CA-720155717433","nombre":"GALERA HORIZONTAL ARGENTINA IMPORTADA x1 MZ17433","categoria":"Carnaval Carioca","subcategoria":"Gorros De Futbol","precio":3750.0,"destacado":false,"descripcion":"","imagen":"assets/products/CA-720155717433.webp","tags":["galera","horizontal","argentina","importada","mz17433"]},{"id":"CA-000000034138","nombre":"GALERA HORIZONTAL BOCA JERSEY ROX 255","categoria":"Carnaval Carioca","subcategoria":"Gorros De Futbol","precio":3600.45,"destacado":false,"descripcion":"","imagen":"assets/products/CA-000000034138.webp","tags":["galera","horizontal","boca","jersey","rox","255"]},{"id":"CA-000000058564","nombre":"GALERA METALIZADA HEXAGONAL BOCA  x1 ALE","categoria":"Carnaval Carioca","subcategoria":"Gorros De Futbol","precio":4320.0,"destacado":false,"descripcion":"","imagen":"assets/products/CA-000000058564.webp","tags":["galera","metalizada","hexagonal","boca","ale"]},{"id":"CA-000000058566","nombre":"GALERA METALIZADA HEXAGONAL INDEPENDIENTE  x1 ALE","categoria":"Carnaval Carioca","subcategoria":"Gorros De Futbol","precio":4320.0,"destacado":false,"descripcion":"","imagen":"assets/products/CA-000000058566.webp","tags":["galera","metalizada","hexagonal","independiente","ale"]},{"id":"CA-000000058563","nombre":"GALERA METALIZADA HEXAGONAL RACING  x1 ALE","categoria":"Carnaval Carioca","subcategoria":"Gorros De Futbol","precio":4320.0,"destacado":false,"descripcion":"","imagen":"assets/products/CA-000000058563.webp","tags":["galera","metalizada","hexagonal","racing","ale"]},{"id":"CA-000000058565","nombre":"GALERA METALIZADA HEXAGONAL RIVER  x1 ALE","categoria":"Carnaval Carioca","subcategoria":"Gorros De Futbol","precio":4320.0,"destacado":false,"descripcion":"","imagen":"assets/products/CA-000000058565.webp","tags":["galera","metalizada","hexagonal","river","ale"]},{"id":"CA-000000058567","nombre":"GALERA METALIZADA HEXAGONAL SAN LORENZO  x1 ALE","categoria":"Carnaval Carioca","subcategoria":"Gorros De Futbol","precio":4320.0,"destacado":false,"descripcion":"","imagen":"assets/products/CA-000000058567.webp","tags":["galera","metalizada","hexagonal","san","lorenzo","ale"]},{"id":"CA-000000058557","nombre":"GALERA METALIZADA REDONDA BOCA  x1 ALE","categoria":"Carnaval Carioca","subcategoria":"Gorros De Futbol","precio":4320.0,"destacado":false,"descripcion":"","imagen":"assets/products/CA-000000058557.webp","tags":["galera","metalizada","redonda","boca","ale"]},{"id":"CA-000000058560","nombre":"GALERA METALIZADA REDONDA INDEPENDIENTE  x1 ALE","categoria":"Carnaval Carioca","subcategoria":"Gorros De Futbol","precio":4320.0,"destacado":false,"descripcion":"","imagen":"assets/products/CA-000000058560.webp","tags":["galera","metalizada","redonda","independiente","ale"]},{"id":"CA-000000058559","nombre":"GALERA METALIZADA REDONDA RACING  x1 ALE","categoria":"Carnaval Carioca","subcategoria":"Gorros De Futbol","precio":4320.0,"destacado":false,"descripcion":"","imagen":"assets/products/CA-000000058559.webp","tags":["galera","metalizada","redonda","racing","ale"]},{"id":"CA-000000058558","nombre":"GALERA METALIZADA REDONDA RIVER  x1 ALE","categoria":"Carnaval Carioca","subcategoria":"Gorros De Futbol","precio":4320.0,"destacado":false,"descripcion":"","imagen":"assets/products/CA-000000058558.webp","tags":["galera","metalizada","redonda","river","ale"]},{"id":"CA-000000058561","nombre":"GALERA METALIZADA REDONDA SAN LORENZO  x1 ALE","categoria":"Carnaval Carioca","subcategoria":"Gorros De Futbol","precio":4320.0,"destacado":false,"descripcion":"","imagen":"assets/products/CA-000000058561.webp","tags":["galera","metalizada","redonda","san","lorenzo","ale"]},{"id":"CA-000000010684","nombre":"GALERA PAÑO HORIZONTAL ARGENTINA x6 GER (6)","categoria":"Carnaval Carioca","subcategoria":"Gorros De Futbol","precio":10296.0,"destacado":false,"descripcion":"","imagen":"assets/products/CA-000000010684.webp","tags":["galera","paño","horizontal","argentina","ger"]},{"id":"CA-000000010685","nombre":"GALERA PAÑO VERTICAL ARGENTINA x6 GE 10 (1)","categoria":"Carnaval Carioca","subcategoria":"Gorros De Futbol","precio":10296.0,"destacado":false,"descripcion":"","imagen":"assets/products/CA-000000010685.webp","tags":["galera","paño","vertical","argentina"]},{"id":"CA-720155717446","nombre":"GALERA VERTICAL ARGENTINA IMPORTADAx1 MZ17446","categoria":"Carnaval Carioca","subcategoria":"Gorros De Futbol","precio":3750.0,"destacado":false,"descripcion":"","imagen":"assets/products/CA-720155717446.webp","tags":["galera","vertical","argentina","importadax1","mz17446"]},{"id":"CA-720155717429","nombre":"GALERA VERTICAL ARGENTINA PLUSH x1 MZ17429","categoria":"Carnaval Carioca","subcategoria":"Gorros De Futbol","precio":2105.43,"destacado":false,"descripcion":"","imagen":"assets/products/CA-720155717429.webp","tags":["galera","vertical","argentina","plush","mz17429"]},{"id":"CA-000000033742","nombre":"GALERA VERTICAL BOCA JERSEYx1 1023","categoria":"Carnaval Carioca","subcategoria":"Gorros De Futbol","precio":4900.0,"destacado":false,"descripcion":"","imagen":"assets/products/CA-000000033742.webp","tags":["galera","vertical","boca","jerseyx1","1023"]},{"id":"CA-720155717447","nombre":"GALERA VIKINGO ARGENTINA CON CASCABEL PLUSH x1 MZ17447","categoria":"Carnaval Carioca","subcategoria":"Gorros De Futbol","precio":3241.44,"destacado":false,"descripcion":"","imagen":"assets/products/CA-720155717447.webp","tags":["galera","vikingo","argentina","con","cascabel","plush","mz17447"]},{"id":"CA-000000041593","nombre":"GALERITA BOCA JERSEY ROX 298","categoria":"Carnaval Carioca","subcategoria":"Gorros De Futbol","precio":1714.5,"destacado":false,"descripcion":"","imagen":"assets/products/CA-000000041593.webp","tags":["galerita","boca","jersey","rox","298"]},{"id":"CA-000000041592","nombre":"GALERITA RIVER JERSEY ROX 299","categoria":"Carnaval Carioca","subcategoria":"Gorros De Futbol","precio":1714.5,"destacado":false,"descripcion":"","imagen":"assets/products/CA-000000041592.webp","tags":["galerita","river","jersey","rox","299"]},{"id":"CA-000000041642","nombre":"GALERON LUJO METAL CON MOÑO BOCA x1 JL 637","categoria":"Carnaval Carioca","subcategoria":"Gorros De Futbol","precio":6345.0,"destacado":false,"descripcion":"","imagen":"assets/products/CA-000000041642.webp","tags":["galeron","lujo","metal","con","moño","boca","637"]},{"id":"CA-000000042297","nombre":"GALERON LUJO METAL CON MOÑO RIVER x1 JL 638","categoria":"Carnaval Carioca","subcategoria":"Gorros De Futbol","precio":6345.0,"destacado":false,"descripcion":"","imagen":"assets/products/CA-000000042297.webp","tags":["galeron","lujo","metal","con","moño","river","638"]},{"id":"CA-000000039463","nombre":"GALERON METAL CON ESTRELLAS BOCA x1 JL 642","categoria":"Carnaval Carioca","subcategoria":"Gorros De Futbol","precio":6845.85,"destacado":false,"descripcion":"","imagen":"assets/products/CA-000000039463.webp","tags":["galeron","metal","con","estrellas","boca","642"]},{"id":"CA-000000049570","nombre":"GALERON METAL CON ESTRELLAS RIVER x1 JL 667","categoria":"Carnaval Carioca","subcategoria":"Gorros De Futbol","precio":6845.85,"destacado":false,"descripcion":"","imagen":"assets/products/CA-000000049570.webp","tags":["galeron","metal","con","estrellas","river","667"]},{"id":"CA-000000033362","nombre":"GALERON METAL VERTICAL BOCA x1 JL 631","categoria":"Carnaval Carioca","subcategoria":"Gorros De Futbol","precio":6103.35,"destacado":false,"descripcion":"","imagen":"assets/products/CA-000000033362.webp","tags":["galeron","metal","vertical","boca","631"]},{"id":"CA-000000033361","nombre":"GALERON METAL VERTICAL RIVER JLx1 632","categoria":"Carnaval Carioca","subcategoria":"Gorros De Futbol","precio":6103.35,"destacado":false,"descripcion":"","imagen":"assets/products/CA-000000033361.webp","tags":["galeron","metal","vertical","river","jlx1","632"]}]}