{"category_slug":"golosinas","subcategory_slug":"","page":1,"page_size":48,"total":475,"items":[{"id":"CA-779812800253","nombre":"ALFAJOR 72% CACAO MASA DE ALMENDRAS CACHAFAZ x12un","categoria":"Golosinas","subcategoria":"Alfajores","precio":22645.82,"destacado":false,"descripcion":"","imagen":"assets/products/CA-779812800253.webp","tags":["alfajor","cacao","masa","almendras","cachafaz","x12un"]},{"id":"CA-779812800252","nombre":"ALFAJOR 72% CACAO MASA DE ALMENDRAS CACHAFAZ x8un","categoria":"Golosinas","subcategoria":"Alfajores","precio":15492.76,"destacado":false,"descripcion":"","imagen":"assets/products/CA-779812800252.webp","tags":["alfajor","cacao","masa","almendras","cachafaz","x8un"]},{"id":"CA-779812800048","nombre":"ALFAJOR BLANCO CACHAFAZ x12un","categoria":"Golosinas","subcategoria":"Alfajores","precio":15097.21,"destacado":false,"descripcion":"","imagen":"assets/products/CA-779812800048.webp","tags":["alfajor","blanco","cachafaz","x12un"]},{"id":"CA-779812800049","nombre":"ALFAJOR BLANCO CACHAFAZ x6un","categoria":"Golosinas","subcategoria":"Alfajores","precio":7746.38,"destacado":false,"descripcion":"","imagen":"assets/products/CA-779812800049.webp","tags":["alfajor","blanco","cachafaz","x6un"]},{"id":"CA-779812800046","nombre":"ALFAJOR CHOCOLATE NEGRO CACHAFAZ x12un","categoria":"Golosinas","subcategoria":"Alfajores","precio":15097.21,"destacado":false,"descripcion":"","imagen":"assets/products/CA-779812800046.webp","tags":["alfajor","chocolate","negro","cachafaz","x12un"]},{"id":"CA-779812800047","nombre":"ALFAJOR CHOCOLATE NEGRO CACHAFAZ x6un","categoria":"Golosinas","subcategoria":"Alfajores","precio":7746.38,"destacado":false,"descripcion":"","imagen":"assets/products/CA-779812800047.webp","tags":["alfajor","chocolate","negro","cachafaz","x6un"]},{"id":"CA-17790040150079","nombre":"ALFAJOR CHOCOTORTA 21un x 71.5gr 1015007","categoria":"Golosinas","subcategoria":"Alfajores","precio":20163.96,"destacado":false,"descripcion":"* (19/12/2025)","imagen":"assets/products/CA-17790040150079.webp","tags":["alfajor","chocotorta","21un","5gr","1015007"]},{"id":"CA-000000058053","nombre":"ALFAJOR CHOCOTORTA 4un x 71.5gr 1015007","categoria":"Golosinas","subcategoria":"Alfajores","precio":3840.75,"destacado":false,"descripcion":"* (19/12/2025)","imagen":"assets/products/CA-000000058053.webp","tags":["alfajor","chocotorta","4un","5gr","1015007"]},{"id":"CA-17798397444247","nombre":"ALFAJOR DE MAICENA RASTA TRICOLOR x14u","categoria":"Golosinas","subcategoria":"Alfajores","precio":18431.25,"destacado":false,"descripcion":"","imagen":"assets/products/CA-17798397444247.webp","tags":["alfajor","maicena","rasta","tricolor","x14u"]},{"id":"CA-17791672014777","nombre":"ALFAJOR ELIXIR 70% CACAO FANTOCHE 12u x 60gr 701","categoria":"Golosinas","subcategoria":"Alfajores","precio":9905.0,"destacado":false,"descripcion":"","imagen":"assets/products/CA-17791672014777.webp","tags":["alfajor","elixir","cacao","fantoche","12u","60gr","701"]},{"id":"CA-17798094224234","nombre":"ALFAJOR FULBITO RELLENO BLACK (BULTO 40x30gr) 881","categoria":"Golosinas","subcategoria":"Alfajores","precio":5338.04,"destacado":false,"descripcion":"","imagen":"assets/products/CA-17798094224234.webp","tags":["alfajor","fulbito","relleno","black","bulto","40x30gr","881"]},{"id":"CA-20000077913580","nombre":"ALFAJOR FULBITO RELLENO SABOR CHOCOLATE (BULTO 40x30gr) 880","categoria":"Golosinas","subcategoria":"Alfajores","precio":5338.04,"destacado":false,"descripcion":"","imagen":"assets/products/CA-20000077913580.webp","tags":["alfajor","fulbito","relleno","sabor","chocolate","bulto","40x30gr","880"]},{"id":"CA-20000077902324","nombre":"ALFAJOR FULBITO RELLENO SABOR MANI (BULTO 40x30gr) 879","categoria":"Golosinas","subcategoria":"Alfajores","precio":5338.04,"destacado":false,"descripcion":"","imagen":"assets/products/CA-20000077902324.webp","tags":["alfajor","fulbito","relleno","sabor","mani","bulto","40x30gr","879"]},{"id":"CA-17790000080217","nombre":"ALFAJOR GUAYMALLEN BLANCO 40u x 38grs  115","categoria":"Golosinas","subcategoria":"Alfajores","precio":7087.5,"destacado":false,"descripcion":"","imagen":"assets/products/CA-17790000080217.webp","tags":["alfajor","guaymallen","blanco","40u","38grs","115"]},{"id":"CA-17790000080224","nombre":"ALFAJOR GUAYMALLEN CHOCOLATE 40u x 38grs  110","categoria":"Golosinas","subcategoria":"Alfajores","precio":7087.5,"destacado":false,"descripcion":"","imagen":"assets/products/CA-17790000080224.webp","tags":["alfajor","guaymallen","chocolate","40u","38grs","110"]},{"id":"CA-17622202296281","nombre":"ALFAJOR INTENSO TERRABUSI SIN TACC (BULTO 42x55gr)","categoria":"Golosinas","subcategoria":"Alfajores","precio":40979.45,"destacado":false,"descripcion":"","imagen":"assets/products/CA-17622202296281.webp","tags":["alfajor","intenso","terrabusi","sin","tacc","bulto","42x55gr"]},{"id":"CA-762230075949","nombre":"ALFAJOR MILKA MOUSSE x6unid (42grs c/u)","categoria":"Golosinas","subcategoria":"Alfajores","precio":4355.55,"destacado":false,"descripcion":"","imagen":"assets/products/CA-762230075949.webp","tags":["alfajor","milka","mousse","x6unid","42grs"]},{"id":"CA-17791672002002","nombre":"ALFAJOR MINI BLANCO FANTOCHE 863 (BULTO 24x150grs)","categoria":"Golosinas","subcategoria":"Alfajores","precio":29135.04,"destacado":false,"descripcion":"","imagen":"assets/products/CA-17791672002002.webp","tags":["alfajor","mini","blanco","fantoche","863","bulto","24x150grs"]},{"id":"CA-779167200200","nombre":"ALFAJOR MINI BLANCO FANTOCHE 863 (cunitax6unid) x150grs","categoria":"Golosinas","subcategoria":"Alfajores","precio":1233.54,"destacado":false,"descripcion":"","imagen":"assets/products/CA-779167200200.webp","tags":["alfajor","mini","blanco","fantoche","863","cunitax6unid","x150grs"]},{"id":"CA-17791672002019","nombre":"ALFAJOR MINI CHOCOLATE FANTOCHE 862 (BULTO 24x150grs)","categoria":"Golosinas","subcategoria":"Alfajores","precio":29135.04,"destacado":false,"descripcion":"","imagen":"assets/products/CA-17791672002019.webp","tags":["alfajor","mini","chocolate","fantoche","862","bulto","24x150grs"]},{"id":"CA-779167200201","nombre":"ALFAJOR MINI CHOCOLATE FANTOCHE 862 (cunitax6unid) x150grs","categoria":"Golosinas","subcategoria":"Alfajores","precio":1233.54,"destacado":false,"descripcion":"","imagen":"assets/products/CA-779167200201.webp","tags":["alfajor","mini","chocolate","fantoche","862","cunitax6unid","x150grs"]},{"id":"CA-779812800245","nombre":"ALFAJOR MINI CHOCOLATE NEGRO CACHAFAZ x6un","categoria":"Golosinas","subcategoria":"Alfajores","precio":5389.44,"destacado":false,"descripcion":"","imagen":"assets/products/CA-779812800245.webp","tags":["alfajor","mini","chocolate","negro","cachafaz","x6un"]},{"id":"CA-779812800050","nombre":"ALFAJOR MIXTO CHOCOLATE NEGRO Y BLANCO CACHAFAZ x12un","categoria":"Golosinas","subcategoria":"Alfajores","precio":15492.76,"destacado":false,"descripcion":"","imagen":"assets/products/CA-779812800050.webp","tags":["alfajor","mixto","chocolate","negro","blanco","cachafaz","x12un"]},{"id":"CA-10000077912265","nombre":"ALFAJOR MOGY BLANCO (BULTO 40x38grs) (1831)","categoria":"Golosinas","subcategoria":"Alfajores","precio":7286.55,"destacado":false,"descripcion":"","imagen":"assets/products/CA-10000077912265.webp","tags":["alfajor","mogy","blanco","bulto","40x38grs","1831"]},{"id":"CA-10000077908824","nombre":"ALFAJOR MOGY NEGRO (BULTO 40x38grs) (1830)","categoria":"Golosinas","subcategoria":"Alfajores","precio":7286.55,"destacado":false,"descripcion":"","imagen":"assets/products/CA-10000077908824.webp","tags":["alfajor","mogy","negro","bulto","40x38grs","1830"]},{"id":"CA-779812800027","nombre":"ALFAJOR MOUSSE DE CHOCOLATE CACHAFAZ x12un","categoria":"Golosinas","subcategoria":"Alfajores","precio":15097.21,"destacado":false,"descripcion":"","imagen":"assets/products/CA-779812800027.webp","tags":["alfajor","mousse","chocolate","cachafaz","x12un"]},{"id":"CA-779812800025","nombre":"ALFAJOR MOUSSE DE CHOCOLATE CACHAFAZ x6un","categoria":"Golosinas","subcategoria":"Alfajores","precio":7746.38,"destacado":false,"descripcion":"","imagen":"assets/products/CA-779812800025.webp","tags":["alfajor","mousse","chocolate","cachafaz","x6un"]},{"id":"CA-01477983974400","nombre":"ALFAJOR RASTA BLANCO x18unid","categoria":"Golosinas","subcategoria":"Alfajores","precio":15626.56,"destacado":false,"descripcion":"","imagen":"assets/products/CA-01477983974400.webp","tags":["alfajor","rasta","blanco","x18unid"]},{"id":"CA-01477983974442","nombre":"ALFAJOR RASTA NEGRO x18unid","categoria":"Golosinas","subcategoria":"Alfajores","precio":15626.56,"destacado":false,"descripcion":"","imagen":"assets/products/CA-01477983974442.webp","tags":["alfajor","rasta","negro","x18unid"]},{"id":"CA-17791672000794","nombre":"ALFAJOR TRIPLE BLANCO FANTOCHE BULTO 12u x85grs AT-PU-002","categoria":"Golosinas","subcategoria":"Alfajores","precio":6428.75,"destacado":false,"descripcion":"","imagen":"assets/products/CA-17791672000794.webp","tags":["alfajor","triple","blanco","fantoche","bulto","12u","x85grs","002"]},{"id":"CA-17791672000787","nombre":"ALFAJOR TRIPLE CHOCOLATE FANTOCHE BULTO 12u x85grs AT-PU-001","categoria":"Golosinas","subcategoria":"Alfajores","precio":6428.75,"destacado":false,"descripcion":"","imagen":"assets/products/CA-17791672000787.webp","tags":["alfajor","triple","chocolate","fantoche","bulto","12u","x85grs","001"]},{"id":"CA-10000077958263","nombre":"ALFAJOR VIMAR ESCOLAR SURTIDOS BLANCO Y NEGRO 60unid x28grs","categoria":"Golosinas","subcategoria":"Alfajores","precio":9702.0,"destacado":false,"descripcion":"","imagen":"assets/products/CA-10000077958263.webp","tags":["alfajor","vimar","escolar","surtidos","blanco","negro","60unid","x28grs"]},{"id":"CA-779167201466","nombre":"ALFAJOR XS MINI BLANCO FANTOCHE 20u x 25gr 042","categoria":"Golosinas","subcategoria":"Alfajores","precio":4045.21,"destacado":false,"descripcion":"","imagen":"assets/products/CA-779167201466.webp","tags":["alfajor","mini","blanco","fantoche","20u","25gr","042"]},{"id":"CA-779167201465","nombre":"ALFAJOR XS MINI CHOCOLATE FANTOCHE 20u x 25gr 041","categoria":"Golosinas","subcategoria":"Alfajores","precio":4045.21,"destacado":false,"descripcion":"","imagen":"assets/products/CA-779167201465.webp","tags":["alfajor","mini","chocolate","fantoche","20u","25gr","041"]},{"id":"CA-780221510824","nombre":"ALMENDRAS CON CHOCOLATE VIZZIO BONAFIDE x70grs","categoria":"Golosinas","subcategoria":"Cubanitos/ Bocaditos/Bombones/Chocolates","precio":2095.12,"destacado":false,"descripcion":"","imagen":"assets/products/CA-780221510824.webp","tags":["almendras","con","chocolate","vizzio","bonafide","x70grs"]},{"id":"CA-779038001984","nombre":"ALMOHADITAS RELLENAS MANTECOL x180gr 1984","categoria":"Golosinas","subcategoria":"Galletitas/Turrones/Pochoclos/Barritas/Varios","precio":2154.57,"destacado":false,"descripcion":"* (19/12/2025)","imagen":"assets/products/CA-779038001984.webp","tags":["almohaditas","rellenas","mantecol","x180gr","1984"]},{"id":"CA-844529070159","nombre":"BANANITA DOLCA 16x14gr 1014404","categoria":"Golosinas","subcategoria":"Cubanitos/ Bocaditos/Bombones/Chocolates","precio":7477.55,"destacado":false,"descripcion":"","imagen":"assets/products/CA-844529070159.webp","tags":["bananita","dolca","16x14gr","1014404"]},{"id":"CA-779020601266","nombre":"BARRITA CHOCOLATE LECHE Y MANI FEL-FORT x24u 1266","categoria":"Golosinas","subcategoria":"Cubanitos/ Bocaditos/Bombones/Chocolates","precio":14715.63,"destacado":false,"descripcion":"","imagen":"assets/products/CA-779020601266.webp","tags":["barrita","chocolate","leche","mani","fel","fort","x24u","1266"]},{"id":"CA-779818603482","nombre":"BARRITA DE CARAMELO CABLE FRAMBUESA ACIDA BULL DOG (12un x18gr) x1 378552","categoria":"Golosinas","subcategoria":"Caramelos/Gomitas/Pastillas/Chicles","precio":2509.32,"destacado":false,"descripcion":"","imagen":"assets/products/CA-779818603482.webp","tags":["barrita","caramelo","cable","frambuesa","acida","bull","dog","12un","x18gr","378552"]},{"id":"CA-779818603450","nombre":"BARRITA DE CARAMELO CABLE FRAMBUESA ACIDA BULL DOG x360gr 79007","categoria":"Golosinas","subcategoria":"Caramelos/Gomitas/Pastillas/Chicles","precio":3456.84,"destacado":false,"descripcion":"","imagen":"assets/products/CA-779818603450.webp","tags":["barrita","caramelo","cable","frambuesa","acida","bull","dog","x360gr","79007"]},{"id":"CA-779818603479","nombre":"BARRITA DE CARAMELO CABLE FRAMBUESA ACIDA BULL DOG x75gr 378556","categoria":"Golosinas","subcategoria":"Caramelos/Gomitas/Pastillas/Chicles","precio":666.6,"destacado":false,"descripcion":"","imagen":"assets/products/CA-779818603479.webp","tags":["barrita","caramelo","cable","frambuesa","acida","bull","dog","x75gr","378556"]},{"id":"CA-779818603480","nombre":"BARRITA DE CARAMELO CABLE FRUTILLA ACIDA BULL DOG (12un x18gr) x1 378550","categoria":"Golosinas","subcategoria":"Caramelos/Gomitas/Pastillas/Chicles","precio":2509.32,"destacado":false,"descripcion":"","imagen":"assets/products/CA-779818603480.webp","tags":["barrita","caramelo","cable","frutilla","acida","bull","dog","12un","x18gr","378550"]},{"id":"CA-779818603446","nombre":"BARRITA DE CARAMELO CABLE FRUTILLA ACIDA BULL DOG x360gr 78996","categoria":"Golosinas","subcategoria":"Caramelos/Gomitas/Pastillas/Chicles","precio":3456.84,"destacado":false,"descripcion":"","imagen":"assets/products/CA-779818603446.webp","tags":["barrita","caramelo","cable","frutilla","acida","bull","dog","x360gr","78996"]},{"id":"CA-779818603476","nombre":"BARRITA DE CARAMELO CABLE FRUTILLA ACIDA BULL DOG x75gr 378554","categoria":"Golosinas","subcategoria":"Caramelos/Gomitas/Pastillas/Chicles","precio":666.6,"destacado":false,"descripcion":"","imagen":"assets/products/CA-779818603476.webp","tags":["barrita","caramelo","cable","frutilla","acida","bull","dog","x75gr","378554"]},{"id":"CA-779818603522","nombre":"BARRITA DE CARAMELO CABLE FRUTILLA BULL DOG x70gr 79019","categoria":"Golosinas","subcategoria":"Caramelos/Gomitas/Pastillas/Chicles","precio":666.6,"destacado":false,"descripcion":"","imagen":"assets/products/CA-779818603522.webp","tags":["barrita","caramelo","cable","frutilla","bull","dog","x70gr","79019"]},{"id":"CA-779818603531","nombre":"BARRITA DE CARAMELO CABLE FRUTILLA PICANTE BULL DOG x216gr 79022","categoria":"Golosinas","subcategoria":"Caramelos/Gomitas/Pastillas/Chicles","precio":2509.32,"destacado":false,"descripcion":"","imagen":"assets/products/CA-779818603531.webp","tags":["barrita","caramelo","cable","frutilla","picante","bull","dog","x216gr","79022"]},{"id":"CA-779818603525","nombre":"BARRITA DE CARAMELO CABLE FRUTILLA PICANTE BULL DOG x75gr 79021","categoria":"Golosinas","subcategoria":"Caramelos/Gomitas/Pastillas/Chicles","precio":666.6,"destacado":false,"descripcion":"","imagen":"assets/products/CA-779818603525.webp","tags":["barrita","caramelo","cable","frutilla","picante","bull","dog","x75gr","79021"]},{"id":"CA-779818603481","nombre":"BARRITA DE CARAMELO CABLE SANDIA ACIDA BULL DOG (12un x18gr) x1 378553","categoria":"Golosinas","subcategoria":"Caramelos/Gomitas/Pastillas/Chicles","precio":2509.32,"destacado":false,"descripcion":"","imagen":"assets/products/CA-779818603481.webp","tags":["barrita","caramelo","cable","sandia","acida","bull","dog","12un","x18gr","378553"]}]}