{"category_slug":"golosinas","subcategory_slug":"","page":3,"page_size":48,"total":475,"items":[{"id":"CA-779058009324","nombre":"BOMBON BONoBON SNACK CON LECHE ARCOR x800gr. 9324","categoria":"Golosinas","subcategoria":"Cubanitos/ Bocaditos/Bombones/Chocolates","precio":10679.51,"destacado":false,"descripcion":"","imagen":"assets/products/CA-779058009324.webp","tags":["bombon","bonobon","snack","con","leche","arcor","x800gr","9324"]},{"id":"CA-779058011912","nombre":"BOMBON BONoBON SURTIDO ARCOR 17un x255gr 1011912","categoria":"Golosinas","subcategoria":"Cubanitos/ Bocaditos/Bombones/Chocolates","precio":6785.95,"destacado":false,"descripcion":"* (19/12/2025)","imagen":"assets/products/CA-779058011912.webp","tags":["bombon","bonobon","surtido","arcor","17un","x255gr","1011912"]},{"id":"CA-779020600632","nombre":"BOMBON FEL-FORT JACKELIN x 15un 632","categoria":"Golosinas","subcategoria":"Cubanitos/ Bocaditos/Bombones/Chocolates","precio":10650.5,"destacado":false,"descripcion":"","imagen":"assets/products/CA-779020600632.webp","tags":["bombon","fel","fort","jackelin","15un","632"]},{"id":"CA-779020600635","nombre":"BOMBON FEL-FORT JACKELIN x 30un 635","categoria":"Golosinas","subcategoria":"Cubanitos/ Bocaditos/Bombones/Chocolates","precio":18933.75,"destacado":false,"descripcion":"","imagen":"assets/products/CA-779020600635.webp","tags":["bombon","fel","fort","jackelin","30un","635"]},{"id":"CA-779020600932","nombre":"BOMBON FEL-FORT LICORFORT WHISKY (15un x13grs.) 932","categoria":"Golosinas","subcategoria":"Cubanitos/ Bocaditos/Bombones/Chocolates","precio":10166.0,"destacado":false,"descripcion":"","imagen":"assets/products/CA-779020600932.webp","tags":["bombon","fel","fort","licorfort","whisky","15un","x13grs","932"]},{"id":"CA-779020600931","nombre":"BOMBON FEL-FORT LICORFORT WHISKY (30un x13grs.) 931","categoria":"Golosinas","subcategoria":"Cubanitos/ Bocaditos/Bombones/Chocolates","precio":18073.13,"destacado":false,"descripcion":"","imagen":"assets/products/CA-779020600931.webp","tags":["bombon","fel","fort","licorfort","whisky","30un","x13grs","931"]},{"id":"CA-789802439786","nombre":"BOMBON FERRERO ROCHER CAJA 4unid x 50gr  T4","categoria":"Golosinas","subcategoria":"Cubanitos/ Bocaditos/Bombones/Chocolates","precio":3206.61,"destacado":false,"descripcion":"","imagen":"assets/products/CA-789802439786.webp","tags":["bombon","ferrero","rocher","caja","4unid","50gr"]},{"id":"CA-786100290011","nombre":"BOMBON FERRERO ROCHER CAJA 8unidx100grs  T8","categoria":"Golosinas","subcategoria":"Cubanitos/ Bocaditos/Bombones/Chocolates","precio":6413.22,"destacado":false,"descripcion":"","imagen":"assets/products/CA-786100290011.webp","tags":["bombon","ferrero","rocher","caja","8unidx100grs"]},{"id":"CA-789802439699","nombre":"BOMBON FERRERO ROCHER x12un (150grs)  T12","categoria":"Golosinas","subcategoria":"Cubanitos/ Bocaditos/Bombones/Chocolates","precio":9694.99,"destacado":false,"descripcion":"","imagen":"assets/products/CA-789802439699.webp","tags":["bombon","ferrero","rocher","x12un","150grs","t12"]},{"id":"CA-800050000967","nombre":"BOMBON FERRERO ROCHER x24unid (300grs)  T24","categoria":"Golosinas","subcategoria":"Cubanitos/ Bocaditos/Bombones/Chocolates","precio":18017.15,"destacado":false,"descripcion":"","imagen":"assets/products/CA-800050000967.webp","tags":["bombon","ferrero","rocher","x24unid","300grs","t24"]},{"id":"CA-789802439012","nombre":"BOMBON FERRERO ROCHER x48 (16x3u.) 600grs  T3","categoria":"Golosinas","subcategoria":"Cubanitos/ Bocaditos/Bombones/Chocolates","precio":34210.54,"destacado":false,"descripcion":"","imagen":"assets/products/CA-789802439012.webp","tags":["bombon","ferrero","rocher","x48","16x3u","600grs"]},{"id":"CA-779461211918","nombre":"BOMBON HAMLET CHOCOLATE CON LECHE x30un 11918","categoria":"Golosinas","subcategoria":"Cubanitos/ Bocaditos/Bombones/Chocolates","precio":5617.54,"destacado":false,"descripcion":"* (19/12/2025)","imagen":"assets/products/CA-779461211918.webp","tags":["bombon","hamlet","chocolate","con","leche","x30un","11918"]},{"id":"CA-762220239910","nombre":"BOMBON MILKA OREO x11uni.","categoria":"Golosinas","subcategoria":"Cubanitos/ Bocaditos/Bombones/Chocolates","precio":5203.31,"destacado":false,"descripcion":"","imagen":"assets/products/CA-762220239910.webp","tags":["bombon","milka","oreo","x11uni"]},{"id":"CA-779312316061","nombre":"BOMBON OBLI-BON MIX OBLITA x15un 2015","categoria":"Golosinas","subcategoria":"Cubanitos/ Bocaditos/Bombones/Chocolates","precio":2940.17,"destacado":false,"descripcion":"","imagen":"assets/products/CA-779312316061.webp","tags":["bombon","obli","bon","mix","oblita","x15un","2015"]},{"id":"CA-779312300004","nombre":"BOMBON OBLI-BON OBLITA x30un 2020","categoria":"Golosinas","subcategoria":"Cubanitos/ Bocaditos/Bombones/Chocolates","precio":4739.04,"destacado":false,"descripcion":"","imagen":"assets/products/CA-779312300004.webp","tags":["bombon","obli","bon","oblita","x30un","2020"]},{"id":"CA-779058013138","nombre":"BOMBON SELECCION DE BOMBONES ARCOR x228grs. 1013138","categoria":"Golosinas","subcategoria":"Cubanitos/ Bocaditos/Bombones/Chocolates","precio":6570.04,"destacado":false,"descripcion":"* (19/12/2025)","imagen":"assets/products/CA-779058013138.webp","tags":["bombon","seleccion","bombones","arcor","x228grs","1013138"]},{"id":"CA-789606676701","nombre":"BOMBON SURTIDO BEL x50 uni. 4914024","categoria":"Golosinas","subcategoria":"Cubanitos/ Bocaditos/Bombones/Chocolates","precio":4911.95,"destacado":false,"descripcion":"","imagen":"assets/products/CA-789606676701.webp","tags":["bombon","surtido","bel","x50","uni","4914024"]},{"id":"CA-779818603442","nombre":"BOMBONERA CORAZON BILLIKEN CON BOMBONES FRUTALES x200grs 12750","categoria":"Golosinas","subcategoria":"Caramelos/Gomitas/Pastillas/Chicles","precio":2038.45,"destacado":false,"descripcion":"","imagen":"assets/products/CA-779818603442.webp","tags":["bombonera","corazon","billiken","con","bombones","frutales","x200grs","12750"]},{"id":"CA-779020600260","nombre":"BOMBONERA FEL-FORT FELICIDADES x264 gr. 260","categoria":"Golosinas","subcategoria":"Cubanitos/ Bocaditos/Bombones/Chocolates","precio":11772.5,"destacado":false,"descripcion":"","imagen":"assets/products/CA-779020600260.webp","tags":["bombonera","fel","fort","felicidades","x264","260"]},{"id":"CA-779020600265","nombre":"BOMBONERA FEL-FORT LOVERS x264 gr. 265","categoria":"Golosinas","subcategoria":"Cubanitos/ Bocaditos/Bombones/Chocolates","precio":11772.5,"destacado":false,"descripcion":"","imagen":"assets/products/CA-779020600265.webp","tags":["bombonera","fel","fort","lovers","x264","265"]},{"id":"CA-779058013056","nombre":"BOMBONES COFLER BLOCK ARCOR x16unid. 1013056","categoria":"Golosinas","subcategoria":"Cubanitos/ Bocaditos/Bombones/Chocolates","precio":8379.83,"destacado":false,"descripcion":"* (19/12/2025)","imagen":"assets/products/CA-779058013056.webp","tags":["bombones","cofler","block","arcor","x16unid","1013056"]},{"id":"CA-000000022748","nombre":"BOMBONES DE FRUTA CIOTTI x1kg (envueltos)","categoria":"Golosinas","subcategoria":"Cubanitos/ Bocaditos/Bombones/Chocolates","precio":13332.83,"destacado":false,"descripcion":"","imagen":"assets/products/CA-000000022748.webp","tags":["bombones","fruta","ciotti","x1kg","envueltos"]},{"id":"CA-789100039106","nombre":"BOMBONES NESTLE ESPECIALIDADES x251grs 12575104","categoria":"Golosinas","subcategoria":"Cubanitos/ Bocaditos/Bombones/Chocolates","precio":5378.11,"destacado":false,"descripcion":"","imagen":"assets/products/CA-789100039106.webp","tags":["bombones","nestle","especialidades","x251grs","12575104"]},{"id":"CA-779020600275","nombre":"BOMBONES ORO FEL-FORT x 264grs 275","categoria":"Golosinas","subcategoria":"Cubanitos/ Bocaditos/Bombones/Chocolates","precio":10915.06,"destacado":false,"descripcion":"","imagen":"assets/products/CA-779020600275.webp","tags":["bombones","oro","fel","fort","264grs","275"]},{"id":"CA-779058013837","nombre":"BOMBONES SURTIDO ESPECIAL ARCOR x223gr. 1013837 (ROJO)","categoria":"Golosinas","subcategoria":"Cubanitos/ Bocaditos/Bombones/Chocolates","precio":3473.44,"destacado":false,"descripcion":"* (19/12/2025)","imagen":"assets/products/CA-779058013837.webp","tags":["bombones","surtido","especial","arcor","x223gr","1013837","rojo"]},{"id":"CA-789100039277","nombre":"BOMBONES SURTIDOS GAROTO x250grs 12577174","categoria":"Golosinas","subcategoria":"Cubanitos/ Bocaditos/Bombones/Chocolates","precio":5274.12,"destacado":false,"descripcion":"","imagen":"assets/products/CA-789100039277.webp","tags":["bombones","surtidos","garoto","x250grs","12577174"]},{"id":"CA-779058013137","nombre":"BOMBONES Y CHOCOLATES SURTIDOS ARCOR x246grs. 1013137","categoria":"Golosinas","subcategoria":"Cubanitos/ Bocaditos/Bombones/Chocolates","precio":7094.4,"destacado":false,"descripcion":"* (19/12/2025)","imagen":"assets/products/CA-779058013137.webp","tags":["bombones","chocolates","surtidos","arcor","x246grs","1013137"]},{"id":"CA-779020600730","nombre":"BOTELLITA LICORITA FEL-FORTx25 730","categoria":"Golosinas","subcategoria":"Cubanitos/ Bocaditos/Bombones/Chocolates","precio":16868.25,"destacado":false,"descripcion":"","imagen":"assets/products/CA-779020600730.webp","tags":["botellita","licorita","fel","fortx25","730"]},{"id":"CA-779058013419","nombre":"CARAMELO BUTTER TOFFEES CHOCOLATE ARCOR x140grs 1013419","categoria":"Golosinas","subcategoria":"Caramelos/Gomitas/Pastillas/Chicles","precio":1368.74,"destacado":false,"descripcion":"","imagen":"assets/products/CA-779058013419.webp","tags":["caramelo","butter","toffees","chocolate","arcor","x140grs","1013419"]},{"id":"CA-779058015209","nombre":"CARAMELO BUTTER TOFFEES LECHE ARCOR x80grs 5209","categoria":"Golosinas","subcategoria":"Caramelos/Gomitas/Pastillas/Chicles","precio":865.07,"destacado":false,"descripcion":"","imagen":"assets/products/CA-779058015209.webp","tags":["caramelo","butter","toffees","leche","arcor","x80grs","5209"]},{"id":"CA-779058013420","nombre":"CARAMELO BUTTER TOFFEES SURTIDO ARCOR x140grs 1013420","categoria":"Golosinas","subcategoria":"Caramelos/Gomitas/Pastillas/Chicles","precio":1368.74,"destacado":false,"descripcion":"","imagen":"assets/products/CA-779058013420.webp","tags":["caramelo","butter","toffees","surtido","arcor","x140grs","1013420"]},{"id":"CA-779058015211","nombre":"CARAMELO BUTTER TOFFEES SURTIDOS ARCOR x80grs 5211","categoria":"Golosinas","subcategoria":"Caramelos/Gomitas/Pastillas/Chicles","precio":942.93,"destacado":false,"descripcion":"* (19/12/2025)","imagen":"assets/products/CA-779058015211.webp","tags":["caramelo","butter","toffees","surtidos","arcor","x80grs","5211"]},{"id":"CA-779286000549","nombre":"CARAMELO DURO LHERITIER CHERRY MENTOL x150grs 301123","categoria":"Golosinas","subcategoria":"Caramelos/Gomitas/Pastillas/Chicles","precio":1225.9,"destacado":false,"descripcion":"","imagen":"assets/products/CA-779286000549.webp","tags":["caramelo","duro","lheritier","cherry","mentol","x150grs","301123"]},{"id":"CA-779286000518","nombre":"CARAMELO DURO LHERITIER MENTAx150grs 301122","categoria":"Golosinas","subcategoria":"Caramelos/Gomitas/Pastillas/Chicles","precio":1225.9,"destacado":false,"descripcion":"","imagen":"assets/products/CA-779286000518.webp","tags":["caramelo","duro","lheritier","mentax150grs","301122"]},{"id":"CA-779286000548","nombre":"CARAMELO DURO LHERITIER MIEL Y LIMON x150grs 301124","categoria":"Golosinas","subcategoria":"Caramelos/Gomitas/Pastillas/Chicles","precio":1225.9,"destacado":false,"descripcion":"","imagen":"assets/products/CA-779286000548.webp","tags":["caramelo","duro","lheritier","miel","limon","x150grs","301124"]},{"id":"CA-779038000265","nombre":"CARAMELO FLYNN PAFF BANANA GEORGALOS x560g 265","categoria":"Golosinas","subcategoria":"Caramelos/Gomitas/Pastillas/Chicles","precio":4522.94,"destacado":false,"descripcion":"* (19/12/2025)","imagen":"assets/products/CA-779038000265.webp","tags":["caramelo","flynn","paff","banana","georgalos","x560g","265"]},{"id":"CA-779038001180","nombre":"CARAMELO FLYNN PAFF FRUTILLA-VAINILLA GEORGALOS x560g 1180","categoria":"Golosinas","subcategoria":"Caramelos/Gomitas/Pastillas/Chicles","precio":4522.94,"destacado":false,"descripcion":"* (19/12/2025)","imagen":"assets/products/CA-779038001180.webp","tags":["caramelo","flynn","paff","frutilla","vainilla","georgalos","x560g","1180"]},{"id":"CA-779038000296","nombre":"CARAMELO FLYNN PAFF PINTA LENGUA GEORGALOS x560g 296","categoria":"Golosinas","subcategoria":"Caramelos/Gomitas/Pastillas/Chicles","precio":4522.94,"destacado":false,"descripcion":"* (19/12/2025)","imagen":"assets/products/CA-779038000296.webp","tags":["caramelo","flynn","paff","pinta","lengua","georgalos","x560g","296"]},{"id":"CA-779038002907","nombre":"CARAMELO FLYNN PAFF SURTIDOS GEORGALOS x16uni. 2907","categoria":"Golosinas","subcategoria":"Caramelos/Gomitas/Pastillas/Chicles","precio":1549.25,"destacado":false,"descripcion":"* (19/12/2025)","imagen":"assets/products/CA-779038002907.webp","tags":["caramelo","flynn","paff","surtidos","georgalos","x16uni","2907"]},{"id":"CA-779038000273","nombre":"CARAMELO FLYNN PAFF TUTTI-FRUTTI GEORGALOS x560g 273","categoria":"Golosinas","subcategoria":"Caramelos/Gomitas/Pastillas/Chicles","precio":4522.94,"destacado":false,"descripcion":"* (19/12/2025)","imagen":"assets/products/CA-779038000273.webp","tags":["caramelo","flynn","paff","tutti","frutti","georgalos","x560g","273"]},{"id":"CA-779038000266","nombre":"CARAMELO FLYNN PAFF UVA GEORGALOS x560g 266","categoria":"Golosinas","subcategoria":"Caramelos/Gomitas/Pastillas/Chicles","precio":4522.94,"destacado":false,"descripcion":"* (19/12/2025)","imagen":"assets/products/CA-779038000266.webp","tags":["caramelo","flynn","paff","uva","georgalos","x560g","266"]},{"id":"CA-779038002820","nombre":"CARAMELO FLYNN PAFF YOGUR GEORGALOS x560g (BANANA-FRUTILLA) 2820","categoria":"Golosinas","subcategoria":"Caramelos/Gomitas/Pastillas/Chicles","precio":4522.94,"destacado":false,"descripcion":"* (19/12/2025)","imagen":"assets/products/CA-779038002820.webp","tags":["caramelo","flynn","paff","yogur","georgalos","x560g","banana","frutilla","2820"]},{"id":"CA-779038003913","nombre":"CARAMELO LENGUETAZO PINTA LENGUA FRAMBUESA x32u.","categoria":"Golosinas","subcategoria":"Caramelos/Gomitas/Pastillas/Chicles","precio":4869.57,"destacado":false,"descripcion":"* (19/12/2025)","imagen":"assets/products/CA-779038003913.webp","tags":["caramelo","lenguetazo","pinta","lengua","frambuesa","x32u"]},{"id":"CA-779038043901","nombre":"CARAMELO LENGUETAZO TUTTI-FRUTTI x32u.","categoria":"Golosinas","subcategoria":"Caramelos/Gomitas/Pastillas/Chicles","precio":4869.57,"destacado":false,"descripcion":"* (19/12/2025)","imagen":"assets/products/CA-779038043901.webp","tags":["caramelo","lenguetazo","tutti","frutti","x32u"]},{"id":"CA-779818603174","nombre":"CARAMELO MASTICABLE ACIDO BULL DOG x700grs. 78991","categoria":"Golosinas","subcategoria":"Caramelos/Gomitas/Pastillas/Chicles","precio":3758.98,"destacado":false,"descripcion":"","imagen":"assets/products/CA-779818603174.webp","tags":["caramelo","masticable","acido","bull","dog","x700grs","78991"]},{"id":"CA-000000019015","nombre":"CARAMELO MASTICABLE BERBAU FANTASY (BULTOx55)","categoria":"Golosinas","subcategoria":"Caramelos/Gomitas/Pastillas/Chicles","precio":72686.9,"destacado":false,"descripcion":"","imagen":"assets/products/CA-000000019015.webp","tags":["caramelo","masticable","berbau","fantasy","bultox55"]},{"id":"CA-789637990875","nombre":"CARAMELO MASTICABLE BERBAU FANTASY x250gr.","categoria":"Golosinas","subcategoria":"Caramelos/Gomitas/Pastillas/Chicles","precio":1372.41,"destacado":false,"descripcion":"","imagen":"assets/products/CA-789637990875.webp","tags":["caramelo","masticable","berbau","fantasy","x250gr"]},{"id":"CA-000000023567","nombre":"CARAMELO MASTICABLE BERBAU LOBITTO (BULTOx55)","categoria":"Golosinas","subcategoria":"Caramelos/Gomitas/Pastillas/Chicles","precio":72686.9,"destacado":false,"descripcion":"","imagen":"assets/products/CA-000000023567.webp","tags":["caramelo","masticable","berbau","lobitto","bultox55"]}]}