{"category_slug":"golosinas","subcategory_slug":"","page":2,"page_size":48,"total":475,"items":[{"id":"CA-779818603452","nombre":"BARRITA DE CARAMELO CABLE SANDIA ACIDA BULL DOG x360gr 79008","categoria":"Golosinas","subcategoria":"Caramelos/Gomitas/Pastillas/Chicles","precio":3456.84,"destacado":false,"descripcion":"","imagen":"assets/products/CA-779818603452.webp","tags":["barrita","caramelo","cable","sandia","acida","bull","dog","x360gr","79008"]},{"id":"CA-779818603478","nombre":"BARRITA DE CARAMELO CABLE SANDIA ACIDA BULL DOG x75gr 378557","categoria":"Golosinas","subcategoria":"Caramelos/Gomitas/Pastillas/Chicles","precio":666.6,"destacado":false,"descripcion":"","imagen":"assets/products/CA-779818603478.webp","tags":["barrita","caramelo","cable","sandia","acida","bull","dog","x75gr","378557"]},{"id":"CA-779818603483","nombre":"BARRITA DE CARAMELO CABLE TUTTI FRUTTI ACIDA BULL DOG (12un x18gr) x1 378551","categoria":"Golosinas","subcategoria":"Caramelos/Gomitas/Pastillas/Chicles","precio":2509.32,"destacado":false,"descripcion":"","imagen":"assets/products/CA-779818603483.webp","tags":["barrita","caramelo","cable","tutti","frutti","acida","bull","dog","12un","x18gr","378551"]},{"id":"CA-779818603454","nombre":"BARRITA DE CARAMELO CABLE TUTTI FRUTTI ACIDA BULL DOG x360gr 79005","categoria":"Golosinas","subcategoria":"Caramelos/Gomitas/Pastillas/Chicles","precio":3456.84,"destacado":false,"descripcion":"","imagen":"assets/products/CA-779818603454.webp","tags":["barrita","caramelo","cable","tutti","frutti","acida","bull","dog","x360gr","79005"]},{"id":"CA-779818603477","nombre":"BARRITA DE CARAMELO CABLE TUTTI FRUTTI ACIDA BULL DOG x75gr 378555","categoria":"Golosinas","subcategoria":"Caramelos/Gomitas/Pastillas/Chicles","precio":666.6,"destacado":false,"descripcion":"","imagen":"assets/products/CA-779818603477.webp","tags":["barrita","caramelo","cable","tutti","frutti","acida","bull","dog","x75gr","378555"]},{"id":"CA-779038041619","nombre":"BARRITA DE CEREAL CON YOGUR GEORGALOSx20uni 2004","categoria":"Golosinas","subcategoria":"Galletitas/Turrones/Pochoclos/Barritas/Varios","precio":10055.11,"destacado":false,"descripcion":"* (19/12/2025)","imagen":"assets/products/CA-779038041619.webp","tags":["barrita","cereal","con","yogur","georgalosx20uni","2004"]},{"id":"CA-779038042017","nombre":"BARRITA DE CEREAL FRUTOS DEL BOSQUE CON YOGUR LIGHT GEORGALOSx20uni 2017","categoria":"Golosinas","subcategoria":"Galletitas/Turrones/Pochoclos/Barritas/Varios","precio":10055.11,"destacado":false,"descripcion":"* (19/12/2025)","imagen":"assets/products/CA-779038042017.webp","tags":["barrita","cereal","frutos","del","bosque","con","yogur","light","georgalosx20uni","2017"]},{"id":"CA-779038004828","nombre":"BARRITA DE CEREAL LIGHT MANZANA GEORGALOSx20uni 2005","categoria":"Golosinas","subcategoria":"Galletitas/Turrones/Pochoclos/Barritas/Varios","precio":10055.11,"destacado":false,"descripcion":"* (19/12/2025)","imagen":"assets/products/CA-779038004828.webp","tags":["barrita","cereal","light","manzana","georgalosx20uni","2005"]},{"id":"CA-779038042000","nombre":"BARRITA DE GRANOLA CON CHOCOLATE GEORGALOSx20uni 2000","categoria":"Golosinas","subcategoria":"Galletitas/Turrones/Pochoclos/Barritas/Varios","precio":10055.11,"destacado":false,"descripcion":"* (19/12/2025)","imagen":"assets/products/CA-779038042000.webp","tags":["barrita","granola","con","chocolate","georgalosx20uni","2000"]},{"id":"CA-779020600695","nombre":"BARRITA FEELING FEL-FORT x30u 695","categoria":"Golosinas","subcategoria":"Cubanitos/ Bocaditos/Bombones/Chocolates","precio":13471.44,"destacado":false,"descripcion":"","imagen":"assets/products/CA-779020600695.webp","tags":["barrita","feeling","fel","fort","x30u","695"]},{"id":"CA-800050012503","nombre":"BARRITA KINDER CHOCOLATE  x24 x 12,5grs","categoria":"Golosinas","subcategoria":"Cubanitos/ Bocaditos/Bombones/Chocolates","precio":13197.27,"destacado":false,"descripcion":"","imagen":"assets/products/CA-800050012503.webp","tags":["barrita","kinder","chocolate","x24","5grs"]},{"id":"CA-779058013345","nombre":"BARRITA MILK ARCOR 20uni. x12grs. 1013345","categoria":"Golosinas","subcategoria":"Cubanitos/ Bocaditos/Bombones/Chocolates","precio":8379.83,"destacado":false,"descripcion":"* (19/12/2025)","imagen":"assets/products/CA-779058013345.webp","tags":["barrita","milk","arcor","20uni","x12grs","1013345"]},{"id":"CA-789645191281","nombre":"BARRITAS DE CARAMELO DOCILE FRUTILLA ACIDA ROJA x12 uni. x 15 gr. 80145","categoria":"Golosinas","subcategoria":"Caramelos/Gomitas/Pastillas/Chicles","precio":2747.99,"destacado":false,"descripcion":"","imagen":"assets/products/CA-789645191281.webp","tags":["barritas","caramelo","docile","frutilla","acida","roja","x12","uni","80145"]},{"id":"CA-789645191308","nombre":"BARRITAS DE CARAMELO DOCILE FRUTILLA MULTICOLOR x12 uni. x 15 gr. 80146","categoria":"Golosinas","subcategoria":"Caramelos/Gomitas/Pastillas/Chicles","precio":2747.99,"destacado":false,"descripcion":"","imagen":"assets/products/CA-789645191308.webp","tags":["barritas","caramelo","docile","frutilla","multicolor","x12","uni","80146"]},{"id":"CA-789645191359","nombre":"BARRITAS DE CARAMELO DOCILE UNICORNIO FRUTILLA ACIDA x12 uni. x 15 gr. 80147","categoria":"Golosinas","subcategoria":"Caramelos/Gomitas/Pastillas/Chicles","precio":2747.99,"destacado":false,"descripcion":"","imagen":"assets/products/CA-789645191359.webp","tags":["barritas","caramelo","docile","unicornio","frutilla","acida","x12","uni","80147"]},{"id":"CA-789645191384","nombre":"BARRITAS DE CARAMELO DOCILE UNICORNIO FRUTILLA ACIDA x70grs.  80152","categoria":"Golosinas","subcategoria":"Caramelos/Gomitas/Pastillas/Chicles","precio":901.25,"destacado":false,"descripcion":"","imagen":"assets/products/CA-789645191384.webp","tags":["barritas","caramelo","docile","unicornio","frutilla","acida","x70grs","80152"]},{"id":"CA-000000042872","nombre":"BASTON CARAMELO NAVIDEÑO ROJO Y BLANCO x30u HUMPI","categoria":"Golosinas","subcategoria":"Chupetines","precio":12240.0,"destacado":false,"descripcion":"","imagen":"assets/products/CA-000000042872.webp","tags":["baston","caramelo","navideño","rojo","blanco","x30u","humpi"]},{"id":"CA-000000008678","nombre":"BASTON CARAMELO NAVIDEÑO x30u HUMPI","categoria":"Golosinas","subcategoria":"Chupetines","precio":12240.0,"destacado":false,"descripcion":"","imagen":"assets/products/CA-000000008678.webp","tags":["baston","caramelo","navideño","x30u","humpi"]},{"id":"CA-000000055485","nombre":"BASTON DE CARAMELO MULTICOLOR CHICO LOCURAS x20u 705","categoria":"Golosinas","subcategoria":"Chupetines","precio":4515.81,"destacado":false,"descripcion":"","imagen":"assets/products/CA-000000055485.webp","tags":["baston","caramelo","multicolor","chico","locuras","x20u","705"]},{"id":"CA-779812995501","nombre":"BASTON DE CARAMELO MULTICOLOR GRANDE LOCURAS x12u 706","categoria":"Golosinas","subcategoria":"Chupetines","precio":4227.89,"destacado":false,"descripcion":"","imagen":"assets/products/CA-779812995501.webp","tags":["baston","caramelo","multicolor","grande","locuras","x12u","706"]},{"id":"CA-779808988011","nombre":"BASTON DE CARAMELO NAVIDEÑO LOCURAS x12u","categoria":"Golosinas","subcategoria":"Chupetines","precio":3843.54,"destacado":false,"descripcion":"","imagen":"assets/products/CA-779808988011.webp","tags":["baston","caramelo","navideño","locuras","x12u"]},{"id":"CA-779273030518","nombre":"BIZNIKKE NEVADO CLASICO 15x28gs","categoria":"Golosinas","subcategoria":"Cubanitos/ Bocaditos/Bombones/Chocolates","precio":8541.0,"destacado":false,"descripcion":"","imagen":"assets/products/CA-779273030518.webp","tags":["biznikke","nevado","clasico","15x28gs"]},{"id":"CA-779273030515","nombre":"BIZNIKKE NEVADO EN TABLETA 10 x120gs","categoria":"Golosinas","subcategoria":"Cubanitos/ Bocaditos/Bombones/Chocolates","precio":21775.0,"destacado":false,"descripcion":"","imagen":"assets/products/CA-779273030515.webp","tags":["biznikke","nevado","tableta","x120gs"]},{"id":"CA-779020600415","nombre":"BOCADITO ALFAFORT  FEL-FORT x24u 415","categoria":"Golosinas","subcategoria":"Alfajores","precio":16618.56,"destacado":false,"descripcion":"","imagen":"assets/products/CA-779020600415.webp","tags":["bocadito","alfafort","fel","fort","x24u","415"]},{"id":"CA-779058021900","nombre":"BOCADITO CABSHA x18u (2190)","categoria":"Golosinas","subcategoria":"Cubanitos/ Bocaditos/Bombones/Chocolates","precio":5860.59,"destacado":false,"descripcion":"* (19/12/2025)","imagen":"assets/products/CA-779058021900.webp","tags":["bocadito","cabsha","x18u","2190"]},{"id":"CA-779040702201","nombre":"BOCADITO CABSHA x48u (2201)","categoria":"Golosinas","subcategoria":"Cubanitos/ Bocaditos/Bombones/Chocolates","precio":15159.38,"destacado":false,"descripcion":"* (19/12/2025)","imagen":"assets/products/CA-779040702201.webp","tags":["bocadito","cabsha","x48u","2201"]},{"id":"CA-779167201459","nombre":"BOCADITO FANTOCHE RELLENO DE DULCE DE LECHE x20unid","categoria":"Golosinas","subcategoria":"Cubanitos/ Bocaditos/Bombones/Chocolates","precio":4617.1,"destacado":false,"descripcion":"","imagen":"assets/products/CA-779167201459.webp","tags":["bocadito","fantoche","relleno","dulce","leche","x20unid"]},{"id":"CA-779020600644","nombre":"BOCADITO FEL-FORT CERICET x12 uni. 644","categoria":"Golosinas","subcategoria":"Cubanitos/ Bocaditos/Bombones/Chocolates","precio":17790.5,"destacado":false,"descripcion":"","imagen":"assets/products/CA-779020600644.webp","tags":["bocadito","fel","fort","cericet","x12","uni","644"]},{"id":"CA-779020600643","nombre":"BOCADITO FEL-FORT CERICET x24 uni. 643","categoria":"Golosinas","subcategoria":"Cubanitos/ Bocaditos/Bombones/Chocolates","precio":31628.5,"destacado":false,"descripcion":"","imagen":"assets/products/CA-779020600643.webp","tags":["bocadito","fel","fort","cericet","x24","uni","643"]},{"id":"CA-779020600693","nombre":"BOCADITO FEL-FORT DE A 2 CEREAL x20un 693","categoria":"Golosinas","subcategoria":"Cubanitos/ Bocaditos/Bombones/Chocolates","precio":10518.75,"destacado":false,"descripcion":"","imagen":"assets/products/CA-779020600693.webp","tags":["bocadito","fel","fort","cereal","x20un","693"]},{"id":"CA-779020600750","nombre":"BOCADITO FEL-FORT DOS CORAZONES x20un 0750","categoria":"Golosinas","subcategoria":"Cubanitos/ Bocaditos/Bombones/Chocolates","precio":17257.13,"destacado":false,"descripcion":"","imagen":"assets/products/CA-779020600750.webp","tags":["bocadito","fel","fort","dos","corazones","x20un","0750"]},{"id":"CA-779020600838","nombre":"BOCADITO FEL-FORT DULECH x20 838","categoria":"Golosinas","subcategoria":"Cubanitos/ Bocaditos/Bombones/Chocolates","precio":11475.0,"destacado":false,"descripcion":"","imagen":"assets/products/CA-779020600838.webp","tags":["bocadito","fel","fort","dulech","x20","838"]},{"id":"CA-779020600692","nombre":"BOCADITO FEL-FORT KOOKY BON x30un  692","categoria":"Golosinas","subcategoria":"Cubanitos/ Bocaditos/Bombones/Chocolates","precio":7304.69,"destacado":false,"descripcion":"","imagen":"assets/products/CA-779020600692.webp","tags":["bocadito","fel","fort","kooky","bon","x30un","692"]},{"id":"CA-779020600612","nombre":"BOCADITO FEL-FORT MARROC x20un 0612","categoria":"Golosinas","subcategoria":"Cubanitos/ Bocaditos/Bombones/Chocolates","precio":10720.63,"destacado":false,"descripcion":"","imagen":"assets/products/CA-779020600612.webp","tags":["bocadito","fel","fort","marroc","x20un","0612"]},{"id":"CA-779020600610","nombre":"BOCADITO FEL-FORT MARROC x60un 0610","categoria":"Golosinas","subcategoria":"Cubanitos/ Bocaditos/Bombones/Chocolates","precio":29023.25,"destacado":false,"descripcion":"","imagen":"assets/products/CA-779020600610.webp","tags":["bocadito","fel","fort","marroc","x60un","0610"]},{"id":"CA-779020600696","nombre":"BOCADITO FEL-FORT NOBEL RELLENO DE PRALINE x15 696","categoria":"Golosinas","subcategoria":"Cubanitos/ Bocaditos/Bombones/Chocolates","precio":14476.56,"destacado":false,"descripcion":"","imagen":"assets/products/CA-779020600696.webp","tags":["bocadito","fel","fort","nobel","relleno","praline","x15","696"]},{"id":"CA-779812800244","nombre":"BOCADITO MARROC CON CROCANTE CACHAFAZ x54u","categoria":"Golosinas","subcategoria":"Cubanitos/ Bocaditos/Bombones/Chocolates","precio":31451.58,"destacado":false,"descripcion":"","imagen":"assets/products/CA-779812800244.webp","tags":["bocadito","marroc","con","crocante","cachafaz","x54u"]},{"id":"CA-779812800246","nombre":"BOCADITO MARROC CON CROCANTE CACHAFAZ x6u","categoria":"Golosinas","subcategoria":"Cubanitos/ Bocaditos/Bombones/Chocolates","precio":3319.86,"destacado":false,"descripcion":"","imagen":"assets/products/CA-779812800246.webp","tags":["bocadito","marroc","con","crocante","cachafaz","x6u"]},{"id":"CA-779312316092","nombre":"BOCADITO OBLI-BON DULCE DE LECHE OBLITAx36un1540","categoria":"Golosinas","subcategoria":"Cubanitos/ Bocaditos/Bombones/Chocolates","precio":5021.98,"destacado":false,"descripcion":"","imagen":"assets/products/CA-779312316092.webp","tags":["bocadito","obli","bon","dulce","leche","oblitax36un1540"]},{"id":"CA-779312316088","nombre":"BOCADITO OBLI-BON MARROC OBLITA x36un 1510","categoria":"Golosinas","subcategoria":"Cubanitos/ Bocaditos/Bombones/Chocolates","precio":5021.98,"destacado":false,"descripcion":"","imagen":"assets/products/CA-779312316088.webp","tags":["bocadito","obli","bon","marroc","oblita","x36un","1510"]},{"id":"CA-779817880188","nombre":"BOLSON MALVAVISCO BUFFYS CORAZON FRESA 36unx20gr. 1887","categoria":"Golosinas","subcategoria":"Malvaviscos","precio":7125.7,"destacado":false,"descripcion":"","imagen":"assets/products/CA-779817880188.webp","tags":["bolson","malvavisco","buffys","corazon","fresa","36unx20gr","1887"]},{"id":"CA-779817880185","nombre":"BOLSON MALVAVISCO BUFFYS TWISTER FRUTAL 36un x20gr 1856","categoria":"Golosinas","subcategoria":"Malvaviscos","precio":7125.7,"destacado":false,"descripcion":"","imagen":"assets/products/CA-779817880185.webp","tags":["bolson","malvavisco","buffys","twister","frutal","36un","x20gr","1856"]},{"id":"CA-779817880211","nombre":"BOLSON MALVAVISCO TWISTER FRESA 32un x12gr 2112","categoria":"Golosinas","subcategoria":"Malvaviscos","precio":7125.7,"destacado":false,"descripcion":"","imagen":"assets/products/CA-779817880211.webp","tags":["bolson","malvavisco","twister","fresa","32un","x12gr","2112"]},{"id":"CA-779817880210","nombre":"BOLSON MALVAVISCO TWISTER FRUTAL 32un x12gr 2105","categoria":"Golosinas","subcategoria":"Malvaviscos","precio":7125.7,"destacado":false,"descripcion":"","imagen":"assets/products/CA-779817880210.webp","tags":["bolson","malvavisco","twister","frutal","32un","x12gr","2105"]},{"id":"CA-779058010251","nombre":"BOMBON BONoBON AGUILA 18un x270g 1011921","categoria":"Golosinas","subcategoria":"Cubanitos/ Bocaditos/Bombones/Chocolates","precio":6107.35,"destacado":false,"descripcion":"* (19/12/2025)","imagen":"assets/products/CA-779058010251.webp","tags":["bombon","bonobon","aguila","18un","x270g","1011921"]},{"id":"CA-17790580119130","nombre":"BOMBON BONoBON CHOCOLATE CON LECHE ARCOR (BULTO12X30u)1011913","categoria":"Golosinas","subcategoria":"Cubanitos/ Bocaditos/Bombones/Chocolates","precio":121612.29,"destacado":false,"descripcion":"* (19/12/2025)","imagen":"assets/products/CA-17790580119130.webp","tags":["bombon","bonobon","chocolate","con","leche","arcor","bulto12x30u","1011913"]},{"id":"CA-779058011913","nombre":"BOMBON BONoBON CHOCOLATE CON LECHE ARCORx30un.(1011913)","categoria":"Golosinas","subcategoria":"Cubanitos/ Bocaditos/Bombones/Chocolates","precio":10134.36,"destacado":false,"descripcion":"* (19/12/2025)","imagen":"assets/products/CA-779058011913.webp","tags":["bombon","bonobon","chocolate","con","leche","arcorx30un","1011913"]},{"id":"CA-779058011777","nombre":"BOMBON BONoBON CHOCOLINA 18un x270g  1011777","categoria":"Golosinas","subcategoria":"Cubanitos/ Bocaditos/Bombones/Chocolates","precio":6107.35,"destacado":false,"descripcion":"* (19/12/2025)","imagen":"assets/products/CA-779058011777.webp","tags":["bombon","bonobon","chocolina","18un","x270g","1011777"]}]}