{"category_slug":"golosinas","subcategory_slug":"","page":9,"page_size":48,"total":475,"items":[{"id":"CA-779817880167","nombre":"MALVAVISCO BUFFYS FLOR FRESAS x200grs. 1672","categoria":"Golosinas","subcategoria":"Malvaviscos","precio":2359.27,"destacado":false,"descripcion":"","imagen":"assets/products/CA-779817880167.webp","tags":["malvavisco","buffys","flor","fresas","x200grs","1672"]},{"id":"CA-779817880062","nombre":"MALVAVISCO BUFFYS FORMAS FRUTAL x200grs. 620","categoria":"Golosinas","subcategoria":"Malvaviscos","precio":2359.27,"destacado":false,"descripcion":"","imagen":"assets/products/CA-779817880062.webp","tags":["malvavisco","buffys","formas","frutal","x200grs","620"]},{"id":"CA-779817880162","nombre":"MALVAVISCO BUFFYS FRESA ENVASADOS INDIVIDUALMENTE x200grs. 1627","categoria":"Golosinas","subcategoria":"Malvaviscos","precio":3981.28,"destacado":false,"descripcion":"","imagen":"assets/products/CA-779817880162.webp","tags":["malvavisco","buffys","fresa","envasados","individualmente","x200grs","1627"]},{"id":"CA-779817880160","nombre":"MALVAVISCO BUFFYS FRUTAL ENVASADOS INDIVIDUALMENTE x200grs. 1603","categoria":"Golosinas","subcategoria":"Malvaviscos","precio":3981.28,"destacado":false,"descripcion":"","imagen":"assets/products/CA-779817880160.webp","tags":["malvavisco","buffys","frutal","envasados","individualmente","x200grs","1603"]},{"id":"CA-779817880083","nombre":"MALVAVISCO BUFFYS TRADICIONAL BLANCO x200grs. 835","categoria":"Golosinas","subcategoria":"Malvaviscos","precio":2359.27,"destacado":false,"descripcion":"","imagen":"assets/products/CA-779817880083.webp","tags":["malvavisco","buffys","tradicional","blanco","x200grs","835"]},{"id":"CA-779817880084","nombre":"MALVAVISCO BUFFYS TRADICIONAL BLANCO x450grs. 842","categoria":"Golosinas","subcategoria":"Malvaviscos","precio":5119.01,"destacado":false,"descripcion":"","imagen":"assets/products/CA-779817880084.webp","tags":["malvavisco","buffys","tradicional","blanco","x450grs","842"]},{"id":"CA-779817880138","nombre":"MALVAVISCO BUFFYS TWISTER BLANQUICELESTE FRUTAL x200grs. 1382","categoria":"Golosinas","subcategoria":"Malvaviscos","precio":2359.27,"destacado":false,"descripcion":"","imagen":"assets/products/CA-779817880138.webp","tags":["malvavisco","buffys","twister","blanquiceleste","frutal","x200grs","1382"]},{"id":"CA-779817880077","nombre":"MALVAVISCO BUFFYS TWISTER FRESAS x200grs. 774","categoria":"Golosinas","subcategoria":"Malvaviscos","precio":2359.27,"destacado":false,"descripcion":"","imagen":"assets/products/CA-779817880077.webp","tags":["malvavisco","buffys","twister","fresas","x200grs","774"]},{"id":"CA-779817880065","nombre":"MALVAVISCO BUFFYS TWISTER FRUTAL x200grs. 651","categoria":"Golosinas","subcategoria":"Malvaviscos","precio":2359.27,"destacado":false,"descripcion":"","imagen":"assets/products/CA-779817880065.webp","tags":["malvavisco","buffys","twister","frutal","x200grs","651"]},{"id":"CA-779817880059","nombre":"MALVAVISCO BUFFYS TWISTER FRUTAL x450grs. 590","categoria":"Golosinas","subcategoria":"Malvaviscos","precio":5119.01,"destacado":false,"descripcion":"","imagen":"assets/products/CA-779817880059.webp","tags":["malvavisco","buffys","twister","frutal","x450grs","590"]},{"id":"CA-779817880109","nombre":"MALVAVISCO BUFFYS TWISTER NAVIDEÑOS  x200grs. 1092","categoria":"Golosinas","subcategoria":"Malvaviscos","precio":2359.27,"destacado":false,"descripcion":"","imagen":"assets/products/CA-779817880109.webp","tags":["malvavisco","buffys","twister","navideños","x200grs","1092"]},{"id":"CA-779818603533","nombre":"MALVAVISCO GONGYS DISPLAY (18unid.x12grs.) x1 78906","categoria":"Golosinas","subcategoria":"Malvaviscos","precio":2924.8,"destacado":false,"descripcion":"","imagen":"assets/products/CA-779818603533.webp","tags":["malvavisco","gongys","display","18unid","x12grs","78906"]},{"id":"CA-17798186033614","nombre":"MALVAVISCO GONGYS PALITOS (BULTO 12x200grs) 78905","categoria":"Golosinas","subcategoria":"Malvaviscos","precio":19714.19,"destacado":false,"descripcion":"","imagen":"assets/products/CA-17798186033614.webp","tags":["malvavisco","gongys","palitos","bulto","12x200grs","78905"]},{"id":"CA-779818603361","nombre":"MALVAVISCO GONGYS PALITOS x200gr 78905","categoria":"Golosinas","subcategoria":"Malvaviscos","precio":1706.04,"destacado":false,"descripcion":"","imagen":"assets/products/CA-779818603361.webp","tags":["malvavisco","gongys","palitos","x200gr","78905"]},{"id":"CA-87798186030599","nombre":"MALVAVISCO GONGYS TRENZADO (BULTO 48x28grs.) 78588","categoria":"Golosinas","subcategoria":"Malvaviscos","precio":12654.19,"destacado":false,"descripcion":"","imagen":"assets/products/CA-87798186030599.webp","tags":["malvavisco","gongys","trenzado","bulto","48x28grs","78588"]},{"id":"CA-27798186032379","nombre":"MALVAVISCO GONGYS TRENZADO MULTICOLOR (BULTO12x200grs) 78593","categoria":"Golosinas","subcategoria":"Malvaviscos","precio":19714.19,"destacado":false,"descripcion":"","imagen":"assets/products/CA-27798186032379.webp","tags":["malvavisco","gongys","trenzado","multicolor","bulto12x200grs","78593"]},{"id":"CA-779818603237","nombre":"MALVAVISCO GONGYS TRENZADO MULTICOLOR x200grs. 78593","categoria":"Golosinas","subcategoria":"Malvaviscos","precio":1706.04,"destacado":false,"descripcion":"","imagen":"assets/products/CA-779818603237.webp","tags":["malvavisco","gongys","trenzado","multicolor","x200grs","78593"]},{"id":"CA-27798186032362","nombre":"MALVAVISCO GONGYS VAINILLA (BULTO12x200grs) 78596","categoria":"Golosinas","subcategoria":"Malvaviscos","precio":19714.19,"destacado":false,"descripcion":"","imagen":"assets/products/CA-27798186032362.webp","tags":["malvavisco","gongys","vainilla","bulto12x200grs","78596"]},{"id":"CA-779818603236","nombre":"MALVAVISCO GONGYS VAINILLA x200grs 78596","categoria":"Golosinas","subcategoria":"Malvaviscos","precio":1706.04,"destacado":false,"descripcion":"","imagen":"assets/products/CA-779818603236.webp","tags":["malvavisco","gongys","vainilla","x200grs","78596"]},{"id":"CA-27798186033017","nombre":"MALVAVISCO MINI GONGYS  MULTICOLOR (BULTO 12x200grs) 78598","categoria":"Golosinas","subcategoria":"Malvaviscos","precio":19714.19,"destacado":false,"descripcion":"","imagen":"assets/products/CA-27798186033017.webp","tags":["malvavisco","mini","gongys","multicolor","bulto","12x200grs","78598"]},{"id":"CA-779818603301","nombre":"MALVAVISCO MINI GONGYS  MULTICOLOR x200gr 78598","categoria":"Golosinas","subcategoria":"Malvaviscos","precio":1706.04,"destacado":false,"descripcion":"","imagen":"assets/products/CA-779818603301.webp","tags":["malvavisco","mini","gongys","multicolor","x200gr","78598"]},{"id":"CA-762220181637","nombre":"MANTECOL BOCADITO x16un.x26grs c/u (416grs) 63600","categoria":"Golosinas","subcategoria":"Cubanitos/ Bocaditos/Bombones/Chocolates","precio":9197.83,"destacado":false,"descripcion":"","imagen":"assets/products/CA-762220181637.webp","tags":["mantecol","bocadito","x16un","x26grs","416grs","63600"]},{"id":"CA-762220181678","nombre":"MANTECOL CON ALMENDRAS POTE PLASTICO x3,400 kg.","categoria":"Golosinas","subcategoria":"Cubanitos/ Bocaditos/Bombones/Chocolates","precio":48420.13,"destacado":false,"descripcion":"","imagen":"assets/products/CA-762220181678.webp","tags":["mantecol","con","almendras","pote","plastico","400"]},{"id":"CA-17622201812642","nombre":"MANTECOL x111grs (BULTO x40)","categoria":"Golosinas","subcategoria":"Cubanitos/ Bocaditos/Bombones/Chocolates","precio":66285.88,"destacado":false,"descripcion":"","imagen":"assets/products/CA-17622201812642.webp","tags":["mantecol","x111grs","bulto","x40"]},{"id":"CA-762220181265","nombre":"MANTECOL x111grs x1","categoria":"Golosinas","subcategoria":"Cubanitos/ Bocaditos/Bombones/Chocolates","precio":1683.66,"destacado":false,"descripcion":"","imagen":"assets/products/CA-762220181265.webp","tags":["mantecol","x111grs"]},{"id":"CA-17622201812680","nombre":"MANTECOL x253grs (BULTO x36)","categoria":"Golosinas","subcategoria":"Cubanitos/ Bocaditos/Bombones/Chocolates","precio":121249.68,"destacado":false,"descripcion":"","imagen":"assets/products/CA-17622201812680.webp","tags":["mantecol","x253grs","bulto","x36"]},{"id":"CA-762220181269","nombre":"MANTECOL x253grs x1","categoria":"Golosinas","subcategoria":"Cubanitos/ Bocaditos/Bombones/Chocolates","precio":3421.94,"destacado":false,"descripcion":"","imagen":"assets/products/CA-762220181269.webp","tags":["mantecol","x253grs"]},{"id":"CA-17622201812703","nombre":"MANTECOL x404grs (BULTO x24)","categoria":"Golosinas","subcategoria":"Cubanitos/ Bocaditos/Bombones/Chocolates","precio":115323.35,"destacado":false,"descripcion":"","imagen":"assets/products/CA-17622201812703.webp","tags":["mantecol","x404grs","bulto","x24"]},{"id":"CA-762220181271","nombre":"MANTECOL x404grs x1","categoria":"Golosinas","subcategoria":"Cubanitos/ Bocaditos/Bombones/Chocolates","precio":4882.02,"destacado":false,"descripcion":"","imagen":"assets/products/CA-762220181271.webp","tags":["mantecol","x404grs"]},{"id":"CA-779020600830","nombre":"MEDALLON DE MENTA FEL-FORTx30grs 0830","categoria":"Golosinas","subcategoria":"Cubanitos/ Bocaditos/Bombones/Chocolates","precio":11948.88,"destacado":false,"descripcion":"","imagen":"assets/products/CA-779020600830.webp","tags":["medallon","menta","fel","fortx30grs","0830"]},{"id":"CA-779020600836","nombre":"MEDALLON FEL-FORT CHOCOLATE RELLENO DULCE DE LECHE x20 836","categoria":"Golosinas","subcategoria":"Cubanitos/ Bocaditos/Bombones/Chocolates","precio":12802.06,"destacado":false,"descripcion":"","imagen":"assets/products/CA-779020600836.webp","tags":["medallon","fel","fort","chocolate","relleno","dulce","leche","x20","836"]},{"id":"CA-779817740142","nombre":"MERENBOM URQUIZA x12u.","categoria":"Golosinas","subcategoria":"Cubanitos/ Bocaditos/Bombones/Chocolates","precio":5448.87,"destacado":false,"descripcion":"","imagen":"assets/products/CA-779817740142.webp","tags":["merenbom","urquiza","x12u"]},{"id":"CA-779817740023","nombre":"MERENKOA RELLENA (MERENGUE Y DULCE) x12","categoria":"Golosinas","subcategoria":"Cubanitos/ Bocaditos/Bombones/Chocolates","precio":4529.37,"destacado":false,"descripcion":"","imagen":"assets/products/CA-779817740023.webp","tags":["merenkoa","rellena","merengue","dulce","x12"]},{"id":"CA-000000999167","nombre":"MIELCITA CHICA  x50","categoria":"Golosinas","subcategoria":"Galletitas/Turrones/Pochoclos/Barritas/Varios","precio":2803.02,"destacado":false,"descripcion":"","imagen":"assets/products/CA-000000999167.webp","tags":["mielcita","chica","x50"]},{"id":"CA-779814911045","nombre":"MIELCITA GRANDE PLIN PLAN PLUN x50 uni.","categoria":"Golosinas","subcategoria":"Galletitas/Turrones/Pochoclos/Barritas/Varios","precio":3837.22,"destacado":false,"descripcion":"* (09/12/2025)","imagen":"assets/products/CA-779814911045.webp","tags":["mielcita","grande","plin","plan","plun","x50","uni"]},{"id":"CA-779286000650","nombre":"MINI PALETAS PLAY POP FRUTAL LHERITIER x225gr 301203","categoria":"Golosinas","subcategoria":"Chupetines","precio":1175.67,"destacado":false,"descripcion":"","imagen":"assets/products/CA-779286000650.webp","tags":["mini","paletas","play","pop","frutal","lheritier","x225gr","301203"]},{"id":"CA-779818603489","nombre":"MINI REGALIZ FRUTILLA ACIDA BULL DOG x500gr 79010","categoria":"Golosinas","subcategoria":"Caramelos/Gomitas/Pastillas/Chicles","precio":3387.65,"destacado":false,"descripcion":"","imagen":"assets/products/CA-779818603489.webp","tags":["mini","regaliz","frutilla","acida","bull","dog","x500gr","79010"]},{"id":"CA-779818603490","nombre":"MINI REGALIZ TUTTI FRUTTI ACIDA BULL DOG x500gr 79009","categoria":"Golosinas","subcategoria":"Caramelos/Gomitas/Pastillas/Chicles","precio":3387.65,"destacado":false,"descripcion":"","imagen":"assets/products/CA-779818603490.webp","tags":["mini","regaliz","tutti","frutti","acida","bull","dog","x500gr","79009"]},{"id":"CA-000000039310","nombre":"MIX DE GOLOSINAS SURTIDAS x1","categoria":"Golosinas","subcategoria":"Caramelos/Gomitas/Pastillas/Chicles","precio":60.86,"destacado":false,"descripcion":"","imagen":"assets/products/CA-000000039310.webp","tags":["mix","golosinas","surtidas"]},{"id":"CA-000000055557","nombre":"MIX PIÑATA TAPONAZO Y CHUPETINES x800grs. (BULTO x8) 8088","categoria":"Golosinas","subcategoria":"Chupetines","precio":33256.08,"destacado":false,"descripcion":"","imagen":"assets/products/CA-000000055557.webp","tags":["mix","piñata","taponazo","chupetines","x800grs","bulto","8088"]},{"id":"CA-123123123123","nombre":"MIX PIÑATA TAPONAZO Y CHUPETINES x800grs. 8088","categoria":"Golosinas","subcategoria":"Chupetines","precio":4316.9,"destacado":false,"descripcion":"","imagen":"assets/products/CA-123123123123.webp","tags":["mix","piñata","taponazo","chupetines","x800grs","8088"]},{"id":"CA-779235400562","nombre":"MIX PIÑATA TAPONAZO Y CHUPETINES x800grs.8088","categoria":"Golosinas","subcategoria":"Chupetines","precio":4316.9,"destacado":false,"descripcion":"","imagen":"assets/products/CA-779235400562.webp","tags":["mix","piñata","taponazo","chupetines","x800grs","8088"]},{"id":"CA-789606676941","nombre":"MONEDA CHOCOLATE BEL x100u","categoria":"Golosinas","subcategoria":"Cubanitos/ Bocaditos/Bombones/Chocolates","precio":10384.07,"destacado":false,"descripcion":"","imagen":"assets/products/CA-789606676941.webp","tags":["moneda","chocolate","bel","x100u"]},{"id":"CA-779020601600","nombre":"MONEDA CHOCOLATE FEL-FORT x60 1600","categoria":"Golosinas","subcategoria":"Cubanitos/ Bocaditos/Bombones/Chocolates","precio":16315.75,"destacado":false,"descripcion":"","imagen":"assets/products/CA-779020601600.webp","tags":["moneda","chocolate","fel","fort","x60","1600"]},{"id":"CA-779020601605","nombre":"MONEDA CHOCOLATE JACK MAFALDA FEL-FORT x60 1605","categoria":"Golosinas","subcategoria":"Cubanitos/ Bocaditos/Bombones/Chocolates","precio":16315.75,"destacado":false,"descripcion":"","imagen":"assets/products/CA-779020601605.webp","tags":["moneda","chocolate","jack","mafalda","fel","fort","x60","1605"]},{"id":"CA-17802215114943","nombre":"MONEDA DOLAR CHOCOLATE BONAFIDE (BULTOx32x88gs) 941513","categoria":"Golosinas","subcategoria":"Cubanitos/ Bocaditos/Bombones/Chocolates","precio":110606.05,"destacado":false,"descripcion":"","imagen":"assets/products/CA-17802215114943.webp","tags":["moneda","dolar","chocolate","bonafide","bultox32x88gs","941513"]},{"id":"CA-780221511494","nombre":"MONEDA DOLAR CHOCOLATE BONAFIDE x88gs (20 un aprox) 941513","categoria":"Golosinas","subcategoria":"Cubanitos/ Bocaditos/Bombones/Chocolates","precio":3539.39,"destacado":false,"descripcion":"","imagen":"assets/products/CA-780221511494.webp","tags":["moneda","dolar","chocolate","bonafide","x88gs","aprox","941513"]},{"id":"CA-779058034650","nombre":"OBLEA BONoBON CON LECHE x20u 3465/7308","categoria":"Golosinas","subcategoria":"Cubanitos/ Bocaditos/Bombones/Chocolates","precio":12569.75,"destacado":false,"descripcion":"* (19/12/2025)","imagen":"assets/products/CA-779058034650.webp","tags":["oblea","bonobon","con","leche","x20u","3465","7308"]}]}