{"category_slug":"golosinas","subcategory_slug":"","page":8,"page_size":48,"total":475,"items":[{"id":"CA-17790580151710","nombre":"GOMITAS MOGUL DIENTES (BULTO 46x80gr) 1015171","categoria":"Golosinas","subcategoria":"Caramelos/Gomitas/Pastillas/Chicles","precio":48084.38,"destacado":false,"descripcion":"* (19/12/2025)","imagen":"assets/products/CA-17790580151710.webp","tags":["gomitas","mogul","dientes","bulto","46x80gr","1015171"]},{"id":"CA-779058015171","nombre":"GOMITAS MOGUL DIENTES x80gr 1015171","categoria":"Golosinas","subcategoria":"Caramelos/Gomitas/Pastillas/Chicles","precio":1045.31,"destacado":false,"descripcion":"* (19/12/2025)","imagen":"assets/products/CA-779058015171.webp","tags":["gomitas","mogul","dientes","x80gr","1015171"]},{"id":"CA-779058060380","nombre":"GOMITAS MOGUL FRUTALES  12un x 35g 6020","categoria":"Golosinas","subcategoria":"Caramelos/Gomitas/Pastillas/Chicles","precio":4226.68,"destacado":false,"descripcion":"* (19/12/2025)","imagen":"assets/products/CA-779058060380.webp","tags":["gomitas","mogul","frutales","12un","35g","6020"]},{"id":"CA-17790580308107","nombre":"GOMITAS MOGUL FRUTALES (BULTO 6unidx1Kg) 3081","categoria":"Golosinas","subcategoria":"Caramelos/Gomitas/Pastillas/Chicles","precio":45551.33,"destacado":false,"descripcion":"* (19/12/2025)","imagen":"assets/products/CA-17790580308107.webp","tags":["gomitas","mogul","frutales","bulto","6unidx1kg","3081"]},{"id":"CA-779058012882","nombre":"GOMITAS MOGUL FRUTALES x220gr 2882","categoria":"Golosinas","subcategoria":"Caramelos/Gomitas/Pastillas/Chicles","precio":1691.59,"destacado":false,"descripcion":"","imagen":"assets/products/CA-779058012882.webp","tags":["gomitas","mogul","frutales","x220gr","2882"]},{"id":"CA-779058030810","nombre":"GOMITAS MOGUL FRUTALES xkg. 3081","categoria":"Golosinas","subcategoria":"Caramelos/Gomitas/Pastillas/Chicles","precio":7591.89,"destacado":false,"descripcion":"* (19/12/2025)","imagen":"assets/products/CA-779058030810.webp","tags":["gomitas","mogul","frutales","xkg","3081"]},{"id":"CA-779058026310","nombre":"GOMITAS MOGUL FRUTI DIENTES x500grs 2631","categoria":"Golosinas","subcategoria":"Caramelos/Gomitas/Pastillas/Chicles","precio":4638.36,"destacado":false,"descripcion":"* (19/12/2025)","imagen":"assets/products/CA-779058026310.webp","tags":["gomitas","mogul","fruti","dientes","x500grs","2631"]},{"id":"CA-17790580118614","nombre":"GOMITAS MOGUL FRUTI MORAS (BULTO 46x80grs.) 1015170","categoria":"Golosinas","subcategoria":"Caramelos/Gomitas/Pastillas/Chicles","precio":48084.38,"destacado":false,"descripcion":"* (19/12/2025)","imagen":"assets/products/CA-17790580118614.webp","tags":["gomitas","mogul","fruti","moras","bulto","46x80grs","1015170"]},{"id":"CA-17790580262409","nombre":"GOMITAS MOGUL FRUTI MORAS (BULTO 6unidx500grs) 2624","categoria":"Golosinas","subcategoria":"Caramelos/Gomitas/Pastillas/Chicles","precio":27830.16,"destacado":false,"descripcion":"* (19/12/2025)","imagen":"assets/products/CA-17790580262409.webp","tags":["gomitas","mogul","fruti","moras","bulto","6unidx500grs","2624"]},{"id":"CA-779058026240","nombre":"GOMITAS MOGUL FRUTI MORAS x500grs 2624","categoria":"Golosinas","subcategoria":"Caramelos/Gomitas/Pastillas/Chicles","precio":4638.36,"destacado":false,"descripcion":"* (19/12/2025)","imagen":"assets/products/CA-779058026240.webp","tags":["gomitas","mogul","fruti","moras","x500grs","2624"]},{"id":"CA-779058011861","nombre":"GOMITAS MOGUL FRUTI MORAS x80grs. 1015170","categoria":"Golosinas","subcategoria":"Caramelos/Gomitas/Pastillas/Chicles","precio":1045.31,"destacado":false,"descripcion":"* (19/12/2025)","imagen":"assets/products/CA-779058011861.webp","tags":["gomitas","mogul","fruti","moras","x80grs","1015170"]},{"id":"CA-17790580151734","nombre":"GOMITAS MOGUL JELLY BEANS (BULTO 46x80grs.) 1015173","categoria":"Golosinas","subcategoria":"Caramelos/Gomitas/Pastillas/Chicles","precio":48084.38,"destacado":false,"descripcion":"* (19/12/2025)","imagen":"assets/products/CA-17790580151734.webp","tags":["gomitas","mogul","jelly","beans","bulto","46x80grs","1015173"]},{"id":"CA-779058015173","nombre":"GOMITAS MOGUL JELLY BEANS x80grs 1015173","categoria":"Golosinas","subcategoria":"Caramelos/Gomitas/Pastillas/Chicles","precio":1045.31,"destacado":false,"descripcion":"* (19/12/2025)","imagen":"assets/products/CA-779058015173.webp","tags":["gomitas","mogul","jelly","beans","x80grs","1015173"]},{"id":"CA-17790580152243","nombre":"GOMITAS MOGUL JELLY BUTTON (BULTO 46x80grs.) 1015224","categoria":"Golosinas","subcategoria":"Caramelos/Gomitas/Pastillas/Chicles","precio":48084.38,"destacado":false,"descripcion":"* (19/12/2025)","imagen":"assets/products/CA-17790580152243.webp","tags":["gomitas","mogul","jelly","button","bulto","46x80grs","1015224"]},{"id":"CA-779058015224","nombre":"GOMITAS MOGUL JELLY BUTTON x80grs.1015224","categoria":"Golosinas","subcategoria":"Caramelos/Gomitas/Pastillas/Chicles","precio":1045.31,"destacado":false,"descripcion":"* (19/12/2025)","imagen":"assets/products/CA-779058015224.webp","tags":["gomitas","mogul","jelly","button","x80grs","1015224"]},{"id":"CA-779058013613","nombre":"GOMITAS MOGUL OJITOS HALLOWEEN x360grs (12x30gr) 1013613","categoria":"Golosinas","subcategoria":"Caramelos/Gomitas/Pastillas/Chicles","precio":3936.51,"destacado":false,"descripcion":"","imagen":"assets/products/CA-779058013613.webp","tags":["gomitas","mogul","ojitos","halloween","x360grs","12x30gr","1013613"]},{"id":"CA-17790580151697","nombre":"GOMITAS MOGUL OSITOS EXTREME (BULTO 46x80gr) 1015169","categoria":"Golosinas","subcategoria":"Caramelos/Gomitas/Pastillas/Chicles","precio":48084.38,"destacado":false,"descripcion":"* (19/12/2025)","imagen":"assets/products/CA-17790580151697.webp","tags":["gomitas","mogul","ositos","extreme","bulto","46x80gr","1015169"]},{"id":"CA-779058015169","nombre":"GOMITAS MOGUL OSITOS EXTREME x80gr 1015169","categoria":"Golosinas","subcategoria":"Caramelos/Gomitas/Pastillas/Chicles","precio":1045.31,"destacado":false,"descripcion":"* (19/12/2025)","imagen":"assets/products/CA-779058015169.webp","tags":["gomitas","mogul","ositos","extreme","x80gr","1015169"]},{"id":"CA-779818603285","nombre":"GOMITAS REDONDITAS BILLIKEN x800grs. 226296","categoria":"Golosinas","subcategoria":"Caramelos/Gomitas/Pastillas/Chicles","precio":4173.38,"destacado":false,"descripcion":"","imagen":"assets/products/CA-779818603285.webp","tags":["gomitas","redonditas","billiken","x800grs","226296"]},{"id":"CA-779818603279","nombre":"GOMITAS ROLLO  BILLIKEN FRUTALES 12un x35grs 226290","categoria":"Golosinas","subcategoria":"Caramelos/Gomitas/Pastillas/Chicles","precio":3331.15,"destacado":false,"descripcion":"","imagen":"assets/products/CA-779818603279.webp","tags":["gomitas","rollo","billiken","frutales","12un","x35grs","226290"]},{"id":"CA-779818603269","nombre":"GOMITAS YUMMY ANIMALITOS SURTIDOS DISPLAY (12unidx30grs) x1 95039","categoria":"Golosinas","subcategoria":"Caramelos/Gomitas/Pastillas/Chicles","precio":3592.35,"destacado":false,"descripcion":"","imagen":"assets/products/CA-779818603269.webp","tags":["gomitas","yummy","animalitos","surtidos","display","12unidx30grs","95039"]},{"id":"CA-17798186034628","nombre":"GOMITAS YUMMY ARAÑITAS x150gr (BULTOx24) 226359","categoria":"Golosinas","subcategoria":"Caramelos/Gomitas/Pastillas/Chicles","precio":26478.35,"destacado":false,"descripcion":"","imagen":"assets/products/CA-17798186034628.webp","tags":["gomitas","yummy","arañitas","x150gr","bultox24","226359"]},{"id":"CA-779818603462","nombre":"GOMITAS YUMMY ARAÑITAS x150gr 226359","categoria":"Golosinas","subcategoria":"Caramelos/Gomitas/Pastillas/Chicles","precio":1147.39,"destacado":false,"descripcion":"","imagen":"assets/products/CA-779818603462.webp","tags":["gomitas","yummy","arañitas","x150gr","226359"]},{"id":"CA-779818603494","nombre":"GOMITAS YUMMY BOTELLITAS x500gr x1 226428","categoria":"Golosinas","subcategoria":"Caramelos/Gomitas/Pastillas/Chicles","precio":3695.13,"destacado":false,"descripcion":"","imagen":"assets/products/CA-779818603494.webp","tags":["gomitas","yummy","botellitas","x500gr","226428"]},{"id":"CA-779818603296","nombre":"GOMITAS YUMMY CIEN PIES ACIDAS x500grs x1 95042","categoria":"Golosinas","subcategoria":"Caramelos/Gomitas/Pastillas/Chicles","precio":3695.13,"destacado":false,"descripcion":"","imagen":"assets/products/CA-779818603296.webp","tags":["gomitas","yummy","cien","pies","acidas","x500grs","95042"]},{"id":"CA-779818603528","nombre":"GOMITAS YUMMY DIENTES DISPLAY (10unid.x50grs) x1 226366","categoria":"Golosinas","subcategoria":"Caramelos/Gomitas/Pastillas/Chicles","precio":4656.18,"destacado":false,"descripcion":"","imagen":"assets/products/CA-779818603528.webp","tags":["gomitas","yummy","dientes","display","10unid","x50grs","226366"]},{"id":"CA-17798186035090","nombre":"GOMITAS YUMMY DIENTES x500grs (BULTO x6) 378621","categoria":"Golosinas","subcategoria":"Caramelos/Gomitas/Pastillas/Chicles","precio":21318.04,"destacado":false,"descripcion":"","imagen":"assets/products/CA-17798186035090.webp","tags":["gomitas","yummy","dientes","x500grs","bulto","378621"]},{"id":"CA-779818603509","nombre":"GOMITAS YUMMY DIENTES x500grs 378621","categoria":"Golosinas","subcategoria":"Caramelos/Gomitas/Pastillas/Chicles","precio":3695.13,"destacado":false,"descripcion":"","imagen":"assets/products/CA-779818603509.webp","tags":["gomitas","yummy","dientes","x500grs","378621"]},{"id":"CA-779818603265","nombre":"GOMITAS YUMMY DINO DISPLAY (12unidx30grs) x1 95037","categoria":"Golosinas","subcategoria":"Caramelos/Gomitas/Pastillas/Chicles","precio":3592.35,"destacado":false,"descripcion":"","imagen":"assets/products/CA-779818603265.webp","tags":["gomitas","yummy","dino","display","12unidx30grs","95037"]},{"id":"CA-779818603346","nombre":"GOMITAS YUMMY MORITAS DISPLAY (12unidx30gras) x1 95049","categoria":"Golosinas","subcategoria":"Caramelos/Gomitas/Pastillas/Chicles","precio":3592.35,"destacado":false,"descripcion":"","imagen":"assets/products/CA-779818603346.webp","tags":["gomitas","yummy","moritas","display","12unidx30gras","95049"]},{"id":"CA-17798186033478","nombre":"GOMITAS YUMMY MORITAS x500grs (BULTO x6) 95048","categoria":"Golosinas","subcategoria":"Caramelos/Gomitas/Pastillas/Chicles","precio":21318.04,"destacado":false,"descripcion":"","imagen":"assets/products/CA-17798186033478.webp","tags":["gomitas","yummy","moritas","x500grs","bulto","95048"]},{"id":"CA-779818603347","nombre":"GOMITAS YUMMY MORITAS x500grs x1","categoria":"Golosinas","subcategoria":"Caramelos/Gomitas/Pastillas/Chicles","precio":3695.13,"destacado":false,"descripcion":"","imagen":"assets/products/CA-779818603347.webp","tags":["gomitas","yummy","moritas","x500grs"]},{"id":"CA-779818603413","nombre":"GOMITAS YUMMY OSITOS ACIDOS x500grs x1 95059","categoria":"Golosinas","subcategoria":"Caramelos/Gomitas/Pastillas/Chicles","precio":3695.13,"destacado":false,"descripcion":"","imagen":"assets/products/CA-779818603413.webp","tags":["gomitas","yummy","ositos","acidos","x500grs","95059"]},{"id":"CA-779818603295","nombre":"GOMITAS YUMMY OSITOS x500grs x1 95041","categoria":"Golosinas","subcategoria":"Caramelos/Gomitas/Pastillas/Chicles","precio":3695.13,"destacado":false,"descripcion":"","imagen":"assets/products/CA-779818603295.webp","tags":["gomitas","yummy","ositos","x500grs","95041"]},{"id":"CA-779818603463","nombre":"GOMITAS YUMMY TERROR DISPLAY (12unidx30grs) x1 226360","categoria":"Golosinas","subcategoria":"Caramelos/Gomitas/Pastillas/Chicles","precio":3592.35,"destacado":false,"descripcion":"","imagen":"assets/products/CA-779818603463.webp","tags":["gomitas","yummy","terror","display","12unidx30grs","226360"]},{"id":"CA-779814911110","nombre":"HELADITOS PLIN PLAN PLUN x25","categoria":"Golosinas","subcategoria":"Galletitas/Turrones/Pochoclos/Barritas/Varios","precio":3074.89,"destacado":false,"descripcion":"* (09/12/2025)","imagen":"assets/products/CA-779814911110.webp","tags":["heladitos","plin","plan","plun","x25"]},{"id":"CA-779552240455","nombre":"HUEVITOS DE PASCUA (OVOLIN) x90u de 7grs c/u","categoria":"Golosinas","subcategoria":"Cubanitos/ Bocaditos/Bombones/Chocolates","precio":27281.25,"destacado":false,"descripcion":"","imagen":"assets/products/CA-779552240455.webp","tags":["huevitos","pascua","ovolin","x90u","7grs"]},{"id":"CA-779020603540","nombre":"HUEVO DE CHOCOLATE  CON SORPRESA FEL-FORT x17gr  x40u 3540","categoria":"Golosinas","subcategoria":"Cubanitos/ Bocaditos/Bombones/Chocolates","precio":24896.5,"destacado":false,"descripcion":"","imagen":"assets/products/CA-779020603540.webp","tags":["huevo","chocolate","con","sorpresa","fel","fort","x17gr","x40u","3540"]},{"id":"CA-779020603500","nombre":"HUEVO DE CHOCOLATE CON TATTOO FEL-FORT x10gr  x25u 3500","categoria":"Golosinas","subcategoria":"Cubanitos/ Bocaditos/Bombones/Chocolates","precio":6826.56,"destacado":false,"descripcion":"","imagen":"assets/products/CA-779020603500.webp","tags":["huevo","chocolate","con","tattoo","fel","fort","x10gr","x25u","3500"]},{"id":"CA-779739400239","nombre":"HUEVO KINDER SORPRESA NENA 12x20grs","categoria":"Golosinas","subcategoria":"Cubanitos/ Bocaditos/Bombones/Chocolates","precio":19901.03,"destacado":false,"descripcion":"","imagen":"assets/products/CA-779739400239.webp","tags":["huevo","kinder","sorpresa","nena","12x20grs"]},{"id":"CA-779739400240","nombre":"HUEVO KINDER SORPRESA NENE 12x20grs","categoria":"Golosinas","subcategoria":"Cubanitos/ Bocaditos/Bombones/Chocolates","precio":19901.03,"destacado":false,"descripcion":"","imagen":"assets/products/CA-779739400240.webp","tags":["huevo","kinder","sorpresa","nene","12x20grs"]},{"id":"CA-779058014164","nombre":"LADRILLOS MOGUL EXTREME FRUTILLA x500gr 1014164","categoria":"Golosinas","subcategoria":"Caramelos/Gomitas/Pastillas/Chicles","precio":4286.37,"destacado":false,"descripcion":"","imagen":"assets/products/CA-779058014164.webp","tags":["ladrillos","mogul","extreme","frutilla","x500gr","1014164"]},{"id":"CA-779817880134","nombre":"MALVAVISCO BUFFYS CHURRO FRESA x200grs 1344","categoria":"Golosinas","subcategoria":"Malvaviscos","precio":2359.27,"destacado":false,"descripcion":"","imagen":"assets/products/CA-779817880134.webp","tags":["malvavisco","buffys","churro","fresa","x200grs","1344"]},{"id":"CA-779817880135","nombre":"MALVAVISCO BUFFYS CHURRO FRESA x450g 1351","categoria":"Golosinas","subcategoria":"Malvaviscos","precio":5119.01,"destacado":false,"descripcion":"","imagen":"assets/products/CA-779817880135.webp","tags":["malvavisco","buffys","churro","fresa","x450g","1351"]},{"id":"CA-779817880136","nombre":"MALVAVISCO BUFFYS CHURRO FRUTAL x200grs 1368","categoria":"Golosinas","subcategoria":"Malvaviscos","precio":2359.27,"destacado":false,"descripcion":"","imagen":"assets/products/CA-779817880136.webp","tags":["malvavisco","buffys","churro","frutal","x200grs","1368"]},{"id":"CA-779817880137","nombre":"MALVAVISCO BUFFYS CHURRO FRUTAL x450grs 1375","categoria":"Golosinas","subcategoria":"Malvaviscos","precio":5119.01,"destacado":false,"descripcion":"","imagen":"assets/products/CA-779817880137.webp","tags":["malvavisco","buffys","churro","frutal","x450grs","1375"]},{"id":"CA-779817880074","nombre":"MALVAVISCO BUFFYS CORAZON FRESA x200grs. 743","categoria":"Golosinas","subcategoria":"Malvaviscos","precio":2359.27,"destacado":false,"descripcion":"","imagen":"assets/products/CA-779817880074.webp","tags":["malvavisco","buffys","corazon","fresa","x200grs","743"]},{"id":"CA-779817880068","nombre":"MALVAVISCO BUFFYS CORAZON FRESA x450grs. 800682","categoria":"Golosinas","subcategoria":"Malvaviscos","precio":5119.01,"destacado":false,"descripcion":"","imagen":"assets/products/CA-779817880068.webp","tags":["malvavisco","buffys","corazon","fresa","x450grs","800682"]}]}