{"category_slug":"golosinas","subcategory_slug":"","page":6,"page_size":48,"total":475,"items":[{"id":"CA-779058025280","nombre":"CHUPETIN BOLITA MISTER POPS x50 2528","categoria":"Golosinas","subcategoria":"Chupetines","precio":4470.63,"destacado":false,"descripcion":"* (19/12/2025)","imagen":"assets/products/CA-779058025280.webp","tags":["chupetin","bolita","mister","pops","x50","2528"]},{"id":"CA-000000011880","nombre":"CHUPETIN CORAZON GRANDE CARAMELO x20u. HUMPI","categoria":"Golosinas","subcategoria":"Chupetines","precio":7860.0,"destacado":false,"descripcion":"","imagen":"assets/products/CA-000000011880.webp","tags":["chupetin","corazon","grande","caramelo","x20u","humpi"]},{"id":"CA-789719030384","nombre":"CHUPETIN CORAZON PITY POP x200gr APROX. 760201","categoria":"Golosinas","subcategoria":"Chupetines","precio":1443.85,"destacado":false,"descripcion":"","imagen":"assets/products/CA-789719030384.webp","tags":["chupetin","corazon","pity","pop","x200gr","aprox","760201"]},{"id":"CA-47792354004827","nombre":"CHUPETIN CORAZON SABOR CEREZA MARENGO x350gr (BULTO x12) 12747","categoria":"Golosinas","subcategoria":"Chupetines","precio":28232.1,"destacado":false,"descripcion":"","imagen":"assets/products/CA-47792354004827.webp","tags":["chupetin","corazon","sabor","cereza","marengo","x350gr","bulto","x12","12747"]},{"id":"CA-779235400482","nombre":"CHUPETIN CORAZON SABOR CEREZA MARENGO x350gr 12747","categoria":"Golosinas","subcategoria":"Chupetines","precio":2443.16,"destacado":false,"descripcion":"","imagen":"assets/products/CA-779235400482.webp","tags":["chupetin","corazon","sabor","cereza","marengo","x350gr","12747"]},{"id":"CA-779020600970","nombre":"CHUPETIN DE CHOCOLATE FEL-FORT x32u 970","categoria":"Golosinas","subcategoria":"Chupetines","precio":24225.0,"destacado":false,"descripcion":"","imagen":"assets/products/CA-779020600970.webp","tags":["chupetin","chocolate","fel","fort","x32u","970"]},{"id":"CA-57792354004695","nombre":"CHUPETIN DOBLETE FRUTAL MARENGO x400gr (BULTO x15) 12945","categoria":"Golosinas","subcategoria":"Chupetines","precio":25434.83,"destacado":false,"descripcion":"","imagen":"assets/products/CA-57792354004695.webp","tags":["chupetin","doblete","frutal","marengo","x400gr","bulto","x15","12945"]},{"id":"CA-779235400469","nombre":"CHUPETIN DOBLETE FRUTAL MARENGO x400gr 12945","categoria":"Golosinas","subcategoria":"Chupetines","precio":1755.0,"destacado":false,"descripcion":"","imagen":"assets/products/CA-779235400469.webp","tags":["chupetin","doblete","frutal","marengo","x400gr","12945"]},{"id":"CA-87792354004962","nombre":"CHUPETIN DOBLETE FRUTAL MARENGO x80gr (BULTO x30) 11840","categoria":"Golosinas","subcategoria":"Chupetines","precio":19890.0,"destacado":false,"descripcion":"","imagen":"assets/products/CA-87792354004962.webp","tags":["chupetin","doblete","frutal","marengo","x80gr","bulto","x30","11840"]},{"id":"CA-779235400496","nombre":"CHUPETIN DOBLETE FRUTAL MARENGO x80gr 11840","categoria":"Golosinas","subcategoria":"Chupetines","precio":688.5,"destacado":false,"descripcion":"","imagen":"assets/products/CA-779235400496.webp","tags":["chupetin","doblete","frutal","marengo","x80gr","11840"]},{"id":"CA-000000053624","nombre":"CHUPETIN ESQUELETOS x10","categoria":"Golosinas","subcategoria":"Chupetines","precio":3820.25,"destacado":false,"descripcion":"","imagen":"assets/products/CA-000000053624.webp","tags":["chupetin","esqueletos","x10"]},{"id":"CA-779058011809","nombre":"CHUPETIN EVOLUTION BLUEBERRY CON CHICLE MISTER POPS x432g (24uni) 11809","categoria":"Golosinas","subcategoria":"Chupetines","precio":3767.6,"destacado":false,"descripcion":"* (19/12/2025)","imagen":"assets/products/CA-779058011809.webp","tags":["chupetin","evolution","blueberry","con","chicle","mister","pops","x432g","24uni","11809"]},{"id":"CA-779058011803","nombre":"CHUPETIN EVOLUTION CEREZA CON CHICLE MISTER POPS x432g (24uni) 11803","categoria":"Golosinas","subcategoria":"Chupetines","precio":3767.6,"destacado":false,"descripcion":"* (19/12/2025)","imagen":"assets/products/CA-779058011803.webp","tags":["chupetin","evolution","cereza","con","chicle","mister","pops","x432g","24uni","11803"]},{"id":"CA-779804059085","nombre":"CHUPETIN MASTICABLE FIERITA FRUTILLA SUPER TATOO x50","categoria":"Golosinas","subcategoria":"Chupetines","precio":4804.24,"destacado":false,"descripcion":"","imagen":"assets/products/CA-779804059085.webp","tags":["chupetin","masticable","fierita","frutilla","super","tatoo","x50"]},{"id":"CA-779804059544","nombre":"CHUPETIN MASTICABLE FIERITA NITRO SUPER ACIDO x50","categoria":"Golosinas","subcategoria":"Chupetines","precio":4188.84,"destacado":false,"descripcion":"","imagen":"assets/products/CA-779804059544.webp","tags":["chupetin","masticable","fierita","nitro","super","acido","x50"]},{"id":"CA-779804059485","nombre":"CHUPETIN MASTICABLE FIERITA PINTA LENGUA x50","categoria":"Golosinas","subcategoria":"Chupetines","precio":4188.84,"destacado":false,"descripcion":"","imagen":"assets/products/CA-779804059485.webp","tags":["chupetin","masticable","fierita","pinta","lengua","x50"]},{"id":"CA-454549445456","nombre":"CHUPETIN NAVIDAD DORADA x10","categoria":"Golosinas","subcategoria":"Chupetines","precio":4316.28,"destacado":false,"descripcion":"","imagen":"assets/products/CA-454549445456.webp","tags":["chupetin","navidad","dorada","x10"]},{"id":"CA-453454564166","nombre":"CHUPETIN NAVIDAD GALLETA DE JENGIBRE  x10","categoria":"Golosinas","subcategoria":"Chupetines","precio":4316.28,"destacado":false,"descripcion":"","imagen":"assets/products/CA-453454564166.webp","tags":["chupetin","navidad","galleta","jengibre","x10"]},{"id":"CA-651615651453","nombre":"CHUPETIN NAVIDAD PAPA NOEL x10","categoria":"Golosinas","subcategoria":"Chupetines","precio":4316.28,"destacado":false,"descripcion":"","imagen":"assets/products/CA-651615651453.webp","tags":["chupetin","navidad","papa","noel","x10"]},{"id":"CA-779038002987","nombre":"CHUPETIN PALITO DE LA SELVA  x432 grs. 2987","categoria":"Golosinas","subcategoria":"Chupetines","precio":4225.06,"destacado":false,"descripcion":"* (19/12/2025)","imagen":"assets/products/CA-779038002987.webp","tags":["chupetin","palito","selva","x432","grs","2987"]},{"id":"CA-17790380029875","nombre":"CHUPETIN PALITO DE LA SELVA  x432grs (BULTO x18bol x24u x18gr) 2987","categoria":"Golosinas","subcategoria":"Chupetines","precio":73126.07,"destacado":false,"descripcion":"* (19/12/2025)","imagen":"assets/products/CA-17790380029875.webp","tags":["chupetin","palito","selva","x432grs","bulto","x18bol","x24u","x18gr","2987"]},{"id":"CA-17792860000459","nombre":"CHUPETIN PELOTITA LHERITIER x50u (BULTOx12) 45","categoria":"Golosinas","subcategoria":"Chupetines","precio":18009.0,"destacado":false,"descripcion":"","imagen":"assets/products/CA-17792860000459.webp","tags":["chupetin","pelotita","lheritier","x50u","bultox12"]},{"id":"CA-779286000045","nombre":"CHUPETIN PELOTITA LHERITIER x50u 45","categoria":"Golosinas","subcategoria":"Chupetines","precio":1536.77,"destacado":false,"descripcion":"","imagen":"assets/products/CA-779286000045.webp","tags":["chupetin","pelotita","lheritier","x50u"]},{"id":"CA-17792860001111","nombre":"CHUPETIN PICO DULCE LHERITIER x48 (BULTO x12) 300711/300111","categoria":"Golosinas","subcategoria":"Chupetines","precio":78273.6,"destacado":false,"descripcion":"","imagen":"assets/products/CA-17792860001111.webp","tags":["chupetin","pico","dulce","lheritier","x48","bulto","x12","300711","300111"]},{"id":"CA-779286000111","nombre":"CHUPETIN PICO DULCE LHERITIER x48 300711/300111","categoria":"Golosinas","subcategoria":"Chupetines","precio":6679.35,"destacado":false,"descripcion":"","imagen":"assets/products/CA-779286000111.webp","tags":["chupetin","pico","dulce","lheritier","x48","300711","300111"]},{"id":"CA-17792860009018","nombre":"CHUPETIN PICO DULCE LHERITIER x48 CON BASE EXHIBIDORA (BULTO x12) 300711","categoria":"Golosinas","subcategoria":"Chupetines","precio":78273.6,"destacado":false,"descripcion":"","imagen":"assets/products/CA-17792860009018.webp","tags":["chupetin","pico","dulce","lheritier","x48","con","base","exhibidora","bulto","x12","300711"]},{"id":"CA-779038002961","nombre":"CHUPETIN RELLENO FLYNN PAFF GEORGALOS x24un 2961D","categoria":"Golosinas","subcategoria":"Chupetines","precio":4093.23,"destacado":false,"descripcion":"* (19/12/2025)","imagen":"assets/products/CA-779038002961.webp","tags":["chupetin","relleno","flynn","paff","georgalos","x24un","2961d"]},{"id":"CA-779814911105","nombre":"CHUPETIN SUPER PIRULIN GRANDE PLIN PLAN PLUN x20","categoria":"Golosinas","subcategoria":"Chupetines","precio":2687.37,"destacado":false,"descripcion":"* (09/12/2025)","imagen":"assets/products/CA-779814911105.webp","tags":["chupetin","super","pirulin","grande","plin","plan","plun","x20"]},{"id":"CA-000000999312","nombre":"CHUPETIN SUPER PIRULIN MEDIANO PAYSANDU x30","categoria":"Golosinas","subcategoria":"Chupetines","precio":2303.8,"destacado":false,"descripcion":"","imagen":"assets/products/CA-000000999312.webp","tags":["chupetin","super","pirulin","mediano","paysandu","x30"]},{"id":"CA-779135911002","nombre":"CHUPETIN TEMBLEKE FRUTAL x3 1002","categoria":"Golosinas","subcategoria":"Chupetines","precio":1273.79,"destacado":false,"descripcion":"","imagen":"assets/products/CA-779135911002.webp","tags":["chupetin","tembleke","frutal","1002"]},{"id":"CA-17793024000933","nombre":"CHUPETIN WAMIS FRUTAL (BULTO x12u) 100762","categoria":"Golosinas","subcategoria":"Chupetines","precio":28397.17,"destacado":false,"descripcion":"","imagen":"assets/products/CA-17793024000933.webp","tags":["chupetin","wamis","frutal","bulto","x12u","100762"]},{"id":"CA-779302400762","nombre":"CHUPETIN WAMIS FRUTAL x50u","categoria":"Golosinas","subcategoria":"Chupetines","precio":2460.34,"destacado":false,"descripcion":"","imagen":"assets/products/CA-779302400762.webp","tags":["chupetin","wamis","frutal","x50u"]},{"id":"CA-17793024000711","nombre":"CHUPETIN WAMIS MAGICO (BULTO x12u) 100760","categoria":"Golosinas","subcategoria":"Chupetines","precio":28397.17,"destacado":false,"descripcion":"","imagen":"assets/products/CA-17793024000711.webp","tags":["chupetin","wamis","magico","bulto","x12u","100760"]},{"id":"CA-779302400760","nombre":"CHUPETIN WAMIS MAGICO x 50u.","categoria":"Golosinas","subcategoria":"Chupetines","precio":2460.34,"destacado":false,"descripcion":"","imagen":"assets/products/CA-779302400760.webp","tags":["chupetin","wamis","magico","50u"]},{"id":"CA-779286000666","nombre":"CHUPETON-CITO LHERITIER x8 x35gs 301210","categoria":"Golosinas","subcategoria":"Chupetines","precio":3827.2,"destacado":false,"descripcion":"","imagen":"assets/products/CA-779286000666.webp","tags":["chupeton","cito","lheritier","x35gs","301210"]},{"id":"CA-779818603521","nombre":"CINTA ACIDA SABORES SURTIDOS BULL DOG x60gr 79018","categoria":"Golosinas","subcategoria":"Caramelos/Gomitas/Pastillas/Chicles","precio":634.86,"destacado":false,"descripcion":"","imagen":"assets/products/CA-779818603521.webp","tags":["cinta","acida","sabores","surtidos","bull","dog","x60gr","79018"]},{"id":"CA-779552240523","nombre":"CONEJITOS DE CHOCOLATE x210 grs 9040","categoria":"Golosinas","subcategoria":"Cubanitos/ Bocaditos/Bombones/Chocolates","precio":5829.65,"destacado":false,"descripcion":"","imagen":"assets/products/CA-779552240523.webp","tags":["conejitos","chocolate","x210","grs","9040"]},{"id":"CA-779812800189","nombre":"CONITO DE CHOCOLATE CACHAFAZ x6un","categoria":"Golosinas","subcategoria":"Cubanitos/ Bocaditos/Bombones/Chocolates","precio":6690.05,"destacado":false,"descripcion":"","imagen":"assets/products/CA-779812800189.webp","tags":["conito","chocolate","cachafaz","x6un"]},{"id":"CA-000000035799","nombre":"CUBANITO CHOCOLATE BLANCO OBLITA x48 (BULTO x16) 1620","categoria":"Golosinas","subcategoria":"Cubanitos/ Bocaditos/Bombones/Chocolates","precio":41986.54,"destacado":false,"descripcion":"","imagen":"assets/products/CA-000000035799.webp","tags":["cubanito","chocolate","blanco","oblita","x48","bulto","x16","1620"]},{"id":"CA-779312300037","nombre":"CUBANITO CHOCOLATE BLANCO OBLITA x48 1620","categoria":"Golosinas","subcategoria":"Cubanitos/ Bocaditos/Bombones/Chocolates","precio":2707.47,"destacado":false,"descripcion":"","imagen":"assets/products/CA-779312300037.webp","tags":["cubanito","chocolate","blanco","oblita","x48","1620"]},{"id":"CA-779312311710","nombre":"CUBANITO CHOCOLATE LARGE OBLITA x20 1710","categoria":"Golosinas","subcategoria":"Cubanitos/ Bocaditos/Bombones/Chocolates","precio":2081.12,"destacado":false,"descripcion":"","imagen":"assets/products/CA-779312311710.webp","tags":["cubanito","chocolate","large","oblita","x20","1710"]},{"id":"CA-779312301650","nombre":"CUBANITO CHOCOLATE OBLITA GRANEL x300unid 1650","categoria":"Golosinas","subcategoria":"Cubanitos/ Bocaditos/Bombones/Chocolates","precio":16061.51,"destacado":false,"descripcion":"","imagen":"assets/products/CA-779312301650.webp","tags":["cubanito","chocolate","oblita","granel","x300unid","1650"]},{"id":"CA-000000021763","nombre":"CUBANITO CHOCOLATE OBLITA x48 (BULTO x16) 1610","categoria":"Golosinas","subcategoria":"Cubanitos/ Bocaditos/Bombones/Chocolates","precio":41986.54,"destacado":false,"descripcion":"","imagen":"assets/products/CA-000000021763.webp","tags":["cubanito","chocolate","oblita","x48","bulto","x16","1610"]},{"id":"CA-779312300035","nombre":"CUBANITO CHOCOLATE OBLITA x48 1610","categoria":"Golosinas","subcategoria":"Cubanitos/ Bocaditos/Bombones/Chocolates","precio":2707.47,"destacado":false,"descripcion":"","imagen":"assets/products/CA-779312300035.webp","tags":["cubanito","chocolate","oblita","x48","1610"]},{"id":"CA-779312311750","nombre":"CUBANITO COQUET WAFER RELLENO CON MARROC OBLITA x20 1750","categoria":"Golosinas","subcategoria":"Cubanitos/ Bocaditos/Bombones/Chocolates","precio":7117.34,"destacado":false,"descripcion":"","imagen":"assets/products/CA-779312311750.webp","tags":["cubanito","coquet","wafer","relleno","con","marroc","oblita","x20","1750"]},{"id":"CA-000000031487","nombre":"CUBANITO DULCE DE LECHE OBLITA x48 (BULTO x16) 1630","categoria":"Golosinas","subcategoria":"Cubanitos/ Bocaditos/Bombones/Chocolates","precio":41986.56,"destacado":false,"descripcion":"","imagen":"assets/products/CA-000000031487.webp","tags":["cubanito","dulce","leche","oblita","x48","bulto","x16","1630"]},{"id":"CA-779312300039","nombre":"CUBANITO DULCE DE LECHE OBLITA x48 1630","categoria":"Golosinas","subcategoria":"Cubanitos/ Bocaditos/Bombones/Chocolates","precio":2707.44,"destacado":false,"descripcion":"","imagen":"assets/products/CA-779312300039.webp","tags":["cubanito","dulce","leche","oblita","x48","1630"]},{"id":"CA-000000021764","nombre":"CUBANITO FRUTILLA OBLITA x48 (BULTO x16) 1625","categoria":"Golosinas","subcategoria":"Cubanitos/ Bocaditos/Bombones/Chocolates","precio":41986.54,"destacado":false,"descripcion":"","imagen":"assets/products/CA-000000021764.webp","tags":["cubanito","frutilla","oblita","x48","bulto","x16","1625"]}]}