{"category_slug":"golosinas","subcategory_slug":"","page":5,"page_size":48,"total":475,"items":[{"id":"CA-779135912004","nombre":"CARAMELO TEMBLEKE FRUTAL TREMBLY x6  2004","categoria":"Golosinas","subcategoria":"Caramelos/Gomitas/Pastillas/Chicles","precio":735.82,"destacado":false,"descripcion":"","imagen":"assets/products/CA-779135912004.webp","tags":["caramelo","tembleke","frutal","trembly","2004"]},{"id":"CA-779135912006","nombre":"CARAMELO TEMBLEKE GALACTICO x6 TREMBLY 2006","categoria":"Golosinas","subcategoria":"Caramelos/Gomitas/Pastillas/Chicles","precio":735.82,"destacado":false,"descripcion":"","imagen":"assets/products/CA-779135912006.webp","tags":["caramelo","tembleke","galactico","trembly","2006"]},{"id":"CA-779135912026","nombre":"CARAMELO TEMBLEKE PIRATA x6 TREMBLY 2026","categoria":"Golosinas","subcategoria":"Caramelos/Gomitas/Pastillas/Chicles","precio":735.82,"destacado":false,"descripcion":"","imagen":"assets/products/CA-779135912026.webp","tags":["caramelo","tembleke","pirata","trembly","2026"]},{"id":"CA-779135912017","nombre":"CARAMELO TEMBLEKE PRINCESAS x6 2017","categoria":"Golosinas","subcategoria":"Caramelos/Gomitas/Pastillas/Chicles","precio":735.82,"destacado":false,"descripcion":"","imagen":"assets/products/CA-779135912017.webp","tags":["caramelo","tembleke","princesas","2017"]},{"id":"CA-779135912015","nombre":"CARAMELO TEMBLEKE SELVA x6 TREMBLY 2015","categoria":"Golosinas","subcategoria":"Caramelos/Gomitas/Pastillas/Chicles","precio":735.82,"destacado":false,"descripcion":"","imagen":"assets/products/CA-779135912015.webp","tags":["caramelo","tembleke","selva","trembly","2015"]},{"id":"CA-779135912011","nombre":"CARAMELO TEMBLEKE SIMPSONS x6 2011","categoria":"Golosinas","subcategoria":"Caramelos/Gomitas/Pastillas/Chicles","precio":735.82,"destacado":false,"descripcion":"","imagen":"assets/products/CA-779135912011.webp","tags":["caramelo","tembleke","simpsons","2011"]},{"id":"CA-779135904031","nombre":"CARAMELO TEMBLEKE SOBRE RUEDAS CAJA x14 4031","categoria":"Golosinas","subcategoria":"Caramelos/Gomitas/Pastillas/Chicles","precio":5950.41,"destacado":false,"descripcion":"NUEVO 18/12/2025","imagen":"assets/products/CA-779135904031.webp","tags":["caramelo","tembleke","sobre","ruedas","caja","x14","4031"]},{"id":"CA-779135902033","nombre":"CARAMELO TEMBLEKE TROPICAL x6 2033","categoria":"Golosinas","subcategoria":"Caramelos/Gomitas/Pastillas/Chicles","precio":809.39,"destacado":false,"descripcion":"NUEVO 18/12/2025","imagen":"assets/products/CA-779135902033.webp","tags":["caramelo","tembleke","tropical","2033"]},{"id":"CA-779135912032","nombre":"CARAMELO TEMBLEKE TUTTI FRUTTI x6 2032","categoria":"Golosinas","subcategoria":"Caramelos/Gomitas/Pastillas/Chicles","precio":735.82,"destacado":false,"descripcion":"","imagen":"assets/products/CA-779135912032.webp","tags":["caramelo","tembleke","tutti","frutti","2032"]},{"id":"CA-779804059460","nombre":"CHICLE FRUTAL GUMBALLS REDONDITOS EN POTE OPEN CANDY 18x7uni.","categoria":"Golosinas","subcategoria":"Caramelos/Gomitas/Pastillas/Chicles","precio":10770.39,"destacado":false,"descripcion":"","imagen":"assets/products/CA-779804059460.webp","tags":["chicle","frutal","gumballs","redonditos","pote","open","candy","18x7uni"]},{"id":"CA-762221096445","nombre":"CHICLE RELLENO SABOR TUTTI FRUTTI BUBBALOO x300gr (60unx5gr)","categoria":"Golosinas","subcategoria":"Caramelos/Gomitas/Pastillas/Chicles","precio":3786.69,"destacado":false,"descripcion":"","imagen":"assets/products/CA-762221096445.webp","tags":["chicle","relleno","sabor","tutti","frutti","bubbaloo","x300gr","60unx5gr"]},{"id":"CA-789100037903","nombre":"CHOCOLATE KITKAT BLANCO NESTLE 24 x41,5gr 12343630/12554457","categoria":"Golosinas","subcategoria":"Cubanitos/ Bocaditos/Bombones/Chocolates","precio":23760.98,"destacado":false,"descripcion":"","imagen":"assets/products/CA-789100037903.webp","tags":["chocolate","kitkat","blanco","nestle","x41","5gr","12343630","12554457"]},{"id":"CA-789100024880","nombre":"CHOCOLATE KITKAT CON LECHE NESTLE 24 x41,5gr 12342686","categoria":"Golosinas","subcategoria":"Cubanitos/ Bocaditos/Bombones/Chocolates","precio":23760.98,"destacado":false,"descripcion":"","imagen":"assets/products/CA-789100024880.webp","tags":["chocolate","kitkat","con","leche","nestle","x41","5gr","12342686"]},{"id":"CA-779038004513","nombre":"CHOCOLATIN GEORGALOS BLANCO x40uni. 513","categoria":"Golosinas","subcategoria":"Cubanitos/ Bocaditos/Bombones/Chocolates","precio":11185.37,"destacado":false,"descripcion":"* (19/12/2025)","imagen":"assets/products/CA-779038004513.webp","tags":["chocolatin","georgalos","blanco","x40uni","513"]},{"id":"CA-779038004514","nombre":"CHOCOLATIN GEORGALOS CON LECHE x40uni. 514","categoria":"Golosinas","subcategoria":"Cubanitos/ Bocaditos/Bombones/Chocolates","precio":11185.37,"destacado":false,"descripcion":"* (19/12/2025)","imagen":"assets/products/CA-779038004514.webp","tags":["chocolatin","georgalos","con","leche","x40uni","514"]},{"id":"CA-779058013094","nombre":"CHOCOLATIN MISKY BLANCO ARCOR x20un. 13094","categoria":"Golosinas","subcategoria":"Cubanitos/ Bocaditos/Bombones/Chocolates","precio":3665.3,"destacado":false,"descripcion":"","imagen":"assets/products/CA-779058013094.webp","tags":["chocolatin","misky","blanco","arcor","x20un","13094"]},{"id":"CA-779058013095","nombre":"CHOCOLATIN MISKY CON LECHE ARCOR x20un. 13095","categoria":"Golosinas","subcategoria":"Cubanitos/ Bocaditos/Bombones/Chocolates","precio":3665.3,"destacado":false,"descripcion":"","imagen":"assets/products/CA-779058013095.webp","tags":["chocolatin","misky","con","leche","arcor","x20un","13095"]},{"id":"CA-17794612129104","nombre":"CHOCOLATIN SAPITO CHOCOLATOSO (BULTO 8x24) 1291","categoria":"Golosinas","subcategoria":"Cubanitos/ Bocaditos/Bombones/Chocolates","precio":35902.5,"destacado":false,"descripcion":"* (19/12/2025)","imagen":"assets/products/CA-17794612129104.webp","tags":["chocolatin","sapito","chocolatoso","bulto","8x24","1291"]},{"id":"CA-779461212910","nombre":"CHOCOLATIN SAPITO CHOCOLATOSO x24 (1291)","categoria":"Golosinas","subcategoria":"Cubanitos/ Bocaditos/Bombones/Chocolates","precio":4487.81,"destacado":false,"descripcion":"* (19/12/2025)","imagen":"assets/products/CA-779461212910.webp","tags":["chocolatin","sapito","chocolatoso","x24","1291"]},{"id":"CA-17794612127100","nombre":"CHOCOLATIN SAPITO CON MANI (BULTO 8x24) 1271","categoria":"Golosinas","subcategoria":"Cubanitos/ Bocaditos/Bombones/Chocolates","precio":35902.5,"destacado":false,"descripcion":"* (19/12/2025)","imagen":"assets/products/CA-17794612127100.webp","tags":["chocolatin","sapito","con","mani","bulto","8x24","1271"]},{"id":"CA-779461212710","nombre":"CHOCOLATIN SAPITO CON MANI x24 (1271)","categoria":"Golosinas","subcategoria":"Cubanitos/ Bocaditos/Bombones/Chocolates","precio":4487.81,"destacado":false,"descripcion":"* (19/12/2025)","imagen":"assets/products/CA-779461212710.webp","tags":["chocolatin","sapito","con","mani","x24","1271"]},{"id":"CA-17794612139103","nombre":"CHOCOLATIN SAPITO DULCE DE LECHE (BULTO 8x24) 1391","categoria":"Golosinas","subcategoria":"Cubanitos/ Bocaditos/Bombones/Chocolates","precio":35902.5,"destacado":false,"descripcion":"* (19/12/2025)","imagen":"assets/products/CA-17794612139103.webp","tags":["chocolatin","sapito","dulce","leche","bulto","8x24","1391"]},{"id":"CA-779461213910","nombre":"CHOCOLATIN SAPITO DULCE DE LECHE x24 (1391)","categoria":"Golosinas","subcategoria":"Cubanitos/ Bocaditos/Bombones/Chocolates","precio":4487.81,"destacado":false,"descripcion":"* (19/12/2025)","imagen":"assets/products/CA-779461213910.webp","tags":["chocolatin","sapito","dulce","leche","x24","1391"]},{"id":"CA-17794612127209","nombre":"CHOCOLATIN SAPITO FRUTILLA (BULTO 8x24) 1272","categoria":"Golosinas","subcategoria":"Cubanitos/ Bocaditos/Bombones/Chocolates","precio":35902.5,"destacado":false,"descripcion":"* (19/12/2025)","imagen":"assets/products/CA-17794612127209.webp","tags":["chocolatin","sapito","frutilla","bulto","8x24","1272"]},{"id":"CA-779461212720","nombre":"CHOCOLATIN SAPITO FRUTILLA x24 (1272)","categoria":"Golosinas","subcategoria":"Cubanitos/ Bocaditos/Bombones/Chocolates","precio":4487.81,"destacado":false,"descripcion":"* (19/12/2025)","imagen":"assets/products/CA-779461212720.webp","tags":["chocolatin","sapito","frutilla","x24","1272"]},{"id":"CA-000000999808","nombre":"CHUPALETA  GRANDE  Nº1 PAYSANDU  x10un","categoria":"Golosinas","subcategoria":"Chupetines","precio":2905.32,"destacado":false,"descripcion":"","imagen":"assets/products/CA-000000999808.webp","tags":["chupaleta","grande","nº1","paysandu","x10un"]},{"id":"CA-000000035538","nombre":"CHUPALETA COLOR AMARILLO x10u. HUMPI","categoria":"Golosinas","subcategoria":"Chupetines","precio":4421.25,"destacado":false,"descripcion":"","imagen":"assets/products/CA-000000035538.webp","tags":["chupaleta","color","amarillo","x10u","humpi"]},{"id":"CA-000000044831","nombre":"CHUPALETA COLOR CELESTE LOCURAS x12u","categoria":"Golosinas","subcategoria":"Chupetines","precio":3890.7,"destacado":false,"descripcion":"","imagen":"assets/products/CA-000000044831.webp","tags":["chupaleta","color","celeste","locuras","x12u"]},{"id":"CA-000000044832","nombre":"CHUPALETA COLOR FUCSIA LOCURAS x12u","categoria":"Golosinas","subcategoria":"Chupetines","precio":3890.7,"destacado":false,"descripcion":"","imagen":"assets/products/CA-000000044832.webp","tags":["chupaleta","color","fucsia","locuras","x12u"]},{"id":"CA-000000044835","nombre":"CHUPALETA COLOR ROJO LOCURAS x12un","categoria":"Golosinas","subcategoria":"Chupetines","precio":3890.7,"destacado":false,"descripcion":"","imagen":"assets/products/CA-000000044835.webp","tags":["chupaleta","color","rojo","locuras","x12un"]},{"id":"CA-000000047370","nombre":"CHUPALETA COLOR ROJO x10u. HUMPI","categoria":"Golosinas","subcategoria":"Chupetines","precio":4421.25,"destacado":false,"descripcion":"","imagen":"assets/products/CA-000000047370.webp","tags":["chupaleta","color","rojo","x10u","humpi"]},{"id":"CA-000000044834","nombre":"CHUPALETA COLOR ROSA LOCURAS x12un","categoria":"Golosinas","subcategoria":"Chupetines","precio":3890.7,"destacado":false,"descripcion":"","imagen":"assets/products/CA-000000044834.webp","tags":["chupaleta","color","rosa","locuras","x12un"]},{"id":"CA-000000035541","nombre":"CHUPALETA COLOR ROSA/ FUCSIA x10u. HUMPI","categoria":"Golosinas","subcategoria":"Chupetines","precio":4421.25,"destacado":false,"descripcion":"","imagen":"assets/products/CA-000000035541.webp","tags":["chupaleta","color","rosa","fucsia","x10u","humpi"]},{"id":"CA-000000035539","nombre":"CHUPALETA COLOR TURQUESA/CELESTE x10u. HUMPI","categoria":"Golosinas","subcategoria":"Chupetines","precio":4421.25,"destacado":false,"descripcion":"","imagen":"assets/products/CA-000000035539.webp","tags":["chupaleta","color","turquesa","celeste","x10u","humpi"]},{"id":"CA-000000047371","nombre":"CHUPALETA COLOR VERDE CLARO x10u. HUMPI","categoria":"Golosinas","subcategoria":"Chupetines","precio":4421.25,"destacado":false,"descripcion":"","imagen":"assets/products/CA-000000047371.webp","tags":["chupaleta","color","verde","claro","x10u","humpi"]},{"id":"CA-000000044836","nombre":"CHUPALETA COLOR VIOLETA LOCURAS x12un","categoria":"Golosinas","subcategoria":"Chupetines","precio":3890.7,"destacado":false,"descripcion":"","imagen":"assets/products/CA-000000044836.webp","tags":["chupaleta","color","violeta","locuras","x12un"]},{"id":"CA-000000035540","nombre":"CHUPALETA COLOR VIOLETA x10u. HUMPI","categoria":"Golosinas","subcategoria":"Chupetines","precio":4421.25,"destacado":false,"descripcion":"","imagen":"assets/products/CA-000000035540.webp","tags":["chupaleta","color","violeta","x10u","humpi"]},{"id":"CA-000000999036","nombre":"CHUPALETA CORAZON CARIOCA x10un","categoria":"Golosinas","subcategoria":"Chupetines","precio":2823.48,"destacado":false,"descripcion":"","imagen":"assets/products/CA-000000999036.webp","tags":["chupaleta","corazon","carioca","x10un"]},{"id":"CA-779812995402","nombre":"CHUPALETA CORAZON COLOR ROJO LOCURAS x12un","categoria":"Golosinas","subcategoria":"Chupetines","precio":3890.7,"destacado":false,"descripcion":"","imagen":"assets/products/CA-779812995402.webp","tags":["chupaleta","corazon","color","rojo","locuras","x12un"]},{"id":"CA-779235400409","nombre":"CHUPALETA MARENGO x350grs 12047","categoria":"Golosinas","subcategoria":"Chupetines","precio":2461.26,"destacado":false,"descripcion":"","imagen":"assets/products/CA-779235400409.webp","tags":["chupaleta","marengo","x350grs","12047"]},{"id":"CA-779812995601","nombre":"CHUPALETA MINI LOCURAS x30un","categoria":"Golosinas","subcategoria":"Chupetines","precio":3890.7,"destacado":false,"descripcion":"","imagen":"assets/products/CA-779812995601.webp","tags":["chupaleta","mini","locuras","x30un"]},{"id":"CA-779812995301","nombre":"CHUPALETA MULTICOLOR LOCURAS x12un  (401)","categoria":"Golosinas","subcategoria":"Chupetines","precio":3890.7,"destacado":false,"descripcion":"","imagen":"assets/products/CA-779812995301.webp","tags":["chupaleta","multicolor","locuras","x12un","401"]},{"id":"CA-000000999794","nombre":"CHUPALETA MULTICOLOR MEDIANA x12","categoria":"Golosinas","subcategoria":"Chupetines","precio":2993.36,"destacado":false,"descripcion":"","imagen":"assets/products/CA-000000999794.webp","tags":["chupaleta","multicolor","mediana","x12"]},{"id":"CA-000000035542","nombre":"CHUPALETA MULTICOLOR x10u. HUMPI","categoria":"Golosinas","subcategoria":"Chupetines","precio":4421.25,"destacado":false,"descripcion":"","imagen":"assets/products/CA-000000035542.webp","tags":["chupaleta","multicolor","x10u","humpi"]},{"id":"CA-000000051875","nombre":"CHUPALETA PERLADA ROSA x10u. HUMPI","categoria":"Golosinas","subcategoria":"Chupetines","precio":4421.25,"destacado":false,"descripcion":"","imagen":"assets/products/CA-000000051875.webp","tags":["chupaleta","perlada","rosa","x10u","humpi"]},{"id":"CA-779814911078","nombre":"CHUPALETA PLIN PLAN PLUN MEDIANA x25","categoria":"Golosinas","subcategoria":"Chupetines","precio":3264.94,"destacado":false,"descripcion":"* (09/12/2025)","imagen":"assets/products/CA-779814911078.webp","tags":["chupaleta","plin","plan","plun","mediana","x25"]},{"id":"CA-779286000560","nombre":"CHUPETIN BABY DOLL ACIDO POWER x18x4u 301120","categoria":"Golosinas","subcategoria":"Chupetines","precio":7485.63,"destacado":false,"descripcion":"","imagen":"assets/products/CA-779286000560.webp","tags":["chupetin","baby","doll","acido","power","x18x4u","301120"]},{"id":"CA-17790580252806","nombre":"CHUPETIN BOLITA MISTER POPS x50 (BULTOx12unid) 2528","categoria":"Golosinas","subcategoria":"Chupetines","precio":53647.5,"destacado":false,"descripcion":"* (19/12/2025)","imagen":"assets/products/CA-17790580252806.webp","tags":["chupetin","bolita","mister","pops","x50","bultox12unid","2528"]}]}