{"category_slug":"carnaval_carioca","subcategory_slug":"gorros_galeras_capelinas_coronas_y_turbantes","page":4,"page_size":48,"total":285,"items":[{"id":"CA-779814797892","nombre":"GORRO CAPITAN x1 GO 058  PS","categoria":"Carnaval Carioca","subcategoria":"Gorros/Galeras/Capelinas/Coronas Y Turbantes","precio":3898.34,"destacado":false,"descripcion":"","imagen":"assets/products/CA-779814797892.webp","tags":["gorro","capitan","058"]},{"id":"CA-779813337204","nombre":"GORRO CARIOCA BOMBIN FLUO x25 Art.109FL","categoria":"Carnaval Carioca","subcategoria":"Gorros/Galeras/Capelinas/Coronas Y Turbantes","precio":7419.34,"destacado":false,"descripcion":"","imagen":"assets/products/CA-779813337204.webp","tags":["gorro","carioca","bombin","fluo","x25","art","109fl"]},{"id":"CA-000000052446","nombre":"GORRO CARIOCA BOMBIN PLASTICO FLUO x25u","categoria":"Carnaval Carioca","subcategoria":"Gorros/Galeras/Capelinas/Coronas Y Turbantes","precio":6078.18,"destacado":false,"descripcion":"","imagen":"assets/products/CA-000000052446.webp","tags":["gorro","carioca","bombin","plastico","fluo","x25u"]},{"id":"CA-000000003195","nombre":"GORRO CARIOCA ECONOMICOx25 (SRE3-SBE3)","categoria":"Carnaval Carioca","subcategoria":"Gorros/Galeras/Capelinas/Coronas Y Turbantes","precio":5207.44,"destacado":false,"descripcion":"","imagen":"assets/products/CA-000000003195.webp","tags":["gorro","carioca","economicox25","sre3","sbe3"]},{"id":"CA-779813337205","nombre":"GORRO CARIOCA RANCHO FLUO x25 Art.110FL","categoria":"Carnaval Carioca","subcategoria":"Gorros/Galeras/Capelinas/Coronas Y Turbantes","precio":7419.34,"destacado":false,"descripcion":"","imagen":"assets/products/CA-779813337205.webp","tags":["gorro","carioca","rancho","fluo","x25","art","110fl"]},{"id":"CA-000000052447","nombre":"GORRO CARIOCA RANCHO PLASTICO FLUO x25u","categoria":"Carnaval Carioca","subcategoria":"Gorros/Galeras/Capelinas/Coronas Y Turbantes","precio":6078.18,"destacado":false,"descripcion":"","imagen":"assets/products/CA-000000052447.webp","tags":["gorro","carioca","rancho","plastico","fluo","x25u"]},{"id":"CA-779814797896","nombre":"GORRO CHOFER x1 GO063  PS","categoria":"Carnaval Carioca","subcategoria":"Gorros/Galeras/Capelinas/Coronas Y Turbantes","precio":4699.1,"destacado":false,"descripcion":"","imagen":"assets/products/CA-779814797896.webp","tags":["gorro","chofer","go063"]},{"id":"CA-000000058497","nombre":"GORRO COWBOY  TORNASOL CON FLECOS Y ESTRELLAS CON LUZ x1 BP","categoria":"Carnaval Carioca","subcategoria":"Gorros/Galeras/Capelinas/Coronas Y Turbantes","precio":15249.0,"destacado":false,"descripcion":"","imagen":"assets/products/CA-000000058497.webp","tags":["gorro","cowboy","tornasol","con","flecos","estrellas","con","luz"]},{"id":"CA-692012581670","nombre":"GORRO COWBOY ANIMAL PRINT VACA x1 MM167-03","categoria":"Carnaval Carioca","subcategoria":"Gorros/Galeras/Capelinas/Coronas Y Turbantes","precio":7938.68,"destacado":false,"descripcion":"","imagen":"assets/products/CA-692012581670.webp","tags":["gorro","cowboy","animal","print","vaca","mm167"]},{"id":"CA-000000058493","nombre":"GORRO COWBOY BLANCO CON ESTRELLAS PLATA CON LUZ x1 BP","categoria":"Carnaval Carioca","subcategoria":"Gorros/Galeras/Capelinas/Coronas Y Turbantes","precio":16152.5,"destacado":false,"descripcion":"","imagen":"assets/products/CA-000000058493.webp","tags":["gorro","cowboy","blanco","con","estrellas","plata","con","luz"]},{"id":"CA-202560301364","nombre":"GORRO COWBOY BLANCO CON ESTRELLAS PLATA x1 FP1364","categoria":"Carnaval Carioca","subcategoria":"Gorros/Galeras/Capelinas/Coronas Y Turbantes","precio":10972.08,"destacado":false,"descripcion":"","imagen":"assets/products/CA-202560301364.webp","tags":["gorro","cowboy","blanco","con","estrellas","plata","fp1364"]},{"id":"CA-541497001121","nombre":"GORRO COWBOY BLANCO TERCIOPELO TOMORROWLAND x1 PA1121-02","categoria":"Carnaval Carioca","subcategoria":"Gorros/Galeras/Capelinas/Coronas Y Turbantes","precio":12821.09,"destacado":false,"descripcion":"","imagen":"assets/products/CA-541497001121.webp","tags":["gorro","cowboy","blanco","terciopelo","tomorrowland","pa1121"]},{"id":"CA-000000058494","nombre":"GORRO COWBOY BOUCLE CON STRASS PREMIUM CON LUZ x1 BP","categoria":"Carnaval Carioca","subcategoria":"Gorros/Galeras/Capelinas/Coronas Y Turbantes","precio":14586.0,"destacado":false,"descripcion":"","imagen":"assets/products/CA-000000058494.webp","tags":["gorro","cowboy","boucle","con","strass","premium","con","luz"]},{"id":"CA-202560001330","nombre":"GORRO COWBOY BOUCLE CON STRASS PREMIUN x1 FP1330","categoria":"Carnaval Carioca","subcategoria":"Gorros/Galeras/Capelinas/Coronas Y Turbantes","precio":9768.15,"destacado":false,"descripcion":"","imagen":"assets/products/CA-202560001330.webp","tags":["gorro","cowboy","boucle","con","strass","premiun","fp1330"]},{"id":"CA-202560001341","nombre":"GORRO COWBOY CON BOA BLANCO X1 FP1341-01","categoria":"Carnaval Carioca","subcategoria":"Gorros/Galeras/Capelinas/Coronas Y Turbantes","precio":5639.63,"destacado":false,"descripcion":"","imagen":"assets/products/CA-202560001341.webp","tags":["gorro","cowboy","con","boa","blanco","fp1341"]},{"id":"CA-668256204014","nombre":"GORRO COWBOY CON BOA NEGRO x1  MM204-01N","categoria":"Carnaval Carioca","subcategoria":"Gorros/Galeras/Capelinas/Coronas Y Turbantes","precio":5648.83,"destacado":false,"descripcion":"","imagen":"assets/products/CA-668256204014.webp","tags":["gorro","cowboy","con","boa","negro","mm204","01n"]},{"id":"CA-202560201341","nombre":"GORRO COWBOY CON BOA ROSA X1 FP1341-02","categoria":"Carnaval Carioca","subcategoria":"Gorros/Galeras/Capelinas/Coronas Y Turbantes","precio":5639.63,"destacado":false,"descripcion":"","imagen":"assets/products/CA-202560201341.webp","tags":["gorro","cowboy","con","boa","rosa","fp1341"]},{"id":"CA-668256204011","nombre":"GORRO COWBOY CON BOA ROSA x1 MM204-01R","categoria":"Carnaval Carioca","subcategoria":"Gorros/Galeras/Capelinas/Coronas Y Turbantes","precio":5648.83,"destacado":false,"descripcion":"","imagen":"assets/products/CA-668256204011.webp","tags":["gorro","cowboy","con","boa","rosa","mm204","01r"]},{"id":"CA-202560001337","nombre":"GORRO COWBOY CON BORLAS METAL ROSA FP1337","categoria":"Carnaval Carioca","subcategoria":"Gorros/Galeras/Capelinas/Coronas Y Turbantes","precio":11395.44,"destacado":false,"descripcion":"","imagen":"assets/products/CA-202560001337.webp","tags":["gorro","cowboy","con","borlas","metal","rosa","fp1337"]},{"id":"CA-541497891030","nombre":"GORRO COWBOY DE TELA COLORES SURTIDOS  x1 PA1030","categoria":"Carnaval Carioca","subcategoria":"Gorros/Galeras/Capelinas/Coronas Y Turbantes","precio":3512.6,"destacado":false,"descripcion":"","imagen":"assets/products/CA-541497891030.webp","tags":["gorro","cowboy","tela","colores","surtidos","pa1030"]},{"id":"CA-000000058511","nombre":"GORRO COWBOY ESPEJADO CON LUZ x1 B.P","categoria":"Carnaval Carioca","subcategoria":"Gorros/Galeras/Capelinas/Coronas Y Turbantes","precio":11557.0,"destacado":false,"descripcion":"","imagen":"assets/products/CA-000000058511.webp","tags":["gorro","cowboy","espejado","con","luz"]},{"id":"CA-803410700611","nombre":"GORRO COWBOY GAMUZA  CORONA CON LENTEJUELAS x1 YJ0738","categoria":"Carnaval Carioca","subcategoria":"Gorros/Galeras/Capelinas/Coronas Y Turbantes","precio":4374.0,"destacado":false,"descripcion":"","imagen":"assets/products/CA-803410700611.webp","tags":["gorro","cowboy","gamuza","corona","con","lentejuelas","yj0738"]},{"id":"CA-000000058514","nombre":"GORRO COWBOY GAMUZA BLANCO BRIDE CON LUZ x1","categoria":"Carnaval Carioca","subcategoria":"Gorros/Galeras/Capelinas/Coronas Y Turbantes","precio":20540.0,"destacado":false,"descripcion":"","imagen":"assets/products/CA-000000058514.webp","tags":["gorro","cowboy","gamuza","blanco","bride","con","luz"]},{"id":"CA-202560001340","nombre":"GORRO COWBOY GAMUZA BLANCO BRIDE X1 FP1340","categoria":"Carnaval Carioca","subcategoria":"Gorros/Galeras/Capelinas/Coronas Y Turbantes","precio":7858.62,"destacado":false,"descripcion":"","imagen":"assets/products/CA-202560001340.webp","tags":["gorro","cowboy","gamuza","blanco","bride","fp1340"]},{"id":"CA-803410700612","nombre":"GORRO COWBOY GAMUZA CORONA CON BOA x1 YJ0739","categoria":"Carnaval Carioca","subcategoria":"Gorros/Galeras/Capelinas/Coronas Y Turbantes","precio":4860.0,"destacado":false,"descripcion":"","imagen":"assets/products/CA-803410700612.webp","tags":["gorro","cowboy","gamuza","corona","con","boa","yj0739"]},{"id":"CA-803410700610","nombre":"GORRO COWBOY GAMUZA ESTRELLA CON LENTEJUELAS x1 YJ0737","categoria":"Carnaval Carioca","subcategoria":"Gorros/Galeras/Capelinas/Coronas Y Turbantes","precio":4252.5,"destacado":false,"descripcion":"","imagen":"assets/products/CA-803410700610.webp","tags":["gorro","cowboy","gamuza","estrella","con","lentejuelas","yj0737"]},{"id":"CA-679749900594","nombre":"GORRO COWBOY GAMUZA MARRON  x1 DA0594-01","categoria":"Carnaval Carioca","subcategoria":"Gorros/Galeras/Capelinas/Coronas Y Turbantes","precio":3751.23,"destacado":false,"descripcion":"","imagen":"assets/products/CA-679749900594.webp","tags":["gorro","cowboy","gamuza","marron","da0594"]},{"id":"CA-679749910594","nombre":"GORRO COWBOY GAMUZA NEGRO  x1 DA0594-02","categoria":"Carnaval Carioca","subcategoria":"Gorros/Galeras/Capelinas/Coronas Y Turbantes","precio":3751.23,"destacado":false,"descripcion":"","imagen":"assets/products/CA-679749910594.webp","tags":["gorro","cowboy","gamuza","negro","da0594"]},{"id":"CA-202560301355","nombre":"GORRO COWBOY GAMUZA VARIOS COLORES x1 FP1355","categoria":"Carnaval Carioca","subcategoria":"Gorros/Galeras/Capelinas/Coronas Y Turbantes","precio":3513.51,"destacado":false,"descripcion":"","imagen":"assets/products/CA-202560301355.webp","tags":["gorro","cowboy","gamuza","varios","colores","fp1355"]},{"id":"CA-695925101227","nombre":"GORRO COWBOY GAMUZA VARIOS COLORES x1 ILC2510-227","categoria":"Carnaval Carioca","subcategoria":"Gorros/Galeras/Capelinas/Coronas Y Turbantes","precio":3513.51,"destacado":false,"descripcion":"","imagen":"assets/products/CA-695925101227.webp","tags":["gorro","cowboy","gamuza","varios","colores","ilc2510","227"]},{"id":"CA-694105219913","nombre":"GORRO COWBOY GLITTER AZUL  x1 MM199-02","categoria":"Carnaval Carioca","subcategoria":"Gorros/Galeras/Capelinas/Coronas Y Turbantes","precio":5208.64,"destacado":false,"descripcion":"","imagen":"assets/products/CA-694105219913.webp","tags":["gorro","cowboy","glitter","azul","mm199"]},{"id":"CA-202560301352","nombre":"GORRO COWBOY GLITTER DORADO  x1 FP1352-01","categoria":"Carnaval Carioca","subcategoria":"Gorros/Galeras/Capelinas/Coronas Y Turbantes","precio":4176.27,"destacado":false,"descripcion":"","imagen":"assets/products/CA-202560301352.webp","tags":["gorro","cowboy","glitter","dorado","fp1352"]},{"id":"CA-694105219908","nombre":"GORRO COWBOY GLITTER DORADO  x1 MM199-02","categoria":"Carnaval Carioca","subcategoria":"Gorros/Galeras/Capelinas/Coronas Y Turbantes","precio":5208.64,"destacado":false,"descripcion":"","imagen":"assets/products/CA-694105219908.webp","tags":["gorro","cowboy","glitter","dorado","mm199"]},{"id":"CA-202560201352","nombre":"GORRO COWBOY GLITTER PLATEADO  x1 FP1352-02","categoria":"Carnaval Carioca","subcategoria":"Gorros/Galeras/Capelinas/Coronas Y Turbantes","precio":4176.27,"destacado":false,"descripcion":"","imagen":"assets/products/CA-202560201352.webp","tags":["gorro","cowboy","glitter","plateado","fp1352"]},{"id":"CA-694105219907","nombre":"GORRO COWBOY GLITTER PLATEADO  x1 MM199-02","categoria":"Carnaval Carioca","subcategoria":"Gorros/Galeras/Capelinas/Coronas Y Turbantes","precio":5208.64,"destacado":false,"descripcion":"","imagen":"assets/products/CA-694105219907.webp","tags":["gorro","cowboy","glitter","plateado","mm199"]},{"id":"CA-202560001352","nombre":"GORRO COWBOY GLITTER ROSA  x1 FP1352-03","categoria":"Carnaval Carioca","subcategoria":"Gorros/Galeras/Capelinas/Coronas Y Turbantes","precio":4176.27,"destacado":false,"descripcion":"","imagen":"assets/products/CA-202560001352.webp","tags":["gorro","cowboy","glitter","rosa","fp1352"]},{"id":"CA-694105219909","nombre":"GORRO COWBOY GLITTER VERDE  x1 MM199-02","categoria":"Carnaval Carioca","subcategoria":"Gorros/Galeras/Capelinas/Coronas Y Turbantes","precio":5208.64,"destacado":false,"descripcion":"","imagen":"assets/products/CA-694105219909.webp","tags":["gorro","cowboy","glitter","verde","mm199"]},{"id":"CA-000000058513","nombre":"GORRO COWBOY METALIZADO DORADO CON LUZ x1 B.P","categoria":"Carnaval Carioca","subcategoria":"Gorros/Galeras/Capelinas/Coronas Y Turbantes","precio":6630.0,"destacado":false,"descripcion":"","imagen":"assets/products/CA-000000058513.webp","tags":["gorro","cowboy","metalizado","dorado","con","luz"]},{"id":"CA-202569920982","nombre":"GORRO COWBOY METALIZADO DORADO x1 DC982-02","categoria":"Carnaval Carioca","subcategoria":"Gorros/Galeras/Capelinas/Coronas Y Turbantes","precio":3642.98,"destacado":false,"descripcion":"","imagen":"assets/products/CA-202569920982.webp","tags":["gorro","cowboy","metalizado","dorado","dc982"]},{"id":"CA-000000058512","nombre":"GORRO COWBOY METALIZADO PLATA  CON LUZ x1 B.P","categoria":"Carnaval Carioca","subcategoria":"Gorros/Galeras/Capelinas/Coronas Y Turbantes","precio":6630.0,"destacado":false,"descripcion":"","imagen":"assets/products/CA-000000058512.webp","tags":["gorro","cowboy","metalizado","plata","con","luz"]},{"id":"CA-202569900982","nombre":"GORRO COWBOY METALIZADO PLATEADO x1 DC982-01","categoria":"Carnaval Carioca","subcategoria":"Gorros/Galeras/Capelinas/Coronas Y Turbantes","precio":3642.98,"destacado":false,"descripcion":"","imagen":"assets/products/CA-202569900982.webp","tags":["gorro","cowboy","metalizado","plateado","dc982"]},{"id":"CA-693831816701","nombre":"GORRO COWBOY NARANJA LENTEJUELAS x1 MM167-01","categoria":"Carnaval Carioca","subcategoria":"Gorros/Galeras/Capelinas/Coronas Y Turbantes","precio":3964.59,"destacado":false,"descripcion":"","imagen":"assets/products/CA-693831816701.webp","tags":["gorro","cowboy","naranja","lentejuelas","mm167"]},{"id":"CA-541497891025","nombre":"GORRO COWBOY NEGRO  GUARDA STRASS x1 PA1025","categoria":"Carnaval Carioca","subcategoria":"Gorros/Galeras/Capelinas/Coronas Y Turbantes","precio":5265.0,"destacado":false,"descripcion":"","imagen":"assets/products/CA-541497891025.webp","tags":["gorro","cowboy","negro","guarda","strass","pa1025"]},{"id":"CA-541497891096","nombre":"GORRO COWBOY NEGRO CON APLIQUE  x1 PA1096","categoria":"Carnaval Carioca","subcategoria":"Gorros/Galeras/Capelinas/Coronas Y Turbantes","precio":8992.49,"destacado":false,"descripcion":"","imagen":"assets/products/CA-541497891096.webp","tags":["gorro","cowboy","negro","con","aplique","pa1096"]},{"id":"CA-541497881050","nombre":"GORRO COWBOY NEGRO CON HEBILLA  x1 PA1050-02","categoria":"Carnaval Carioca","subcategoria":"Gorros/Galeras/Capelinas/Coronas Y Turbantes","precio":6803.64,"destacado":false,"descripcion":"","imagen":"assets/products/CA-541497881050.webp","tags":["gorro","cowboy","negro","con","hebilla","pa1050"]},{"id":"CA-541497891115","nombre":"GORRO COWBOY NEGRO FLECOS CON STRASS x1 PA1115","categoria":"Carnaval Carioca","subcategoria":"Gorros/Galeras/Capelinas/Coronas Y Turbantes","precio":15926.52,"destacado":false,"descripcion":"","imagen":"assets/products/CA-541497891115.webp","tags":["gorro","cowboy","negro","flecos","con","strass","pa1115"]},{"id":"CA-000000058496","nombre":"GORRO COWBOY NEGRO GAMUZA ESTRELLA CON LENTEJUELAS CON LUZ x1 BP","categoria":"Carnaval Carioca","subcategoria":"Gorros/Galeras/Capelinas/Coronas Y Turbantes","precio":7423.0,"destacado":false,"descripcion":"","imagen":"assets/products/CA-000000058496.webp","tags":["gorro","cowboy","negro","gamuza","estrella","con","lentejuelas","con","luz"]},{"id":"CA-000000058498","nombre":"GORRO COWBOY NEGRO GUARDA STRASS CON LUZ x1 BP","categoria":"Carnaval Carioca","subcategoria":"Gorros/Galeras/Capelinas/Coronas Y Turbantes","precio":10205.0,"destacado":false,"descripcion":"","imagen":"assets/products/CA-000000058498.webp","tags":["gorro","cowboy","negro","guarda","strass","con","luz"]}]}