{"category_slug":"carnaval_carioca","subcategory_slug":"gorros_galeras_capelinas_coronas_y_turbantes","page":5,"page_size":48,"total":285,"items":[{"id":"CA-541497001087","nombre":"GORRO COWBOY NEGRO TERCIOPELO LAZO STRASS x1 PA1087-01","categoria":"Carnaval Carioca","subcategoria":"Gorros/Galeras/Capelinas/Coronas Y Turbantes","precio":18738.48,"destacado":false,"descripcion":"","imagen":"assets/products/CA-541497001087.webp","tags":["gorro","cowboy","negro","terciopelo","lazo","strass","pa1087"]},{"id":"CA-541497101121","nombre":"GORRO COWBOY NEGRO TERCIOPELO TOMORROWLAND x1 PA1121-01","categoria":"Carnaval Carioca","subcategoria":"Gorros/Galeras/Capelinas/Coronas Y Turbantes","precio":12821.09,"destacado":false,"descripcion":"","imagen":"assets/products/CA-541497101121.webp","tags":["gorro","cowboy","negro","terciopelo","tomorrowland","pa1121"]},{"id":"CA-779813337298","nombre":"GORRO COWBOY PLASTICO FLUO MULTICOLOR x6 33FL","categoria":"Carnaval Carioca","subcategoria":"Gorros/Galeras/Capelinas/Coronas Y Turbantes","precio":9730.92,"destacado":false,"descripcion":"","imagen":"assets/products/CA-779813337298.webp","tags":["gorro","cowboy","plastico","fluo","multicolor","33fl"]},{"id":"CA-779813337339","nombre":"GORRO COWBOY PLASTICO MARRON x6","categoria":"Carnaval Carioca","subcategoria":"Gorros/Galeras/Capelinas/Coronas Y Turbantes","precio":8178.94,"destacado":false,"descripcion":"","imagen":"assets/products/CA-779813337339.webp","tags":["gorro","cowboy","plastico","marron"]},{"id":"CA-779813337340","nombre":"GORRO COWBOY PLASTICO NEGRO x6","categoria":"Carnaval Carioca","subcategoria":"Gorros/Galeras/Capelinas/Coronas Y Turbantes","precio":8178.94,"destacado":false,"descripcion":"","imagen":"assets/products/CA-779813337340.webp","tags":["gorro","cowboy","plastico","negro"]},{"id":"CA-202569900983","nombre":"GORRO COWBOY PLATEADO LENTEJUELAS x1 DC983-01","categoria":"Carnaval Carioca","subcategoria":"Gorros/Galeras/Capelinas/Coronas Y Turbantes","precio":3964.59,"destacado":false,"descripcion":"","imagen":"assets/products/CA-202569900983.webp","tags":["gorro","cowboy","plateado","lentejuelas","dc983"]},{"id":"CA-000000058495","nombre":"GORRO COWBOY ROSA GAMUZA ESTRELLA CON LENTEJUELAS CON LUZ x1 BP","categoria":"Carnaval Carioca","subcategoria":"Gorros/Galeras/Capelinas/Coronas Y Turbantes","precio":7423.0,"destacado":false,"descripcion":"","imagen":"assets/products/CA-000000058495.webp","tags":["gorro","cowboy","rosa","gamuza","estrella","con","lentejuelas","con","luz"]},{"id":"CA-541497001077","nombre":"GORRO COWBOY SIMIL CUERO PREMIUM x1 PA1077","categoria":"Carnaval Carioca","subcategoria":"Gorros/Galeras/Capelinas/Coronas Y Turbantes","precio":6558.5,"destacado":false,"descripcion":"","imagen":"assets/products/CA-541497001077.webp","tags":["gorro","cowboy","simil","cuero","premium","pa1077"]},{"id":"CA-668247309226","nombre":"GORRO COWBOY TELA BRILLOSA CON LUZ x1 DG9226A","categoria":"Carnaval Carioca","subcategoria":"Gorros/Galeras/Capelinas/Coronas Y Turbantes","precio":5154.18,"destacado":false,"descripcion":"","imagen":"assets/products/CA-668247309226.webp","tags":["gorro","cowboy","tela","brillosa","con","luz","dg9226a"]},{"id":"CA-541497001082","nombre":"GORRO COWBOY TELA FLUO PREMIUN x1 PA1082","categoria":"Carnaval Carioca","subcategoria":"Gorros/Galeras/Capelinas/Coronas Y Turbantes","precio":3692.05,"destacado":false,"descripcion":"","imagen":"assets/products/CA-541497001082.webp","tags":["gorro","cowboy","tela","fluo","premiun","pa1082"]},{"id":"CA-541497001086","nombre":"GORRO COWBOY TERCIOPELO STRASS VARIOS COLORES x1 PA1086","categoria":"Carnaval Carioca","subcategoria":"Gorros/Galeras/Capelinas/Coronas Y Turbantes","precio":20908.22,"destacado":false,"descripcion":"","imagen":"assets/products/CA-541497001086.webp","tags":["gorro","cowboy","terciopelo","strass","varios","colores","pa1086"]},{"id":"CA-541497891092","nombre":"GORRO COWBOY TEXANO ANIMAL PRINT PREMIUM x1 PA1092","categoria":"Carnaval Carioca","subcategoria":"Gorros/Galeras/Capelinas/Coronas Y Turbantes","precio":8992.49,"destacado":false,"descripcion":"","imagen":"assets/products/CA-541497891092.webp","tags":["gorro","cowboy","texano","animal","print","premium","pa1092"]},{"id":"CA-541497891116","nombre":"GORRO COWBOY TEXANO ESPEJADO PLATA x1 PA1116-01","categoria":"Carnaval Carioca","subcategoria":"Gorros/Galeras/Capelinas/Coronas Y Turbantes","precio":7436.1,"destacado":false,"descripcion":"","imagen":"assets/products/CA-541497891116.webp","tags":["gorro","cowboy","texano","espejado","plata","pa1116"]},{"id":"CA-541497881052","nombre":"GORRO COWBOY TEXANO LISO PREMIUM x1 PA1052","categoria":"Carnaval Carioca","subcategoria":"Gorros/Galeras/Capelinas/Coronas Y Turbantes","precio":4323.31,"destacado":false,"descripcion":"","imagen":"assets/products/CA-541497881052.webp","tags":["gorro","cowboy","texano","liso","premium","pa1052"]},{"id":"CA-679749900660","nombre":"GORRO COWBOY TORNASOL CON FLECOS (V.COLORES) x1 DA660","categoria":"Carnaval Carioca","subcategoria":"Gorros/Galeras/Capelinas/Coronas Y Turbantes","precio":7584.77,"destacado":false,"descripcion":"","imagen":"assets/products/CA-679749900660.webp","tags":["gorro","cowboy","tornasol","con","flecos","colores","da660"]},{"id":"CA-000000058262","nombre":"GORRO COWBOY TORNASOL CON GEMAS/STRASS Y PLUMA  x1","categoria":"Carnaval Carioca","subcategoria":"Gorros/Galeras/Capelinas/Coronas Y Turbantes","precio":9450.0,"destacado":false,"descripcion":"","imagen":"assets/products/CA-000000058262.webp","tags":["gorro","cowboy","tornasol","con","gemas","strass","pluma"]},{"id":"CA-202560001339","nombre":"GORRO COWBOY TORNASOL CON LED MULTICOLOR x1 FP1339","categoria":"Carnaval Carioca","subcategoria":"Gorros/Galeras/Capelinas/Coronas Y Turbantes","precio":7858.62,"destacado":false,"descripcion":"","imagen":"assets/products/CA-202560001339.webp","tags":["gorro","cowboy","tornasol","con","led","multicolor","fp1339"]},{"id":"CA-541497871117","nombre":"GORRO COWBOY TORNASOL FLECOS Y ESTRELLAS x1 PA1117","categoria":"Carnaval Carioca","subcategoria":"Gorros/Galeras/Capelinas/Coronas Y Turbantes","precio":10277.14,"destacado":false,"descripcion":"","imagen":"assets/products/CA-541497871117.webp","tags":["gorro","cowboy","tornasol","flecos","estrellas","pa1117"]},{"id":"CA-520555072421","nombre":"GORRO COWBOY TORNASOL FUCSIA x1 W421-3","categoria":"Carnaval Carioca","subcategoria":"Gorros/Galeras/Capelinas/Coronas Y Turbantes","precio":3550.43,"destacado":false,"descripcion":"","imagen":"assets/products/CA-520555072421.webp","tags":["gorro","cowboy","tornasol","fucsia","w421"]},{"id":"CA-520555070421","nombre":"GORRO COWBOY TORNASOL LILA x1 W421-7","categoria":"Carnaval Carioca","subcategoria":"Gorros/Galeras/Capelinas/Coronas Y Turbantes","precio":3550.43,"destacado":false,"descripcion":"","imagen":"assets/products/CA-520555070421.webp","tags":["gorro","cowboy","tornasol","lila","w421"]},{"id":"CA-520555079421","nombre":"GORRO COWBOY TORNASOL TURQUESA x1 W421-4","categoria":"Carnaval Carioca","subcategoria":"Gorros/Galeras/Capelinas/Coronas Y Turbantes","precio":3550.43,"destacado":false,"descripcion":"","imagen":"assets/products/CA-520555079421.webp","tags":["gorro","cowboy","tornasol","turquesa","w421"]},{"id":"CA-541497001029","nombre":"GORRO FLAMENCO VARIOS COLORES x1 PA1029-01-02-03-04","categoria":"Carnaval Carioca","subcategoria":"Gorros/Galeras/Capelinas/Coronas Y Turbantes","precio":3952.75,"destacado":false,"descripcion":"","imagen":"assets/products/CA-541497001029.webp","tags":["gorro","flamenco","varios","colores","pa1029"]},{"id":"CA-000000054806","nombre":"GORRO FUNYI BLANCO CON FLORES Y PLUMAS x1(varios colores)","categoria":"Carnaval Carioca","subcategoria":"Gorros/Galeras/Capelinas/Coronas Y Turbantes","precio":4781.7,"destacado":false,"descripcion":"","imagen":"assets/products/CA-000000054806.webp","tags":["gorro","funyi","blanco","con","flores","plumas","varios","colores"]},{"id":"CA-000000054808","nombre":"GORRO FUNYI BLANCO CON STRASS  Y FLOR DORADO x1","categoria":"Carnaval Carioca","subcategoria":"Gorros/Galeras/Capelinas/Coronas Y Turbantes","precio":5738.04,"destacado":false,"descripcion":"","imagen":"assets/products/CA-000000054808.webp","tags":["gorro","funyi","blanco","con","strass","flor","dorado"]},{"id":"CA-000000055109","nombre":"GORRO FUNYI BLANCO CON STRASS  Y FLOR NEGRO x1","categoria":"Carnaval Carioca","subcategoria":"Gorros/Galeras/Capelinas/Coronas Y Turbantes","precio":5738.04,"destacado":false,"descripcion":"","imagen":"assets/products/CA-000000055109.webp","tags":["gorro","funyi","blanco","con","strass","flor","negro"]},{"id":"CA-237187611009","nombre":"GORRO FUNYI CARIOCA MULTICOLOR IMPORTADA x12 1009","categoria":"Carnaval Carioca","subcategoria":"Gorros/Galeras/Capelinas/Coronas Y Turbantes","precio":4186.4,"destacado":false,"descripcion":"","imagen":"assets/products/CA-237187611009.webp","tags":["gorro","funyi","carioca","multicolor","importada","x12","1009"]},{"id":"CA-520155716028","nombre":"GORRO FUNYI CON BRILLO COLOR IMPORTADA x12 1392GS","categoria":"Carnaval Carioca","subcategoria":"Gorros/Galeras/Capelinas/Coronas Y Turbantes","precio":6868.8,"destacado":false,"descripcion":"","imagen":"assets/products/CA-520155716028.webp","tags":["gorro","funyi","con","brillo","color","importada","x12","1392gs"]},{"id":"CA-690202513211","nombre":"GORRO FUNYI METALIZADO DORADO/PLATEADO/NEGRO x1 DIS05-21","categoria":"Carnaval Carioca","subcategoria":"Gorros/Galeras/Capelinas/Coronas Y Turbantes","precio":2730.0,"destacado":false,"descripcion":"","imagen":"assets/products/CA-690202513211.webp","tags":["gorro","funyi","metalizado","dorado","plateado","negro","dis05"]},{"id":"CA-000000058322","nombre":"GORRO FUNYI NEGRO CON FLORES Y PLUMAS FLUO x1(varios colores)","categoria":"Carnaval Carioca","subcategoria":"Gorros/Galeras/Capelinas/Coronas Y Turbantes","precio":4320.0,"destacado":false,"descripcion":"","imagen":"assets/products/CA-000000058322.webp","tags":["gorro","funyi","negro","con","flores","plumas","fluo","varios","colores"]},{"id":"CA-779908801612","nombre":"GORRO FUNYI PANAMEÑO FLUO AMARILLO x1 GO007AM","categoria":"Carnaval Carioca","subcategoria":"Gorros/Galeras/Capelinas/Coronas Y Turbantes","precio":1457.68,"destacado":false,"descripcion":"","imagen":"assets/products/CA-779908801612.webp","tags":["gorro","funyi","panameño","fluo","amarillo","go007am"]},{"id":"CA-000000058449","nombre":"GORRO FUNYI PANAMEÑO FLUO CON LUZ VARIOS COLORES x1","categoria":"Carnaval Carioca","subcategoria":"Gorros/Galeras/Capelinas/Coronas Y Turbantes","precio":3900.0,"destacado":false,"descripcion":"","imagen":"assets/products/CA-000000058449.webp","tags":["gorro","funyi","panameño","fluo","con","luz","varios","colores"]},{"id":"CA-779908801613","nombre":"GORRO FUNYI PANAMEÑO FLUO NARANJA  x1 GO007NA","categoria":"Carnaval Carioca","subcategoria":"Gorros/Galeras/Capelinas/Coronas Y Turbantes","precio":1457.68,"destacado":false,"descripcion":"","imagen":"assets/products/CA-779908801613.webp","tags":["gorro","funyi","panameño","fluo","naranja","go007na"]},{"id":"CA-779908801625","nombre":"GORRO FUNYI PANAMEÑO FLUO ROSA x1 GO007RS","categoria":"Carnaval Carioca","subcategoria":"Gorros/Galeras/Capelinas/Coronas Y Turbantes","precio":1457.68,"destacado":false,"descripcion":"","imagen":"assets/products/CA-779908801625.webp","tags":["gorro","funyi","panameño","fluo","rosa","go007rs"]},{"id":"CA-202569900979","nombre":"GORRO FUNYI PANAMEÑO FLUO VARIOS COLORES x1 DC979","categoria":"Carnaval Carioca","subcategoria":"Gorros/Galeras/Capelinas/Coronas Y Turbantes","precio":1330.0,"destacado":false,"descripcion":"","imagen":"assets/products/CA-202569900979.webp","tags":["gorro","funyi","panameño","fluo","varios","colores","dc979"]},{"id":"CA-779908801611","nombre":"GORRO FUNYI PANAMEÑO FLUO VERDE x1 GO007VE","categoria":"Carnaval Carioca","subcategoria":"Gorros/Galeras/Capelinas/Coronas Y Turbantes","precio":1457.68,"destacado":false,"descripcion":"","imagen":"assets/products/CA-779908801611.webp","tags":["gorro","funyi","panameño","fluo","verde","go007ve"]},{"id":"CA-779908801614","nombre":"GORRO FUNYI PANAMEÑO NEGRO x1 GO007NE  PS","categoria":"Carnaval Carioca","subcategoria":"Gorros/Galeras/Capelinas/Coronas Y Turbantes","precio":1457.68,"destacado":false,"descripcion":"","imagen":"assets/products/CA-779908801614.webp","tags":["gorro","funyi","panameño","negro","go007ne"]},{"id":"CA-668247309230","nombre":"GORRO FUNYI PLASTICO FLUO COLOR IMPORTADO x12 DG9230A","categoria":"Carnaval Carioca","subcategoria":"Gorros/Galeras/Capelinas/Coronas Y Turbantes","precio":4299.79,"destacado":false,"descripcion":"","imagen":"assets/products/CA-668247309230.webp","tags":["gorro","funyi","plastico","fluo","color","importado","x12","dg9230a"]},{"id":"CA-541497001069","nombre":"GORRO FUNYI TELA PREMIUN VARIOS COLOR x1 PA1069","categoria":"Carnaval Carioca","subcategoria":"Gorros/Galeras/Capelinas/Coronas Y Turbantes","precio":3100.0,"destacado":false,"descripcion":"","imagen":"assets/products/CA-541497001069.webp","tags":["gorro","funyi","tela","premiun","varios","color","pa1069"]},{"id":"CA-541497871119","nombre":"GORRO HAWAIANO RAFIA NATURAL PRIMAVERA  x1 PA1119","categoria":"Carnaval Carioca","subcategoria":"Gorros/Galeras/Capelinas/Coronas Y Turbantes","precio":2866.5,"destacado":false,"descripcion":"","imagen":"assets/products/CA-541497871119.webp","tags":["gorro","hawaiano","rafia","natural","primavera","pa1119"]},{"id":"CA-000000054270","nombre":"GORRO MAQUINISTA GIGANTE JAMAICA ROX x1 art.333","categoria":"Carnaval Carioca","subcategoria":"Gorros/Galeras/Capelinas/Coronas Y Turbantes","precio":3375.0,"destacado":false,"descripcion":"","imagen":"assets/products/CA-000000054270.webp","tags":["gorro","maquinista","gigante","jamaica","rox","art","333"]},{"id":"CA-779814797891","nombre":"GORRO MARINERO DE TELA IMPORTADO  x1 GO 057  PS","categoria":"Carnaval Carioca","subcategoria":"Gorros/Galeras/Capelinas/Coronas Y Turbantes","precio":3164.7,"destacado":false,"descripcion":"","imagen":"assets/products/CA-779814797891.webp","tags":["gorro","marinero","tela","importado","057"]},{"id":"CA-690186412509","nombre":"GORRO MARINERO x1  MM125-09","categoria":"Carnaval Carioca","subcategoria":"Gorros/Galeras/Capelinas/Coronas Y Turbantes","precio":3418.62,"destacado":false,"descripcion":"","imagen":"assets/products/CA-690186412509.webp","tags":["gorro","marinero","mm125"]},{"id":"CA-541497891090","nombre":"GORRO MEXICANO RAFIA BORDE MULTICOLOR 45cm x1 PA1090","categoria":"Carnaval Carioca","subcategoria":"Gorros/Galeras/Capelinas/Coronas Y Turbantes","precio":9737.45,"destacado":false,"descripcion":"","imagen":"assets/products/CA-541497891090.webp","tags":["gorro","mexicano","rafia","borde","multicolor","45cm","pa1090"]},{"id":"CA-888813269152","nombre":"GORRO MEXICANO RAFIA MULTICOLOR  x1   MM164-01","categoria":"Carnaval Carioca","subcategoria":"Gorros/Galeras/Capelinas/Coronas Y Turbantes","precio":4773.96,"destacado":false,"descripcion":"","imagen":"assets/products/CA-888813269152.webp","tags":["gorro","mexicano","rafia","multicolor","mm164"]},{"id":"CA-697046135001","nombre":"GORRO MEXICANO RAFIA MULTICOLOR  x1  MM164-01","categoria":"Carnaval Carioca","subcategoria":"Gorros/Galeras/Capelinas/Coronas Y Turbantes","precio":4773.96,"destacado":false,"descripcion":"","imagen":"assets/products/CA-697046135001.webp","tags":["gorro","mexicano","rafia","multicolor","mm164"]},{"id":"CA-690186410312","nombre":"GORRO MOSQUETERO x1 MM103-12","categoria":"Carnaval Carioca","subcategoria":"Gorros/Galeras/Capelinas/Coronas Y Turbantes","precio":5104.84,"destacado":false,"descripcion":"","imagen":"assets/products/CA-690186410312.webp","tags":["gorro","mosquetero","mm103"]},{"id":"CA-779814797932","nombre":"GORRO MOTOQUERO x1 GO099  PS","categoria":"Carnaval Carioca","subcategoria":"Gorros/Galeras/Capelinas/Coronas Y Turbantes","precio":5537.54,"destacado":false,"descripcion":"","imagen":"assets/products/CA-779814797932.webp","tags":["gorro","motoquero","go099"]},{"id":"CA-202560000536","nombre":"GORRO PAISANO / JUDIO x1 FP0536","categoria":"Carnaval Carioca","subcategoria":"Gorros/Galeras/Capelinas/Coronas Y Turbantes","precio":2972.34,"destacado":false,"descripcion":"","imagen":"assets/products/CA-202560000536.webp","tags":["gorro","paisano","judio","fp0536"]}]}