{"category_slug":"carnaval_carioca","subcategory_slug":"gorros_galeras_capelinas_coronas_y_turbantes","page":2,"page_size":48,"total":285,"items":[{"id":"CA-000000055247","nombre":"GALERA BAJA FLUO BICOLOR  CON FLECOS MURGUERO x1 723","categoria":"Carnaval Carioca","subcategoria":"Gorros/Galeras/Capelinas/Coronas Y Turbantes","precio":4185.0,"destacado":false,"descripcion":"","imagen":"assets/products/CA-000000055247.webp","tags":["galera","baja","fluo","bicolor","con","flecos","murguero","723"]},{"id":"CA-000000055246","nombre":"GALERA BAJA FLUO CON FLECOS MURGUERO x1 725","categoria":"Carnaval Carioca","subcategoria":"Gorros/Galeras/Capelinas/Coronas Y Turbantes","precio":4185.0,"destacado":false,"descripcion":"","imagen":"assets/products/CA-000000055246.webp","tags":["galera","baja","fluo","con","flecos","murguero","725"]},{"id":"CA-000000043699","nombre":"GALERA CHICA BOUCLE CON HEBILLA  x1 JL 565 (colores surtidos)","categoria":"Carnaval Carioca","subcategoria":"Gorros/Galeras/Capelinas/Coronas Y Turbantes","precio":4826.25,"destacado":false,"descripcion":"","imagen":"assets/products/CA-000000043699.webp","tags":["galera","chica","boucle","con","hebilla","565","colores","surtidos"]},{"id":"CA-000000057733","nombre":"GALERA CHICA ESTAMPADO CON FLORES x1","categoria":"Carnaval Carioca","subcategoria":"Gorros/Galeras/Capelinas/Coronas Y Turbantes","precio":2106.0,"destacado":false,"descripcion":"","imagen":"assets/products/CA-000000057733.webp","tags":["galera","chica","estampado","con","flores"]},{"id":"CA-520155889102","nombre":"GALERA CON BRILLO MULTICOLOR FLUO IMPORTADO x12u 1492GF","categoria":"Carnaval Carioca","subcategoria":"Gorros/Galeras/Capelinas/Coronas Y Turbantes","precio":12389.76,"destacado":false,"descripcion":"NUEVO 19/12/2025","imagen":"assets/products/CA-520155889102.webp","tags":["galera","con","brillo","multicolor","fluo","importado","x12u","1492gf"]},{"id":"CA-000000014322","nombre":"GALERA CON CENTRO FLOR MULTICOLOR METAL x1 JL 543","categoria":"Carnaval Carioca","subcategoria":"Gorros/Galeras/Capelinas/Coronas Y Turbantes","precio":4380.75,"destacado":false,"descripcion":"","imagen":"assets/products/CA-000000014322.webp","tags":["galera","con","centro","flor","multicolor","metal","543"]},{"id":"CA-000000040225","nombre":"GALERA CON CINTA FLUO x5 ROX 294","categoria":"Carnaval Carioca","subcategoria":"Gorros/Galeras/Capelinas/Coronas Y Turbantes","precio":8209.74,"destacado":false,"descripcion":"","imagen":"assets/products/CA-000000040225.webp","tags":["galera","con","cinta","fluo","rox","294"]},{"id":"CA-000000043275","nombre":"GALERA CON MOÑO x1 808","categoria":"Carnaval Carioca","subcategoria":"Gorros/Galeras/Capelinas/Coronas Y Turbantes","precio":2732.4,"destacado":false,"descripcion":"","imagen":"assets/products/CA-000000043275.webp","tags":["galera","con","moño","808"]},{"id":"CA-000000043277","nombre":"GALERA CUADRADA FLUO x5 241","categoria":"Carnaval Carioca","subcategoria":"Gorros/Galeras/Capelinas/Coronas Y Turbantes","precio":9659.6,"destacado":false,"descripcion":"","imagen":"assets/products/CA-000000043277.webp","tags":["galera","cuadrada","fluo","241"]},{"id":"CA-000000058537","nombre":"GALERA ECONOMICA BLANCA x1 Art 1011","categoria":"Carnaval Carioca","subcategoria":"Gorros/Galeras/Capelinas/Coronas Y Turbantes","precio":8775.0,"destacado":false,"descripcion":"","imagen":"assets/products/CA-000000058537.webp","tags":["galera","economica","blanca","art","1011"]},{"id":"CA-000000058538","nombre":"GALERA ECONOMICA NEGRA x1 Art 1011","categoria":"Carnaval Carioca","subcategoria":"Gorros/Galeras/Capelinas/Coronas Y Turbantes","precio":8775.0,"destacado":false,"descripcion":"","imagen":"assets/products/CA-000000058538.webp","tags":["galera","economica","negra","art","1011"]},{"id":"CA-000000035124","nombre":"GALERA ESPECIAL PLAY BOY JERSEY ROX 270","categoria":"Carnaval Carioca","subcategoria":"Gorros/Galeras/Capelinas/Coronas Y Turbantes","precio":4968.0,"destacado":false,"descripcion":"","imagen":"assets/products/CA-000000035124.webp","tags":["galera","especial","play","boy","jersey","rox","270"]},{"id":"CA-000000055848","nombre":"GALERA ESTAMPADA METAL CON LUZ x1 Art 313","categoria":"Carnaval Carioca","subcategoria":"Gorros/Galeras/Capelinas/Coronas Y Turbantes","precio":18900.0,"destacado":false,"descripcion":"","imagen":"assets/products/CA-000000055848.webp","tags":["galera","estampada","metal","con","luz","art","313"]},{"id":"CA-000000046276","nombre":"GALERA FLUO CON FLOR JERSEY ROX x1 art.300","categoria":"Carnaval Carioca","subcategoria":"Gorros/Galeras/Capelinas/Coronas Y Turbantes","precio":3510.0,"destacado":false,"descripcion":"","imagen":"assets/products/CA-000000046276.webp","tags":["galera","fluo","con","flor","jersey","rox","art","300"]},{"id":"CA-000000054963","nombre":"GALERA FLUO ESTAMPADA CON FRASES x6 ALE","categoria":"Carnaval Carioca","subcategoria":"Gorros/Galeras/Capelinas/Coronas Y Turbantes","precio":12960.0,"destacado":false,"descripcion":"","imagen":"assets/products/CA-000000054963.webp","tags":["galera","fluo","estampada","con","frases","ale"]},{"id":"CA-000000041715","nombre":"GALERA FLUO LISA COLOR  x1 443","categoria":"Carnaval Carioca","subcategoria":"Gorros/Galeras/Capelinas/Coronas Y Turbantes","precio":4618.35,"destacado":false,"descripcion":"","imagen":"assets/products/CA-000000041715.webp","tags":["galera","fluo","lisa","color","443"]},{"id":"CA-000000052666","nombre":"GALERA FLUO OJITOS x1 332","categoria":"Carnaval Carioca","subcategoria":"Gorros/Galeras/Capelinas/Coronas Y Turbantes","precio":2895.75,"destacado":false,"descripcion":"","imagen":"assets/products/CA-000000052666.webp","tags":["galera","fluo","ojitos","332"]},{"id":"CA-000000057732","nombre":"GALERA GRANDE ESTAMPADO CON FLORES x1","categoria":"Carnaval Carioca","subcategoria":"Gorros/Galeras/Capelinas/Coronas Y Turbantes","precio":2673.0,"destacado":false,"descripcion":"","imagen":"assets/products/CA-000000057732.webp","tags":["galera","grande","estampado","con","flores"]},{"id":"CA-000000010163","nombre":"GALERA HEXAGONAL CON BORLAS FLUO JLx1 351(Varias combinaciones)","categoria":"Carnaval Carioca","subcategoria":"Gorros/Galeras/Capelinas/Coronas Y Turbantes","precio":5697.0,"destacado":false,"descripcion":"","imagen":"assets/products/CA-000000010163.webp","tags":["galera","hexagonal","con","borlas","fluo","jlx1","351","varias","combinaciones"]},{"id":"CA-000000010801","nombre":"GALERA HEXAGONAL CON BORLAS PLATEADA/NEGRO JLx1 360","categoria":"Carnaval Carioca","subcategoria":"Gorros/Galeras/Capelinas/Coronas Y Turbantes","precio":6372.0,"destacado":false,"descripcion":"","imagen":"assets/products/CA-000000010801.webp","tags":["galera","hexagonal","con","borlas","plateada","negro","jlx1","360"]},{"id":"CA-000000027699","nombre":"GALERA HEXAGONAL FLUO FLOR MULTICOLOR JL x1 523","categoria":"Carnaval Carioca","subcategoria":"Gorros/Galeras/Capelinas/Coronas Y Turbantes","precio":3982.5,"destacado":false,"descripcion":"","imagen":"assets/products/CA-000000027699.webp","tags":["galera","hexagonal","fluo","flor","multicolor","523"]},{"id":"CA-000000035230","nombre":"GALERA HEXAGONAL HOLOGRAFICO TECHO HEXAGONAL  COLOR JL x1 590","categoria":"Carnaval Carioca","subcategoria":"Gorros/Galeras/Capelinas/Coronas Y Turbantes","precio":4202.55,"destacado":false,"descripcion":"","imagen":"assets/products/CA-000000035230.webp","tags":["galera","hexagonal","holografico","techo","hexagonal","color","590"]},{"id":"CA-000000041400","nombre":"GALERA HEXAGONAL METAL LUJO COLOR JL x1 551","categoria":"Carnaval Carioca","subcategoria":"Gorros/Galeras/Capelinas/Coronas Y Turbantes","precio":4380.75,"destacado":false,"descripcion":"","imagen":"assets/products/CA-000000041400.webp","tags":["galera","hexagonal","metal","lujo","color","551"]},{"id":"CA-000000055669","nombre":"GALERA HEXAGONAL SAN PATRICIO TECHO HEXAGONAL JL x1 530","categoria":"Carnaval Carioca","subcategoria":"Gorros/Galeras/Capelinas/Coronas Y Turbantes","precio":3618.0,"destacado":false,"descripcion":"","imagen":"assets/products/CA-000000055669.webp","tags":["galera","hexagonal","san","patricio","techo","hexagonal","530"]},{"id":"CA-000000058346","nombre":"GALERA HIPPIE CON LUZ  x1 Art 440","categoria":"Carnaval Carioca","subcategoria":"Gorros/Galeras/Capelinas/Coronas Y Turbantes","precio":16875.0,"destacado":false,"descripcion":"","imagen":"assets/products/CA-000000058346.webp","tags":["galera","hippie","con","luz","art","440"]},{"id":"CA-000000055506","nombre":"GALERA LUNARES CON LUZ x1 Art 283","categoria":"Carnaval Carioca","subcategoria":"Gorros/Galeras/Capelinas/Coronas Y Turbantes","precio":16875.0,"destacado":false,"descripcion":"","imagen":"assets/products/CA-000000055506.webp","tags":["galera","lunares","con","luz","art","283"]},{"id":"CA-000000058110","nombre":"GALERA LV CON LUZ x1 Art 443","categoria":"Carnaval Carioca","subcategoria":"Gorros/Galeras/Capelinas/Coronas Y Turbantes","precio":17280.0,"destacado":false,"descripcion":"","imagen":"assets/products/CA-000000058110.webp","tags":["galera","con","luz","art","443"]},{"id":"CA-527155770348","nombre":"GALERA MAGO CABALLERO NEGRA DE GAMUZAx6 1490F/M348","categoria":"Carnaval Carioca","subcategoria":"Gorros/Galeras/Capelinas/Coronas Y Turbantes","precio":4979.88,"destacado":false,"descripcion":"","imagen":"assets/products/CA-527155770348.webp","tags":["galera","mago","caballero","negra","gamuzax6","1490f","m348"]},{"id":"CA-000000057551","nombre":"GALERA MEDIANA CON FLOR MULTICOLOR x1 336","categoria":"Carnaval Carioca","subcategoria":"Gorros/Galeras/Capelinas/Coronas Y Turbantes","precio":3510.0,"destacado":false,"descripcion":"","imagen":"assets/products/CA-000000057551.webp","tags":["galera","mediana","con","flor","multicolor","336"]},{"id":"CA-000000049572","nombre":"GALERA METAL ARCO IRIS CON FLOR x1 475  (colores surtidos)","categoria":"Carnaval Carioca","subcategoria":"Gorros/Galeras/Capelinas/Coronas Y Turbantes","precio":6210.0,"destacado":false,"descripcion":"","imagen":"assets/products/CA-000000049572.webp","tags":["galera","metal","arco","iris","con","flor","475","colores","surtidos"]},{"id":"CA-000000049571","nombre":"GALERA METAL ARCO IRIS CON MOÑO x1 476  (colores surtidos)","categoria":"Carnaval Carioca","subcategoria":"Gorros/Galeras/Capelinas/Coronas Y Turbantes","precio":6210.0,"destacado":false,"descripcion":"","imagen":"assets/products/CA-000000049571.webp","tags":["galera","metal","arco","iris","con","moño","476","colores","surtidos"]},{"id":"CA-000000036945","nombre":"GALERA METAL COLOR LUJO  x1 JL 420","categoria":"Carnaval Carioca","subcategoria":"Gorros/Galeras/Capelinas/Coronas Y Turbantes","precio":5359.5,"destacado":false,"descripcion":"","imagen":"assets/products/CA-000000036945.webp","tags":["galera","metal","color","lujo","420"]},{"id":"CA-000000050257","nombre":"GALERA METAL VARIOS COLORES x1 RM","categoria":"Carnaval Carioca","subcategoria":"Gorros/Galeras/Capelinas/Coronas Y Turbantes","precio":4550.0,"destacado":false,"descripcion":"","imagen":"assets/products/CA-000000050257.webp","tags":["galera","metal","varios","colores"]},{"id":"CA-202562000531","nombre":"GALERA METALIZADA DORADA x1 FP0531-02","categoria":"Carnaval Carioca","subcategoria":"Gorros/Galeras/Capelinas/Coronas Y Turbantes","precio":3682.35,"destacado":false,"descripcion":"","imagen":"assets/products/CA-202562000531.webp","tags":["galera","metalizada","dorada","fp0531"]},{"id":"CA-000000058568","nombre":"GALERA METALIZADA HEXAGONAL VARIOS COLORES  x1 ALE","categoria":"Carnaval Carioca","subcategoria":"Gorros/Galeras/Capelinas/Coronas Y Turbantes","precio":4320.0,"destacado":false,"descripcion":"","imagen":"assets/products/CA-000000058568.webp","tags":["galera","metalizada","hexagonal","varios","colores","ale"]},{"id":"CA-202560000531","nombre":"GALERA METALIZADA PLATA x1 FP0531-01","categoria":"Carnaval Carioca","subcategoria":"Gorros/Galeras/Capelinas/Coronas Y Turbantes","precio":3682.35,"destacado":false,"descripcion":"","imagen":"assets/products/CA-202560000531.webp","tags":["galera","metalizada","plata","fp0531"]},{"id":"CA-000000058562","nombre":"GALERA METALIZADA REDONDA VARIOS COLORES  x1 ALE","categoria":"Carnaval Carioca","subcategoria":"Gorros/Galeras/Capelinas/Coronas Y Turbantes","precio":4320.0,"destacado":false,"descripcion":"","imagen":"assets/products/CA-000000058562.webp","tags":["galera","metalizada","redonda","varios","colores","ale"]},{"id":"CA-000000027892","nombre":"GALERA MOÑO FLUO LISA JL x1 449","categoria":"Carnaval Carioca","subcategoria":"Gorros/Galeras/Capelinas/Coronas Y Turbantes","precio":4846.5,"destacado":false,"descripcion":"","imagen":"assets/products/CA-000000027892.webp","tags":["galera","moño","fluo","lisa","449"]},{"id":"CA-000000053639","nombre":"GALERA MULTICOLOR CON FLOR ROX x1 art.334","categoria":"Carnaval Carioca","subcategoria":"Gorros/Galeras/Capelinas/Coronas Y Turbantes","precio":3105.0,"destacado":false,"descripcion":"","imagen":"assets/products/CA-000000053639.webp","tags":["galera","multicolor","con","flor","rox","art","334"]},{"id":"CA-000000040224","nombre":"GALERA MULTICOLOR FLUO HORIZONTAL x5 ROX284","categoria":"Carnaval Carioca","subcategoria":"Gorros/Galeras/Capelinas/Coronas Y Turbantes","precio":8209.74,"destacado":false,"descripcion":"","imagen":"assets/products/CA-000000040224.webp","tags":["galera","multicolor","fluo","horizontal","rox284"]},{"id":"CA-000000040223","nombre":"GALERA MULTICOLOR FLUO VERTICAL x5 ROX223","categoria":"Carnaval Carioca","subcategoria":"Gorros/Galeras/Capelinas/Coronas Y Turbantes","precio":8209.74,"destacado":false,"descripcion":"","imagen":"assets/products/CA-000000040223.webp","tags":["galera","multicolor","fluo","vertical","rox223"]},{"id":"CA-541497890157","nombre":"GALERA NEGRA CON STRASS x1 PA0157-01","categoria":"Carnaval Carioca","subcategoria":"Gorros/Galeras/Capelinas/Coronas Y Turbantes","precio":4966.41,"destacado":false,"descripcion":"","imagen":"assets/products/CA-541497890157.webp","tags":["galera","negra","con","strass","pa0157"]},{"id":"CA-000000051310","nombre":"GALERA RIVER CON ESTRELLAS  JERSEY 22cm ROX x1 art.328","categoria":"Carnaval Carioca","subcategoria":"Gorros/Galeras/Capelinas/Coronas Y Turbantes","precio":2695.95,"destacado":false,"descripcion":"","imagen":"assets/products/CA-000000051310.webp","tags":["galera","river","con","estrellas","jersey","22cm","rox","art","328"]},{"id":"CA-000000055566","nombre":"GALERA SAN PATRICIO JERSEY 10cm ROX x1","categoria":"Carnaval Carioca","subcategoria":"Gorros/Galeras/Capelinas/Coronas Y Turbantes","precio":1890.0,"destacado":false,"descripcion":"","imagen":"assets/products/CA-000000055566.webp","tags":["galera","san","patricio","jersey","10cm","rox"]},{"id":"CA-000000055567","nombre":"GALERA SAN PATRICIO JERSEY 20cm ROX x1","categoria":"Carnaval Carioca","subcategoria":"Gorros/Galeras/Capelinas/Coronas Y Turbantes","precio":2565.0,"destacado":false,"descripcion":"","imagen":"assets/products/CA-000000055567.webp","tags":["galera","san","patricio","jersey","20cm","rox"]},{"id":"CA-000000047368","nombre":"GALERON ACETATO NEGRO CON MOÑO ARCO IRIS x1 1100","categoria":"Carnaval Carioca","subcategoria":"Gorros/Galeras/Capelinas/Coronas Y Turbantes","precio":7560.0,"destacado":false,"descripcion":"","imagen":"assets/products/CA-000000047368.webp","tags":["galeron","acetato","negro","con","moño","arco","iris","1100"]},{"id":"CA-000000047436","nombre":"GALERON ACETATO NEGRO CON MOÑO ORO/PLATA x1 1101","categoria":"Carnaval Carioca","subcategoria":"Gorros/Galeras/Capelinas/Coronas Y Turbantes","precio":7155.0,"destacado":false,"descripcion":"","imagen":"assets/products/CA-000000047436.webp","tags":["galeron","acetato","negro","con","moño","oro","plata","1101"]},{"id":"CA-000000055509","nombre":"GALERON ALTO CON LUZ  x1 Art 290","categoria":"Carnaval Carioca","subcategoria":"Gorros/Galeras/Capelinas/Coronas Y Turbantes","precio":16875.0,"destacado":false,"descripcion":"","imagen":"assets/products/CA-000000055509.webp","tags":["galeron","alto","con","luz","art","290"]}]}