{"category_slug":"carnaval_carioca","subcategory_slug":"gorros_galeras_capelinas_coronas_y_turbantes","page":6,"page_size":48,"total":285,"items":[{"id":"CA-202560001314","nombre":"GORRO PANAMEÑO TEJIDO BEIGE PREMIUN  x1 FP1314-01","categoria":"Carnaval Carioca","subcategoria":"Gorros/Galeras/Capelinas/Coronas Y Turbantes","precio":5380.2,"destacado":false,"descripcion":"","imagen":"assets/products/CA-202560001314.webp","tags":["gorro","panameño","tejido","beige","premiun","fp1314"]},{"id":"CA-202560201314","nombre":"GORRO PANAMEÑO TEJIDO ROSA PREMIUN  x1 FP1314-02","categoria":"Carnaval Carioca","subcategoria":"Gorros/Galeras/Capelinas/Coronas Y Turbantes","precio":5380.2,"destacado":false,"descripcion":"","imagen":"assets/products/CA-202560201314.webp","tags":["gorro","panameño","tejido","rosa","premiun","fp1314"]},{"id":"CA-202560001287","nombre":"GORRO PANAMEÑO TEJIDO VARIOS COLORES PREMIUN  x1 FP1287","categoria":"Carnaval Carioca","subcategoria":"Gorros/Galeras/Capelinas/Coronas Y Turbantes","precio":5380.2,"destacado":false,"descripcion":"","imagen":"assets/products/CA-202560001287.webp","tags":["gorro","panameño","tejido","varios","colores","premiun","fp1287"]},{"id":"CA-000000054156","nombre":"GORRO PAPA NOEL  X 12","categoria":"Carnaval Carioca","subcategoria":"Gorros/Galeras/Capelinas/Coronas Y Turbantes","precio":18720.0,"destacado":false,"descripcion":"","imagen":"assets/products/CA-000000054156.webp","tags":["gorro","papa","noel"]},{"id":"CA-668232315001","nombre":"GORRO PAPA NOEL DE PAÑO x20 YW5001","categoria":"Carnaval Carioca","subcategoria":"Gorros/Galeras/Capelinas/Coronas Y Turbantes","precio":6184.5,"destacado":false,"descripcion":"","imagen":"assets/products/CA-668232315001.webp","tags":["gorro","papa","noel","paño","x20","yw5001"]},{"id":"CA-779908804807","nombre":"GORRO PILUSO AMARILLO FLUO LISO x1 GO206AM  PS","categoria":"Carnaval Carioca","subcategoria":"Gorros/Galeras/Capelinas/Coronas Y Turbantes","precio":1836.49,"destacado":false,"descripcion":"","imagen":"assets/products/CA-779908804807.webp","tags":["gorro","piluso","amarillo","fluo","liso","go206am"]},{"id":"CA-779908804806","nombre":"GORRO PILUSO NARANJA FLUO LISO x1 GO206NA  PS","categoria":"Carnaval Carioca","subcategoria":"Gorros/Galeras/Capelinas/Coronas Y Turbantes","precio":1836.49,"destacado":false,"descripcion":"","imagen":"assets/products/CA-779908804806.webp","tags":["gorro","piluso","naranja","fluo","liso","go206na"]},{"id":"CA-779908804802","nombre":"GORRO PILUSO NEGRO LISO x1 GO205NG  PS","categoria":"Carnaval Carioca","subcategoria":"Gorros/Galeras/Capelinas/Coronas Y Turbantes","precio":1836.49,"destacado":false,"descripcion":"","imagen":"assets/products/CA-779908804802.webp","tags":["gorro","piluso","negro","liso","go205ng"]},{"id":"CA-680123416810","nombre":"GORRO PILUSO REVERSIBLE FLUO VARIOS COLORES x1 MM168-10","categoria":"Carnaval Carioca","subcategoria":"Gorros/Galeras/Capelinas/Coronas Y Turbantes","precio":2597.28,"destacado":false,"descripcion":"","imagen":"assets/products/CA-680123416810.webp","tags":["gorro","piluso","reversible","fluo","varios","colores","mm168"]},{"id":"CA-779908804805","nombre":"GORRO PILUSO ROSA FLUO LISO x1 GO206RS  PS","categoria":"Carnaval Carioca","subcategoria":"Gorros/Galeras/Capelinas/Coronas Y Turbantes","precio":1836.49,"destacado":false,"descripcion":"","imagen":"assets/products/CA-779908804805.webp","tags":["gorro","piluso","rosa","fluo","liso","go206rs"]},{"id":"CA-541497891058","nombre":"GORRO PILUSO TELA HOLOGRAFICA VARIOS COLORESx1 PA1058--02","categoria":"Carnaval Carioca","subcategoria":"Gorros/Galeras/Capelinas/Coronas Y Turbantes","precio":5371.11,"destacado":false,"descripcion":"","imagen":"assets/products/CA-541497891058.webp","tags":["gorro","piluso","tela","holografica","varios","coloresx1","pa1058"]},{"id":"CA-779908804804","nombre":"GORRO PILUSO VERDE FLUO LISO x1 GO206VE  PS","categoria":"Carnaval Carioca","subcategoria":"Gorros/Galeras/Capelinas/Coronas Y Turbantes","precio":1836.49,"destacado":false,"descripcion":"","imagen":"assets/products/CA-779908804804.webp","tags":["gorro","piluso","verde","fluo","liso","go206ve"]},{"id":"CA-803410700558","nombre":"GORRO PIRATA  IMPORTADO GRANDE x1 YJ0685","categoria":"Carnaval Carioca","subcategoria":"Gorros/Galeras/Capelinas/Coronas Y Turbantes","precio":1701.0,"destacado":false,"descripcion":"","imagen":"assets/products/CA-803410700558.webp","tags":["gorro","pirata","importado","grande","yj0685"]},{"id":"CA-803410700555","nombre":"GORRO PIRATA SIMIL CUERO x1 YJ0682","categoria":"Carnaval Carioca","subcategoria":"Gorros/Galeras/Capelinas/Coronas Y Turbantes","precio":4009.5,"destacado":false,"descripcion":"","imagen":"assets/products/CA-803410700555.webp","tags":["gorro","pirata","simil","cuero","yj0682"]},{"id":"CA-541497891107","nombre":"GORRO PLAYERO TEJIDO MULTICOLOR x1 PA1107","categoria":"Carnaval Carioca","subcategoria":"Gorros/Galeras/Capelinas/Coronas Y Turbantes","precio":4942.66,"destacado":false,"descripcion":"","imagen":"assets/products/CA-541497891107.webp","tags":["gorro","playero","tejido","multicolor","pa1107"]},{"id":"CA-691864134291","nombre":"GORRO POLICIA  x1 MM134-29","categoria":"Carnaval Carioca","subcategoria":"Gorros/Galeras/Capelinas/Coronas Y Turbantes","precio":4835.5,"destacado":false,"descripcion":"","imagen":"assets/products/CA-691864134291.webp","tags":["gorro","policia","mm134"]},{"id":"CA-237187601041","nombre":"GORRO POLICIA x6 1041","categoria":"Carnaval Carioca","subcategoria":"Gorros/Galeras/Capelinas/Coronas Y Turbantes","precio":3949.07,"destacado":false,"descripcion":"","imagen":"assets/products/CA-237187601041.webp","tags":["gorro","policia","1041"]},{"id":"CA-237187601404","nombre":"GORRO SHERIFF / COWBOY NEGRO x6 1404","categoria":"Carnaval Carioca","subcategoria":"Gorros/Galeras/Capelinas/Coronas Y Turbantes","precio":5378.56,"destacado":false,"descripcion":"","imagen":"assets/products/CA-237187601404.webp","tags":["gorro","sheriff","cowboy","negro","1404"]},{"id":"CA-202560000533","nombre":"GORRO SHERIFF CORDON DORADO x1 FP0533","categoria":"Carnaval Carioca","subcategoria":"Gorros/Galeras/Capelinas/Coronas Y Turbantes","precio":3885.21,"destacado":false,"descripcion":"","imagen":"assets/products/CA-202560000533.webp","tags":["gorro","sheriff","cordon","dorado","fp0533"]},{"id":"CA-692924192223","nombre":"GORRO SHERIFF PAÑO MARRON x1 YW19-222B","categoria":"Carnaval Carioca","subcategoria":"Gorros/Galeras/Capelinas/Coronas Y Turbantes","precio":3316.88,"destacado":false,"descripcion":"","imagen":"assets/products/CA-692924192223.webp","tags":["gorro","sheriff","paño","marron","yw19","222b"]},{"id":"CA-692924192224","nombre":"GORRO SHERIFF PAÑO NEGRO x1 YW19-222A","categoria":"Carnaval Carioca","subcategoria":"Gorros/Galeras/Capelinas/Coronas Y Turbantes","precio":3316.88,"destacado":false,"descripcion":"","imagen":"assets/products/CA-692924192224.webp","tags":["gorro","sheriff","paño","negro","yw19","222a"]},{"id":"CA-237187601403","nombre":"GORRO SHERIFF/COWBOY WOODY x6 1403","categoria":"Carnaval Carioca","subcategoria":"Gorros/Galeras/Capelinas/Coronas Y Turbantes","precio":5378.56,"destacado":false,"descripcion":"","imagen":"assets/products/CA-237187601403.webp","tags":["gorro","sheriff","cowboy","woody","1403"]},{"id":"CA-779814797875","nombre":"GORRO SOMBRERERO CON PELO  x1 GO041  PS","categoria":"Carnaval Carioca","subcategoria":"Gorros/Galeras/Capelinas/Coronas Y Turbantes","precio":11268.25,"destacado":false,"descripcion":"","imagen":"assets/products/CA-779814797875.webp","tags":["gorro","sombrerero","con","pelo","go041"]},{"id":"CA-000000057552","nombre":"GORRO SOMBRERERO CON PLUMAS x1 533","categoria":"Carnaval Carioca","subcategoria":"Gorros/Galeras/Capelinas/Coronas Y Turbantes","precio":4590.0,"destacado":false,"descripcion":"","imagen":"assets/products/CA-000000057552.webp","tags":["gorro","sombrerero","con","plumas","533"]},{"id":"CA-000000003893","nombre":"GORRO ZORRO ECONOMICOx12 (GZ)","categoria":"Carnaval Carioca","subcategoria":"Gorros/Galeras/Capelinas/Coronas Y Turbantes","precio":6453.09,"destacado":false,"descripcion":"","imagen":"assets/products/CA-000000003893.webp","tags":["gorro","zorro","economicox12"]},{"id":"CA-000000058108","nombre":"TURBANTE BOCA LUJO CON COLA  x1 art445","categoria":"Carnaval Carioca","subcategoria":"Gorros/Galeras/Capelinas/Coronas Y Turbantes","precio":12015.0,"destacado":false,"descripcion":"","imagen":"assets/products/CA-000000058108.webp","tags":["turbante","boca","lujo","con","cola","art445"]},{"id":"CA-000000055537","nombre":"TURBANTE FLUO x1 art308","categoria":"Carnaval Carioca","subcategoria":"Gorros/Galeras/Capelinas/Coronas Y Turbantes","precio":10125.0,"destacado":false,"descripcion":"","imagen":"assets/products/CA-000000055537.webp","tags":["turbante","fluo","art308"]},{"id":"CA-000000055505","nombre":"TURBANTE LUJO x1 Art 294","categoria":"Carnaval Carioca","subcategoria":"Gorros/Galeras/Capelinas/Coronas Y Turbantes","precio":10125.0,"destacado":false,"descripcion":"","imagen":"assets/products/CA-000000055505.webp","tags":["turbante","lujo","art","294"]},{"id":"CA-000000058109","nombre":"TURBANTE RIVER LUJO CON COLA  x1 art444","categoria":"Carnaval Carioca","subcategoria":"Gorros/Galeras/Capelinas/Coronas Y Turbantes","precio":12015.0,"destacado":false,"descripcion":"","imagen":"assets/products/CA-000000058109.webp","tags":["turbante","river","lujo","con","cola","art444"]},{"id":"CA-541497891098","nombre":"VISERA DE TELA COLOR PREMIUN x1 PA1098","categoria":"Carnaval Carioca","subcategoria":"Gorros/Galeras/Capelinas/Coronas Y Turbantes","precio":1638.0,"destacado":false,"descripcion":"","imagen":"assets/products/CA-541497891098.webp","tags":["visera","tela","color","premiun","pa1098"]},{"id":"CA-541497001063","nombre":"VISERA DE TELA METALIZADA VARIOS COLORES x1 PA1063","categoria":"Carnaval Carioca","subcategoria":"Gorros/Galeras/Capelinas/Coronas Y Turbantes","precio":2900.0,"destacado":false,"descripcion":"","imagen":"assets/products/CA-541497001063.webp","tags":["visera","tela","metalizada","varios","colores","pa1063"]},{"id":"CA-682550152008","nombre":"VISERA RETRO AMARILLO x1 MM197-01AM","categoria":"Carnaval Carioca","subcategoria":"Gorros/Galeras/Capelinas/Coronas Y Turbantes","precio":1866.69,"destacado":false,"descripcion":"","imagen":"assets/products/CA-682550152008.webp","tags":["visera","retro","amarillo","mm197","01am"]},{"id":"CA-682550152001","nombre":"VISERA RETRO AZUL  x1 MM197-01AZ","categoria":"Carnaval Carioca","subcategoria":"Gorros/Galeras/Capelinas/Coronas Y Turbantes","precio":1866.69,"destacado":false,"descripcion":"","imagen":"assets/products/CA-682550152001.webp","tags":["visera","retro","azul","mm197","01az"]},{"id":"CA-682550152009","nombre":"VISERA RETRO BLANCA x1 MM197-01B","categoria":"Carnaval Carioca","subcategoria":"Gorros/Galeras/Capelinas/Coronas Y Turbantes","precio":1866.69,"destacado":false,"descripcion":"","imagen":"assets/products/CA-682550152009.webp","tags":["visera","retro","blanca","mm197","01b"]},{"id":"CA-682550152002","nombre":"VISERA RETRO CELESTE  x1 MM197-01C","categoria":"Carnaval Carioca","subcategoria":"Gorros/Galeras/Capelinas/Coronas Y Turbantes","precio":1866.69,"destacado":false,"descripcion":"","imagen":"assets/products/CA-682550152002.webp","tags":["visera","retro","celeste","mm197","01c"]},{"id":"CA-682550152003","nombre":"VISERA RETRO FUCSIA x1 MM197-01F","categoria":"Carnaval Carioca","subcategoria":"Gorros/Galeras/Capelinas/Coronas Y Turbantes","precio":1866.69,"destacado":false,"descripcion":"","imagen":"assets/products/CA-682550152003.webp","tags":["visera","retro","fucsia","mm197","01f"]},{"id":"CA-682550152011","nombre":"VISERA RETRO NARANJA x1 MM197-01N","categoria":"Carnaval Carioca","subcategoria":"Gorros/Galeras/Capelinas/Coronas Y Turbantes","precio":1866.69,"destacado":false,"descripcion":"","imagen":"assets/products/CA-682550152011.webp","tags":["visera","retro","naranja","mm197","01n"]},{"id":"CA-682550152010","nombre":"VISERA RETRO NEGRO x1 MM197-01N","categoria":"Carnaval Carioca","subcategoria":"Gorros/Galeras/Capelinas/Coronas Y Turbantes","precio":1866.69,"destacado":false,"descripcion":"","imagen":"assets/products/CA-682550152010.webp","tags":["visera","retro","negro","mm197","01n"]},{"id":"CA-682550152004","nombre":"VISERA RETRO ROJO x1 MM197-01RJ","categoria":"Carnaval Carioca","subcategoria":"Gorros/Galeras/Capelinas/Coronas Y Turbantes","precio":1866.69,"destacado":false,"descripcion":"","imagen":"assets/products/CA-682550152004.webp","tags":["visera","retro","rojo","mm197","01rj"]},{"id":"CA-682550152012","nombre":"VISERA RETRO ROSA x1 MM197-01R","categoria":"Carnaval Carioca","subcategoria":"Gorros/Galeras/Capelinas/Coronas Y Turbantes","precio":1866.69,"destacado":false,"descripcion":"","imagen":"assets/products/CA-682550152012.webp","tags":["visera","retro","rosa","mm197","01r"]},{"id":"CA-682550152005","nombre":"VISERA RETRO TRANSPARENTE x1 MM197-01TR","categoria":"Carnaval Carioca","subcategoria":"Gorros/Galeras/Capelinas/Coronas Y Turbantes","precio":1866.69,"destacado":false,"descripcion":"","imagen":"assets/products/CA-682550152005.webp","tags":["visera","retro","transparente","mm197","01tr"]},{"id":"CA-230606190001","nombre":"VISERA RETRO VARIOS COLORES x1 MM197-01","categoria":"Carnaval Carioca","subcategoria":"Gorros/Galeras/Capelinas/Coronas Y Turbantes","precio":1866.69,"destacado":false,"descripcion":"","imagen":"assets/products/CA-230606190001.webp","tags":["visera","retro","varios","colores","mm197"]},{"id":"CA-682550152006","nombre":"VISERA RETRO VERDE x1 MM197-01VE","categoria":"Carnaval Carioca","subcategoria":"Gorros/Galeras/Capelinas/Coronas Y Turbantes","precio":1866.69,"destacado":false,"descripcion":"","imagen":"assets/products/CA-682550152006.webp","tags":["visera","retro","verde","mm197","01ve"]},{"id":"CA-682550152007","nombre":"VISERA RETRO VIOLETA x1 MM197-01V","categoria":"Carnaval Carioca","subcategoria":"Gorros/Galeras/Capelinas/Coronas Y Turbantes","precio":1866.69,"destacado":false,"descripcion":"","imagen":"assets/products/CA-682550152007.webp","tags":["visera","retro","violeta","mm197","01v"]},{"id":"CA-000000055050","nombre":"VISERA TELA FLUO FRASES SURTIDAS x6 ALE","categoria":"Carnaval Carioca","subcategoria":"Gorros/Galeras/Capelinas/Coronas Y Turbantes","precio":8910.0,"destacado":false,"descripcion":"","imagen":"assets/products/CA-000000055050.webp","tags":["visera","tela","fluo","frases","surtidas","ale"]}]}