{"category_slug":"cotillon","subcategory_slug":"alas_y_set_de_alas","page":1,"page_size":48,"total":46,"items":[{"id":"CA-202580010549","nombre":"ABANICO DE PLUMAS FRASE BRIDE  x1 DC549-01","categoria":"Cotillon","subcategoria":"Alas Y Set De Alas","precio":7708.25,"destacado":false,"descripcion":"","imagen":"assets/products/CA-202580010549.webp","tags":["abanico","plumas","frase","bride","dc549"]},{"id":"CA-202580020549","nombre":"ABANICO DE PLUMAS FRASE SEXY  x1 DC549-02","categoria":"Cotillon","subcategoria":"Alas Y Set De Alas","precio":7708.25,"destacado":false,"descripcion":"","imagen":"assets/products/CA-202580020549.webp","tags":["abanico","plumas","frase","sexy","dc549"]},{"id":"CA-202580000273","nombre":"ALA ABEJITA X1 FP273-02","categoria":"Cotillon","subcategoria":"Alas Y Set De Alas","precio":2054.0,"destacado":false,"descripcion":"","imagen":"assets/products/CA-202580000273.webp","tags":["ala","abejita","fp273"]},{"id":"CA-759636265964","nombre":"ALA MARIPOSA ROBOT TORNASOL CON LUZ LED/MOVIMIENTO/MUSICA  x1 HS500","categoria":"Cotillon","subcategoria":"Alas Y Set De Alas","precio":31458.0,"destacado":false,"descripcion":"","imagen":"assets/products/CA-759636265964.webp","tags":["ala","mariposa","robot","tornasol","con","luz","led","movimiento","musica","hs500"]},{"id":"CA-202580010273","nombre":"ALA VAQUITA SAN ANTONIO X1 FP273-01","categoria":"Cotillon","subcategoria":"Alas Y Set De Alas","precio":2054.0,"destacado":false,"descripcion":"","imagen":"assets/products/CA-202580010273.webp","tags":["ala","vaquita","san","antonio","fp273"]},{"id":"CA-772099911461","nombre":"ALAS ANGEL BLANCA CON BRILLO  x1 LB461","categoria":"Cotillon","subcategoria":"Alas Y Set De Alas","precio":1852.2,"destacado":false,"descripcion":"","imagen":"assets/products/CA-772099911461.webp","tags":["alas","angel","blanca","con","brillo","lb461"]},{"id":"CA-697872014197","nombre":"ALAS ANGEL BLANCA CON PLUMA Y  BRILLO x1  MM38-13B","categoria":"Cotillon","subcategoria":"Alas Y Set De Alas","precio":4367.94,"destacado":false,"descripcion":"","imagen":"assets/products/CA-697872014197.webp","tags":["alas","angel","blanca","con","pluma","brillo","mm38","13b"]},{"id":"CA-692018040801","nombre":"ALAS ANGEL CHICA BLANCA CON PLUMAS x1  MM38-15B","categoria":"Cotillon","subcategoria":"Alas Y Set De Alas","precio":4181.91,"destacado":false,"descripcion":"","imagen":"assets/products/CA-692018040801.webp","tags":["alas","angel","chica","blanca","con","plumas","mm38","15b"]},{"id":"CA-772099911462","nombre":"ALAS ANGEL NEGRA CON BRILLO  x1 LB462","categoria":"Cotillon","subcategoria":"Alas Y Set De Alas","precio":1852.2,"destacado":false,"descripcion":"","imagen":"assets/products/CA-772099911462.webp","tags":["alas","angel","negra","con","brillo","lb462"]},{"id":"CA-779908804149","nombre":"ALAS DE HADA TINKERBELL x1 AC656  PS","categoria":"Cotillon","subcategoria":"Alas Y Set De Alas","precio":1870.05,"destacado":false,"descripcion":"","imagen":"assets/products/CA-779908804149.webp","tags":["alas","hada","tinkerbell","ac656"]},{"id":"CA-520155707121","nombre":"ALAS MARIPOSA  BRILLO/LENTEJUELA Y TULL x1 A121 (Varios colores)","categoria":"Cotillon","subcategoria":"Alas Y Set De Alas","precio":3846.32,"destacado":false,"descripcion":"","imagen":"assets/products/CA-520155707121.webp","tags":["alas","mariposa","brillo","lentejuela","tull","a121","varios","colores"]},{"id":"CA-202580000869","nombre":"ALAS MARIPOSA TULL CON LUZ VARIOS MODELOS  x1 FP869","categoria":"Cotillon","subcategoria":"Alas Y Set De Alas","precio":5778.0,"destacado":false,"descripcion":"","imagen":"assets/products/CA-202580000869.webp","tags":["alas","mariposa","tull","con","luz","varios","modelos","fp869"]},{"id":"CA-202598000376","nombre":"SET ABEJITA 2 PIEZAS (ALA Y VINCHA) DC376","categoria":"Cotillon","subcategoria":"Alas Y Set De Alas","precio":2127.2,"destacado":false,"descripcion":"","imagen":"assets/products/CA-202598000376.webp","tags":["set","abejita","piezas","ala","vincha","dc376"]},{"id":"CA-202580000295","nombre":"SET ABEJITA 2 PIEZAS DELUXE (ALA TUTU) FP295-02","categoria":"Cotillon","subcategoria":"Alas Y Set De Alas","precio":7195.89,"destacado":false,"descripcion":"","imagen":"assets/products/CA-202580000295.webp","tags":["set","abejita","piezas","deluxe","ala","tutu","fp295"]},{"id":"CA-202569900375","nombre":"SET ABEJITA 3 PIEZAS (VINCHA TUTU ALA)  x1DC375-01","categoria":"Cotillon","subcategoria":"Alas Y Set De Alas","precio":5032.09,"destacado":false,"descripcion":"","imagen":"assets/products/CA-202569900375.webp","tags":["set","abejita","piezas","vincha","tutu","ala","x1dc375"]},{"id":"CA-202598000375","nombre":"SET ABEJITA 3 PIEZAS (VINCHA TUTU ALA) x1 DC375-01","categoria":"Cotillon","subcategoria":"Alas Y Set De Alas","precio":5032.09,"destacado":false,"descripcion":"","imagen":"assets/products/CA-202598000375.webp","tags":["set","abejita","piezas","vincha","tutu","ala","dc375"]},{"id":"CA-202560000288","nombre":"SET ALA ABEJITA CON VINCHA/VARITAx1 FP0288-01","categoria":"Cotillon","subcategoria":"Alas Y Set De Alas","precio":3064.95,"destacado":false,"descripcion":"","imagen":"assets/products/CA-202560000288.webp","tags":["set","ala","abejita","con","vincha","varitax1","fp0288"]},{"id":"CA-520555070235","nombre":"SET ALA ABEJITA CON VINCHA/VARITAx1 W235","categoria":"Cotillon","subcategoria":"Alas Y Set De Alas","precio":3064.95,"destacado":false,"descripcion":"* (18/12/2025)","imagen":"assets/products/CA-520555070235.webp","tags":["set","ala","abejita","con","vincha","varitax1","w235"]},{"id":"CA-632991121681","nombre":"SET ALA Y POLLERA TORNASOL VARIOS COLORES x1 1681A","categoria":"Cotillon","subcategoria":"Alas Y Set De Alas","precio":2934.4,"destacado":false,"descripcion":"","imagen":"assets/products/CA-632991121681.webp","tags":["set","ala","pollera","tornasol","varios","colores","1681a"]},{"id":"CA-679749910355","nombre":"SET DE HADA TINKERBELL (vincha/ala/tutu/vincha) x1 CHB245","categoria":"Cotillon","subcategoria":"Alas Y Set De Alas","precio":9315.0,"destacado":false,"descripcion":"* (19/12/2025)","imagen":"assets/products/CA-679749910355.webp","tags":["set","hada","tinkerbell","vincha","ala","tutu","vincha","chb245"]},{"id":"CA-797398821067","nombre":"SET DE HADA TINKERBELL x1 AE067-3 (pollera-ala-varita-coronita)","categoria":"Cotillon","subcategoria":"Alas Y Set De Alas","precio":6917.3,"destacado":false,"descripcion":"","imagen":"assets/products/CA-797398821067.webp","tags":["set","hada","tinkerbell","ae067","pollera","ala","varita","coronita"]},{"id":"CA-202580000563","nombre":"SET HADA TINKERBELL (TUTU-ALA)  x1 FP563","categoria":"Cotillon","subcategoria":"Alas Y Set De Alas","precio":9547.24,"destacado":false,"descripcion":"","imagen":"assets/products/CA-202580000563.webp","tags":["set","hada","tinkerbell","tutu","ala","fp563"]},{"id":"CA-803410700602","nombre":"SET MARIPOSA (ALA, VINCHA, VARITA ) CON LUZ x1u. YJ0729","categoria":"Cotillon","subcategoria":"Alas Y Set De Alas","precio":2065.5,"destacado":false,"descripcion":"* (18/12/2025)","imagen":"assets/products/CA-803410700602.webp","tags":["set","mariposa","ala","vincha","varita","con","luz","x1u","yj0729"]},{"id":"CA-690000181001","nombre":"SET MARIPOSA 4 PIEZAS (VARITA - VINCHA - ALA - TUTU )  x1 JB1810","categoria":"Cotillon","subcategoria":"Alas Y Set De Alas","precio":6777.05,"destacado":false,"descripcion":"","imagen":"assets/products/CA-690000181001.webp","tags":["set","mariposa","piezas","varita","vincha","ala","tutu","jb1810"]},{"id":"CA-202580040511","nombre":"SET MARIPOSA 4 PIEZAS CELESTE (VARITA - VINCHA - ALA-TUTU)  x1 FP511-04","categoria":"Cotillon","subcategoria":"Alas Y Set De Alas","precio":6020.21,"destacado":false,"descripcion":"","imagen":"assets/products/CA-202580040511.webp","tags":["set","mariposa","piezas","celeste","varita","vincha","ala","tutu","fp511"]},{"id":"CA-202580020511","nombre":"SET MARIPOSA 4 PIEZAS FUXIA (VARITA - VINCHA - ALA-TUTU)  x1 FP511-02","categoria":"Cotillon","subcategoria":"Alas Y Set De Alas","precio":6020.21,"destacado":false,"descripcion":"","imagen":"assets/products/CA-202580020511.webp","tags":["set","mariposa","piezas","fuxia","varita","vincha","ala","tutu","fp511"]},{"id":"CA-202580030511","nombre":"SET MARIPOSA 4 PIEZAS LILA (VARITA - VINCHA - ALA-TUTU)  x1 FP511-03","categoria":"Cotillon","subcategoria":"Alas Y Set De Alas","precio":6020.21,"destacado":false,"descripcion":"","imagen":"assets/products/CA-202580030511.webp","tags":["set","mariposa","piezas","lila","varita","vincha","ala","tutu","fp511"]},{"id":"CA-202580000511","nombre":"SET MARIPOSA 4 PIEZAS ROSA (VARITA - VINCHA - ALA-TUTU)  x1 FP511-01","categoria":"Cotillon","subcategoria":"Alas Y Set De Alas","precio":6020.21,"destacado":false,"descripcion":"","imagen":"assets/products/CA-202580000511.webp","tags":["set","mariposa","piezas","rosa","varita","vincha","ala","tutu","fp511"]},{"id":"CA-202580000278","nombre":"SET MARIPOSA ARCOIRIS ( VINCHA-VARITA-TUTU-ALA) 4pcs x1 FP278","categoria":"Cotillon","subcategoria":"Alas Y Set De Alas","precio":7195.89,"destacado":false,"descripcion":"","imagen":"assets/products/CA-202580000278.webp","tags":["set","mariposa","arcoiris","vincha","varita","tutu","ala","4pcs","fp278"]},{"id":"CA-541497890134","nombre":"SET MARIPOSA BLANCA (VARITA - VINCHA - ALA)  x1 PA0134-01","categoria":"Cotillon","subcategoria":"Alas Y Set De Alas","precio":1710.14,"destacado":false,"descripcion":"","imagen":"assets/products/CA-541497890134.webp","tags":["set","mariposa","blanca","varita","vincha","ala","pa0134"]},{"id":"CA-541497891240","nombre":"SET MARIPOSA CELESTE (VARITA - VINCHA - ALA)  x1 PA0240-02","categoria":"Cotillon","subcategoria":"Alas Y Set De Alas","precio":1710.14,"destacado":false,"descripcion":"","imagen":"assets/products/CA-541497891240.webp","tags":["set","mariposa","celeste","varita","vincha","ala","pa0240"]},{"id":"CA-541497892134","nombre":"SET MARIPOSA FUCSIA (VARITA - VINCHA - ALA)  x1 PA0134-03","categoria":"Cotillon","subcategoria":"Alas Y Set De Alas","precio":1710.14,"destacado":false,"descripcion":"","imagen":"assets/products/CA-541497892134.webp","tags":["set","mariposa","fucsia","varita","vincha","ala","pa0134"]},{"id":"CA-541497893134","nombre":"SET MARIPOSA LILA (VARITA - VINCHA - ALA)  x1 PA0134-04","categoria":"Cotillon","subcategoria":"Alas Y Set De Alas","precio":1710.14,"destacado":false,"descripcion":"","imagen":"assets/products/CA-541497893134.webp","tags":["set","mariposa","lila","varita","vincha","ala","pa0134"]},{"id":"CA-697865425380","nombre":"SET MARIPOSA MULTICOLOR (ALA, VINCHA, VARITA) x1u MM38-05","categoria":"Cotillon","subcategoria":"Alas Y Set De Alas","precio":3155.95,"destacado":false,"descripcion":"","imagen":"assets/products/CA-697865425380.webp","tags":["set","mariposa","multicolor","ala","vincha","varita","x1u","mm38"]},{"id":"CA-202580000506","nombre":"SET MARIPOSA MULTICOLOR 3 PIEZAS (VINCHA-TUTU-VARITA)  x1 FP506","categoria":"Cotillon","subcategoria":"Alas Y Set De Alas","precio":6756.72,"destacado":false,"descripcion":"","imagen":"assets/products/CA-202580000506.webp","tags":["set","mariposa","multicolor","piezas","vincha","tutu","varita","fp506"]},{"id":"CA-541497891134","nombre":"SET MARIPOSA ROSA (VARITA - VINCHA - ALA)  x1 PA0134-02","categoria":"Cotillon","subcategoria":"Alas Y Set De Alas","precio":1710.14,"destacado":false,"descripcion":"","imagen":"assets/products/CA-541497891134.webp","tags":["set","mariposa","rosa","varita","vincha","ala","pa0134"]},{"id":"CA-202580000272","nombre":"SET PRINCESA DELUXE ROSA - CELESTE - MULTICOLOR (CAPA-VINCHA-VARITA) x1 FP272","categoria":"Cotillon","subcategoria":"Alas Y Set De Alas","precio":9176.69,"destacado":false,"descripcion":"","imagen":"assets/products/CA-202580000272.webp","tags":["set","princesa","deluxe","rosa","celeste","multicolor","capa","vincha","varita","fp272"]},{"id":"CA-202580020568","nombre":"SET TUTU AMARILLO Y VINCHA CON FLORES x1 FP568-02","categoria":"Cotillon","subcategoria":"Alas Y Set De Alas","precio":5507.85,"destacado":false,"descripcion":"","imagen":"assets/products/CA-202580020568.webp","tags":["set","tutu","amarillo","vincha","con","flores","fp568"]},{"id":"CA-202580000568","nombre":"SET TUTU ROSA Y VINCHA CON FLORESx1 FP568-01","categoria":"Cotillon","subcategoria":"Alas Y Set De Alas","precio":5507.85,"destacado":false,"descripcion":"","imagen":"assets/products/CA-202580000568.webp","tags":["set","tutu","rosa","vincha","con","floresx1","fp568"]},{"id":"CA-202580030568","nombre":"SET TUTU VERDE Y VINCHA CON FLORES x1 FP568-03","categoria":"Cotillon","subcategoria":"Alas Y Set De Alas","precio":5507.85,"destacado":false,"descripcion":"","imagen":"assets/products/CA-202580030568.webp","tags":["set","tutu","verde","vincha","con","flores","fp568"]},{"id":"CA-202580020295","nombre":"SET VAQUITA SAN ANTONIO (ALA TUTU) x1 FP295-01","categoria":"Cotillon","subcategoria":"Alas Y Set De Alas","precio":7195.89,"destacado":false,"descripcion":"","imagen":"assets/products/CA-202580020295.webp","tags":["set","vaquita","san","antonio","ala","tutu","fp295"]},{"id":"CA-202562000288","nombre":"SET VAQUITA SAN ANTONIO 3 PIEZAS (VINCHA-VARITA-ALAS) x1 FP0288-02","categoria":"Cotillon","subcategoria":"Alas Y Set De Alas","precio":3064.95,"destacado":false,"descripcion":"","imagen":"assets/products/CA-202562000288.webp","tags":["set","vaquita","san","antonio","piezas","vincha","varita","alas","fp0288"]},{"id":"CA-695925102760","nombre":"SET VAQUITA SAN ANTONIO 3 PIEZAS (VINCHA-VARITA-ALAS) x1 ILC2510-276","categoria":"Cotillon","subcategoria":"Alas Y Set De Alas","precio":3850.4,"destacado":false,"descripcion":"","imagen":"assets/products/CA-695925102760.webp","tags":["set","vaquita","san","antonio","piezas","vincha","varita","alas","ilc2510","276"]},{"id":"CA-202569920375","nombre":"SET VAQUITA SAN ANTONIO 3 PIEZAS x1  DC375-02","categoria":"Cotillon","subcategoria":"Alas Y Set De Alas","precio":5032.09,"destacado":false,"descripcion":"","imagen":"assets/products/CA-202569920375.webp","tags":["set","vaquita","san","antonio","piezas","dc375"]},{"id":"CA-202598010375","nombre":"SET VAQUITA SAN ANTONIO 3 PIEZAS x1 DC375-02","categoria":"Cotillon","subcategoria":"Alas Y Set De Alas","precio":5032.09,"destacado":false,"descripcion":"","imagen":"assets/products/CA-202598010375.webp","tags":["set","vaquita","san","antonio","piezas","dc375"]},{"id":"CA-695925102750","nombre":"SET VAQUITA SAN ANTONIO 4 PIEZAS (VINCHA-VARITA-ALAS-POLLERA) x1 ILC2510-275","categoria":"Cotillon","subcategoria":"Alas Y Set De Alas","precio":6411.02,"destacado":false,"descripcion":"","imagen":"assets/products/CA-695925102750.webp","tags":["set","vaquita","san","antonio","piezas","vincha","varita","alas","pollera","ilc2510","275"]}]}