{"category_slug":"cotillon","subcategory_slug":"disfraces_oficiales_nena","page":1,"page_size":48,"total":49,"items":[{"id":"CA-779837770196","nombre":"DISFRAZ HINCHA ARGENTINA NENA T0x1 2003 (3-4años)","categoria":"Cotillon","subcategoria":"Disfraces Oficiales Nena","precio":15000.0,"destacado":false,"descripcion":"","imagen":"assets/products/CA-779837770196.webp","tags":["disfraz","hincha","argentina","nena","t0x1","2003","4años"]},{"id":"CA-779837770198","nombre":"DISFRAZ HINCHA ARGENTINA NENA T2x1 2005 (7-8años)","categoria":"Cotillon","subcategoria":"Disfraces Oficiales Nena","precio":15000.0,"destacado":false,"descripcion":"","imagen":"assets/products/CA-779837770198.webp","tags":["disfraz","hincha","argentina","nena","t2x1","2005","8años"]},{"id":"CA-779824079621","nombre":"DISFRAZ OFICIAL ECONOMICO BELLA DURMIENTE T0 x1 8248 (3-4años)","categoria":"Cotillon","subcategoria":"Disfraces Oficiales Nena","precio":13825.28,"destacado":false,"descripcion":"","imagen":"assets/products/CA-779824079621.webp","tags":["disfraz","oficial","economico","bella","durmiente","8248","4años"]},{"id":"CA-779824079622","nombre":"DISFRAZ OFICIAL ECONOMICO BELLA DURMIENTE T1 x1 8249 (5-6años)","categoria":"Cotillon","subcategoria":"Disfraces Oficiales Nena","precio":13825.28,"destacado":false,"descripcion":"","imagen":"assets/products/CA-779824079622.webp","tags":["disfraz","oficial","economico","bella","durmiente","8249","6años"]},{"id":"CA-779824079623","nombre":"DISFRAZ OFICIAL ECONOMICO BELLA DURMIENTE T2 x1 8250 (7-8años)","categoria":"Cotillon","subcategoria":"Disfraces Oficiales Nena","precio":13825.28,"destacado":false,"descripcion":"","imagen":"assets/products/CA-779824079623.webp","tags":["disfraz","oficial","economico","bella","durmiente","8250","8años"]},{"id":"CA-779824079612","nombre":"DISFRAZ OFICIAL ECONOMICO BLANCANIEVES T0 x1 8239 (3-4años)","categoria":"Cotillon","subcategoria":"Disfraces Oficiales Nena","precio":13825.28,"destacado":false,"descripcion":"","imagen":"assets/products/CA-779824079612.webp","tags":["disfraz","oficial","economico","blancanieves","8239","4años"]},{"id":"CA-779824079613","nombre":"DISFRAZ OFICIAL ECONOMICO BLANCANIEVES T1 x1 8240 (5-6años)","categoria":"Cotillon","subcategoria":"Disfraces Oficiales Nena","precio":13825.28,"destacado":false,"descripcion":"","imagen":"assets/products/CA-779824079613.webp","tags":["disfraz","oficial","economico","blancanieves","8240","6años"]},{"id":"CA-779824079614","nombre":"DISFRAZ OFICIAL ECONOMICO BLANCANIEVES T2 x1 8241 (7-8años)","categoria":"Cotillon","subcategoria":"Disfraces Oficiales Nena","precio":13825.28,"destacado":false,"descripcion":"","imagen":"assets/products/CA-779824079614.webp","tags":["disfraz","oficial","economico","blancanieves","8241","8años"]},{"id":"CA-779824079618","nombre":"DISFRAZ OFICIAL ECONOMICO CENICIENTA T0x1 8245 (3-4años)","categoria":"Cotillon","subcategoria":"Disfraces Oficiales Nena","precio":13825.28,"destacado":false,"descripcion":"","imagen":"assets/products/CA-779824079618.webp","tags":["disfraz","oficial","economico","cenicienta","t0x1","8245","4años"]},{"id":"CA-779824079619","nombre":"DISFRAZ OFICIAL ECONOMICO CENICIENTA T1x1 8246 (5-6años)","categoria":"Cotillon","subcategoria":"Disfraces Oficiales Nena","precio":13825.28,"destacado":false,"descripcion":"","imagen":"assets/products/CA-779824079619.webp","tags":["disfraz","oficial","economico","cenicienta","t1x1","8246","6años"]},{"id":"CA-779824079620","nombre":"DISFRAZ OFICIAL ECONOMICO CENICIENTA T2x1 8247 (7-8años)","categoria":"Cotillon","subcategoria":"Disfraces Oficiales Nena","precio":13825.28,"destacado":false,"descripcion":"","imagen":"assets/products/CA-779824079620.webp","tags":["disfraz","oficial","economico","cenicienta","t2x1","8247","8años"]},{"id":"CA-779824079603","nombre":"DISFRAZ OFICIAL ECONOMICO FROZEN ELSA T0 x1 8221 (3-4años)","categoria":"Cotillon","subcategoria":"Disfraces Oficiales Nena","precio":13825.28,"destacado":false,"descripcion":"","imagen":"assets/products/CA-779824079603.webp","tags":["disfraz","oficial","economico","frozen","elsa","8221","4años"]},{"id":"CA-779824079604","nombre":"DISFRAZ OFICIAL ECONOMICO FROZEN ELSA T1 x1 8222 (5-6años)","categoria":"Cotillon","subcategoria":"Disfraces Oficiales Nena","precio":13825.28,"destacado":false,"descripcion":"","imagen":"assets/products/CA-779824079604.webp","tags":["disfraz","oficial","economico","frozen","elsa","8222","6años"]},{"id":"CA-779824079605","nombre":"DISFRAZ OFICIAL ECONOMICO FROZEN ELSA T2 x1 8223 (7a8años)","categoria":"Cotillon","subcategoria":"Disfraces Oficiales Nena","precio":13825.28,"destacado":false,"descripcion":"","imagen":"assets/products/CA-779824079605.webp","tags":["disfraz","oficial","economico","frozen","elsa","8223","7a8años"]},{"id":"CA-779824079615","nombre":"DISFRAZ OFICIAL ECONOMICO LA BELLA T0 x1 8242 (3-4años)","categoria":"Cotillon","subcategoria":"Disfraces Oficiales Nena","precio":13825.28,"destacado":false,"descripcion":"","imagen":"assets/products/CA-779824079615.webp","tags":["disfraz","oficial","economico","bella","8242","4años"]},{"id":"CA-779824079616","nombre":"DISFRAZ OFICIAL ECONOMICO LA BELLA T1 x1 8243 (5-6años)","categoria":"Cotillon","subcategoria":"Disfraces Oficiales Nena","precio":13825.28,"destacado":false,"descripcion":"","imagen":"assets/products/CA-779824079616.webp","tags":["disfraz","oficial","economico","bella","8243","6años"]},{"id":"CA-779824079617","nombre":"DISFRAZ OFICIAL ECONOMICO LA BELLA T2 x1 8244 (7-8años)","categoria":"Cotillon","subcategoria":"Disfraces Oficiales Nena","precio":13825.28,"destacado":false,"descripcion":"","imagen":"assets/products/CA-779824079617.webp","tags":["disfraz","oficial","economico","bella","8244","8años"]},{"id":"CA-779824079624","nombre":"DISFRAZ OFICIAL ECONOMICO RAPUNZEL T0 x1 8251 (3-4años)","categoria":"Cotillon","subcategoria":"Disfraces Oficiales Nena","precio":13825.28,"destacado":false,"descripcion":"","imagen":"assets/products/CA-779824079624.webp","tags":["disfraz","oficial","economico","rapunzel","8251","4años"]},{"id":"CA-779824079625","nombre":"DISFRAZ OFICIAL ECONOMICO RAPUNZEL T1 x1 8252 (5-6años)","categoria":"Cotillon","subcategoria":"Disfraces Oficiales Nena","precio":13825.28,"destacado":false,"descripcion":"","imagen":"assets/products/CA-779824079625.webp","tags":["disfraz","oficial","economico","rapunzel","8252","6años"]},{"id":"CA-779824079626","nombre":"DISFRAZ OFICIAL ECONOMICO RAPUNZEL T2 x1 8253 (7-8años)","categoria":"Cotillon","subcategoria":"Disfraces Oficiales Nena","precio":13825.28,"destacado":false,"descripcion":"","imagen":"assets/products/CA-779824079626.webp","tags":["disfraz","oficial","economico","rapunzel","8253","8años"]},{"id":"CA-779837770128","nombre":"DISFRAZ OFICIAL ECONOMICO SONIC T0x1117 1 (3-4años)","categoria":"Cotillon","subcategoria":"Disfraces Oficiales Nena","precio":13825.28,"destacado":false,"descripcion":"","imagen":"assets/products/CA-779837770128.webp","tags":["disfraz","oficial","economico","sonic","t0x1117","4años"]},{"id":"CA-779837770129","nombre":"DISFRAZ OFICIAL ECONOMICO SONIC T1 x 1118 (5-6años)","categoria":"Cotillon","subcategoria":"Disfraces Oficiales Nena","precio":13825.28,"destacado":false,"descripcion":"","imagen":"assets/products/CA-779837770129.webp","tags":["disfraz","oficial","economico","sonic","1118","6años"]},{"id":"CA-779837770130","nombre":"DISFRAZ OFICIAL ECONOMICO SONIC T2 x 1119 (7-8años)","categoria":"Cotillon","subcategoria":"Disfraces Oficiales Nena","precio":13825.28,"destacado":false,"descripcion":"","imagen":"assets/products/CA-779837770130.webp","tags":["disfraz","oficial","economico","sonic","1119","8años"]},{"id":"CA-779837770059","nombre":"DISFRAZ OFICIAL ENCANTO ISABELA T0x1 1201 (3-4años)","categoria":"Cotillon","subcategoria":"Disfraces Oficiales Nena","precio":15000.0,"destacado":false,"descripcion":"","imagen":"assets/products/CA-779837770059.webp","tags":["disfraz","oficial","encanto","isabela","t0x1","1201","4años"]},{"id":"CA-779824079838","nombre":"DISFRAZ OFICIAL FROZEN 2 ELSA ESPECIAL T0 x1 1013 (3-4años)","categoria":"Cotillon","subcategoria":"Disfraces Oficiales Nena","precio":21115.01,"destacado":false,"descripcion":"","imagen":"assets/products/CA-779824079838.webp","tags":["disfraz","oficial","frozen","elsa","especial","1013","4años"]},{"id":"CA-779824079839","nombre":"DISFRAZ OFICIAL FROZEN 2 ELSA ESPECIAL T1 x1 1014 (5-6años)","categoria":"Cotillon","subcategoria":"Disfraces Oficiales Nena","precio":21115.01,"destacado":false,"descripcion":"","imagen":"assets/products/CA-779824079839.webp","tags":["disfraz","oficial","frozen","elsa","especial","1014","6años"]},{"id":"CA-779824079840","nombre":"DISFRAZ OFICIAL FROZEN 2 ELSA ESPECIAL T2 x1 1015 (7-8años)","categoria":"Cotillon","subcategoria":"Disfraces Oficiales Nena","precio":21115.01,"destacado":false,"descripcion":"","imagen":"assets/products/CA-779824079840.webp","tags":["disfraz","oficial","frozen","elsa","especial","1015","8años"]},{"id":"CA-779837770284","nombre":"DISFRAZ OFICIAL LILO T0x1  (3-4años) 1190","categoria":"Cotillon","subcategoria":"Disfraces Oficiales Nena","precio":21115.01,"destacado":false,"descripcion":"","imagen":"assets/products/CA-779837770284.webp","tags":["disfraz","oficial","lilo","t0x1","4años","1190"]},{"id":"CA-779837770285","nombre":"DISFRAZ OFICIAL LILO T1x1  (5-6años) 1191","categoria":"Cotillon","subcategoria":"Disfraces Oficiales Nena","precio":21115.01,"destacado":false,"descripcion":"","imagen":"assets/products/CA-779837770285.webp","tags":["disfraz","oficial","lilo","t1x1","6años","1191"]},{"id":"CA-779837770286","nombre":"DISFRAZ OFICIAL LILO T2x1  (7-8años) 1192","categoria":"Cotillon","subcategoria":"Disfraces Oficiales Nena","precio":21115.01,"destacado":false,"descripcion":"","imagen":"assets/products/CA-779837770286.webp","tags":["disfraz","oficial","lilo","t2x1","8años","1192"]},{"id":"CA-779814781661","nombre":"DISFRAZ OFICIAL MASHA Y EL OSO CANDELA T0 x1","categoria":"Cotillon","subcategoria":"Disfraces Oficiales Nena","precio":11946.49,"destacado":false,"descripcion":"","imagen":"assets/products/CA-779814781661.webp","tags":["disfraz","oficial","masha","oso","candela"]},{"id":"CA-779814781662","nombre":"DISFRAZ OFICIAL MASHA Y EL OSO CANDELA T1 x1","categoria":"Cotillon","subcategoria":"Disfraces Oficiales Nena","precio":11946.49,"destacado":false,"descripcion":"","imagen":"assets/products/CA-779814781662.webp","tags":["disfraz","oficial","masha","oso","candela"]},{"id":"CA-779814781663","nombre":"DISFRAZ OFICIAL MASHA Y EL OSO CANDELA T2 x1","categoria":"Cotillon","subcategoria":"Disfraces Oficiales Nena","precio":11946.49,"destacado":false,"descripcion":"","imagen":"assets/products/CA-779814781663.webp","tags":["disfraz","oficial","masha","oso","candela"]},{"id":"CA-779824079136","nombre":"DISFRAZ OFICIAL MINNIE ROSA T0 x1 2178 (3-4años)","categoria":"Cotillon","subcategoria":"Disfraces Oficiales Nena","precio":21115.0,"destacado":false,"descripcion":"","imagen":"assets/products/CA-779824079136.webp","tags":["disfraz","oficial","minnie","rosa","2178","4años"]},{"id":"CA-779824079137","nombre":"DISFRAZ OFICIAL MINNIE ROSA T1 x1 2179 (5-6años)","categoria":"Cotillon","subcategoria":"Disfraces Oficiales Nena","precio":21115.0,"destacado":false,"descripcion":"","imagen":"assets/products/CA-779824079137.webp","tags":["disfraz","oficial","minnie","rosa","2179","6años"]},{"id":"CA-779824079138","nombre":"DISFRAZ OFICIAL MINNIE ROSAT2 x1 2180 (7-8años)","categoria":"Cotillon","subcategoria":"Disfraces Oficiales Nena","precio":21115.0,"destacado":false,"descripcion":"","imagen":"assets/products/CA-779824079138.webp","tags":["disfraz","oficial","minnie","rosat2","2180","8años"]},{"id":"CA-779837770209","nombre":"DISFRAZ OFICIAL MOANA 2 T0x1  (3-4años)","categoria":"Cotillon","subcategoria":"Disfraces Oficiales Nena","precio":21115.0,"destacado":false,"descripcion":"","imagen":"assets/products/CA-779837770209.webp","tags":["disfraz","oficial","moana","t0x1","4años"]},{"id":"CA-779837770210","nombre":"DISFRAZ OFICIAL MOANA 2 T1x1  (5-6años)","categoria":"Cotillon","subcategoria":"Disfraces Oficiales Nena","precio":21115.0,"destacado":false,"descripcion":"","imagen":"assets/products/CA-779837770210.webp","tags":["disfraz","oficial","moana","t1x1","6años"]},{"id":"CA-779837770211","nombre":"DISFRAZ OFICIAL MOANA 2 T2x1 (7-8años) 1155","categoria":"Cotillon","subcategoria":"Disfraces Oficiales Nena","precio":21115.0,"destacado":false,"descripcion":"","imagen":"assets/products/CA-779837770211.webp","tags":["disfraz","oficial","moana","t2x1","8años","1155"]},{"id":"CA-779800258667","nombre":"DISFRAZ OFICIAL MUJER MARAVILLA T1 (1668-1) x1","categoria":"Cotillon","subcategoria":"Disfraces Oficiales Nena","precio":21060.0,"destacado":false,"descripcion":"","imagen":"assets/products/CA-779800258667.webp","tags":["disfraz","oficial","mujer","maravilla","1668"]},{"id":"CA-779800258668","nombre":"DISFRAZ OFICIAL MUJER MARAVILLA T2 (1668-2) x1","categoria":"Cotillon","subcategoria":"Disfraces Oficiales Nena","precio":21060.0,"destacado":false,"descripcion":"","imagen":"assets/products/CA-779800258668.webp","tags":["disfraz","oficial","mujer","maravilla","1668"]},{"id":"CA-779800258669","nombre":"DISFRAZ OFICIAL MUJER MARAVILLA T3 (1668-3) x1","categoria":"Cotillon","subcategoria":"Disfraces Oficiales Nena","precio":21060.0,"destacado":false,"descripcion":"","imagen":"assets/products/CA-779800258669.webp","tags":["disfraz","oficial","mujer","maravilla","1668"]},{"id":"CA-779837770132","nombre":"DISFRAZ OFICIAL SIRENITA T0x1 1123 (3-4años)","categoria":"Cotillon","subcategoria":"Disfraces Oficiales Nena","precio":21115.0,"destacado":false,"descripcion":"","imagen":"assets/products/CA-779837770132.webp","tags":["disfraz","oficial","sirenita","t0x1","1123","4años"]},{"id":"CA-779837770133","nombre":"DISFRAZ OFICIAL SIRENITA T1x1 1124 (5-6años)","categoria":"Cotillon","subcategoria":"Disfraces Oficiales Nena","precio":21115.0,"destacado":false,"descripcion":"","imagen":"assets/products/CA-779837770133.webp","tags":["disfraz","oficial","sirenita","t1x1","1124","6años"]},{"id":"CA-779837770134","nombre":"DISFRAZ OFICIAL SIRENITA T2x1 1125 (7-8años)","categoria":"Cotillon","subcategoria":"Disfraces Oficiales Nena","precio":21115.0,"destacado":false,"descripcion":"","imagen":"assets/products/CA-779837770134.webp","tags":["disfraz","oficial","sirenita","t2x1","1125","8años"]},{"id":"CA-779837770278","nombre":"DISFRAZ OFICIAL STITCH ESPECIAL T0 x1 1184 (3-4 AÑOS)","categoria":"Cotillon","subcategoria":"Disfraces Oficiales Nena","precio":26393.78,"destacado":false,"descripcion":"","imagen":"assets/products/CA-779837770278.webp","tags":["disfraz","oficial","stitch","especial","1184","años"]},{"id":"CA-779837770279","nombre":"DISFRAZ OFICIAL STITCH ESPECIAL T1 x1 1185 (5-6 AÑOS)","categoria":"Cotillon","subcategoria":"Disfraces Oficiales Nena","precio":26393.78,"destacado":false,"descripcion":"","imagen":"assets/products/CA-779837770279.webp","tags":["disfraz","oficial","stitch","especial","1185","años"]},{"id":"CA-779837770280","nombre":"DISFRAZ OFICIAL STITCH ESPECIAL T2 x1 1186 (7-8 AÑOS)","categoria":"Cotillon","subcategoria":"Disfraces Oficiales Nena","precio":26393.78,"destacado":false,"descripcion":"","imagen":"assets/products/CA-779837770280.webp","tags":["disfraz","oficial","stitch","especial","1186","años"]}]}