{"category_slug":"golosinas","subcategory_slug":"chupetines","page":1,"page_size":48,"total":68,"items":[{"id":"CA-000000042872","nombre":"BASTON CARAMELO NAVIDEÑO ROJO Y BLANCO x30u HUMPI","categoria":"Golosinas","subcategoria":"Chupetines","precio":12240.0,"destacado":false,"descripcion":"","imagen":"assets/products/CA-000000042872.webp","tags":["baston","caramelo","navideño","rojo","blanco","x30u","humpi"]},{"id":"CA-000000008678","nombre":"BASTON CARAMELO NAVIDEÑO x30u HUMPI","categoria":"Golosinas","subcategoria":"Chupetines","precio":12240.0,"destacado":false,"descripcion":"","imagen":"assets/products/CA-000000008678.webp","tags":["baston","caramelo","navideño","x30u","humpi"]},{"id":"CA-000000055485","nombre":"BASTON DE CARAMELO MULTICOLOR CHICO LOCURAS x20u 705","categoria":"Golosinas","subcategoria":"Chupetines","precio":4515.81,"destacado":false,"descripcion":"","imagen":"assets/products/CA-000000055485.webp","tags":["baston","caramelo","multicolor","chico","locuras","x20u","705"]},{"id":"CA-779812995501","nombre":"BASTON DE CARAMELO MULTICOLOR GRANDE LOCURAS x12u 706","categoria":"Golosinas","subcategoria":"Chupetines","precio":4227.89,"destacado":false,"descripcion":"","imagen":"assets/products/CA-779812995501.webp","tags":["baston","caramelo","multicolor","grande","locuras","x12u","706"]},{"id":"CA-779808988011","nombre":"BASTON DE CARAMELO NAVIDEÑO LOCURAS x12u","categoria":"Golosinas","subcategoria":"Chupetines","precio":3843.54,"destacado":false,"descripcion":"","imagen":"assets/products/CA-779808988011.webp","tags":["baston","caramelo","navideño","locuras","x12u"]},{"id":"CA-000000999808","nombre":"CHUPALETA  GRANDE  Nº1 PAYSANDU  x10un","categoria":"Golosinas","subcategoria":"Chupetines","precio":2905.32,"destacado":false,"descripcion":"","imagen":"assets/products/CA-000000999808.webp","tags":["chupaleta","grande","nº1","paysandu","x10un"]},{"id":"CA-000000035538","nombre":"CHUPALETA COLOR AMARILLO x10u. HUMPI","categoria":"Golosinas","subcategoria":"Chupetines","precio":4421.25,"destacado":false,"descripcion":"","imagen":"assets/products/CA-000000035538.webp","tags":["chupaleta","color","amarillo","x10u","humpi"]},{"id":"CA-000000044831","nombre":"CHUPALETA COLOR CELESTE LOCURAS x12u","categoria":"Golosinas","subcategoria":"Chupetines","precio":3890.7,"destacado":false,"descripcion":"","imagen":"assets/products/CA-000000044831.webp","tags":["chupaleta","color","celeste","locuras","x12u"]},{"id":"CA-000000044832","nombre":"CHUPALETA COLOR FUCSIA LOCURAS x12u","categoria":"Golosinas","subcategoria":"Chupetines","precio":3890.7,"destacado":false,"descripcion":"","imagen":"assets/products/CA-000000044832.webp","tags":["chupaleta","color","fucsia","locuras","x12u"]},{"id":"CA-000000044835","nombre":"CHUPALETA COLOR ROJO LOCURAS x12un","categoria":"Golosinas","subcategoria":"Chupetines","precio":3890.7,"destacado":false,"descripcion":"","imagen":"assets/products/CA-000000044835.webp","tags":["chupaleta","color","rojo","locuras","x12un"]},{"id":"CA-000000047370","nombre":"CHUPALETA COLOR ROJO x10u. HUMPI","categoria":"Golosinas","subcategoria":"Chupetines","precio":4421.25,"destacado":false,"descripcion":"","imagen":"assets/products/CA-000000047370.webp","tags":["chupaleta","color","rojo","x10u","humpi"]},{"id":"CA-000000044834","nombre":"CHUPALETA COLOR ROSA LOCURAS x12un","categoria":"Golosinas","subcategoria":"Chupetines","precio":3890.7,"destacado":false,"descripcion":"","imagen":"assets/products/CA-000000044834.webp","tags":["chupaleta","color","rosa","locuras","x12un"]},{"id":"CA-000000035541","nombre":"CHUPALETA COLOR ROSA/ FUCSIA x10u. HUMPI","categoria":"Golosinas","subcategoria":"Chupetines","precio":4421.25,"destacado":false,"descripcion":"","imagen":"assets/products/CA-000000035541.webp","tags":["chupaleta","color","rosa","fucsia","x10u","humpi"]},{"id":"CA-000000035539","nombre":"CHUPALETA COLOR TURQUESA/CELESTE x10u. HUMPI","categoria":"Golosinas","subcategoria":"Chupetines","precio":4421.25,"destacado":false,"descripcion":"","imagen":"assets/products/CA-000000035539.webp","tags":["chupaleta","color","turquesa","celeste","x10u","humpi"]},{"id":"CA-000000047371","nombre":"CHUPALETA COLOR VERDE CLARO x10u. HUMPI","categoria":"Golosinas","subcategoria":"Chupetines","precio":4421.25,"destacado":false,"descripcion":"","imagen":"assets/products/CA-000000047371.webp","tags":["chupaleta","color","verde","claro","x10u","humpi"]},{"id":"CA-000000044836","nombre":"CHUPALETA COLOR VIOLETA LOCURAS x12un","categoria":"Golosinas","subcategoria":"Chupetines","precio":3890.7,"destacado":false,"descripcion":"","imagen":"assets/products/CA-000000044836.webp","tags":["chupaleta","color","violeta","locuras","x12un"]},{"id":"CA-000000035540","nombre":"CHUPALETA COLOR VIOLETA x10u. HUMPI","categoria":"Golosinas","subcategoria":"Chupetines","precio":4421.25,"destacado":false,"descripcion":"","imagen":"assets/products/CA-000000035540.webp","tags":["chupaleta","color","violeta","x10u","humpi"]},{"id":"CA-000000999036","nombre":"CHUPALETA CORAZON CARIOCA x10un","categoria":"Golosinas","subcategoria":"Chupetines","precio":2823.48,"destacado":false,"descripcion":"","imagen":"assets/products/CA-000000999036.webp","tags":["chupaleta","corazon","carioca","x10un"]},{"id":"CA-779812995402","nombre":"CHUPALETA CORAZON COLOR ROJO LOCURAS x12un","categoria":"Golosinas","subcategoria":"Chupetines","precio":3890.7,"destacado":false,"descripcion":"","imagen":"assets/products/CA-779812995402.webp","tags":["chupaleta","corazon","color","rojo","locuras","x12un"]},{"id":"CA-779235400409","nombre":"CHUPALETA MARENGO x350grs 12047","categoria":"Golosinas","subcategoria":"Chupetines","precio":2461.26,"destacado":false,"descripcion":"","imagen":"assets/products/CA-779235400409.webp","tags":["chupaleta","marengo","x350grs","12047"]},{"id":"CA-779812995601","nombre":"CHUPALETA MINI LOCURAS x30un","categoria":"Golosinas","subcategoria":"Chupetines","precio":3890.7,"destacado":false,"descripcion":"","imagen":"assets/products/CA-779812995601.webp","tags":["chupaleta","mini","locuras","x30un"]},{"id":"CA-779812995301","nombre":"CHUPALETA MULTICOLOR LOCURAS x12un  (401)","categoria":"Golosinas","subcategoria":"Chupetines","precio":3890.7,"destacado":false,"descripcion":"","imagen":"assets/products/CA-779812995301.webp","tags":["chupaleta","multicolor","locuras","x12un","401"]},{"id":"CA-000000999794","nombre":"CHUPALETA MULTICOLOR MEDIANA x12","categoria":"Golosinas","subcategoria":"Chupetines","precio":2993.36,"destacado":false,"descripcion":"","imagen":"assets/products/CA-000000999794.webp","tags":["chupaleta","multicolor","mediana","x12"]},{"id":"CA-000000035542","nombre":"CHUPALETA MULTICOLOR x10u. HUMPI","categoria":"Golosinas","subcategoria":"Chupetines","precio":4421.25,"destacado":false,"descripcion":"","imagen":"assets/products/CA-000000035542.webp","tags":["chupaleta","multicolor","x10u","humpi"]},{"id":"CA-000000051875","nombre":"CHUPALETA PERLADA ROSA x10u. HUMPI","categoria":"Golosinas","subcategoria":"Chupetines","precio":4421.25,"destacado":false,"descripcion":"","imagen":"assets/products/CA-000000051875.webp","tags":["chupaleta","perlada","rosa","x10u","humpi"]},{"id":"CA-779814911078","nombre":"CHUPALETA PLIN PLAN PLUN MEDIANA x25","categoria":"Golosinas","subcategoria":"Chupetines","precio":3264.94,"destacado":false,"descripcion":"* (09/12/2025)","imagen":"assets/products/CA-779814911078.webp","tags":["chupaleta","plin","plan","plun","mediana","x25"]},{"id":"CA-779286000560","nombre":"CHUPETIN BABY DOLL ACIDO POWER x18x4u 301120","categoria":"Golosinas","subcategoria":"Chupetines","precio":7485.63,"destacado":false,"descripcion":"","imagen":"assets/products/CA-779286000560.webp","tags":["chupetin","baby","doll","acido","power","x18x4u","301120"]},{"id":"CA-17790580252806","nombre":"CHUPETIN BOLITA MISTER POPS x50 (BULTOx12unid) 2528","categoria":"Golosinas","subcategoria":"Chupetines","precio":53647.5,"destacado":false,"descripcion":"* (19/12/2025)","imagen":"assets/products/CA-17790580252806.webp","tags":["chupetin","bolita","mister","pops","x50","bultox12unid","2528"]},{"id":"CA-779058025280","nombre":"CHUPETIN BOLITA MISTER POPS x50 2528","categoria":"Golosinas","subcategoria":"Chupetines","precio":4470.63,"destacado":false,"descripcion":"* (19/12/2025)","imagen":"assets/products/CA-779058025280.webp","tags":["chupetin","bolita","mister","pops","x50","2528"]},{"id":"CA-000000011880","nombre":"CHUPETIN CORAZON GRANDE CARAMELO x20u. HUMPI","categoria":"Golosinas","subcategoria":"Chupetines","precio":7860.0,"destacado":false,"descripcion":"","imagen":"assets/products/CA-000000011880.webp","tags":["chupetin","corazon","grande","caramelo","x20u","humpi"]},{"id":"CA-789719030384","nombre":"CHUPETIN CORAZON PITY POP x200gr APROX. 760201","categoria":"Golosinas","subcategoria":"Chupetines","precio":1443.85,"destacado":false,"descripcion":"","imagen":"assets/products/CA-789719030384.webp","tags":["chupetin","corazon","pity","pop","x200gr","aprox","760201"]},{"id":"CA-47792354004827","nombre":"CHUPETIN CORAZON SABOR CEREZA MARENGO x350gr (BULTO x12) 12747","categoria":"Golosinas","subcategoria":"Chupetines","precio":28232.1,"destacado":false,"descripcion":"","imagen":"assets/products/CA-47792354004827.webp","tags":["chupetin","corazon","sabor","cereza","marengo","x350gr","bulto","x12","12747"]},{"id":"CA-779235400482","nombre":"CHUPETIN CORAZON SABOR CEREZA MARENGO x350gr 12747","categoria":"Golosinas","subcategoria":"Chupetines","precio":2443.16,"destacado":false,"descripcion":"","imagen":"assets/products/CA-779235400482.webp","tags":["chupetin","corazon","sabor","cereza","marengo","x350gr","12747"]},{"id":"CA-779020600970","nombre":"CHUPETIN DE CHOCOLATE FEL-FORT x32u 970","categoria":"Golosinas","subcategoria":"Chupetines","precio":24225.0,"destacado":false,"descripcion":"","imagen":"assets/products/CA-779020600970.webp","tags":["chupetin","chocolate","fel","fort","x32u","970"]},{"id":"CA-57792354004695","nombre":"CHUPETIN DOBLETE FRUTAL MARENGO x400gr (BULTO x15) 12945","categoria":"Golosinas","subcategoria":"Chupetines","precio":25434.83,"destacado":false,"descripcion":"","imagen":"assets/products/CA-57792354004695.webp","tags":["chupetin","doblete","frutal","marengo","x400gr","bulto","x15","12945"]},{"id":"CA-779235400469","nombre":"CHUPETIN DOBLETE FRUTAL MARENGO x400gr 12945","categoria":"Golosinas","subcategoria":"Chupetines","precio":1755.0,"destacado":false,"descripcion":"","imagen":"assets/products/CA-779235400469.webp","tags":["chupetin","doblete","frutal","marengo","x400gr","12945"]},{"id":"CA-87792354004962","nombre":"CHUPETIN DOBLETE FRUTAL MARENGO x80gr (BULTO x30) 11840","categoria":"Golosinas","subcategoria":"Chupetines","precio":19890.0,"destacado":false,"descripcion":"","imagen":"assets/products/CA-87792354004962.webp","tags":["chupetin","doblete","frutal","marengo","x80gr","bulto","x30","11840"]},{"id":"CA-779235400496","nombre":"CHUPETIN DOBLETE FRUTAL MARENGO x80gr 11840","categoria":"Golosinas","subcategoria":"Chupetines","precio":688.5,"destacado":false,"descripcion":"","imagen":"assets/products/CA-779235400496.webp","tags":["chupetin","doblete","frutal","marengo","x80gr","11840"]},{"id":"CA-000000053624","nombre":"CHUPETIN ESQUELETOS x10","categoria":"Golosinas","subcategoria":"Chupetines","precio":3820.25,"destacado":false,"descripcion":"","imagen":"assets/products/CA-000000053624.webp","tags":["chupetin","esqueletos","x10"]},{"id":"CA-779058011809","nombre":"CHUPETIN EVOLUTION BLUEBERRY CON CHICLE MISTER POPS x432g (24uni) 11809","categoria":"Golosinas","subcategoria":"Chupetines","precio":3767.6,"destacado":false,"descripcion":"* (19/12/2025)","imagen":"assets/products/CA-779058011809.webp","tags":["chupetin","evolution","blueberry","con","chicle","mister","pops","x432g","24uni","11809"]},{"id":"CA-779058011803","nombre":"CHUPETIN EVOLUTION CEREZA CON CHICLE MISTER POPS x432g (24uni) 11803","categoria":"Golosinas","subcategoria":"Chupetines","precio":3767.6,"destacado":false,"descripcion":"* (19/12/2025)","imagen":"assets/products/CA-779058011803.webp","tags":["chupetin","evolution","cereza","con","chicle","mister","pops","x432g","24uni","11803"]},{"id":"CA-779804059085","nombre":"CHUPETIN MASTICABLE FIERITA FRUTILLA SUPER TATOO x50","categoria":"Golosinas","subcategoria":"Chupetines","precio":4804.24,"destacado":false,"descripcion":"","imagen":"assets/products/CA-779804059085.webp","tags":["chupetin","masticable","fierita","frutilla","super","tatoo","x50"]},{"id":"CA-779804059544","nombre":"CHUPETIN MASTICABLE FIERITA NITRO SUPER ACIDO x50","categoria":"Golosinas","subcategoria":"Chupetines","precio":4188.84,"destacado":false,"descripcion":"","imagen":"assets/products/CA-779804059544.webp","tags":["chupetin","masticable","fierita","nitro","super","acido","x50"]},{"id":"CA-779804059485","nombre":"CHUPETIN MASTICABLE FIERITA PINTA LENGUA x50","categoria":"Golosinas","subcategoria":"Chupetines","precio":4188.84,"destacado":false,"descripcion":"","imagen":"assets/products/CA-779804059485.webp","tags":["chupetin","masticable","fierita","pinta","lengua","x50"]},{"id":"CA-454549445456","nombre":"CHUPETIN NAVIDAD DORADA x10","categoria":"Golosinas","subcategoria":"Chupetines","precio":4316.28,"destacado":false,"descripcion":"","imagen":"assets/products/CA-454549445456.webp","tags":["chupetin","navidad","dorada","x10"]},{"id":"CA-453454564166","nombre":"CHUPETIN NAVIDAD GALLETA DE JENGIBRE  x10","categoria":"Golosinas","subcategoria":"Chupetines","precio":4316.28,"destacado":false,"descripcion":"","imagen":"assets/products/CA-453454564166.webp","tags":["chupetin","navidad","galleta","jengibre","x10"]},{"id":"CA-651615651453","nombre":"CHUPETIN NAVIDAD PAPA NOEL x10","categoria":"Golosinas","subcategoria":"Chupetines","precio":4316.28,"destacado":false,"descripcion":"","imagen":"assets/products/CA-651615651453.webp","tags":["chupetin","navidad","papa","noel","x10"]},{"id":"CA-779038002987","nombre":"CHUPETIN PALITO DE LA SELVA  x432 grs. 2987","categoria":"Golosinas","subcategoria":"Chupetines","precio":4225.06,"destacado":false,"descripcion":"* (19/12/2025)","imagen":"assets/products/CA-779038002987.webp","tags":["chupetin","palito","selva","x432","grs","2987"]}]}