{"category_slug":"carnaval_carioca","subcategory_slug":"corbatas_mo_os_pulseras_collares","page":2,"page_size":48,"total":56,"items":[{"id":"CA-072737310249","nombre":"PULSERA FLORES SEDA SAN PATRICIO x1","categoria":"Carnaval Carioca","subcategoria":"Corbatas/Moños/Pulseras/Collares","precio":1130.68,"destacado":false,"descripcion":"","imagen":"assets/products/CA-072737310249.webp","tags":["pulsera","flores","seda","san","patricio"]},{"id":"CA-690001251332","nombre":"PULSERA MAGICA ARGENTINA x25 JB1332","categoria":"Carnaval Carioca","subcategoria":"Corbatas/Moños/Pulseras/Collares","precio":3035.55,"destacado":false,"descripcion":"","imagen":"assets/products/CA-690001251332.webp","tags":["pulsera","magica","argentina","x25","jb1332"]},{"id":"CA-202563000766","nombre":"PULSERA MAGICA CORAZON x6 FP0766-03","categoria":"Carnaval Carioca","subcategoria":"Corbatas/Moños/Pulseras/Collares","precio":7355.88,"destacado":false,"descripcion":"","imagen":"assets/products/CA-202563000766.webp","tags":["pulsera","magica","corazon","fp0766"]},{"id":"CA-202560000766","nombre":"PULSERA MAGICA CORONITA x6 FP0766-01","categoria":"Carnaval Carioca","subcategoria":"Corbatas/Moños/Pulseras/Collares","precio":7355.88,"destacado":false,"descripcion":"","imagen":"assets/products/CA-202560000766.webp","tags":["pulsera","magica","coronita","fp0766"]},{"id":"CA-202560000768","nombre":"PULSERA MAGICA ESTAMPADA CON ESTRELLAS x50 FP0768","categoria":"Carnaval Carioca","subcategoria":"Corbatas/Moños/Pulseras/Collares","precio":6191.64,"destacado":false,"descripcion":"","imagen":"assets/products/CA-202560000768.webp","tags":["pulsera","magica","estampada","con","estrellas","x50","fp0768"]},{"id":"CA-202562000766","nombre":"PULSERA MAGICA ESTRELLA x6 FP0766-02","categoria":"Carnaval Carioca","subcategoria":"Corbatas/Moños/Pulseras/Collares","precio":7355.88,"destacado":false,"descripcion":"","imagen":"assets/products/CA-202562000766.webp","tags":["pulsera","magica","estrella","fp0766"]},{"id":"CA-691251330100","nombre":"PULSERA MAGICA FLUO  x100 JB1330","categoria":"Carnaval Carioca","subcategoria":"Corbatas/Moños/Pulseras/Collares","precio":13655.25,"destacado":false,"descripcion":"* (17/12/2025)","imagen":"assets/products/CA-691251330100.webp","tags":["pulsera","magica","fluo","x100","jb1330"]},{"id":"CA-682019002299","nombre":"PULSERA PAPEL BLANCA/FLUO VIP PARA FIESTAS x100 CO2299","categoria":"Carnaval Carioca","subcategoria":"Corbatas/Moños/Pulseras/Collares","precio":4175.85,"destacado":false,"descripcion":"","imagen":"assets/products/CA-682019002299.webp","tags":["pulsera","papel","blanca","fluo","vip","para","fiestas","x100","co2299"]}]}