{"category_slug":"halloween","subcategory_slug":"set_de_disfraces_capas","page":1,"page_size":48,"total":121,"items":[{"id":"CA-000000058084","nombre":"CAPA ADULTO CON CAPUCHA HARRY POTTER  CROSTI x1","categoria":"Halloween","subcategoria":"Set De Disfraces/Capas","precio":5265.0,"destacado":false,"descripcion":"","imagen":"assets/products/CA-000000058084.webp","tags":["capa","adulto","con","capucha","harry","potter","crosti"]},{"id":"CA-000000023504","nombre":"CAPA ADULTO CON CAPUCHA NEGRA  x1 CROSTI art.39","categoria":"Halloween","subcategoria":"Set De Disfraces/Capas","precio":4050.0,"destacado":false,"descripcion":"","imagen":"assets/products/CA-000000023504.webp","tags":["capa","adulto","con","capucha","negra","crosti","art"]},{"id":"CA-000000031659","nombre":"CAPA ADULTO CON CAPUCHA ROJA  x1 CROSTI art.39","categoria":"Halloween","subcategoria":"Set De Disfraces/Capas","precio":4050.0,"destacado":false,"descripcion":"","imagen":"assets/products/CA-000000031659.webp","tags":["capa","adulto","con","capucha","roja","crosti","art"]},{"id":"CA-779814781787","nombre":"CAPA ADULTO CON CAPUCHA TELA NEGRA ART.6820 x1 CANDELA","categoria":"Halloween","subcategoria":"Set De Disfraces/Capas","precio":4934.42,"destacado":false,"descripcion":"","imagen":"assets/products/CA-779814781787.webp","tags":["capa","adulto","con","capucha","tela","negra","art","6820","candela"]},{"id":"CA-000000020821","nombre":"CAPA ADULTO DIABLO CON CUELLO CROSTI x1 art.38","categoria":"Halloween","subcategoria":"Set De Disfraces/Capas","precio":3780.0,"destacado":false,"descripcion":"","imagen":"assets/products/CA-000000020821.webp","tags":["capa","adulto","diablo","con","cuello","crosti","art"]},{"id":"CA-000000022806","nombre":"CAPA ADULTO DRACULA CROSTI x1 art.38","categoria":"Halloween","subcategoria":"Set De Disfraces/Capas","precio":3780.0,"destacado":false,"descripcion":"","imagen":"assets/products/CA-000000022806.webp","tags":["capa","adulto","dracula","crosti","art"]},{"id":"CA-000000021581","nombre":"CAPA ADULTO GRANDE NEGRA x1 ECHYZOS","categoria":"Halloween","subcategoria":"Set De Disfraces/Capas","precio":3724.65,"destacado":false,"descripcion":"","imagen":"assets/products/CA-000000021581.webp","tags":["capa","adulto","grande","negra","echyzos"]},{"id":"CA-000000029906","nombre":"CAPA ADULTO NEGRA BRUJA CON CUELLO CROSTI x1 art.38","categoria":"Halloween","subcategoria":"Set De Disfraces/Capas","precio":3780.0,"destacado":false,"descripcion":"","imagen":"assets/products/CA-000000029906.webp","tags":["capa","adulto","negra","bruja","con","cuello","crosti","art"]},{"id":"CA-000000046589","nombre":"CAPA ADULTO NEGRA SIN CUELLO  CROSTI x1 art.48","categoria":"Halloween","subcategoria":"Set De Disfraces/Capas","precio":3780.0,"destacado":false,"descripcion":"","imagen":"assets/products/CA-000000046589.webp","tags":["capa","adulto","negra","sin","cuello","crosti","art"]},{"id":"CA-000000057926","nombre":"CAPA ADULTO ROJA SIN CUELLO  CROSTI x1 ART.48","categoria":"Halloween","subcategoria":"Set De Disfraces/Capas","precio":3780.0,"destacado":false,"descripcion":"","imagen":"assets/products/CA-000000057926.webp","tags":["capa","adulto","roja","sin","cuello","crosti","art"]},{"id":"CA-779814781785","nombre":"CAPA ADULTO TELA NEGRA ART.6800 x1 CANDELA","categoria":"Halloween","subcategoria":"Set De Disfraces/Capas","precio":4328.44,"destacado":false,"descripcion":"","imagen":"assets/products/CA-779814781785.webp","tags":["capa","adulto","tela","negra","art","6800","candela"]},{"id":"CA-679749920080","nombre":"CAPA BLANCA/NEGRA CON SANGRE x1 DA0080-02 CA","categoria":"Halloween","subcategoria":"Set De Disfraces/Capas","precio":7923.76,"destacado":false,"descripcion":"","imagen":"assets/products/CA-679749920080.webp","tags":["capa","blanca","negra","con","sangre","da0080"]},{"id":"CA-000000053664","nombre":"CAPA CALABAZA CON CAPUCHA CROSTI x1 art.200","categoria":"Halloween","subcategoria":"Set De Disfraces/Capas","precio":5265.0,"destacado":false,"descripcion":"","imagen":"assets/products/CA-000000053664.webp","tags":["capa","calabaza","con","capucha","crosti","art","200"]},{"id":"CA-779908804876","nombre":"CAPA CON CAPUCHA ESQUELETO TALLE L X1 DI005L PS","categoria":"Halloween","subcategoria":"Set De Disfraces/Capas","precio":15296.05,"destacado":false,"descripcion":"","imagen":"assets/products/CA-779908804876.webp","tags":["capa","con","capucha","esqueleto","talle","di005l"]},{"id":"CA-779908804875","nombre":"CAPA CON CAPUCHA ESQUELETO TALLE M X1 DI005M PS","categoria":"Halloween","subcategoria":"Set De Disfraces/Capas","precio":15296.05,"destacado":false,"descripcion":"","imagen":"assets/products/CA-779908804875.webp","tags":["capa","con","capucha","esqueleto","talle","di005m"]},{"id":"CA-000000046650","nombre":"CAPA CON CAPUCHA NEGRA NIÑO HALLOWEEN  x1 ECHYZOS","categoria":"Halloween","subcategoria":"Set De Disfraces/Capas","precio":3920.88,"destacado":false,"descripcion":"","imagen":"assets/products/CA-000000046650.webp","tags":["capa","con","capucha","negra","niño","halloween","echyzos"]},{"id":"CA-000000048357","nombre":"CAPA DE DIABLO CHICA HALLOWEEN  x1 ECHYZOS","categoria":"Halloween","subcategoria":"Set De Disfraces/Capas","precio":3920.88,"destacado":false,"descripcion":"","imagen":"assets/products/CA-000000048357.webp","tags":["capa","diablo","chica","halloween","echyzos"]},{"id":"CA-779814781081","nombre":"CAPA DE NIÑO TELA NEGRA CHICA  x1 CANDELA","categoria":"Halloween","subcategoria":"Set De Disfraces/Capas","precio":3029.91,"destacado":false,"descripcion":"","imagen":"assets/products/CA-779814781081.webp","tags":["capa","niño","tela","negra","chica","candela"]},{"id":"CA-000000046649","nombre":"CAPA DRACULA NIÑO HALLOWEEN  x1 ECHYZOS","categoria":"Halloween","subcategoria":"Set De Disfraces/Capas","precio":3920.88,"destacado":false,"descripcion":"","imagen":"assets/products/CA-000000046649.webp","tags":["capa","dracula","niño","halloween","echyzos"]},{"id":"CA-000000053663","nombre":"CAPA FANTASMA CON CAPUCHA CROSTI x1 art.199","categoria":"Halloween","subcategoria":"Set De Disfraces/Capas","precio":5265.0,"destacado":false,"descripcion":"","imagen":"assets/products/CA-000000053663.webp","tags":["capa","fantasma","con","capucha","crosti","art","199"]},{"id":"CA-679749900749","nombre":"CAPA HALLOWEEN ESTAMPADO METALIZADO 1.40mts x1 DA0749 CA","categoria":"Halloween","subcategoria":"Set De Disfraces/Capas","precio":5575.44,"destacado":false,"descripcion":"","imagen":"assets/products/CA-679749900749.webp","tags":["capa","halloween","estampado","metalizado","40mts","da0749"]},{"id":"CA-679749900750","nombre":"CAPA HALLOWEEN REVERSIBLE NEGRA /ROJA CON CAPUCHA1.20mts x1 DA0750 CA","categoria":"Halloween","subcategoria":"Set De Disfraces/Capas","precio":6911.22,"destacado":false,"descripcion":"","imagen":"assets/products/CA-679749900750.webp","tags":["capa","halloween","reversible","negra","roja","con","capucha1","20mts","da0750"]},{"id":"CA-679749900751","nombre":"CAPA NEGRA CON BORDE Y CUELLO ROJO 1.20mts x1 DA0751 CA","categoria":"Halloween","subcategoria":"Set De Disfraces/Capas","precio":5419.56,"destacado":false,"descripcion":"","imagen":"assets/products/CA-679749900751.webp","tags":["capa","negra","con","borde","cuello","rojo","20mts","da0751"]},{"id":"CA-679749900752","nombre":"CAPA NEGRA CON CUELLO ROJO 0.80mts x1 DA0752 CA","categoria":"Halloween","subcategoria":"Set De Disfraces/Capas","precio":3374.62,"destacado":false,"descripcion":"","imagen":"assets/products/CA-679749900752.webp","tags":["capa","negra","con","cuello","rojo","80mts","da0752"]},{"id":"CA-000000046648","nombre":"CAPA NEGRA NIÑO HALLOWEEN  x1 ECHYZOS","categoria":"Halloween","subcategoria":"Set De Disfraces/Capas","precio":3004.24,"destacado":false,"descripcion":"","imagen":"assets/products/CA-000000046648.webp","tags":["capa","negra","niño","halloween","echyzos"]},{"id":"CA-679749900080","nombre":"CAPA NEGRA/BLANCA CON SANGRE x1 DA0080-01 CA","categoria":"Halloween","subcategoria":"Set De Disfraces/Capas","precio":7923.76,"destacado":false,"descripcion":"","imagen":"assets/products/CA-679749900080.webp","tags":["capa","negra","blanca","con","sangre","da0080"]},{"id":"CA-000000058078","nombre":"CAPA NIÑA BRUJA ZAPATOS  CROSTI VARIOS COLORES x1 art.247","categoria":"Halloween","subcategoria":"Set De Disfraces/Capas","precio":5265.0,"destacado":false,"descripcion":"","imagen":"assets/products/CA-000000058078.webp","tags":["capa","niña","bruja","zapatos","crosti","varios","colores","art","247"]},{"id":"CA-000000058083","nombre":"CAPA NIÑO CON CAPUCHA HARRY POTTER  x1 CROSTI","categoria":"Halloween","subcategoria":"Set De Disfraces/Capas","precio":4455.0,"destacado":false,"descripcion":"","imagen":"assets/products/CA-000000058083.webp","tags":["capa","niño","con","capucha","harry","potter","crosti"]},{"id":"CA-000000031661","nombre":"CAPA NIÑO CON CAPUCHA NEGRA  x1 CROSTI art.40","categoria":"Halloween","subcategoria":"Set De Disfraces/Capas","precio":3442.5,"destacado":false,"descripcion":"","imagen":"assets/products/CA-000000031661.webp","tags":["capa","niño","con","capucha","negra","crosti","art"]},{"id":"CA-000000031631","nombre":"CAPA NIÑO CON CAPUCHA ROJA  x1 CROSTI art.40","categoria":"Halloween","subcategoria":"Set De Disfraces/Capas","precio":3442.5,"destacado":false,"descripcion":"","imagen":"assets/products/CA-000000031631.webp","tags":["capa","niño","con","capucha","roja","crosti","art"]},{"id":"CA-779814781610","nombre":"CAPA NIÑO CON CAPUCHA TELA NEGRA CHICA  x1 CANDELA","categoria":"Halloween","subcategoria":"Set De Disfraces/Capas","precio":3809.03,"destacado":false,"descripcion":"","imagen":"assets/products/CA-779814781610.webp","tags":["capa","niño","con","capucha","tela","negra","chica","candela"]},{"id":"CA-000000020822","nombre":"CAPA NIÑO DIABLO CROSTI x1 art.37","categoria":"Halloween","subcategoria":"Set De Disfraces/Capas","precio":3307.5,"destacado":false,"descripcion":"","imagen":"assets/products/CA-000000020822.webp","tags":["capa","niño","diablo","crosti","art"]},{"id":"CA-779814781082","nombre":"CAPA NIÑO DRACULA CUELLO NEGRO CANDELA x1","categoria":"Halloween","subcategoria":"Set De Disfraces/Capas","precio":3809.03,"destacado":false,"descripcion":"","imagen":"assets/products/CA-779814781082.webp","tags":["capa","niño","dracula","cuello","negro","candela"]},{"id":"CA-779814781084","nombre":"CAPA NIÑO DRACULA CUELLO ROJO CANDELA x1","categoria":"Halloween","subcategoria":"Set De Disfraces/Capas","precio":3809.03,"destacado":false,"descripcion":"","imagen":"assets/products/CA-779814781084.webp","tags":["capa","niño","dracula","cuello","rojo","candela"]},{"id":"CA-000000020823","nombre":"CAPA NIÑO DRACULA CUELLO ROJO CROSTI x1 art.37","categoria":"Halloween","subcategoria":"Set De Disfraces/Capas","precio":3307.5,"destacado":false,"descripcion":"","imagen":"assets/products/CA-000000020823.webp","tags":["capa","niño","dracula","cuello","rojo","crosti","art"]},{"id":"CA-000000058079","nombre":"CAPA NIÑO FANTASMA TELARAÑA CROSTI x1 art.248","categoria":"Halloween","subcategoria":"Set De Disfraces/Capas","precio":4860.0,"destacado":false,"descripcion":"","imagen":"assets/products/CA-000000058079.webp","tags":["capa","niño","fantasma","telaraña","crosti","art","248"]},{"id":"CA-000000001894","nombre":"CAPA NIÑO/A NEGRA CON CUELLO CROSTI x1 art.37","categoria":"Halloween","subcategoria":"Set De Disfraces/Capas","precio":3307.5,"destacado":false,"descripcion":"","imagen":"assets/products/CA-000000001894.webp","tags":["capa","niño","negra","con","cuello","crosti","art"]},{"id":"CA-000000057535","nombre":"CAPA/TUNICA MAGO HARRY POTTER ADULTO/ADOLESCENTE  x1 ECHYZOS","categoria":"Halloween","subcategoria":"Set De Disfraces/Capas","precio":11263.05,"destacado":false,"descripcion":"","imagen":"assets/products/CA-000000057535.webp","tags":["capa","tunica","mago","harry","potter","adulto","adolescente","echyzos"]},{"id":"CA-000000057534","nombre":"CAPA/TUNICA MAGO HARRY POTTER NIÑO/ADOLESCENTE  x1 ECHYZOS","categoria":"Halloween","subcategoria":"Set De Disfraces/Capas","precio":10011.6,"destacado":false,"descripcion":"","imagen":"assets/products/CA-000000057534.webp","tags":["capa","tunica","mago","harry","potter","niño","adolescente","echyzos"]},{"id":"CA-000000050312","nombre":"SET  GUASON x1 (careta,pechera,revolver)","categoria":"Halloween","subcategoria":"Set De Disfraces/Capas","precio":4920.75,"destacado":false,"descripcion":"","imagen":"assets/products/CA-000000050312.webp","tags":["set","guason","careta","pechera","revolver"]},{"id":"CA-779814781802","nombre":"SET ADULTO/ADOLESCENTE CALACA REMERA CON GUANTES x1 CANDELA","categoria":"Halloween","subcategoria":"Set De Disfraces/Capas","precio":7743.09,"destacado":false,"descripcion":"","imagen":"assets/products/CA-779814781802.webp","tags":["set","adulto","adolescente","calaca","remera","con","guantes","candela"]},{"id":"CA-779814781799","nombre":"SET ADULTO/ADOLESCENTE ESQUELETO REMERA CON CAPUCHA x1 CANDELA","categoria":"Halloween","subcategoria":"Set De Disfraces/Capas","precio":9089.72,"destacado":false,"descripcion":"","imagen":"assets/products/CA-779814781799.webp","tags":["set","adulto","adolescente","esqueleto","remera","con","capucha","candela"]},{"id":"CA-690240009594","nombre":"SET ALA Y POLLERA CON PLUMAS x1 DG9594A","categoria":"Halloween","subcategoria":"Set De Disfraces/Capas","precio":5348.0,"destacado":false,"descripcion":"","imagen":"assets/products/CA-690240009594.webp","tags":["set","ala","pollera","con","plumas","dg9594a"]},{"id":"CA-000000032199","nombre":"SET CAPA NIÑO DRACULA CON YABOT Y COLLAR CROSTI x1 art.72","categoria":"Halloween","subcategoria":"Set De Disfraces/Capas","precio":5265.0,"destacado":false,"descripcion":"","imagen":"assets/products/CA-000000032199.webp","tags":["set","capa","niño","dracula","con","yabot","collar","crosti","art"]},{"id":"CA-779814781807","nombre":"SET DE HALLOWEEN ADULTO/ADOLESCENTE CAPA CON VINCHA MALEFICA CANDELA x1","categoria":"Halloween","subcategoria":"Set De Disfraces/Capas","precio":8483.74,"destacado":false,"descripcion":"","imagen":"assets/products/CA-779814781807.webp","tags":["set","halloween","adulto","adolescente","capa","con","vincha","malefica","candela"]},{"id":"CA-779814781806","nombre":"SET DE HALLOWEEN NIÑA CAPA CON VINCHA MALEFICA CANDELA x1","categoria":"Halloween","subcategoria":"Set De Disfraces/Capas","precio":7791.19,"destacado":false,"descripcion":"","imagen":"assets/products/CA-779814781806.webp","tags":["set","halloween","niña","capa","con","vincha","malefica","candela"]},{"id":"CA-779814781803","nombre":"SET DE HALLOWEEN NIÑO ESQUELETO PECHERA CON CAPUCHA x1 CANDELA","categoria":"Halloween","subcategoria":"Set De Disfraces/Capas","precio":7791.19,"destacado":false,"descripcion":"","imagen":"assets/products/CA-779814781803.webp","tags":["set","halloween","niño","esqueleto","pechera","con","capucha","candela"]},{"id":"CA-202500000436","nombre":"SET DELANTAL Y CUCHILLO HALLOWEEN x2 FP436 C A","categoria":"Halloween","subcategoria":"Set De Disfraces/Capas","precio":4710.4,"destacado":false,"descripcion":"","imagen":"assets/products/CA-202500000436.webp","tags":["set","delantal","cuchillo","halloween","fp436"]}]}