{"category_slug":"descartables","subcategory_slug":"servilletas_servilletas_decoupage","page":3,"page_size":48,"total":99,"items":[{"id":"CA-000000048084","nombre":"SERVILLETA TISSUE VAMOS ARGENTINA NAPTRES 32x32 (BULTO 48x20u.)","categoria":"Descartables","subcategoria":"Servilletas/Servilletas Decoupage","precio":31824.13,"destacado":false,"descripcion":"","imagen":"assets/products/CA-000000048084.webp","tags":["servilleta","tissue","vamos","argentina","naptres","32x32","bulto","48x20u"]},{"id":"CA-000000048085","nombre":"SERVILLETA TISSUE VAMOS ARGENTINA NAPTRES 32x32 x20u.","categoria":"Descartables","subcategoria":"Servilletas/Servilletas Decoupage","precio":688.5,"destacado":false,"descripcion":"","imagen":"assets/products/CA-000000048085.webp","tags":["servilleta","tissue","vamos","argentina","naptres","32x32","x20u"]},{"id":"CA-779842285419","nombre":"SERVILLETA VERDE MUSGO x20u. C.O","categoria":"Descartables","subcategoria":"Servilletas/Servilletas Decoupage","precio":1192.3,"destacado":false,"descripcion":"","imagen":"assets/products/CA-779842285419.webp","tags":["servilleta","verde","musgo","x20u"]}]}