{"category_slug":"carnaval_carioca","subcategory_slug":"total_white","page":1,"page_size":48,"total":51,"items":[{"id":"CA-541497890679","nombre":"ABANICO BLANCO DE PAPEL x12 PA0679","categoria":"Carnaval Carioca","subcategoria":"Total White","precio":10311.13,"destacado":false,"descripcion":"","imagen":"assets/products/CA-541497890679.webp","tags":["abanico","blanco","papel","x12","pa0679"]},{"id":"CA-202569920840","nombre":"ABANICO DE TELA BLANCO x12 DC840-02","categoria":"Carnaval Carioca","subcategoria":"Total White","precio":10636.92,"destacado":false,"descripcion":"","imagen":"assets/products/CA-202569920840.webp","tags":["abanico","tela","blanco","x12","dc840"]},{"id":"CA-679749900624","nombre":"ALAS ANGEL DE TULL  CON LUZ BLANCA FRIA x1 DA624","categoria":"Carnaval Carioca","subcategoria":"Total White","precio":4176.33,"destacado":false,"descripcion":"","imagen":"assets/products/CA-679749900624.webp","tags":["alas","angel","tull","con","luz","blanca","fria","da624"]},{"id":"CA-000000054479","nombre":"ANTEOJO ACRILICO CON LUZ BLANCA x1","categoria":"Carnaval Carioca","subcategoria":"Total White","precio":2430.0,"destacado":false,"descripcion":"","imagen":"assets/products/CA-000000054479.webp","tags":["anteojo","acrilico","con","luz","blanca"]},{"id":"CA-000000054611","nombre":"ANTEOJO PERLAS BLANCAS x1 BP","categoria":"Carnaval Carioca","subcategoria":"Total White","precio":3375.0,"destacado":false,"descripcion":"","imagen":"assets/products/CA-000000054611.webp","tags":["anteojo","perlas","blancas"]},{"id":"CA-779908804731","nombre":"ANTEOJO RAYBAN CON LED BLANCO x1 XLL17BL  PS","categoria":"Carnaval Carioca","subcategoria":"Total White","precio":4190.83,"destacado":false,"descripcion":"","imagen":"assets/products/CA-779908804731.webp","tags":["anteojo","rayban","con","led","blanco","xll17bl"]},{"id":"CA-772398811053","nombre":"ANTEOJO RAYBAN LISO BLANCO x1 LB053-2","categoria":"Carnaval Carioca","subcategoria":"Total White","precio":1378.15,"destacado":false,"descripcion":"","imagen":"assets/products/CA-772398811053.webp","tags":["anteojo","rayban","liso","blanco","lb053"]},{"id":"CA-000000054482","nombre":"ANTIFAZ ACRILICO CON LUZ BLANCA x1","categoria":"Carnaval Carioca","subcategoria":"Total White","precio":2295.0,"destacado":false,"descripcion":"","imagen":"assets/products/CA-000000054482.webp","tags":["antifaz","acrilico","con","luz","blanca"]},{"id":"CA-697847977003","nombre":"ANTIFAZ VENECIANO DAMA BLANCO x1 DA7003","categoria":"Carnaval Carioca","subcategoria":"Total White","precio":2991.52,"destacado":false,"descripcion":"","imagen":"assets/products/CA-697847977003.webp","tags":["antifaz","veneciano","dama","blanco","da7003"]},{"id":"CA-072737310006","nombre":"BOA FLORES  SEDA BLANCA 1,80 mts x1 FT908","categoria":"Carnaval Carioca","subcategoria":"Total White","precio":8863.67,"destacado":false,"descripcion":"","imagen":"assets/products/CA-072737310006.webp","tags":["boa","flores","seda","blanca","mts","ft908"]},{"id":"CA-072737310024","nombre":"BOA FLORES SEDA CON LUZ BLANCA 1,80 mts x1 FT908/1","categoria":"Carnaval Carioca","subcategoria":"Total White","precio":10355.2,"destacado":false,"descripcion":"","imagen":"assets/products/CA-072737310024.webp","tags":["boa","flores","seda","con","luz","blanca","mts","ft908"]},{"id":"CA-803410700630","nombre":"CAPA ALA LED GRANDE BLANCA 3mts x1.45mts x1 YJ0757","categoria":"Carnaval Carioca","subcategoria":"Total White","precio":35235.0,"destacado":false,"descripcion":"","imagen":"assets/products/CA-803410700630.webp","tags":["capa","ala","led","grande","blanca","3mts","45mts","yj0757"]},{"id":"CA-000000049665","nombre":"CARETA CONEJITA PLAY BOY BLANCA RIGIDA x1","categoria":"Carnaval Carioca","subcategoria":"Total White","precio":4050.0,"destacado":false,"descripcion":"","imagen":"assets/products/CA-000000049665.webp","tags":["careta","conejita","play","boy","blanca","rigida"]},{"id":"CA-202560001190","nombre":"COLLAR FLORES HAWAIANAS BLANCAS CON LED x12 FP1190","categoria":"Carnaval Carioca","subcategoria":"Total White","precio":13650.53,"destacado":false,"descripcion":"","imagen":"assets/products/CA-202560001190.webp","tags":["collar","flores","hawaianas","blancas","con","led","x12","fp1190"]},{"id":"CA-202560001192","nombre":"COLLAR FLORES HAWAIANAS MULTICOLOR CON LED x12 FP1192","categoria":"Carnaval Carioca","subcategoria":"Total White","precio":13650.53,"destacado":false,"descripcion":"","imagen":"assets/products/CA-202560001192.webp","tags":["collar","flores","hawaianas","multicolor","con","led","x12","fp1192"]},{"id":"CA-076357187919","nombre":"COLLAR FLORES SEDA  CON LUZ BLANCO x1 FN612/1","categoria":"Carnaval Carioca","subcategoria":"Total White","precio":4002.82,"destacado":false,"descripcion":"","imagen":"assets/products/CA-076357187919.webp","tags":["collar","flores","seda","con","luz","blanco","fn612"]},{"id":"CA-076357187831","nombre":"COLLAR FLORES SEDA BLANCO x5 FN612","categoria":"Carnaval Carioca","subcategoria":"Total White","precio":14470.65,"destacado":false,"descripcion":"","imagen":"assets/products/CA-076357187831.webp","tags":["collar","flores","seda","blanco","fn612"]},{"id":"CA-779908804917","nombre":"CORBATA DE TELA BLANCA x12 CORBL  PS","categoria":"Carnaval Carioca","subcategoria":"Total White","precio":16974.3,"destacado":false,"descripcion":"","imagen":"assets/products/CA-779908804917.webp","tags":["corbata","tela","blanca","x12","corbl"]},{"id":"CA-000000054484","nombre":"CORONA ACRILICO CON LUZ BLANCA x1","categoria":"Carnaval Carioca","subcategoria":"Total White","precio":2700.0,"destacado":false,"descripcion":"","imagen":"assets/products/CA-000000054484.webp","tags":["corona","acrilico","con","luz","blanca"]},{"id":"CA-541497893145","nombre":"CORONA DE FLORES Y TIRAS DE TELA BLANCA x1 PA0145-03","categoria":"Carnaval Carioca","subcategoria":"Total White","precio":2162.79,"destacado":false,"descripcion":"","imagen":"assets/products/CA-541497893145.webp","tags":["corona","flores","tiras","tela","blanca","pa0145"]},{"id":"CA-803410700374","nombre":"CORONA DE ROSAS Y FLECOS BLANCA CON LUZ  x10 YJ0500/ZLE-CV-01-02BL","categoria":"Carnaval Carioca","subcategoria":"Total White","precio":7828.65,"destacado":false,"descripcion":"","imagen":"assets/products/CA-803410700374.webp","tags":["corona","rosas","flecos","blanca","con","luz","x10","yj0500","zle","02bl"]},{"id":"CA-541497010157","nombre":"GALERA PLATA CON STRASS x1 PA0157-02","categoria":"Carnaval Carioca","subcategoria":"Total White","precio":4966.41,"destacado":false,"descripcion":"","imagen":"assets/products/CA-541497010157.webp","tags":["galera","plata","con","strass","pa0157"]},{"id":"CA-779812603222","nombre":"GLOBO DE CANCHA (NUDO) BLANCO 1.20x0.20 mtr x20","categoria":"Carnaval Carioca","subcategoria":"Total White","precio":5508.0,"destacado":false,"descripcion":"","imagen":"assets/products/CA-779812603222.webp","tags":["globo","cancha","nudo","blanco","20x0","mtr","x20"]},{"id":"CA-541497891062","nombre":"GORRA BLANCA TULL Y STRASS PREMIUM  x1 PA1062","categoria":"Carnaval Carioca","subcategoria":"Total White","precio":7343.52,"destacado":false,"descripcion":"","imagen":"assets/products/CA-541497891062.webp","tags":["gorra","blanca","tull","strass","premium","pa1062"]},{"id":"CA-779908804816","nombre":"GORRA HOLOGRAFICA BLANCA IMPORTADA  x1 GO211BL  PS","categoria":"Carnaval Carioca","subcategoria":"Total White","precio":3979.85,"destacado":false,"descripcion":"","imagen":"assets/products/CA-779908804816.webp","tags":["gorra","holografica","blanca","importada","go211bl"]},{"id":"CA-541497101087","nombre":"GORRO COWBOY BLANCO TERCIOPELO LAZO STRASS x1 PA1087-02","categoria":"Carnaval Carioca","subcategoria":"Total White","precio":18738.48,"destacado":false,"descripcion":"","imagen":"assets/products/CA-541497101087.webp","tags":["gorro","cowboy","blanco","terciopelo","lazo","strass","pa1087"]},{"id":"CA-668256204013","nombre":"GORRO COWBOY CON BOA BLANCO x1 MM204-01B","categoria":"Carnaval Carioca","subcategoria":"Total White","precio":5648.83,"destacado":false,"descripcion":"","imagen":"assets/products/CA-668256204013.webp","tags":["gorro","cowboy","con","boa","blanco","mm204","01b"]},{"id":"CA-520555071421","nombre":"GORRO COWBOY TORNASOL BLANCO x1 W421-2","categoria":"Carnaval Carioca","subcategoria":"Total White","precio":3550.43,"destacado":false,"descripcion":"","imagen":"assets/products/CA-520555071421.webp","tags":["gorro","cowboy","tornasol","blanco","w421"]},{"id":"CA-000000054807","nombre":"GORRO FUNYI BLANCO CON STRASS  Y FLOR PLATA x1","categoria":"Carnaval Carioca","subcategoria":"Total White","precio":5738.04,"destacado":false,"descripcion":"","imagen":"assets/products/CA-000000054807.webp","tags":["gorro","funyi","blanco","con","strass","flor","plata"]},{"id":"CA-779908801615","nombre":"GORRO FUNYI PANAMEÑO BLANCO x1 GO007BL  PS","categoria":"Carnaval Carioca","subcategoria":"Total White","precio":1457.68,"destacado":false,"descripcion":"","imagen":"assets/products/CA-779908801615.webp","tags":["gorro","funyi","panameño","blanco","go007bl"]},{"id":"CA-202580000683","nombre":"GUANTE BLANCO RED CON STRASS x1 FP683-01","categoria":"Carnaval Carioca","subcategoria":"Total White","precio":3302.88,"destacado":false,"descripcion":"","imagen":"assets/products/CA-202580000683.webp","tags":["guante","blanco","red","con","strass","fp683"]},{"id":"CA-202560000078","nombre":"MARACA BLANCA  CON LUZ FRIA  x6 FP0078-01","categoria":"Carnaval Carioca","subcategoria":"Total White","precio":8070.3,"destacado":false,"descripcion":"","imagen":"assets/products/CA-202560000078.webp","tags":["maraca","blanca","con","luz","fria","fp0078"]},{"id":"CA-779814797287","nombre":"PELUCA LACIA CORTA PLATINADA / BLANCA x1 R.R. PLCPLA  PS","categoria":"Carnaval Carioca","subcategoria":"Total White","precio":3029.25,"destacado":false,"descripcion":"","imagen":"assets/products/CA-779814797287.webp","tags":["peluca","lacia","corta","platinada","blanca","plcpla"]},{"id":"CA-779814797296","nombre":"PELUCA LACIA LARGA PLATINADA / BLANCA x1 R.R. PLLPLA  PS","categoria":"Carnaval Carioca","subcategoria":"Total White","precio":3530.33,"destacado":false,"descripcion":"","imagen":"assets/products/CA-779814797296.webp","tags":["peluca","lacia","larga","platinada","blanca","pllpla"]},{"id":"CA-779814797359","nombre":"PELUCA ONDULADA PLATINADA / BLANCA x1 R.R. POLPLA  PS","categoria":"Carnaval Carioca","subcategoria":"Total White","precio":3940.3,"destacado":false,"descripcion":"","imagen":"assets/products/CA-779814797359.webp","tags":["peluca","ondulada","platinada","blanca","polpla"]},{"id":"CA-000000057562","nombre":"ROMPECOCO GOMA ESPUMA CON LUZ BLANCA x10","categoria":"Carnaval Carioca","subcategoria":"Total White","precio":7980.0,"destacado":false,"descripcion":"","imagen":"assets/products/CA-000000057562.webp","tags":["rompecoco","goma","espuma","con","luz","blanca","x10"]},{"id":"CA-779837740682","nombre":"ROMPECOCO GOMA ESPUMA CON LUZ BLANCA x10 MM25-04","categoria":"Carnaval Carioca","subcategoria":"Total White","precio":7980.0,"destacado":false,"descripcion":"","imagen":"assets/products/CA-779837740682.webp","tags":["rompecoco","goma","espuma","con","luz","blanca","x10","mm25"]},{"id":"CA-779908801358","nombre":"TIRADORES BLANCO  x1 AC556  PS","categoria":"Carnaval Carioca","subcategoria":"Total White","precio":1539.67,"destacado":false,"descripcion":"","imagen":"assets/products/CA-779908801358.webp","tags":["tiradores","blanco","ac556"]},{"id":"CA-202560000080","nombre":"VARITA BLANCA CON LUZ FRIA  x6 FP0080-01","categoria":"Carnaval Carioca","subcategoria":"Total White","precio":5521.32,"destacado":false,"descripcion":"","imagen":"assets/products/CA-202560000080.webp","tags":["varita","blanca","con","luz","fria","fp0080"]},{"id":"CA-202560000077","nombre":"VARITA CORAZON BLANCA  CON LUZ FRIA  x6 FP0077-01","categoria":"Carnaval Carioca","subcategoria":"Total White","precio":8070.3,"destacado":false,"descripcion":"","imagen":"assets/products/CA-202560000077.webp","tags":["varita","corazon","blanca","con","luz","fria","fp0077"]},{"id":"CA-202560000081","nombre":"VARITA ESTRELLA BLANCA  CON LUZ FRIA  x6 FP0081-01","categoria":"Carnaval Carioca","subcategoria":"Total White","precio":8070.3,"destacado":false,"descripcion":"","imagen":"assets/products/CA-202560000081.webp","tags":["varita","estrella","blanca","con","luz","fria","fp0081"]},{"id":"CA-000000055886","nombre":"VINCHA 3 FLORES BLANCAS CON STRASS x1","categoria":"Carnaval Carioca","subcategoria":"Total White","precio":4158.0,"destacado":false,"descripcion":"","imagen":"assets/products/CA-000000055886.webp","tags":["vincha","flores","blancas","con","strass"]},{"id":"CA-779908803327","nombre":"VINCHA FLORES BLANCAS CON LUZ x1 XLVI23","categoria":"Carnaval Carioca","subcategoria":"Total White","precio":1126.83,"destacado":false,"descripcion":"","imagen":"assets/products/CA-779908803327.webp","tags":["vincha","flores","blancas","con","luz","xlvi23"]},{"id":"CA-076357187875","nombre":"VINCHA FLORES SEDA  CON LUZ BLANCA x1 FN601","categoria":"Carnaval Carioca","subcategoria":"Total White","precio":3027.78,"destacado":false,"descripcion":"","imagen":"assets/products/CA-076357187875.webp","tags":["vincha","flores","seda","con","luz","blanca","fn601"]},{"id":"CA-076357187787","nombre":"VINCHA FLORES SEDA BLANCA x5 FN610","categoria":"Carnaval Carioca","subcategoria":"Total White","precio":9141.66,"destacado":false,"descripcion":"","imagen":"assets/products/CA-076357187787.webp","tags":["vincha","flores","seda","blanca","fn610"]},{"id":"CA-000000052024","nombre":"VINCHA FLORES Y GEMAS CON LUZ  x1 ART.16","categoria":"Carnaval Carioca","subcategoria":"Total White","precio":5460.0,"destacado":false,"descripcion":"* (11/12/2025)","imagen":"assets/products/CA-000000052024.webp","tags":["vincha","flores","gemas","con","luz","art"]},{"id":"CA-000000054945","nombre":"VINCHA GLAMOUR 3 FLORES PLATEADA CON PLUMAS Y LUZ  x1 ART.19","categoria":"Carnaval Carioca","subcategoria":"Total White","precio":7150.0,"destacado":false,"descripcion":"* (11/12/2025)","imagen":"assets/products/CA-000000054945.webp","tags":["vincha","glamour","flores","plateada","con","plumas","luz","art"]},{"id":"CA-000000054649","nombre":"VINCHA METAL CON PERLAS x6 PA993","categoria":"Carnaval Carioca","subcategoria":"Total White","precio":3920.0,"destacado":false,"descripcion":"","imagen":"assets/products/CA-000000054649.webp","tags":["vincha","metal","con","perlas","pa993"]}]}