{"category_slug":"carnaval_carioca","subcategory_slug":"total_white","page":2,"page_size":48,"total":51,"items":[{"id":"CA-000000051719","nombre":"VINCHA PLUMAS BLANCA CON LUZ x1 BP","categoria":"Carnaval Carioca","subcategoria":"Total White","precio":5670.0,"destacado":false,"descripcion":"","imagen":"assets/products/CA-000000051719.webp","tags":["vincha","plumas","blanca","con","luz"]},{"id":"CA-000000051716","nombre":"VINCHA ROSAS BLANCA CON LUZ x1 BP","categoria":"Carnaval Carioca","subcategoria":"Total White","precio":5940.0,"destacado":false,"descripcion":"","imagen":"assets/products/CA-000000051716.webp","tags":["vincha","rosas","blanca","con","luz"]},{"id":"CA-000000055896","nombre":"VISERA RETRO CON STRASS x1","categoria":"Carnaval Carioca","subcategoria":"Total White","precio":3564.0,"destacado":false,"descripcion":"","imagen":"assets/products/CA-000000055896.webp","tags":["visera","retro","con","strass"]}]}