{"category_slug":"cotillon","subcategory_slug":"bolsas_stickers_cajitas_pochocleras_tarjetones","page":1,"page_size":48,"total":184,"items":[{"id":"CA-779815648761","nombre":"BOLSA BOTELLA CON MANIJA KRAFTx10u..(fanpack)","categoria":"Cotillon","subcategoria":"Bolsas/Stickers/Cajitas Pochocleras/Tarjetones","precio":3080.63,"destacado":false,"descripcion":"","imagen":"assets/products/CA-779815648761.webp","tags":["bolsa","botella","con","manija","kraftx10u","fanpack"]},{"id":"CA-643131507462","nombre":"BOLSA CON FUELLE  AMARILLO FLUO x10","categoria":"Cotillon","subcategoria":"Bolsas/Stickers/Cajitas Pochocleras/Tarjetones","precio":1547.37,"destacado":false,"descripcion":"","imagen":"assets/products/CA-643131507462.webp","tags":["bolsa","con","fuelle","amarillo","fluo","x10"]},{"id":"CA-063626668280","nombre":"BOLSA CON FUELLE  AMARILLO PASTEL x10","categoria":"Cotillon","subcategoria":"Bolsas/Stickers/Cajitas Pochocleras/Tarjetones","precio":1256.45,"destacado":false,"descripcion":"","imagen":"assets/products/CA-063626668280.webp","tags":["bolsa","con","fuelle","amarillo","pastel","x10"]},{"id":"CA-063626668129","nombre":"BOLSA CON FUELLE  AMARILLO x10","categoria":"Cotillon","subcategoria":"Bolsas/Stickers/Cajitas Pochocleras/Tarjetones","precio":1256.45,"destacado":false,"descripcion":"","imagen":"assets/products/CA-063626668129.webp","tags":["bolsa","con","fuelle","amarillo","x10"]},{"id":"CA-063626668130","nombre":"BOLSA CON FUELLE  AZUL x10","categoria":"Cotillon","subcategoria":"Bolsas/Stickers/Cajitas Pochocleras/Tarjetones","precio":1256.45,"destacado":false,"descripcion":"","imagen":"assets/products/CA-063626668130.webp","tags":["bolsa","con","fuelle","azul","x10"]},{"id":"CA-063626668289","nombre":"BOLSA CON FUELLE  BLANCO x10","categoria":"Cotillon","subcategoria":"Bolsas/Stickers/Cajitas Pochocleras/Tarjetones","precio":1256.45,"destacado":false,"descripcion":"","imagen":"assets/products/CA-063626668289.webp","tags":["bolsa","con","fuelle","blanco","x10"]},{"id":"CA-063626668279","nombre":"BOLSA CON FUELLE  CELESTE PASTEL x10","categoria":"Cotillon","subcategoria":"Bolsas/Stickers/Cajitas Pochocleras/Tarjetones","precio":1256.45,"destacado":false,"descripcion":"","imagen":"assets/products/CA-063626668279.webp","tags":["bolsa","con","fuelle","celeste","pastel","x10"]},{"id":"CA-643131507379","nombre":"BOLSA CON FUELLE  CELESTE x10","categoria":"Cotillon","subcategoria":"Bolsas/Stickers/Cajitas Pochocleras/Tarjetones","precio":1256.45,"destacado":false,"descripcion":"","imagen":"assets/products/CA-643131507379.webp","tags":["bolsa","con","fuelle","celeste","x10"]},{"id":"CA-063626668131","nombre":"BOLSA CON FUELLE  FUCSIA x10","categoria":"Cotillon","subcategoria":"Bolsas/Stickers/Cajitas Pochocleras/Tarjetones","precio":1256.45,"destacado":false,"descripcion":"","imagen":"assets/products/CA-063626668131.webp","tags":["bolsa","con","fuelle","fucsia","x10"]},{"id":"CA-063626668277","nombre":"BOLSA CON FUELLE  LILA PASTEL x10","categoria":"Cotillon","subcategoria":"Bolsas/Stickers/Cajitas Pochocleras/Tarjetones","precio":1256.45,"destacado":false,"descripcion":"","imagen":"assets/products/CA-063626668277.webp","tags":["bolsa","con","fuelle","lila","pastel","x10"]},{"id":"CA-063626668132","nombre":"BOLSA CON FUELLE  NARANJA x10","categoria":"Cotillon","subcategoria":"Bolsas/Stickers/Cajitas Pochocleras/Tarjetones","precio":1256.45,"destacado":false,"descripcion":"","imagen":"assets/products/CA-063626668132.webp","tags":["bolsa","con","fuelle","naranja","x10"]},{"id":"CA-063626668133","nombre":"BOLSA CON FUELLE  NEGRO x10","categoria":"Cotillon","subcategoria":"Bolsas/Stickers/Cajitas Pochocleras/Tarjetones","precio":1256.45,"destacado":false,"descripcion":"","imagen":"assets/products/CA-063626668133.webp","tags":["bolsa","con","fuelle","negro","x10"]},{"id":"CA-064313150598","nombre":"BOLSA CON FUELLE  PAPEL MADERA x10","categoria":"Cotillon","subcategoria":"Bolsas/Stickers/Cajitas Pochocleras/Tarjetones","precio":1256.45,"destacado":false,"descripcion":"","imagen":"assets/products/CA-064313150598.webp","tags":["bolsa","con","fuelle","papel","madera","x10"]},{"id":"CA-643131507384","nombre":"BOLSA CON FUELLE  ROSA PASTEL x10","categoria":"Cotillon","subcategoria":"Bolsas/Stickers/Cajitas Pochocleras/Tarjetones","precio":1256.45,"destacado":false,"descripcion":"","imagen":"assets/products/CA-643131507384.webp","tags":["bolsa","con","fuelle","rosa","pastel","x10"]},{"id":"CA-063626668135","nombre":"BOLSA CON FUELLE  ROSA x10","categoria":"Cotillon","subcategoria":"Bolsas/Stickers/Cajitas Pochocleras/Tarjetones","precio":1256.45,"destacado":false,"descripcion":"","imagen":"assets/products/CA-063626668135.webp","tags":["bolsa","con","fuelle","rosa","x10"]},{"id":"CA-063626668136","nombre":"BOLSA CON FUELLE  TURQUESA x10","categoria":"Cotillon","subcategoria":"Bolsas/Stickers/Cajitas Pochocleras/Tarjetones","precio":1256.45,"destacado":false,"descripcion":"","imagen":"assets/products/CA-063626668136.webp","tags":["bolsa","con","fuelle","turquesa","x10"]},{"id":"CA-063626668278","nombre":"BOLSA CON FUELLE  VERDE PASTEL x10","categoria":"Cotillon","subcategoria":"Bolsas/Stickers/Cajitas Pochocleras/Tarjetones","precio":1256.45,"destacado":false,"descripcion":"","imagen":"assets/products/CA-063626668278.webp","tags":["bolsa","con","fuelle","verde","pastel","x10"]},{"id":"CA-063626668138","nombre":"BOLSA CON FUELLE  VIOLETA x10","categoria":"Cotillon","subcategoria":"Bolsas/Stickers/Cajitas Pochocleras/Tarjetones","precio":1256.45,"destacado":false,"descripcion":"","imagen":"assets/products/CA-063626668138.webp","tags":["bolsa","con","fuelle","violeta","x10"]},{"id":"CA-643131507043","nombre":"BOLSA CON FUELLE A GRANEL AMARILLO x50","categoria":"Cotillon","subcategoria":"Bolsas/Stickers/Cajitas Pochocleras/Tarjetones","precio":4259.93,"destacado":false,"descripcion":"","imagen":"assets/products/CA-643131507043.webp","tags":["bolsa","con","fuelle","granel","amarillo","x50"]},{"id":"CA-643131507044","nombre":"BOLSA CON FUELLE A GRANEL AZUL x50","categoria":"Cotillon","subcategoria":"Bolsas/Stickers/Cajitas Pochocleras/Tarjetones","precio":4259.93,"destacado":false,"descripcion":"","imagen":"assets/products/CA-643131507044.webp","tags":["bolsa","con","fuelle","granel","azul","x50"]},{"id":"CA-643131507165","nombre":"BOLSA CON FUELLE A GRANEL BLANCO x50","categoria":"Cotillon","subcategoria":"Bolsas/Stickers/Cajitas Pochocleras/Tarjetones","precio":4259.93,"destacado":false,"descripcion":"","imagen":"assets/products/CA-643131507165.webp","tags":["bolsa","con","fuelle","granel","blanco","x50"]},{"id":"CA-643131507057","nombre":"BOLSA CON FUELLE A GRANEL CELESTE PASTEL x50","categoria":"Cotillon","subcategoria":"Bolsas/Stickers/Cajitas Pochocleras/Tarjetones","precio":4259.93,"destacado":false,"descripcion":"","imagen":"assets/products/CA-643131507057.webp","tags":["bolsa","con","fuelle","granel","celeste","pastel","x50"]},{"id":"CA-643131507374","nombre":"BOLSA CON FUELLE A GRANEL CELESTE x50","categoria":"Cotillon","subcategoria":"Bolsas/Stickers/Cajitas Pochocleras/Tarjetones","precio":4259.93,"destacado":false,"descripcion":"","imagen":"assets/products/CA-643131507374.webp","tags":["bolsa","con","fuelle","granel","celeste","x50"]},{"id":"CA-643131507055","nombre":"BOLSA CON FUELLE A GRANEL LILA PASTEL x50u.","categoria":"Cotillon","subcategoria":"Bolsas/Stickers/Cajitas Pochocleras/Tarjetones","precio":4259.93,"destacado":false,"descripcion":"","imagen":"assets/products/CA-643131507055.webp","tags":["bolsa","con","fuelle","granel","lila","pastel","x50u"]},{"id":"CA-643131507046","nombre":"BOLSA CON FUELLE A GRANEL NARANJA x50u.","categoria":"Cotillon","subcategoria":"Bolsas/Stickers/Cajitas Pochocleras/Tarjetones","precio":4259.93,"destacado":false,"descripcion":"","imagen":"assets/products/CA-643131507046.webp","tags":["bolsa","con","fuelle","granel","naranja","x50u"]},{"id":"CA-643131507047","nombre":"BOLSA CON FUELLE A GRANEL NEGRO x50","categoria":"Cotillon","subcategoria":"Bolsas/Stickers/Cajitas Pochocleras/Tarjetones","precio":4259.93,"destacado":false,"descripcion":"","imagen":"assets/products/CA-643131507047.webp","tags":["bolsa","con","fuelle","granel","negro","x50"]},{"id":"CA-643131507161","nombre":"BOLSA CON FUELLE A GRANEL PAPEL MADERA x50","categoria":"Cotillon","subcategoria":"Bolsas/Stickers/Cajitas Pochocleras/Tarjetones","precio":4158.68,"destacado":false,"descripcion":"* (15/12/2025)","imagen":"assets/products/CA-643131507161.webp","tags":["bolsa","con","fuelle","granel","papel","madera","x50"]},{"id":"CA-643131507381","nombre":"BOLSA CON FUELLE A GRANEL ROSA PASTEL x50u.","categoria":"Cotillon","subcategoria":"Bolsas/Stickers/Cajitas Pochocleras/Tarjetones","precio":4259.93,"destacado":false,"descripcion":"","imagen":"assets/products/CA-643131507381.webp","tags":["bolsa","con","fuelle","granel","rosa","pastel","x50u"]},{"id":"CA-643131507049","nombre":"BOLSA CON FUELLE A GRANEL ROSA x50","categoria":"Cotillon","subcategoria":"Bolsas/Stickers/Cajitas Pochocleras/Tarjetones","precio":4259.93,"destacado":false,"descripcion":"","imagen":"assets/products/CA-643131507049.webp","tags":["bolsa","con","fuelle","granel","rosa","x50"]},{"id":"CA-643131507056","nombre":"BOLSA CON FUELLE A GRANEL VERDE PASTEL x50u.","categoria":"Cotillon","subcategoria":"Bolsas/Stickers/Cajitas Pochocleras/Tarjetones","precio":4259.93,"destacado":false,"descripcion":"","imagen":"assets/products/CA-643131507056.webp","tags":["bolsa","con","fuelle","granel","verde","pastel","x50u"]},{"id":"CA-779387632977","nombre":"BOLSA CON FUELLE AMARILLO PASTEL x25u. MEDORO","categoria":"Cotillon","subcategoria":"Bolsas/Stickers/Cajitas Pochocleras/Tarjetones","precio":2186.12,"destacado":false,"descripcion":"","imagen":"assets/products/CA-779387632977.webp","tags":["bolsa","con","fuelle","amarillo","pastel","x25u","medoro"]},{"id":"CA-643131507460","nombre":"BOLSA CON FUELLE ANIMALITOS DE LA SELVA x10","categoria":"Cotillon","subcategoria":"Bolsas/Stickers/Cajitas Pochocleras/Tarjetones","precio":1256.45,"destacado":false,"descripcion":"","imagen":"assets/products/CA-643131507460.webp","tags":["bolsa","con","fuelle","animalitos","selva","x10"]},{"id":"CA-643131507461","nombre":"BOLSA CON FUELLE ARGENTINA COPA DEL MUNDO CON STAMPINGx10","categoria":"Cotillon","subcategoria":"Bolsas/Stickers/Cajitas Pochocleras/Tarjetones","precio":1522.8,"destacado":false,"descripcion":"","imagen":"assets/products/CA-643131507461.webp","tags":["bolsa","con","fuelle","argentina","copa","del","mundo","con","stampingx10"]},{"id":"CA-643131507459","nombre":"BOLSA CON FUELLE CAMPEON DEL MUNDOx10","categoria":"Cotillon","subcategoria":"Bolsas/Stickers/Cajitas Pochocleras/Tarjetones","precio":1256.45,"destacado":false,"descripcion":"","imagen":"assets/products/CA-643131507459.webp","tags":["bolsa","con","fuelle","campeon","del","mundox10"]},{"id":"CA-779387632377","nombre":"BOLSA CON FUELLE CELESTE PASTEL x25u. MEDORO","categoria":"Cotillon","subcategoria":"Bolsas/Stickers/Cajitas Pochocleras/Tarjetones","precio":2186.12,"destacado":false,"descripcion":"","imagen":"assets/products/CA-779387632377.webp","tags":["bolsa","con","fuelle","celeste","pastel","x25u","medoro"]},{"id":"CA-779387632237","nombre":"BOLSA CON FUELLE CELESTE x25u.  MEDORO","categoria":"Cotillon","subcategoria":"Bolsas/Stickers/Cajitas Pochocleras/Tarjetones","precio":2186.12,"destacado":false,"descripcion":"","imagen":"assets/products/CA-779387632237.webp","tags":["bolsa","con","fuelle","celeste","x25u","medoro"]},{"id":"CA-063626668141","nombre":"BOLSA CON FUELLE DIA DE LOS ENAMORADOS CORAZONES x10","categoria":"Cotillon","subcategoria":"Bolsas/Stickers/Cajitas Pochocleras/Tarjetones","precio":1256.45,"destacado":false,"descripcion":"","imagen":"assets/products/CA-063626668141.webp","tags":["bolsa","con","fuelle","dia","los","enamorados","corazones","x10"]},{"id":"CA-643131507467","nombre":"BOLSA CON FUELLE DINOSAURIOSx10","categoria":"Cotillon","subcategoria":"Bolsas/Stickers/Cajitas Pochocleras/Tarjetones","precio":1256.45,"destacado":false,"descripcion":"","imagen":"assets/products/CA-643131507467.webp","tags":["bolsa","con","fuelle","dinosauriosx10"]},{"id":"CA-643131507254","nombre":"BOLSA CON FUELLE FELIZ DIA x10","categoria":"Cotillon","subcategoria":"Bolsas/Stickers/Cajitas Pochocleras/Tarjetones","precio":1256.45,"destacado":false,"descripcion":"","imagen":"assets/products/CA-643131507254.webp","tags":["bolsa","con","fuelle","feliz","dia","x10"]},{"id":"CA-643131507471","nombre":"BOLSA CON FUELLE FORMULA 1 ROSA x10","categoria":"Cotillon","subcategoria":"Bolsas/Stickers/Cajitas Pochocleras/Tarjetones","precio":1256.45,"destacado":false,"descripcion":"","imagen":"assets/products/CA-643131507471.webp","tags":["bolsa","con","fuelle","formula","rosa","x10"]},{"id":"CA-063626668273","nombre":"BOLSA CON FUELLE HUEVOS DE PASCUA COLORIDOS x10","categoria":"Cotillon","subcategoria":"Bolsas/Stickers/Cajitas Pochocleras/Tarjetones","precio":1256.45,"destacado":false,"descripcion":"","imagen":"assets/products/CA-063626668273.webp","tags":["bolsa","con","fuelle","huevos","pascua","coloridos","x10"]},{"id":"CA-643131507470","nombre":"BOLSA CON FUELLE MARIPOSAS  x10","categoria":"Cotillon","subcategoria":"Bolsas/Stickers/Cajitas Pochocleras/Tarjetones","precio":1256.45,"destacado":false,"descripcion":"","imagen":"assets/products/CA-643131507470.webp","tags":["bolsa","con","fuelle","mariposas","x10"]},{"id":"CA-779387632627","nombre":"BOLSA CON FUELLE NARANJA x25u. MEDORO","categoria":"Cotillon","subcategoria":"Bolsas/Stickers/Cajitas Pochocleras/Tarjetones","precio":2186.12,"destacado":false,"descripcion":"","imagen":"assets/products/CA-779387632627.webp","tags":["bolsa","con","fuelle","naranja","x25u","medoro"]},{"id":"CA-779387632637","nombre":"BOLSA CON FUELLE NEGRO x25u. MEDORO","categoria":"Cotillon","subcategoria":"Bolsas/Stickers/Cajitas Pochocleras/Tarjetones","precio":2186.12,"destacado":false,"descripcion":"","imagen":"assets/products/CA-779387632637.webp","tags":["bolsa","con","fuelle","negro","x25u","medoro"]},{"id":"CA-064313150663","nombre":"BOLSA CON FUELLE RAYADA ARCO IRIS x10","categoria":"Cotillon","subcategoria":"Bolsas/Stickers/Cajitas Pochocleras/Tarjetones","precio":1256.45,"destacado":false,"descripcion":"","imagen":"assets/products/CA-064313150663.webp","tags":["bolsa","con","fuelle","rayada","arco","iris","x10"]},{"id":"CA-064313150619","nombre":"BOLSA CON FUELLE RAYADA BLANCA ROJA x10","categoria":"Cotillon","subcategoria":"Bolsas/Stickers/Cajitas Pochocleras/Tarjetones","precio":1256.45,"destacado":false,"descripcion":"","imagen":"assets/products/CA-064313150619.webp","tags":["bolsa","con","fuelle","rayada","blanca","roja","x10"]},{"id":"CA-779832230836","nombre":"BOLSA CON FUELLE REGALO MICKEY MOUSE 1 x10u. BRAND FEST","categoria":"Cotillon","subcategoria":"Bolsas/Stickers/Cajitas Pochocleras/Tarjetones","precio":1661.36,"destacado":false,"descripcion":"","imagen":"assets/products/CA-779832230836.webp","tags":["bolsa","con","fuelle","regalo","mickey","mouse","x10u","brand","fest"]},{"id":"CA-779832230645","nombre":"BOLSA CON FUELLE REGALO MOÑO ROJO x10u. BRAND FEST","categoria":"Cotillon","subcategoria":"Bolsas/Stickers/Cajitas Pochocleras/Tarjetones","precio":1492.29,"destacado":false,"descripcion":"","imagen":"assets/products/CA-779832230645.webp","tags":["bolsa","con","fuelle","regalo","moño","rojo","x10u","brand","fest"]}]}