{"category_slug":"descartables","subcategory_slug":"platos_platos_blonda","page":2,"page_size":48,"total":192,"items":[{"id":"CA-779905100361","nombre":"PLATO CARTON ROSA PASTEL x8 GM 3347-1","categoria":"Descartables","subcategoria":"Platos / Platos Blonda","precio":939.6,"destacado":false,"descripcion":"","imagen":"assets/products/CA-779905100361.webp","tags":["plato","carton","rosa","pastel","3347"]},{"id":"CA-779905100357","nombre":"PLATO CARTON VERDE x8 GM 3346-8","categoria":"Descartables","subcategoria":"Platos / Platos Blonda","precio":939.6,"destacado":false,"descripcion":"","imagen":"assets/products/CA-779905100357.webp","tags":["plato","carton","verde","3346"]},{"id":"CA-000000041524","nombre":"PLATO CHICO AMARILLO P17 (BULTO 20x50) E.A","categoria":"Descartables","subcategoria":"Platos / Platos Blonda","precio":39416.79,"destacado":false,"descripcion":"","imagen":"assets/products/CA-000000041524.webp","tags":["plato","chico","amarillo","p17","bulto","20x50"]},{"id":"CA-000000041525","nombre":"PLATO CHICO AMARILLO P17 x50 E.A","categoria":"Descartables","subcategoria":"Platos / Platos Blonda","precio":2128.51,"destacado":false,"descripcion":"","imagen":"assets/products/CA-000000041525.webp","tags":["plato","chico","amarillo","p17","x50"]},{"id":"CA-000000029069","nombre":"PLATO CHICO AZUL P17 (BULTO 20x50) B.P","categoria":"Descartables","subcategoria":"Platos / Platos Blonda","precio":42570.14,"destacado":false,"descripcion":"* (12/12/2025)","imagen":"assets/products/CA-000000029069.webp","tags":["plato","chico","azul","p17","bulto","20x50"]},{"id":"CA-000000029076","nombre":"PLATO CHICO AZUL x50 B.P","categoria":"Descartables","subcategoria":"Platos / Platos Blonda","precio":2298.79,"destacado":false,"descripcion":"* (12/12/2025)","imagen":"assets/products/CA-000000029076.webp","tags":["plato","chico","azul","x50"]},{"id":"CA-000000031371","nombre":"PLATO CHICO BLANCO ECONOMICO (BULTO 30 x50) E.A","categoria":"Descartables","subcategoria":"Platos / Platos Blonda","precio":38754.3,"destacado":false,"descripcion":"","imagen":"assets/products/CA-000000031371.webp","tags":["plato","chico","blanco","economico","bulto","x50"]},{"id":"CA-779812872350","nombre":"PLATO CHICO BLANCO ECONOMICO x50  E.A","categoria":"Descartables","subcategoria":"Platos / Platos Blonda","precio":1341.5,"destacado":false,"descripcion":"","imagen":"assets/products/CA-779812872350.webp","tags":["plato","chico","blanco","economico","x50"]},{"id":"CA-17798102570650","nombre":"PLATO CHICO BLANCO P17 (BULTO 20x50) B.P.","categoria":"Descartables","subcategoria":"Platos / Platos Blonda","precio":30848.58,"destacado":false,"descripcion":"* (12/12/2025)","imagen":"assets/products/CA-17798102570650.webp","tags":["plato","chico","blanco","p17","bulto","20x50"]},{"id":"CA-779810257065","nombre":"PLATO CHICO BLANCO P17 x50 B.P.","categoria":"Descartables","subcategoria":"Platos / Platos Blonda","precio":1661.08,"destacado":false,"descripcion":"* (12/12/2025)","imagen":"assets/products/CA-779810257065.webp","tags":["plato","chico","blanco","p17","x50"]},{"id":"CA-000000029070","nombre":"PLATO CHICO CELESTE (BULTO 20x50) B.P","categoria":"Descartables","subcategoria":"Platos / Platos Blonda","precio":42570.14,"destacado":false,"descripcion":"* (12/12/2025)","imagen":"assets/products/CA-000000029070.webp","tags":["plato","chico","celeste","bulto","20x50"]},{"id":"CA-000000041526","nombre":"PLATO CHICO CELESTE P17 (BULTO 20x50) E.A","categoria":"Descartables","subcategoria":"Platos / Platos Blonda","precio":39416.79,"destacado":false,"descripcion":"","imagen":"assets/products/CA-000000041526.webp","tags":["plato","chico","celeste","p17","bulto","20x50"]},{"id":"CA-000000041528","nombre":"PLATO CHICO CELESTE P17 x50 E.A","categoria":"Descartables","subcategoria":"Platos / Platos Blonda","precio":2128.51,"destacado":false,"descripcion":"","imagen":"assets/products/CA-000000041528.webp","tags":["plato","chico","celeste","p17","x50"]},{"id":"CA-000000029077","nombre":"PLATO CHICO CELESTE x50 B.P","categoria":"Descartables","subcategoria":"Platos / Platos Blonda","precio":2298.79,"destacado":false,"descripcion":"* (12/12/2025)","imagen":"assets/products/CA-000000029077.webp","tags":["plato","chico","celeste","x50"]},{"id":"CA-000000041818","nombre":"PLATO CHICO DORADO P17 (BULTO 20x50) B.P","categoria":"Descartables","subcategoria":"Platos / Platos Blonda","precio":42570.14,"destacado":false,"descripcion":"* (12/12/2025)","imagen":"assets/products/CA-000000041818.webp","tags":["plato","chico","dorado","p17","bulto","20x50"]},{"id":"CA-000000041820","nombre":"PLATO CHICO DORADO P17 x50 B.P","categoria":"Descartables","subcategoria":"Platos / Platos Blonda","precio":2298.79,"destacado":false,"descripcion":"* (12/12/2025)","imagen":"assets/products/CA-000000041820.webp","tags":["plato","chico","dorado","p17","x50"]},{"id":"CA-000000038835","nombre":"PLATO CHICO NARANJA P17 (BULTO 20x50) BAND.PLAST","categoria":"Descartables","subcategoria":"Platos / Platos Blonda","precio":42570.14,"destacado":false,"descripcion":"* (12/12/2025)","imagen":"assets/products/CA-000000038835.webp","tags":["plato","chico","naranja","p17","bulto","20x50","band","plast"]},{"id":"CA-000000038836","nombre":"PLATO CHICO NARANJA P17 x50 BAND.PLAST","categoria":"Descartables","subcategoria":"Platos / Platos Blonda","precio":2298.79,"destacado":false,"descripcion":"* (12/12/2025)","imagen":"assets/products/CA-000000038836.webp","tags":["plato","chico","naranja","p17","x50","band","plast"]},{"id":"CA-000000029071","nombre":"PLATO CHICO NEGRO P17 (BULTO 20x50) B.P","categoria":"Descartables","subcategoria":"Platos / Platos Blonda","precio":42570.14,"destacado":false,"descripcion":"* (12/12/2025)","imagen":"assets/products/CA-000000029071.webp","tags":["plato","chico","negro","p17","bulto","20x50"]},{"id":"CA-000000029078","nombre":"PLATO CHICO NEGRO P17 x50 B.P","categoria":"Descartables","subcategoria":"Platos / Platos Blonda","precio":2298.79,"destacado":false,"descripcion":"* (12/12/2025)","imagen":"assets/products/CA-000000029078.webp","tags":["plato","chico","negro","p17","x50"]},{"id":"CA-000000049853","nombre":"PLATO CHICO PASTEL AMARILLO P17 (BULTO 20x50) E.A","categoria":"Descartables","subcategoria":"Platos / Platos Blonda","precio":39416.79,"destacado":false,"descripcion":"","imagen":"assets/products/CA-000000049853.webp","tags":["plato","chico","pastel","amarillo","p17","bulto","20x50"]},{"id":"CA-000000049854","nombre":"PLATO CHICO PASTEL AMARILLO P17 x50 E.A","categoria":"Descartables","subcategoria":"Platos / Platos Blonda","precio":2128.51,"destacado":false,"descripcion":"","imagen":"assets/products/CA-000000049854.webp","tags":["plato","chico","pastel","amarillo","p17","x50"]},{"id":"CA-000000049693","nombre":"PLATO CHICO PASTEL CELESTE P17 (BULTO 20x50) E.A","categoria":"Descartables","subcategoria":"Platos / Platos Blonda","precio":39416.79,"destacado":false,"descripcion":"","imagen":"assets/products/CA-000000049693.webp","tags":["plato","chico","pastel","celeste","p17","bulto","20x50"]},{"id":"CA-000000049694","nombre":"PLATO CHICO PASTEL CELESTE P17 x50 E.A","categoria":"Descartables","subcategoria":"Platos / Platos Blonda","precio":2128.51,"destacado":false,"descripcion":"","imagen":"assets/products/CA-000000049694.webp","tags":["plato","chico","pastel","celeste","p17","x50"]},{"id":"CA-000000049857","nombre":"PLATO CHICO PASTEL LILA P17 (BULTO 20x50) E.A","categoria":"Descartables","subcategoria":"Platos / Platos Blonda","precio":39416.79,"destacado":false,"descripcion":"","imagen":"assets/products/CA-000000049857.webp","tags":["plato","chico","pastel","lila","p17","bulto","20x50"]},{"id":"CA-000000049858","nombre":"PLATO CHICO PASTEL LILA P17 x50 E.A","categoria":"Descartables","subcategoria":"Platos / Platos Blonda","precio":2128.51,"destacado":false,"descripcion":"","imagen":"assets/products/CA-000000049858.webp","tags":["plato","chico","pastel","lila","p17","x50"]},{"id":"CA-000000049855","nombre":"PLATO CHICO PASTEL ROSA P17 (BULTO 20x50) E.A","categoria":"Descartables","subcategoria":"Platos / Platos Blonda","precio":39416.79,"destacado":false,"descripcion":"","imagen":"assets/products/CA-000000049855.webp","tags":["plato","chico","pastel","rosa","p17","bulto","20x50"]},{"id":"CA-000000049856","nombre":"PLATO CHICO PASTEL ROSA P17 x50 E.A","categoria":"Descartables","subcategoria":"Platos / Platos Blonda","precio":2128.51,"destacado":false,"descripcion":"","imagen":"assets/products/CA-000000049856.webp","tags":["plato","chico","pastel","rosa","p17","x50"]},{"id":"CA-000000049610","nombre":"PLATO CHICO PASTEL VERDE AGUA P17 (BULTO 20x50) E.A","categoria":"Descartables","subcategoria":"Platos / Platos Blonda","precio":39416.79,"destacado":false,"descripcion":"","imagen":"assets/products/CA-000000049610.webp","tags":["plato","chico","pastel","verde","agua","p17","bulto","20x50"]},{"id":"CA-000000049609","nombre":"PLATO CHICO PASTEL VERDE AGUA P17 x50 E.A","categoria":"Descartables","subcategoria":"Platos / Platos Blonda","precio":2128.51,"destacado":false,"descripcion":"","imagen":"assets/products/CA-000000049609.webp","tags":["plato","chico","pastel","verde","agua","p17","x50"]},{"id":"CA-000000041822","nombre":"PLATO CHICO PLATEADO P17 (BULTO 20x50) B.P","categoria":"Descartables","subcategoria":"Platos / Platos Blonda","precio":42570.14,"destacado":false,"descripcion":"* (12/12/2025)","imagen":"assets/products/CA-000000041822.webp","tags":["plato","chico","plateado","p17","bulto","20x50"]},{"id":"CA-000000041821","nombre":"PLATO CHICO PLATEADO P17 x50 B.P","categoria":"Descartables","subcategoria":"Platos / Platos Blonda","precio":2298.79,"destacado":false,"descripcion":"* (12/12/2025)","imagen":"assets/products/CA-000000041821.webp","tags":["plato","chico","plateado","p17","x50"]},{"id":"CA-000000046127","nombre":"PLATO CHICO REDONDO PLASTICO AMARILLO PASTEL 17cm (BULTO 18x10u.)","categoria":"Descartables","subcategoria":"Platos / Platos Blonda","precio":32228.71,"destacado":false,"descripcion":"","imagen":"assets/products/CA-000000046127.webp","tags":["plato","chico","redondo","plastico","amarillo","pastel","17cm","bulto","18x10u"]},{"id":"CA-000000046128","nombre":"PLATO CHICO REDONDO PLASTICO AMARILLO PASTEL 17cm x10u","categoria":"Descartables","subcategoria":"Platos / Platos Blonda","precio":1862.1,"destacado":false,"descripcion":"","imagen":"assets/products/CA-000000046128.webp","tags":["plato","chico","redondo","plastico","amarillo","pastel","17cm","x10u"]},{"id":"CA-000000046129","nombre":"PLATO CHICO REDONDO PLASTICO CELESTE PASTEL 17cm (BULTO18x10u.)","categoria":"Descartables","subcategoria":"Platos / Platos Blonda","precio":32228.71,"destacado":false,"descripcion":"","imagen":"assets/products/CA-000000046129.webp","tags":["plato","chico","redondo","plastico","celeste","pastel","17cm","bulto18x10u"]},{"id":"CA-000000046130","nombre":"PLATO CHICO REDONDO PLASTICO CELESTE PASTEL 17cm x10u","categoria":"Descartables","subcategoria":"Platos / Platos Blonda","precio":1862.1,"destacado":false,"descripcion":"","imagen":"assets/products/CA-000000046130.webp","tags":["plato","chico","redondo","plastico","celeste","pastel","17cm","x10u"]},{"id":"CA-000000046133","nombre":"PLATO CHICO REDONDO PLASTICO ROSA PASTEL 17cm (BULTO18x10u.)","categoria":"Descartables","subcategoria":"Platos / Platos Blonda","precio":32228.71,"destacado":false,"descripcion":"","imagen":"assets/products/CA-000000046133.webp","tags":["plato","chico","redondo","plastico","rosa","pastel","17cm","bulto18x10u"]},{"id":"CA-000000046134","nombre":"PLATO CHICO REDONDO PLASTICO ROSA PASTEL 17cm x10u.","categoria":"Descartables","subcategoria":"Platos / Platos Blonda","precio":1862.1,"destacado":false,"descripcion":"","imagen":"assets/products/CA-000000046134.webp","tags":["plato","chico","redondo","plastico","rosa","pastel","17cm","x10u"]},{"id":"CA-000000046135","nombre":"PLATO CHICO REDONDO PLASTICO VERDE PASTEL 17cm (BULTO18x10u.)","categoria":"Descartables","subcategoria":"Platos / Platos Blonda","precio":32228.71,"destacado":false,"descripcion":"","imagen":"assets/products/CA-000000046135.webp","tags":["plato","chico","redondo","plastico","verde","pastel","17cm","bulto18x10u"]},{"id":"CA-000000046136","nombre":"PLATO CHICO REDONDO PLASTICO VERDE PASTEL 17cm x10u","categoria":"Descartables","subcategoria":"Platos / Platos Blonda","precio":1862.1,"destacado":false,"descripcion":"","imagen":"assets/products/CA-000000046136.webp","tags":["plato","chico","redondo","plastico","verde","pastel","17cm","x10u"]},{"id":"CA-000000029074","nombre":"PLATO CHICO ROJO (BULTO 20x50) B.P","categoria":"Descartables","subcategoria":"Platos / Platos Blonda","precio":42570.14,"destacado":false,"descripcion":"* (12/12/2025)","imagen":"assets/products/CA-000000029074.webp","tags":["plato","chico","rojo","bulto","20x50"]},{"id":"CA-000000041537","nombre":"PLATO CHICO ROJO P17 (BULTO 20x50) E.A","categoria":"Descartables","subcategoria":"Platos / Platos Blonda","precio":39416.79,"destacado":false,"descripcion":"","imagen":"assets/products/CA-000000041537.webp","tags":["plato","chico","rojo","p17","bulto","20x50"]},{"id":"CA-000000041538","nombre":"PLATO CHICO ROJO P17 x50 E.A","categoria":"Descartables","subcategoria":"Platos / Platos Blonda","precio":2128.51,"destacado":false,"descripcion":"","imagen":"assets/products/CA-000000041538.webp","tags":["plato","chico","rojo","p17","x50"]},{"id":"CA-000000029079","nombre":"PLATO CHICO ROJO x50 B.P","categoria":"Descartables","subcategoria":"Platos / Platos Blonda","precio":2298.79,"destacado":false,"descripcion":"* (12/12/2025)","imagen":"assets/products/CA-000000029079.webp","tags":["plato","chico","rojo","x50"]},{"id":"CA-000000029073","nombre":"PLATO CHICO ROSA (BULTO 20x50) B.P","categoria":"Descartables","subcategoria":"Platos / Platos Blonda","precio":42570.14,"destacado":false,"descripcion":"* (12/12/2025)","imagen":"assets/products/CA-000000029073.webp","tags":["plato","chico","rosa","bulto","20x50"]},{"id":"CA-000000041530","nombre":"PLATO CHICO ROSA P17 (BULTO 20x50) E.A","categoria":"Descartables","subcategoria":"Platos / Platos Blonda","precio":39416.79,"destacado":false,"descripcion":"","imagen":"assets/products/CA-000000041530.webp","tags":["plato","chico","rosa","p17","bulto","20x50"]},{"id":"CA-000000041533","nombre":"PLATO CHICO ROSA P17 x50 E.A","categoria":"Descartables","subcategoria":"Platos / Platos Blonda","precio":2128.51,"destacado":false,"descripcion":"","imagen":"assets/products/CA-000000041533.webp","tags":["plato","chico","rosa","p17","x50"]},{"id":"CA-000000029080","nombre":"PLATO CHICO ROSA x50 B.P","categoria":"Descartables","subcategoria":"Platos / Platos Blonda","precio":2298.79,"destacado":false,"descripcion":"* (12/12/2025)","imagen":"assets/products/CA-000000029080.webp","tags":["plato","chico","rosa","x50"]}]}