{"category_slug":"descartables","subcategory_slug":"platos_platos_blonda","page":4,"page_size":48,"total":192,"items":[{"id":"CA-000000046145","nombre":"PLATO GRANDE REDONDO PLASTICO VERDE PASTEL 23cm (BULTO 18x10u.)","categoria":"Descartables","subcategoria":"Platos / Platos Blonda","precio":38979.37,"destacado":false,"descripcion":"","imagen":"assets/products/CA-000000046145.webp","tags":["plato","grande","redondo","plastico","verde","pastel","23cm","bulto","18x10u"]},{"id":"CA-000000046146","nombre":"PLATO GRANDE REDONDO PLASTICO VERDE PASTEL 23cm x10u.","categoria":"Descartables","subcategoria":"Platos / Platos Blonda","precio":2252.14,"destacado":false,"descripcion":"","imagen":"assets/products/CA-000000046146.webp","tags":["plato","grande","redondo","plastico","verde","pastel","23cm","x10u"]},{"id":"CA-000000050263","nombre":"PLATO GRANDE ROJO P22 (BULTO 20x25) E.A","categoria":"Descartables","subcategoria":"Platos / Platos Blonda","precio":41669.82,"destacado":false,"descripcion":"","imagen":"assets/products/CA-000000050263.webp","tags":["plato","grande","rojo","p22","bulto","20x25"]},{"id":"CA-000000050264","nombre":"PLATO GRANDE ROJO P22 x25u. E.A","categoria":"Descartables","subcategoria":"Platos / Platos Blonda","precio":2250.17,"destacado":false,"descripcion":"","imagen":"assets/products/CA-000000050264.webp","tags":["plato","grande","rojo","p22","x25u"]},{"id":"CA-000000050265","nombre":"PLATO GRANDE ROSA P22 (BULTO 20x25) E.A","categoria":"Descartables","subcategoria":"Platos / Platos Blonda","precio":41669.82,"destacado":false,"descripcion":"","imagen":"assets/products/CA-000000050265.webp","tags":["plato","grande","rosa","p22","bulto","20x25"]},{"id":"CA-000000050266","nombre":"PLATO GRANDE ROSA P22 x25u. E.A","categoria":"Descartables","subcategoria":"Platos / Platos Blonda","precio":2250.17,"destacado":false,"descripcion":"","imagen":"assets/products/CA-000000050266.webp","tags":["plato","grande","rosa","p22","x25u"]},{"id":"CA-000000050271","nombre":"PLATO GRANDE VERDE MANZANA P22 (BULTO 20x25) E.A","categoria":"Descartables","subcategoria":"Platos / Platos Blonda","precio":41669.82,"destacado":false,"descripcion":"","imagen":"assets/products/CA-000000050271.webp","tags":["plato","grande","verde","manzana","p22","bulto","20x25"]},{"id":"CA-000000050272","nombre":"PLATO GRANDE VERDE MANZANA P22 x25u. E.A","categoria":"Descartables","subcategoria":"Platos / Platos Blonda","precio":2250.17,"destacado":false,"descripcion":"","imagen":"assets/products/CA-000000050272.webp","tags":["plato","grande","verde","manzana","p22","x25u"]},{"id":"CA-000000050129","nombre":"PLATO GRANDE VERDE P22 (BULTO 20x25) B.P","categoria":"Descartables","subcategoria":"Platos / Platos Blonda","precio":45003.41,"destacado":false,"descripcion":"* (12/12/2025)","imagen":"assets/products/CA-000000050129.webp","tags":["plato","grande","verde","p22","bulto","20x25"]},{"id":"CA-000000050130","nombre":"PLATO GRANDE VERDE P22 x25u. B.P","categoria":"Descartables","subcategoria":"Platos / Platos Blonda","precio":2430.18,"destacado":false,"descripcion":"* (12/12/2025)","imagen":"assets/products/CA-000000050130.webp","tags":["plato","grande","verde","p22","x25u"]},{"id":"CA-000000049720","nombre":"PLATO GRANDE VIOLETA P22 (BULTO 20x25) B.P","categoria":"Descartables","subcategoria":"Platos / Platos Blonda","precio":45003.41,"destacado":false,"descripcion":"* (12/12/2025)","imagen":"assets/products/CA-000000049720.webp","tags":["plato","grande","violeta","p22","bulto","20x25"]},{"id":"CA-000000049721","nombre":"PLATO GRANDE VIOLETA P22 x25u. B.P","categoria":"Descartables","subcategoria":"Platos / Platos Blonda","precio":2430.18,"destacado":false,"descripcion":"* (12/12/2025)","imagen":"assets/products/CA-000000049721.webp","tags":["plato","grande","violeta","p22","x25u"]},{"id":"CA-779809870033","nombre":"PLATO OCTOGONAL CHICO KV AMARILLO x10 1017AM","categoria":"Descartables","subcategoria":"Platos / Platos Blonda","precio":1973.97,"destacado":false,"descripcion":"","imagen":"assets/products/CA-779809870033.webp","tags":["plato","octogonal","chico","amarillo","x10","1017am"]},{"id":"CA-779809870027","nombre":"PLATO OCTOGONAL CHICO KV BLANCO x10 1017B","categoria":"Descartables","subcategoria":"Platos / Platos Blonda","precio":1973.97,"destacado":false,"descripcion":"","imagen":"assets/products/CA-779809870027.webp","tags":["plato","octogonal","chico","blanco","x10","1017b"]},{"id":"CA-779809870191","nombre":"PLATO OCTOGONAL CHICO KV NEGRO x10 1017N","categoria":"Descartables","subcategoria":"Platos / Platos Blonda","precio":1973.97,"destacado":false,"descripcion":"","imagen":"assets/products/CA-779809870191.webp","tags":["plato","octogonal","chico","negro","x10","1017n"]},{"id":"CA-779809870031","nombre":"PLATO OCTOGONAL CHICO KV ROJO x10 1017R","categoria":"Descartables","subcategoria":"Platos / Platos Blonda","precio":1973.97,"destacado":false,"descripcion":"","imagen":"assets/products/CA-779809870031.webp","tags":["plato","octogonal","chico","rojo","x10","1017r"]},{"id":"CA-779809870182","nombre":"PLATO OCTOGONAL CHICO KV ROSA x10 1017RS","categoria":"Descartables","subcategoria":"Platos / Platos Blonda","precio":1973.97,"destacado":false,"descripcion":"","imagen":"assets/products/CA-779809870182.webp","tags":["plato","octogonal","chico","rosa","x10","1017rs"]},{"id":"CA-779809870025","nombre":"PLATO OCTOGONAL CHICO KV TRANSPARENTE x10 1017","categoria":"Descartables","subcategoria":"Platos / Platos Blonda","precio":1973.97,"destacado":false,"descripcion":"","imagen":"assets/products/CA-779809870025.webp","tags":["plato","octogonal","chico","transparente","x10","1017"]},{"id":"CA-779809870035","nombre":"PLATO OCTOGONAL CHICO KV VERDE x10 1017V","categoria":"Descartables","subcategoria":"Platos / Platos Blonda","precio":1973.97,"destacado":false,"descripcion":"","imagen":"assets/products/CA-779809870035.webp","tags":["plato","octogonal","chico","verde","x10","1017v"]},{"id":"CA-779809870057","nombre":"PLATO OCTOGONAL GRANDE KV AMARILLO x10 1022AM","categoria":"Descartables","subcategoria":"Platos / Platos Blonda","precio":2975.13,"destacado":false,"descripcion":"","imagen":"assets/products/CA-779809870057.webp","tags":["plato","octogonal","grande","amarillo","x10","1022am"]},{"id":"CA-779809870051","nombre":"PLATO OCTOGONAL GRANDE KV BLANCO x10 1022B","categoria":"Descartables","subcategoria":"Platos / Platos Blonda","precio":2975.13,"destacado":false,"descripcion":"","imagen":"assets/products/CA-779809870051.webp","tags":["plato","octogonal","grande","blanco","x10","1022b"]},{"id":"CA-779809870196","nombre":"PLATO OCTOGONAL GRANDE KV NEGRO x10 1022N","categoria":"Descartables","subcategoria":"Platos / Platos Blonda","precio":2975.13,"destacado":false,"descripcion":"","imagen":"assets/products/CA-779809870196.webp","tags":["plato","octogonal","grande","negro","x10","1022n"]},{"id":"CA-779809870055","nombre":"PLATO OCTOGONAL GRANDE KV ROJO x10 1022R","categoria":"Descartables","subcategoria":"Platos / Platos Blonda","precio":2975.13,"destacado":false,"descripcion":"","imagen":"assets/products/CA-779809870055.webp","tags":["plato","octogonal","grande","rojo","x10","1022r"]},{"id":"CA-779809870186","nombre":"PLATO OCTOGONAL GRANDE KV ROSAx10 1022RS","categoria":"Descartables","subcategoria":"Platos / Platos Blonda","precio":2975.13,"destacado":false,"descripcion":"","imagen":"assets/products/CA-779809870186.webp","tags":["plato","octogonal","grande","rosax10","1022rs"]},{"id":"CA-779809870049","nombre":"PLATO OCTOGONAL GRANDE KV TRANSPARENTE x10 1022","categoria":"Descartables","subcategoria":"Platos / Platos Blonda","precio":2975.13,"destacado":false,"descripcion":"","imagen":"assets/products/CA-779809870049.webp","tags":["plato","octogonal","grande","transparente","x10","1022"]},{"id":"CA-779809870059","nombre":"PLATO OCTOGONAL GRANDE KV VERDE x10 1022V","categoria":"Descartables","subcategoria":"Platos / Platos Blonda","precio":2975.13,"destacado":false,"descripcion":"","imagen":"assets/products/CA-779809870059.webp","tags":["plato","octogonal","grande","verde","x10","1022v"]},{"id":"CA-779809870021","nombre":"PLATO OCTOGONAL HONDO KV AMARILLO x10 1015AM","categoria":"Descartables","subcategoria":"Platos / Platos Blonda","precio":2633.58,"destacado":false,"descripcion":"","imagen":"assets/products/CA-779809870021.webp","tags":["plato","octogonal","hondo","amarillo","x10","1015am"]},{"id":"CA-779809870015","nombre":"PLATO OCTOGONAL HONDO KV BLANCO x10 1015B","categoria":"Descartables","subcategoria":"Platos / Platos Blonda","precio":2633.58,"destacado":false,"descripcion":"","imagen":"assets/products/CA-779809870015.webp","tags":["plato","octogonal","hondo","blanco","x10","1015b"]},{"id":"CA-779809870187","nombre":"PLATO OCTOGONAL HONDO KV NEGRO x10 1015N","categoria":"Descartables","subcategoria":"Platos / Platos Blonda","precio":2633.58,"destacado":false,"descripcion":"","imagen":"assets/products/CA-779809870187.webp","tags":["plato","octogonal","hondo","negro","x10","1015n"]},{"id":"CA-779809870019","nombre":"PLATO OCTOGONAL HONDO KV ROJOx10 1015R","categoria":"Descartables","subcategoria":"Platos / Platos Blonda","precio":2633.58,"destacado":false,"descripcion":"","imagen":"assets/products/CA-779809870019.webp","tags":["plato","octogonal","hondo","rojox10","1015r"]},{"id":"CA-779809870190","nombre":"PLATO OCTOGONAL HONDO KV ROSAx10 1015RS","categoria":"Descartables","subcategoria":"Platos / Platos Blonda","precio":2633.58,"destacado":false,"descripcion":"","imagen":"assets/products/CA-779809870190.webp","tags":["plato","octogonal","hondo","rosax10","1015rs"]},{"id":"CA-779809870013","nombre":"PLATO OCTOGONAL HONDO KV TRANSPARENTE x10 1015","categoria":"Descartables","subcategoria":"Platos / Platos Blonda","precio":2633.58,"destacado":false,"descripcion":"","imagen":"assets/products/CA-779809870013.webp","tags":["plato","octogonal","hondo","transparente","x10","1015"]},{"id":"CA-690764821711","nombre":"PLATO POLIPAPEL ES MI CUMPLE KIDS x10 U21-711A","categoria":"Descartables","subcategoria":"Platos / Platos Blonda","precio":2038.4,"destacado":false,"descripcion":"","imagen":"assets/products/CA-690764821711.webp","tags":["plato","polipapel","cumple","kids","x10","u21","711a"]},{"id":"CA-690764821713","nombre":"PLATO POLIPAPEL ES MI CUMPLE MARGARITAS x10 U23-324","categoria":"Descartables","subcategoria":"Platos / Platos Blonda","precio":2038.4,"destacado":false,"descripcion":"","imagen":"assets/products/CA-690764821713.webp","tags":["plato","polipapel","cumple","margaritas","x10","u23","324"]},{"id":"CA-690764821730","nombre":"PLATO POLIPAPEL FELICIDADES VARIOS COLORES x10 U23-338","categoria":"Descartables","subcategoria":"Platos / Platos Blonda","precio":2184.0,"destacado":false,"descripcion":"","imagen":"assets/products/CA-690764821730.webp","tags":["plato","polipapel","felicidades","varios","colores","x10","u23","338"]},{"id":"CA-690764821717","nombre":"PLATO POLIPAPEL FELIZ CUMPLE GOLDIE VARIOS COLORES x10 U22-014A","categoria":"Descartables","subcategoria":"Platos / Platos Blonda","precio":2184.0,"destacado":false,"descripcion":"","imagen":"assets/products/CA-690764821717.webp","tags":["plato","polipapel","feliz","cumple","goldie","varios","colores","x10","u22","014a"]},{"id":"CA-690764821723","nombre":"PLATO POLIPAPEL FELIZ CUMPLE MULTICOLOR x10 U23-340","categoria":"Descartables","subcategoria":"Platos / Platos Blonda","precio":2548.0,"destacado":false,"descripcion":"","imagen":"assets/products/CA-690764821723.webp","tags":["plato","polipapel","feliz","cumple","multicolor","x10","u23","340"]},{"id":"CA-690764821715","nombre":"PLATO POLIPAPEL FELIZ CUMPLE SPRINKLES MULTICOLOR x10 U23-327","categoria":"Descartables","subcategoria":"Platos / Platos Blonda","precio":2184.0,"destacado":false,"descripcion":"","imagen":"assets/products/CA-690764821715.webp","tags":["plato","polipapel","feliz","cumple","sprinkles","multicolor","x10","u23","327"]},{"id":"CA-779834240252","nombre":"PLATO RAYADO DORADO CHICO 18 cm x8u. C.O","categoria":"Descartables","subcategoria":"Platos / Platos Blonda","precio":1236.5,"destacado":false,"descripcion":"","imagen":"assets/products/CA-779834240252.webp","tags":["plato","rayado","dorado","chico","x8u"]},{"id":"CA-779834240254","nombre":"PLATO RAYADO DORADO GRANDE 23cm x8u. C.O","categoria":"Descartables","subcategoria":"Platos / Platos Blonda","precio":2077.4,"destacado":false,"descripcion":"","imagen":"assets/products/CA-779834240254.webp","tags":["plato","rayado","dorado","grande","23cm","x8u"]},{"id":"CA-779834240253","nombre":"PLATO RAYADO PLATEADO CHICO 18 cm x8u. C.O","categoria":"Descartables","subcategoria":"Platos / Platos Blonda","precio":1236.5,"destacado":false,"descripcion":"","imagen":"assets/products/CA-779834240253.webp","tags":["plato","rayado","plateado","chico","x8u"]},{"id":"CA-779834240255","nombre":"PLATO RAYADO PLATEADO GRANDE 23cm x8u. C.O","categoria":"Descartables","subcategoria":"Platos / Platos Blonda","precio":2077.4,"destacado":false,"descripcion":"","imagen":"assets/products/CA-779834240255.webp","tags":["plato","rayado","plateado","grande","23cm","x8u"]},{"id":"CA-779905100683","nombre":"PLATO/BANDEJA CARTON CUADRADO HALLOWEEN NEGRO TERROR x8 GM 635","categoria":"Descartables","subcategoria":"Platos / Platos Blonda","precio":1067.18,"destacado":false,"descripcion":"","imagen":"assets/products/CA-779905100683.webp","tags":["plato","bandeja","carton","cuadrado","halloween","negro","terror","635"]},{"id":"CA-779905100817","nombre":"PLATO/BANDEJA CARTON CUADRADO HALLOWEEN VIOLETA CON DISEÑO x88U GM 668-1","categoria":"Descartables","subcategoria":"Platos / Platos Blonda","precio":1067.18,"destacado":false,"descripcion":"","imagen":"assets/products/CA-779905100817.webp","tags":["plato","bandeja","carton","cuadrado","halloween","violeta","con","diseño","x88u","668"]},{"id":"CA-690764821731","nombre":"VASO POLIPAPEL FELICIDADES VARIOS COLORES x10 U23-339","categoria":"Descartables","subcategoria":"Platos / Platos Blonda","precio":1911.0,"destacado":false,"descripcion":"","imagen":"assets/products/CA-690764821731.webp","tags":["vaso","polipapel","felicidades","varios","colores","x10","u23","339"]},{"id":"CA-690764821718","nombre":"VASO POLIPAPEL FELIZ CUMPLE GOLDIE VARIOS COLORES x10 U23-327","categoria":"Descartables","subcategoria":"Platos / Platos Blonda","precio":1911.0,"destacado":false,"descripcion":"","imagen":"assets/products/CA-690764821718.webp","tags":["vaso","polipapel","feliz","cumple","goldie","varios","colores","x10","u23","327"]},{"id":"CA-690764821725","nombre":"VASO POLIPAPEL FELIZ CUMPLE MULTICOLOR x10 U23-341","categoria":"Descartables","subcategoria":"Platos / Platos Blonda","precio":2275.0,"destacado":false,"descripcion":"","imagen":"assets/products/CA-690764821725.webp","tags":["vaso","polipapel","feliz","cumple","multicolor","x10","u23","341"]},{"id":"CA-690764821716","nombre":"VASO POLIPAPEL FELIZ CUMPLE SPRINKLES MULTICOLOR x10 U23-327","categoria":"Descartables","subcategoria":"Platos / Platos Blonda","precio":1911.0,"destacado":false,"descripcion":"","imagen":"assets/products/CA-690764821716.webp","tags":["vaso","polipapel","feliz","cumple","sprinkles","multicolor","x10","u23","327"]}]}