{"category_slug":"halloween","subcategory_slug":"accesorios_para_disfraz","page":1,"page_size":48,"total":197,"items":[{"id":"CA-202500000162","nombre":"ACCESORIO DE MANO HALLOWEEN CON LUZ Y SONIDO x1 FP0162 C.A","categoria":"Halloween","subcategoria":"Accesorios Para Disfraz","precio":4554.5,"destacado":false,"descripcion":"","imagen":"assets/products/CA-202500000162.webp","tags":["accesorio","mano","halloween","con","luz","sonido","fp0162"]},{"id":"CA-202530000437","nombre":"ACCESORIO DEDOS LARGOS ARAÑA HALLOWEEN x3 FP437-03 C.A","categoria":"Halloween","subcategoria":"Accesorios Para Disfraz","precio":8714.7,"destacado":false,"descripcion":"","imagen":"assets/products/CA-202530000437.webp","tags":["accesorio","dedos","largos","araña","halloween","fp437"]},{"id":"CA-202520000437","nombre":"ACCESORIO DEDOS LARGOS CALAVERA HALLOWEEN x3 FP437-02 C.A","categoria":"Halloween","subcategoria":"Accesorios Para Disfraz","precio":8714.7,"destacado":false,"descripcion":"","imagen":"assets/products/CA-202520000437.webp","tags":["accesorio","dedos","largos","calavera","halloween","fp437"]},{"id":"CA-202510000437","nombre":"ACCESORIO DEDOS LARGOS LEON HALLOWEEN x3 FP437-01 C.A","categoria":"Halloween","subcategoria":"Accesorios Para Disfraz","precio":8714.7,"destacado":false,"descripcion":"","imagen":"assets/products/CA-202510000437.webp","tags":["accesorio","dedos","largos","leon","halloween","fp437"]},{"id":"CA-803410700230","nombre":"ALAS ANGEL CON PLUMAS NEGRAS x1 YJ0346/YJ0347","categoria":"Halloween","subcategoria":"Accesorios Para Disfraz","precio":3402.0,"destacado":false,"descripcion":"","imagen":"assets/products/CA-803410700230.webp","tags":["alas","angel","con","plumas","negras","yj0346","yj0347"]},{"id":"CA-697865425381","nombre":"ALAS ANGEL NEGRA BOA  CON  BRILLO  x1  MM38-13N","categoria":"Halloween","subcategoria":"Accesorios Para Disfraz","precio":4367.94,"destacado":false,"descripcion":"","imagen":"assets/products/CA-697865425381.webp","tags":["alas","angel","negra","boa","con","brillo","mm38","13n"]},{"id":"CA-690880171330","nombre":"ALAS CON TULL NEGRA  LUMINOSA x1 1330A","categoria":"Halloween","subcategoria":"Accesorios Para Disfraz","precio":3381.0,"destacado":false,"descripcion":"","imagen":"assets/products/CA-690880171330.webp","tags":["alas","con","tull","negra","luminosa","1330a"]},{"id":"CA-202590000719","nombre":"ANTEOJO CALABAZA BRILLO CON LUZ x2 DC719-01 CA","categoria":"Halloween","subcategoria":"Accesorios Para Disfraz","precio":4637.04,"destacado":false,"descripcion":"","imagen":"assets/products/CA-202590000719.webp","tags":["anteojo","calabaza","brillo","con","luz","dc719"]},{"id":"CA-202500000711","nombre":"ANTEOJO CALAVERA Y HUESOS x1 FP711 CA","categoria":"Halloween","subcategoria":"Accesorios Para Disfraz","precio":1727.04,"destacado":false,"descripcion":"","imagen":"assets/products/CA-202500000711.webp","tags":["anteojo","calavera","huesos","fp711"]},{"id":"CA-679740820271","nombre":"ANTEOJO CORAZON DIABLITA x3u. PA0271 CA","categoria":"Halloween","subcategoria":"Accesorios Para Disfraz","precio":6705.2,"destacado":false,"descripcion":"","imagen":"assets/products/CA-679740820271.webp","tags":["anteojo","corazon","diablita","x3u","pa0271"]},{"id":"CA-202593000719","nombre":"ANTEOJO FANTASMA BRILLO CON LUZ x2 DC719-03 CA","categoria":"Halloween","subcategoria":"Accesorios Para Disfraz","precio":4637.04,"destacado":false,"descripcion":"","imagen":"assets/products/CA-202593000719.webp","tags":["anteojo","fantasma","brillo","con","luz","dc719"]},{"id":"CA-202500000699","nombre":"ANTEOJO GATUBELA CON STRASS x1 FP699 CA","categoria":"Halloween","subcategoria":"Accesorios Para Disfraz","precio":2356.72,"destacado":false,"descripcion":"","imagen":"assets/products/CA-202500000699.webp","tags":["anteojo","gatubela","con","strass","fp699"]},{"id":"CA-202500000390","nombre":"ANTEOJO HAPPY HALLOWEEN ACETATO ESTAMPADO x4 FP390 CA","categoria":"Halloween","subcategoria":"Accesorios Para Disfraz","precio":4710.4,"destacado":false,"descripcion":"","imagen":"assets/products/CA-202500000390.webp","tags":["anteojo","happy","halloween","acetato","estampado","fp390"]},{"id":"CA-202592000719","nombre":"ANTEOJO MURCIELAGO BRILLO CON LUZ x2 DC719-02 CA","categoria":"Halloween","subcategoria":"Accesorios Para Disfraz","precio":4637.04,"destacado":false,"descripcion":"","imagen":"assets/products/CA-202592000719.webp","tags":["anteojo","murcielago","brillo","con","luz","dc719"]},{"id":"CA-202500000748","nombre":"ANTEOJO MURCIELAGO/GATO/ARAÑA NARANJA/NEGRO x12 FP748 CA","categoria":"Halloween","subcategoria":"Accesorios Para Disfraz","precio":3768.32,"destacado":false,"descripcion":"","imagen":"assets/products/CA-202500000748.webp","tags":["anteojo","murcielago","gato","araña","naranja","negro","x12","fp748"]},{"id":"CA-690202407133","nombre":"ANTEOJO OJOS SALTONES x1 DIS02-13","categoria":"Halloween","subcategoria":"Accesorios Para Disfraz","precio":1431.86,"destacado":false,"descripcion":"","imagen":"assets/products/CA-690202407133.webp","tags":["anteojo","ojos","saltones","dis02"]},{"id":"CA-779908803893","nombre":"ANTEOJO VAMPIRO X 1 LE25/03893 PS","categoria":"Halloween","subcategoria":"Accesorios Para Disfraz","precio":1822.1,"destacado":false,"descripcion":"","imagen":"assets/products/CA-779908803893.webp","tags":["anteojo","vampiro","le25","03893"]},{"id":"CA-202590000197","nombre":"ANTEOJO Y VARITA HARRY POTTER x5 DC197 CA","categoria":"Halloween","subcategoria":"Accesorios Para Disfraz","precio":9805.92,"destacado":false,"descripcion":"","imagen":"assets/products/CA-202590000197.webp","tags":["anteojo","varita","harry","potter","dc197"]},{"id":"CA-779812557902","nombre":"ANTEOJOS HALLOWEEN x3u. 902","categoria":"Halloween","subcategoria":"Accesorios Para Disfraz","precio":1944.0,"destacado":false,"descripcion":"","imagen":"assets/products/CA-779812557902.webp","tags":["anteojos","halloween","x3u","902"]},{"id":"CA-779813465747","nombre":"ANTIFAZ HALLOWEEN BRUJA CALABAZA DIABLO FRANKI x8 617 GM","categoria":"Halloween","subcategoria":"Accesorios Para Disfraz","precio":719.89,"destacado":false,"descripcion":"","imagen":"assets/products/CA-779813465747.webp","tags":["antifaz","halloween","bruja","calabaza","diablo","franki","617"]},{"id":"CA-202500000921","nombre":"ANTIFAZ TELA BRILLOSA MOUSTRUOS SURTIDOS x1 FP921 CA","categoria":"Halloween","subcategoria":"Accesorios Para Disfraz","precio":900.0,"destacado":false,"descripcion":"","imagen":"assets/products/CA-202500000921.webp","tags":["antifaz","tela","brillosa","moustruos","surtidos","fp921"]},{"id":"CA-779814797327","nombre":"BARBA NEGRA LISA GARIBALDI  x1 BANE  PS","categoria":"Halloween","subcategoria":"Accesorios Para Disfraz","precio":1246.7,"destacado":false,"descripcion":"","imagen":"assets/products/CA-779814797327.webp","tags":["barba","negra","lisa","garibaldi","bane"]},{"id":"CA-000000000320","nombre":"BASTON CABALLERO CON EMPUÑADURA DORADA STASIO x1 HB0004","categoria":"Halloween","subcategoria":"Accesorios Para Disfraz","precio":995.8,"destacado":false,"descripcion":"","imagen":"assets/products/CA-000000000320.webp","tags":["baston","caballero","con","empuñadura","dorada","stasio","hb0004"]},{"id":"CA-000001000321","nombre":"BASTON CABALLERO/CURVO CHAPLIN MANGO DORADO STASIOx1 HB0004-MO","categoria":"Halloween","subcategoria":"Accesorios Para Disfraz","precio":1359.94,"destacado":false,"descripcion":"","imagen":"assets/products/CA-000001000321.webp","tags":["baston","caballero","curvo","chaplin","mango","dorado","stasiox1","hb0004"]},{"id":"CA-000002000321","nombre":"BASTON CABALLERO/CURVO CHAPLIN MANGO PLATA x1 HB0005-MP","categoria":"Halloween","subcategoria":"Accesorios Para Disfraz","precio":1370.01,"destacado":false,"descripcion":"","imagen":"assets/products/CA-000002000321.webp","tags":["baston","caballero","curvo","chaplin","mango","plata","hb0005"]},{"id":"CA-000000024243","nombre":"BASTON CABALLERO/CURVO NEGRO CHAPLIN STASIO x10u. HB0005","categoria":"Halloween","subcategoria":"Accesorios Para Disfraz","precio":11613.24,"destacado":false,"descripcion":"","imagen":"assets/products/CA-000000024243.webp","tags":["baston","caballero","curvo","negro","chaplin","stasio","x10u","hb0005"]},{"id":"CA-000000000322","nombre":"BASTON CABALLERO/MAGO STASIO x1 HB0006","categoria":"Halloween","subcategoria":"Accesorios Para Disfraz","precio":1002.51,"destacado":false,"descripcion":"","imagen":"assets/products/CA-000000000322.webp","tags":["baston","caballero","mago","stasio","hb0006"]},{"id":"CA-779908803446","nombre":"BASTON CALAVERA PLATEADA 117cm. x1 AC181 PS","categoria":"Halloween","subcategoria":"Accesorios Para Disfraz","precio":3452.4,"destacado":false,"descripcion":"","imagen":"assets/products/CA-779908803446.webp","tags":["baston","calavera","plateada","117cm","ac181"]},{"id":"CA-779908803437","nombre":"BASTON COBRA HALLOWEEN x1 AC177/03437 PS","categoria":"Halloween","subcategoria":"Accesorios Para Disfraz","precio":4795.0,"destacado":false,"descripcion":"","imagen":"assets/products/CA-779908803437.webp","tags":["baston","cobra","halloween","ac177","03437"]},{"id":"CA-000000000306","nombre":"BASTON ESFERA CON GARRA STASIO x1 HE0002","categoria":"Halloween","subcategoria":"Accesorios Para Disfraz","precio":2781.61,"destacado":false,"descripcion":"","imagen":"assets/products/CA-000000000306.webp","tags":["baston","esfera","con","garra","stasio","he0002"]},{"id":"CA-000000000313","nombre":"BASTON HALLOWEEN CALABAZA GRANDE STASIO x1 HC0001","categoria":"Halloween","subcategoria":"Accesorios Para Disfraz","precio":2802.21,"destacado":false,"descripcion":"","imagen":"assets/products/CA-000000000313.webp","tags":["baston","halloween","calabaza","grande","stasio","hc0001"]},{"id":"CA-000005000400","nombre":"BASTON HALLOWEEN CALAVERA CHICA STASIO x1 HC0004","categoria":"Halloween","subcategoria":"Accesorios Para Disfraz","precio":1718.23,"destacado":false,"descripcion":"","imagen":"assets/products/CA-000005000400.webp","tags":["baston","halloween","calavera","chica","stasio","hc0004"]},{"id":"CA-000000000309","nombre":"BASTON HALLOWEEN CALAVERA GRANDE STASIO x1 HC0002","categoria":"Halloween","subcategoria":"Accesorios Para Disfraz","precio":2781.61,"destacado":false,"descripcion":"","imagen":"assets/products/CA-000000000309.webp","tags":["baston","halloween","calavera","grande","stasio","hc0002"]},{"id":"CA-779908803448","nombre":"BASTON OJO DE LA MUERTE HALLOWEEN x1 AC183 PS","categoria":"Halloween","subcategoria":"Accesorios Para Disfraz","precio":10261.3,"destacado":false,"descripcion":"","imagen":"assets/products/CA-779908803448.webp","tags":["baston","ojo","muerte","halloween","ac183"]},{"id":"CA-779908803447","nombre":"BASTON REY CALAVERA HALLOWEEN x1 AC182 PS","categoria":"Halloween","subcategoria":"Accesorios Para Disfraz","precio":9014.6,"destacado":false,"descripcion":"","imagen":"assets/products/CA-779908803447.webp","tags":["baston","rey","calavera","halloween","ac182"]},{"id":"CA-000000042852","nombre":"BATE CON ALAMBRE x1","categoria":"Halloween","subcategoria":"Accesorios Para Disfraz","precio":972.0,"destacado":false,"descripcion":"","imagen":"assets/products/CA-000000042852.webp","tags":["bate","con","alambre"]},{"id":"CA-779908802604","nombre":"BATE HARLEY QUEEN PLASTICO x1 GOAC25 PS","categoria":"Halloween","subcategoria":"Accesorios Para Disfraz","precio":6713.0,"destacado":false,"descripcion":"","imagen":"assets/products/CA-779908802604.webp","tags":["bate","harley","queen","plastico","goac25"]},{"id":"CA-000000057439","nombre":"BIGOTES EN BLISTER x12 SURTIDOS","categoria":"Halloween","subcategoria":"Accesorios Para Disfraz","precio":808.52,"destacado":false,"descripcion":"","imagen":"assets/products/CA-000000057439.webp","tags":["bigotes","blister","x12","surtidos"]},{"id":"CA-773199811275","nombre":"BLISTER CUCHILLO RETRACTIL  x12 AK275","categoria":"Halloween","subcategoria":"Accesorios Para Disfraz","precio":5398.16,"destacado":false,"descripcion":"","imagen":"assets/products/CA-773199811275.webp","tags":["blister","cuchillo","retractil","x12","ak275"]},{"id":"CA-679740820281","nombre":"BLISTER CUCHILLO RETRACTIL  x12 PA0281 CA","categoria":"Halloween","subcategoria":"Accesorios Para Disfraz","precio":5398.16,"destacado":false,"descripcion":"","imagen":"assets/products/CA-679740820281.webp","tags":["blister","cuchillo","retractil","x12","pa0281"]},{"id":"CA-202510000331","nombre":"BLISTER HALLOWEEN STRASS  x12 FP331-01 CA","categoria":"Halloween","subcategoria":"Accesorios Para Disfraz","precio":8920.72,"destacado":false,"descripcion":"","imagen":"assets/products/CA-202510000331.webp","tags":["blister","halloween","strass","x12","fp331"]},{"id":"CA-202520000331","nombre":"BLISTER HALLOWEEN STRASS  x12 FP331-02 CA","categoria":"Halloween","subcategoria":"Accesorios Para Disfraz","precio":8920.72,"destacado":false,"descripcion":"","imagen":"assets/products/CA-202520000331.webp","tags":["blister","halloween","strass","x12","fp331"]},{"id":"CA-202530000331","nombre":"BLISTER HALLOWEEN STRASS  x12 FP331-03 CA","categoria":"Halloween","subcategoria":"Accesorios Para Disfraz","precio":8920.72,"destacado":false,"descripcion":"","imagen":"assets/products/CA-202530000331.webp","tags":["blister","halloween","strass","x12","fp331"]},{"id":"CA-202540000331","nombre":"BLISTER HALLOWEEN STRASS  x12 FP331-04 CA","categoria":"Halloween","subcategoria":"Accesorios Para Disfraz","precio":8920.72,"destacado":false,"descripcion":"","imagen":"assets/products/CA-202540000331.webp","tags":["blister","halloween","strass","x12","fp331"]},{"id":"CA-202550000331","nombre":"BLISTER HALLOWEEN STRASS  x12 FP331-05 CA","categoria":"Halloween","subcategoria":"Accesorios Para Disfraz","precio":8920.72,"destacado":false,"descripcion":"","imagen":"assets/products/CA-202550000331.webp","tags":["blister","halloween","strass","x12","fp331"]},{"id":"CA-202560000331","nombre":"BLISTER HALLOWEEN STRASS  x12 FP331-06 CA","categoria":"Halloween","subcategoria":"Accesorios Para Disfraz","precio":8920.72,"destacado":false,"descripcion":"","imagen":"assets/products/CA-202560000331.webp","tags":["blister","halloween","strass","x12","fp331"]},{"id":"CA-696810370560","nombre":"BLISTER STRASS PARA LA CARA HALLOWEEN GRANDE x12 DA8159A","categoria":"Halloween","subcategoria":"Accesorios Para Disfraz","precio":18566.52,"destacado":false,"descripcion":"","imagen":"assets/products/CA-696810370560.webp","tags":["blister","strass","para","cara","halloween","grande","x12","da8159a"]},{"id":"CA-072737310279","nombre":"BOA FLORES SEDA CON LUZ HALLOWEEN (NARANJA Y NEGRO)1,80 mts x1","categoria":"Halloween","subcategoria":"Accesorios Para Disfraz","precio":10355.2,"destacado":false,"descripcion":"","imagen":"assets/products/CA-072737310279.webp","tags":["boa","flores","seda","con","luz","halloween","naranja","negro","mts"]}]}