{"category_slug":"halloween","subcategory_slug":"accesorios_para_disfraz","page":4,"page_size":48,"total":197,"items":[{"id":"CA-202530000679","nombre":"MEDIAS BUCANERAS MANOS SANGRIENTAS x1 FP679-03 CA","categoria":"Halloween","subcategoria":"Accesorios Para Disfraz","precio":2200.82,"destacado":false,"descripcion":"","imagen":"assets/products/CA-202530000679.webp","tags":["medias","bucaneras","manos","sangrientas","fp679"]},{"id":"CA-779832235964","nombre":"MEDIAS BUCANERAS NEGRA  x1 AC575/35964 PS","categoria":"Halloween","subcategoria":"Accesorios Para Disfraz","precio":2541.35,"destacado":false,"descripcion":"","imagen":"assets/products/CA-779832235964.webp","tags":["medias","bucaneras","negra","ac575","35964"]},{"id":"CA-779908804453","nombre":"MEDIAS BUCANERAS PIRATA x1 TM019  PS","categoria":"Halloween","subcategoria":"Accesorios Para Disfraz","precio":6089.65,"destacado":false,"descripcion":"","imagen":"assets/products/CA-779908804453.webp","tags":["medias","bucaneras","pirata","tm019"]},{"id":"CA-779908804007","nombre":"MEDIAS BUCANERAS RAYADAS AMARILLA/NEGRA  x1 TM014/04007 PS","categoria":"Halloween","subcategoria":"Accesorios Para Disfraz","precio":2157.75,"destacado":false,"descripcion":"","imagen":"assets/products/CA-779908804007.webp","tags":["medias","bucaneras","rayadas","amarilla","negra","tm014","04007"]},{"id":"CA-779908804013","nombre":"MEDIAS BUCANERAS RAYADAS BLANCA/NEGRA  x1 TM017/04013 PS","categoria":"Halloween","subcategoria":"Accesorios Para Disfraz","precio":2157.75,"destacado":false,"descripcion":"","imagen":"assets/products/CA-779908804013.webp","tags":["medias","bucaneras","rayadas","blanca","negra","tm017","04013"]},{"id":"CA-779908804009","nombre":"MEDIAS BUCANERAS RAYADAS VERDE/NEGRA  x1 TM015/04009 PS","categoria":"Halloween","subcategoria":"Accesorios Para Disfraz","precio":2157.75,"destacado":false,"descripcion":"","imagen":"assets/products/CA-779908804009.webp","tags":["medias","bucaneras","rayadas","verde","negra","tm015","04009"]},{"id":"CA-202540000679","nombre":"MEDIAS BUCANERAS SANGRIENTAS x1 FP679-04 CA","categoria":"Halloween","subcategoria":"Accesorios Para Disfraz","precio":2200.82,"destacado":false,"descripcion":"","imagen":"assets/products/CA-202540000679.webp","tags":["medias","bucaneras","sangrientas","fp679"]},{"id":"CA-779908802715","nombre":"MEDIAS BUCANERAS TATTOO x1 TM007/02715 PS","categoria":"Halloween","subcategoria":"Accesorios Para Disfraz","precio":4027.8,"destacado":false,"descripcion":"","imagen":"assets/products/CA-779908802715.webp","tags":["medias","bucaneras","tattoo","tm007","02715"]},{"id":"CA-609819417396","nombre":"MOCO VERDE ZOMBIE /HULK/MONSTRUO DILAX 20 ml.X6 73963","categoria":"Halloween","subcategoria":"Accesorios Para Disfraz","precio":2340.0,"destacado":false,"descripcion":"","imagen":"assets/products/CA-609819417396.webp","tags":["moco","verde","zombie","hulk","monstruo","dilax","73963"]},{"id":"CA-779908804468","nombre":"MOTOSIERRA MASACRE PLASTICA 40cm x1 GOAC54 PS","categoria":"Halloween","subcategoria":"Accesorios Para Disfraz","precio":2829.05,"destacado":false,"descripcion":"","imagen":"assets/products/CA-779908804468.webp","tags":["motosierra","masacre","plastica","40cm","goac54"]},{"id":"CA-000000033318","nombre":"NARIZ BRUJA PLASTICA x6","categoria":"Halloween","subcategoria":"Accesorios Para Disfraz","precio":1822.5,"destacado":false,"descripcion":"","imagen":"assets/products/CA-000000033318.webp","tags":["nariz","bruja","plastica"]},{"id":"CA-779908805731","nombre":"NUNCHACKUS LEE x1 GOAC29-2  PS","categoria":"Halloween","subcategoria":"Accesorios Para Disfraz","precio":2253.65,"destacado":false,"descripcion":"","imagen":"assets/products/CA-779908805731.webp","tags":["nunchackus","lee","goac29"]},{"id":"CA-000001100326","nombre":"PALA CON SANGRE STASIO x1 HP0001-S","categoria":"Halloween","subcategoria":"Accesorios Para Disfraz","precio":2866.97,"destacado":false,"descripcion":"","imagen":"assets/products/CA-000001100326.webp","tags":["pala","con","sangre","stasio","hp0001"]},{"id":"CA-202520000681","nombre":"PANTIMEDIAS LLAMAS ROJAS x1 FP681-02 CA","categoria":"Halloween","subcategoria":"Accesorios Para Disfraz","precio":3139.24,"destacado":false,"descripcion":"","imagen":"assets/products/CA-202520000681.webp","tags":["pantimedias","llamas","rojas","fp681"]},{"id":"CA-202500000682","nombre":"PANTIMEDIAS RED BLANCA Y STRASS x1 FP682-01 CA","categoria":"Halloween","subcategoria":"Accesorios Para Disfraz","precio":3374.62,"destacado":false,"descripcion":"","imagen":"assets/products/CA-202500000682.webp","tags":["pantimedias","red","blanca","strass","fp682"]},{"id":"CA-202520000682","nombre":"PANTIMEDIAS RED NEGRA Y STRASS x1 FP682-02 CA","categoria":"Halloween","subcategoria":"Accesorios Para Disfraz","precio":3374.62,"destacado":false,"descripcion":"","imagen":"assets/products/CA-202520000682.webp","tags":["pantimedias","red","negra","strass","fp682"]},{"id":"CA-679740820174","nombre":"PANTIMEDIAS SERPIENTE CALADA x1 PA0174 CA","categoria":"Halloween","subcategoria":"Accesorios Para Disfraz","precio":3295.14,"destacado":false,"descripcion":"","imagen":"assets/products/CA-679740820174.webp","tags":["pantimedias","serpiente","calada","pa0174"]},{"id":"CA-679740822173","nombre":"PANTIMEDIAS TRIDENTE DIABLO x1 PA0173-02 CA","categoria":"Halloween","subcategoria":"Accesorios Para Disfraz","precio":3841.82,"destacado":false,"descripcion":"","imagen":"assets/products/CA-679740822173.webp","tags":["pantimedias","tridente","diablo","pa0173"]},{"id":"CA-541497890660","nombre":"PARAGUA BRIDE BLANCO DE TULL BORDADO 45cm  x1 PA0660","categoria":"Halloween","subcategoria":"Accesorios Para Disfraz","precio":6052.63,"destacado":false,"descripcion":"","imagen":"assets/products/CA-541497890660.webp","tags":["paragua","bride","blanco","tull","bordado","45cm","pa0660"]},{"id":"CA-520155700066","nombre":"PARCHE PIRATA DE TELA x10 B066","categoria":"Halloween","subcategoria":"Accesorios Para Disfraz","precio":3804.08,"destacado":false,"descripcion":"","imagen":"assets/products/CA-520155700066.webp","tags":["parche","pirata","tela","x10","b066"]},{"id":"CA-237187607002","nombre":"PARCHE PIRATA PLASTICO x36 7002","categoria":"Halloween","subcategoria":"Accesorios Para Disfraz","precio":5569.56,"destacado":false,"descripcion":"","imagen":"assets/products/CA-237187607002.webp","tags":["parche","pirata","plastico","x36","7002"]},{"id":"CA-000000028682","nombre":"PECHERA CONDE DRACULA CON DIENTE x1 ALE","categoria":"Halloween","subcategoria":"Accesorios Para Disfraz","precio":990.0,"destacado":false,"descripcion":"","imagen":"assets/products/CA-000000028682.webp","tags":["pechera","conde","dracula","con","diente","ale"]},{"id":"CA-779814797306","nombre":"PELUCA PIRATA x1 PSP06  PS","categoria":"Halloween","subcategoria":"Accesorios Para Disfraz","precio":5706.05,"destacado":false,"descripcion":"","imagen":"assets/products/CA-779814797306.webp","tags":["peluca","pirata","psp06"]},{"id":"CA-779908804462","nombre":"PISTOLA CON BANDERA BANG x1 GOAC51  PS","categoria":"Halloween","subcategoria":"Accesorios Para Disfraz","precio":2877.0,"destacado":false,"descripcion":"","imagen":"assets/products/CA-779908804462.webp","tags":["pistola","con","bandera","bang","goac51"]},{"id":"CA-000000036688","nombre":"POLLERA BRUJA NIÑA ECONOMICA x1 CROSTI art.70","categoria":"Halloween","subcategoria":"Accesorios Para Disfraz","precio":4252.5,"destacado":false,"descripcion":"","imagen":"assets/products/CA-000000036688.webp","tags":["pollera","bruja","niña","economica","crosti","art"]},{"id":"CA-000000031932","nombre":"POLLERA DIABLITA NIÑA CON COLA x1 CROSTI art.68","categoria":"Halloween","subcategoria":"Accesorios Para Disfraz","precio":4252.5,"destacado":false,"descripcion":"","imagen":"assets/products/CA-000000031932.webp","tags":["pollera","diablita","niña","con","cola","crosti","art"]},{"id":"CA-000000031941","nombre":"POLLERA PIRATA x1 CROSTI art.69","categoria":"Halloween","subcategoria":"Accesorios Para Disfraz","precio":5265.0,"destacado":false,"descripcion":"","imagen":"assets/products/CA-000000031941.webp","tags":["pollera","pirata","crosti","art"]},{"id":"CA-000000100730","nombre":"PUÑAL PIRATA CON CALAVERAS STASIO x1 7305","categoria":"Halloween","subcategoria":"Accesorios Para Disfraz","precio":2455.43,"destacado":false,"descripcion":"","imagen":"assets/products/CA-000000100730.webp","tags":["puñal","pirata","con","calaveras","stasio","7305"]},{"id":"CA-779908802600","nombre":"REVOLVER COWBOY PLASTICO x1 GOAC20","categoria":"Halloween","subcategoria":"Accesorios Para Disfraz","precio":2781.1,"destacado":false,"descripcion":"","imagen":"assets/products/CA-779908802600.webp","tags":["revolver","cowboy","plastico","goac20"]},{"id":"CA-075469751287","nombre":"SANGRE ARTIFICIAL COMESTIBLE ROJA RADHA 15 gr. X 4 UNIDADES","categoria":"Halloween","subcategoria":"Accesorios Para Disfraz","precio":2646.17,"destacado":false,"descripcion":"","imagen":"assets/products/CA-075469751287.webp","tags":["sangre","artificial","comestible","roja","radha","unidades"]},{"id":"CA-690102850250","nombre":"SANGRE LIQUIDA ROJA ARTELIGTH 10 ml. X 3 UNIDADES ART.2054","categoria":"Halloween","subcategoria":"Accesorios Para Disfraz","precio":1534.95,"destacado":false,"descripcion":"","imagen":"assets/products/CA-690102850250.webp","tags":["sangre","liquida","roja","arteligth","unidades","art","2054"]},{"id":"CA-779830177621","nombre":"SANGRE LIQUIDA ROJA EN SPRAY 30 ml. X 3 UNIDADES ART.81801 PINTAFAN","categoria":"Halloween","subcategoria":"Accesorios Para Disfraz","precio":2566.08,"destacado":false,"descripcion":"","imagen":"assets/products/CA-779830177621.webp","tags":["sangre","liquida","roja","spray","unidades","art","81801","pintafan"]},{"id":"CA-779827381819","nombre":"SANGRE LIQUIDA ROJA PINTAFAN 20 ml. X 6 UNIDADES ART.980-0001","categoria":"Halloween","subcategoria":"Accesorios Para Disfraz","precio":3017.95,"destacado":false,"descripcion":"","imagen":"assets/products/CA-779827381819.webp","tags":["sangre","liquida","roja","pintafan","unidades","art","980","0001"]},{"id":"CA-000001100324","nombre":"SERRUCHO CON SANGRE STASIO x1 HS0008-S","categoria":"Halloween","subcategoria":"Accesorios Para Disfraz","precio":2781.61,"destacado":false,"descripcion":"","imagen":"assets/products/CA-000001100324.webp","tags":["serrucho","con","sangre","stasio","hs0008"]},{"id":"CA-679749920300","nombre":"SET ALAS BRILLO DORADO (VINCHA-VARITA) x1 DA0030-02 CA","categoria":"Halloween","subcategoria":"Accesorios Para Disfraz","precio":2078.56,"destacado":false,"descripcion":"","imagen":"assets/products/CA-679749920300.webp","tags":["set","alas","brillo","dorado","vincha","varita","da0030"]},{"id":"CA-679749930300","nombre":"SET ALAS BRILLO DORADO (VINCHA-VARITA) x1 DA0030-03 CA","categoria":"Halloween","subcategoria":"Accesorios Para Disfraz","precio":2078.56,"destacado":false,"descripcion":"","imagen":"assets/products/CA-679749930300.webp","tags":["set","alas","brillo","dorado","vincha","varita","da0030"]},{"id":"CA-779908805701","nombre":"SET EGIPCIO CAYADO Y MAYAL  x1 GOAC56  PS","categoria":"Halloween","subcategoria":"Accesorios Para Disfraz","precio":6808.9,"destacado":false,"descripcion":"","imagen":"assets/products/CA-779908805701.webp","tags":["set","egipcio","cayado","mayal","goac56"]},{"id":"CA-779908805722","nombre":"SET SPARTAN (MASCARA Y ESPADA) 76.5cm x1 GOAC62  PS","categoria":"Halloween","subcategoria":"Accesorios Para Disfraz","precio":13090.35,"destacado":false,"descripcion":"","imagen":"assets/products/CA-779908805722.webp","tags":["set","spartan","mascara","espada","5cm","goac62"]},{"id":"CA-202500000541","nombre":"TATTOO HERIDAS SANGRIENTAS SURTIDAS x12 FP541 CA","categoria":"Halloween","subcategoria":"Accesorios Para Disfraz","precio":3227.88,"destacado":false,"descripcion":"","imagen":"assets/products/CA-202500000541.webp","tags":["tattoo","heridas","sangrientas","surtidas","x12","fp541"]},{"id":"CA-202500000544","nombre":"TATTOO INFANTIL HALLOWEEN SURTIDOS  x12 FP544 CA","categoria":"Halloween","subcategoria":"Accesorios Para Disfraz","precio":4517.82,"destacado":false,"descripcion":"","imagen":"assets/products/CA-202500000544.webp","tags":["tattoo","infantil","halloween","surtidos","x12","fp544"]},{"id":"CA-000000058130","nombre":"TIRADORES HALLOWEEN MODELO SURTIDOS x1 FP424-03 CA","categoria":"Halloween","subcategoria":"Accesorios Para Disfraz","precio":2750.0,"destacado":false,"descripcion":"","imagen":"assets/products/CA-000000058130.webp","tags":["tiradores","halloween","modelo","surtidos","fp424"]},{"id":"CA-202530000424","nombre":"TIRADORES HALLOWEEN MODELO SURTIDOS x3 FP424-03 CA","categoria":"Halloween","subcategoria":"Accesorios Para Disfraz","precio":8247.0,"destacado":false,"descripcion":"","imagen":"assets/products/CA-202530000424.webp","tags":["tiradores","halloween","modelo","surtidos","fp424"]},{"id":"CA-000003500311","nombre":"TRIDENTE DIABLO CALAVERA ROJA STASIO x1 HT0004","categoria":"Halloween","subcategoria":"Accesorios Para Disfraz","precio":2060.17,"destacado":false,"descripcion":"","imagen":"assets/products/CA-000003500311.webp","tags":["tridente","diablo","calavera","roja","stasio","ht0004"]},{"id":"CA-000003100303","nombre":"TRIDENTE DIABLO CHICO STASIO (PACKx10) HT0001","categoria":"Halloween","subcategoria":"Accesorios Para Disfraz","precio":7504.52,"destacado":false,"descripcion":"","imagen":"assets/products/CA-000003100303.webp","tags":["tridente","diablo","chico","stasio","packx10","ht0001"]},{"id":"CA-000003500304","nombre":"TRIDENTE DIABLO GRANDE STASIO (PACKx5) HT0002-5","categoria":"Halloween","subcategoria":"Accesorios Para Disfraz","precio":6164.3,"destacado":false,"descripcion":"","imagen":"assets/products/CA-000003500304.webp","tags":["tridente","diablo","grande","stasio","packx5","ht0002"]},{"id":"CA-803410700553","nombre":"TUTU  HALLOWEEN SANGRIENTO x1 YJ0680","categoria":"Halloween","subcategoria":"Accesorios Para Disfraz","precio":2308.5,"destacado":false,"descripcion":"","imagen":"assets/products/CA-803410700553.webp","tags":["tutu","halloween","sangriento","yj0680"]},{"id":"CA-679740820139","nombre":"TUTU HALLOWEEN ESTAMPADO MURCIELAGO/TELA ARAÑA  x1 PA0139-01 CA","categoria":"Halloween","subcategoria":"Accesorios Para Disfraz","precio":3984.28,"destacado":false,"descripcion":"","imagen":"assets/products/CA-679740820139.webp","tags":["tutu","halloween","estampado","murcielago","tela","araña","pa0139"]},{"id":"CA-679740823139","nombre":"TUTU HALLOWEEN ESTAMPADO TELA ARAÑA x1 PA0139-03 CA","categoria":"Halloween","subcategoria":"Accesorios Para Disfraz","precio":3984.28,"destacado":false,"descripcion":"","imagen":"assets/products/CA-679740823139.webp","tags":["tutu","halloween","estampado","tela","araña","pa0139"]}]}