{"category_slug":"halloween","subcategory_slug":"ambientacion","page":3,"page_size":48,"total":336,"items":[{"id":"CA-202500000658","nombre":"COLGANTE ESPANTAPAJARROS CALABAZA 51cm x 40cm x1 FP0658  CA","categoria":"Halloween","subcategoria":"Ambientacion","precio":5337.02,"destacado":false,"descripcion":"","imagen":"assets/products/CA-202500000658.webp","tags":["colgante","espantapajarros","calabaza","51cm","40cm","fp0658"]},{"id":"CA-202590000353","nombre":"COLGANTE ESPANTO CALAVERA 1.35cm SONIDO/LUZ  x1 DC0353 CA","categoria":"Halloween","subcategoria":"Ambientacion","precio":11811.13,"destacado":false,"descripcion":"","imagen":"assets/products/CA-202590000353.webp","tags":["colgante","espanto","calavera","35cm","sonido","luz","dc0353"]},{"id":"CA-202510000990","nombre":"COLGANTE ESQUELETO MOMIA 51cm x1 FP0990-01 CA","categoria":"Halloween","subcategoria":"Ambientacion","precio":12560.02,"destacado":false,"descripcion":"","imagen":"assets/products/CA-202510000990.webp","tags":["colgante","esqueleto","momia","51cm","fp0990"]},{"id":"CA-779908805189","nombre":"COLGANTE ESQUELETO NOVIA (45x11x11cm) x1 HD614 PS","categoria":"Halloween","subcategoria":"Ambientacion","precio":6617.1,"destacado":false,"descripcion":"","imagen":"assets/products/CA-779908805189.webp","tags":["colgante","esqueleto","novia","45x11x11cm","hd614"]},{"id":"CA-779908805191","nombre":"COLGANTE ESQUELETO PAYASO (FUNKY) (40x12,5x6,5cm) x1 HD616 PS","categoria":"Halloween","subcategoria":"Ambientacion","precio":7192.5,"destacado":false,"descripcion":"","imagen":"assets/products/CA-779908805191.webp","tags":["colgante","esqueleto","payaso","funky","40x12","5x6","5cm","hd616"]},{"id":"CA-202520000990","nombre":"COLGANTE ESQUELETO PIRATA 51cm x1 FP0990-02 CA","categoria":"Halloween","subcategoria":"Ambientacion","precio":12560.02,"destacado":false,"descripcion":"","imagen":"assets/products/CA-202520000990.webp","tags":["colgante","esqueleto","pirata","51cm","fp0990"]},{"id":"CA-202530000984","nombre":"COLGANTE ESQUELETO SIRENA GALERA 42cm x1 FP0984-03 CA","categoria":"Halloween","subcategoria":"Ambientacion","precio":10206.36,"destacado":false,"descripcion":"","imagen":"assets/products/CA-202530000984.webp","tags":["colgante","esqueleto","sirena","galera","42cm","fp0984"]},{"id":"CA-202560000984","nombre":"COLGANTE ESQUELETO SIRENA NOVIA 42cm x1 FP0984-06 CA","categoria":"Halloween","subcategoria":"Ambientacion","precio":10206.36,"destacado":false,"descripcion":"","imagen":"assets/products/CA-202560000984.webp","tags":["colgante","esqueleto","sirena","novia","42cm","fp0984"]},{"id":"CA-202550000984","nombre":"COLGANTE ESQUELETO SIRENA NOVIO 42cm x1 FP0984-05 CA","categoria":"Halloween","subcategoria":"Ambientacion","precio":8165.09,"destacado":false,"descripcion":"","imagen":"assets/products/CA-202550000984.webp","tags":["colgante","esqueleto","sirena","novio","42cm","fp0984"]},{"id":"CA-202540000984","nombre":"COLGANTE ESQUELETO SIRENA PIRATA 42cm x1 FP0984-04 CA","categoria":"Halloween","subcategoria":"Ambientacion","precio":8165.09,"destacado":false,"descripcion":"","imagen":"assets/products/CA-202540000984.webp","tags":["colgante","esqueleto","sirena","pirata","42cm","fp0984"]},{"id":"CA-202510000661","nombre":"COLGANTE FANTASMA CALAVERA LUZ Y SONIDO 1.80mts x 50cm x1 FP0661-01 CA","categoria":"Halloween","subcategoria":"Ambientacion","precio":47103.94,"destacado":false,"descripcion":"","imagen":"assets/products/CA-202510000661.webp","tags":["colgante","fantasma","calavera","luz","sonido","80mts","50cm","fp0661"]},{"id":"CA-679740820945","nombre":"COLGANTE FUEGO Y LUZ HALLOWEEN   x1 PA0945 CA","categoria":"Halloween","subcategoria":"Ambientacion","precio":18056.02,"destacado":false,"descripcion":"","imagen":"assets/products/CA-679740820945.webp","tags":["colgante","fuego","luz","halloween","pa0945"]},{"id":"CA-237187609012","nombre":"COLGANTE GIGANTE CALAVERA CON LUZ Y SONIDO x1 9012LT","categoria":"Halloween","subcategoria":"Ambientacion","precio":25242.0,"destacado":false,"descripcion":"","imagen":"assets/products/CA-237187609012.webp","tags":["colgante","gigante","calavera","con","luz","sonido","9012lt"]},{"id":"CA-237187609013","nombre":"COLGANTE GIGANTE PAYASO CON LUZ Y SONIDO x1 9013LT","categoria":"Halloween","subcategoria":"Ambientacion","precio":25242.0,"destacado":false,"descripcion":"","imagen":"assets/products/CA-237187609013.webp","tags":["colgante","gigante","payaso","con","luz","sonido","9013lt"]},{"id":"CA-237187609010","nombre":"COLGANTE GRANDE BRUJA CON LUZ Y SONIDO x1 9010LT","categoria":"Halloween","subcategoria":"Ambientacion","precio":16297.5,"destacado":false,"descripcion":"","imagen":"assets/products/CA-237187609010.webp","tags":["colgante","grande","bruja","con","luz","sonido","9010lt"]},{"id":"CA-237187609009","nombre":"COLGANTE GRANDE CALAVERA CON LUZ Y SONIDO x1 9009LT","categoria":"Halloween","subcategoria":"Ambientacion","precio":16297.5,"destacado":false,"descripcion":"","imagen":"assets/products/CA-237187609009.webp","tags":["colgante","grande","calavera","con","luz","sonido","9009lt"]},{"id":"CA-237187609011","nombre":"COLGANTE GRANDE PAYASO CON LUZ Y SONIDO x1 9011LT","categoria":"Halloween","subcategoria":"Ambientacion","precio":16297.5,"destacado":false,"descripcion":"","imagen":"assets/products/CA-237187609011.webp","tags":["colgante","grande","payaso","con","luz","sonido","9011lt"]},{"id":"CA-237187609008","nombre":"COLGANTE MEDIANO CALABAZA CON LUZ Y SONIDO x1 9008LT","categoria":"Halloween","subcategoria":"Ambientacion","precio":8844.38,"destacado":false,"descripcion":"","imagen":"assets/products/CA-237187609008.webp","tags":["colgante","mediano","calabaza","con","luz","sonido","9008lt"]},{"id":"CA-237187609006","nombre":"COLGANTE MEDIANO CALAVERA CON LUZ Y SONIDO x1 9006LT","categoria":"Halloween","subcategoria":"Ambientacion","precio":8844.38,"destacado":false,"descripcion":"","imagen":"assets/products/CA-237187609006.webp","tags":["colgante","mediano","calavera","con","luz","sonido","9006lt"]},{"id":"CA-237187609007","nombre":"COLGANTE MEDIANO SCREAM CON LUZ Y SONIDO x1 9007LT","categoria":"Halloween","subcategoria":"Ambientacion","precio":8844.38,"destacado":false,"descripcion":"","imagen":"assets/products/CA-237187609007.webp","tags":["colgante","mediano","scream","con","luz","sonido","9007lt"]},{"id":"CA-202590000352","nombre":"COLGANTE MOMIA ATRAPADA SONIDO/LUZ 1.80cm x1 DC0352 CA","categoria":"Halloween","subcategoria":"Ambientacion","precio":22443.62,"destacado":false,"descripcion":"","imagen":"assets/products/CA-202590000352.webp","tags":["colgante","momia","atrapada","sonido","luz","80cm","dc0352"]},{"id":"CA-779908805330","nombre":"COLGANTE MUERTE ALADA LUZ/SONIDO/MOVIMIENTO 91.5cmx1 HD755 PS","categoria":"Halloween","subcategoria":"Ambientacion","precio":50827.0,"destacado":false,"descripcion":"","imagen":"assets/products/CA-779908805330.webp","tags":["colgante","muerte","alada","luz","sonido","movimiento","5cmx1","hd755"]},{"id":"CA-679749900083","nombre":"COLGANTE MURCIELAGO 17cmx40cm x1 DA0083 CA","categoria":"Halloween","subcategoria":"Ambientacion","precio":3536.62,"destacado":false,"descripcion":"","imagen":"assets/products/CA-679749900083.webp","tags":["colgante","murcielago","17cmx40cm","da0083"]},{"id":"CA-202590000355","nombre":"COLGANTE MUÑECA ANNABELLE 80cm CON LUZ x1 DC0355 CA","categoria":"Halloween","subcategoria":"Ambientacion","precio":19220.6,"destacado":false,"descripcion":"","imagen":"assets/products/CA-202590000355.webp","tags":["colgante","muñeca","annabelle","80cm","con","luz","dc0355"]},{"id":"CA-779908805319","nombre":"COLGANTE MUÑECA MERLINA 31cm x1 HD744 PS","categoria":"Halloween","subcategoria":"Ambientacion","precio":11028.5,"destacado":false,"descripcion":"","imagen":"assets/products/CA-779908805319.webp","tags":["colgante","muñeca","merlina","31cm","hd744"]},{"id":"CA-202500000528","nombre":"COLGANTE MUÑECO LLORANDO 40x22cm CON LUZ Y SONIDO x1 FP0528 CA","categoria":"Halloween","subcategoria":"Ambientacion","precio":4548.39,"destacado":false,"descripcion":"","imagen":"assets/products/CA-202500000528.webp","tags":["colgante","muñeco","llorando","40x22cm","con","luz","sonido","fp0528"]},{"id":"CA-202590000138","nombre":"COLGANTE NENA MALEFICA CON SANGRE Y LUZ 35cm x3 DC0138 CA","categoria":"Halloween","subcategoria":"Ambientacion","precio":6008.73,"destacado":false,"descripcion":"","imagen":"assets/products/CA-202590000138.webp","tags":["colgante","nena","malefica","con","sangre","luz","35cm","dc0138"]},{"id":"CA-202500000521","nombre":"COLGANTE NOVIA 80x60cm CON LUZ Y SONIDO x1 FP0521 CA","categoria":"Halloween","subcategoria":"Ambientacion","precio":8005.54,"destacado":false,"descripcion":"","imagen":"assets/products/CA-202500000521.webp","tags":["colgante","novia","80x60cm","con","luz","sonido","fp0521"]},{"id":"CA-779908805222","nombre":"COLGANTE NOVIA ABANDONADA CON LUZ 87cmx1 HD647 PS","categoria":"Halloween","subcategoria":"Ambientacion","precio":15535.8,"destacado":false,"descripcion":"","imagen":"assets/products/CA-779908805222.webp","tags":["colgante","novia","abandonada","con","luz","87cmx1","hd647"]},{"id":"CA-202520000661","nombre":"COLGANTE NOVIA FANTASMA LUZ Y SONIDO 1.80mts x1 FP0661-02 CA","categoria":"Halloween","subcategoria":"Ambientacion","precio":47103.94,"destacado":false,"descripcion":"","imagen":"assets/products/CA-202520000661.webp","tags":["colgante","novia","fantasma","luz","sonido","80mts","fp0661"]},{"id":"CA-679740820319","nombre":"COLGANTE NOVIA FANTASMA LUZ Y SONIDO 1.80mts x1 PA0319 CA","categoria":"Halloween","subcategoria":"Ambientacion","precio":47103.94,"destacado":false,"descripcion":"","imagen":"assets/products/CA-679740820319.webp","tags":["colgante","novia","fantasma","luz","sonido","80mts","pa0319"]},{"id":"CA-202520000520","nombre":"COLGANTE PAYASO BLANCO 80x50cm CON LUZ Y SONIDO x1 FP0520-02 CA","categoria":"Halloween","subcategoria":"Ambientacion","precio":8794.18,"destacado":false,"descripcion":"","imagen":"assets/products/CA-202520000520.webp","tags":["colgante","payaso","blanco","80x50cm","con","luz","sonido","fp0520"]},{"id":"CA-202590000339","nombre":"COLGANTE PAYASO BLANCO Y NEGRO 1.50mts SONIDO/LUZ x1 DC0339 CA","categoria":"Halloween","subcategoria":"Ambientacion","precio":29185.49,"destacado":false,"descripcion":"","imagen":"assets/products/CA-202590000339.webp","tags":["colgante","payaso","blanco","negro","50mts","sonido","luz","dc0339"]},{"id":"CA-202591000330","nombre":"COLGANTE PAYASO CON GALERA TERROR  2mts SONIDO/LUZ x1 DC0330-01 CA","categoria":"Halloween","subcategoria":"Ambientacion","precio":38221.14,"destacado":false,"descripcion":"","imagen":"assets/products/CA-202591000330.webp","tags":["colgante","payaso","con","galera","terror","2mts","sonido","luz","dc0330"]},{"id":"CA-202590000340","nombre":"COLGANTE PAYASO MULTICOLOR 1.50mts SONIDO/LUZ/MOVIMIENTO x1 DC0340 CA","categoria":"Halloween","subcategoria":"Ambientacion","precio":32009.9,"destacado":false,"descripcion":"","imagen":"assets/products/CA-202590000340.webp","tags":["colgante","payaso","multicolor","50mts","sonido","luz","movimiento","dc0340"]},{"id":"CA-202510000520","nombre":"COLGANTE PAYASO NARANJA 80x50cm CON LUZ Y SONIDO x1 FP0520-01 CA","categoria":"Halloween","subcategoria":"Ambientacion","precio":8794.18,"destacado":false,"descripcion":"","imagen":"assets/products/CA-202510000520.webp","tags":["colgante","payaso","naranja","80x50cm","con","luz","sonido","fp0520"]},{"id":"CA-202592000351","nombre":"COLGANTE PAYASO TERROR A CUADROS 70cmx1 DC0351-02 CA","categoria":"Halloween","subcategoria":"Ambientacion","precio":6260.12,"destacado":false,"descripcion":"","imagen":"assets/products/CA-202592000351.webp","tags":["colgante","payaso","terror","cuadros","70cmx1","dc0351"]},{"id":"CA-202593000351","nombre":"COLGANTE PAYASO TERROR A LUNARES 70cmx1 DC0351-03 CA","categoria":"Halloween","subcategoria":"Ambientacion","precio":6260.12,"destacado":false,"descripcion":"","imagen":"assets/products/CA-202593000351.webp","tags":["colgante","payaso","terror","lunares","70cmx1","dc0351"]},{"id":"CA-202591000351","nombre":"COLGANTE PAYASO TERROR ROJO 70cmx1 DC0351-01 CA","categoria":"Halloween","subcategoria":"Ambientacion","precio":6260.12,"destacado":false,"descripcion":"","imagen":"assets/products/CA-202591000351.webp","tags":["colgante","payaso","terror","rojo","70cmx1","dc0351"]},{"id":"CA-679740820554","nombre":"COLGANTE SIRENA CON PELO ROJO TERROR  x1 PA0554 CA","categoria":"Halloween","subcategoria":"Ambientacion","precio":13522.59,"destacado":false,"descripcion":"","imagen":"assets/products/CA-679740820554.webp","tags":["colgante","sirena","con","pelo","rojo","terror","pa0554"]},{"id":"CA-779908805273","nombre":"COLGANTE SUSURROS NOCTURNOS LUZ/SONIDO/MOVIMIENTO 150cmx1 HD698 PS","categoria":"Halloween","subcategoria":"Ambientacion","precio":29729.0,"destacado":false,"descripcion":"","imagen":"assets/products/CA-779908805273.webp","tags":["colgante","susurros","nocturnos","luz","sonido","movimiento","150cmx1","hd698"]},{"id":"CA-202500000927","nombre":"CORTINA CUADRADA HALLOWEEN SCREAM x6 FP927 CA","categoria":"Halloween","subcategoria":"Ambientacion","precio":13174.42,"destacado":false,"descripcion":"","imagen":"assets/products/CA-202500000927.webp","tags":["cortina","cuadrada","halloween","scream","fp927"]},{"id":"CA-679740820560","nombre":"CORTINA CUADRADO BRICK WALL HALLOWEEN VIOLETA ESTAMPADA 1x2mt x1 PA0560 CA","categoria":"Halloween","subcategoria":"Ambientacion","precio":1095.61,"destacado":false,"descripcion":"","imagen":"assets/products/CA-679740820560.webp","tags":["cortina","cuadrado","brick","wall","halloween","violeta","estampada","1x2mt","pa0560"]},{"id":"CA-202500000662","nombre":"CORTINA DE GASA SANGRIENTA 1mts x0.90cm x1 FP662 CA","categoria":"Halloween","subcategoria":"Ambientacion","precio":4554.5,"destacado":false,"descripcion":"","imagen":"assets/products/CA-202500000662.webp","tags":["cortina","gasa","sangrienta","1mts","90cm","fp662"]},{"id":"CA-000000058184","nombre":"CORTINA HALLOWEEN FANTASMAS METAL x1 FP926 CA","categoria":"Halloween","subcategoria":"Ambientacion","precio":3849.17,"destacado":false,"descripcion":"","imagen":"assets/products/CA-000000058184.webp","tags":["cortina","halloween","fantasmas","metal","fp926"]},{"id":"CA-202500000926","nombre":"CORTINA HALLOWEEN FANTASMAS METAL x4 FP926 CA","categoria":"Halloween","subcategoria":"Ambientacion","precio":15396.68,"destacado":false,"descripcion":"","imagen":"assets/products/CA-202500000926.webp","tags":["cortina","halloween","fantasmas","metal","fp926"]},{"id":"CA-202500000635","nombre":"CORTINA METALIZADA HAPPY HALLOWEEN x1 FP635-07 CA","categoria":"Halloween","subcategoria":"Ambientacion","precio":1233.0,"destacado":false,"descripcion":"","imagen":"assets/products/CA-202500000635.webp","tags":["cortina","metalizada","happy","halloween","fp635"]},{"id":"CA-779908804081","nombre":"CORTINA MURCIELAGO DE ENCAJE 95x57cm x1 HD345 PS","categoria":"Halloween","subcategoria":"Ambientacion","precio":3883.95,"destacado":false,"descripcion":"","imagen":"assets/products/CA-779908804081.webp","tags":["cortina","murcielago","encaje","95x57cm","hd345"]}]}