{"category_slug":"halloween","subcategory_slug":"ambientacion","page":1,"page_size":48,"total":336,"items":[{"id":"CA-000000057764","nombre":"ADORNO CALAVERA BLANCA PATRIMAR x2u.","categoria":"Halloween","subcategoria":"Ambientacion","precio":1603.34,"destacado":false,"descripcion":"","imagen":"assets/products/CA-000000057764.webp","tags":["adorno","calavera","blanca","patrimar","x2u"]},{"id":"CA-202590000308","nombre":"ADORNO CALAVERA SONIDO/LUZ  x1 DC0308 C.A","categoria":"Halloween","subcategoria":"Ambientacion","precio":9781.48,"destacado":false,"descripcion":"","imagen":"assets/products/CA-202590000308.webp","tags":["adorno","calavera","sonido","luz","dc0308"]},{"id":"CA-202590000033","nombre":"ADORNO CALAVERA SONIDO/LUZ  x1 DC033 C.A","categoria":"Halloween","subcategoria":"Ambientacion","precio":5257.54,"destacado":false,"descripcion":"","imagen":"assets/products/CA-202590000033.webp","tags":["adorno","calavera","sonido","luz","dc033"]},{"id":"CA-202500001230","nombre":"ADORNO COLGANTE  HALLOWEEN SURTIDO CON LUZ x4 FP1230 C.A","categoria":"Halloween","subcategoria":"Ambientacion","precio":6942.1,"destacado":false,"descripcion":"","imagen":"assets/products/CA-202500001230.webp","tags":["adorno","colgante","halloween","surtido","con","luz","fp1230"]},{"id":"CA-679740823769","nombre":"ADORNO COLGANTE HALLOWEEN BRILLO VARIOS MODELOS x1 PA0769 CA","categoria":"Halloween","subcategoria":"Ambientacion","precio":900.0,"destacado":false,"descripcion":"","imagen":"assets/products/CA-679740823769.webp","tags":["adorno","colgante","halloween","brillo","varios","modelos","pa0769"]},{"id":"CA-000005000300","nombre":"ADORNO COLGANTE HAPPY HALLOWEEN NARANJA STASIO x1 HA0003","categoria":"Halloween","subcategoria":"Ambientacion","precio":2027.77,"destacado":false,"descripcion":"","imagen":"assets/products/CA-000005000300.webp","tags":["adorno","colgante","happy","halloween","naranja","stasio","ha0003"]},{"id":"CA-000001500030","nombre":"ADORNO COLGANTE HAPPY HALLOWEEN VIOLETA STASIO x1 HA0003","categoria":"Halloween","subcategoria":"Ambientacion","precio":2027.77,"destacado":false,"descripcion":"","imagen":"assets/products/CA-000001500030.webp","tags":["adorno","colgante","happy","halloween","violeta","stasio","ha0003"]},{"id":"CA-202500000660","nombre":"ADORNO COLGANTE PAYASO DIABOLICO CON LUZ 46cm x 38cm x1 FP0660  CA","categoria":"Halloween","subcategoria":"Ambientacion","precio":14916.74,"destacado":false,"descripcion":"","imagen":"assets/products/CA-202500000660.webp","tags":["adorno","colgante","payaso","diabolico","con","luz","46cm","38cm","fp0660"]},{"id":"CA-679740820303","nombre":"ADORNO COLGANTE PAYASO IT CON LUZ  x1 PA0303 CA","categoria":"Halloween","subcategoria":"Ambientacion","precio":14134.24,"destacado":false,"descripcion":"","imagen":"assets/products/CA-679740820303.webp","tags":["adorno","colgante","payaso","con","luz","pa0303"]},{"id":"CA-000000053651","nombre":"ADORNO CRUZ HALLOWEEN x1 DG1111A","categoria":"Halloween","subcategoria":"Ambientacion","precio":1708.0,"destacado":false,"descripcion":"","imagen":"assets/products/CA-000000053651.webp","tags":["adorno","cruz","halloween","dg1111a"]},{"id":"CA-000000053648","nombre":"ADORNO GATO CON MOÑO x1 DG1105A","categoria":"Halloween","subcategoria":"Ambientacion","precio":1708.0,"destacado":false,"descripcion":"","imagen":"assets/products/CA-000000053648.webp","tags":["adorno","gato","con","moño","dg1105a"]},{"id":"CA-000000053645","nombre":"ADORNO GORRO BRUJA RAYAS  x1 DG1106A","categoria":"Halloween","subcategoria":"Ambientacion","precio":1330.0,"destacado":false,"descripcion":"","imagen":"assets/products/CA-000000053645.webp","tags":["adorno","gorro","bruja","rayas","dg1106a"]},{"id":"CA-679740820771","nombre":"ADORNO JARDIN HALLOWEEN BRILLO VARIOS MODELOS x1 PA0771 CA","categoria":"Halloween","subcategoria":"Ambientacion","precio":2372.02,"destacado":false,"descripcion":"","imagen":"assets/products/CA-679740820771.webp","tags":["adorno","jardin","halloween","brillo","varios","modelos","pa0771"]},{"id":"CA-679740820772","nombre":"ADORNO JARDIN HALLOWEEN BRILLO VARIOS MODELOS x1 PA0772 CA","categoria":"Halloween","subcategoria":"Ambientacion","precio":2372.02,"destacado":false,"descripcion":"","imagen":"assets/products/CA-679740820772.webp","tags":["adorno","jardin","halloween","brillo","varios","modelos","pa0772"]},{"id":"CA-679740820588","nombre":"ADORNO PUERTA BRUJA CALAVERA CON LUZ  x1 PA0588 CA","categoria":"Halloween","subcategoria":"Ambientacion","precio":3120.02,"destacado":false,"descripcion":"","imagen":"assets/products/CA-679740820588.webp","tags":["adorno","puerta","bruja","calavera","con","luz","pa0588"]},{"id":"CA-679740820587","nombre":"ADORNO PUERTA CALABAZA BRUJA CON LUZ  x1 PA0587 CA","categoria":"Halloween","subcategoria":"Ambientacion","precio":3120.02,"destacado":false,"descripcion":"","imagen":"assets/products/CA-679740820587.webp","tags":["adorno","puerta","calabaza","bruja","con","luz","pa0587"]},{"id":"CA-679740820590","nombre":"ADORNO PUERTA CALAVERA/CALABAZA CON LUZ  x1 PA0590 CA","categoria":"Halloween","subcategoria":"Ambientacion","precio":3120.02,"destacado":false,"descripcion":"","imagen":"assets/products/CA-679740820590.webp","tags":["adorno","puerta","calavera","calabaza","con","luz","pa0590"]},{"id":"CA-779815299812","nombre":"AFICHE CALACAS FONDO BLANCO HAPPY DAY x2 DIVERCOTY","categoria":"Halloween","subcategoria":"Ambientacion","precio":1485.0,"destacado":false,"descripcion":"","imagen":"assets/products/CA-779815299812.webp","tags":["afiche","calacas","fondo","blanco","happy","day","divercoty"]},{"id":"CA-202500000409","nombre":"ALAMBRE DE PUAS HALLOWEEN 2.5mts x1 FP409","categoria":"Halloween","subcategoria":"Ambientacion","precio":2674.62,"destacado":false,"descripcion":"","imagen":"assets/products/CA-202500000409.webp","tags":["alambre","puas","halloween","5mts","fp409"]},{"id":"CA-779908805395","nombre":"ALFOMBRA SANGRIENTA 40X60cm x1 HD795 PS","categoria":"Halloween","subcategoria":"Ambientacion","precio":4363.45,"destacado":false,"descripcion":"","imagen":"assets/products/CA-779908805395.webp","tags":["alfombra","sangrienta","40x60cm","hd795"]},{"id":"CA-000000058069","nombre":"ALFOMBRA SANGRIENTA CON SONIDO 40X60cm x1 HD795","categoria":"Halloween","subcategoria":"Ambientacion","precio":11712.75,"destacado":false,"descripcion":"","imagen":"assets/products/CA-000000058069.webp","tags":["alfombra","sangrienta","con","sonido","40x60cm","hd795"]},{"id":"CA-202520000668","nombre":"ANIMATRONIC BRUJA CON BANDEJA SONIDO/LUZ Y MOVIMIENTO 1.25mtsx1 FP668-02 CA","categoria":"Halloween","subcategoria":"Ambientacion","precio":92084.56,"destacado":false,"descripcion":"","imagen":"assets/products/CA-202520000668.webp","tags":["animatronic","bruja","con","bandeja","sonido","luz","movimiento","25mtsx1","fp668"]},{"id":"CA-779908804653","nombre":"ANIMATRONIC BRUJA DEL BOSQUE 305cm x1 HD512 PS","categoria":"Halloween","subcategoria":"Ambientacion","precio":743225.0,"destacado":false,"descripcion":"","imagen":"assets/products/CA-779908804653.webp","tags":["animatronic","bruja","del","bosque","305cm","hd512"]},{"id":"CA-779908803342","nombre":"ANIMATRONIC DEMONIO DE LA MOTOSIERRA 130x18x170cm HD767 PS","categoria":"Halloween","subcategoria":"Ambientacion","precio":120258.6,"destacado":false,"descripcion":"","imagen":"assets/products/CA-779908803342.webp","tags":["animatronic","demonio","motosierra","130x18x170cm","hd767"]},{"id":"CA-202590000312","nombre":"ANIMATRONIC ESQUELETO CAPA AMARILLA 93cm SONIDO/LUZ Y MOVIMIENTO x1 DC0312 CA","categoria":"Halloween","subcategoria":"Ambientacion","precio":99526.58,"destacado":false,"descripcion":"","imagen":"assets/products/CA-202590000312.webp","tags":["animatronic","esqueleto","capa","amarilla","93cm","sonido","luz","movimiento","dc0312"]},{"id":"CA-679740820292","nombre":"ANIMATRONIC ESQUELETO Y ATAUD SONIDO-MOVIMIENTO  x1 PA0292 CA","categoria":"Halloween","subcategoria":"Ambientacion","precio":76931.32,"destacado":false,"descripcion":"","imagen":"assets/products/CA-679740820292.webp","tags":["animatronic","esqueleto","ataud","sonido","movimiento","pa0292"]},{"id":"CA-779908805337","nombre":"ANIMATRONIC GUARDIAN MACABRO DEL CEMENTERIO 160x100x18cm HD762 PS","categoria":"Halloween","subcategoria":"Ambientacion","precio":96571.3,"destacado":false,"descripcion":"","imagen":"assets/products/CA-779908805337.webp","tags":["animatronic","guardian","macabro","del","cementerio","160x100x18cm","hd762"]},{"id":"CA-202500001451","nombre":"ANIMATRONIC MATRIMONIO ESQUELETO CON SONIDO Y LUZ 2mtsx1 FP1451 CA","categoria":"Halloween","subcategoria":"Ambientacion","precio":408215.4,"destacado":false,"descripcion":"","imagen":"assets/products/CA-202500001451.webp","tags":["animatronic","matrimonio","esqueleto","con","sonido","luz","2mtsx1","fp1451"]},{"id":"CA-202510000668","nombre":"ANIMATRONIC MAYORDOMO SONIDO/LUZ Y MOVIMIENTO 1.25MTSx1 FP668-01 CA","categoria":"Halloween","subcategoria":"Ambientacion","precio":92084.56,"destacado":false,"descripcion":"","imagen":"assets/products/CA-202510000668.webp","tags":["animatronic","mayordomo","sonido","luz","movimiento","25mtsx1","fp668"]},{"id":"CA-202590000345","nombre":"ANIMATRONIC MOMIA SE ARRASTRA SONIDO/LUZ Y MOVIMIENTO x1 DC0345 CA","categoria":"Halloween","subcategoria":"Ambientacion","precio":44750.26,"destacado":false,"descripcion":"","imagen":"assets/products/CA-202590000345.webp","tags":["animatronic","momia","arrastra","sonido","luz","movimiento","dc0345"]},{"id":"CA-202510000449","nombre":"ANIMATRONIC PAYASO CON BANDEJA SONIDO/LUZ Y MOVIMIENTO x1 DC0449-01 CA","categoria":"Halloween","subcategoria":"Ambientacion","precio":124029.18,"destacado":false,"descripcion":"","imagen":"assets/products/CA-202510000449.webp","tags":["animatronic","payaso","con","bandeja","sonido","luz","movimiento","dc0449"]},{"id":"CA-779908805341","nombre":"ANIMATRONIC PAYASO DEL ABISMO 170x120x20cm HD766 PS","categoria":"Halloween","subcategoria":"Ambientacion","precio":109709.6,"destacado":false,"descripcion":"","imagen":"assets/products/CA-779908805341.webp","tags":["animatronic","payaso","del","abismo","170x120x20cm","hd766"]},{"id":"CA-202500000666","nombre":"ANIMATRONIC PAYASO Y NIÑA SONIDO - LUZ  Y MOVIMIENTO 2.10mtsx1 FP0666 CA","categoria":"Halloween","subcategoria":"Ambientacion","precio":741864.12,"destacado":false,"descripcion":"","imagen":"assets/products/CA-202500000666.webp","tags":["animatronic","payaso","niña","sonido","luz","movimiento","10mtsx1","fp0666"]},{"id":"CA-679749900630","nombre":"ANIMATRONIC VAMPIRA SE ARRASTRA  x1 DA0630 CA","categoria":"Halloween","subcategoria":"Ambientacion","precio":39985.19,"destacado":false,"descripcion":"","imagen":"assets/products/CA-679749900630.webp","tags":["animatronic","vampira","arrastra","da0630"]},{"id":"CA-202590000249","nombre":"ANIMATRONIC ZOMBIE 1.90cm SONIDO/LUZ Y MOVIMIENTO x1 DC0249/DC249 CA","categoria":"Halloween","subcategoria":"Ambientacion","precio":244341.38,"destacado":false,"descripcion":"","imagen":"assets/products/CA-202590000249.webp","tags":["animatronic","zombie","90cm","sonido","luz","movimiento","dc0249","dc249"]},{"id":"CA-202590000311","nombre":"ANIMATRONIC ZOMBIE 93cm SONIDO/LUZ Y MOVIMIENTO x1 DC0311 CA","categoria":"Halloween","subcategoria":"Ambientacion","precio":107596.3,"destacado":false,"descripcion":"","imagen":"assets/products/CA-202590000311.webp","tags":["animatronic","zombie","93cm","sonido","luz","movimiento","dc0311"]},{"id":"CA-779908805336","nombre":"ANIMATRONIC ZOMBIE ARRASTRADO ARRANCA CABEZA 56x50x30cm x1 HD761 PS","categoria":"Halloween","subcategoria":"Ambientacion","precio":88515.7,"destacado":false,"descripcion":"","imagen":"assets/products/CA-779908805336.webp","tags":["animatronic","zombie","arrastrado","arranca","cabeza","56x50x30cm","hd761"]},{"id":"CA-202590000344","nombre":"ANIMATRONIC ZOMBIE SE ARRASTRA SONIDO/LUZ Y MOVIMIENTO x1 DC0344 CA","categoria":"Halloween","subcategoria":"Ambientacion","precio":42060.36,"destacado":false,"descripcion":"","imagen":"assets/products/CA-202590000344.webp","tags":["animatronic","zombie","arrastra","sonido","luz","movimiento","dc0344"]},{"id":"CA-679740820490","nombre":"APLIQUE ARAÑAS VARIAS MEDIDAS CON ADHESIVOS 12u. x6 PA0490 CA","categoria":"Halloween","subcategoria":"Ambientacion","precio":9888.46,"destacado":false,"descripcion":"","imagen":"assets/products/CA-679740820490.webp","tags":["aplique","arañas","varias","medidas","con","adhesivos","12u","pa0490"]},{"id":"CA-202590000328","nombre":"ARAÑA BICOLOR NARANJA Y NEGRA 30cm x2 DC0328 CA","categoria":"Halloween","subcategoria":"Ambientacion","precio":5868.9,"destacado":false,"descripcion":"","imagen":"assets/products/CA-202590000328.webp","tags":["araña","bicolor","naranja","negra","30cm","dc0328"]},{"id":"CA-779908805277","nombre":"ARAÑA CAMINANTE (MOVIMIENTO) 114x10x28cm x1 HD702 PS","categoria":"Halloween","subcategoria":"Ambientacion","precio":32222.4,"destacado":false,"descripcion":"","imagen":"assets/products/CA-779908805277.webp","tags":["araña","caminante","movimiento","114x10x28cm","hd702"]},{"id":"CA-779908805260","nombre":"ARAÑA CON LUCES 120x10x24cm x1 HD685 PS","categoria":"Halloween","subcategoria":"Ambientacion","precio":25125.8,"destacado":false,"descripcion":"","imagen":"assets/products/CA-779908805260.webp","tags":["araña","con","luces","120x10x24cm","hd685"]},{"id":"CA-779908805270","nombre":"ARAÑA CON LUZ Y MOVIMIENTO 92x16x26cm x1 HD695 PS","categoria":"Halloween","subcategoria":"Ambientacion","precio":28770.0,"destacado":false,"descripcion":"","imagen":"assets/products/CA-779908805270.webp","tags":["araña","con","luz","movimiento","92x16x26cm","hd695"]},{"id":"CA-202591000324","nombre":"ARAÑA GIGANTE BICOLOR BLANCA Y NEGRA 1.25mts  x1 DC0324-01 CA","categoria":"Halloween","subcategoria":"Ambientacion","precio":7678.46,"destacado":false,"descripcion":"","imagen":"assets/products/CA-202591000324.webp","tags":["araña","gigante","bicolor","blanca","negra","25mts","dc0324"]},{"id":"CA-202593000324","nombre":"ARAÑA GIGANTE BICOLOR NARANJA Y NEGRA 1.25mts x1 DC0324-03 CA","categoria":"Halloween","subcategoria":"Ambientacion","precio":7678.46,"destacado":false,"descripcion":"","imagen":"assets/products/CA-202593000324.webp","tags":["araña","gigante","bicolor","naranja","negra","25mts","dc0324"]},{"id":"CA-202592000324","nombre":"ARAÑA GIGANTE BICOLOR ROJA Y NEGRA 1.25mts  x1 DC0324-02 CA","categoria":"Halloween","subcategoria":"Ambientacion","precio":7678.46,"destacado":false,"descripcion":"","imagen":"assets/products/CA-202592000324.webp","tags":["araña","gigante","bicolor","roja","negra","25mts","dc0324"]},{"id":"CA-779908805234","nombre":"ARAÑA GIGANTE MARRON 170x10x27cm x1 HD659 PS","categoria":"Halloween","subcategoria":"Ambientacion","precio":20043.1,"destacado":false,"descripcion":"","imagen":"assets/products/CA-779908805234.webp","tags":["araña","gigante","marron","170x10x27cm","hd659"]},{"id":"CA-202590000326","nombre":"ARAÑA GIGANTE NEGRA 1.25cm x1 DC0326 CA","categoria":"Halloween","subcategoria":"Ambientacion","precio":6984.0,"destacado":false,"descripcion":"","imagen":"assets/products/CA-202590000326.webp","tags":["araña","gigante","negra","25cm","dc0326"]}]}