{"category_slug":"halloween","subcategory_slug":"ambientacion","page":2,"page_size":48,"total":336,"items":[{"id":"CA-202590000323","nombre":"ARAÑA GRANDE  NEGRA 60cm x1 DC0323 CA","categoria":"Halloween","subcategoria":"Ambientacion","precio":4157.14,"destacado":false,"descripcion":"","imagen":"assets/products/CA-202590000323.webp","tags":["araña","grande","negra","60cm","dc0323"]},{"id":"CA-202590000338","nombre":"ARAÑA GRANDE MULTICOLOR PLUSH 60cm x1 DC00338 CA","categoria":"Halloween","subcategoria":"Ambientacion","precio":3484.65,"destacado":false,"descripcion":"","imagen":"assets/products/CA-202590000338.webp","tags":["araña","grande","multicolor","plush","60cm","dc00338"]},{"id":"CA-202590000167","nombre":"ARAÑA GRANDE NEGRA PELUDA 80 CM x1 DC0167 CA","categoria":"Halloween","subcategoria":"Ambientacion","precio":5419.56,"destacado":false,"descripcion":"","imagen":"assets/products/CA-202590000167.webp","tags":["araña","grande","negra","peluda","dc0167"]},{"id":"CA-679740820221","nombre":"ARAÑA GRANDE NEGRA PLASTICA CON LUZ 20cm x1 PA0221 CA","categoria":"Halloween","subcategoria":"Ambientacion","precio":3334.86,"destacado":false,"descripcion":"","imagen":"assets/products/CA-679740820221.webp","tags":["araña","grande","negra","plastica","con","luz","20cm","pa0221"]},{"id":"CA-202590000168","nombre":"ARAÑA GRANDE PELUDA NARANJA Y NEGRA 50cm x1 DC0168 CA","categoria":"Halloween","subcategoria":"Ambientacion","precio":6202.08,"destacado":false,"descripcion":"","imagen":"assets/products/CA-202590000168.webp","tags":["araña","grande","peluda","naranja","negra","50cm","dc0168"]},{"id":"CA-779908804646","nombre":"ARAÑA OJOS SALTONES 92x38x24/21cm x1 HD431 PS","categoria":"Halloween","subcategoria":"Ambientacion","precio":15344.0,"destacado":false,"descripcion":"","imagen":"assets/products/CA-779908804646.webp","tags":["araña","ojos","saltones","92x38x24","21cm","hd431"]},{"id":"CA-779908805219","nombre":"ARAÑA PATAS LARGAS 105x45x23cm x1 HD644 PS","categoria":"Halloween","subcategoria":"Ambientacion","precio":15248.1,"destacado":false,"descripcion":"","imagen":"assets/products/CA-779908805219.webp","tags":["araña","patas","largas","105x45x23cm","hd644"]},{"id":"CA-202590000325","nombre":"ARAÑA SUPERGIGANTE  NEGRA 2mts x1 DC0325 CA","categoria":"Halloween","subcategoria":"Ambientacion","precio":16873.04,"destacado":false,"descripcion":"","imagen":"assets/products/CA-202590000325.webp","tags":["araña","supergigante","negra","2mts","dc0325"]},{"id":"CA-202500000036","nombre":"BANDEJA MACABRA VARIOS MODELOS  x1 FP0036 CA","categoria":"Halloween","subcategoria":"Ambientacion","precio":3530.5,"destacado":false,"descripcion":"","imagen":"assets/products/CA-202500000036.webp","tags":["bandeja","macabra","varios","modelos","fp0036"]},{"id":"CA-202500000879","nombre":"BANDERIN CALAVERAS TORNASOL HALLOWEEN  x1 FP879 CA","categoria":"Halloween","subcategoria":"Ambientacion","precio":1882.92,"destacado":false,"descripcion":"","imagen":"assets/products/CA-202500000879.webp","tags":["banderin","calaveras","tornasol","halloween","fp879"]},{"id":"CA-779905100687","nombre":"BANDERIN CON STAMPING HALLOWEEN GIGANTE CON TELA ARAÑA x1 GM 624","categoria":"Halloween","subcategoria":"Ambientacion","precio":1786.05,"destacado":false,"descripcion":"","imagen":"assets/products/CA-779905100687.webp","tags":["banderin","con","stamping","halloween","gigante","con","tela","araña","624"]},{"id":"CA-779905100818","nombre":"BANDERIN CON STAMPING HALLOWEEN GIGANTE VIOLETA DISEÑOSx1 GM 664","categoria":"Halloween","subcategoria":"Ambientacion","precio":1786.05,"destacado":false,"descripcion":"","imagen":"assets/products/CA-779905100818.webp","tags":["banderin","con","stamping","halloween","gigante","violeta","diseñosx1","664"]},{"id":"CA-779905100502","nombre":"BANDERIN CON STAMPING HAPPY HALLOWEEN x1 GM 3348-36","categoria":"Halloween","subcategoria":"Ambientacion","precio":1334.48,"destacado":false,"descripcion":"","imagen":"assets/products/CA-779905100502.webp","tags":["banderin","con","stamping","happy","halloween","3348"]},{"id":"CA-779905100821","nombre":"BANDERIN HALLOWEEN CALABAZA x1 GM 684","categoria":"Halloween","subcategoria":"Ambientacion","precio":1067.18,"destacado":false,"descripcion":"","imagen":"assets/products/CA-779905100821.webp","tags":["banderin","halloween","calabaza","684"]},{"id":"CA-779905101177","nombre":"BANDERIN HALLOWEEN EFECTO 3D 824 x1 GM","categoria":"Halloween","subcategoria":"Ambientacion","precio":891.0,"destacado":false,"descripcion":"","imagen":"assets/products/CA-779905101177.webp","tags":["banderin","halloween","efecto","824"]},{"id":"CA-779227307126","nombre":"BANDERIN HALLOWEEN MURCIELAGOS COLGANTES 20-7126 x1u.RONDINELLA","categoria":"Halloween","subcategoria":"Ambientacion","precio":930.13,"destacado":false,"descripcion":"","imagen":"assets/products/CA-779227307126.webp","tags":["banderin","halloween","murcielagos","colgantes","7126","x1u","rondinella"]},{"id":"CA-779227307100","nombre":"BANDERIN HALLOWEEN SILUETAS SURTIDAS COLGANTES 20-7100 x1u.RONDINELLA","categoria":"Halloween","subcategoria":"Ambientacion","precio":930.13,"destacado":false,"descripcion":"","imagen":"assets/products/CA-779227307100.webp","tags":["banderin","halloween","siluetas","surtidas","colgantes","7100","x1u","rondinella"]},{"id":"CA-779905101173","nombre":"BANDERIN HALLOWEEN TORNASOLADO 804 x1 GM","categoria":"Halloween","subcategoria":"Ambientacion","precio":891.0,"destacado":false,"descripcion":"","imagen":"assets/products/CA-779905101173.webp","tags":["banderin","halloween","tornasolado","804"]},{"id":"CA-202500000855","nombre":"BANDERIN HAPPY HALLOWEEN TORNASOL x1u. FP855 CA","categoria":"Halloween","subcategoria":"Ambientacion","precio":1236.14,"destacado":false,"descripcion":"","imagen":"assets/products/CA-202500000855.webp","tags":["banderin","happy","halloween","tornasol","x1u","fp855"]},{"id":"CA-679740820570","nombre":"BANDERIN TRIANGULAR PAYASO IT  x1 PA0570 CA","categoria":"Halloween","subcategoria":"Ambientacion","precio":618.99,"destacado":false,"descripcion":"","imagen":"assets/products/CA-679740820570.webp","tags":["banderin","triangular","payaso","pa0570"]},{"id":"CA-000000053653","nombre":"BOA HALLOWEEN CON ARAÑAS x1 DG1114A","categoria":"Halloween","subcategoria":"Ambientacion","precio":1330.0,"destacado":false,"descripcion":"","imagen":"assets/products/CA-000000053653.webp","tags":["boa","halloween","con","arañas","dg1114a"]},{"id":"CA-202590000290","nombre":"BURBUJERO HALLOWEEN  CON LUZ/SONIDO x1 DC290 CA","categoria":"Halloween","subcategoria":"Ambientacion","precio":10597.62,"destacado":false,"descripcion":"","imagen":"assets/products/CA-202590000290.webp","tags":["burbujero","halloween","con","luz","sonido","dc290"]},{"id":"CA-202500000025","nombre":"CABEZA ZOMBIE CAMINANTE LUZ - SONIDO Y MOVIMIENTO x1 FP0025 CA","categoria":"Halloween","subcategoria":"Ambientacion","precio":25023.02,"destacado":false,"descripcion":"","imagen":"assets/products/CA-202500000025.webp","tags":["cabeza","zombie","caminante","luz","sonido","movimiento","fp0025"]},{"id":"CA-202590000131","nombre":"CAJA ARAÑA CALAVERA CON LUZ HALLOWEEN  x12 DC131 CA","categoria":"Halloween","subcategoria":"Ambientacion","precio":17429.38,"destacado":false,"descripcion":"","imagen":"assets/products/CA-202590000131.webp","tags":["caja","araña","calavera","con","luz","halloween","x12","dc131"]},{"id":"CA-202590000129","nombre":"CAJA ARAÑA CON LUZ HALLOWEEN  x12 DC129 CA","categoria":"Halloween","subcategoria":"Ambientacion","precio":18370.84,"destacado":false,"descripcion":"","imagen":"assets/products/CA-202590000129.webp","tags":["caja","araña","con","luz","halloween","x12","dc129"]},{"id":"CA-202590000130","nombre":"CAJA ARAÑA OJO CON LUZ HALLOWEEN  x12 DC130 CA","categoria":"Halloween","subcategoria":"Ambientacion","precio":17429.38,"destacado":false,"descripcion":"","imagen":"assets/products/CA-202590000130.webp","tags":["caja","araña","ojo","con","luz","halloween","x12","dc130"]},{"id":"CA-202500001031","nombre":"CAJA CON CABEZAS A CUERDA  x12 FP1031 CA","categoria":"Halloween","subcategoria":"Ambientacion","precio":21195.24,"destacado":false,"descripcion":"","imagen":"assets/products/CA-202500001031.webp","tags":["caja","con","cabezas","cuerda","x12","fp1031"]},{"id":"CA-202500001033","nombre":"CAJA CON MOUSTRUITOS A CUERDA  x12 FP1033 CA","categoria":"Halloween","subcategoria":"Ambientacion","precio":21195.24,"destacado":false,"descripcion":"","imagen":"assets/products/CA-202500001033.webp","tags":["caja","con","moustruitos","cuerda","x12","fp1033"]},{"id":"CA-202590000125","nombre":"CAJA MANO CON LUZ HALLOWEEN  x12 DC125 CA","categoria":"Halloween","subcategoria":"Ambientacion","precio":17900.1,"destacado":false,"descripcion":"","imagen":"assets/products/CA-202590000125.webp","tags":["caja","mano","con","luz","halloween","x12","dc125"]},{"id":"CA-202590000281","nombre":"CAJA MANO Y OJO  CON LUZ x12 DC281 CA","categoria":"Halloween","subcategoria":"Ambientacion","precio":19776.94,"destacado":false,"descripcion":"","imagen":"assets/products/CA-202590000281.webp","tags":["caja","mano","ojo","con","luz","x12","dc281"]},{"id":"CA-779908805232","nombre":"CALABAZA CAMPESTRE CON LUZ 35cmx1 HD657 PS","categoria":"Halloween","subcategoria":"Ambientacion","precio":21865.2,"destacado":false,"descripcion":"","imagen":"assets/products/CA-779908805232.webp","tags":["calabaza","campestre","con","luz","35cmx1","hd657"]},{"id":"CA-779908803758","nombre":"CALAVERA ANTIGUA (16x15x21cm) x1 HD061 PS","categoria":"Halloween","subcategoria":"Ambientacion","precio":10069.5,"destacado":false,"descripcion":"","imagen":"assets/products/CA-779908803758.webp","tags":["calavera","antigua","16x15x21cm","hd061"]},{"id":"CA-000005000001","nombre":"CALAVERA CON LUZ GIGANTE PARA COLGAR x1 HC0015","categoria":"Halloween","subcategoria":"Ambientacion","precio":5797.67,"destacado":false,"descripcion":"","imagen":"assets/products/CA-000005000001.webp","tags":["calavera","con","luz","gigante","para","colgar","hc0015"]},{"id":"CA-000004000001","nombre":"CALAVERA GIGANTE PARA COLGAR x1 HC0014","categoria":"Halloween","subcategoria":"Ambientacion","precio":4340.91,"destacado":false,"descripcion":"","imagen":"assets/products/CA-000004000001.webp","tags":["calavera","gigante","para","colgar","hc0014"]},{"id":"CA-779908805703","nombre":"CANDELABRO HALLOWEEN SPOOKY 33x42cm x1 HD519 PS","categoria":"Halloween","subcategoria":"Ambientacion","precio":9110.5,"destacado":false,"descripcion":"","imagen":"assets/products/CA-779908805703.webp","tags":["candelabro","halloween","spooky","33x42cm","hd519"]},{"id":"CA-237187659002","nombre":"CARTEL PLASTICO 3D CALAVERA x1 9002","categoria":"Halloween","subcategoria":"Ambientacion","precio":1300.0,"destacado":false,"descripcion":"","imagen":"assets/products/CA-237187659002.webp","tags":["cartel","plastico","calavera","9002"]},{"id":"CA-237187659003","nombre":"CARTEL PLASTICO 3D ESPECTRO x1 9003","categoria":"Halloween","subcategoria":"Ambientacion","precio":1300.0,"destacado":false,"descripcion":"","imagen":"assets/products/CA-237187659003.webp","tags":["cartel","plastico","espectro","9003"]},{"id":"CA-779908805704","nombre":"CEREBRO CON LUZ 12x10cm x1 HD520 PS","categoria":"Halloween","subcategoria":"Ambientacion","precio":2493.4,"destacado":false,"descripcion":"","imagen":"assets/products/CA-779908805704.webp","tags":["cerebro","con","luz","12x10cm","hd520"]},{"id":"CA-779908804825","nombre":"CINTAS DE ADVERTENCIA HALLOWEEN x3u 9mts HD014-2 PS","categoria":"Halloween","subcategoria":"Ambientacion","precio":4123.7,"destacado":false,"descripcion":"","imagen":"assets/products/CA-779908804825.webp","tags":["cintas","advertencia","halloween","x3u","9mts","hd014"]},{"id":"CA-679740820311","nombre":"COLGANTE BRUJA BEIGE CON LUZ Y SONIDO 1.80mts x1 PA0311 CA","categoria":"Halloween","subcategoria":"Ambientacion","precio":47103.94,"destacado":false,"descripcion":"","imagen":"assets/products/CA-679740820311.webp","tags":["colgante","bruja","beige","con","luz","sonido","80mts","pa0311"]},{"id":"CA-679740820309","nombre":"COLGANTE BRUJA NEGRA CON LUZ Y SONIDO 1.80mts x1 PA0309 CA","categoria":"Halloween","subcategoria":"Ambientacion","precio":47103.94,"destacado":false,"descripcion":"","imagen":"assets/products/CA-679740820309.webp","tags":["colgante","bruja","negra","con","luz","sonido","80mts","pa0309"]},{"id":"CA-679740820310","nombre":"COLGANTE BRUJA ROJA CON LUZ Y SONIDO 1.80mts x1 PA0310 CA","categoria":"Halloween","subcategoria":"Ambientacion","precio":47103.94,"destacado":false,"descripcion":"","imagen":"assets/products/CA-679740820310.webp","tags":["colgante","bruja","roja","con","luz","sonido","80mts","pa0310"]},{"id":"CA-679740820556","nombre":"COLGANTE CABEZA DE CHANCHO SANGRIENTO  x1 PA0556 CA","categoria":"Halloween","subcategoria":"Ambientacion","precio":12239.08,"destacado":false,"descripcion":"","imagen":"assets/products/CA-679740820556.webp","tags":["colgante","cabeza","chancho","sangriento","pa0556"]},{"id":"CA-679740820555","nombre":"COLGANTE CABEZA DE LOBO SANGRIENTO  x1 PA0555 CA","categoria":"Halloween","subcategoria":"Ambientacion","precio":12239.08,"destacado":false,"descripcion":"","imagen":"assets/products/CA-679740820555.webp","tags":["colgante","cabeza","lobo","sangriento","pa0555"]},{"id":"CA-202500000163","nombre":"COLGANTE CALABAZA CON LUZ/SONIDO/MOVIMIENTO x1 FP0163 C.A","categoria":"Halloween","subcategoria":"Ambientacion","precio":5178.06,"destacado":false,"descripcion":"","imagen":"assets/products/CA-202500000163.webp","tags":["colgante","calabaza","con","luz","sonido","movimiento","fp0163"]},{"id":"CA-202594000320","nombre":"COLGANTE CALAVERA ROJO 1.60cm SONIDO/LUZ x1 DC0320-04 CA","categoria":"Halloween","subcategoria":"Ambientacion","precio":23573.38,"destacado":false,"descripcion":"","imagen":"assets/products/CA-202594000320.webp","tags":["colgante","calavera","rojo","60cm","sonido","luz","dc0320"]},{"id":"CA-202595000320","nombre":"COLGANTE CALAVERA SANGRE  1.60cm SONIDO/LUZ x1 DC0320-05 CA","categoria":"Halloween","subcategoria":"Ambientacion","precio":23573.38,"destacado":false,"descripcion":"","imagen":"assets/products/CA-202595000320.webp","tags":["colgante","calavera","sangre","60cm","sonido","luz","dc0320"]},{"id":"CA-779908805228","nombre":"COLGANTE DEMONIO INFRAMUNDO CON LUZ 130cmx1 HD653 PS","categoria":"Halloween","subcategoria":"Ambientacion","precio":17166.1,"destacado":false,"descripcion":"","imagen":"assets/products/CA-779908805228.webp","tags":["colgante","demonio","inframundo","con","luz","130cmx1","hd653"]}]}