{"category_slug":"halloween","subcategory_slug":"ambientacion","page":4,"page_size":48,"total":336,"items":[{"id":"CA-779908804083","nombre":"CORTINA R.I.P 102x213cm x1 HD346 PS","categoria":"Halloween","subcategoria":"Ambientacion","precio":6473.25,"destacado":false,"descripcion":"","imagen":"assets/products/CA-779908804083.webp","tags":["cortina","102x213cm","hd346"]},{"id":"CA-000000058141","nombre":"CRANEO CALAVERA TENEBROSA SONIDO/LUZ x1 DC0342 CA","categoria":"Halloween","subcategoria":"Ambientacion","precio":12000.0,"destacado":false,"descripcion":"","imagen":"assets/products/CA-000000058141.webp","tags":["craneo","calavera","tenebrosa","sonido","luz","dc0342"]},{"id":"CA-779908805237","nombre":"CRANEO CON OJOS FANTASMALES CON LUZ 25cm x1 HD662 PS","categoria":"Halloween","subcategoria":"Ambientacion","precio":23399.6,"destacado":false,"descripcion":"","imagen":"assets/products/CA-779908805237.webp","tags":["craneo","con","ojos","fantasmales","con","luz","25cm","hd662"]},{"id":"CA-779908804623","nombre":"CUADRO EMBRUJADO (LUZ, SONIDO Y MOVIMIENTO) 57x36x16cm HD454 PS","categoria":"Halloween","subcategoria":"Ambientacion","precio":49196.7,"destacado":false,"descripcion":"","imagen":"assets/products/CA-779908804623.webp","tags":["cuadro","embrujado","luz","sonido","movimiento","57x36x16cm","hd454"]},{"id":"CA-779908803771","nombre":"CUERVO CON PLUMAS HALLOWEEN 12x17x7cm x1 HD073 PS","categoria":"Halloween","subcategoria":"Ambientacion","precio":8151.5,"destacado":false,"descripcion":"","imagen":"assets/products/CA-779908803771.webp","tags":["cuervo","con","plumas","halloween","12x17x7cm","hd073"]},{"id":"CA-202500000820","nombre":"DISPOSITIVO PARA ALFOMBRA CON SONIDO 34x25cm x1 FP0820 CA","categoria":"Halloween","subcategoria":"Ambientacion","precio":7000.0,"destacado":false,"descripcion":"","imagen":"assets/products/CA-202500000820.webp","tags":["dispositivo","para","alfombra","con","sonido","34x25cm","fp0820"]},{"id":"CA-202590000307","nombre":"ESPANTAPAJARO CALABAZA 1.00x0.80cm SONIDO/LUZ Y MOVIMIENTO  x1 DC0307 CA","categoria":"Halloween","subcategoria":"Ambientacion","precio":28830.91,"destacado":false,"descripcion":"","imagen":"assets/products/CA-202590000307.webp","tags":["espantapajaro","calabaza","00x0","80cm","sonido","luz","movimiento","dc0307"]},{"id":"CA-202590000348","nombre":"ESPANTAPAJARO TERROR SONIDO/LUZ x1 DC0348 CA","categoria":"Halloween","subcategoria":"Ambientacion","precio":38147.78,"destacado":false,"descripcion":"","imagen":"assets/products/CA-202590000348.webp","tags":["espantapajaro","terror","sonido","luz","dc0348"]},{"id":"CA-779908802968","nombre":"ESQUELETO ARTICULADO 1.35cm  x1 GUH09 PS","categoria":"Halloween","subcategoria":"Ambientacion","precio":2781.1,"destacado":false,"descripcion":"","imagen":"assets/products/CA-779908802968.webp","tags":["esqueleto","articulado","35cm","guh09"]},{"id":"CA-000000048047","nombre":"ESQUELETO DE GOMA BLANCO CHICO x6","categoria":"Halloween","subcategoria":"Ambientacion","precio":1392.61,"destacado":false,"descripcion":"","imagen":"assets/products/CA-000000048047.webp","tags":["esqueleto","goma","blanco","chico"]},{"id":"CA-000000048048","nombre":"ESQUELETO DE GOMA NARANJA CHICO x6","categoria":"Halloween","subcategoria":"Ambientacion","precio":1392.61,"destacado":false,"descripcion":"","imagen":"assets/products/CA-000000048048.webp","tags":["esqueleto","goma","naranja","chico"]},{"id":"CA-000000048049","nombre":"ESQUELETO DE GOMA VIOLETA CHICO x6","categoria":"Halloween","subcategoria":"Ambientacion","precio":1392.61,"destacado":false,"descripcion":"","imagen":"assets/products/CA-000000048049.webp","tags":["esqueleto","goma","violeta","chico"]},{"id":"CA-000003000402","nombre":"ESQUELETO GRANDE ARTICULADO STASIO x1 HE0003","categoria":"Halloween","subcategoria":"Ambientacion","precio":4341.82,"destacado":false,"descripcion":"","imagen":"assets/products/CA-000003000402.webp","tags":["esqueleto","grande","articulado","stasio","he0003"]},{"id":"CA-000000007364","nombre":"ESQUELETO MEDIANO STASIO 19cm  x2 7364","categoria":"Halloween","subcategoria":"Ambientacion","precio":1075.06,"destacado":false,"descripcion":"","imagen":"assets/products/CA-000000007364.webp","tags":["esqueleto","mediano","stasio","19cm","7364"]},{"id":"CA-000000048045","nombre":"ESQUELETO PLASTICO GRANDE BLANCO (30cm) x1","categoria":"Halloween","subcategoria":"Ambientacion","precio":610.19,"destacado":false,"descripcion":"","imagen":"assets/products/CA-000000048045.webp","tags":["esqueleto","plastico","grande","blanco","30cm"]},{"id":"CA-000000058140","nombre":"ESTACA BRAZO ESQUELETO x1 DC0342 CA","categoria":"Halloween","subcategoria":"Ambientacion","precio":3200.0,"destacado":false,"descripcion":"","imagen":"assets/products/CA-000000058140.webp","tags":["estaca","brazo","esqueleto","dc0342"]},{"id":"CA-202520000170","nombre":"FAROL CALABAZA CON LUZ Y SONIDO x1 FP0170-02 CA","categoria":"Halloween","subcategoria":"Ambientacion","precio":7458.38,"destacado":false,"descripcion":"","imagen":"assets/products/CA-202520000170.webp","tags":["farol","calabaza","con","luz","sonido","fp0170"]},{"id":"CA-202500000992","nombre":"FAROL CALABAZA VARIOS MODELOS CON LUZ  x1 FP992 CA","categoria":"Halloween","subcategoria":"Ambientacion","precio":6357.96,"destacado":false,"descripcion":"","imagen":"assets/products/CA-202500000992.webp","tags":["farol","calabaza","varios","modelos","con","luz","fp992"]},{"id":"CA-202500000170","nombre":"FAROL CALAVERA CON LUZ Y SONIDO x1 FP0170-03 CA","categoria":"Halloween","subcategoria":"Ambientacion","precio":7458.38,"destacado":false,"descripcion":"","imagen":"assets/products/CA-202500000170.webp","tags":["farol","calavera","con","luz","sonido","fp0170"]},{"id":"CA-000003000003","nombre":"FAROL CON CALAVERA ARAÑA Y TELA ARAÑA x1 HF0002","categoria":"Halloween","subcategoria":"Ambientacion","precio":3148.46,"destacado":false,"descripcion":"","imagen":"assets/products/CA-000003000003.webp","tags":["farol","con","calavera","araña","tela","araña","hf0002"]},{"id":"CA-679740820947","nombre":"FAROL CON FUEGO HALLOWEEN  x1 PA0947 CA","categoria":"Halloween","subcategoria":"Ambientacion","precio":13742.98,"destacado":false,"descripcion":"","imagen":"assets/products/CA-679740820947.webp","tags":["farol","con","fuego","halloween","pa0947"]},{"id":"CA-000003000002","nombre":"FAROL CON VELA ARAÑA Y TELA ARAÑA x1 HF0003","categoria":"Halloween","subcategoria":"Ambientacion","precio":2963.26,"destacado":false,"descripcion":"","imagen":"assets/products/CA-000003000002.webp","tags":["farol","con","vela","araña","tela","araña","hf0003"]},{"id":"CA-000003000367","nombre":"FAROL CON VELA x1 HF0001","categoria":"Halloween","subcategoria":"Ambientacion","precio":1986.26,"destacado":false,"descripcion":"","imagen":"assets/products/CA-000003000367.webp","tags":["farol","con","vela","hf0001"]},{"id":"CA-679740820228","nombre":"FAROL HALLOWEEN METAL CON LUZ  x1 PA0228 CA","categoria":"Halloween","subcategoria":"Ambientacion","precio":3765.88,"destacado":false,"descripcion":"","imagen":"assets/products/CA-679740820228.webp","tags":["farol","halloween","metal","con","luz","pa0228"]},{"id":"CA-202510000170","nombre":"FAROL MURCIELAGO CON LUZ Y SONIDO x1 FP0170-01 CA","categoria":"Halloween","subcategoria":"Ambientacion","precio":7458.38,"destacado":false,"descripcion":"","imagen":"assets/products/CA-202510000170.webp","tags":["farol","murcielago","con","luz","sonido","fp0170"]},{"id":"CA-779905101081","nombre":"FIGURAS DECORATIVA HALLOWEEN BRUJA ARTICULADA x1u. GM 0655-6","categoria":"Halloween","subcategoria":"Ambientacion","precio":1559.25,"destacado":false,"descripcion":"","imagen":"assets/products/CA-779905101081.webp","tags":["figuras","decorativa","halloween","bruja","articulada","x1u","0655"]},{"id":"CA-779905101082","nombre":"FIGURAS DECORATIVA HALLOWEEN ESQUELETO ARTICULADO x1u. GM 0655-7","categoria":"Halloween","subcategoria":"Ambientacion","precio":1559.25,"destacado":false,"descripcion":"","imagen":"assets/products/CA-779905101082.webp","tags":["figuras","decorativa","halloween","esqueleto","articulado","x1u","0655"]},{"id":"CA-779905101074","nombre":"FIGURAS DECORATIVAS HALLOWEEN ARAÑASx3u. GM 0655-2","categoria":"Halloween","subcategoria":"Ambientacion","precio":860.63,"destacado":false,"descripcion":"","imagen":"assets/products/CA-779905101074.webp","tags":["figuras","decorativas","halloween","arañasx3u","0655"]},{"id":"CA-779905101073","nombre":"FIGURAS DECORATIVAS HALLOWEEN BRUJAS x4u. GM 0655-1","categoria":"Halloween","subcategoria":"Ambientacion","precio":860.63,"destacado":false,"descripcion":"","imagen":"assets/products/CA-779905101073.webp","tags":["figuras","decorativas","halloween","brujas","x4u","0655"]},{"id":"CA-779905101077","nombre":"FIGURAS DECORATIVAS HALLOWEEN CALABAZAS x4u. GM 0655-5","categoria":"Halloween","subcategoria":"Ambientacion","precio":860.63,"destacado":false,"descripcion":"","imagen":"assets/products/CA-779905101077.webp","tags":["figuras","decorativas","halloween","calabazas","x4u","0655"]},{"id":"CA-779905101076","nombre":"FIGURAS DECORATIVAS HALLOWEEN FANTASMAS x4u. GM 0655-4","categoria":"Halloween","subcategoria":"Ambientacion","precio":860.63,"destacado":false,"descripcion":"","imagen":"assets/products/CA-779905101076.webp","tags":["figuras","decorativas","halloween","fantasmas","x4u","0655"]},{"id":"CA-779905101075","nombre":"FIGURAS DECORATIVAS HALLOWEEN MURCIELAGOS x4u. GM 0655-3","categoria":"Halloween","subcategoria":"Ambientacion","precio":860.63,"destacado":false,"descripcion":"","imagen":"assets/products/CA-779905101075.webp","tags":["figuras","decorativas","halloween","murcielagos","x4u","0655"]},{"id":"CA-348764513412","nombre":"GLOBO HALLOWEEN CALABAZA CON LUZ x5 U23-188","categoria":"Halloween","subcategoria":"Ambientacion","precio":2552.55,"destacado":false,"descripcion":"","imagen":"assets/products/CA-348764513412.webp","tags":["globo","halloween","calabaza","con","luz","u23","188"]},{"id":"CA-202500000834","nombre":"GLOBO HALLOWEEN PIRAMIDE 3D CALAVERA  x1 FP834 CA","categoria":"Halloween","subcategoria":"Ambientacion","precio":9781.0,"destacado":false,"descripcion":"","imagen":"assets/products/CA-202500000834.webp","tags":["globo","halloween","piramide","calavera","fp834"]},{"id":"CA-215465165465","nombre":"GLOBO HALLOWEEN PIRAMIDE 3D CALAVERA x1u 24-730","categoria":"Halloween","subcategoria":"Ambientacion","precio":9527.7,"destacado":false,"descripcion":"","imagen":"assets/products/CA-215465165465.webp","tags":["globo","halloween","piramide","calavera","x1u","730"]},{"id":"CA-202510000621","nombre":"GLOBO HAPPY HALLOWEEN CALABAZA 10 pcsx1 FP621-01 CA","categoria":"Halloween","subcategoria":"Ambientacion","precio":2928.32,"destacado":false,"descripcion":"","imagen":"assets/products/CA-202510000621.webp","tags":["globo","happy","halloween","calabaza","pcsx1","fp621"]},{"id":"CA-202520000621","nombre":"GLOBO HAPPY HALLOWEEN MURCIELAGO 10 pcs x1 FP621-02 CA","categoria":"Halloween","subcategoria":"Ambientacion","precio":2928.32,"destacado":false,"descripcion":"","imagen":"assets/products/CA-202520000621.webp","tags":["globo","happy","halloween","murcielago","pcs","fp621"]},{"id":"CA-202500000640","nombre":"GLOBO MAYLAR 18 \" HALLOWEEN SURTIDOS x12 FP640 CA","categoria":"Halloween","subcategoria":"Ambientacion","precio":7219.96,"destacado":false,"descripcion":"","imagen":"assets/products/CA-202500000640.webp","tags":["globo","maylar","halloween","surtidos","x12","fp640"]},{"id":"CA-202500000825","nombre":"GLOBO MAYLAR HALLOWEEN 109cm. CON PIE VARIOS MODELOS  x1 FP825 CA","categoria":"Halloween","subcategoria":"Ambientacion","precio":3870.29,"destacado":false,"descripcion":"","imagen":"assets/products/CA-202500000825.webp","tags":["globo","maylar","halloween","109cm","con","pie","varios","modelos","fp825"]},{"id":"CA-202500000831","nombre":"GLOBO MAYLAR HALLOWEEN ESQUELETO 154cm  x1 FP831 CA","categoria":"Halloween","subcategoria":"Ambientacion","precio":2983.34,"destacado":false,"descripcion":"","imagen":"assets/products/CA-202500000831.webp","tags":["globo","maylar","halloween","esqueleto","154cm","fp831"]},{"id":"CA-202500000852","nombre":"GLOBO MAYLAR HALLOWEEN ESQUELETO CON PIE 1.22cm x1 FP852 CA","categoria":"Halloween","subcategoria":"Ambientacion","precio":4788.04,"destacado":false,"descripcion":"","imagen":"assets/products/CA-202500000852.webp","tags":["globo","maylar","halloween","esqueleto","con","pie","22cm","fp852"]},{"id":"CA-202500000832","nombre":"GLOBO MAYLAR HALLOWEEN LAPIDA 120cm x1 FP832 CA","categoria":"Halloween","subcategoria":"Ambientacion","precio":4788.04,"destacado":false,"descripcion":"","imagen":"assets/products/CA-202500000832.webp","tags":["globo","maylar","halloween","lapida","120cm","fp832"]},{"id":"CA-202500000181","nombre":"GUIRNALDA CABEZA BEBE LLORANDO CON LUZ  x1 FP0181 CA","categoria":"Halloween","subcategoria":"Ambientacion","precio":2940.63,"destacado":false,"descripcion":"","imagen":"assets/products/CA-202500000181.webp","tags":["guirnalda","cabeza","bebe","llorando","con","luz","fp0181"]},{"id":"CA-679740820754","nombre":"GUIRNALDA CALABAZAS HALLOWEEN CON LUZ  x1 PA0754 CA","categoria":"Halloween","subcategoria":"Ambientacion","precio":3356.28,"destacado":false,"descripcion":"","imagen":"assets/products/CA-679740820754.webp","tags":["guirnalda","calabazas","halloween","con","luz","pa0754"]},{"id":"CA-202500000176","nombre":"GUIRNALDA CALAVERA HALLOWEEN CON LUZ  x1 FP0176 CA","categoria":"Halloween","subcategoria":"Ambientacion","precio":3668.06,"destacado":false,"descripcion":"","imagen":"assets/products/CA-202500000176.webp","tags":["guirnalda","calavera","halloween","con","luz","fp0176"]},{"id":"CA-679740820755","nombre":"GUIRNALDA CALAVERA HALLOWEEN CON LUZ  x1 PA0755 CA","categoria":"Halloween","subcategoria":"Ambientacion","precio":3356.28,"destacado":false,"descripcion":"","imagen":"assets/products/CA-679740820755.webp","tags":["guirnalda","calavera","halloween","con","luz","pa0755"]},{"id":"CA-202540000983","nombre":"GUIRNALDA CALAVERA SANGRE CORPOREA CON LUZ  3mts x1 FP983-04 CA","categoria":"Halloween","subcategoria":"Ambientacion","precio":7188.74,"destacado":false,"descripcion":"","imagen":"assets/products/CA-202540000983.webp","tags":["guirnalda","calavera","sangre","corporea","con","luz","3mts","fp983"]},{"id":"CA-779908802444","nombre":"GUIRNALDA CUCHILLAS SANGRIENTAS HD002/02444 PS","categoria":"Halloween","subcategoria":"Ambientacion","precio":3788.05,"destacado":false,"descripcion":"","imagen":"assets/products/CA-779908802444.webp","tags":["guirnalda","cuchillas","sangrientas","hd002","02444"]}]}