{"category_slug":"cotillon","subcategory_slug":"festejos_egresados_upd","page":1,"page_size":48,"total":44,"items":[{"id":"CA-000000030726","nombre":"ADORNO CON BRILLO GORRO EGRESADOS x1 DESTELLOS","categoria":"Cotillon","subcategoria":"Festejos Egresados/Upd","precio":1820.0,"destacado":false,"descripcion":"","imagen":"assets/products/CA-000000030726.webp","tags":["adorno","con","brillo","gorro","egresados","destellos"]},{"id":"CA-000000015195","nombre":"BANDA DE EGRESADOx1u. M","categoria":"Cotillon","subcategoria":"Festejos Egresados/Upd","precio":2240.0,"destacado":false,"descripcion":"","imagen":"assets/products/CA-000000015195.webp","tags":["banda","egresadox1u"]},{"id":"CA-000000055152","nombre":"BANDA EGRESADOS x1 ECHYZOS (varios colores)","categoria":"Cotillon","subcategoria":"Festejos Egresados/Upd","precio":1695.92,"destacado":false,"descripcion":"","imagen":"assets/products/CA-000000055152.webp","tags":["banda","egresados","echyzos","varios","colores"]},{"id":"CA-000000055151","nombre":"BANDA ME RECIBI x1 ECHYZOS (varios colores)","categoria":"Cotillon","subcategoria":"Festejos Egresados/Upd","precio":1695.92,"destacado":false,"descripcion":"","imagen":"assets/products/CA-000000055151.webp","tags":["banda","recibi","echyzos","varios","colores"]},{"id":"CA-000000052796","nombre":"BANDA ME RECIBI x1u. M","categoria":"Cotillon","subcategoria":"Festejos Egresados/Upd","precio":2240.0,"destacado":false,"descripcion":"","imagen":"assets/products/CA-000000052796.webp","tags":["banda","recibi","x1u"]},{"id":"CA-779905100503","nombre":"BANDERIN CON STAMPING EGRESADOS x1 3348/35 GM","categoria":"Cotillon","subcategoria":"Festejos Egresados/Upd","precio":1175.51,"destacado":false,"descripcion":"","imagen":"assets/products/CA-779905100503.webp","tags":["banderin","con","stamping","egresados","3348"]},{"id":"CA-779905100572","nombre":"BANDERIN CON STAMPING ME RECIBI x1 3348/60 GM","categoria":"Cotillon","subcategoria":"Festejos Egresados/Upd","precio":1175.51,"destacado":false,"descripcion":"","imagen":"assets/products/CA-779905100572.webp","tags":["banderin","con","stamping","recibi","3348"]},{"id":"CA-779905100348","nombre":"BANDERIN TRIANGULAR GM EGRESADITOSx1 GM 3344/9 2.40 mts.","categoria":"Cotillon","subcategoria":"Festejos Egresados/Upd","precio":1291.95,"destacado":false,"descripcion":"","imagen":"assets/products/CA-779905100348.webp","tags":["banderin","triangular","egresaditosx1","3344","mts"]},{"id":"CA-000000050945","nombre":"BOLSON BANDAS UPD x5","categoria":"Cotillon","subcategoria":"Festejos Egresados/Upd","precio":8400.0,"destacado":false,"descripcion":"","imagen":"assets/products/CA-000000050945.webp","tags":["bolson","bandas","upd"]},{"id":"CA-000000045102","nombre":"BOLSON CORBATA UPD x5","categoria":"Cotillon","subcategoria":"Festejos Egresados/Upd","precio":6860.0,"destacado":false,"descripcion":"","imagen":"assets/products/CA-000000045102.webp","tags":["bolson","corbata","upd"]},{"id":"CA-000000030863","nombre":"BOLSON GORRO DE EGRESADOS JERSEY X5 162/532","categoria":"Cotillon","subcategoria":"Festejos Egresados/Upd","precio":5952.8,"destacado":false,"descripcion":"","imagen":"assets/products/CA-000000030863.webp","tags":["bolson","gorro","egresados","jersey","162","532"]},{"id":"CA-000000053309","nombre":"BOLSON GORRO ME RECIBI CON INSCRIPCION x5","categoria":"Cotillon","subcategoria":"Festejos Egresados/Upd","precio":8580.0,"destacado":false,"descripcion":"","imagen":"assets/products/CA-000000053309.webp","tags":["bolson","gorro","recibi","con","inscripcion"]},{"id":"CA-000000045101","nombre":"BOLSON GORROS UPD x5","categoria":"Cotillon","subcategoria":"Festejos Egresados/Upd","precio":7995.0,"destacado":false,"descripcion":"","imagen":"assets/products/CA-000000045101.webp","tags":["bolson","gorros","upd"]},{"id":"CA-000000048852","nombre":"BOLSON VINCHA UPD x5","categoria":"Cotillon","subcategoria":"Festejos Egresados/Upd","precio":6860.0,"destacado":false,"descripcion":"","imagen":"assets/products/CA-000000048852.webp","tags":["bolson","vincha","upd"]},{"id":"CA-202562000629","nombre":"GLOBO FRASE MI GRADUACION PLATEADO X1 FP0629-02","categoria":"Cotillon","subcategoria":"Festejos Egresados/Upd","precio":1812.51,"destacado":false,"descripcion":"","imagen":"assets/products/CA-202562000629.webp","tags":["globo","frase","graduacion","plateado","fp0629"]},{"id":"CA-000000048104","nombre":"GORRO DE EGRESADOS DELUXE JERSEY X1 512","categoria":"Cotillon","subcategoria":"Festejos Egresados/Upd","precio":3408.93,"destacado":false,"descripcion":"","imagen":"assets/products/CA-000000048104.webp","tags":["gorro","egresados","deluxe","jersey","512"]},{"id":"CA-202560000534","nombre":"GORRO EGRESADO IMPORTADO x1 FP0534","categoria":"Cotillon","subcategoria":"Festejos Egresados/Upd","precio":3541.23,"destacado":false,"descripcion":"","imagen":"assets/products/CA-202560000534.webp","tags":["gorro","egresado","importado","fp0534"]},{"id":"CA-237187601024","nombre":"GORRO EGRESADO PLASTICO PARA ARMAR x6 1024","categoria":"Cotillon","subcategoria":"Festejos Egresados/Upd","precio":4133.27,"destacado":false,"descripcion":"","imagen":"assets/products/CA-237187601024.webp","tags":["gorro","egresado","plastico","para","armar","1024"]},{"id":"CA-000000006247","nombre":"GORRO EGRESADO PLASTICOx12 (LP02)","categoria":"Cotillon","subcategoria":"Festejos Egresados/Upd","precio":7214.76,"destacado":false,"descripcion":"","imagen":"assets/products/CA-000000006247.webp","tags":["gorro","egresado","plasticox12","lp02"]},{"id":"CA-202560000754","nombre":"MANTEL FELICIDADES GRADUADO X1 FP0754","categoria":"Cotillon","subcategoria":"Festejos Egresados/Upd","precio":1274.49,"destacado":false,"descripcion":"NUEVO 29/10/2025","imagen":"assets/products/CA-202560000754.webp","tags":["mantel","felicidades","graduado","fp0754"]},{"id":"CA-000000057886","nombre":"MEDALLA EGRESADOS x5","categoria":"Cotillon","subcategoria":"Festejos Egresados/Upd","precio":6110.0,"destacado":false,"descripcion":"","imagen":"assets/products/CA-000000057886.webp","tags":["medalla","egresados"]},{"id":"CA-000000057734","nombre":"MEDALLA NENA EGRESADITOS x5","categoria":"Cotillon","subcategoria":"Festejos Egresados/Upd","precio":6110.0,"destacado":false,"descripcion":"","imagen":"assets/products/CA-000000057734.webp","tags":["medalla","nena","egresaditos"]},{"id":"CA-000000057887","nombre":"MEDALLA NENE EGRESADITOS x5","categoria":"Cotillon","subcategoria":"Festejos Egresados/Upd","precio":6110.0,"destacado":false,"descripcion":"","imagen":"assets/products/CA-000000057887.webp","tags":["medalla","nene","egresaditos"]},{"id":"CA-000000036746","nombre":"MEDALLAS DE EGRESADO X12 PLATEADAS","categoria":"Cotillon","subcategoria":"Festejos Egresados/Upd","precio":940.95,"destacado":false,"descripcion":"","imagen":"assets/products/CA-000000036746.webp","tags":["medallas","egresado","x12","plateadas"]},{"id":"CA-202560020953","nombre":"PINCHE ADORNO FELICIDADES GRADUADO GRANDE  X1 FP0953-02","categoria":"Cotillon","subcategoria":"Festejos Egresados/Upd","precio":957.6,"destacado":false,"descripcion":"NUEVO 06/11/2025","imagen":"assets/products/CA-202560020953.webp","tags":["pinche","adorno","felicidades","graduado","grande","fp0953"]},{"id":"CA-202560000953","nombre":"PINCHE ADORNO FELICIDADES GRADUADO X1 FP0953-01","categoria":"Cotillon","subcategoria":"Festejos Egresados/Upd","precio":957.6,"destacado":false,"descripcion":"NUEVO 06/11/2025","imagen":"assets/products/CA-202560000953.webp","tags":["pinche","adorno","felicidades","graduado","fp0953"]},{"id":"CA-000000046979","nombre":"PINCHE FIBROFACIL EGRESADO DORADO x1","categoria":"Cotillon","subcategoria":"Festejos Egresados/Upd","precio":1147.5,"destacado":false,"descripcion":"","imagen":"assets/products/CA-000000046979.webp","tags":["pinche","fibrofacil","egresado","dorado"]},{"id":"CA-000000046981","nombre":"PINCHE FIBROFACIL EGRESADO NEGRO x1","categoria":"Cotillon","subcategoria":"Festejos Egresados/Upd","precio":1147.5,"destacado":false,"descripcion":"","imagen":"assets/products/CA-000000046981.webp","tags":["pinche","fibrofacil","egresado","negro"]},{"id":"CA-000000046978","nombre":"PINCHE FIBROFACIL EGRESADO PLATEADO x1","categoria":"Cotillon","subcategoria":"Festejos Egresados/Upd","precio":1147.5,"destacado":false,"descripcion":"","imagen":"assets/products/CA-000000046978.webp","tags":["pinche","fibrofacil","egresado","plateado"]},{"id":"CA-000000058028","nombre":"PINCHE ME RECIBI GRANDE x2u.(POMPI DU )","categoria":"Cotillon","subcategoria":"Festejos Egresados/Upd","precio":2133.0,"destacado":false,"descripcion":"","imagen":"assets/products/CA-000000058028.webp","tags":["pinche","recibi","grande","x2u","pompi"]},{"id":"CA-779905100009","nombre":"PINCHE PARA FOTO FIESTA EGRESADOS x14 (PROPS)1214GOLD MUNDO","categoria":"Cotillon","subcategoria":"Festejos Egresados/Upd","precio":1423.44,"destacado":false,"descripcion":"","imagen":"assets/products/CA-779905100009.webp","tags":["pinche","para","foto","fiesta","egresados","x14","props","1214gold","mundo"]},{"id":"CA-000000045261","nombre":"PINCHE POLIFAN VINILO ME RECIBI x3 ETIQUETADOS","categoria":"Cotillon","subcategoria":"Festejos Egresados/Upd","precio":3080.71,"destacado":false,"descripcion":"","imagen":"assets/products/CA-000000045261.webp","tags":["pinche","polifan","vinilo","recibi","etiquetados"]},{"id":"CA-696497540082","nombre":"SET EGRESADO (GORRO Y BANDA) x1 GRO8-2","categoria":"Cotillon","subcategoria":"Festejos Egresados/Upd","precio":4756.2,"destacado":false,"descripcion":"","imagen":"assets/products/CA-696497540082.webp","tags":["set","egresado","gorro","banda","gro8"]},{"id":"CA-000000044892","nombre":"STICKERS EN PLANCHA EGRESADOS (5 planchas x20 stickers) TOP C","categoria":"Cotillon","subcategoria":"Festejos Egresados/Upd","precio":2338.0,"destacado":false,"descripcion":"","imagen":"assets/products/CA-000000044892.webp","tags":["stickers","plancha","egresados","planchas","x20","stickers","top"]},{"id":"CA-000000053252","nombre":"VINCHA FRASE EGRESADA ORO/PLATA x1","categoria":"Cotillon","subcategoria":"Festejos Egresados/Upd","precio":3442.82,"destacado":false,"descripcion":"","imagen":"assets/products/CA-000000053252.webp","tags":["vincha","frase","egresada","oro","plata"]},{"id":"CA-000000053253","nombre":"VINCHA FRASE EGRESADO ORO/PLATA x1","categoria":"Cotillon","subcategoria":"Festejos Egresados/Upd","precio":3442.82,"destacado":false,"descripcion":"","imagen":"assets/products/CA-000000053253.webp","tags":["vincha","frase","egresado","oro","plata"]},{"id":"CA-000000055894","nombre":"VINCHA FRASE ME RECIBI CON LENTEJUELAS Y STRASS x1 (varios colores)","categoria":"Cotillon","subcategoria":"Festejos Egresados/Upd","precio":3442.82,"destacado":false,"descripcion":"","imagen":"assets/products/CA-000000055894.webp","tags":["vincha","frase","recibi","con","lentejuelas","strass","varios","colores"]},{"id":"CA-000000055895","nombre":"VINCHA FRASE ME RECIBI CON PLUMAS x1 (varios colores)","categoria":"Cotillon","subcategoria":"Festejos Egresados/Upd","precio":3825.36,"destacado":false,"descripcion":"","imagen":"assets/products/CA-000000055895.webp","tags":["vincha","frase","recibi","con","plumas","varios","colores"]},{"id":"CA-000000053254","nombre":"VINCHA FRASE ME RECIBI ORO/PLATA x1","categoria":"Cotillon","subcategoria":"Festejos Egresados/Upd","precio":3442.82,"destacado":false,"descripcion":"","imagen":"assets/products/CA-000000053254.webp","tags":["vincha","frase","recibi","oro","plata"]},{"id":"CA-237187705037","nombre":"VINCHA FRASES EGRESADOS x6 5037","categoria":"Cotillon","subcategoria":"Festejos Egresados/Upd","precio":3799.87,"destacado":false,"descripcion":"NUEVO 09/12/2025","imagen":"assets/products/CA-237187705037.webp","tags":["vincha","frases","egresados","5037"]},{"id":"CA-000000053355","nombre":"VINCHA GORRO EGRESADO PREMIUM DORADA/PLATEADA x1 Art 9","categoria":"Cotillon","subcategoria":"Festejos Egresados/Upd","precio":1260.0,"destacado":false,"descripcion":"","imagen":"assets/products/CA-000000053355.webp","tags":["vincha","gorro","egresado","premium","dorada","plateada","art"]},{"id":"CA-000000056539","nombre":"VINCHA GORRO EGRESADO PREMIUM ROSA x1 Art 10","categoria":"Cotillon","subcategoria":"Festejos Egresados/Upd","precio":1260.0,"destacado":false,"descripcion":"","imagen":"assets/products/CA-000000056539.webp","tags":["vincha","gorro","egresado","premium","rosa","art"]},{"id":"CA-000000056544","nombre":"VINCHA ME GRADUE CON PLUMAS x1 Art15 (Varios Colores)","categoria":"Cotillon","subcategoria":"Festejos Egresados/Upd","precio":3150.0,"destacado":false,"descripcion":"","imagen":"assets/products/CA-000000056544.webp","tags":["vincha","gradue","con","plumas","art15","varios","colores"]},{"id":"CA-000000056547","nombre":"VINCHA ME RECIBI GOMA EVA CON LENTEJUELA Y STRASS x1 Art 43","categoria":"Cotillon","subcategoria":"Festejos Egresados/Upd","precio":2142.0,"destacado":false,"descripcion":"","imagen":"assets/products/CA-000000056547.webp","tags":["vincha","recibi","goma","eva","con","lentejuela","strass","art"]}]}