{"category_slug":"cotillon","subcategory_slug":"globos_lisos","page":1,"page_size":48,"total":192,"items":[{"id":"CA-697096733000","nombre":"GLOBO BALLOON LISO 9\" VARIOS COLORES FLUO x50 U23-1001","categoria":"Cotillon","subcategoria":"Globos Lisos","precio":3003.0,"destacado":false,"descripcion":"","imagen":"assets/products/CA-697096733000.webp","tags":["globo","balloon","liso","varios","colores","fluo","x50","u23","1001"]},{"id":"CA-779842097034","nombre":"GLOBO BOMBUCHA LISO 12\" AMARILLO x25 70340","categoria":"Cotillon","subcategoria":"Globos Lisos","precio":1803.77,"destacado":false,"descripcion":"","imagen":"assets/products/CA-779842097034.webp","tags":["globo","bombucha","liso","amarillo","x25","70340"]},{"id":"CA-779842097062","nombre":"GLOBO BOMBUCHA LISO 12\" AZUL OSCURO x25 70623","categoria":"Cotillon","subcategoria":"Globos Lisos","precio":1803.77,"destacado":false,"descripcion":"","imagen":"assets/products/CA-779842097062.webp","tags":["globo","bombucha","liso","azul","oscuro","x25","70623"]},{"id":"CA-779842097040","nombre":"GLOBO BOMBUCHA LISO 12\" AZUL x25 70401","categoria":"Cotillon","subcategoria":"Globos Lisos","precio":1803.77,"destacado":false,"descripcion":"","imagen":"assets/products/CA-779842097040.webp","tags":["globo","bombucha","liso","azul","x25","70401"]},{"id":"CA-779842097032","nombre":"GLOBO BOMBUCHA LISO 12\" BLANCO  x25 70326","categoria":"Cotillon","subcategoria":"Globos Lisos","precio":1803.77,"destacado":false,"descripcion":"","imagen":"assets/products/CA-779842097032.webp","tags":["globo","bombucha","liso","blanco","x25","70326"]},{"id":"CA-779842097039","nombre":"GLOBO BOMBUCHA LISO 12\" CELESTE  x25 70395","categoria":"Cotillon","subcategoria":"Globos Lisos","precio":1803.77,"destacado":false,"descripcion":"","imagen":"assets/products/CA-779842097039.webp","tags":["globo","bombucha","liso","celeste","x25","70395"]},{"id":"CA-779842097064","nombre":"GLOBO BOMBUCHA LISO 12\" FUCSIA x25 70647","categoria":"Cotillon","subcategoria":"Globos Lisos","precio":1803.77,"destacado":false,"descripcion":"","imagen":"assets/products/CA-779842097064.webp","tags":["globo","bombucha","liso","fucsia","x25","70647"]},{"id":"CA-779842097038","nombre":"GLOBO BOMBUCHA LISO 12\" LILA  x25 70388","categoria":"Cotillon","subcategoria":"Globos Lisos","precio":1803.77,"destacado":false,"descripcion":"","imagen":"assets/products/CA-779842097038.webp","tags":["globo","bombucha","liso","lila","x25","70388"]},{"id":"CA-779842097033","nombre":"GLOBO BOMBUCHA LISO 12\" NEGRO x25 70333","categoria":"Cotillon","subcategoria":"Globos Lisos","precio":1803.77,"destacado":false,"descripcion":"","imagen":"assets/products/CA-779842097033.webp","tags":["globo","bombucha","liso","negro","x25","70333"]},{"id":"CA-779842097036","nombre":"GLOBO BOMBUCHA LISO 12\" ROJO x25 70364","categoria":"Cotillon","subcategoria":"Globos Lisos","precio":1803.77,"destacado":false,"descripcion":"","imagen":"assets/products/CA-779842097036.webp","tags":["globo","bombucha","liso","rojo","x25","70364"]},{"id":"CA-779842097037","nombre":"GLOBO BOMBUCHA LISO 12\" ROSA x25 70371","categoria":"Cotillon","subcategoria":"Globos Lisos","precio":1803.77,"destacado":false,"descripcion":"","imagen":"assets/products/CA-779842097037.webp","tags":["globo","bombucha","liso","rosa","x25","70371"]},{"id":"CA-779842097061","nombre":"GLOBO BOMBUCHA LISO 12\" SURTIDO PASTEL  x25 70616","categoria":"Cotillon","subcategoria":"Globos Lisos","precio":1803.77,"destacado":false,"descripcion":"","imagen":"assets/products/CA-779842097061.webp","tags":["globo","bombucha","liso","surtido","pastel","x25","70616"]},{"id":"CA-779842097041","nombre":"GLOBO BOMBUCHA LISO 12\" SURTIDO x25 70418","categoria":"Cotillon","subcategoria":"Globos Lisos","precio":1803.77,"destacado":false,"descripcion":"","imagen":"assets/products/CA-779842097041.webp","tags":["globo","bombucha","liso","surtido","x25","70418"]},{"id":"CA-779842097063","nombre":"GLOBO BOMBUCHA LISO 12\" VERDE MANZANA x25 70630","categoria":"Cotillon","subcategoria":"Globos Lisos","precio":1803.77,"destacado":false,"descripcion":"","imagen":"assets/products/CA-779842097063.webp","tags":["globo","bombucha","liso","verde","manzana","x25","70630"]},{"id":"CA-779842097042","nombre":"GLOBO BOMBUCHA LISO 12\" VERDE x25 70425","categoria":"Cotillon","subcategoria":"Globos Lisos","precio":1791.27,"destacado":false,"descripcion":"","imagen":"assets/products/CA-779842097042.webp","tags":["globo","bombucha","liso","verde","x25","70425"]},{"id":"CA-779842097287","nombre":"GLOBO BOMBUCHA LISO INTENSE 12\" AZUL ELECTRICO x25 72870","categoria":"Cotillon","subcategoria":"Globos Lisos","precio":2080.22,"destacado":false,"descripcion":"","imagen":"assets/products/CA-779842097287.webp","tags":["globo","bombucha","liso","intense","azul","electrico","x25","72870"]},{"id":"CA-779842097288","nombre":"GLOBO BOMBUCHA LISO INTENSE 12\" CORAL x25 72887","categoria":"Cotillon","subcategoria":"Globos Lisos","precio":2080.22,"destacado":false,"descripcion":"","imagen":"assets/products/CA-779842097288.webp","tags":["globo","bombucha","liso","intense","coral","x25","72887"]},{"id":"CA-779842097285","nombre":"GLOBO BOMBUCHA LISO INTENSE 12\" MAIZ  x25 72856","categoria":"Cotillon","subcategoria":"Globos Lisos","precio":2080.22,"destacado":false,"descripcion":"","imagen":"assets/products/CA-779842097285.webp","tags":["globo","bombucha","liso","intense","maiz","x25","72856"]},{"id":"CA-779842097284","nombre":"GLOBO BOMBUCHA LISO INTENSE 12\" MOSTAZA x25 72849","categoria":"Cotillon","subcategoria":"Globos Lisos","precio":2080.22,"destacado":false,"descripcion":"","imagen":"assets/products/CA-779842097284.webp","tags":["globo","bombucha","liso","intense","mostaza","x25","72849"]},{"id":"CA-779842097295","nombre":"GLOBO BOMBUCHA LISO INTENSE 12\" PURPURA LUXURY x25 72955","categoria":"Cotillon","subcategoria":"Globos Lisos","precio":2080.22,"destacado":false,"descripcion":"","imagen":"assets/products/CA-779842097295.webp","tags":["globo","bombucha","liso","intense","purpura","luxury","x25","72955"]},{"id":"CA-779842097291","nombre":"GLOBO BOMBUCHA LISO INTENSE 12\" ROSA PALO x25 72917","categoria":"Cotillon","subcategoria":"Globos Lisos","precio":2080.22,"destacado":false,"descripcion":"","imagen":"assets/products/CA-779842097291.webp","tags":["globo","bombucha","liso","intense","rosa","palo","x25","72917"]},{"id":"CA-779842097286","nombre":"GLOBO BOMBUCHA LISO INTENSE 12\" TURQUEZA INTENSO x25 72863","categoria":"Cotillon","subcategoria":"Globos Lisos","precio":2080.22,"destacado":false,"descripcion":"","imagen":"assets/products/CA-779842097286.webp","tags":["globo","bombucha","liso","intense","turqueza","intenso","x25","72863"]},{"id":"CA-779813095454","nombre":"GLOBO CANDELA LISO 9\" MULTICOLOR x50 950/1461","categoria":"Cotillon","subcategoria":"Globos Lisos","precio":2167.43,"destacado":false,"descripcion":"","imagen":"assets/products/CA-779813095454.webp","tags":["globo","candela","liso","multicolor","x50","950","1461"]},{"id":"CA-779101412174","nombre":"GLOBO FIESTA LOCA LISO 9\" AGUAMARINA x50 G9AGU","categoria":"Cotillon","subcategoria":"Globos Lisos","precio":2246.33,"destacado":false,"descripcion":"","imagen":"assets/products/CA-779101412174.webp","tags":["globo","fiesta","loca","liso","aguamarina","x50","g9agu"]},{"id":"CA-779101402003","nombre":"GLOBO FIESTA LOCA LISO 9\" CELESTE x50","categoria":"Cotillon","subcategoria":"Globos Lisos","precio":2246.33,"destacado":false,"descripcion":"","imagen":"assets/products/CA-779101402003.webp","tags":["globo","fiesta","loca","liso","celeste","x50"]},{"id":"CA-779101402009","nombre":"GLOBO FIESTA LOCA LISO 9\" FUCSIA x50","categoria":"Cotillon","subcategoria":"Globos Lisos","precio":2246.33,"destacado":false,"descripcion":"","imagen":"assets/products/CA-779101402009.webp","tags":["globo","fiesta","loca","liso","fucsia","x50"]},{"id":"CA-779101402012","nombre":"GLOBO FIESTA LOCA LISO 9\" MULTICOLOR x50","categoria":"Cotillon","subcategoria":"Globos Lisos","precio":2246.33,"destacado":false,"descripcion":"","imagen":"assets/products/CA-779101402012.webp","tags":["globo","fiesta","loca","liso","multicolor","x50"]},{"id":"CA-779101412387","nombre":"GLOBO FIESTA LOCA LISO 9\" ROSA GOLD x50","categoria":"Cotillon","subcategoria":"Globos Lisos","precio":2246.33,"destacado":false,"descripcion":"","imagen":"assets/products/CA-779101412387.webp","tags":["globo","fiesta","loca","liso","rosa","gold","x50"]},{"id":"CA-779101402011","nombre":"GLOBO FIESTA LOCA LISO 9\" VERDE OSCURO x50","categoria":"Cotillon","subcategoria":"Globos Lisos","precio":2246.33,"destacado":false,"descripcion":"","imagen":"assets/products/CA-779101402011.webp","tags":["globo","fiesta","loca","liso","verde","oscuro","x50"]},{"id":"CA-779101412411","nombre":"GLOBO FIESTA LOCA PASTEL 12\" AGUAMARINA x25 G12AGUAPA","categoria":"Cotillon","subcategoria":"Globos Lisos","precio":1595.3,"destacado":false,"descripcion":"","imagen":"assets/products/CA-779101412411.webp","tags":["globo","fiesta","loca","pastel","aguamarina","x25","g12aguapa"]},{"id":"CA-779101412405","nombre":"GLOBO FIESTA LOCA PASTEL 12\" AMARILLO x25  G12AMPA","categoria":"Cotillon","subcategoria":"Globos Lisos","precio":1595.3,"destacado":false,"descripcion":"","imagen":"assets/products/CA-779101412405.webp","tags":["globo","fiesta","loca","pastel","amarillo","x25","g12ampa"]},{"id":"CA-779101412407","nombre":"GLOBO FIESTA LOCA PASTEL 12\" CELESTE x25 G12CEPA","categoria":"Cotillon","subcategoria":"Globos Lisos","precio":1595.3,"destacado":false,"descripcion":"","imagen":"assets/products/CA-779101412407.webp","tags":["globo","fiesta","loca","pastel","celeste","x25","g12cepa"]},{"id":"CA-779101412409","nombre":"GLOBO FIESTA LOCA PASTEL 12\" GRIS x25 G12GRIPA","categoria":"Cotillon","subcategoria":"Globos Lisos","precio":1595.3,"destacado":false,"descripcion":"","imagen":"assets/products/CA-779101412409.webp","tags":["globo","fiesta","loca","pastel","gris","x25","g12gripa"]},{"id":"CA-779908801415","nombre":"GLOBO GLOBBY LISO 9\" AMARILLO x25 GL9SAMP  PS","categoria":"Cotillon","subcategoria":"Globos Lisos","precio":1046.5,"destacado":false,"descripcion":"","imagen":"assets/products/CA-779908801415.webp","tags":["globo","globby","liso","amarillo","x25","gl9samp"]},{"id":"CA-779908801416","nombre":"GLOBO GLOBBY LISO 9\" AZUL x25 GL9SAZO  PS","categoria":"Cotillon","subcategoria":"Globos Lisos","precio":1046.5,"destacado":false,"descripcion":"","imagen":"assets/products/CA-779908801416.webp","tags":["globo","globby","liso","azul","x25","gl9sazo"]},{"id":"CA-779908801417","nombre":"GLOBO GLOBBY LISO 9\" BLANCO x25 GL9SBLP  PS","categoria":"Cotillon","subcategoria":"Globos Lisos","precio":1046.5,"destacado":false,"descripcion":"","imagen":"assets/products/CA-779908801417.webp","tags":["globo","globby","liso","blanco","x25","gl9sblp"]},{"id":"CA-779908801418","nombre":"GLOBO GLOBBY LISO 9\" CELESTE x25 GL9SCE  PS","categoria":"Cotillon","subcategoria":"Globos Lisos","precio":1046.5,"destacado":false,"descripcion":"","imagen":"assets/products/CA-779908801418.webp","tags":["globo","globby","liso","celeste","x25","gl9sce"]},{"id":"CA-779908801420","nombre":"GLOBO GLOBBY LISO 9\" NEGRO x25 GL9SNG  PS","categoria":"Cotillon","subcategoria":"Globos Lisos","precio":1046.5,"destacado":false,"descripcion":"","imagen":"assets/products/CA-779908801420.webp","tags":["globo","globby","liso","negro","x25","gl9sng"]},{"id":"CA-779908801421","nombre":"GLOBO GLOBBY LISO 9\" ROJO x25 GL9SRJB  PS","categoria":"Cotillon","subcategoria":"Globos Lisos","precio":1046.5,"destacado":false,"descripcion":"","imagen":"assets/products/CA-779908801421.webp","tags":["globo","globby","liso","rojo","x25","gl9srjb"]},{"id":"CA-779908801422","nombre":"GLOBO GLOBBY LISO 9\" ROSA BEBE x25 GL9SRSB  PS","categoria":"Cotillon","subcategoria":"Globos Lisos","precio":1046.5,"destacado":false,"descripcion":"","imagen":"assets/products/CA-779908801422.webp","tags":["globo","globby","liso","rosa","bebe","x25","gl9srsb"]},{"id":"CA-779908801426","nombre":"GLOBO GLOBBY LISO 9\" SURTIDO x25 GL9SSU  PS","categoria":"Cotillon","subcategoria":"Globos Lisos","precio":1046.5,"destacado":false,"descripcion":"","imagen":"assets/products/CA-779908801426.webp","tags":["globo","globby","liso","surtido","x25","gl9ssu"]},{"id":"CA-779810960435","nombre":"GLOBO GLOBOLANDIA LISO 10\" AMARILLO HUEVO x50","categoria":"Cotillon","subcategoria":"Globos Lisos","precio":2381.58,"destacado":false,"descripcion":"","imagen":"assets/products/CA-779810960435.webp","tags":["globo","globolandia","liso","amarillo","huevo","x50"]},{"id":"CA-779810960015","nombre":"GLOBO GLOBOLANDIA LISO 10\" AMARILLO x50","categoria":"Cotillon","subcategoria":"Globos Lisos","precio":2381.58,"destacado":false,"descripcion":"","imagen":"assets/products/CA-779810960015.webp","tags":["globo","globolandia","liso","amarillo","x50"]},{"id":"CA-779810960437","nombre":"GLOBO GLOBOLANDIA LISO 10\" AZUL NAVAL  x50","categoria":"Cotillon","subcategoria":"Globos Lisos","precio":2381.58,"destacado":false,"descripcion":"","imagen":"assets/products/CA-779810960437.webp","tags":["globo","globolandia","liso","azul","naval","x50"]},{"id":"CA-779810960013","nombre":"GLOBO GLOBOLANDIA LISO 10\" AZUL x50","categoria":"Cotillon","subcategoria":"Globos Lisos","precio":2381.58,"destacado":false,"descripcion":"","imagen":"assets/products/CA-779810960013.webp","tags":["globo","globolandia","liso","azul","x50"]},{"id":"CA-779810960010","nombre":"GLOBO GLOBOLANDIA LISO 10\" BLANCO x50","categoria":"Cotillon","subcategoria":"Globos Lisos","precio":2381.58,"destacado":false,"descripcion":"","imagen":"assets/products/CA-779810960010.webp","tags":["globo","globolandia","liso","blanco","x50"]},{"id":"CA-779810960012","nombre":"GLOBO GLOBOLANDIA LISO 10\" CELESTE  x50","categoria":"Cotillon","subcategoria":"Globos Lisos","precio":2381.58,"destacado":false,"descripcion":"","imagen":"assets/products/CA-779810960012.webp","tags":["globo","globolandia","liso","celeste","x50"]},{"id":"CA-779810960018","nombre":"GLOBO GLOBOLANDIA LISO 10\" FUCSIA  x50","categoria":"Cotillon","subcategoria":"Globos Lisos","precio":2381.58,"destacado":false,"descripcion":"","imagen":"assets/products/CA-779810960018.webp","tags":["globo","globolandia","liso","fucsia","x50"]}]}