{"category_slug":"cotillon","subcategory_slug":"globos_lisos","page":3,"page_size":48,"total":192,"items":[{"id":"CA-779842097137","nombre":"GLOBO GLOBOX LISO 12\" ARENA  x50 71378","categoria":"Cotillon","subcategoria":"Globos Lisos","precio":4650.54,"destacado":false,"descripcion":"","imagen":"assets/products/CA-779842097137.webp","tags":["globo","globox","liso","arena","x50","71378"]},{"id":"CA-77984209713782","nombre":"GLOBO GLOBOX LISO 12\" ARENA (CAJA x20) 71378","categoria":"Cotillon","subcategoria":"Globos Lisos","precio":93010.76,"destacado":false,"descripcion":"","imagen":"assets/products/CA-77984209713782.webp","tags":["globo","globox","liso","arena","caja","x20","71378"]},{"id":"CA-77984209720780","nombre":"GLOBO GLOBOX LISO 12\" AZUL ELECTRICO (CAJA x20) 72078","categoria":"Cotillon","subcategoria":"Globos Lisos","precio":93010.76,"destacado":false,"descripcion":"","imagen":"assets/products/CA-77984209720780.webp","tags":["globo","globox","liso","azul","electrico","caja","x20","72078"]},{"id":"CA-779842097207","nombre":"GLOBO GLOBOX LISO 12\" AZUL ELECTRICO x50 72078","categoria":"Cotillon","subcategoria":"Globos Lisos","precio":4650.54,"destacado":false,"descripcion":"","imagen":"assets/products/CA-779842097207.webp","tags":["globo","globox","liso","azul","electrico","x50","72078"]},{"id":"CA-779819415040","nombre":"GLOBO GLOBOX LISO 12\" AZUL FRANCIA  x50 50405","categoria":"Cotillon","subcategoria":"Globos Lisos","precio":4650.54,"destacado":false,"descripcion":"","imagen":"assets/products/CA-779819415040.webp","tags":["globo","globox","liso","azul","francia","x50","50405"]},{"id":"CA-779842097138","nombre":"GLOBO GLOBOX LISO 12\" AZUL JEANS  x50 71385","categoria":"Cotillon","subcategoria":"Globos Lisos","precio":4650.54,"destacado":false,"descripcion":"","imagen":"assets/products/CA-779842097138.webp","tags":["globo","globox","liso","azul","jeans","x50","71385"]},{"id":"CA-77984209713850","nombre":"GLOBO GLOBOX LISO 12\" AZUL JEANS (CAJA x20) 71385","categoria":"Cotillon","subcategoria":"Globos Lisos","precio":93010.76,"destacado":false,"descripcion":"","imagen":"assets/products/CA-77984209713850.webp","tags":["globo","globox","liso","azul","jeans","caja","x20","71385"]},{"id":"CA-77981941504364","nombre":"GLOBO GLOBOX LISO 12\" AZUL OSCURO (CAJA x20) 50436","categoria":"Cotillon","subcategoria":"Globos Lisos","precio":93010.76,"destacado":false,"descripcion":"","imagen":"assets/products/CA-77981941504364.webp","tags":["globo","globox","liso","azul","oscuro","caja","x20","50436"]},{"id":"CA-779819415043","nombre":"GLOBO GLOBOX LISO 12\" AZUL OSCURO x50 50436","categoria":"Cotillon","subcategoria":"Globos Lisos","precio":4650.54,"destacado":false,"descripcion":"","imagen":"assets/products/CA-779819415043.webp","tags":["globo","globox","liso","azul","oscuro","x50","50436"]},{"id":"CA-779819415031","nombre":"GLOBO GLOBOX LISO 12\" BLANCO x50 50313","categoria":"Cotillon","subcategoria":"Globos Lisos","precio":4650.54,"destacado":false,"descripcion":"","imagen":"assets/products/CA-779819415031.webp","tags":["globo","globox","liso","blanco","x50","50313"]},{"id":"CA-779819415032","nombre":"GLOBO GLOBOX LISO 12\" CELESTE  x50 50320","categoria":"Cotillon","subcategoria":"Globos Lisos","precio":4650.54,"destacado":false,"descripcion":"","imagen":"assets/products/CA-779819415032.webp","tags":["globo","globox","liso","celeste","x50","50320"]},{"id":"CA-77984209716370","nombre":"GLOBO GLOBOX LISO 12\" CORAL (CAJA x20) 71637","categoria":"Cotillon","subcategoria":"Globos Lisos","precio":93010.76,"destacado":false,"descripcion":"","imagen":"assets/products/CA-77984209716370.webp","tags":["globo","globox","liso","coral","caja","x20","71637"]},{"id":"CA-779842097163","nombre":"GLOBO GLOBOX LISO 12\" CORAL x50 71637","categoria":"Cotillon","subcategoria":"Globos Lisos","precio":4650.54,"destacado":false,"descripcion":"","imagen":"assets/products/CA-779842097163.webp","tags":["globo","globox","liso","coral","x50","71637"]},{"id":"CA-77984209734190","nombre":"GLOBO GLOBOX LISO 12\" DULCE DE LECHE  (CAJA  x20) 53419","categoria":"Cotillon","subcategoria":"Globos Lisos","precio":93010.76,"destacado":false,"descripcion":"","imagen":"assets/products/CA-77984209734190.webp","tags":["globo","globox","liso","dulce","leche","caja","x20","53419"]},{"id":"CA-779842097341","nombre":"GLOBO GLOBOX LISO 12\" DULCE DE LECHE x50u 53419","categoria":"Cotillon","subcategoria":"Globos Lisos","precio":4650.54,"destacado":false,"descripcion":"","imagen":"assets/products/CA-779842097341.webp","tags":["globo","globox","liso","dulce","leche","x50u","53419"]},{"id":"CA-77981941504500","nombre":"GLOBO GLOBOX LISO 12\" FUCSIA (CAJA x20) 50450","categoria":"Cotillon","subcategoria":"Globos Lisos","precio":93010.76,"destacado":false,"descripcion":"","imagen":"assets/products/CA-77981941504500.webp","tags":["globo","globox","liso","fucsia","caja","x20","50450"]},{"id":"CA-779819415045","nombre":"GLOBO GLOBOX LISO 12\" FUCSIA x50 50450","categoria":"Cotillon","subcategoria":"Globos Lisos","precio":4650.54,"destacado":false,"descripcion":"","imagen":"assets/products/CA-779819415045.webp","tags":["globo","globox","liso","fucsia","x50","50450"]},{"id":"CA-77981941740144","nombre":"GLOBO GLOBOX LISO 12\" GRIS PERLA (CAJA x20) 74014","categoria":"Cotillon","subcategoria":"Globos Lisos","precio":93010.76,"destacado":false,"descripcion":"","imagen":"assets/products/CA-77981941740144.webp","tags":["globo","globox","liso","gris","perla","caja","x20","74014"]},{"id":"CA-609819417401","nombre":"GLOBO GLOBOX LISO 12\" GRIS PERLA x50 74014","categoria":"Cotillon","subcategoria":"Globos Lisos","precio":4650.54,"destacado":false,"descripcion":"","imagen":"assets/products/CA-609819417401.webp","tags":["globo","globox","liso","gris","perla","x50","74014"]},{"id":"CA-77981941740212","nombre":"GLOBO GLOBOX LISO 12\" LATTE CREAM (CAJA x20) 74021","categoria":"Cotillon","subcategoria":"Globos Lisos","precio":93010.76,"destacado":false,"descripcion":"","imagen":"assets/products/CA-77981941740212.webp","tags":["globo","globox","liso","latte","cream","caja","x20","74021"]},{"id":"CA-609819417402","nombre":"GLOBO GLOBOX LISO 12\" LATTE CREAM x50 74021","categoria":"Cotillon","subcategoria":"Globos Lisos","precio":4650.54,"destacado":false,"descripcion":"","imagen":"assets/products/CA-609819417402.webp","tags":["globo","globox","liso","latte","cream","x50","74021"]},{"id":"CA-77984209716448","nombre":"GLOBO GLOBOX LISO 12\" MAIZ (CAJA x20) 71644","categoria":"Cotillon","subcategoria":"Globos Lisos","precio":93010.76,"destacado":false,"descripcion":"","imagen":"assets/products/CA-77984209716448.webp","tags":["globo","globox","liso","maiz","caja","x20","71644"]},{"id":"CA-779842097164","nombre":"GLOBO GLOBOX LISO 12\" MAIZ x50 71644","categoria":"Cotillon","subcategoria":"Globos Lisos","precio":4650.54,"destacado":false,"descripcion":"","imagen":"assets/products/CA-779842097164.webp","tags":["globo","globox","liso","maiz","x50","71644"]},{"id":"CA-779819415047","nombre":"GLOBO GLOBOX LISO 12\" MARRON CHOCOLATE  x50 50474","categoria":"Cotillon","subcategoria":"Globos Lisos","precio":4650.54,"destacado":false,"descripcion":"","imagen":"assets/products/CA-779819415047.webp","tags":["globo","globox","liso","marron","chocolate","x50","50474"]},{"id":"CA-77981941504746","nombre":"GLOBO GLOBOX LISO 12\" MARRON CHOCOLATE (CAJA x20) 50474","categoria":"Cotillon","subcategoria":"Globos Lisos","precio":93010.76,"destacado":false,"descripcion":"","imagen":"assets/products/CA-77981941504746.webp","tags":["globo","globox","liso","marron","chocolate","caja","x20","50474"]},{"id":"CA-779819415050","nombre":"GLOBO GLOBOX LISO 12\" MULTICOLOR x50","categoria":"Cotillon","subcategoria":"Globos Lisos","precio":4650.54,"destacado":false,"descripcion":"","imagen":"assets/products/CA-779819415050.webp","tags":["globo","globox","liso","multicolor","x50"]},{"id":"CA-779819415034","nombre":"GLOBO GLOBOX LISO 12\" NARANJA x50 50344","categoria":"Cotillon","subcategoria":"Globos Lisos","precio":4650.54,"destacado":false,"descripcion":"","imagen":"assets/products/CA-779819415034.webp","tags":["globo","globox","liso","naranja","x50","50344"]},{"id":"CA-779819415041","nombre":"GLOBO GLOBOX LISO 12\" NEGRO x50  50412","categoria":"Cotillon","subcategoria":"Globos Lisos","precio":4650.54,"destacado":false,"descripcion":"","imagen":"assets/products/CA-779819415041.webp","tags":["globo","globox","liso","negro","x50","50412"]},{"id":"CA-77981941504678","nombre":"GLOBO GLOBOX LISO 12\" PIEL (CAJA x20) 50467","categoria":"Cotillon","subcategoria":"Globos Lisos","precio":93010.76,"destacado":false,"descripcion":"","imagen":"assets/products/CA-77981941504678.webp","tags":["globo","globox","liso","piel","caja","x20","50467"]},{"id":"CA-779819415046","nombre":"GLOBO GLOBOX LISO 12\" PIEL x50 50467","categoria":"Cotillon","subcategoria":"Globos Lisos","precio":4650.54,"destacado":false,"descripcion":"","imagen":"assets/products/CA-779819415046.webp","tags":["globo","globox","liso","piel","x50","50467"]},{"id":"CA-77984209725808","nombre":"GLOBO GLOBOX LISO 12\" PURPURA LUXURY  (CAJA x20) 72580","categoria":"Cotillon","subcategoria":"Globos Lisos","precio":93010.76,"destacado":false,"descripcion":"","imagen":"assets/products/CA-77984209725808.webp","tags":["globo","globox","liso","purpura","luxury","caja","x20","72580"]},{"id":"CA-779842097258","nombre":"GLOBO GLOBOX LISO 12\" PURPURA LUXURY x50 72580","categoria":"Cotillon","subcategoria":"Globos Lisos","precio":4650.54,"destacado":false,"descripcion":"","imagen":"assets/products/CA-779842097258.webp","tags":["globo","globox","liso","purpura","luxury","x50","72580"]},{"id":"CA-779819415036","nombre":"GLOBO GLOBOX LISO 12\" ROJO x50 50368","categoria":"Cotillon","subcategoria":"Globos Lisos","precio":4650.54,"destacado":false,"descripcion":"","imagen":"assets/products/CA-779819415036.webp","tags":["globo","globox","liso","rojo","x50","50368"]},{"id":"CA-779819415035","nombre":"GLOBO GLOBOX LISO 12\" ROSA  x50 50351","categoria":"Cotillon","subcategoria":"Globos Lisos","precio":4650.54,"destacado":false,"descripcion":"","imagen":"assets/products/CA-779819415035.webp","tags":["globo","globox","liso","rosa","x50","50351"]},{"id":"CA-77984209720544","nombre":"GLOBO GLOBOX LISO 12\" ROSA PALO (CAJA x20) 72054","categoria":"Cotillon","subcategoria":"Globos Lisos","precio":93010.76,"destacado":false,"descripcion":"","imagen":"assets/products/CA-77984209720544.webp","tags":["globo","globox","liso","rosa","palo","caja","x20","72054"]},{"id":"CA-779842097205","nombre":"GLOBO GLOBOX LISO 12\" ROSA PALO x50 72054","categoria":"Cotillon","subcategoria":"Globos Lisos","precio":4650.54,"destacado":false,"descripcion":"","imagen":"assets/products/CA-779842097205.webp","tags":["globo","globox","liso","rosa","palo","x50","72054"]},{"id":"CA-77984209720926","nombre":"GLOBO GLOBOX LISO 12\" TURQUEZA INTENSO (CAJA x20) 72092","categoria":"Cotillon","subcategoria":"Globos Lisos","precio":93010.76,"destacado":false,"descripcion":"","imagen":"assets/products/CA-77984209720926.webp","tags":["globo","globox","liso","turqueza","intenso","caja","x20","72092"]},{"id":"CA-779842097209","nombre":"GLOBO GLOBOX LISO 12\" TURQUEZA INTENSO x50 72092","categoria":"Cotillon","subcategoria":"Globos Lisos","precio":4650.54,"destacado":false,"descripcion":"","imagen":"assets/products/CA-779842097209.webp","tags":["globo","globox","liso","turqueza","intenso","x50","72092"]},{"id":"CA-779819415039","nombre":"GLOBO GLOBOX LISO 12\" VERDE  x50 50399","categoria":"Cotillon","subcategoria":"Globos Lisos","precio":4650.54,"destacado":false,"descripcion":"","imagen":"assets/products/CA-779819415039.webp","tags":["globo","globox","liso","verde","x50","50399"]},{"id":"CA-77981941503756","nombre":"GLOBO GLOBOX LISO 12\" VERDE MANZANA (CAJAx20) 50375","categoria":"Cotillon","subcategoria":"Globos Lisos","precio":93010.76,"destacado":false,"descripcion":"","imagen":"assets/products/CA-77981941503756.webp","tags":["globo","globox","liso","verde","manzana","cajax20","50375"]},{"id":"CA-779819415037","nombre":"GLOBO GLOBOX LISO 12\" VERDE MANZANA x50 50375","categoria":"Cotillon","subcategoria":"Globos Lisos","precio":4650.54,"destacado":false,"descripcion":"","imagen":"assets/products/CA-779819415037.webp","tags":["globo","globox","liso","verde","manzana","x50","50375"]},{"id":"CA-77981941740076","nombre":"GLOBO GLOBOX LISO 12\" VERDE OLIVA (CAJA x20) 74007","categoria":"Cotillon","subcategoria":"Globos Lisos","precio":93010.76,"destacado":false,"descripcion":"","imagen":"assets/products/CA-77981941740076.webp","tags":["globo","globox","liso","verde","oliva","caja","x20","74007"]},{"id":"CA-609819417400","nombre":"GLOBO GLOBOX LISO 12\" VERDE OLIVA x50 74007","categoria":"Cotillon","subcategoria":"Globos Lisos","precio":4650.54,"destacado":false,"descripcion":"","imagen":"assets/products/CA-609819417400.webp","tags":["globo","globox","liso","verde","oliva","x50","74007"]},{"id":"CA-779819415033","nombre":"GLOBO GLOBOX LISO 12\" VIOLETA x50 50337","categoria":"Cotillon","subcategoria":"Globos Lisos","precio":4650.54,"destacado":false,"descripcion":"","imagen":"assets/products/CA-779819415033.webp","tags":["globo","globox","liso","violeta","x50","50337"]},{"id":"CA-779842097075","nombre":"GLOBO GLOBOX LISO 20\" AMARILLO x10 70753","categoria":"Cotillon","subcategoria":"Globos Lisos","precio":3336.12,"destacado":false,"descripcion":"","imagen":"assets/products/CA-779842097075.webp","tags":["globo","globox","liso","amarillo","x10","70753"]},{"id":"CA-779842097074","nombre":"GLOBO GLOBOX LISO 20\" AZUL OSCURO x10 70746","categoria":"Cotillon","subcategoria":"Globos Lisos","precio":3336.12,"destacado":false,"descripcion":"","imagen":"assets/products/CA-779842097074.webp","tags":["globo","globox","liso","azul","oscuro","x10","70746"]},{"id":"CA-779842097070","nombre":"GLOBO GLOBOX LISO 20\" BLANCO x10","categoria":"Cotillon","subcategoria":"Globos Lisos","precio":3336.12,"destacado":false,"descripcion":"","imagen":"assets/products/CA-779842097070.webp","tags":["globo","globox","liso","blanco","x10"]},{"id":"CA-779842097071","nombre":"GLOBO GLOBOX LISO 20\" CELESTE PASTEL x10","categoria":"Cotillon","subcategoria":"Globos Lisos","precio":3336.12,"destacado":false,"descripcion":"","imagen":"assets/products/CA-779842097071.webp","tags":["globo","globox","liso","celeste","pastel","x10"]}]}