{"category_slug":"cotillon","subcategory_slug":"globos_metalizados_frases","page":1,"page_size":48,"total":33,"items":[{"id":"CA-202560000836","nombre":"GLOBO FELIZ DIA AMOR X1 FP0836","categoria":"Cotillon","subcategoria":"Globos Metalizados Frases","precio":1838.97,"destacado":false,"descripcion":"","imagen":"assets/products/CA-202560000836.webp","tags":["globo","feliz","dia","amor","fp0836"]},{"id":"CA-000000058388","nombre":"GLOBO FRASE 16\" HAPPY BIRTHDAY SPIDERMAN x1 13 PIEZAS","categoria":"Cotillon","subcategoria":"Globos Metalizados Frases","precio":3185.0,"destacado":false,"descripcion":"","imagen":"assets/products/CA-000000058388.webp","tags":["globo","frase","happy","birthday","spiderman","piezas"]},{"id":"CA-202560000642","nombre":"GLOBO FRASE BRIDE TO BE PLATEADO X1 FP0642-01","categoria":"Cotillon","subcategoria":"Globos Metalizados Frases","precio":1556.73,"destacado":false,"descripcion":"","imagen":"assets/products/CA-202560000642.webp","tags":["globo","frase","bride","plateado","fp0642"]},{"id":"CA-736268014590","nombre":"GLOBO FRASE CURSIVA FELIZ ANIVERSARIO DORADA x1","categoria":"Cotillon","subcategoria":"Globos Metalizados Frases","precio":1282.51,"destacado":false,"descripcion":"","imagen":"assets/products/CA-736268014590.webp","tags":["globo","frase","cursiva","feliz","aniversario","dorada"]},{"id":"CA-736268014589","nombre":"GLOBO FRASE CURSIVA FELIZ ANIVERSARIO PLATEADA x1","categoria":"Cotillon","subcategoria":"Globos Metalizados Frases","precio":1282.51,"destacado":false,"descripcion":"","imagen":"assets/products/CA-736268014589.webp","tags":["globo","frase","cursiva","feliz","aniversario","plateada"]},{"id":"CA-591401805774","nombre":"GLOBO FRASE CURSIVA FELIZ CUMPLEAÑOS AZUL x1","categoria":"Cotillon","subcategoria":"Globos Metalizados Frases","precio":1650.53,"destacado":false,"descripcion":"","imagen":"assets/products/CA-591401805774.webp","tags":["globo","frase","cursiva","feliz","cumpleaños","azul"]},{"id":"CA-712674012579","nombre":"GLOBO FRASE CURSIVA FELIZ CUMPLEAÑOS CREMA x1","categoria":"Cotillon","subcategoria":"Globos Metalizados Frases","precio":1650.53,"destacado":false,"descripcion":"* (18/12/2025)","imagen":"assets/products/CA-712674012579.webp","tags":["globo","frase","cursiva","feliz","cumpleaños","crema"]},{"id":"CA-712440087786","nombre":"GLOBO FRASE CURSIVA FELIZ CUMPLEAÑOS DEGRADE x1","categoria":"Cotillon","subcategoria":"Globos Metalizados Frases","precio":1650.53,"destacado":false,"descripcion":"","imagen":"assets/products/CA-712440087786.webp","tags":["globo","frase","cursiva","feliz","cumpleaños","degrade"]},{"id":"CA-591401805771","nombre":"GLOBO FRASE CURSIVA FELIZ CUMPLEAÑOS DORADA  x1","categoria":"Cotillon","subcategoria":"Globos Metalizados Frases","precio":1650.53,"destacado":false,"descripcion":"* (18/12/2025)","imagen":"assets/products/CA-591401805771.webp","tags":["globo","frase","cursiva","feliz","cumpleaños","dorada"]},{"id":"CA-579027593331","nombre":"GLOBO FRASE CURSIVA FELIZ CUMPLEAÑOS LILA  x1","categoria":"Cotillon","subcategoria":"Globos Metalizados Frases","precio":1650.53,"destacado":false,"descripcion":"* (18/12/2025)","imagen":"assets/products/CA-579027593331.webp","tags":["globo","frase","cursiva","feliz","cumpleaños","lila"]},{"id":"CA-785772322548","nombre":"GLOBO FRASE CURSIVA FELIZ CUMPLEAÑOS NEGRO x1","categoria":"Cotillon","subcategoria":"Globos Metalizados Frases","precio":1650.53,"destacado":false,"descripcion":"","imagen":"assets/products/CA-785772322548.webp","tags":["globo","frase","cursiva","feliz","cumpleaños","negro"]},{"id":"CA-591401805770","nombre":"GLOBO FRASE CURSIVA FELIZ CUMPLEAÑOS PLATEADA x1","categoria":"Cotillon","subcategoria":"Globos Metalizados Frases","precio":1650.53,"destacado":false,"descripcion":"","imagen":"assets/products/CA-591401805770.webp","tags":["globo","frase","cursiva","feliz","cumpleaños","plateada"]},{"id":"CA-591401805772","nombre":"GLOBO FRASE CURSIVA FELIZ CUMPLEAÑOS ROSA GOLD x1","categoria":"Cotillon","subcategoria":"Globos Metalizados Frases","precio":1650.53,"destacado":false,"descripcion":"","imagen":"assets/products/CA-591401805772.webp","tags":["globo","frase","cursiva","feliz","cumpleaños","rosa","gold"]},{"id":"CA-694510223108","nombre":"GLOBO FRASE CURSIVA FELIZ CUMPLEAÑOS VARIOS COLORES x1 U23-108 C.L","categoria":"Cotillon","subcategoria":"Globos Metalizados Frases","precio":1997.45,"destacado":false,"descripcion":"","imagen":"assets/products/CA-694510223108.webp","tags":["globo","frase","cursiva","feliz","cumpleaños","varios","colores","u23","108"]},{"id":"CA-709450142947","nombre":"GLOBO FRASE CURSIVA FELIZ CUMPLEAÑOS VERDE  x1","categoria":"Cotillon","subcategoria":"Globos Metalizados Frases","precio":1650.53,"destacado":false,"descripcion":"","imagen":"assets/products/CA-709450142947.webp","tags":["globo","frase","cursiva","feliz","cumpleaños","verde"]},{"id":"CA-701388923877","nombre":"GLOBO FRASE CURSIVA MIS 15 AÑOS AZUL x1","categoria":"Cotillon","subcategoria":"Globos Metalizados Frases","precio":1030.75,"destacado":false,"descripcion":"NUEVO 18/12/2025","imagen":"assets/products/CA-701388923877.webp","tags":["globo","frase","cursiva","mis","años","azul"]},{"id":"CA-712674053024","nombre":"GLOBO FRASE CURSIVA MIS 15 AÑOS DORADA x1","categoria":"Cotillon","subcategoria":"Globos Metalizados Frases","precio":1030.75,"destacado":false,"descripcion":"* (18/12/2025)","imagen":"assets/products/CA-712674053024.webp","tags":["globo","frase","cursiva","mis","años","dorada"]},{"id":"CA-701388923876","nombre":"GLOBO FRASE CURSIVA MIS 15 AÑOS FUCSIA x1","categoria":"Cotillon","subcategoria":"Globos Metalizados Frases","precio":1030.75,"destacado":false,"descripcion":"NUEVO 18/12/2025","imagen":"assets/products/CA-701388923876.webp","tags":["globo","frase","cursiva","mis","años","fucsia"]},{"id":"CA-712674053023","nombre":"GLOBO FRASE CURSIVA MIS 15 AÑOS PLATEADA x1","categoria":"Cotillon","subcategoria":"Globos Metalizados Frases","precio":1030.75,"destacado":false,"descripcion":"* (18/12/2025)","imagen":"assets/products/CA-712674053023.webp","tags":["globo","frase","cursiva","mis","años","plateada"]},{"id":"CA-712674053025","nombre":"GLOBO FRASE CURSIVA MIS 15 AÑOS ROSA GOLD x1","categoria":"Cotillon","subcategoria":"Globos Metalizados Frases","precio":1030.75,"destacado":false,"descripcion":"* (18/12/2025)","imagen":"assets/products/CA-712674053025.webp","tags":["globo","frase","cursiva","mis","años","rosa","gold"]},{"id":"CA-712674053026","nombre":"GLOBO FRASE CURSIVA MIS 15 AÑOS ROSA x1","categoria":"Cotillon","subcategoria":"Globos Metalizados Frases","precio":1030.75,"destacado":false,"descripcion":"NUEVO 18/12/2025","imagen":"assets/products/CA-712674053026.webp","tags":["globo","frase","cursiva","mis","años","rosa"]},{"id":"CA-705725022424","nombre":"GLOBO FRASE FELIZ ANIVERSARIO DEGRADE x1 CL19/U23-108","categoria":"Cotillon","subcategoria":"Globos Metalizados Frases","precio":1911.0,"destacado":false,"descripcion":"","imagen":"assets/products/CA-705725022424.webp","tags":["globo","frase","feliz","aniversario","degrade","cl19","u23","108"]},{"id":"CA-000000054860","nombre":"GLOBO FRASE FELIZ ANIVERSARIO DEGRADE x1 U23-108","categoria":"Cotillon","subcategoria":"Globos Metalizados Frases","precio":1911.0,"destacado":false,"descripcion":"","imagen":"assets/products/CA-000000054860.webp","tags":["globo","frase","feliz","aniversario","degrade","u23","108"]},{"id":"CA-692345623242","nombre":"GLOBO FRASE HAPPY BIRTHDAY BLANCO MATE x1 U23-242","categoria":"Cotillon","subcategoria":"Globos Metalizados Frases","precio":2402.4,"destacado":false,"descripcion":"* (10/12/2025)","imagen":"assets/products/CA-692345623242.webp","tags":["globo","frase","happy","birthday","blanco","mate","u23","242"]},{"id":"CA-000000058007","nombre":"GLOBO FRASE HAPPY BIRTHDAY CARAMEL NUDE x1 CL450","categoria":"Cotillon","subcategoria":"Globos Metalizados Frases","precio":2575.3,"destacado":false,"descripcion":"* (10/12/2025)","imagen":"assets/products/CA-000000058007.webp","tags":["globo","frase","happy","birthday","caramel","nude","cl450"]},{"id":"CA-000000058005","nombre":"GLOBO FRASE HAPPY BIRTHDAY CHOCOLATE NUDE x1 CL450","categoria":"Cotillon","subcategoria":"Globos Metalizados Frases","precio":2575.3,"destacado":false,"descripcion":"* (10/12/2025)","imagen":"assets/products/CA-000000058005.webp","tags":["globo","frase","happy","birthday","chocolate","nude","cl450"]},{"id":"CA-000000058581","nombre":"GLOBO FRASE HAPPY BIRTHDAY CHOCOLATE/CARAMEL NUDE x1 CL450","categoria":"Cotillon","subcategoria":"Globos Metalizados Frases","precio":2575.3,"destacado":false,"descripcion":"NUEVO 10/12/2025","imagen":"assets/products/CA-000000058581.webp","tags":["globo","frase","happy","birthday","chocolate","caramel","nude","cl450"]},{"id":"CA-000000058006","nombre":"GLOBO FRASE HAPPY BIRTHDAY CREMA NUDE x1 CL450","categoria":"Cotillon","subcategoria":"Globos Metalizados Frases","precio":2338.7,"destacado":false,"descripcion":"","imagen":"assets/products/CA-000000058006.webp","tags":["globo","frase","happy","birthday","crema","nude","cl450"]},{"id":"CA-770548411546","nombre":"GLOBO FRASE MI GRADUACION DORADO x1","categoria":"Cotillon","subcategoria":"Globos Metalizados Frases","precio":1085.2,"destacado":false,"descripcion":"","imagen":"assets/products/CA-770548411546.webp","tags":["globo","frase","graduacion","dorado"]},{"id":"CA-202560000629","nombre":"GLOBO FRASE MI GRADUACION DORADO X1 FP0629-01","categoria":"Cotillon","subcategoria":"Globos Metalizados Frases","precio":1813.0,"destacado":false,"descripcion":"","imagen":"assets/products/CA-202560000629.webp","tags":["globo","frase","graduacion","dorado","fp0629"]},{"id":"CA-691215487973","nombre":"GLOBO FRASE TE AMO x1 GY-973","categoria":"Cotillon","subcategoria":"Globos Metalizados Frases","precio":930.57,"destacado":false,"descripcion":"","imagen":"assets/products/CA-691215487973.webp","tags":["globo","frase","amo","973"]},{"id":"CA-202562000628","nombre":"KIT GLOBO FRASE LOVE YOU FUXIA X40PCS FP0628-02","categoria":"Cotillon","subcategoria":"Globos Metalizados Frases","precio":5887.35,"destacado":false,"descripcion":"","imagen":"assets/products/CA-202562000628.webp","tags":["kit","globo","frase","love","you","fuxia","x40pcs","fp0628"]},{"id":"CA-202560000628","nombre":"KIT GLOBO FRASE LOVE YOU ROSA X40PCS FP0628-01","categoria":"Cotillon","subcategoria":"Globos Metalizados Frases","precio":5887.35,"destacado":false,"descripcion":"","imagen":"assets/products/CA-202560000628.webp","tags":["kit","globo","frase","love","you","rosa","x40pcs","fp0628"]}]}