{"category_slug":"descartables","subcategory_slug":"cubiertos","page":2,"page_size":48,"total":69,"items":[{"id":"CA-960200010000","nombre":"CUCHILLO DE MADERA C.B.X (13 cm) x50und.","categoria":"Descartables","subcategoria":"Cubiertos","precio":2047.57,"destacado":false,"descripcion":"","imagen":"assets/products/CA-960200010000.webp","tags":["cuchillo","madera","x50und"]},{"id":"CA-779837740156","nombre":"CUCHILLO LINEA PREMIUM SOPHIE PLATA x12 95361","categoria":"Descartables","subcategoria":"Cubiertos","precio":3413.88,"destacado":false,"descripcion":"","imagen":"assets/products/CA-779837740156.webp","tags":["cuchillo","linea","premium","sophie","plata","x12","95361"]},{"id":"CA-000000034790","nombre":"CUCHILLO REFORZADO BLANCO (19 Cm) x10","categoria":"Descartables","subcategoria":"Cubiertos","precio":716.85,"destacado":false,"descripcion":"* (09/12/2025)","imagen":"assets/products/CA-000000034790.webp","tags":["cuchillo","reforzado","blanco","x10"]},{"id":"CA-000000041961","nombre":"CUCHILLO REFORZADO DORADO (19 Cm) x10","categoria":"Descartables","subcategoria":"Cubiertos","precio":716.85,"destacado":false,"descripcion":"* (09/12/2025)","imagen":"assets/products/CA-000000041961.webp","tags":["cuchillo","reforzado","dorado","x10"]},{"id":"CA-000000034791","nombre":"CUCHILLO REFORZADO NEGRO (19 Cm) x10","categoria":"Descartables","subcategoria":"Cubiertos","precio":716.85,"destacado":false,"descripcion":"* (09/12/2025)","imagen":"assets/products/CA-000000034791.webp","tags":["cuchillo","reforzado","negro","x10"]},{"id":"CA-000000041964","nombre":"CUCHILLO REFORZADO PLATEADO (19 Cm) x10","categoria":"Descartables","subcategoria":"Cubiertos","precio":716.85,"destacado":false,"descripcion":"* (09/12/2025)","imagen":"assets/products/CA-000000041964.webp","tags":["cuchillo","reforzado","plateado","x10"]},{"id":"CA-000000034786","nombre":"CUCHILLO REFORZADO ROJO (19 Cm) x10","categoria":"Descartables","subcategoria":"Cubiertos","precio":716.85,"destacado":false,"descripcion":"* (09/12/2025)","imagen":"assets/products/CA-000000034786.webp","tags":["cuchillo","reforzado","rojo","x10"]},{"id":"CA-779837740505","nombre":"CUCHILLO SIMIL MADERA SOPHIE DORADO x6 DM19KG","categoria":"Descartables","subcategoria":"Cubiertos","precio":2110.43,"destacado":false,"descripcion":"","imagen":"assets/products/CA-779837740505.webp","tags":["cuchillo","simil","madera","sophie","dorado","dm19kg"]},{"id":"CA-779000018207","nombre":"SET CUBIERTOS DE BAMBU x3 12015","categoria":"Descartables","subcategoria":"Cubiertos","precio":2698.48,"destacado":false,"descripcion":"","imagen":"assets/products/CA-779000018207.webp","tags":["set","cubiertos","bambu","12015"]},{"id":"CA-779809870505","nombre":"TENEDOR BLANCO FRACCIONADO (BULTO 20 x50) x1000 KV 6001B/50 (12)","categoria":"Descartables","subcategoria":"Cubiertos","precio":12976.25,"destacado":false,"descripcion":"","imagen":"assets/products/CA-779809870505.webp","tags":["tenedor","blanco","fraccionado","bulto","x50","x1000","6001b"]},{"id":"CA-779809870506","nombre":"TENEDOR BLANCO KV x50 6025B","categoria":"Descartables","subcategoria":"Cubiertos","precio":700.72,"destacado":false,"descripcion":"","imagen":"assets/products/CA-779809870506.webp","tags":["tenedor","blanco","x50","6025b"]},{"id":"CA-000000034020","nombre":"TENEDOR BLANCO REFORZADO A GRANEL (BULTO x1000) FF201 (10)","categoria":"Descartables","subcategoria":"Cubiertos","precio":15469.05,"destacado":false,"descripcion":"* (19/12/2025)","imagen":"assets/products/CA-000000034020.webp","tags":["tenedor","blanco","reforzado","granel","bulto","x1000","ff201"]},{"id":"CA-000000034027","nombre":"TENEDOR BLANCO REFORZADO FRACCIONADO (BULTO 10x100) FF201BL (11)","categoria":"Descartables","subcategoria":"Cubiertos","precio":17789.41,"destacado":false,"descripcion":"* (19/12/2025)","imagen":"assets/products/CA-000000034027.webp","tags":["tenedor","blanco","reforzado","fraccionado","bulto","10x100","ff201bl"]},{"id":"CA-000000034028","nombre":"TENEDOR BLANCO REFORZADO x100","categoria":"Descartables","subcategoria":"Cubiertos","precio":1921.25,"destacado":false,"descripcion":"* (19/12/2025)","imagen":"assets/products/CA-000000034028.webp","tags":["tenedor","blanco","reforzado","x100"]},{"id":"CA-779908803244","nombre":"TENEDOR DE MADERA 17cm x25 und. PAS6","categoria":"Descartables","subcategoria":"Cubiertos","precio":1074.08,"destacado":false,"descripcion":"","imagen":"assets/products/CA-779908803244.webp","tags":["tenedor","madera","17cm","x25","und","pas6"]},{"id":"CA-960100010000","nombre":"TENEDOR DE MADERA C.B.X (13cm) x50","categoria":"Descartables","subcategoria":"Cubiertos","precio":2368.55,"destacado":false,"descripcion":"","imagen":"assets/products/CA-960100010000.webp","tags":["tenedor","madera","13cm","x50"]},{"id":"CA-000000034777","nombre":"TENEDOR REFORZADO BLANCO (19 Cm) x10","categoria":"Descartables","subcategoria":"Cubiertos","precio":716.85,"destacado":false,"descripcion":"","imagen":"assets/products/CA-000000034777.webp","tags":["tenedor","reforzado","blanco","x10"]},{"id":"CA-000000041962","nombre":"TENEDOR REFORZADO DORADO (19 Cm) x10","categoria":"Descartables","subcategoria":"Cubiertos","precio":716.85,"destacado":false,"descripcion":"","imagen":"assets/products/CA-000000041962.webp","tags":["tenedor","reforzado","dorado","x10"]},{"id":"CA-000000034776","nombre":"TENEDOR REFORZADO NEGRO (19 Cm) x10","categoria":"Descartables","subcategoria":"Cubiertos","precio":716.85,"destacado":false,"descripcion":"","imagen":"assets/products/CA-000000034776.webp","tags":["tenedor","reforzado","negro","x10"]},{"id":"CA-000000041963","nombre":"TENEDOR REFORZADO PLATEADO (19 Cm) x10","categoria":"Descartables","subcategoria":"Cubiertos","precio":716.85,"destacado":false,"descripcion":"","imagen":"assets/products/CA-000000041963.webp","tags":["tenedor","reforzado","plateado","x10"]},{"id":"CA-000000034774","nombre":"TENEDOR REFORZADO ROJO (19 Cm) x10","categoria":"Descartables","subcategoria":"Cubiertos","precio":716.85,"destacado":false,"descripcion":"","imagen":"assets/products/CA-000000034774.webp","tags":["tenedor","reforzado","rojo","x10"]}]}