{"category_slug":"comunion_confirmacion","subcategory_slug":"linea_caliz_con_mandala","page":1,"page_size":48,"total":2,"items":[{"id":"CA-779813465938","nombre":"MANTEL COMUNION CALIZ CON MANDALA x1 GM","categoria":"Comunion/Confirmacion","subcategoria":"Linea Caliz Con Mandala","precio":1645.31,"destacado":false,"descripcion":"","imagen":"assets/products/CA-779813465938.webp","tags":["mantel","comunion","caliz","con","mandala"]},{"id":"CA-779813465937","nombre":"VASO COMUNION CALIZ CON MANDALA x10 GM","categoria":"Comunion/Confirmacion","subcategoria":"Linea Caliz Con Mandala","precio":974.03,"destacado":false,"descripcion":"","imagen":"assets/products/CA-779813465937.webp","tags":["vaso","comunion","caliz","con","mandala","x10"]}]}