{"category_slug":"carnaval_carioca","subcategory_slug":"bride","page":1,"page_size":48,"total":30,"items":[{"id":"CA-000000055976","nombre":"ANTEOJO LENNON BRIDE TO BE PERLAS x1 BH119","categoria":"Carnaval Carioca","subcategoria":"Bride","precio":1500.0,"destacado":false,"descripcion":"* (18/12/2025)","imagen":"assets/products/CA-000000055976.webp","tags":["anteojo","lennon","bride","perlas","bh119"]},{"id":"CA-691566410827","nombre":"ANTEOJO PLASTICO BRIDE TO BE PLATA x12 MM11-08P","categoria":"Carnaval Carioca","subcategoria":"Bride","precio":7082.67,"destacado":false,"descripcion":"","imagen":"assets/products/CA-691566410827.webp","tags":["anteojo","plastico","bride","plata","x12","mm11","08p"]},{"id":"CA-691566411109","nombre":"ANTEOJO PLASTICO BRIDE TO BE PLATA x12 MM11-09P","categoria":"Carnaval Carioca","subcategoria":"Bride","precio":7869.6,"destacado":false,"descripcion":"","imagen":"assets/products/CA-691566411109.webp","tags":["anteojo","plastico","bride","plata","x12","mm11","09p"]},{"id":"CA-000000055370","nombre":"ANTEOJO RAYBAN BRIDE x1 BP","categoria":"Carnaval Carioca","subcategoria":"Bride","precio":2700.0,"destacado":false,"descripcion":"","imagen":"assets/products/CA-000000055370.webp","tags":["anteojo","rayban","bride"]},{"id":"CA-000000055368","nombre":"ANTEOJO RAYBAN NOVIA  x1 BP","categoria":"Carnaval Carioca","subcategoria":"Bride","precio":3375.0,"destacado":false,"descripcion":"","imagen":"assets/products/CA-000000055368.webp","tags":["anteojo","rayban","novia"]},{"id":"CA-000000055369","nombre":"ANTEOJO RAYBAN NOVIO x1 BP","categoria":"Carnaval Carioca","subcategoria":"Bride","precio":3375.0,"destacado":false,"descripcion":"","imagen":"assets/products/CA-000000055369.webp","tags":["anteojo","rayban","novio"]},{"id":"CA-541497890143","nombre":"CORONA NOVIA CON FLORES TULL Y LUZ x1 PA0143","categoria":"Carnaval Carioca","subcategoria":"Bride","precio":2662.42,"destacado":false,"descripcion":"","imagen":"assets/products/CA-541497890143.webp","tags":["corona","novia","con","flores","tull","luz","pa0143"]},{"id":"CA-541497890103","nombre":"CORONA NOVIA FLOR Y TULL BLANCA  x1 PA0103","categoria":"Carnaval Carioca","subcategoria":"Bride","precio":3445.41,"destacado":false,"descripcion":"","imagen":"assets/products/CA-541497890103.webp","tags":["corona","novia","flor","tull","blanca","pa0103"]},{"id":"CA-202562000642","nombre":"GLOBO FRASE BRIDE TO BE ROSA X1 FP0642-02","categoria":"Carnaval Carioca","subcategoria":"Bride","precio":1556.73,"destacado":false,"descripcion":"","imagen":"assets/products/CA-202562000642.webp","tags":["globo","frase","bride","rosa","fp0642"]},{"id":"CA-699202502158","nombre":"GLOBO FRASE BRIDE TO BE x1 H501 (rosa, dorado, rosa gold)","categoria":"Carnaval Carioca","subcategoria":"Bride","precio":1547.0,"destacado":false,"descripcion":"","imagen":"assets/products/CA-699202502158.webp","tags":["globo","frase","bride","h501","rosa","dorado","rosa","gold"]},{"id":"CA-202560001372","nombre":"GORRA BLANCA BRIDE CON STRASS X1 FP1372","categoria":"Carnaval Carioca","subcategoria":"Bride","precio":5663.0,"destacado":false,"descripcion":"","imagen":"assets/products/CA-202560001372.webp","tags":["gorra","blanca","bride","con","strass","fp1372"]},{"id":"CA-000000055796","nombre":"GORRA NOVIO  x1 J.N","categoria":"Carnaval Carioca","subcategoria":"Bride","precio":6300.0,"destacado":false,"descripcion":"","imagen":"assets/products/CA-000000055796.webp","tags":["gorra","novio"]},{"id":"CA-000000056046","nombre":"GORRO COWBOY BRIDE BLANCO BOA CON LUZ x1 B.P","categoria":"Carnaval Carioca","subcategoria":"Bride","precio":10140.0,"destacado":false,"descripcion":"* (11/12/2025)","imagen":"assets/products/CA-000000056046.webp","tags":["gorro","cowboy","bride","blanco","boa","con","luz"]},{"id":"CA-000000056047","nombre":"GORRO COWBOY NOVIA BLANCO CON LUZ x1 B.P","categoria":"Carnaval Carioca","subcategoria":"Bride","precio":10140.0,"destacado":false,"descripcion":"","imagen":"assets/products/CA-000000056047.webp","tags":["gorro","cowboy","novia","blanco","con","luz"]},{"id":"CA-000000056050","nombre":"GORRO COWBOY NOVIO NEGRO CON LUZ x1 B.P","categoria":"Carnaval Carioca","subcategoria":"Bride","precio":10140.0,"destacado":false,"descripcion":"","imagen":"assets/products/CA-000000056050.webp","tags":["gorro","cowboy","novio","negro","con","luz"]},{"id":"CA-000000055461","nombre":"REMERA BLANCA BRIDE (ADULTO) x1 ALE","categoria":"Carnaval Carioca","subcategoria":"Bride","precio":7290.0,"destacado":false,"descripcion":"","imagen":"assets/products/CA-000000055461.webp","tags":["remera","blanca","bride","adulto","ale"]},{"id":"CA-000000055460","nombre":"REMERA BLANCA TEAM BRIDE (ADULTO) x1 ALE","categoria":"Carnaval Carioca","subcategoria":"Bride","precio":7290.0,"destacado":false,"descripcion":"","imagen":"assets/products/CA-000000055460.webp","tags":["remera","blanca","team","bride","adulto","ale"]},{"id":"CA-638013391481","nombre":"SET BANDERIN/POMPON DE FIELTRO HAPPY BIRTHDAY x1 U2411-243","categoria":"Carnaval Carioca","subcategoria":"Bride","precio":3458.0,"destacado":false,"descripcion":"","imagen":"assets/products/CA-638013391481.webp","tags":["set","banderin","pompon","fieltro","happy","birthday","u2411","243"]},{"id":"CA-692025167416","nombre":"SET TIARA Y BANDA BRIDE TO BE x1 U2411-16","categoria":"Carnaval Carioca","subcategoria":"Bride","precio":4994.99,"destacado":false,"descripcion":"","imagen":"assets/products/CA-692025167416.webp","tags":["set","tiara","banda","bride","u2411"]},{"id":"CA-679749900226","nombre":"VELO TULL BRIDE TO BE PLATEADA  x1 DA0226","categoria":"Carnaval Carioca","subcategoria":"Bride","precio":3170.06,"destacado":false,"descripcion":"","imagen":"assets/products/CA-679749900226.webp","tags":["velo","tull","bride","plateada","da0226"]},{"id":"CA-698787124365","nombre":"VINCHA BRIDE CON FLECOS (novia) VARIOS COLORES x1 U24-365","categoria":"Carnaval Carioca","subcategoria":"Bride","precio":780.0,"destacado":false,"descripcion":"","imagen":"assets/products/CA-698787124365.webp","tags":["vincha","bride","con","flecos","novia","varios","colores","u24","365"]},{"id":"CA-000000051408","nombre":"VINCHA NOVIA  ROSAS BRILLO Y PERLAS x1","categoria":"Carnaval Carioca","subcategoria":"Bride","precio":3564.0,"destacado":false,"descripcion":"","imagen":"assets/products/CA-000000051408.webp","tags":["vincha","novia","rosas","brillo","perlas"]},{"id":"CA-000000056021","nombre":"VINCHA NOVIA BRILLO Y PERLAS x1","categoria":"Carnaval Carioca","subcategoria":"Bride","precio":2614.77,"destacado":false,"descripcion":"","imagen":"assets/products/CA-000000056021.webp","tags":["vincha","novia","brillo","perlas"]},{"id":"CA-000000057557","nombre":"VINCHA NOVIA FLOR FRESIAS CON PERLAS x1u. LM","categoria":"Carnaval Carioca","subcategoria":"Bride","precio":2079.0,"destacado":false,"descripcion":"","imagen":"assets/products/CA-000000057557.webp","tags":["vincha","novia","flor","fresias","con","perlas","x1u"]},{"id":"CA-000000054278","nombre":"VINCHA NOVIA PLUMA FLORES Y STRASS  x1","categoria":"Carnaval Carioca","subcategoria":"Bride","precio":4680.0,"destacado":false,"descripcion":"* (11/12/2025)","imagen":"assets/products/CA-000000054278.webp","tags":["vincha","novia","pluma","flores","strass"]},{"id":"CA-202560000206","nombre":"VINCHA PLASTICA BRIDE PLATA x12 FP0206-01","categoria":"Carnaval Carioca","subcategoria":"Bride","precio":8308.44,"destacado":false,"descripcion":"","imagen":"assets/products/CA-202560000206.webp","tags":["vincha","plastica","bride","plata","x12","fp0206"]},{"id":"CA-691566411111","nombre":"VINCHA PLASTICA BRIDE PLATA x12 MM11-11P","categoria":"Carnaval Carioca","subcategoria":"Bride","precio":10812.45,"destacado":false,"descripcion":"","imagen":"assets/products/CA-691566411111.webp","tags":["vincha","plastica","bride","plata","x12","mm11","11p"]},{"id":"CA-691566461113","nombre":"VINCHA PLASTICA BRIDE TO BE PLATA x12 MM11-13P","categoria":"Carnaval Carioca","subcategoria":"Bride","precio":9732.02,"destacado":false,"descripcion":"","imagen":"assets/products/CA-691566461113.webp","tags":["vincha","plastica","bride","plata","x12","mm11","13p"]},{"id":"CA-000000050717","nombre":"VINCHA STRASS DELUXE BRIDE TO BE (Futura novia) x1 J","categoria":"Carnaval Carioca","subcategoria":"Bride","precio":5717.5,"destacado":false,"descripcion":"","imagen":"assets/products/CA-000000050717.webp","tags":["vincha","strass","deluxe","bride","futura","novia"]},{"id":"CA-202560000731","nombre":"VINCHA TEAM BRIDE Y ANTEOJO PLATA x6 FP0731-01","categoria":"Carnaval Carioca","subcategoria":"Bride","precio":7223.58,"destacado":false,"descripcion":"","imagen":"assets/products/CA-202560000731.webp","tags":["vincha","team","bride","anteojo","plata","fp0731"]}]}