{"category_slug":"acontecimientos","subcategory_slug":"revelacion_de_genero","page":1,"page_size":48,"total":10,"items":[{"id":"CA-779905101094","nombre":"AFICHE BIENVENIDOS REVELACION DE GENERO NENA O NENE x1 GM 4705","categoria":"Acontecimientos","subcategoria":"Revelacion De Genero","precio":913.28,"destacado":false,"descripcion":"","imagen":"assets/products/CA-779905101094.webp","tags":["afiche","bienvenidos","revelacion","genero","nena","nene","4705"]},{"id":"CA-779905101078","nombre":"BANDERIN CON STAMPING REVELACION DE GENERO NENA O NENEx1 4704  GM","categoria":"Acontecimientos","subcategoria":"Revelacion De Genero","precio":1468.46,"destacado":false,"descripcion":"","imagen":"assets/products/CA-779905101078.webp","tags":["banderin","con","stamping","revelacion","genero","nena","nenex1","4704"]},{"id":"CA-202200073441","nombre":"CAÑON CARIOCA REVELACION DE GENERO CELESTE CADENACI 40 cm x1 7344C","categoria":"Acontecimientos","subcategoria":"Revelacion De Genero","precio":1558.01,"destacado":false,"descripcion":"","imagen":"assets/products/CA-202200073441.webp","tags":["cañon","carioca","revelacion","genero","celeste","cadenaci","7344c"]},{"id":"CA-202200073451","nombre":"CAÑON CARIOCA REVELACION DE GENERO ROSA CADENACI 40 cm x1 7345R","categoria":"Acontecimientos","subcategoria":"Revelacion De Genero","precio":1558.01,"destacado":false,"descripcion":"","imagen":"assets/products/CA-202200073451.webp","tags":["cañon","carioca","revelacion","genero","rosa","cadenaci","7345r"]},{"id":"CA-202560000651","nombre":"KIT GLOBO BOY OR GIRL 40 pcs X1 FP0651","categoria":"Acontecimientos","subcategoria":"Revelacion De Genero","precio":7183.89,"destacado":false,"descripcion":"","imagen":"assets/products/CA-202560000651.webp","tags":["kit","globo","boy","girl","pcs","fp0651"]},{"id":"CA-000000056332","nombre":"KIT GLOBOS BABY REVELACION DE GENERO 6 PIEZAS x1","categoria":"Acontecimientos","subcategoria":"Revelacion De Genero","precio":1456.35,"destacado":false,"descripcion":"","imagen":"assets/products/CA-000000056332.webp","tags":["kit","globos","baby","revelacion","genero","piezas"]},{"id":"CA-000000056333","nombre":"KIT GLOBOS BABY REVELACION DE GENERO 7 PIEZAS x1","categoria":"Acontecimientos","subcategoria":"Revelacion De Genero","precio":1553.44,"destacado":false,"descripcion":"","imagen":"assets/products/CA-000000056333.webp","tags":["kit","globos","baby","revelacion","genero","piezas"]},{"id":"CA-000000056579","nombre":"KIT GLOBOS BABY SIGNO REVELACION DE GENERO x1 GY-965","categoria":"Acontecimientos","subcategoria":"Revelacion De Genero","precio":2565.01,"destacado":false,"descripcion":"","imagen":"assets/products/CA-000000056579.webp","tags":["kit","globos","baby","signo","revelacion","genero","965"]},{"id":"CA-779905101095","nombre":"PLATO CARTON CON STAMPING REVELACION DE GENERO x8 GM 4708","categoria":"Acontecimientos","subcategoria":"Revelacion De Genero","precio":1379.03,"destacado":false,"descripcion":"","imagen":"assets/products/CA-779905101095.webp","tags":["plato","carton","con","stamping","revelacion","genero","4708"]},{"id":"CA-696214360879","nombre":"SPRAY REVELACION DE GENERO POLVO ROSA/CELESTE x1 U24-068","categoria":"Acontecimientos","subcategoria":"Revelacion De Genero","precio":6552.0,"destacado":false,"descripcion":"","imagen":"assets/products/CA-696214360879.webp","tags":["spray","revelacion","genero","polvo","rosa","celeste","u24","068"]}]}