{"category_slug":"cotillon","subcategory_slug":"gorros_homenajeados_de_cumplea_os","page":1,"page_size":48,"total":17,"items":[{"id":"CA-000000048696","nombre":"HOMENAJEADO FLUO SURTIDO x12","categoria":"Cotillon","subcategoria":"Gorros Homenajeados De Cumpleaños","precio":3387.35,"destacado":false,"descripcion":"","imagen":"assets/products/CA-000000048696.webp","tags":["homenajeado","fluo","surtido","x12"]},{"id":"CA-000000042065","nombre":"HOMENAJEADO HOLOGRAFICO GIGANTE AZUL x1 85","categoria":"Cotillon","subcategoria":"Gorros Homenajeados De Cumpleaños","precio":665.43,"destacado":false,"descripcion":"","imagen":"assets/products/CA-000000042065.webp","tags":["homenajeado","holografico","gigante","azul"]},{"id":"CA-000000004366","nombre":"HOMENAJEADO HOLOGRAFICO GIGANTE DORADO x1 85","categoria":"Cotillon","subcategoria":"Gorros Homenajeados De Cumpleaños","precio":665.43,"destacado":false,"descripcion":"","imagen":"assets/products/CA-000000004366.webp","tags":["homenajeado","holografico","gigante","dorado"]},{"id":"CA-000000015366","nombre":"HOMENAJEADO HOLOGRAFICO GIGANTE FUCSIA x1 85","categoria":"Cotillon","subcategoria":"Gorros Homenajeados De Cumpleaños","precio":665.43,"destacado":false,"descripcion":"","imagen":"assets/products/CA-000000015366.webp","tags":["homenajeado","holografico","gigante","fucsia"]},{"id":"CA-000000015355","nombre":"HOMENAJEADO HOLOGRAFICO GIGANTE PLATEADO x1 85","categoria":"Cotillon","subcategoria":"Gorros Homenajeados De Cumpleaños","precio":665.43,"destacado":false,"descripcion":"","imagen":"assets/products/CA-000000015355.webp","tags":["homenajeado","holografico","gigante","plateado"]},{"id":"CA-000000015358","nombre":"HOMENAJEADO HOLOGRAFICO GIGANTE ROJO x1 85","categoria":"Cotillon","subcategoria":"Gorros Homenajeados De Cumpleaños","precio":665.43,"destacado":false,"descripcion":"","imagen":"assets/products/CA-000000015358.webp","tags":["homenajeado","holografico","gigante","rojo"]},{"id":"CA-000000015357","nombre":"HOMENAJEADO HOLOGRAFICO GIGANTE VERDE x1 85","categoria":"Cotillon","subcategoria":"Gorros Homenajeados De Cumpleaños","precio":665.43,"destacado":false,"descripcion":"","imagen":"assets/products/CA-000000015357.webp","tags":["homenajeado","holografico","gigante","verde"]},{"id":"CA-000000042066","nombre":"HOMENAJEADO HOLOGRAFICO GRANDE AZUL x1 36","categoria":"Cotillon","subcategoria":"Gorros Homenajeados De Cumpleaños","precio":569.16,"destacado":false,"descripcion":"","imagen":"assets/products/CA-000000042066.webp","tags":["homenajeado","holografico","grande","azul"]},{"id":"CA-000000054432","nombre":"HOMENAJEADO HOLOGRAFICO GRANDE BOCA x1 36","categoria":"Cotillon","subcategoria":"Gorros Homenajeados De Cumpleaños","precio":569.16,"destacado":false,"descripcion":"","imagen":"assets/products/CA-000000054432.webp","tags":["homenajeado","holografico","grande","boca"]},{"id":"CA-000000015360","nombre":"HOMENAJEADO HOLOGRAFICO GRANDE DORADO x1 36","categoria":"Cotillon","subcategoria":"Gorros Homenajeados De Cumpleaños","precio":569.16,"destacado":false,"descripcion":"","imagen":"assets/products/CA-000000015360.webp","tags":["homenajeado","holografico","grande","dorado"]},{"id":"CA-000000015361","nombre":"HOMENAJEADO HOLOGRAFICO GRANDE FUCSIA x1 36","categoria":"Cotillon","subcategoria":"Gorros Homenajeados De Cumpleaños","precio":569.16,"destacado":false,"descripcion":"","imagen":"assets/products/CA-000000015361.webp","tags":["homenajeado","holografico","grande","fucsia"]},{"id":"CA-000000015362","nombre":"HOMENAJEADO HOLOGRAFICO GRANDE PLATEADO x1 36","categoria":"Cotillon","subcategoria":"Gorros Homenajeados De Cumpleaños","precio":569.16,"destacado":false,"descripcion":"","imagen":"assets/products/CA-000000015362.webp","tags":["homenajeado","holografico","grande","plateado"]},{"id":"CA-000000054431","nombre":"HOMENAJEADO HOLOGRAFICO GRANDE RIVER x1 36","categoria":"Cotillon","subcategoria":"Gorros Homenajeados De Cumpleaños","precio":569.16,"destacado":false,"descripcion":"","imagen":"assets/products/CA-000000054431.webp","tags":["homenajeado","holografico","grande","river"]},{"id":"CA-000000015370","nombre":"HOMENAJEADO HOLOGRAFICO GRANDE ROJO x1 36","categoria":"Cotillon","subcategoria":"Gorros Homenajeados De Cumpleaños","precio":569.16,"destacado":false,"descripcion":"","imagen":"assets/products/CA-000000015370.webp","tags":["homenajeado","holografico","grande","rojo"]},{"id":"CA-000000015359","nombre":"HOMENAJEADO HOLOGRAFICO GRANDE VERDE x1 36","categoria":"Cotillon","subcategoria":"Gorros Homenajeados De Cumpleaños","precio":569.16,"destacado":false,"descripcion":"","imagen":"assets/products/CA-000000015359.webp","tags":["homenajeado","holografico","grande","verde"]},{"id":"CA-000000044424","nombre":"HOMENAJEADO HOLOGRAFICO GRANDE VIOLETA x1 36","categoria":"Cotillon","subcategoria":"Gorros Homenajeados De Cumpleaños","precio":569.16,"destacado":false,"descripcion":"","imagen":"assets/products/CA-000000044424.webp","tags":["homenajeado","holografico","grande","violeta"]},{"id":"CA-000000048697","nombre":"HOMENAJEADO HOLOGRAFICO SURTIDO x12","categoria":"Cotillon","subcategoria":"Gorros Homenajeados De Cumpleaños","precio":3387.35,"destacado":false,"descripcion":"","imagen":"assets/products/CA-000000048697.webp","tags":["homenajeado","holografico","surtido","x12"]}]}