{"category_slug":"carnaval_carioca","subcategory_slug":"","page":7,"page_size":48,"total":1218,"items":[{"id":"CA-072737309948","nombre":"COLLAR FLORES MARGARITAS MULTICOLOR x5 FN611","categoria":"Carnaval Carioca","subcategoria":"Corbatas/Moños/Pulseras/Collares","precio":10023.75,"destacado":false,"descripcion":"","imagen":"assets/products/CA-072737309948.webp","tags":["collar","flores","margaritas","multicolor","fn611"]},{"id":"CA-076357187946","nombre":"COLLAR FLORES SEDA  CON LUZ AMARILLO FLUO x1 FN612/1","categoria":"Carnaval Carioca","subcategoria":"Linea Luminosa","precio":4002.82,"destacado":false,"descripcion":"","imagen":"assets/products/CA-076357187946.webp","tags":["collar","flores","seda","con","luz","amarillo","fluo","fn612"]},{"id":"CA-076357187928","nombre":"COLLAR FLORES SEDA  CON LUZ AZUL x1 FN612/1","categoria":"Carnaval Carioca","subcategoria":"Linea Luminosa","precio":4002.82,"destacado":false,"descripcion":"","imagen":"assets/products/CA-076357187928.webp","tags":["collar","flores","seda","con","luz","azul","fn612"]},{"id":"CA-076357187919","nombre":"COLLAR FLORES SEDA  CON LUZ BLANCO x1 FN612/1","categoria":"Carnaval Carioca","subcategoria":"Total White","precio":4002.82,"destacado":false,"descripcion":"","imagen":"assets/products/CA-076357187919.webp","tags":["collar","flores","seda","con","luz","blanco","fn612"]},{"id":"CA-076357187924","nombre":"COLLAR FLORES SEDA  CON LUZ FUCSIA FLUO x1 FN612/1","categoria":"Carnaval Carioca","subcategoria":"Linea Luminosa","precio":4002.82,"destacado":false,"descripcion":"","imagen":"assets/products/CA-076357187924.webp","tags":["collar","flores","seda","con","luz","fucsia","fluo","fn612"]},{"id":"CA-076357187958","nombre":"COLLAR FLORES SEDA  CON LUZ MULTICOLOR x1 FN612/1","categoria":"Carnaval Carioca","subcategoria":"Linea Luminosa","precio":4002.82,"destacado":false,"descripcion":"","imagen":"assets/products/CA-076357187958.webp","tags":["collar","flores","seda","con","luz","multicolor","fn612"]},{"id":"CA-076357187943","nombre":"COLLAR FLORES SEDA  CON LUZ NARANJA FLUO x1 FN612/1","categoria":"Carnaval Carioca","subcategoria":"Linea Luminosa","precio":4002.82,"destacado":false,"descripcion":"","imagen":"assets/products/CA-076357187943.webp","tags":["collar","flores","seda","con","luz","naranja","fluo","fn612"]},{"id":"CA-076357187922","nombre":"COLLAR FLORES SEDA  CON LUZ ROJO x1 FN612/1","categoria":"Carnaval Carioca","subcategoria":"Linea Luminosa","precio":4002.82,"destacado":false,"descripcion":"","imagen":"assets/products/CA-076357187922.webp","tags":["collar","flores","seda","con","luz","rojo","fn612"]},{"id":"CA-076357187920","nombre":"COLLAR FLORES SEDA  CON LUZ ROSA x1 FN612/1","categoria":"Carnaval Carioca","subcategoria":"Linea Luminosa","precio":4002.82,"destacado":false,"descripcion":"","imagen":"assets/products/CA-076357187920.webp","tags":["collar","flores","seda","con","luz","rosa","fn612"]},{"id":"CA-076357187936","nombre":"COLLAR FLORES SEDA  CON LUZ VERDE FLUO x1 FN612/1","categoria":"Carnaval Carioca","subcategoria":"Linea Luminosa","precio":4002.82,"destacado":false,"descripcion":"","imagen":"assets/products/CA-076357187936.webp","tags":["collar","flores","seda","con","luz","verde","fluo","fn612"]},{"id":"CA-076357187858","nombre":"COLLAR FLORES SEDA AMARILLO FLUO x5 FN612","categoria":"Carnaval Carioca","subcategoria":"Corbatas/Moños/Pulseras/Collares","precio":14470.65,"destacado":false,"descripcion":"","imagen":"assets/products/CA-076357187858.webp","tags":["collar","flores","seda","amarillo","fluo","fn612"]},{"id":"CA-076357187831","nombre":"COLLAR FLORES SEDA BLANCO x5 FN612","categoria":"Carnaval Carioca","subcategoria":"Total White","precio":14470.65,"destacado":false,"descripcion":"","imagen":"assets/products/CA-076357187831.webp","tags":["collar","flores","seda","blanco","fn612"]},{"id":"CA-076357187836","nombre":"COLLAR FLORES SEDA FUCSIA FLUO x5 FN612","categoria":"Carnaval Carioca","subcategoria":"Corbatas/Moños/Pulseras/Collares","precio":14470.65,"destacado":false,"descripcion":"","imagen":"assets/products/CA-076357187836.webp","tags":["collar","flores","seda","fucsia","fluo","fn612"]},{"id":"CA-076357187870","nombre":"COLLAR FLORES SEDA MULTICOLOR x5 FN612","categoria":"Carnaval Carioca","subcategoria":"Corbatas/Moños/Pulseras/Collares","precio":14470.65,"destacado":false,"descripcion":"","imagen":"assets/products/CA-076357187870.webp","tags":["collar","flores","seda","multicolor","fn612"]},{"id":"CA-076357187855","nombre":"COLLAR FLORES SEDA NARANJA FLUO x5 FN612","categoria":"Carnaval Carioca","subcategoria":"Corbatas/Moños/Pulseras/Collares","precio":14470.65,"destacado":false,"descripcion":"","imagen":"assets/products/CA-076357187855.webp","tags":["collar","flores","seda","naranja","fluo","fn612"]},{"id":"CA-076357187873","nombre":"COLLAR FLORES SEDA NEGRO x5 FN612","categoria":"Carnaval Carioca","subcategoria":"Corbatas/Moños/Pulseras/Collares","precio":14470.65,"destacado":false,"descripcion":"","imagen":"assets/products/CA-076357187873.webp","tags":["collar","flores","seda","negro","fn612"]},{"id":"CA-076357187834","nombre":"COLLAR FLORES SEDA ROJO x5 FN612","categoria":"Carnaval Carioca","subcategoria":"Corbatas/Moños/Pulseras/Collares","precio":14470.65,"destacado":false,"descripcion":"","imagen":"assets/products/CA-076357187834.webp","tags":["collar","flores","seda","rojo","fn612"]},{"id":"CA-076357187832","nombre":"COLLAR FLORES SEDA ROSA  x5 FN612","categoria":"Carnaval Carioca","subcategoria":"Corbatas/Moños/Pulseras/Collares","precio":14470.65,"destacado":false,"descripcion":"","imagen":"assets/products/CA-076357187832.webp","tags":["collar","flores","seda","rosa","fn612"]},{"id":"CA-076357187833","nombre":"COLLAR FLORES SEDA ROSA x5 FN612","categoria":"Carnaval Carioca","subcategoria":"Corbatas/Moños/Pulseras/Collares","precio":14470.65,"destacado":false,"descripcion":"","imagen":"assets/products/CA-076357187833.webp","tags":["collar","flores","seda","rosa","fn612"]},{"id":"CA-076357187848","nombre":"COLLAR FLORES SEDA VERDE FLUO x5 FN612","categoria":"Carnaval Carioca","subcategoria":"Corbatas/Moños/Pulseras/Collares","precio":14470.65,"destacado":false,"descripcion":"","imagen":"assets/products/CA-076357187848.webp","tags":["collar","flores","seda","verde","fluo","fn612"]},{"id":"CA-000000021797","nombre":"COLLAR HAWAIANO ARGENTINA CON FLECOS x10","categoria":"Carnaval Carioca","subcategoria":"Corbatas/Moños/Pulseras/Collares","precio":3510.0,"destacado":false,"descripcion":"* (11/12/2025)","imagen":"assets/products/CA-000000021797.webp","tags":["collar","hawaiano","argentina","con","flecos","x10"]},{"id":"CA-779812603137","nombre":"COLLAR HAWAIANO COLOR ELASTIZADO x25u. BCOS","categoria":"Carnaval Carioca","subcategoria":"Corbatas/Moños/Pulseras/Collares","precio":4320.0,"destacado":false,"descripcion":"","imagen":"assets/products/CA-779812603137.webp","tags":["collar","hawaiano","color","elastizado","x25u","bcos"]},{"id":"CA-000000002286","nombre":"COLLAR HAWAIANO COLORES SURTIDOS BOLSONx200u.","categoria":"Carnaval Carioca","subcategoria":"Corbatas/Moños/Pulseras/Collares","precio":14280.0,"destacado":false,"descripcion":"* (11/12/2025)","imagen":"assets/products/CA-000000002286.webp","tags":["collar","hawaiano","colores","surtidos","bolsonx200u"]},{"id":"CA-000000024998","nombre":"COLLAR HAWAIANO CON FLECOS BICOLOR SURTIDOSx10","categoria":"Carnaval Carioca","subcategoria":"Corbatas/Moños/Pulseras/Collares","precio":3640.0,"destacado":false,"descripcion":"* (11/12/2025)","imagen":"assets/products/CA-000000024998.webp","tags":["collar","hawaiano","con","flecos","bicolor","surtidosx10"]},{"id":"CA-779812603177","nombre":"COLLAR HAWAIANO ELASTIZADO BOCA  x10u.","categoria":"Carnaval Carioca","subcategoria":"Corbatas/Moños/Pulseras/Collares","precio":1728.0,"destacado":false,"descripcion":"","imagen":"assets/products/CA-779812603177.webp","tags":["collar","hawaiano","elastizado","boca","x10u"]},{"id":"CA-779812603193","nombre":"COLLAR HAWAIANO ELASTIZADO RIVER  x10u.","categoria":"Carnaval Carioca","subcategoria":"Corbatas/Moños/Pulseras/Collares","precio":1728.0,"destacado":false,"descripcion":"","imagen":"assets/products/CA-779812603193.webp","tags":["collar","hawaiano","elastizado","river","x10u"]},{"id":"CA-000000006829","nombre":"COLLAR HAWAIANO FLUO CON FLECOS SURTIDOSx10 u.","categoria":"Carnaval Carioca","subcategoria":"Corbatas/Moños/Pulseras/Collares","precio":2114.0,"destacado":false,"descripcion":"* (11/12/2025)","imagen":"assets/products/CA-000000006829.webp","tags":["collar","hawaiano","fluo","con","flecos","surtidosx10"]},{"id":"CA-779812603139","nombre":"COLLAR HAWAIANO FLUO ELASTIZADO x25u. BCOF","categoria":"Carnaval Carioca","subcategoria":"Corbatas/Moños/Pulseras/Collares","precio":4860.0,"destacado":false,"descripcion":"","imagen":"assets/products/CA-779812603139.webp","tags":["collar","hawaiano","fluo","elastizado","x25u","bcof"]},{"id":"CA-250155990089","nombre":"COLLAR HAWAIANO TELA BICOLOR MULTICOLOR  x12 F089","categoria":"Carnaval Carioca","subcategoria":"Corbatas/Moños/Pulseras/Collares","precio":7988.46,"destacado":false,"descripcion":"","imagen":"assets/products/CA-250155990089.webp","tags":["collar","hawaiano","tela","bicolor","multicolor","x12","f089"]},{"id":"CA-694500000901","nombre":"COLLAR HAWAIANO TELA COLOR (COLORES SURTIDOS) X 12 MM09-01","categoria":"Carnaval Carioca","subcategoria":"Corbatas/Moños/Pulseras/Collares","precio":7219.78,"destacado":false,"descripcion":"","imagen":"assets/products/CA-694500000901.webp","tags":["collar","hawaiano","tela","color","colores","surtidos","mm09"]},{"id":"CA-695348640902","nombre":"COLLAR HAWAIANO TELA FLUO MULTICOLOR X 12  MM09-12 /09-02","categoria":"Carnaval Carioca","subcategoria":"Corbatas/Moños/Pulseras/Collares","precio":7219.79,"destacado":false,"descripcion":"","imagen":"assets/products/CA-695348640902.webp","tags":["collar","hawaiano","tela","fluo","multicolor","mm09"]},{"id":"CA-694500000902","nombre":"COLLAR HAWAIANO TELA FLUO MULTICOLOR X 12  MM09-12/09-02","categoria":"Carnaval Carioca","subcategoria":"Corbatas/Moños/Pulseras/Collares","precio":7219.79,"destacado":false,"descripcion":"","imagen":"assets/products/CA-694500000902.webp","tags":["collar","hawaiano","tela","fluo","multicolor","mm09"]},{"id":"CA-000000051446","nombre":"COLLAR LUNA Y ESTRELLA CON LUZ x12 YJ0324","categoria":"Carnaval Carioca","subcategoria":"Linea Luminosa","precio":6399.77,"destacado":false,"descripcion":"","imagen":"assets/products/CA-000000051446.webp","tags":["collar","luna","estrella","con","luz","x12","yj0324"]},{"id":"CA-779832235970","nombre":"COLLAR METALIZADO AZUL  CON SILBATO x12 AC156  PS","categoria":"Carnaval Carioca","subcategoria":"Sonido","precio":10932.6,"destacado":false,"descripcion":"","imagen":"assets/products/CA-779832235970.webp","tags":["collar","metalizado","azul","con","silbato","x12","ac156"]},{"id":"CA-779832235969","nombre":"COLLAR METALIZADO DORADO CON SILBATO x12 AC155  PS","categoria":"Carnaval Carioca","subcategoria":"Sonido","precio":10932.6,"destacado":false,"descripcion":"","imagen":"assets/products/CA-779832235969.webp","tags":["collar","metalizado","dorado","con","silbato","x12","ac155"]},{"id":"CA-779832235971","nombre":"COLLAR METALIZADO NARANJA  CON SILBATO x12 AC157  PS","categoria":"Carnaval Carioca","subcategoria":"Sonido","precio":10932.6,"destacado":false,"descripcion":"","imagen":"assets/products/CA-779832235971.webp","tags":["collar","metalizado","naranja","con","silbato","x12","ac157"]},{"id":"CA-779832235972","nombre":"COLLAR METALIZADO NEGRO CON SILBATO x12 AC158  PS","categoria":"Carnaval Carioca","subcategoria":"Sonido","precio":10932.6,"destacado":false,"descripcion":"","imagen":"assets/products/CA-779832235972.webp","tags":["collar","metalizado","negro","con","silbato","x12","ac158"]},{"id":"CA-779908800373","nombre":"COLLAR METALIZADO PLATEADO CON SILBATO x12 AC176  PS","categoria":"Carnaval Carioca","subcategoria":"Sonido","precio":10932.6,"destacado":false,"descripcion":"","imagen":"assets/products/CA-779908800373.webp","tags":["collar","metalizado","plateado","con","silbato","x12","ac176"]},{"id":"CA-779832235973","nombre":"COLLAR METALIZADO ROJO  CON SILBATO x12 AC159  PS","categoria":"Carnaval Carioca","subcategoria":"Sonido","precio":10932.6,"destacado":false,"descripcion":"","imagen":"assets/products/CA-779832235973.webp","tags":["collar","metalizado","rojo","con","silbato","x12","ac159"]},{"id":"CA-779832235974","nombre":"COLLAR METALIZADO ROSA/ROSA GOLD CON SILBATO x12 AC160  PS","categoria":"Carnaval Carioca","subcategoria":"Sonido","precio":10932.6,"destacado":false,"descripcion":"","imagen":"assets/products/CA-779832235974.webp","tags":["collar","metalizado","rosa","rosa","gold","con","silbato","x12","ac160"]},{"id":"CA-779832235975","nombre":"COLLAR METALIZADO VERDE  CON SILBATO x12 AC161  PS","categoria":"Carnaval Carioca","subcategoria":"Sonido","precio":10932.6,"destacado":false,"descripcion":"","imagen":"assets/products/CA-779832235975.webp","tags":["collar","metalizado","verde","con","silbato","x12","ac161"]},{"id":"CA-779832235976","nombre":"COLLAR METALIZADO VIOLETA  CON SILBATO x12 AC162  PS","categoria":"Carnaval Carioca","subcategoria":"Sonido","precio":10932.6,"destacado":false,"descripcion":"","imagen":"assets/products/CA-779832235976.webp","tags":["collar","metalizado","violeta","con","silbato","x12","ac162"]},{"id":"CA-692182302321","nombre":"COLLAR SIGNO PESOS x6  FJ321","categoria":"Carnaval Carioca","subcategoria":"Corbatas/Moños/Pulseras/Collares","precio":4550.53,"destacado":false,"descripcion":"","imagen":"assets/products/CA-692182302321.webp","tags":["collar","signo","pesos","fj321"]},{"id":"CA-000000051442","nombre":"COLLAR UNICORNIO CON LUZ x12 YJ0322","categoria":"Carnaval Carioca","subcategoria":"Linea Luminosa","precio":6399.77,"destacado":false,"descripcion":"","imagen":"assets/products/CA-000000051442.webp","tags":["collar","unicornio","con","luz","x12","yj0322"]},{"id":"CA-779908804917","nombre":"CORBATA DE TELA BLANCA x12 CORBL  PS","categoria":"Carnaval Carioca","subcategoria":"Total White","precio":16974.3,"destacado":false,"descripcion":"","imagen":"assets/products/CA-779908804917.webp","tags":["corbata","tela","blanca","x12","corbl"]},{"id":"CA-779908804918","nombre":"CORBATA DE TELA NEGRA x12 CORNE  PS","categoria":"Carnaval Carioca","subcategoria":"Corbatas/Moños/Pulseras/Collares","precio":16974.3,"destacado":false,"descripcion":"","imagen":"assets/products/CA-779908804918.webp","tags":["corbata","tela","negra","x12","corne"]},{"id":"CA-000000051428","nombre":"CORBATA FLUO CON MOÑO MULTICOLOR x1","categoria":"Carnaval Carioca","subcategoria":"Corbatas/Moños/Pulseras/Collares","precio":2025.0,"destacado":false,"descripcion":"","imagen":"assets/products/CA-000000051428.webp","tags":["corbata","fluo","con","moño","multicolor"]},{"id":"CA-000000058182","nombre":"CORBATA LED DE TELA x1 YJ0715","categoria":"Carnaval Carioca","subcategoria":"Corbatas/Moños/Pulseras/Collares","precio":4860.0,"destacado":false,"descripcion":"","imagen":"assets/products/CA-000000058182.webp","tags":["corbata","led","tela","yj0715"]}]}