{"category_slug":"carnaval_carioca","subcategory_slug":"","page":16,"page_size":48,"total":1218,"items":[{"id":"CA-691864134291","nombre":"GORRO POLICIA  x1 MM134-29","categoria":"Carnaval Carioca","subcategoria":"Gorros/Galeras/Capelinas/Coronas Y Turbantes","precio":4835.5,"destacado":false,"descripcion":"","imagen":"assets/products/CA-691864134291.webp","tags":["gorro","policia","mm134"]},{"id":"CA-237187601041","nombre":"GORRO POLICIA x6 1041","categoria":"Carnaval Carioca","subcategoria":"Gorros/Galeras/Capelinas/Coronas Y Turbantes","precio":3949.07,"destacado":false,"descripcion":"","imagen":"assets/products/CA-237187601041.webp","tags":["gorro","policia","1041"]},{"id":"CA-237187601404","nombre":"GORRO SHERIFF / COWBOY NEGRO x6 1404","categoria":"Carnaval Carioca","subcategoria":"Gorros/Galeras/Capelinas/Coronas Y Turbantes","precio":5378.56,"destacado":false,"descripcion":"","imagen":"assets/products/CA-237187601404.webp","tags":["gorro","sheriff","cowboy","negro","1404"]},{"id":"CA-668355662310","nombre":"GORRO SHERIFF CON LUZ x1 DA2310A/LUZ","categoria":"Carnaval Carioca","subcategoria":"Linea Luminosa","precio":5940.0,"destacado":false,"descripcion":"","imagen":"assets/products/CA-668355662310.webp","tags":["gorro","sheriff","con","luz","da2310a","luz"]},{"id":"CA-202560000533","nombre":"GORRO SHERIFF CORDON DORADO x1 FP0533","categoria":"Carnaval Carioca","subcategoria":"Gorros/Galeras/Capelinas/Coronas Y Turbantes","precio":3885.21,"destacado":false,"descripcion":"","imagen":"assets/products/CA-202560000533.webp","tags":["gorro","sheriff","cordon","dorado","fp0533"]},{"id":"CA-692924192223","nombre":"GORRO SHERIFF PAÑO MARRON x1 YW19-222B","categoria":"Carnaval Carioca","subcategoria":"Gorros/Galeras/Capelinas/Coronas Y Turbantes","precio":3316.88,"destacado":false,"descripcion":"","imagen":"assets/products/CA-692924192223.webp","tags":["gorro","sheriff","paño","marron","yw19","222b"]},{"id":"CA-692924192224","nombre":"GORRO SHERIFF PAÑO NEGRO x1 YW19-222A","categoria":"Carnaval Carioca","subcategoria":"Gorros/Galeras/Capelinas/Coronas Y Turbantes","precio":3316.88,"destacado":false,"descripcion":"","imagen":"assets/products/CA-692924192224.webp","tags":["gorro","sheriff","paño","negro","yw19","222a"]},{"id":"CA-237187601403","nombre":"GORRO SHERIFF/COWBOY WOODY x6 1403","categoria":"Carnaval Carioca","subcategoria":"Gorros/Galeras/Capelinas/Coronas Y Turbantes","precio":5378.56,"destacado":false,"descripcion":"","imagen":"assets/products/CA-237187601403.webp","tags":["gorro","sheriff","cowboy","woody","1403"]},{"id":"CA-779814797875","nombre":"GORRO SOMBRERERO CON PELO  x1 GO041  PS","categoria":"Carnaval Carioca","subcategoria":"Gorros/Galeras/Capelinas/Coronas Y Turbantes","precio":11268.25,"destacado":false,"descripcion":"","imagen":"assets/products/CA-779814797875.webp","tags":["gorro","sombrerero","con","pelo","go041"]},{"id":"CA-000000057552","nombre":"GORRO SOMBRERERO CON PLUMAS x1 533","categoria":"Carnaval Carioca","subcategoria":"Gorros/Galeras/Capelinas/Coronas Y Turbantes","precio":4590.0,"destacado":false,"descripcion":"","imagen":"assets/products/CA-000000057552.webp","tags":["gorro","sombrerero","con","plumas","533"]},{"id":"CA-720155717432","nombre":"GORRO VIKINGO ARGENTINA PLUSH x1 MZ17432","categoria":"Carnaval Carioca","subcategoria":"Gorros De Futbol","precio":2105.43,"destacado":false,"descripcion":"","imagen":"assets/products/CA-720155717432.webp","tags":["gorro","vikingo","argentina","plush","mz17432"]},{"id":"CA-000000003893","nombre":"GORRO ZORRO ECONOMICOx12 (GZ)","categoria":"Carnaval Carioca","subcategoria":"Gorros/Galeras/Capelinas/Coronas Y Turbantes","precio":6453.09,"destacado":false,"descripcion":"","imagen":"assets/products/CA-000000003893.webp","tags":["gorro","zorro","economicox12"]},{"id":"CA-202580000683","nombre":"GUANTE BLANCO RED CON STRASS x1 FP683-01","categoria":"Carnaval Carioca","subcategoria":"Total White","precio":3302.88,"destacado":false,"descripcion":"","imagen":"assets/products/CA-202580000683.webp","tags":["guante","blanco","red","con","strass","fp683"]},{"id":"CA-803410700481","nombre":"GUANTES DE TELA BLANCO CORTO x1 PAR YJ0608","categoria":"Carnaval Carioca","subcategoria":"Anteojos","precio":1026.03,"destacado":false,"descripcion":"","imagen":"assets/products/CA-803410700481.webp","tags":["guantes","tela","blanco","corto","par","yj0608"]},{"id":"CA-779812557800","nombre":"JUEGO EMBOCA MIEMBRO SEXY x1u. 800","categoria":"Carnaval Carioca","subcategoria":"Despedida De Solteros","precio":2077.65,"destacado":false,"descripcion":"","imagen":"assets/products/CA-779812557800.webp","tags":["juego","emboca","miembro","sexy","x1u","800"]},{"id":"CA-000000039624","nombre":"KIT SONIDO ARGENTINA x24 (corneta-pito-matraca-maraca)","categoria":"Carnaval Carioca","subcategoria":"Sonido","precio":4376.7,"destacado":false,"descripcion":"","imagen":"assets/products/CA-000000039624.webp","tags":["kit","sonido","argentina","x24","corneta","pito","matraca","maraca"]},{"id":"CA-000000040196","nombre":"KIT SONIDO CARIOCA FLUO x24u. (corneta-pito-matraca-maraca)","categoria":"Carnaval Carioca","subcategoria":"Sonido","precio":4376.7,"destacado":false,"descripcion":"","imagen":"assets/products/CA-000000040196.webp","tags":["kit","sonido","carioca","fluo","x24u","corneta","pito","matraca","maraca"]},{"id":"CA-202580000540","nombre":"LANZA AGUA MIEMBRO X1 FP540","categoria":"Carnaval Carioca","subcategoria":"Despedida De Solteros","precio":3156.48,"destacado":false,"descripcion":"","imagen":"assets/products/CA-202580000540.webp","tags":["lanza","agua","miembro","fp540"]},{"id":"CA-637485216989","nombre":"LASER BICOLOR CON EFECTOS LUMINICOS x1 SV-110","categoria":"Carnaval Carioca","subcategoria":"Linea Luminosa","precio":18850.0,"destacado":false,"descripcion":"","imagen":"assets/products/CA-637485216989.webp","tags":["laser","bicolor","con","efectos","luminicos","110"]},{"id":"CA-698202506009","nombre":"LASER CON EFECTOS LUMINICOS x1 YX-09","categoria":"Carnaval Carioca","subcategoria":"Linea Luminosa","precio":18330.0,"destacado":false,"descripcion":"","imagen":"assets/products/CA-698202506009.webp","tags":["laser","con","efectos","luminicos"]},{"id":"CA-692232787895","nombre":"LUZ GUIRNALDA LED 10 LAMPARAS 15mts APROX  x1 301037 / 50L/YL/M24-7","categoria":"Carnaval Carioca","subcategoria":"Linea Luminosa","precio":22860.0,"destacado":false,"descripcion":"","imagen":"assets/products/CA-692232787895.webp","tags":["luz","guirnalda","led","lamparas","15mts","aprox","301037","50l","m24"]},{"id":"CA-200750508887","nombre":"LUZ GUIRNALDA LED 10 LAMPARAS P/EXTERIOR COLORES 5mts APROX  x1 MT5275","categoria":"Carnaval Carioca","subcategoria":"Linea Luminosa","precio":20293.0,"destacado":false,"descripcion":"","imagen":"assets/products/CA-200750508887.webp","tags":["luz","guirnalda","led","lamparas","exterior","colores","5mts","aprox","mt5275"]},{"id":"CA-637485216972","nombre":"LUZ LED  FOCO GIRATORIO x1 SV-FOCO","categoria":"Carnaval Carioca","subcategoria":"Linea Luminosa","precio":2080.0,"destacado":false,"descripcion":"","imagen":"assets/products/CA-637485216972.webp","tags":["luz","led","foco","giratorio","foco"]},{"id":"CA-000000057503","nombre":"LUZ LED CORTINA 144 BLANCA CALIDA (8 FUNCIONES) 2 x1.5mts x1 ZLE-LN081","categoria":"Carnaval Carioca","subcategoria":"Linea Luminosa","precio":7346.66,"destacado":false,"descripcion":"","imagen":"assets/products/CA-000000057503.webp","tags":["luz","led","cortina","144","blanca","calida","funciones","5mts","zle","ln081"]},{"id":"CA-753000252303","nombre":"LUZ LED CORTINA 300 BLANCA CALIDA (8 FUNCIONES) 3x3 mts x1","categoria":"Carnaval Carioca","subcategoria":"Linea Luminosa","precio":11868.35,"destacado":false,"descripcion":"","imagen":"assets/products/CA-753000252303.webp","tags":["luz","led","cortina","300","blanca","calida","funciones","3x3","mts"]},{"id":"CA-753000251303","nombre":"LUZ LED CORTINA 300 BLANCA FRIA (8 FUNCIONES) 3x3 mts x1","categoria":"Carnaval Carioca","subcategoria":"Linea Luminosa","precio":11868.35,"destacado":false,"descripcion":"","imagen":"assets/products/CA-753000251303.webp","tags":["luz","led","cortina","300","blanca","fria","funciones","3x3","mts"]},{"id":"CA-000000058048","nombre":"LUZ LED CORTINA BLANCA CALIDA (8 FUNCIONES) 2x1.5mts x1","categoria":"Carnaval Carioca","subcategoria":"Linea Luminosa","precio":7267.64,"destacado":false,"descripcion":"","imagen":"assets/products/CA-000000058048.webp","tags":["luz","led","cortina","blanca","calida","funciones","2x1","5mts"]},{"id":"CA-000000058049","nombre":"LUZ LED CORTINA BLANCA FRIA (8 FUNCIONES) 2x1.5mts x1","categoria":"Carnaval Carioca","subcategoria":"Linea Luminosa","precio":7267.64,"destacado":false,"descripcion":"","imagen":"assets/products/CA-000000058049.webp","tags":["luz","led","cortina","blanca","fria","funciones","2x1","5mts"]},{"id":"CA-691240811524","nombre":"LUZ PROTON MINI12 LED MULTICOLOR  x1 OA-IL524","categoria":"Carnaval Carioca","subcategoria":"Linea Luminosa","precio":11310.0,"destacado":false,"descripcion":"","imagen":"assets/products/CA-691240811524.webp","tags":["luz","proton","mini12","led","multicolor","il524"]},{"id":"CA-680088088807","nombre":"LUZ RED LED 96 BLANCA CALIDA (8 FUNCIONES) 1.5x1.5 mts x1 SDD-89","categoria":"Carnaval Carioca","subcategoria":"Linea Luminosa","precio":6240.0,"destacado":false,"descripcion":"","imagen":"assets/products/CA-680088088807.webp","tags":["luz","red","led","blanca","calida","funciones","5x1","mts","sdd"]},{"id":"CA-680088088809","nombre":"LUZ RED LED 96 BLANCA FRIA (8 FUNCIONES) 1.5x1.5 mts x1 SDD-89","categoria":"Carnaval Carioca","subcategoria":"Linea Luminosa","precio":6240.0,"destacado":false,"descripcion":"","imagen":"assets/products/CA-680088088809.webp","tags":["luz","red","led","blanca","fria","funciones","5x1","mts","sdd"]},{"id":"CA-000000056285","nombre":"LUZ TIRA LED BLANCA CALIDA (3mts) x12 ZLE-LPM-03-03CA","categoria":"Carnaval Carioca","subcategoria":"Linea Luminosa","precio":5449.28,"destacado":false,"descripcion":"","imagen":"assets/products/CA-000000056285.webp","tags":["luz","tira","led","blanca","calida","3mts","x12","zle","lpm","03ca"]},{"id":"CA-000000057504","nombre":"LUZ TIRA LED BLANCA CALIDA x2 mts x12 ZLE-LPM-02-03CA","categoria":"Carnaval Carioca","subcategoria":"Linea Luminosa","precio":4825.24,"destacado":false,"descripcion":"","imagen":"assets/products/CA-000000057504.webp","tags":["luz","tira","led","blanca","calida","mts","x12","zle","lpm","03ca"]},{"id":"CA-000000056286","nombre":"LUZ TIRA LED BLANCA FRIA (3mts) x12 ZLE-LPM-03-03BL","categoria":"Carnaval Carioca","subcategoria":"Linea Luminosa","precio":5449.28,"destacado":false,"descripcion":"","imagen":"assets/products/CA-000000056286.webp","tags":["luz","tira","led","blanca","fria","3mts","x12","zle","lpm","03bl"]},{"id":"CA-000000056326","nombre":"LUZ TIRA LED BLANCA FRIA 2 mts x50u GY-119","categoria":"Carnaval Carioca","subcategoria":"Linea Luminosa","precio":17653.87,"destacado":false,"descripcion":"","imagen":"assets/products/CA-000000056326.webp","tags":["luz","tira","led","blanca","fria","mts","x50u","119"]},{"id":"CA-000000057945","nombre":"LUZ TIRA LED BLANCA FRIA x2 mts x12 ZLE-LPM-02-03BL","categoria":"Carnaval Carioca","subcategoria":"Linea Luminosa","precio":4825.24,"destacado":false,"descripcion":"","imagen":"assets/products/CA-000000057945.webp","tags":["luz","tira","led","blanca","fria","mts","x12","zle","lpm","03bl"]},{"id":"CA-000000056284","nombre":"LUZ TIRA LED MULTICOLOR (3mts) x12 ZLE-LPM-03-03MU","categoria":"Carnaval Carioca","subcategoria":"Linea Luminosa","precio":5449.28,"destacado":false,"descripcion":"","imagen":"assets/products/CA-000000056284.webp","tags":["luz","tira","led","multicolor","3mts","x12","zle","lpm","03mu"]},{"id":"CA-000000056327","nombre":"LUZ TIRA LED MULTICOLOR 2 mts x50u GY-122","categoria":"Carnaval Carioca","subcategoria":"Linea Luminosa","precio":17653.87,"destacado":false,"descripcion":"","imagen":"assets/products/CA-000000056327.webp","tags":["luz","tira","led","multicolor","mts","x50u","122"]},{"id":"CA-000000055504","nombre":"LUZ TIRA LED MULTICOLOR x3 mts  x12 YJ0434","categoria":"Carnaval Carioca","subcategoria":"Linea Luminosa","precio":6561.0,"destacado":false,"descripcion":"","imagen":"assets/products/CA-000000055504.webp","tags":["luz","tira","led","multicolor","mts","x12","yj0434"]},{"id":"CA-000003008002","nombre":"MANITO TAKA-TAKA ARGENTINA STASIOx6 8002CB","categoria":"Carnaval Carioca","subcategoria":"Sonido","precio":2692.73,"destacado":false,"descripcion":"","imagen":"assets/products/CA-000003008002.webp","tags":["manito","taka","taka","argentina","stasiox6","8002cb"]},{"id":"CA-779812617150","nombre":"MANITO TAKA-TAKA PIERROT x6","categoria":"Carnaval Carioca","subcategoria":"Sonido","precio":1620.0,"destacado":false,"descripcion":"","imagen":"assets/products/CA-779812617150.webp","tags":["manito","taka","taka","pierrot"]},{"id":"CA-690102850791","nombre":"MAQUILLAJE ARTISTICO EN BARRA LABIAL GLITTER x4 MULTICOLOR ARTELIGHT","categoria":"Carnaval Carioca","subcategoria":"Anteojos","precio":3199.5,"destacado":false,"descripcion":"","imagen":"assets/products/CA-690102850791.webp","tags":["maquillaje","artistico","barra","labial","glitter","multicolor","artelight"]},{"id":"CA-000000047251","nombre":"MARACA ANANA GIGANTE x4u.","categoria":"Carnaval Carioca","subcategoria":"Sonido","precio":1890.0,"destacado":false,"descripcion":"","imagen":"assets/products/CA-000000047251.webp","tags":["maraca","anana","gigante","x4u"]},{"id":"CA-000000016317","nombre":"MARACA BANANA GIGANTE x6u.","categoria":"Carnaval Carioca","subcategoria":"Sonido","precio":2423.89,"destacado":false,"descripcion":"","imagen":"assets/products/CA-000000016317.webp","tags":["maraca","banana","gigante","x6u"]},{"id":"CA-202560000078","nombre":"MARACA BLANCA  CON LUZ FRIA  x6 FP0078-01","categoria":"Carnaval Carioca","subcategoria":"Total White","precio":8070.3,"destacado":false,"descripcion":"","imagen":"assets/products/CA-202560000078.webp","tags":["maraca","blanca","con","luz","fria","fp0078"]},{"id":"CA-313168003137","nombre":"MARACA CON LUZ  x12 DA3137A","categoria":"Carnaval Carioca","subcategoria":"Linea Luminosa","precio":9828.0,"destacado":false,"descripcion":"","imagen":"assets/products/CA-313168003137.webp","tags":["maraca","con","luz","x12","da3137a"]},{"id":"CA-779812557616","nombre":"MARACA CON MANGO MIEMBROx4","categoria":"Carnaval Carioca","subcategoria":"Despedida De Solteros","precio":2868.49,"destacado":false,"descripcion":"","imagen":"assets/products/CA-779812557616.webp","tags":["maraca","con","mango","miembrox4"]},{"id":"CA-000000031886","nombre":"MARACA FLUO PREFA-PLAST x6u","categoria":"Carnaval Carioca","subcategoria":"Sonido","precio":2031.75,"destacado":false,"descripcion":"","imagen":"assets/products/CA-000000031886.webp","tags":["maraca","fluo","prefa","plast","x6u"]}]}