{"category_slug":"carnaval_carioca","subcategory_slug":"","page":5,"page_size":48,"total":1218,"items":[{"id":"CA-690127107004","nombre":"ANTIFAZ VENECIANO CON BRILLO M1 x12 DA7004","categoria":"Carnaval Carioca","subcategoria":"Antifaces/Pelucas","precio":6307.78,"destacado":false,"descripcion":"* (09/12/2025)","imagen":"assets/products/CA-690127107004.webp","tags":["antifaz","veneciano","con","brillo","x12","da7004"]},{"id":"CA-690127107005","nombre":"ANTIFAZ VENECIANO CON BRILLO M2 x12 DA7005","categoria":"Carnaval Carioca","subcategoria":"Antifaces/Pelucas","precio":4872.0,"destacado":false,"descripcion":"","imagen":"assets/products/CA-690127107005.webp","tags":["antifaz","veneciano","con","brillo","x12","da7005"]},{"id":"CA-690127107006","nombre":"ANTIFAZ VENECIANO CON BRILLO M3 x12 DA7006","categoria":"Carnaval Carioca","subcategoria":"Antifaces/Pelucas","precio":4872.0,"destacado":false,"descripcion":"","imagen":"assets/products/CA-690127107006.webp","tags":["antifaz","veneciano","con","brillo","x12","da7006"]},{"id":"CA-690127107008","nombre":"ANTIFAZ VENECIANO CON BRILLO M5 x12 DA7008","categoria":"Carnaval Carioca","subcategoria":"Antifaces/Pelucas","precio":4368.0,"destacado":false,"descripcion":"","imagen":"assets/products/CA-690127107008.webp","tags":["antifaz","veneciano","con","brillo","x12","da7008"]},{"id":"CA-803410700280","nombre":"ANTIFAZ VENECIANO CON BRILLO Y PLUMAS  x12 YJ0394","categoria":"Carnaval Carioca","subcategoria":"Antifaces/Pelucas","precio":13122.0,"destacado":false,"descripcion":"","imagen":"assets/products/CA-803410700280.webp","tags":["antifaz","veneciano","con","brillo","plumas","x12","yj0394"]},{"id":"CA-697847977003","nombre":"ANTIFAZ VENECIANO DAMA BLANCO x1 DA7003","categoria":"Carnaval Carioca","subcategoria":"Total White","precio":2991.52,"destacado":false,"descripcion":"","imagen":"assets/products/CA-697847977003.webp","tags":["antifaz","veneciano","dama","blanco","da7003"]},{"id":"CA-697847977002","nombre":"ANTIFAZ VENECIANO DAMA NEGRO x1 DA7002","categoria":"Carnaval Carioca","subcategoria":"Antifaces/Pelucas","precio":2991.52,"destacado":false,"descripcion":"","imagen":"assets/products/CA-697847977002.webp","tags":["antifaz","veneciano","dama","negro","da7002"]},{"id":"CA-803410700182","nombre":"ANTIFAZ VENECIANO LABRADO GIBRE  x12 YJ0308","categoria":"Carnaval Carioca","subcategoria":"Antifaces/Pelucas","precio":3790.8,"destacado":false,"descripcion":"","imagen":"assets/products/CA-803410700182.webp","tags":["antifaz","veneciano","labrado","gibre","x12","yj0308"]},{"id":"CA-541497890529","nombre":"ANTIFAZ VENECIANO LENTEJUELA TORNASOL x1 PA0529","categoria":"Carnaval Carioca","subcategoria":"Antifaces/Pelucas","precio":1559.24,"destacado":false,"descripcion":"","imagen":"assets/products/CA-541497890529.webp","tags":["antifaz","veneciano","lentejuela","tornasol","pa0529"]},{"id":"CA-690127107007","nombre":"ANTIFAZ VENECIANO MARIPOSA CON BRILLO M4 x12 DA7007","categoria":"Carnaval Carioca","subcategoria":"Antifaces/Pelucas","precio":4872.0,"destacado":false,"descripcion":"","imagen":"assets/products/CA-690127107007.webp","tags":["antifaz","veneciano","mariposa","con","brillo","x12","da7007"]},{"id":"CA-803410700188","nombre":"ANTIFAZ VENECIANO MARIPOSA METALIZADA GIBRE  x12 YJ0314","categoria":"Carnaval Carioca","subcategoria":"Antifaces/Pelucas","precio":3790.8,"destacado":false,"descripcion":"","imagen":"assets/products/CA-803410700188.webp","tags":["antifaz","veneciano","mariposa","metalizada","gibre","x12","yj0314"]},{"id":"CA-803410700184","nombre":"ANTIFAZ VENECIANO METALIZADO  x12 YJ0310","categoria":"Carnaval Carioca","subcategoria":"Antifaces/Pelucas","precio":3790.8,"destacado":false,"descripcion":"","imagen":"assets/products/CA-803410700184.webp","tags":["antifaz","veneciano","metalizado","x12","yj0310"]},{"id":"CA-803410700277","nombre":"ANTIFAZ VENECIANO METALIZADO CON PLUMA x12 YJ0391","categoria":"Carnaval Carioca","subcategoria":"Antifaces/Pelucas","precio":7290.0,"destacado":false,"descripcion":"","imagen":"assets/products/CA-803410700277.webp","tags":["antifaz","veneciano","metalizado","con","pluma","x12","yj0391"]},{"id":"CA-803410700183","nombre":"ANTIFAZ VENECIANO METALIZADO GIBRE x12 YJ0309","categoria":"Carnaval Carioca","subcategoria":"Antifaces/Pelucas","precio":3790.8,"destacado":false,"descripcion":"","imagen":"assets/products/CA-803410700183.webp","tags":["antifaz","veneciano","metalizado","gibre","x12","yj0309"]},{"id":"CA-520155990001","nombre":"ANTIFAZ VENECIANO METALIZADO x1 F001 (Varios colores)","categoria":"Carnaval Carioca","subcategoria":"Antifaces/Pelucas","precio":350.0,"destacado":false,"descripcion":"","imagen":"assets/products/CA-520155990001.webp","tags":["antifaz","veneciano","metalizado","f001","varios","colores"]},{"id":"CA-000000053578","nombre":"ANTIFAZ VENECIANO NEW ORLEANS x1 CL828","categoria":"Carnaval Carioca","subcategoria":"Antifaces/Pelucas","precio":1170.0,"destacado":false,"descripcion":"","imagen":"assets/products/CA-000000053578.webp","tags":["antifaz","veneciano","new","orleans","cl828"]},{"id":"CA-520155789341","nombre":"ASUSTA SUEGRA FANTASIA IMPORTADA x100u. LH2013/T341","categoria":"Carnaval Carioca","subcategoria":"Sonido","precio":4436.1,"destacado":false,"descripcion":"","imagen":"assets/products/CA-520155789341.webp","tags":["asusta","suegra","fantasia","importada","x100u","lh2013","t341"]},{"id":"CA-520155789340","nombre":"ASUSTA SUEGRA FANTASIA IMPORTADA x36u. LH2012/T340","categoria":"Carnaval Carioca","subcategoria":"Sonido","precio":2246.67,"destacado":false,"descripcion":"","imagen":"assets/products/CA-520155789340.webp","tags":["asusta","suegra","fantasia","importada","x36u","lh2012","t340"]},{"id":"CA-000000001716","nombre":"ASUSTA SUEGRA FANTASIA/LUNARES x12","categoria":"Carnaval Carioca","subcategoria":"Sonido","precio":1050.0,"destacado":false,"descripcion":"","imagen":"assets/products/CA-000000001716.webp","tags":["asusta","suegra","fantasia","lunares","x12"]},{"id":"CA-000000002901","nombre":"ASUSTA SUEGRA FANTASIA/LUNARES x12 (BULTOx100)","categoria":"Carnaval Carioca","subcategoria":"Sonido","precio":97500.0,"destacado":false,"descripcion":"","imagen":"assets/products/CA-000000002901.webp","tags":["asusta","suegra","fantasia","lunares","x12","bultox100"]},{"id":"CA-520155780704","nombre":"ASUSTA SUEGRA HOLOGRAFICO LARGO IMPORTADA x6u.(30cm) M704/LH2001","categoria":"Carnaval Carioca","subcategoria":"Sonido","precio":1845.99,"destacado":false,"descripcion":"","imagen":"assets/products/CA-520155780704.webp","tags":["asusta","suegra","holografico","largo","importada","x6u","30cm","m704","lh2001"]},{"id":"CA-520155884190","nombre":"ASUSTA SUEGRA METAL CON FLECOS x12u. F419/LH2004","categoria":"Carnaval Carioca","subcategoria":"Sonido","precio":1529.71,"destacado":false,"descripcion":"","imagen":"assets/products/CA-520155884190.webp","tags":["asusta","suegra","metal","con","flecos","x12u","f419","lh2004"]},{"id":"CA-201557830852","nombre":"ASUSTA SUEGRA METAL x36u. LH2007/M084-2/T342","categoria":"Carnaval Carioca","subcategoria":"Sonido","precio":1574.1,"destacado":false,"descripcion":"","imagen":"assets/products/CA-201557830852.webp","tags":["asusta","suegra","metal","x36u","lh2007","m084","t342"]},{"id":"CA-000000004325","nombre":"ASUSTA SUEGRA METALIZADA x12 (61)","categoria":"Carnaval Carioca","subcategoria":"Sonido","precio":1232.0,"destacado":false,"descripcion":"","imagen":"assets/products/CA-000000004325.webp","tags":["asusta","suegra","metalizada","x12"]},{"id":"CA-000000005479","nombre":"ASUSTA SUEGRA METALIZADA x12 (BULTOx100)","categoria":"Carnaval Carioca","subcategoria":"Sonido","precio":114400.0,"destacado":false,"descripcion":"","imagen":"assets/products/CA-000000005479.webp","tags":["asusta","suegra","metalizada","x12","bultox100"]},{"id":"CA-520155781084","nombre":"ASUSTA SUEGRA METALIZADO C/PITO IMPORTADA x100u. Aprox M084/LH2002/T343","categoria":"Carnaval Carioca","subcategoria":"Sonido","precio":4436.1,"destacado":false,"descripcion":"","imagen":"assets/products/CA-520155781084.webp","tags":["asusta","suegra","metalizado","pito","importada","x100u","aprox","m084","lh2002","t343"]},{"id":"CA-690202515350","nombre":"BASE EXHIBIDORA ARCO IRIS CON LUZ x1 MQ15-35","categoria":"Carnaval Carioca","subcategoria":"Linea Luminosa","precio":4340.0,"destacado":false,"descripcion":"","imagen":"assets/products/CA-690202515350.webp","tags":["base","exhibidora","arco","iris","con","luz","mq15"]},{"id":"CA-779834708549","nombre":"BLISTER PILA CANDELA ALCALINA AA x10u 7500","categoria":"Carnaval Carioca","subcategoria":"Linea Luminosa","precio":3943.68,"destacado":false,"descripcion":"* (06/12/2025)","imagen":"assets/products/CA-779834708549.webp","tags":["blister","pila","candela","alcalina","x10u","7500"]},{"id":"CA-779834708550","nombre":"BLISTER PILA CANDELA ALCALINA AAA  x10 7501","categoria":"Carnaval Carioca","subcategoria":"Linea Luminosa","precio":3943.68,"destacado":false,"descripcion":"* (06/12/2025)","imagen":"assets/products/CA-779834708550.webp","tags":["blister","pila","candela","alcalina","aaa","x10","7501"]},{"id":"CA-072737310010","nombre":"BOA FLORES  SEDA AMARILLO FLUO 1,80 mts x1 FT908","categoria":"Carnaval Carioca","subcategoria":"Corbatas/Moños/Pulseras/Collares","precio":8863.67,"destacado":false,"descripcion":"","imagen":"assets/products/CA-072737310010.webp","tags":["boa","flores","seda","amarillo","fluo","mts","ft908"]},{"id":"CA-072737310015","nombre":"BOA FLORES  SEDA AZUL 1,80 mts x1 FT908","categoria":"Carnaval Carioca","subcategoria":"Corbatas/Moños/Pulseras/Collares","precio":8863.67,"destacado":false,"descripcion":"","imagen":"assets/products/CA-072737310015.webp","tags":["boa","flores","seda","azul","mts","ft908"]},{"id":"CA-072737310006","nombre":"BOA FLORES  SEDA BLANCA 1,80 mts x1 FT908","categoria":"Carnaval Carioca","subcategoria":"Total White","precio":8863.67,"destacado":false,"descripcion":"","imagen":"assets/products/CA-072737310006.webp","tags":["boa","flores","seda","blanca","mts","ft908"]},{"id":"CA-072737310008","nombre":"BOA FLORES  SEDA FUCSIA FLUO 1,80 mts x1 FT908","categoria":"Carnaval Carioca","subcategoria":"Corbatas/Moños/Pulseras/Collares","precio":8863.67,"destacado":false,"descripcion":"","imagen":"assets/products/CA-072737310008.webp","tags":["boa","flores","seda","fucsia","fluo","mts","ft908"]},{"id":"CA-072737310012","nombre":"BOA FLORES  SEDA MULTICOLOR 1,80 mts x1 FT908","categoria":"Carnaval Carioca","subcategoria":"Corbatas/Moños/Pulseras/Collares","precio":8863.67,"destacado":false,"descripcion":"","imagen":"assets/products/CA-072737310012.webp","tags":["boa","flores","seda","multicolor","mts","ft908"]},{"id":"CA-072737310011","nombre":"BOA FLORES  SEDA NARANJA FLUO 1,80 mts x1 FT908","categoria":"Carnaval Carioca","subcategoria":"Corbatas/Moños/Pulseras/Collares","precio":8863.67,"destacado":false,"descripcion":"","imagen":"assets/products/CA-072737310011.webp","tags":["boa","flores","seda","naranja","fluo","mts","ft908"]},{"id":"CA-072737310085","nombre":"BOA FLORES  SEDA NEGRA 1,80 mts x1 FT908","categoria":"Carnaval Carioca","subcategoria":"Corbatas/Moños/Pulseras/Collares","precio":8863.67,"destacado":false,"descripcion":"","imagen":"assets/products/CA-072737310085.webp","tags":["boa","flores","seda","negra","mts","ft908"]},{"id":"CA-072737310014","nombre":"BOA FLORES  SEDA ROJA 1,80 mts x1 FT908","categoria":"Carnaval Carioca","subcategoria":"Corbatas/Moños/Pulseras/Collares","precio":8863.67,"destacado":false,"descripcion":"","imagen":"assets/products/CA-072737310014.webp","tags":["boa","flores","seda","roja","mts","ft908"]},{"id":"CA-072737310013","nombre":"BOA FLORES  SEDA ROSA 1,80 mts x1 FT908","categoria":"Carnaval Carioca","subcategoria":"Corbatas/Moños/Pulseras/Collares","precio":8863.67,"destacado":false,"descripcion":"","imagen":"assets/products/CA-072737310013.webp","tags":["boa","flores","seda","rosa","mts","ft908"]},{"id":"CA-072737310009","nombre":"BOA FLORES  SEDA VERDE FLUO 1,80 mts x1 FT908","categoria":"Carnaval Carioca","subcategoria":"Corbatas/Moños/Pulseras/Collares","precio":8863.67,"destacado":false,"descripcion":"","imagen":"assets/products/CA-072737310009.webp","tags":["boa","flores","seda","verde","fluo","mts","ft908"]},{"id":"CA-072737310028","nombre":"BOA FLORES SEDA CON LUZ AMARILLA FLUO 1,80 mts x1 FT908/1","categoria":"Carnaval Carioca","subcategoria":"Linea Luminosa","precio":10355.2,"destacado":false,"descripcion":"","imagen":"assets/products/CA-072737310028.webp","tags":["boa","flores","seda","con","luz","amarilla","fluo","mts","ft908"]},{"id":"CA-072737310033","nombre":"BOA FLORES SEDA CON LUZ AZUL 1,80 mts x1 FT908/1","categoria":"Carnaval Carioca","subcategoria":"Linea Luminosa","precio":10355.2,"destacado":false,"descripcion":"","imagen":"assets/products/CA-072737310033.webp","tags":["boa","flores","seda","con","luz","azul","mts","ft908"]},{"id":"CA-072737310024","nombre":"BOA FLORES SEDA CON LUZ BLANCA 1,80 mts x1 FT908/1","categoria":"Carnaval Carioca","subcategoria":"Total White","precio":10355.2,"destacado":false,"descripcion":"","imagen":"assets/products/CA-072737310024.webp","tags":["boa","flores","seda","con","luz","blanca","mts","ft908"]},{"id":"CA-072737310026","nombre":"BOA FLORES SEDA CON LUZ FUCSIA FLUO 1,80 mts x1 FT908/1","categoria":"Carnaval Carioca","subcategoria":"Linea Luminosa","precio":10355.2,"destacado":false,"descripcion":"","imagen":"assets/products/CA-072737310026.webp","tags":["boa","flores","seda","con","luz","fucsia","fluo","mts","ft908"]},{"id":"CA-072737310030","nombre":"BOA FLORES SEDA CON LUZ MULTICOLOR 1,80 mts x1 FT908/1","categoria":"Carnaval Carioca","subcategoria":"Linea Luminosa","precio":10355.2,"destacado":false,"descripcion":"","imagen":"assets/products/CA-072737310030.webp","tags":["boa","flores","seda","con","luz","multicolor","mts","ft908"]},{"id":"CA-072737310039","nombre":"BOA FLORES SEDA CON LUZ NARANJA FLUO 1,80 mts x1 FT908/1","categoria":"Carnaval Carioca","subcategoria":"Linea Luminosa","precio":10355.2,"destacado":false,"descripcion":"","imagen":"assets/products/CA-072737310039.webp","tags":["boa","flores","seda","con","luz","naranja","fluo","mts","ft908"]},{"id":"CA-072737310084","nombre":"BOA FLORES SEDA CON LUZ NEGRA 1,80 mts x1 FT908/1","categoria":"Carnaval Carioca","subcategoria":"Linea Luminosa","precio":10355.2,"destacado":false,"descripcion":"","imagen":"assets/products/CA-072737310084.webp","tags":["boa","flores","seda","con","luz","negra","mts","ft908"]},{"id":"CA-072737310032","nombre":"BOA FLORES SEDA CON LUZ ROJA 1,80 mts x1 FT908/1","categoria":"Carnaval Carioca","subcategoria":"Linea Luminosa","precio":10355.2,"destacado":false,"descripcion":"","imagen":"assets/products/CA-072737310032.webp","tags":["boa","flores","seda","con","luz","roja","mts","ft908"]},{"id":"CA-072737310031","nombre":"BOA FLORES SEDA CON LUZ SEDA ROSA 1,80 mts x1 FT908/1","categoria":"Carnaval Carioca","subcategoria":"Linea Luminosa","precio":10355.2,"destacado":false,"descripcion":"","imagen":"assets/products/CA-072737310031.webp","tags":["boa","flores","seda","con","luz","seda","rosa","mts","ft908"]}]}