{"category_slug":"carnaval_carioca","subcategory_slug":"","page":19,"page_size":48,"total":1218,"items":[{"id":"CA-803410700239","nombre":"PULSERA ACRILICO CON LUZ x12 YJ0354/Z620-SSS-6","categoria":"Carnaval Carioca","subcategoria":"Linea Luminosa","precio":4374.0,"destacado":false,"descripcion":"","imagen":"assets/products/CA-803410700239.webp","tags":["pulsera","acrilico","con","luz","x12","yj0354","z620","sss"]},{"id":"CA-803410700296","nombre":"PULSERA AUDIORITMICA CON LUZ x6 YJ0406","categoria":"Carnaval Carioca","subcategoria":"Linea Luminosa","precio":8019.0,"destacado":false,"descripcion":"","imagen":"assets/products/CA-803410700296.webp","tags":["pulsera","audioritmica","con","luz","yj0406"]},{"id":"CA-000000049215","nombre":"PULSERA DE GOMA FLUO PASTEL  x6","categoria":"Carnaval Carioca","subcategoria":"Corbatas/Moños/Pulseras/Collares","precio":498.15,"destacado":false,"descripcion":"","imagen":"assets/products/CA-000000049215.webp","tags":["pulsera","goma","fluo","pastel"]},{"id":"CA-803410700584","nombre":"PULSERA DE GOMA HAPPY CON LUZ LED x6 YJ0711","categoria":"Carnaval Carioca","subcategoria":"Linea Luminosa","precio":4374.0,"destacado":false,"descripcion":"","imagen":"assets/products/CA-803410700584.webp","tags":["pulsera","goma","happy","con","luz","led","yj0711"]},{"id":"CA-202560000268","nombre":"PULSERA ESTRELLA BLANCA  CON LUZ FRIA  x4 FP0268-01","categoria":"Carnaval Carioca","subcategoria":"Linea Luminosa","precio":4246.83,"destacado":false,"descripcion":"","imagen":"assets/products/CA-202560000268.webp","tags":["pulsera","estrella","blanca","con","luz","fria","fp0268"]},{"id":"CA-202562000268","nombre":"PULSERA ESTRELLA VARIOS COLORES CON LUZ x4 FP0268-02","categoria":"Carnaval Carioca","subcategoria":"Linea Luminosa","precio":4246.83,"destacado":false,"descripcion":"","imagen":"assets/products/CA-202562000268.webp","tags":["pulsera","estrella","varios","colores","con","luz","fp0268"]},{"id":"CA-803410700637","nombre":"PULSERA FLORES DE TELA FLUO x24 YJ0764","categoria":"Carnaval Carioca","subcategoria":"Corbatas/Moños/Pulseras/Collares","precio":2246.4,"destacado":false,"descripcion":"","imagen":"assets/products/CA-803410700637.webp","tags":["pulsera","flores","tela","fluo","x24","yj0764"]},{"id":"CA-803410700638","nombre":"PULSERA FLORES DE TELA MULTICOLOR x24 YJ0765","categoria":"Carnaval Carioca","subcategoria":"Corbatas/Moños/Pulseras/Collares","precio":2246.4,"destacado":false,"descripcion":"","imagen":"assets/products/CA-803410700638.webp","tags":["pulsera","flores","tela","multicolor","x24","yj0765"]},{"id":"CA-072737310249","nombre":"PULSERA FLORES SEDA SAN PATRICIO x1","categoria":"Carnaval Carioca","subcategoria":"Corbatas/Moños/Pulseras/Collares","precio":1130.68,"destacado":false,"descripcion":"","imagen":"assets/products/CA-072737310249.webp","tags":["pulsera","flores","seda","san","patricio"]},{"id":"CA-690001251332","nombre":"PULSERA MAGICA ARGENTINA x25 JB1332","categoria":"Carnaval Carioca","subcategoria":"Corbatas/Moños/Pulseras/Collares","precio":3035.55,"destacado":false,"descripcion":"","imagen":"assets/products/CA-690001251332.webp","tags":["pulsera","magica","argentina","x25","jb1332"]},{"id":"CA-202563000766","nombre":"PULSERA MAGICA CORAZON x6 FP0766-03","categoria":"Carnaval Carioca","subcategoria":"Corbatas/Moños/Pulseras/Collares","precio":7355.88,"destacado":false,"descripcion":"","imagen":"assets/products/CA-202563000766.webp","tags":["pulsera","magica","corazon","fp0766"]},{"id":"CA-202560000766","nombre":"PULSERA MAGICA CORONITA x6 FP0766-01","categoria":"Carnaval Carioca","subcategoria":"Corbatas/Moños/Pulseras/Collares","precio":7355.88,"destacado":false,"descripcion":"","imagen":"assets/products/CA-202560000766.webp","tags":["pulsera","magica","coronita","fp0766"]},{"id":"CA-202560000768","nombre":"PULSERA MAGICA ESTAMPADA CON ESTRELLAS x50 FP0768","categoria":"Carnaval Carioca","subcategoria":"Corbatas/Moños/Pulseras/Collares","precio":6191.64,"destacado":false,"descripcion":"","imagen":"assets/products/CA-202560000768.webp","tags":["pulsera","magica","estampada","con","estrellas","x50","fp0768"]},{"id":"CA-202562000766","nombre":"PULSERA MAGICA ESTRELLA x6 FP0766-02","categoria":"Carnaval Carioca","subcategoria":"Corbatas/Moños/Pulseras/Collares","precio":7355.88,"destacado":false,"descripcion":"","imagen":"assets/products/CA-202562000766.webp","tags":["pulsera","magica","estrella","fp0766"]},{"id":"CA-691251330100","nombre":"PULSERA MAGICA FLUO  x100 JB1330","categoria":"Carnaval Carioca","subcategoria":"Corbatas/Moños/Pulseras/Collares","precio":13655.25,"destacado":false,"descripcion":"* (17/12/2025)","imagen":"assets/products/CA-691251330100.webp","tags":["pulsera","magica","fluo","x100","jb1330"]},{"id":"CA-803410700581","nombre":"PULSERA NEON ANCHA x1 YJ0708","categoria":"Carnaval Carioca","subcategoria":"Linea Luminosa","precio":425.25,"destacado":false,"descripcion":"","imagen":"assets/products/CA-803410700581.webp","tags":["pulsera","neon","ancha","yj0708"]},{"id":"CA-779514000746","nombre":"PULSERA NEON LUMINOSA  x  50 ZB0041A/33305","categoria":"Carnaval Carioca","subcategoria":"Linea Luminosa","precio":3010.0,"destacado":false,"descripcion":"","imagen":"assets/products/CA-779514000746.webp","tags":["pulsera","neon","luminosa","zb0041a","33305"]},{"id":"CA-692412111303","nombre":"PULSERA NEON LUMINOSA x50 MQ13-03","categoria":"Carnaval Carioca","subcategoria":"Linea Luminosa","precio":2520.0,"destacado":false,"descripcion":"","imagen":"assets/products/CA-692412111303.webp","tags":["pulsera","neon","luminosa","x50","mq13"]},{"id":"CA-682019002299","nombre":"PULSERA PAPEL BLANCA/FLUO VIP PARA FIESTAS x100 CO2299","categoria":"Carnaval Carioca","subcategoria":"Corbatas/Moños/Pulseras/Collares","precio":4175.85,"destacado":false,"descripcion":"","imagen":"assets/products/CA-682019002299.webp","tags":["pulsera","papel","blanca","fluo","vip","para","fiestas","x100","co2299"]},{"id":"CA-690163805159","nombre":"PULSERA SILICONA CON LUZ  LEDx12 5159A","categoria":"Carnaval Carioca","subcategoria":"Linea Luminosa","precio":9828.0,"destacado":false,"descripcion":"","imagen":"assets/products/CA-690163805159.webp","tags":["pulsera","silicona","con","luz","ledx12","5159a"]},{"id":"CA-803410700549","nombre":"PULSERA SILICONA CON LUZ LED x12 YJ0676","categoria":"Carnaval Carioca","subcategoria":"Linea Luminosa","precio":10206.0,"destacado":false,"descripcion":"* (11/12/2025)","imagen":"assets/products/CA-803410700549.webp","tags":["pulsera","silicona","con","luz","led","x12","yj0676"]},{"id":"CA-237187641008","nombre":"RANCHO PLASTICO ARGENTINA x12 1008 AR","categoria":"Carnaval Carioca","subcategoria":"Gorros De Futbol","precio":5198.65,"destacado":false,"descripcion":"","imagen":"assets/products/CA-237187641008.webp","tags":["rancho","plastico","argentina","x12","1008"]},{"id":"CA-000000055461","nombre":"REMERA BLANCA BRIDE (ADULTO) x1 ALE","categoria":"Carnaval Carioca","subcategoria":"Bride","precio":7290.0,"destacado":false,"descripcion":"","imagen":"assets/products/CA-000000055461.webp","tags":["remera","blanca","bride","adulto","ale"]},{"id":"CA-000000055460","nombre":"REMERA BLANCA TEAM BRIDE (ADULTO) x1 ALE","categoria":"Carnaval Carioca","subcategoria":"Bride","precio":7290.0,"destacado":false,"descripcion":"","imagen":"assets/products/CA-000000055460.webp","tags":["remera","blanca","team","bride","adulto","ale"]},{"id":"CA-000000057562","nombre":"ROMPECOCO GOMA ESPUMA CON LUZ BLANCA x10","categoria":"Carnaval Carioca","subcategoria":"Total White","precio":7980.0,"destacado":false,"descripcion":"","imagen":"assets/products/CA-000000057562.webp","tags":["rompecoco","goma","espuma","con","luz","blanca","x10"]},{"id":"CA-779837740682","nombre":"ROMPECOCO GOMA ESPUMA CON LUZ BLANCA x10 MM25-04","categoria":"Carnaval Carioca","subcategoria":"Total White","precio":7980.0,"destacado":false,"descripcion":"","imagen":"assets/products/CA-779837740682.webp","tags":["rompecoco","goma","espuma","con","luz","blanca","x10","mm25"]},{"id":"CA-693353264375","nombre":"ROMPECOCO GOMA ESPUMA CON LUZ MULTICOLOR x10 DA121A","categoria":"Carnaval Carioca","subcategoria":"Linea Luminosa","precio":7980.0,"destacado":false,"descripcion":"","imagen":"assets/products/CA-693353264375.webp","tags":["rompecoco","goma","espuma","con","luz","multicolor","x10","da121a"]},{"id":"CA-202272100000","nombre":"ROMPECOCO GOMA ESPUMA CON LUZ MULTICOLOR x10 MM25-03","categoria":"Carnaval Carioca","subcategoria":"Linea Luminosa","precio":7980.0,"destacado":false,"descripcion":"","imagen":"assets/products/CA-202272100000.webp","tags":["rompecoco","goma","espuma","con","luz","multicolor","x10","mm25"]},{"id":"CA-638013391481","nombre":"SET BANDERIN/POMPON DE FIELTRO HAPPY BIRTHDAY x1 U2411-243","categoria":"Carnaval Carioca","subcategoria":"Bride","precio":3458.0,"destacado":false,"descripcion":"","imagen":"assets/products/CA-638013391481.webp","tags":["set","banderin","pompon","fieltro","happy","birthday","u2411","243"]},{"id":"CA-779832235487","nombre":"SET CONEJITA x1 AC114 (moño,puños,vincha)  PS","categoria":"Carnaval Carioca","subcategoria":"Despedida De Solteros","precio":5130.65,"destacado":false,"descripcion":"","imagen":"assets/products/CA-779832235487.webp","tags":["set","conejita","ac114","moño","puños","vincha"]},{"id":"CA-779832235486","nombre":"SET STRIPPER x1 AC128  PS","categoria":"Carnaval Carioca","subcategoria":"Despedida De Solteros","precio":2637.25,"destacado":false,"descripcion":"","imagen":"assets/products/CA-779832235486.webp","tags":["set","stripper","ac128"]},{"id":"CA-692025167416","nombre":"SET TIARA Y BANDA BRIDE TO BE x1 U2411-16","categoria":"Carnaval Carioca","subcategoria":"Bride","precio":4994.99,"destacado":false,"descripcion":"","imagen":"assets/products/CA-692025167416.webp","tags":["set","tiara","banda","bride","u2411"]},{"id":"CA-695925100811","nombre":"SET VINCHA ANTEOJO FELIZ CUMPLEAÑOS ORO x12 ILC2510-081A","categoria":"Carnaval Carioca","subcategoria":"Vinchas/Capas","precio":18895.68,"destacado":false,"descripcion":"","imagen":"assets/products/CA-695925100811.webp","tags":["set","vincha","anteojo","feliz","cumpleaños","oro","x12","ilc2510","081a"]},{"id":"CA-695925100812","nombre":"SET VINCHA ANTEOJO FELIZ CUMPLEAÑOS PLATA  x12 ILC2510-081B","categoria":"Carnaval Carioca","subcategoria":"Vinchas/Capas","precio":18895.68,"destacado":false,"descripcion":"","imagen":"assets/products/CA-695925100812.webp","tags":["set","vincha","anteojo","feliz","cumpleaños","plata","x12","ilc2510","081b"]},{"id":"CA-690816890116","nombre":"SET VINCHA FLECOS Y ANTEOJO FELIZ CUMPLE x1 YJ0747","categoria":"Carnaval Carioca","subcategoria":"Vinchas/Capas","precio":1404.0,"destacado":false,"descripcion":"","imagen":"assets/products/CA-690816890116.webp","tags":["set","vincha","flecos","anteojo","feliz","cumple","yj0747"]},{"id":"CA-692054010160","nombre":"SET VINCHA Y BANDA FELIZ CUMPLEAÑOS x1 GY-160","categoria":"Carnaval Carioca","subcategoria":"Vinchas/Capas","precio":2021.31,"destacado":false,"descripcion":"","imagen":"assets/products/CA-692054010160.webp","tags":["set","vincha","banda","feliz","cumpleaños","160"]},{"id":"CA-541497890479","nombre":"SET VINCHA Y BANDA FELIZ CUMPLEÑOS DORADA/PLATA x1 PA0479","categoria":"Carnaval Carioca","subcategoria":"Vinchas/Capas","precio":3344.82,"destacado":false,"descripcion":"","imagen":"assets/products/CA-541497890479.webp","tags":["set","vincha","banda","feliz","cumpleños","dorada","plata","pa0479"]},{"id":"CA-541497891288","nombre":"SET VINCHA Y PINCHE FELIZ CUMPLEÑOS DORADO x12 PA0288-1","categoria":"Carnaval Carioca","subcategoria":"Vinchas/Capas","precio":20521.54,"destacado":false,"descripcion":"","imagen":"assets/products/CA-541497891288.webp","tags":["set","vincha","pinche","feliz","cumpleños","dorado","x12","pa0288"]},{"id":"CA-541497892288","nombre":"SET VINCHA Y PINCHE FELIZ CUMPLEÑOS PLATA x12 PA0288-2","categoria":"Carnaval Carioca","subcategoria":"Vinchas/Capas","precio":20521.54,"destacado":false,"descripcion":"","imagen":"assets/products/CA-541497892288.webp","tags":["set","vincha","pinche","feliz","cumpleños","plata","x12","pa0288"]},{"id":"CA-803410700312","nombre":"SILBATO CARITAS SURTIDOS CON LUZ x12 YJ0435","categoria":"Carnaval Carioca","subcategoria":"Linea Luminosa","precio":7290.0,"destacado":false,"descripcion":"","imagen":"assets/products/CA-803410700312.webp","tags":["silbato","caritas","surtidos","con","luz","x12","yj0435"]},{"id":"CA-803410700247","nombre":"SILBATO CON LUZ  LED x12 YJ0363","categoria":"Carnaval Carioca","subcategoria":"Linea Luminosa","precio":6561.0,"destacado":false,"descripcion":"","imagen":"assets/products/CA-803410700247.webp","tags":["silbato","con","luz","led","x12","yj0363"]},{"id":"CA-532567891311","nombre":"SILBATO DE METAL x12 JB 1311","categoria":"Carnaval Carioca","subcategoria":"Sonido","precio":5167.8,"destacado":false,"descripcion":"* (15/12/2025)","imagen":"assets/products/CA-532567891311.webp","tags":["silbato","metal","x12","1311"]},{"id":"CA-541497890051","nombre":"SILBATO FLAUTA  x12 PA0051","categoria":"Carnaval Carioca","subcategoria":"Sonido","precio":1467.63,"destacado":false,"descripcion":"","imagen":"assets/products/CA-541497890051.webp","tags":["silbato","flauta","x12","pa0051"]},{"id":"CA-000000007011","nombre":"SILBATO FLUO STASIO x24u. 7011","categoria":"Carnaval Carioca","subcategoria":"Sonido","precio":1062.79,"destacado":false,"descripcion":"","imagen":"assets/products/CA-000000007011.webp","tags":["silbato","fluo","stasio","x24u","7011"]},{"id":"CA-803410700056","nombre":"SILBATO PLASTICO CARITA IMPORTADO x100 YJ0057","categoria":"Carnaval Carioca","subcategoria":"Sonido","precio":10327.5,"destacado":false,"descripcion":"","imagen":"assets/products/CA-803410700056.webp","tags":["silbato","plastico","carita","importado","x100","yj0057"]},{"id":"CA-803410700057","nombre":"SILBATO PLASTICO PELOTA IMPORTADO x100  YJ0058","categoria":"Carnaval Carioca","subcategoria":"Sonido","precio":10327.5,"destacado":false,"descripcion":"","imagen":"assets/products/CA-803410700057.webp","tags":["silbato","plastico","pelota","importado","x100","yj0058"]},{"id":"CA-779812617143","nombre":"SONIDOS SURTIDOS CARIOCA  PIERROT x36","categoria":"Carnaval Carioca","subcategoria":"Sonido","precio":3064.5,"destacado":false,"descripcion":"","imagen":"assets/products/CA-779812617143.webp","tags":["sonidos","surtidos","carioca","pierrot","x36"]},{"id":"CA-202560001061","nombre":"SORBETE A RAYAS MULTICOLOR PLASTICO X12 FP1061-01","categoria":"Carnaval Carioca","subcategoria":"Antifaces/Pelucas","precio":1062.81,"destacado":false,"descripcion":"","imagen":"assets/products/CA-202560001061.webp","tags":["sorbete","rayas","multicolor","plastico","x12","fp1061"]}]}