{"category_slug":"carnaval_carioca","subcategory_slug":"","page":11,"page_size":48,"total":1218,"items":[{"id":"CA-000000036945","nombre":"GALERA METAL COLOR LUJO  x1 JL 420","categoria":"Carnaval Carioca","subcategoria":"Gorros/Galeras/Capelinas/Coronas Y Turbantes","precio":5359.5,"destacado":false,"descripcion":"","imagen":"assets/products/CA-000000036945.webp","tags":["galera","metal","color","lujo","420"]},{"id":"CA-000000050257","nombre":"GALERA METAL VARIOS COLORES x1 RM","categoria":"Carnaval Carioca","subcategoria":"Gorros/Galeras/Capelinas/Coronas Y Turbantes","precio":4550.0,"destacado":false,"descripcion":"","imagen":"assets/products/CA-000000050257.webp","tags":["galera","metal","varios","colores"]},{"id":"CA-202562000531","nombre":"GALERA METALIZADA DORADA x1 FP0531-02","categoria":"Carnaval Carioca","subcategoria":"Gorros/Galeras/Capelinas/Coronas Y Turbantes","precio":3682.35,"destacado":false,"descripcion":"","imagen":"assets/products/CA-202562000531.webp","tags":["galera","metalizada","dorada","fp0531"]},{"id":"CA-000000058564","nombre":"GALERA METALIZADA HEXAGONAL BOCA  x1 ALE","categoria":"Carnaval Carioca","subcategoria":"Gorros De Futbol","precio":4320.0,"destacado":false,"descripcion":"","imagen":"assets/products/CA-000000058564.webp","tags":["galera","metalizada","hexagonal","boca","ale"]},{"id":"CA-000000058566","nombre":"GALERA METALIZADA HEXAGONAL INDEPENDIENTE  x1 ALE","categoria":"Carnaval Carioca","subcategoria":"Gorros De Futbol","precio":4320.0,"destacado":false,"descripcion":"","imagen":"assets/products/CA-000000058566.webp","tags":["galera","metalizada","hexagonal","independiente","ale"]},{"id":"CA-000000058563","nombre":"GALERA METALIZADA HEXAGONAL RACING  x1 ALE","categoria":"Carnaval Carioca","subcategoria":"Gorros De Futbol","precio":4320.0,"destacado":false,"descripcion":"","imagen":"assets/products/CA-000000058563.webp","tags":["galera","metalizada","hexagonal","racing","ale"]},{"id":"CA-000000058565","nombre":"GALERA METALIZADA HEXAGONAL RIVER  x1 ALE","categoria":"Carnaval Carioca","subcategoria":"Gorros De Futbol","precio":4320.0,"destacado":false,"descripcion":"","imagen":"assets/products/CA-000000058565.webp","tags":["galera","metalizada","hexagonal","river","ale"]},{"id":"CA-000000058567","nombre":"GALERA METALIZADA HEXAGONAL SAN LORENZO  x1 ALE","categoria":"Carnaval Carioca","subcategoria":"Gorros De Futbol","precio":4320.0,"destacado":false,"descripcion":"","imagen":"assets/products/CA-000000058567.webp","tags":["galera","metalizada","hexagonal","san","lorenzo","ale"]},{"id":"CA-000000058568","nombre":"GALERA METALIZADA HEXAGONAL VARIOS COLORES  x1 ALE","categoria":"Carnaval Carioca","subcategoria":"Gorros/Galeras/Capelinas/Coronas Y Turbantes","precio":4320.0,"destacado":false,"descripcion":"","imagen":"assets/products/CA-000000058568.webp","tags":["galera","metalizada","hexagonal","varios","colores","ale"]},{"id":"CA-202560000531","nombre":"GALERA METALIZADA PLATA x1 FP0531-01","categoria":"Carnaval Carioca","subcategoria":"Gorros/Galeras/Capelinas/Coronas Y Turbantes","precio":3682.35,"destacado":false,"descripcion":"","imagen":"assets/products/CA-202560000531.webp","tags":["galera","metalizada","plata","fp0531"]},{"id":"CA-000000058557","nombre":"GALERA METALIZADA REDONDA BOCA  x1 ALE","categoria":"Carnaval Carioca","subcategoria":"Gorros De Futbol","precio":4320.0,"destacado":false,"descripcion":"","imagen":"assets/products/CA-000000058557.webp","tags":["galera","metalizada","redonda","boca","ale"]},{"id":"CA-000000058560","nombre":"GALERA METALIZADA REDONDA INDEPENDIENTE  x1 ALE","categoria":"Carnaval Carioca","subcategoria":"Gorros De Futbol","precio":4320.0,"destacado":false,"descripcion":"","imagen":"assets/products/CA-000000058560.webp","tags":["galera","metalizada","redonda","independiente","ale"]},{"id":"CA-000000058559","nombre":"GALERA METALIZADA REDONDA RACING  x1 ALE","categoria":"Carnaval Carioca","subcategoria":"Gorros De Futbol","precio":4320.0,"destacado":false,"descripcion":"","imagen":"assets/products/CA-000000058559.webp","tags":["galera","metalizada","redonda","racing","ale"]},{"id":"CA-000000058558","nombre":"GALERA METALIZADA REDONDA RIVER  x1 ALE","categoria":"Carnaval Carioca","subcategoria":"Gorros De Futbol","precio":4320.0,"destacado":false,"descripcion":"","imagen":"assets/products/CA-000000058558.webp","tags":["galera","metalizada","redonda","river","ale"]},{"id":"CA-000000058561","nombre":"GALERA METALIZADA REDONDA SAN LORENZO  x1 ALE","categoria":"Carnaval Carioca","subcategoria":"Gorros De Futbol","precio":4320.0,"destacado":false,"descripcion":"","imagen":"assets/products/CA-000000058561.webp","tags":["galera","metalizada","redonda","san","lorenzo","ale"]},{"id":"CA-000000058562","nombre":"GALERA METALIZADA REDONDA VARIOS COLORES  x1 ALE","categoria":"Carnaval Carioca","subcategoria":"Gorros/Galeras/Capelinas/Coronas Y Turbantes","precio":4320.0,"destacado":false,"descripcion":"","imagen":"assets/products/CA-000000058562.webp","tags":["galera","metalizada","redonda","varios","colores","ale"]},{"id":"CA-000000027892","nombre":"GALERA MOÑO FLUO LISA JL x1 449","categoria":"Carnaval Carioca","subcategoria":"Gorros/Galeras/Capelinas/Coronas Y Turbantes","precio":4846.5,"destacado":false,"descripcion":"","imagen":"assets/products/CA-000000027892.webp","tags":["galera","moño","fluo","lisa","449"]},{"id":"CA-000000053639","nombre":"GALERA MULTICOLOR CON FLOR ROX x1 art.334","categoria":"Carnaval Carioca","subcategoria":"Gorros/Galeras/Capelinas/Coronas Y Turbantes","precio":3105.0,"destacado":false,"descripcion":"","imagen":"assets/products/CA-000000053639.webp","tags":["galera","multicolor","con","flor","rox","art","334"]},{"id":"CA-000000040224","nombre":"GALERA MULTICOLOR FLUO HORIZONTAL x5 ROX284","categoria":"Carnaval Carioca","subcategoria":"Gorros/Galeras/Capelinas/Coronas Y Turbantes","precio":8209.74,"destacado":false,"descripcion":"","imagen":"assets/products/CA-000000040224.webp","tags":["galera","multicolor","fluo","horizontal","rox284"]},{"id":"CA-000000040223","nombre":"GALERA MULTICOLOR FLUO VERTICAL x5 ROX223","categoria":"Carnaval Carioca","subcategoria":"Gorros/Galeras/Capelinas/Coronas Y Turbantes","precio":8209.74,"destacado":false,"descripcion":"","imagen":"assets/products/CA-000000040223.webp","tags":["galera","multicolor","fluo","vertical","rox223"]},{"id":"CA-541497890157","nombre":"GALERA NEGRA CON STRASS x1 PA0157-01","categoria":"Carnaval Carioca","subcategoria":"Gorros/Galeras/Capelinas/Coronas Y Turbantes","precio":4966.41,"destacado":false,"descripcion":"","imagen":"assets/products/CA-541497890157.webp","tags":["galera","negra","con","strass","pa0157"]},{"id":"CA-000000010684","nombre":"GALERA PAÑO HORIZONTAL ARGENTINA x6 GER (6)","categoria":"Carnaval Carioca","subcategoria":"Gorros De Futbol","precio":10296.0,"destacado":false,"descripcion":"","imagen":"assets/products/CA-000000010684.webp","tags":["galera","paño","horizontal","argentina","ger"]},{"id":"CA-000000010685","nombre":"GALERA PAÑO VERTICAL ARGENTINA x6 GE 10 (1)","categoria":"Carnaval Carioca","subcategoria":"Gorros De Futbol","precio":10296.0,"destacado":false,"descripcion":"","imagen":"assets/products/CA-000000010685.webp","tags":["galera","paño","vertical","argentina"]},{"id":"CA-541497010157","nombre":"GALERA PLATA CON STRASS x1 PA0157-02","categoria":"Carnaval Carioca","subcategoria":"Total White","precio":4966.41,"destacado":false,"descripcion":"","imagen":"assets/products/CA-541497010157.webp","tags":["galera","plata","con","strass","pa0157"]},{"id":"CA-000000051310","nombre":"GALERA RIVER CON ESTRELLAS  JERSEY 22cm ROX x1 art.328","categoria":"Carnaval Carioca","subcategoria":"Gorros/Galeras/Capelinas/Coronas Y Turbantes","precio":2695.95,"destacado":false,"descripcion":"","imagen":"assets/products/CA-000000051310.webp","tags":["galera","river","con","estrellas","jersey","22cm","rox","art","328"]},{"id":"CA-000000055566","nombre":"GALERA SAN PATRICIO JERSEY 10cm ROX x1","categoria":"Carnaval Carioca","subcategoria":"Gorros/Galeras/Capelinas/Coronas Y Turbantes","precio":1890.0,"destacado":false,"descripcion":"","imagen":"assets/products/CA-000000055566.webp","tags":["galera","san","patricio","jersey","10cm","rox"]},{"id":"CA-000000055567","nombre":"GALERA SAN PATRICIO JERSEY 20cm ROX x1","categoria":"Carnaval Carioca","subcategoria":"Gorros/Galeras/Capelinas/Coronas Y Turbantes","precio":2565.0,"destacado":false,"descripcion":"","imagen":"assets/products/CA-000000055567.webp","tags":["galera","san","patricio","jersey","20cm","rox"]},{"id":"CA-720155717446","nombre":"GALERA VERTICAL ARGENTINA IMPORTADAx1 MZ17446","categoria":"Carnaval Carioca","subcategoria":"Gorros De Futbol","precio":3750.0,"destacado":false,"descripcion":"","imagen":"assets/products/CA-720155717446.webp","tags":["galera","vertical","argentina","importadax1","mz17446"]},{"id":"CA-720155717429","nombre":"GALERA VERTICAL ARGENTINA PLUSH x1 MZ17429","categoria":"Carnaval Carioca","subcategoria":"Gorros De Futbol","precio":2105.43,"destacado":false,"descripcion":"","imagen":"assets/products/CA-720155717429.webp","tags":["galera","vertical","argentina","plush","mz17429"]},{"id":"CA-000000033742","nombre":"GALERA VERTICAL BOCA JERSEYx1 1023","categoria":"Carnaval Carioca","subcategoria":"Gorros De Futbol","precio":4900.0,"destacado":false,"descripcion":"","imagen":"assets/products/CA-000000033742.webp","tags":["galera","vertical","boca","jerseyx1","1023"]},{"id":"CA-720155717447","nombre":"GALERA VIKINGO ARGENTINA CON CASCABEL PLUSH x1 MZ17447","categoria":"Carnaval Carioca","subcategoria":"Gorros De Futbol","precio":3241.44,"destacado":false,"descripcion":"","imagen":"assets/products/CA-720155717447.webp","tags":["galera","vikingo","argentina","con","cascabel","plush","mz17447"]},{"id":"CA-000000041593","nombre":"GALERITA BOCA JERSEY ROX 298","categoria":"Carnaval Carioca","subcategoria":"Gorros De Futbol","precio":1714.5,"destacado":false,"descripcion":"","imagen":"assets/products/CA-000000041593.webp","tags":["galerita","boca","jersey","rox","298"]},{"id":"CA-000000041592","nombre":"GALERITA RIVER JERSEY ROX 299","categoria":"Carnaval Carioca","subcategoria":"Gorros De Futbol","precio":1714.5,"destacado":false,"descripcion":"","imagen":"assets/products/CA-000000041592.webp","tags":["galerita","river","jersey","rox","299"]},{"id":"CA-000000047368","nombre":"GALERON ACETATO NEGRO CON MOÑO ARCO IRIS x1 1100","categoria":"Carnaval Carioca","subcategoria":"Gorros/Galeras/Capelinas/Coronas Y Turbantes","precio":7560.0,"destacado":false,"descripcion":"","imagen":"assets/products/CA-000000047368.webp","tags":["galeron","acetato","negro","con","moño","arco","iris","1100"]},{"id":"CA-000000047436","nombre":"GALERON ACETATO NEGRO CON MOÑO ORO/PLATA x1 1101","categoria":"Carnaval Carioca","subcategoria":"Gorros/Galeras/Capelinas/Coronas Y Turbantes","precio":7155.0,"destacado":false,"descripcion":"","imagen":"assets/products/CA-000000047436.webp","tags":["galeron","acetato","negro","con","moño","oro","plata","1101"]},{"id":"CA-000000055509","nombre":"GALERON ALTO CON LUZ  x1 Art 290","categoria":"Carnaval Carioca","subcategoria":"Gorros/Galeras/Capelinas/Coronas Y Turbantes","precio":16875.0,"destacado":false,"descripcion":"","imagen":"assets/products/CA-000000055509.webp","tags":["galeron","alto","con","luz","art","290"]},{"id":"CA-000000055508","nombre":"GALERON ALTO PAVO REAL CON LUZ  x1 Art 289","categoria":"Carnaval Carioca","subcategoria":"Gorros/Galeras/Capelinas/Coronas Y Turbantes","precio":20250.0,"destacado":false,"descripcion":"","imagen":"assets/products/CA-000000055508.webp","tags":["galeron","alto","pavo","real","con","luz","art","289"]},{"id":"CA-000000043700","nombre":"GALERON BOUCLE CON HEBILLA  x1 JL 474 (colores surtidos)","categoria":"Carnaval Carioca","subcategoria":"Gorros/Galeras/Capelinas/Coronas Y Turbantes","precio":5850.9,"destacado":false,"descripcion":"","imagen":"assets/products/CA-000000043700.webp","tags":["galeron","boucle","con","hebilla","474","colores","surtidos"]},{"id":"CA-000000041642","nombre":"GALERON LUJO METAL CON MOÑO BOCA x1 JL 637","categoria":"Carnaval Carioca","subcategoria":"Gorros De Futbol","precio":6345.0,"destacado":false,"descripcion":"","imagen":"assets/products/CA-000000041642.webp","tags":["galeron","lujo","metal","con","moño","boca","637"]},{"id":"CA-000000042297","nombre":"GALERON LUJO METAL CON MOÑO RIVER x1 JL 638","categoria":"Carnaval Carioca","subcategoria":"Gorros De Futbol","precio":6345.0,"destacado":false,"descripcion":"","imagen":"assets/products/CA-000000042297.webp","tags":["galeron","lujo","metal","con","moño","river","638"]},{"id":"CA-000000047340","nombre":"GALERON METAL ARCO IRIS CON MOÑO x1 1100 (colores surtidos)","categoria":"Carnaval Carioca","subcategoria":"Gorros/Galeras/Capelinas/Coronas Y Turbantes","precio":7560.0,"destacado":false,"descripcion":"","imagen":"assets/products/CA-000000047340.webp","tags":["galeron","metal","arco","iris","con","moño","1100","colores","surtidos"]},{"id":"CA-000000039463","nombre":"GALERON METAL CON ESTRELLAS BOCA x1 JL 642","categoria":"Carnaval Carioca","subcategoria":"Gorros De Futbol","precio":6845.85,"destacado":false,"descripcion":"","imagen":"assets/products/CA-000000039463.webp","tags":["galeron","metal","con","estrellas","boca","642"]},{"id":"CA-000000049570","nombre":"GALERON METAL CON ESTRELLAS RIVER x1 JL 667","categoria":"Carnaval Carioca","subcategoria":"Gorros De Futbol","precio":6845.85,"destacado":false,"descripcion":"","imagen":"assets/products/CA-000000049570.webp","tags":["galeron","metal","con","estrellas","river","667"]},{"id":"CA-000000039489","nombre":"GALERON METAL NEGRO ESTRELLA MULTICOLOR x1 641 JL","categoria":"Carnaval Carioca","subcategoria":"Gorros/Galeras/Capelinas/Coronas Y Turbantes","precio":6845.85,"destacado":false,"descripcion":"","imagen":"assets/products/CA-000000039489.webp","tags":["galeron","metal","negro","estrella","multicolor","641"]},{"id":"CA-000000050338","nombre":"GALERON METAL RAYAS ARCO IRIS  x1 703/704 (colores surtidos)","categoria":"Carnaval Carioca","subcategoria":"Gorros/Galeras/Capelinas/Coronas Y Turbantes","precio":6845.85,"destacado":false,"descripcion":"","imagen":"assets/products/CA-000000050338.webp","tags":["galeron","metal","rayas","arco","iris","703","704","colores","surtidos"]},{"id":"CA-000000033362","nombre":"GALERON METAL VERTICAL BOCA x1 JL 631","categoria":"Carnaval Carioca","subcategoria":"Gorros De Futbol","precio":6103.35,"destacado":false,"descripcion":"","imagen":"assets/products/CA-000000033362.webp","tags":["galeron","metal","vertical","boca","631"]},{"id":"CA-000000033361","nombre":"GALERON METAL VERTICAL RIVER JLx1 632","categoria":"Carnaval Carioca","subcategoria":"Gorros De Futbol","precio":6103.35,"destacado":false,"descripcion":"","imagen":"assets/products/CA-000000033361.webp","tags":["galeron","metal","vertical","river","jlx1","632"]},{"id":"CA-000000055568","nombre":"GALERON SAN PATRICIO JERSEY 24cm ROX x1","categoria":"Carnaval Carioca","subcategoria":"Gorros/Galeras/Capelinas/Coronas Y Turbantes","precio":3375.0,"destacado":false,"descripcion":"","imagen":"assets/products/CA-000000055568.webp","tags":["galeron","san","patricio","jersey","24cm","rox"]}]}