{"category_slug":"carnaval_carioca","subcategory_slug":"","page":1,"page_size":48,"total":1218,"items":[{"id":"CA-541497890679","nombre":"ABANICO BLANCO DE PAPEL x12 PA0679","categoria":"Carnaval Carioca","subcategoria":"Total White","precio":10311.13,"destacado":false,"descripcion":"","imagen":"assets/products/CA-541497890679.webp","tags":["abanico","blanco","papel","x12","pa0679"]},{"id":"CA-202569920840","nombre":"ABANICO DE TELA BLANCO x12 DC840-02","categoria":"Carnaval Carioca","subcategoria":"Total White","precio":10636.92,"destacado":false,"descripcion":"","imagen":"assets/products/CA-202569920840.webp","tags":["abanico","tela","blanco","x12","dc840"]},{"id":"CA-679749900624","nombre":"ALAS ANGEL DE TULL  CON LUZ BLANCA FRIA x1 DA624","categoria":"Carnaval Carioca","subcategoria":"Total White","precio":4176.33,"destacado":false,"descripcion":"","imagen":"assets/products/CA-679749900624.webp","tags":["alas","angel","tull","con","luz","blanca","fria","da624"]},{"id":"CA-202560000861","nombre":"ANILLO MODELOS SURTIDOS PREMIUN CON LUZ 24pcs x1 FP0861-01","categoria":"Carnaval Carioca","subcategoria":"Linea Luminosa","precio":14438.34,"destacado":false,"descripcion":"","imagen":"assets/products/CA-202560000861.webp","tags":["anillo","modelos","surtidos","premiun","con","luz","24pcs","fp0861"]},{"id":"CA-202562000861","nombre":"ANILLO MODELOS SURTIDOS PREMIUN CON LUZ 24pcs x1 FP0861-02","categoria":"Carnaval Carioca","subcategoria":"Linea Luminosa","precio":14438.34,"destacado":false,"descripcion":"","imagen":"assets/products/CA-202562000861.webp","tags":["anillo","modelos","surtidos","premiun","con","luz","24pcs","fp0861"]},{"id":"CA-803410700546","nombre":"ANILLO NEON LUMINOSO x6 YJ0673","categoria":"Carnaval Carioca","subcategoria":"Linea Luminosa","precio":729.0,"destacado":false,"descripcion":"","imagen":"assets/products/CA-803410700546.webp","tags":["anillo","neon","luminoso","yj0673"]},{"id":"CA-000000050960","nombre":"ANILLO SILICONA CON LUZ x12 ( surtidos) YJ0333/2/1/0/583/4","categoria":"Carnaval Carioca","subcategoria":"Linea Luminosa","precio":5248.8,"destacado":false,"descripcion":"","imagen":"assets/products/CA-000000050960.webp","tags":["anillo","silicona","con","luz","x12","surtidos","yj0333","583"]},{"id":"CA-803410700274","nombre":"ANILLO SILICONA PIRATA CON LUZ  x36 YJ0388","categoria":"Carnaval Carioca","subcategoria":"Linea Luminosa","precio":13899.6,"destacado":false,"descripcion":"","imagen":"assets/products/CA-803410700274.webp","tags":["anillo","silicona","pirata","con","luz","x36","yj0388"]},{"id":"CA-803410700461","nombre":"ANILLOS CON LUZ RAYOS LASER x10  (40 unidades)  YJ0588","categoria":"Carnaval Carioca","subcategoria":"Linea Luminosa","precio":6075.0,"destacado":false,"descripcion":"","imagen":"assets/products/CA-803410700461.webp","tags":["anillos","con","luz","rayos","laser","x10","unidades","yj0588"]},{"id":"CA-202560000393","nombre":"ANTEOJO ACETATO FELIZ CUMPLEAÑOS x6 FP0393","categoria":"Carnaval Carioca","subcategoria":"Anteojos","precio":5733.0,"destacado":false,"descripcion":"","imagen":"assets/products/CA-202560000393.webp","tags":["anteojo","acetato","feliz","cumpleaños","fp0393"]},{"id":"CA-695546549343","nombre":"ANTEOJO ACRILICO ALARGADO x1 DG9343A (varios colores)","categoria":"Carnaval Carioca","subcategoria":"Anteojos","precio":770.0,"destacado":false,"descripcion":"","imagen":"assets/products/CA-695546549343.webp","tags":["anteojo","acrilico","alargado","dg9343a","varios","colores"]},{"id":"CA-692504250408","nombre":"ANTEOJO ACRILICO CON LUZ  x1 DIS04-08","categoria":"Carnaval Carioca","subcategoria":"Linea Luminosa","precio":4032.0,"destacado":false,"descripcion":"","imagen":"assets/products/CA-692504250408.webp","tags":["anteojo","acrilico","con","luz","dis04"]},{"id":"CA-000000054479","nombre":"ANTEOJO ACRILICO CON LUZ BLANCA x1","categoria":"Carnaval Carioca","subcategoria":"Total White","precio":2430.0,"destacado":false,"descripcion":"","imagen":"assets/products/CA-000000054479.webp","tags":["anteojo","acrilico","con","luz","blanca"]},{"id":"CA-000000054480","nombre":"ANTEOJO ACRILICO CON LUZ ROSA x1","categoria":"Carnaval Carioca","subcategoria":"Linea Luminosa","precio":2430.0,"destacado":false,"descripcion":"","imagen":"assets/products/CA-000000054480.webp","tags":["anteojo","acrilico","con","luz","rosa"]},{"id":"CA-695546549339","nombre":"ANTEOJO ACRILICO CORAZON x1 DG9339A (varios colores)","categoria":"Carnaval Carioca","subcategoria":"Anteojos","precio":944.19,"destacado":false,"descripcion":"","imagen":"assets/products/CA-695546549339.webp","tags":["anteojo","acrilico","corazon","dg9339a","varios","colores"]},{"id":"CA-000000058530","nombre":"ANTEOJO ACRILICO CORAZON x1 yj0041  (varios colores)","categoria":"Carnaval Carioca","subcategoria":"Anteojos","precio":693.0,"destacado":false,"descripcion":"","imagen":"assets/products/CA-000000058530.webp","tags":["anteojo","acrilico","corazon","yj0041","varios","colores"]},{"id":"CA-695546549342","nombre":"ANTEOJO ACRILICO CUADRADO x1 DG9342A (varios colores)","categoria":"Carnaval Carioca","subcategoria":"Anteojos","precio":770.0,"destacado":false,"descripcion":"","imagen":"assets/products/CA-695546549342.webp","tags":["anteojo","acrilico","cuadrado","dg9342a","varios","colores"]},{"id":"CA-000000058531","nombre":"ANTEOJO ACRILICO ESTRELLA x1 yj0040  (varios colores)","categoria":"Carnaval Carioca","subcategoria":"Anteojos","precio":693.0,"destacado":false,"descripcion":"","imagen":"assets/products/CA-000000058531.webp","tags":["anteojo","acrilico","estrella","yj0040","varios","colores"]},{"id":"CA-695546549340","nombre":"ANTEOJO ACRILICO RAYBAN x1 DG9340A (varios colores)","categoria":"Carnaval Carioca","subcategoria":"Anteojos","precio":770.0,"destacado":false,"descripcion":"","imagen":"assets/products/CA-695546549340.webp","tags":["anteojo","acrilico","rayban","dg9340a","varios","colores"]},{"id":"CA-695546549341","nombre":"ANTEOJO ACRILICO REDONDO x1 DG9341A (varios colores)","categoria":"Carnaval Carioca","subcategoria":"Anteojos","precio":770.0,"destacado":false,"descripcion":"","imagen":"assets/products/CA-695546549341.webp","tags":["anteojo","acrilico","redondo","dg9341a","varios","colores"]},{"id":"CA-696365412564","nombre":"ANTEOJO AUDIORITMICO CON LUZ x12 3547A","categoria":"Carnaval Carioca","subcategoria":"Linea Luminosa","precio":25200.0,"destacado":false,"descripcion":"","imagen":"assets/products/CA-696365412564.webp","tags":["anteojo","audioritmico","con","luz","x12","3547a"]},{"id":"CA-202560001380","nombre":"ANTEOJO BACHATERO x1 FP1380","categoria":"Carnaval Carioca","subcategoria":"Anteojos","precio":1415.61,"destacado":false,"descripcion":"","imagen":"assets/products/CA-202560001380.webp","tags":["anteojo","bachatero","fp1380"]},{"id":"CA-202560000739","nombre":"ANTEOJO BRIDE METALIZADO VARIOS COLORES x6 FP0739","categoria":"Carnaval Carioca","subcategoria":"Anteojos","precio":2760.66,"destacado":false,"descripcion":"","imagen":"assets/products/CA-202560000739.webp","tags":["anteojo","bride","metalizado","varios","colores","fp0739"]},{"id":"CA-000000056073","nombre":"ANTEOJO CARIOCA CORAZON VARIOS COLORES  x1  648","categoria":"Carnaval Carioca","subcategoria":"Anteojos","precio":1413.36,"destacado":false,"descripcion":"","imagen":"assets/products/CA-000000056073.webp","tags":["anteojo","carioca","corazon","varios","colores","648"]},{"id":"CA-779908805705","nombre":"ANTEOJO CHICATO (MILHOUSE) x1 LE40 PS","categoria":"Carnaval Carioca","subcategoria":"Anteojos","precio":1078.88,"destacado":false,"descripcion":"","imagen":"assets/products/CA-779908805705.webp","tags":["anteojo","chicato","milhouse","le40"]},{"id":"CA-000000058383","nombre":"ANTEOJO CHICATO x1","categoria":"Carnaval Carioca","subcategoria":"Anteojos","precio":1092.0,"destacado":false,"descripcion":"","imagen":"assets/products/CA-000000058383.webp","tags":["anteojo","chicato"]},{"id":"CA-520155880300","nombre":"ANTEOJO CHICATO x1 M300","categoria":"Carnaval Carioca","subcategoria":"Anteojos","precio":911.79,"destacado":false,"descripcion":"","imagen":"assets/products/CA-520155880300.webp","tags":["anteojo","chicato","m300"]},{"id":"CA-202560001390","nombre":"ANTEOJO COMICO BLANCO x1 FP1390-01","categoria":"Carnaval Carioca","subcategoria":"Anteojos","precio":1940.4,"destacado":false,"descripcion":"","imagen":"assets/products/CA-202560001390.webp","tags":["anteojo","comico","blanco","fp1390"]},{"id":"CA-202560201390","nombre":"ANTEOJO COMICO NEGRO x1 FP1390-02","categoria":"Carnaval Carioca","subcategoria":"Anteojos","precio":1940.4,"destacado":false,"descripcion":"","imagen":"assets/products/CA-202560201390.webp","tags":["anteojo","comico","negro","fp1390"]},{"id":"CA-679749900671","nombre":"ANTEOJO CON APLIQUE BOLA DISCO x1 DA671","categoria":"Carnaval Carioca","subcategoria":"Anteojos","precio":2403.96,"destacado":false,"descripcion":"","imagen":"assets/products/CA-679749900671.webp","tags":["anteojo","con","aplique","bola","disco","da671"]},{"id":"CA-693501350429","nombre":"ANTEOJO CON DISPLAY BLUETOOTH USB x1 429","categoria":"Carnaval Carioca","subcategoria":"Linea Luminosa","precio":28531.13,"destacado":false,"descripcion":"","imagen":"assets/products/CA-693501350429.webp","tags":["anteojo","con","display","bluetooth","usb","429"]},{"id":"CA-000000051474","nombre":"ANTEOJO CON LUZ MODELOS SURTIDO x12 DA369D","categoria":"Carnaval Carioca","subcategoria":"Anteojos","precio":9072.0,"destacado":false,"descripcion":"","imagen":"assets/products/CA-000000051474.webp","tags":["anteojo","con","luz","modelos","surtido","x12","da369d"]},{"id":"CA-803410700253","nombre":"ANTEOJO CON LUZ MODELOS SURTIDOS x12 YJ0371","categoria":"Carnaval Carioca","subcategoria":"Linea Luminosa","precio":9072.0,"destacado":false,"descripcion":"","imagen":"assets/products/CA-803410700253.webp","tags":["anteojo","con","luz","modelos","surtidos","x12","yj0371"]},{"id":"CA-803410700254","nombre":"ANTEOJO CON LUZ REJILLA SURTIDOS x12 YJ0372","categoria":"Carnaval Carioca","subcategoria":"Linea Luminosa","precio":7722.0,"destacado":false,"descripcion":"","imagen":"assets/products/CA-803410700254.webp","tags":["anteojo","con","luz","rejilla","surtidos","x12","yj0372"]},{"id":"CA-000000056506","nombre":"ANTEOJO CORAZON CON APLIQUE/FRASE x1 BH202/123","categoria":"Carnaval Carioca","subcategoria":"Anteojos","precio":4004.0,"destacado":false,"descripcion":"","imagen":"assets/products/CA-000000056506.webp","tags":["anteojo","corazon","con","aplique","frase","bh202","123"]},{"id":"CA-202560000697","nombre":"ANTEOJO CORAZON DORADO PIXEL X1 FP0697-01","categoria":"Carnaval Carioca","subcategoria":"Anteojos","precio":1415.61,"destacado":false,"descripcion":"","imagen":"assets/products/CA-202560000697.webp","tags":["anteojo","corazon","dorado","pixel","fp0697"]},{"id":"CA-541497871230","nombre":"ANTEOJO CORAZON LOVE   x1 PA1230","categoria":"Carnaval Carioca","subcategoria":"Anteojos","precio":1500.0,"destacado":false,"descripcion":"","imagen":"assets/products/CA-541497871230.webp","tags":["anteojo","corazon","love","pa1230"]},{"id":"CA-541497890034","nombre":"ANTEOJO CORAZON METAL VARIOS COLOR  x1 PA0034","categoria":"Carnaval Carioca","subcategoria":"Anteojos","precio":1123.67,"destacado":false,"descripcion":"","imagen":"assets/products/CA-541497890034.webp","tags":["anteojo","corazon","metal","varios","color","pa0034"]},{"id":"CA-202560000746","nombre":"ANTEOJO CORAZON METALIZADO VARIOS COLORES x12 FP0746","categoria":"Carnaval Carioca","subcategoria":"Anteojos","precio":5944.68,"destacado":false,"descripcion":"","imagen":"assets/products/CA-202560000746.webp","tags":["anteojo","corazon","metalizado","varios","colores","x12","fp0746"]},{"id":"CA-779514000381","nombre":"ANTEOJO CORAZON NEON x1 33307/ZB001-1","categoria":"Carnaval Carioca","subcategoria":"Linea Luminosa","precio":652.19,"destacado":false,"descripcion":"","imagen":"assets/products/CA-779514000381.webp","tags":["anteojo","corazon","neon","33307","zb001"]},{"id":"CA-202560000716","nombre":"ANTEOJO CORAZON PERLAS ACRILICO VARIOS COLORES X1 FP0716","categoria":"Carnaval Carioca","subcategoria":"Anteojos","precio":1980.09,"destacado":false,"descripcion":"","imagen":"assets/products/CA-202560000716.webp","tags":["anteojo","corazon","perlas","acrilico","varios","colores","fp0716"]},{"id":"CA-202562000697","nombre":"ANTEOJO CORAZON PLATEADO PIXEL X1 FP0697-02","categoria":"Carnaval Carioca","subcategoria":"Anteojos","precio":1415.61,"destacado":false,"descripcion":"","imagen":"assets/products/CA-202562000697.webp","tags":["anteojo","corazon","plateado","pixel","fp0697"]},{"id":"CA-541497890199","nombre":"ANTEOJO CORAZON ROJO PIXEL LOVE x1 PA0199","categoria":"Carnaval Carioca","subcategoria":"Anteojos","precio":1500.0,"destacado":false,"descripcion":"","imagen":"assets/products/CA-541497890199.webp","tags":["anteojo","corazon","rojo","pixel","love","pa0199"]},{"id":"CA-202569930368","nombre":"ANTEOJO CORAZON VARIOS COLORES x12 DC368-03","categoria":"Carnaval Carioca","subcategoria":"Anteojos","precio":3175.2,"destacado":false,"descripcion":"","imagen":"assets/products/CA-202569930368.webp","tags":["anteojo","corazon","varios","colores","x12","dc368"]},{"id":"CA-541497881237","nombre":"ANTEOJO CUADRADO A RAYAS LADY x1 PA1237","categoria":"Carnaval Carioca","subcategoria":"Anteojos","precio":1500.0,"destacado":false,"descripcion":"","imagen":"assets/products/CA-541497881237.webp","tags":["anteojo","cuadrado","rayas","lady","pa1237"]},{"id":"CA-202560000126","nombre":"ANTEOJO CUADRADO DEGRADE VARIOS COLORES X1 FP0126","categoria":"Carnaval Carioca","subcategoria":"Anteojos","precio":1203.93,"destacado":false,"descripcion":"","imagen":"assets/products/CA-202560000126.webp","tags":["anteojo","cuadrado","degrade","varios","colores","fp0126"]},{"id":"CA-202560001397","nombre":"ANTEOJO CUADRADO DIVA CON STRASS( VS.COLORES) x1 FP1397","categoria":"Carnaval Carioca","subcategoria":"Anteojos","precio":2337.3,"destacado":false,"descripcion":"","imagen":"assets/products/CA-202560001397.webp","tags":["anteojo","cuadrado","diva","con","strass","colores","fp1397"]},{"id":"CA-202569900368","nombre":"ANTEOJO CUADRADO VARIOS COLORES x12 DC368-01","categoria":"Carnaval Carioca","subcategoria":"Anteojos","precio":3175.2,"destacado":false,"descripcion":"","imagen":"assets/products/CA-202569900368.webp","tags":["anteojo","cuadrado","varios","colores","x12","dc368"]}]}