{"category_slug":"carnaval_carioca","subcategory_slug":"","page":14,"page_size":48,"total":1218,"items":[{"id":"CA-695925101227","nombre":"GORRO COWBOY GAMUZA VARIOS COLORES x1 ILC2510-227","categoria":"Carnaval Carioca","subcategoria":"Gorros/Galeras/Capelinas/Coronas Y Turbantes","precio":3513.51,"destacado":false,"descripcion":"","imagen":"assets/products/CA-695925101227.webp","tags":["gorro","cowboy","gamuza","varios","colores","ilc2510","227"]},{"id":"CA-694105219913","nombre":"GORRO COWBOY GLITTER AZUL  x1 MM199-02","categoria":"Carnaval Carioca","subcategoria":"Gorros/Galeras/Capelinas/Coronas Y Turbantes","precio":5208.64,"destacado":false,"descripcion":"","imagen":"assets/products/CA-694105219913.webp","tags":["gorro","cowboy","glitter","azul","mm199"]},{"id":"CA-202560301352","nombre":"GORRO COWBOY GLITTER DORADO  x1 FP1352-01","categoria":"Carnaval Carioca","subcategoria":"Gorros/Galeras/Capelinas/Coronas Y Turbantes","precio":4176.27,"destacado":false,"descripcion":"","imagen":"assets/products/CA-202560301352.webp","tags":["gorro","cowboy","glitter","dorado","fp1352"]},{"id":"CA-694105219908","nombre":"GORRO COWBOY GLITTER DORADO  x1 MM199-02","categoria":"Carnaval Carioca","subcategoria":"Gorros/Galeras/Capelinas/Coronas Y Turbantes","precio":5208.64,"destacado":false,"descripcion":"","imagen":"assets/products/CA-694105219908.webp","tags":["gorro","cowboy","glitter","dorado","mm199"]},{"id":"CA-202560201352","nombre":"GORRO COWBOY GLITTER PLATEADO  x1 FP1352-02","categoria":"Carnaval Carioca","subcategoria":"Gorros/Galeras/Capelinas/Coronas Y Turbantes","precio":4176.27,"destacado":false,"descripcion":"","imagen":"assets/products/CA-202560201352.webp","tags":["gorro","cowboy","glitter","plateado","fp1352"]},{"id":"CA-694105219907","nombre":"GORRO COWBOY GLITTER PLATEADO  x1 MM199-02","categoria":"Carnaval Carioca","subcategoria":"Gorros/Galeras/Capelinas/Coronas Y Turbantes","precio":5208.64,"destacado":false,"descripcion":"","imagen":"assets/products/CA-694105219907.webp","tags":["gorro","cowboy","glitter","plateado","mm199"]},{"id":"CA-202560001352","nombre":"GORRO COWBOY GLITTER ROSA  x1 FP1352-03","categoria":"Carnaval Carioca","subcategoria":"Gorros/Galeras/Capelinas/Coronas Y Turbantes","precio":4176.27,"destacado":false,"descripcion":"","imagen":"assets/products/CA-202560001352.webp","tags":["gorro","cowboy","glitter","rosa","fp1352"]},{"id":"CA-694105219909","nombre":"GORRO COWBOY GLITTER VERDE  x1 MM199-02","categoria":"Carnaval Carioca","subcategoria":"Gorros/Galeras/Capelinas/Coronas Y Turbantes","precio":5208.64,"destacado":false,"descripcion":"","imagen":"assets/products/CA-694105219909.webp","tags":["gorro","cowboy","glitter","verde","mm199"]},{"id":"CA-691324549416","nombre":"GORRO COWBOY LENTEJUELAS CON HILO LED x1 9416A","categoria":"Carnaval Carioca","subcategoria":"Linea Luminosa","precio":11261.25,"destacado":false,"descripcion":"* (19/12/2025)","imagen":"assets/products/CA-691324549416.webp","tags":["gorro","cowboy","lentejuelas","con","hilo","led","9416a"]},{"id":"CA-000000058513","nombre":"GORRO COWBOY METALIZADO DORADO CON LUZ x1 B.P","categoria":"Carnaval Carioca","subcategoria":"Gorros/Galeras/Capelinas/Coronas Y Turbantes","precio":6630.0,"destacado":false,"descripcion":"","imagen":"assets/products/CA-000000058513.webp","tags":["gorro","cowboy","metalizado","dorado","con","luz"]},{"id":"CA-202569920982","nombre":"GORRO COWBOY METALIZADO DORADO x1 DC982-02","categoria":"Carnaval Carioca","subcategoria":"Gorros/Galeras/Capelinas/Coronas Y Turbantes","precio":3642.98,"destacado":false,"descripcion":"","imagen":"assets/products/CA-202569920982.webp","tags":["gorro","cowboy","metalizado","dorado","dc982"]},{"id":"CA-000000058512","nombre":"GORRO COWBOY METALIZADO PLATA  CON LUZ x1 B.P","categoria":"Carnaval Carioca","subcategoria":"Gorros/Galeras/Capelinas/Coronas Y Turbantes","precio":6630.0,"destacado":false,"descripcion":"","imagen":"assets/products/CA-000000058512.webp","tags":["gorro","cowboy","metalizado","plata","con","luz"]},{"id":"CA-202569900982","nombre":"GORRO COWBOY METALIZADO PLATEADO x1 DC982-01","categoria":"Carnaval Carioca","subcategoria":"Gorros/Galeras/Capelinas/Coronas Y Turbantes","precio":3642.98,"destacado":false,"descripcion":"","imagen":"assets/products/CA-202569900982.webp","tags":["gorro","cowboy","metalizado","plateado","dc982"]},{"id":"CA-000000056049","nombre":"GORRO COWBOY MIS XV ROSA CON LUZ x1 B.P","categoria":"Carnaval Carioca","subcategoria":"Linea Luminosa","precio":10140.0,"destacado":false,"descripcion":"","imagen":"assets/products/CA-000000056049.webp","tags":["gorro","cowboy","mis","rosa","con","luz"]},{"id":"CA-693831816701","nombre":"GORRO COWBOY NARANJA LENTEJUELAS x1 MM167-01","categoria":"Carnaval Carioca","subcategoria":"Gorros/Galeras/Capelinas/Coronas Y Turbantes","precio":3964.59,"destacado":false,"descripcion":"","imagen":"assets/products/CA-693831816701.webp","tags":["gorro","cowboy","naranja","lentejuelas","mm167"]},{"id":"CA-541497891025","nombre":"GORRO COWBOY NEGRO  GUARDA STRASS x1 PA1025","categoria":"Carnaval Carioca","subcategoria":"Gorros/Galeras/Capelinas/Coronas Y Turbantes","precio":5265.0,"destacado":false,"descripcion":"","imagen":"assets/products/CA-541497891025.webp","tags":["gorro","cowboy","negro","guarda","strass","pa1025"]},{"id":"CA-541497891096","nombre":"GORRO COWBOY NEGRO CON APLIQUE  x1 PA1096","categoria":"Carnaval Carioca","subcategoria":"Gorros/Galeras/Capelinas/Coronas Y Turbantes","precio":8992.49,"destacado":false,"descripcion":"","imagen":"assets/products/CA-541497891096.webp","tags":["gorro","cowboy","negro","con","aplique","pa1096"]},{"id":"CA-541497881050","nombre":"GORRO COWBOY NEGRO CON HEBILLA  x1 PA1050-02","categoria":"Carnaval Carioca","subcategoria":"Gorros/Galeras/Capelinas/Coronas Y Turbantes","precio":6803.64,"destacado":false,"descripcion":"","imagen":"assets/products/CA-541497881050.webp","tags":["gorro","cowboy","negro","con","hebilla","pa1050"]},{"id":"CA-541497891115","nombre":"GORRO COWBOY NEGRO FLECOS CON STRASS x1 PA1115","categoria":"Carnaval Carioca","subcategoria":"Gorros/Galeras/Capelinas/Coronas Y Turbantes","precio":15926.52,"destacado":false,"descripcion":"","imagen":"assets/products/CA-541497891115.webp","tags":["gorro","cowboy","negro","flecos","con","strass","pa1115"]},{"id":"CA-000000058496","nombre":"GORRO COWBOY NEGRO GAMUZA ESTRELLA CON LENTEJUELAS CON LUZ x1 BP","categoria":"Carnaval Carioca","subcategoria":"Gorros/Galeras/Capelinas/Coronas Y Turbantes","precio":7423.0,"destacado":false,"descripcion":"","imagen":"assets/products/CA-000000058496.webp","tags":["gorro","cowboy","negro","gamuza","estrella","con","lentejuelas","con","luz"]},{"id":"CA-000000058498","nombre":"GORRO COWBOY NEGRO GUARDA STRASS CON LUZ x1 BP","categoria":"Carnaval Carioca","subcategoria":"Gorros/Galeras/Capelinas/Coronas Y Turbantes","precio":10205.0,"destacado":false,"descripcion":"","imagen":"assets/products/CA-000000058498.webp","tags":["gorro","cowboy","negro","guarda","strass","con","luz"]},{"id":"CA-541497001087","nombre":"GORRO COWBOY NEGRO TERCIOPELO LAZO STRASS x1 PA1087-01","categoria":"Carnaval Carioca","subcategoria":"Gorros/Galeras/Capelinas/Coronas Y Turbantes","precio":18738.48,"destacado":false,"descripcion":"","imagen":"assets/products/CA-541497001087.webp","tags":["gorro","cowboy","negro","terciopelo","lazo","strass","pa1087"]},{"id":"CA-541497101121","nombre":"GORRO COWBOY NEGRO TERCIOPELO TOMORROWLAND x1 PA1121-01","categoria":"Carnaval Carioca","subcategoria":"Gorros/Galeras/Capelinas/Coronas Y Turbantes","precio":12821.09,"destacado":false,"descripcion":"","imagen":"assets/products/CA-541497101121.webp","tags":["gorro","cowboy","negro","terciopelo","tomorrowland","pa1121"]},{"id":"CA-000000056047","nombre":"GORRO COWBOY NOVIA BLANCO CON LUZ x1 B.P","categoria":"Carnaval Carioca","subcategoria":"Bride","precio":10140.0,"destacado":false,"descripcion":"","imagen":"assets/products/CA-000000056047.webp","tags":["gorro","cowboy","novia","blanco","con","luz"]},{"id":"CA-000000056050","nombre":"GORRO COWBOY NOVIO NEGRO CON LUZ x1 B.P","categoria":"Carnaval Carioca","subcategoria":"Bride","precio":10140.0,"destacado":false,"descripcion":"","imagen":"assets/products/CA-000000056050.webp","tags":["gorro","cowboy","novio","negro","con","luz"]},{"id":"CA-000000053395","nombre":"GORRO COWBOY PLASTICO CON LED MULTICOLOR x1 0650","categoria":"Carnaval Carioca","subcategoria":"Linea Luminosa","precio":7024.32,"destacado":false,"descripcion":"","imagen":"assets/products/CA-000000053395.webp","tags":["gorro","cowboy","plastico","con","led","multicolor","0650"]},{"id":"CA-779813337298","nombre":"GORRO COWBOY PLASTICO FLUO MULTICOLOR x6 33FL","categoria":"Carnaval Carioca","subcategoria":"Gorros/Galeras/Capelinas/Coronas Y Turbantes","precio":9730.92,"destacado":false,"descripcion":"","imagen":"assets/products/CA-779813337298.webp","tags":["gorro","cowboy","plastico","fluo","multicolor","33fl"]},{"id":"CA-779813337339","nombre":"GORRO COWBOY PLASTICO MARRON x6","categoria":"Carnaval Carioca","subcategoria":"Gorros/Galeras/Capelinas/Coronas Y Turbantes","precio":8178.94,"destacado":false,"descripcion":"","imagen":"assets/products/CA-779813337339.webp","tags":["gorro","cowboy","plastico","marron"]},{"id":"CA-779813337340","nombre":"GORRO COWBOY PLASTICO NEGRO x6","categoria":"Carnaval Carioca","subcategoria":"Gorros/Galeras/Capelinas/Coronas Y Turbantes","precio":8178.94,"destacado":false,"descripcion":"","imagen":"assets/products/CA-779813337340.webp","tags":["gorro","cowboy","plastico","negro"]},{"id":"CA-202569900983","nombre":"GORRO COWBOY PLATEADO LENTEJUELAS x1 DC983-01","categoria":"Carnaval Carioca","subcategoria":"Gorros/Galeras/Capelinas/Coronas Y Turbantes","precio":3964.59,"destacado":false,"descripcion":"","imagen":"assets/products/CA-202569900983.webp","tags":["gorro","cowboy","plateado","lentejuelas","dc983"]},{"id":"CA-000000058495","nombre":"GORRO COWBOY ROSA GAMUZA ESTRELLA CON LENTEJUELAS CON LUZ x1 BP","categoria":"Carnaval Carioca","subcategoria":"Gorros/Galeras/Capelinas/Coronas Y Turbantes","precio":7423.0,"destacado":false,"descripcion":"","imagen":"assets/products/CA-000000058495.webp","tags":["gorro","cowboy","rosa","gamuza","estrella","con","lentejuelas","con","luz"]},{"id":"CA-541497001077","nombre":"GORRO COWBOY SIMIL CUERO PREMIUM x1 PA1077","categoria":"Carnaval Carioca","subcategoria":"Gorros/Galeras/Capelinas/Coronas Y Turbantes","precio":6558.5,"destacado":false,"descripcion":"","imagen":"assets/products/CA-541497001077.webp","tags":["gorro","cowboy","simil","cuero","premium","pa1077"]},{"id":"CA-668247309226","nombre":"GORRO COWBOY TELA BRILLOSA CON LUZ x1 DG9226A","categoria":"Carnaval Carioca","subcategoria":"Gorros/Galeras/Capelinas/Coronas Y Turbantes","precio":5154.18,"destacado":false,"descripcion":"","imagen":"assets/products/CA-668247309226.webp","tags":["gorro","cowboy","tela","brillosa","con","luz","dg9226a"]},{"id":"CA-541497001082","nombre":"GORRO COWBOY TELA FLUO PREMIUN x1 PA1082","categoria":"Carnaval Carioca","subcategoria":"Gorros/Galeras/Capelinas/Coronas Y Turbantes","precio":3692.05,"destacado":false,"descripcion":"","imagen":"assets/products/CA-541497001082.webp","tags":["gorro","cowboy","tela","fluo","premiun","pa1082"]},{"id":"CA-541497001086","nombre":"GORRO COWBOY TERCIOPELO STRASS VARIOS COLORES x1 PA1086","categoria":"Carnaval Carioca","subcategoria":"Gorros/Galeras/Capelinas/Coronas Y Turbantes","precio":20908.22,"destacado":false,"descripcion":"","imagen":"assets/products/CA-541497001086.webp","tags":["gorro","cowboy","terciopelo","strass","varios","colores","pa1086"]},{"id":"CA-541497891092","nombre":"GORRO COWBOY TEXANO ANIMAL PRINT PREMIUM x1 PA1092","categoria":"Carnaval Carioca","subcategoria":"Gorros/Galeras/Capelinas/Coronas Y Turbantes","precio":8992.49,"destacado":false,"descripcion":"","imagen":"assets/products/CA-541497891092.webp","tags":["gorro","cowboy","texano","animal","print","premium","pa1092"]},{"id":"CA-541497891116","nombre":"GORRO COWBOY TEXANO ESPEJADO PLATA x1 PA1116-01","categoria":"Carnaval Carioca","subcategoria":"Gorros/Galeras/Capelinas/Coronas Y Turbantes","precio":7436.1,"destacado":false,"descripcion":"","imagen":"assets/products/CA-541497891116.webp","tags":["gorro","cowboy","texano","espejado","plata","pa1116"]},{"id":"CA-541497881052","nombre":"GORRO COWBOY TEXANO LISO PREMIUM x1 PA1052","categoria":"Carnaval Carioca","subcategoria":"Gorros/Galeras/Capelinas/Coronas Y Turbantes","precio":4323.31,"destacado":false,"descripcion":"","imagen":"assets/products/CA-541497881052.webp","tags":["gorro","cowboy","texano","liso","premium","pa1052"]},{"id":"CA-520555071421","nombre":"GORRO COWBOY TORNASOL BLANCO x1 W421-2","categoria":"Carnaval Carioca","subcategoria":"Total White","precio":3550.43,"destacado":false,"descripcion":"","imagen":"assets/products/CA-520555071421.webp","tags":["gorro","cowboy","tornasol","blanco","w421"]},{"id":"CA-679749900660","nombre":"GORRO COWBOY TORNASOL CON FLECOS (V.COLORES) x1 DA660","categoria":"Carnaval Carioca","subcategoria":"Gorros/Galeras/Capelinas/Coronas Y Turbantes","precio":7584.77,"destacado":false,"descripcion":"","imagen":"assets/products/CA-679749900660.webp","tags":["gorro","cowboy","tornasol","con","flecos","colores","da660"]},{"id":"CA-000000058262","nombre":"GORRO COWBOY TORNASOL CON GEMAS/STRASS Y PLUMA  x1","categoria":"Carnaval Carioca","subcategoria":"Gorros/Galeras/Capelinas/Coronas Y Turbantes","precio":9450.0,"destacado":false,"descripcion":"","imagen":"assets/products/CA-000000058262.webp","tags":["gorro","cowboy","tornasol","con","gemas","strass","pluma"]},{"id":"CA-202560001339","nombre":"GORRO COWBOY TORNASOL CON LED MULTICOLOR x1 FP1339","categoria":"Carnaval Carioca","subcategoria":"Gorros/Galeras/Capelinas/Coronas Y Turbantes","precio":7858.62,"destacado":false,"descripcion":"","imagen":"assets/products/CA-202560001339.webp","tags":["gorro","cowboy","tornasol","con","led","multicolor","fp1339"]},{"id":"CA-541497871117","nombre":"GORRO COWBOY TORNASOL FLECOS Y ESTRELLAS x1 PA1117","categoria":"Carnaval Carioca","subcategoria":"Gorros/Galeras/Capelinas/Coronas Y Turbantes","precio":10277.14,"destacado":false,"descripcion":"","imagen":"assets/products/CA-541497871117.webp","tags":["gorro","cowboy","tornasol","flecos","estrellas","pa1117"]},{"id":"CA-520555072421","nombre":"GORRO COWBOY TORNASOL FUCSIA x1 W421-3","categoria":"Carnaval Carioca","subcategoria":"Gorros/Galeras/Capelinas/Coronas Y Turbantes","precio":3550.43,"destacado":false,"descripcion":"","imagen":"assets/products/CA-520555072421.webp","tags":["gorro","cowboy","tornasol","fucsia","w421"]},{"id":"CA-520555070421","nombre":"GORRO COWBOY TORNASOL LILA x1 W421-7","categoria":"Carnaval Carioca","subcategoria":"Gorros/Galeras/Capelinas/Coronas Y Turbantes","precio":3550.43,"destacado":false,"descripcion":"","imagen":"assets/products/CA-520555070421.webp","tags":["gorro","cowboy","tornasol","lila","w421"]},{"id":"CA-520555079421","nombre":"GORRO COWBOY TORNASOL TURQUESA x1 W421-4","categoria":"Carnaval Carioca","subcategoria":"Gorros/Galeras/Capelinas/Coronas Y Turbantes","precio":3550.43,"destacado":false,"descripcion":"","imagen":"assets/products/CA-520555079421.webp","tags":["gorro","cowboy","tornasol","turquesa","w421"]},{"id":"CA-541497001029","nombre":"GORRO FLAMENCO VARIOS COLORES x1 PA1029-01-02-03-04","categoria":"Carnaval Carioca","subcategoria":"Gorros/Galeras/Capelinas/Coronas Y Turbantes","precio":3952.75,"destacado":false,"descripcion":"","imagen":"assets/products/CA-541497001029.webp","tags":["gorro","flamenco","varios","colores","pa1029"]},{"id":"CA-000000054806","nombre":"GORRO FUNYI BLANCO CON FLORES Y PLUMAS x1(varios colores)","categoria":"Carnaval Carioca","subcategoria":"Gorros/Galeras/Capelinas/Coronas Y Turbantes","precio":4781.7,"destacado":false,"descripcion":"","imagen":"assets/products/CA-000000054806.webp","tags":["gorro","funyi","blanco","con","flores","plumas","varios","colores"]}]}