{"category_slug":"carnaval_carioca","subcategory_slug":"","page":24,"page_size":48,"total":1218,"items":[{"id":"CA-000000056977","nombre":"VINCHA KITTY CON FLORES x1u LM","categoria":"Carnaval Carioca","subcategoria":"Vinchas/Capas","precio":2079.0,"destacado":false,"descripcion":"","imagen":"assets/products/CA-000000056977.webp","tags":["vincha","kitty","con","flores","x1u"]},{"id":"CA-000000056978","nombre":"VINCHA KUROMI CON FLORES x1u LM","categoria":"Carnaval Carioca","subcategoria":"Vinchas/Capas","precio":2079.0,"destacado":false,"descripcion":"","imagen":"assets/products/CA-000000056978.webp","tags":["vincha","kuromi","con","flores","x1u"]},{"id":"CA-000000057429","nombre":"VINCHA LABUBU CON FLORES x1u LM (v.colores)","categoria":"Carnaval Carioca","subcategoria":"Vinchas/Capas","precio":2079.0,"destacado":false,"descripcion":"","imagen":"assets/products/CA-000000057429.webp","tags":["vincha","labubu","con","flores","x1u","colores"]},{"id":"CA-200888300000","nombre":"VINCHA LISA FLUO x12","categoria":"Carnaval Carioca","subcategoria":"Vinchas/Capas","precio":1487.7,"destacado":false,"descripcion":"","imagen":"assets/products/CA-200888300000.webp","tags":["vincha","lisa","fluo","x12"]},{"id":"CA-000000057026","nombre":"VINCHA MARIPOSAS CON BRILLO x1 (Varios Colores)","categoria":"Carnaval Carioca","subcategoria":"Vinchas/Capas","precio":2570.4,"destacado":false,"descripcion":"","imagen":"assets/products/CA-000000057026.webp","tags":["vincha","mariposas","con","brillo","varios","colores"]},{"id":"CA-000000054649","nombre":"VINCHA METAL CON PERLAS x6 PA993","categoria":"Carnaval Carioca","subcategoria":"Total White","precio":3920.0,"destacado":false,"descripcion":"","imagen":"assets/products/CA-000000054649.webp","tags":["vincha","metal","con","perlas","pa993"]},{"id":"CA-202560000783","nombre":"VINCHA MIEMBRO CON BRILLO X6 FP0783","categoria":"Carnaval Carioca","subcategoria":"Vinchas/Capas","precio":6795.81,"destacado":false,"descripcion":"","imagen":"assets/products/CA-202560000783.webp","tags":["vincha","miembro","con","brillo","fp0783"]},{"id":"CA-779812557482","nombre":"VINCHA MIEMBRO SEXY x 6","categoria":"Carnaval Carioca","subcategoria":"Despedida De Solteros","precio":2859.02,"destacado":false,"descripcion":"","imagen":"assets/products/CA-779812557482.webp","tags":["vincha","miembro","sexy"]},{"id":"CA-000000056970","nombre":"VINCHA MOANA CON FLORES x1u. LM (varios colores)","categoria":"Carnaval Carioca","subcategoria":"Vinchas/Capas","precio":1782.0,"destacado":false,"descripcion":"","imagen":"assets/products/CA-000000056970.webp","tags":["vincha","moana","con","flores","x1u","varios","colores"]},{"id":"CA-690202407198","nombre":"VINCHA MOÑO CON LUZ x1 MQ15-13","categoria":"Carnaval Carioca","subcategoria":"Linea Luminosa","precio":937.44,"destacado":false,"descripcion":"","imagen":"assets/products/CA-690202407198.webp","tags":["vincha","moño","con","luz","mq15"]},{"id":"CA-000000057897","nombre":"VINCHA NEGRA CON LUZ x6","categoria":"Carnaval Carioca","subcategoria":"Vinchas/Capas","precio":5022.0,"destacado":false,"descripcion":"","imagen":"assets/products/CA-000000057897.webp","tags":["vincha","negra","con","luz"]},{"id":"CA-000000051408","nombre":"VINCHA NOVIA  ROSAS BRILLO Y PERLAS x1","categoria":"Carnaval Carioca","subcategoria":"Bride","precio":3564.0,"destacado":false,"descripcion":"","imagen":"assets/products/CA-000000051408.webp","tags":["vincha","novia","rosas","brillo","perlas"]},{"id":"CA-000000056021","nombre":"VINCHA NOVIA BRILLO Y PERLAS x1","categoria":"Carnaval Carioca","subcategoria":"Bride","precio":2614.77,"destacado":false,"descripcion":"","imagen":"assets/products/CA-000000056021.webp","tags":["vincha","novia","brillo","perlas"]},{"id":"CA-000000057557","nombre":"VINCHA NOVIA FLOR FRESIAS CON PERLAS x1u. LM","categoria":"Carnaval Carioca","subcategoria":"Bride","precio":2079.0,"destacado":false,"descripcion":"","imagen":"assets/products/CA-000000057557.webp","tags":["vincha","novia","flor","fresias","con","perlas","x1u"]},{"id":"CA-000000054278","nombre":"VINCHA NOVIA PLUMA FLORES Y STRASS  x1","categoria":"Carnaval Carioca","subcategoria":"Bride","precio":4680.0,"destacado":false,"descripcion":"* (11/12/2025)","imagen":"assets/products/CA-000000054278.webp","tags":["vincha","novia","pluma","flores","strass"]},{"id":"CA-654256872616","nombre":"VINCHA OREJA CONEJA PELUCHE CON LUZ  x1  FJ2616","categoria":"Carnaval Carioca","subcategoria":"Linea Luminosa","precio":1482.36,"destacado":false,"descripcion":"","imagen":"assets/products/CA-654256872616.webp","tags":["vincha","oreja","coneja","peluche","con","luz","fj2616"]},{"id":"CA-541497890064","nombre":"VINCHA OREJA CONEJA TELA RASO (v.colores) x1 PA0064","categoria":"Carnaval Carioca","subcategoria":"Vinchas/Capas","precio":1985.45,"destacado":false,"descripcion":"","imagen":"assets/products/CA-541497890064.webp","tags":["vincha","oreja","coneja","tela","raso","colores","pa0064"]},{"id":"CA-779514000378","nombre":"VINCHA OREJA RATON NEON x1 ZB002","categoria":"Carnaval Carioca","subcategoria":"Linea Luminosa","precio":657.27,"destacado":false,"descripcion":"","imagen":"assets/products/CA-779514000378.webp","tags":["vincha","oreja","raton","neon","zb002"]},{"id":"CA-779812557517","nombre":"VINCHA PELOTITA ARGENTINA x6 517","categoria":"Carnaval Carioca","subcategoria":"Vinchas/Capas","precio":2620.73,"destacado":false,"descripcion":"","imagen":"assets/products/CA-779812557517.webp","tags":["vincha","pelotita","argentina","517"]},{"id":"CA-690202405244","nombre":"VINCHA PELOTITAS VARIOS COLORES CON LUZ x1 MQ15-24","categoria":"Carnaval Carioca","subcategoria":"Vinchas/Capas","precio":1390.2,"destacado":false,"descripcion":"","imagen":"assets/products/CA-690202405244.webp","tags":["vincha","pelotitas","varios","colores","con","luz","mq15"]},{"id":"CA-920755701115","nombre":"VINCHA PELUCA BANDERA ARGENTINA x1 CP115","categoria":"Carnaval Carioca","subcategoria":"Antifaces/Pelucas","precio":2221.52,"destacado":false,"descripcion":"","imagen":"assets/products/CA-920755701115.webp","tags":["vincha","peluca","bandera","argentina","cp115"]},{"id":"CA-920755701126","nombre":"VINCHA PELUCA DEGRADE ARGENTINA x1 CP126","categoria":"Carnaval Carioca","subcategoria":"Antifaces/Pelucas","precio":2221.52,"destacado":false,"descripcion":"","imagen":"assets/products/CA-920755701126.webp","tags":["vincha","peluca","degrade","argentina","cp126"]},{"id":"CA-920755701125","nombre":"VINCHA PELUCA RULOS ARGENTINA x1 CP125","categoria":"Carnaval Carioca","subcategoria":"Antifaces/Pelucas","precio":1987.19,"destacado":false,"descripcion":"","imagen":"assets/products/CA-920755701125.webp","tags":["vincha","peluca","rulos","argentina","cp125"]},{"id":"CA-202560000261","nombre":"VINCHA PICOS TORNASOL CON FLECOS Y LUZ  x1 FP0261","categoria":"Carnaval Carioca","subcategoria":"Linea Luminosa","precio":3470.67,"destacado":false,"descripcion":"","imagen":"assets/products/CA-202560000261.webp","tags":["vincha","picos","tornasol","con","flecos","luz","fp0261"]},{"id":"CA-695024110245","nombre":"VINCHA PICOS TORNASOL CON FLECOS Y LUZ x1 U2411-245","categoria":"Carnaval Carioca","subcategoria":"Linea Luminosa","precio":6142.5,"destacado":false,"descripcion":"","imagen":"assets/products/CA-695024110245.webp","tags":["vincha","picos","tornasol","con","flecos","luz","u2411","245"]},{"id":"CA-659154181651","nombre":"VINCHA PIZARRA CON BOLIGRAFO x1  DA7150","categoria":"Carnaval Carioca","subcategoria":"Vinchas/Capas","precio":901.07,"destacado":false,"descripcion":"","imagen":"assets/products/CA-659154181651.webp","tags":["vincha","pizarra","con","boligrafo","da7150"]},{"id":"CA-200898400000","nombre":"VINCHA PLASTICA BLANCA x12","categoria":"Carnaval Carioca","subcategoria":"Vinchas/Capas","precio":1548.4,"destacado":false,"descripcion":"","imagen":"assets/products/CA-200898400000.webp","tags":["vincha","plastica","blanca","x12"]},{"id":"CA-202560000206","nombre":"VINCHA PLASTICA BRIDE PLATA x12 FP0206-01","categoria":"Carnaval Carioca","subcategoria":"Bride","precio":8308.44,"destacado":false,"descripcion":"","imagen":"assets/products/CA-202560000206.webp","tags":["vincha","plastica","bride","plata","x12","fp0206"]},{"id":"CA-691566411111","nombre":"VINCHA PLASTICA BRIDE PLATA x12 MM11-11P","categoria":"Carnaval Carioca","subcategoria":"Bride","precio":10812.45,"destacado":false,"descripcion":"","imagen":"assets/products/CA-691566411111.webp","tags":["vincha","plastica","bride","plata","x12","mm11","11p"]},{"id":"CA-691566461113","nombre":"VINCHA PLASTICA BRIDE TO BE PLATA x12 MM11-13P","categoria":"Carnaval Carioca","subcategoria":"Bride","precio":9732.02,"destacado":false,"descripcion":"","imagen":"assets/products/CA-691566461113.webp","tags":["vincha","plastica","bride","plata","x12","mm11","13p"]},{"id":"CA-237187605002","nombre":"VINCHA PLASTICA CHAMPAÑA x6 5002","categoria":"Carnaval Carioca","subcategoria":"Vinchas/Capas","precio":4777.38,"destacado":false,"descripcion":"","imagen":"assets/products/CA-237187605002.webp","tags":["vincha","plastica","champaña","5002"]},{"id":"CA-237187605000","nombre":"VINCHA PLASTICA CHOPP BIRRA x6 5000","categoria":"Carnaval Carioca","subcategoria":"Vinchas/Capas","precio":3983.74,"destacado":false,"descripcion":"","imagen":"assets/products/CA-237187605000.webp","tags":["vincha","plastica","chopp","birra","5000"]},{"id":"CA-000000035056","nombre":"VINCHA PLASTICA CONEJITA COLORES SURTIDOS x6 712/14","categoria":"Carnaval Carioca","subcategoria":"Vinchas/Capas","precio":1417.5,"destacado":false,"descripcion":"","imagen":"assets/products/CA-000000035056.webp","tags":["vincha","plastica","conejita","colores","surtidos","712"]},{"id":"CA-803410700162","nombre":"VINCHA PLASTICA CORONA CON LUZ x12 YJ0287","categoria":"Carnaval Carioca","subcategoria":"Linea Luminosa","precio":12393.0,"destacado":false,"descripcion":"","imagen":"assets/products/CA-803410700162.webp","tags":["vincha","plastica","corona","con","luz","x12","yj0287"]},{"id":"CA-000000035055","nombre":"VINCHA PLASTICA CORONITA COLORES SURTIDOS x6 716/14","categoria":"Carnaval Carioca","subcategoria":"Vinchas/Capas","precio":1417.5,"destacado":false,"descripcion":"","imagen":"assets/products/CA-000000035055.webp","tags":["vincha","plastica","coronita","colores","surtidos","716"]},{"id":"CA-202562000736","nombre":"VINCHA PLASTICA FELIZ CUMPLEAÑOS DORADO x12 FP0736-02","categoria":"Carnaval Carioca","subcategoria":"Vinchas/Capas","precio":9313.92,"destacado":false,"descripcion":"","imagen":"assets/products/CA-202562000736.webp","tags":["vincha","plastica","feliz","cumpleaños","dorado","x12","fp0736"]},{"id":"CA-202560000736","nombre":"VINCHA PLASTICA FELIZ CUMPLEAÑOS PLATA x12 FP0736-01","categoria":"Carnaval Carioca","subcategoria":"Vinchas/Capas","precio":9313.92,"destacado":false,"descripcion":"","imagen":"assets/products/CA-202560000736.webp","tags":["vincha","plastica","feliz","cumpleaños","plata","x12","fp0736"]},{"id":"CA-202563000736","nombre":"VINCHA PLASTICA FELIZ CUMPLEAÑOS ROSA GOLD x12 FP0736-03","categoria":"Carnaval Carioca","subcategoria":"Vinchas/Capas","precio":9313.92,"destacado":false,"descripcion":"","imagen":"assets/products/CA-202563000736.webp","tags":["vincha","plastica","feliz","cumpleaños","rosa","gold","x12","fp0736"]},{"id":"CA-072530547269","nombre":"VINCHA PLASTICA FLUO CARITAS SMILEY  x4u.","categoria":"Carnaval Carioca","subcategoria":"Vinchas/Capas","precio":931.5,"destacado":false,"descripcion":"","imagen":"assets/products/CA-072530547269.webp","tags":["vincha","plastica","fluo","caritas","smiley","x4u"]},{"id":"CA-072530547279","nombre":"VINCHA PLASTICA FLUO CHOPP DE CERVEZA  x4u.","categoria":"Carnaval Carioca","subcategoria":"Vinchas/Capas","precio":931.5,"destacado":false,"descripcion":"","imagen":"assets/products/CA-072530547279.webp","tags":["vincha","plastica","fluo","chopp","cerveza","x4u"]},{"id":"CA-072530547268","nombre":"VINCHA PLASTICA FLUO CON ESTRELLAS  x4u.","categoria":"Carnaval Carioca","subcategoria":"Vinchas/Capas","precio":931.5,"destacado":false,"descripcion":"","imagen":"assets/products/CA-072530547268.webp","tags":["vincha","plastica","fluo","con","estrellas","x4u"]},{"id":"CA-072530547267","nombre":"VINCHA PLASTICA FLUO CORAZON CHICA  x4u.","categoria":"Carnaval Carioca","subcategoria":"Vinchas/Capas","precio":931.5,"destacado":false,"descripcion":"","imagen":"assets/products/CA-072530547267.webp","tags":["vincha","plastica","fluo","corazon","chica","x4u"]},{"id":"CA-072530547273","nombre":"VINCHA PLASTICA FLUO FLOR MARGARITA  x4u.","categoria":"Carnaval Carioca","subcategoria":"Vinchas/Capas","precio":931.5,"destacado":false,"descripcion":"","imagen":"assets/products/CA-072530547273.webp","tags":["vincha","plastica","fluo","flor","margarita","x4u"]},{"id":"CA-072530547280","nombre":"VINCHA PLASTICA FLUO FUEGOS ROJOS  x4u.","categoria":"Carnaval Carioca","subcategoria":"Vinchas/Capas","precio":931.5,"destacado":false,"descripcion":"","imagen":"assets/products/CA-072530547280.webp","tags":["vincha","plastica","fluo","fuegos","rojos","x4u"]},{"id":"CA-072530547276","nombre":"VINCHA PLASTICA FLUO HOT x4u","categoria":"Carnaval Carioca","subcategoria":"Vinchas/Capas","precio":931.5,"destacado":false,"descripcion":"","imagen":"assets/products/CA-072530547276.webp","tags":["vincha","plastica","fluo","hot","x4u"]},{"id":"CA-072530547277","nombre":"VINCHA PLASTICA FLUO LOVE  x4u.","categoria":"Carnaval Carioca","subcategoria":"Vinchas/Capas","precio":931.5,"destacado":false,"descripcion":"","imagen":"assets/products/CA-072530547277.webp","tags":["vincha","plastica","fluo","love","x4u"]},{"id":"CA-072530547270","nombre":"VINCHA PLASTICA FLUO MANITOS  x4u.","categoria":"Carnaval Carioca","subcategoria":"Vinchas/Capas","precio":931.5,"destacado":false,"descripcion":"","imagen":"assets/products/CA-072530547270.webp","tags":["vincha","plastica","fluo","manitos","x4u"]},{"id":"CA-072530547274","nombre":"VINCHA PLASTICA FLUO MARIPOSA  x4u.","categoria":"Carnaval Carioca","subcategoria":"Vinchas/Capas","precio":931.5,"destacado":false,"descripcion":"","imagen":"assets/products/CA-072530547274.webp","tags":["vincha","plastica","fluo","mariposa","x4u"]}]}