{"category_slug":"comunion_confirmacion","subcategory_slug":"linea_comunion_c_o","page":1,"page_size":48,"total":3,"items":[{"id":"CA-779842285170","nombre":"PLATO CUADRADO COMUNION x8u. C.O","categoria":"Comunion/Confirmacion","subcategoria":"Linea Comunion/ C.O","precio":1236.5,"destacado":false,"descripcion":"","imagen":"assets/products/CA-779842285170.webp","tags":["plato","cuadrado","comunion","x8u"]},{"id":"CA-779842285168","nombre":"SERVILLETA COMUNION x20u. C.O","categoria":"Comunion/Confirmacion","subcategoria":"Linea Comunion/ C.O","precio":1192.3,"destacado":false,"descripcion":"","imagen":"assets/products/CA-779842285168.webp","tags":["servilleta","comunion","x20u"]},{"id":"CA-779842285171","nombre":"VASO POLIPAPEL COMUNION 240cc x8 C.O","categoria":"Comunion/Confirmacion","subcategoria":"Linea Comunion/ C.O","precio":1217.71,"destacado":false,"descripcion":"","imagen":"assets/products/CA-779842285171.webp","tags":["vaso","polipapel","comunion","240cc"]}]}