{"category_slug":"adornos_y_complementos_para_torta","subcategory_slug":"adornos_pinches_y_apliques_toda_ocasion","page":4,"page_size":48,"total":224,"items":[{"id":"CA-000000055918","nombre":"PINCHE FIBROFACIL FELIZ DIA PAPA DORADO x1","categoria":"Adornos Y Complementos Para Torta","subcategoria":"Adornos, Pinches Y Apliques Toda Ocasion","precio":1147.5,"destacado":false,"descripcion":"","imagen":"assets/products/CA-000000055918.webp","tags":["pinche","fibrofacil","feliz","dia","papa","dorado"]},{"id":"CA-000000052408","nombre":"PINCHE FIBROFACIL FRASE DORADA 30 Y PICO x1 ART 215","categoria":"Adornos Y Complementos Para Torta","subcategoria":"Adornos, Pinches Y Apliques Toda Ocasion","precio":1147.5,"destacado":false,"descripcion":"","imagen":"assets/products/CA-000000052408.webp","tags":["pinche","fibrofacil","frase","dorada","pico","art","215"]},{"id":"CA-000000051965","nombre":"PINCHE FIBROFACIL FRASE DORADA 40 Y PICO x1 ART 217","categoria":"Adornos Y Complementos Para Torta","subcategoria":"Adornos, Pinches Y Apliques Toda Ocasion","precio":1147.5,"destacado":false,"descripcion":"","imagen":"assets/products/CA-000000051965.webp","tags":["pinche","fibrofacil","frase","dorada","pico","art","217"]},{"id":"CA-000000051966","nombre":"PINCHE FIBROFACIL FRASE DORADA 50 Y PICO x1 ART 219","categoria":"Adornos Y Complementos Para Torta","subcategoria":"Adornos, Pinches Y Apliques Toda Ocasion","precio":1147.5,"destacado":false,"descripcion":"","imagen":"assets/products/CA-000000051966.webp","tags":["pinche","fibrofacil","frase","dorada","pico","art","219"]},{"id":"CA-000000051967","nombre":"PINCHE FIBROFACIL FRASE DORADA 60 Y PICO x1 ART 221","categoria":"Adornos Y Complementos Para Torta","subcategoria":"Adornos, Pinches Y Apliques Toda Ocasion","precio":1147.5,"destacado":false,"descripcion":"","imagen":"assets/products/CA-000000051967.webp","tags":["pinche","fibrofacil","frase","dorada","pico","art","221"]},{"id":"CA-000000052409","nombre":"PINCHE FIBROFACIL FRASE DORADA 70 Y PICO x1 ART 223","categoria":"Adornos Y Complementos Para Torta","subcategoria":"Adornos, Pinches Y Apliques Toda Ocasion","precio":1147.5,"destacado":false,"descripcion":"","imagen":"assets/products/CA-000000052409.webp","tags":["pinche","fibrofacil","frase","dorada","pico","art","223"]},{"id":"CA-000000052202","nombre":"PINCHE FIBROFACIL FRASE FELIZ CUMPLE DORADO TORNASOL x1","categoria":"Adornos Y Complementos Para Torta","subcategoria":"Adornos, Pinches Y Apliques Toda Ocasion","precio":1147.5,"destacado":false,"descripcion":"","imagen":"assets/products/CA-000000052202.webp","tags":["pinche","fibrofacil","frase","feliz","cumple","dorado","tornasol"]},{"id":"CA-000000052203","nombre":"PINCHE FIBROFACIL FRASE FELIZ CUMPLE PLATEADO TORNASOL x1","categoria":"Adornos Y Complementos Para Torta","subcategoria":"Adornos, Pinches Y Apliques Toda Ocasion","precio":1147.5,"destacado":false,"descripcion":"","imagen":"assets/products/CA-000000052203.webp","tags":["pinche","fibrofacil","frase","feliz","cumple","plateado","tornasol"]},{"id":"CA-000000049878","nombre":"PINCHE FIBROFACIL FRASE FELIZ CUMPLE. NEGRA x1 ART.297","categoria":"Adornos Y Complementos Para Torta","subcategoria":"Adornos, Pinches Y Apliques Toda Ocasion","precio":1147.5,"destacado":false,"descripcion":"","imagen":"assets/products/CA-000000049878.webp","tags":["pinche","fibrofacil","frase","feliz","cumple","negra","art","297"]},{"id":"CA-000000044953","nombre":"PINCHE FIBROFACIL FRASE FELIZ CUMPLEAÑOS ARCOIRIS x1","categoria":"Adornos Y Complementos Para Torta","subcategoria":"Adornos, Pinches Y Apliques Toda Ocasion","precio":1147.5,"destacado":false,"descripcion":"","imagen":"assets/products/CA-000000044953.webp","tags":["pinche","fibrofacil","frase","feliz","cumpleaños","arcoiris"]},{"id":"CA-000000042763","nombre":"PINCHE FIBROFACIL FRASE FELIZ CUMPLEAÑOS DORADA x1 ART.291","categoria":"Adornos Y Complementos Para Torta","subcategoria":"Adornos, Pinches Y Apliques Toda Ocasion","precio":1147.5,"destacado":false,"descripcion":"","imagen":"assets/products/CA-000000042763.webp","tags":["pinche","fibrofacil","frase","feliz","cumpleaños","dorada","art","291"]},{"id":"CA-000000042764","nombre":"PINCHE FIBROFACIL FRASE FELIZ CUMPLEAÑOS PLATEADA x1 ART.291","categoria":"Adornos Y Complementos Para Torta","subcategoria":"Adornos, Pinches Y Apliques Toda Ocasion","precio":1147.5,"destacado":false,"descripcion":"","imagen":"assets/products/CA-000000042764.webp","tags":["pinche","fibrofacil","frase","feliz","cumpleaños","plateada","art","291"]},{"id":"CA-000000050279","nombre":"PINCHE FIBROFACIL FRASE FELIZ DIA MAMA ROSA x1","categoria":"Adornos Y Complementos Para Torta","subcategoria":"Adornos, Pinches Y Apliques Toda Ocasion","precio":1147.5,"destacado":false,"descripcion":"","imagen":"assets/products/CA-000000050279.webp","tags":["pinche","fibrofacil","frase","feliz","dia","mama","rosa"]},{"id":"CA-000000049879","nombre":"PINCHE FIBROFACIL FRASE HAPPY BIRTHDAY DORADAx1 ART.298","categoria":"Adornos Y Complementos Para Torta","subcategoria":"Adornos, Pinches Y Apliques Toda Ocasion","precio":1147.5,"destacado":false,"descripcion":"","imagen":"assets/products/CA-000000049879.webp","tags":["pinche","fibrofacil","frase","happy","birthday","doradax1","art","298"]},{"id":"CA-000000043583","nombre":"PINCHE FIBROFACIL FRASE TE AMO ROJO x1","categoria":"Adornos Y Complementos Para Torta","subcategoria":"Adornos, Pinches Y Apliques Toda Ocasion","precio":1147.5,"destacado":false,"descripcion":"","imagen":"assets/products/CA-000000043583.webp","tags":["pinche","fibrofacil","frase","amo","rojo"]},{"id":"CA-000000044415","nombre":"PINCHE FIBROFACIL FRASE TE QUIERO MAMITA ROSA GOLD x1","categoria":"Adornos Y Complementos Para Torta","subcategoria":"Adornos, Pinches Y Apliques Toda Ocasion","precio":1147.5,"destacado":false,"descripcion":"","imagen":"assets/products/CA-000000044415.webp","tags":["pinche","fibrofacil","frase","quiero","mamita","rosa","gold"]},{"id":"CA-000000053318","nombre":"PINCHE FIBROFACIL MARIPOSA CHICA PLATEADA HOLOGRAFICA x1","categoria":"Adornos Y Complementos Para Torta","subcategoria":"Adornos, Pinches Y Apliques Toda Ocasion","precio":810.0,"destacado":false,"descripcion":"","imagen":"assets/products/CA-000000053318.webp","tags":["pinche","fibrofacil","mariposa","chica","plateada","holografica"]},{"id":"CA-000000055921","nombre":"PINCHE GOMA EVA CON BRILLO 3D FELIZ DIA DEL PADRE  x1","categoria":"Adornos Y Complementos Para Torta","subcategoria":"Adornos, Pinches Y Apliques Toda Ocasion","precio":1020.0,"destacado":false,"descripcion":"","imagen":"assets/products/CA-000000055921.webp","tags":["pinche","goma","eva","con","brillo","feliz","dia","del","padre"]},{"id":"CA-000000055920","nombre":"PINCHE GOMA EVA CON BRILLO 3D FELIZ DIA PAPA  x1","categoria":"Adornos Y Complementos Para Torta","subcategoria":"Adornos, Pinches Y Apliques Toda Ocasion","precio":1020.0,"destacado":false,"descripcion":"","imagen":"assets/products/CA-000000055920.webp","tags":["pinche","goma","eva","con","brillo","feliz","dia","papa"]},{"id":"CA-000000055922","nombre":"PINCHE GOMA EVA CON BRILLO 3D TE AMO PAPA  x1","categoria":"Adornos Y Complementos Para Torta","subcategoria":"Adornos, Pinches Y Apliques Toda Ocasion","precio":1020.0,"destacado":false,"descripcion":"","imagen":"assets/products/CA-000000055922.webp","tags":["pinche","goma","eva","con","brillo","amo","papa"]},{"id":"CA-000000047624","nombre":"PINCHE GOMA EVA CON BRILLO FRASE FELIZ CUMPLE DISNEY AZUL x3 UNIDADES ART.8","categoria":"Adornos Y Complementos Para Torta","subcategoria":"Adornos, Pinches Y Apliques Toda Ocasion","precio":1773.9,"destacado":false,"descripcion":"* (16/12/2025)","imagen":"assets/products/CA-000000047624.webp","tags":["pinche","goma","eva","con","brillo","frase","feliz","cumple","disney","azul","unidades","art"]},{"id":"CA-000000047625","nombre":"PINCHE GOMA EVA CON BRILLO FRASE FELIZ CUMPLE DISNEY CELESTE x3 UNIDADES ART.8","categoria":"Adornos Y Complementos Para Torta","subcategoria":"Adornos, Pinches Y Apliques Toda Ocasion","precio":1773.9,"destacado":false,"descripcion":"* (16/12/2025)","imagen":"assets/products/CA-000000047625.webp","tags":["pinche","goma","eva","con","brillo","frase","feliz","cumple","disney","celeste","unidades","art"]},{"id":"CA-000000047626","nombre":"PINCHE GOMA EVA CON BRILLO FRASE FELIZ CUMPLE DISNEY DORADO x3 UNIDADES ART.8","categoria":"Adornos Y Complementos Para Torta","subcategoria":"Adornos, Pinches Y Apliques Toda Ocasion","precio":1773.9,"destacado":false,"descripcion":"* (16/12/2025)","imagen":"assets/products/CA-000000047626.webp","tags":["pinche","goma","eva","con","brillo","frase","feliz","cumple","disney","dorado","unidades","art"]},{"id":"CA-000000047627","nombre":"PINCHE GOMA EVA CON BRILLO FRASE FELIZ CUMPLE DISNEY NARANJA x3 UNIDADES ART.8","categoria":"Adornos Y Complementos Para Torta","subcategoria":"Adornos, Pinches Y Apliques Toda Ocasion","precio":1773.9,"destacado":false,"descripcion":"* (16/12/2025)","imagen":"assets/products/CA-000000047627.webp","tags":["pinche","goma","eva","con","brillo","frase","feliz","cumple","disney","naranja","unidades","art"]},{"id":"CA-000000047628","nombre":"PINCHE GOMA EVA CON BRILLO FRASE FELIZ CUMPLE DISNEY PLATEADO x3 ART 8","categoria":"Adornos Y Complementos Para Torta","subcategoria":"Adornos, Pinches Y Apliques Toda Ocasion","precio":1773.9,"destacado":false,"descripcion":"* (16/12/2025)","imagen":"assets/products/CA-000000047628.webp","tags":["pinche","goma","eva","con","brillo","frase","feliz","cumple","disney","plateado","art"]},{"id":"CA-000000047629","nombre":"PINCHE GOMA EVA CON BRILLO FRASE FELIZ CUMPLE DISNEY ROJO x3 UNIDADES ART 8","categoria":"Adornos Y Complementos Para Torta","subcategoria":"Adornos, Pinches Y Apliques Toda Ocasion","precio":1773.9,"destacado":false,"descripcion":"* (16/12/2025)","imagen":"assets/products/CA-000000047629.webp","tags":["pinche","goma","eva","con","brillo","frase","feliz","cumple","disney","rojo","unidades","art"]},{"id":"CA-000000047630","nombre":"PINCHE GOMA EVA CON BRILLO FRASE FELIZ CUMPLE DISNEY ROSA x3 UNIDADES ART 8","categoria":"Adornos Y Complementos Para Torta","subcategoria":"Adornos, Pinches Y Apliques Toda Ocasion","precio":1773.9,"destacado":false,"descripcion":"* (16/12/2025)","imagen":"assets/products/CA-000000047630.webp","tags":["pinche","goma","eva","con","brillo","frase","feliz","cumple","disney","rosa","unidades","art"]},{"id":"CA-000000047631","nombre":"PINCHE GOMA EVA CON BRILLO FRASE FELIZ CUMPLE DISNEY VERDE AGUA x3 UNIDADES ART 8","categoria":"Adornos Y Complementos Para Torta","subcategoria":"Adornos, Pinches Y Apliques Toda Ocasion","precio":1773.9,"destacado":false,"descripcion":"* (16/12/2025)","imagen":"assets/products/CA-000000047631.webp","tags":["pinche","goma","eva","con","brillo","frase","feliz","cumple","disney","verde","agua","unidades"]},{"id":"CA-000000047632","nombre":"PINCHE GOMA EVA CON BRILLO FRASE FELIZ CUMPLE DISNEY VIOLETA x3 UNIDADES ART 8","categoria":"Adornos Y Complementos Para Torta","subcategoria":"Adornos, Pinches Y Apliques Toda Ocasion","precio":1773.9,"destacado":false,"descripcion":"* (16/12/2025)","imagen":"assets/products/CA-000000047632.webp","tags":["pinche","goma","eva","con","brillo","frase","feliz","cumple","disney","violeta","unidades","art"]},{"id":"CA-000000058027","nombre":"PINCHE ME JUBILE GRANDE x2u.(POMPI DU )","categoria":"Adornos Y Complementos Para Torta","subcategoria":"Adornos, Pinches Y Apliques Toda Ocasion","precio":2133.0,"destacado":false,"descripcion":"","imagen":"assets/products/CA-000000058027.webp","tags":["pinche","jubile","grande","x2u","pompi"]},{"id":"CA-779908804327","nombre":"PINCHE NUMERO ACRILICO CON STRASS DORADO N°0 X 1 PS ART.ACPRDC0","categoria":"Adornos Y Complementos Para Torta","subcategoria":"Adornos, Pinches Y Apliques Toda Ocasion","precio":767.2,"destacado":false,"descripcion":"","imagen":"assets/products/CA-779908804327.webp","tags":["pinche","numero","acrilico","con","strass","dorado","art","acprdc0"]},{"id":"CA-779908804329","nombre":"PINCHE NUMERO ACRILICO CON STRASS DORADO N°1 X 1 PS ART.ACPRDC1","categoria":"Adornos Y Complementos Para Torta","subcategoria":"Adornos, Pinches Y Apliques Toda Ocasion","precio":767.2,"destacado":false,"descripcion":"","imagen":"assets/products/CA-779908804329.webp","tags":["pinche","numero","acrilico","con","strass","dorado","art","acprdc1"]},{"id":"CA-779908804331","nombre":"PINCHE NUMERO ACRILICO CON STRASS DORADO N°2 X 1 PS ART.ACPRDC2","categoria":"Adornos Y Complementos Para Torta","subcategoria":"Adornos, Pinches Y Apliques Toda Ocasion","precio":767.2,"destacado":false,"descripcion":"","imagen":"assets/products/CA-779908804331.webp","tags":["pinche","numero","acrilico","con","strass","dorado","art","acprdc2"]},{"id":"CA-779908804333","nombre":"PINCHE NUMERO ACRILICO CON STRASS DORADO N°3 X 1 PS ART.ACPRDC3","categoria":"Adornos Y Complementos Para Torta","subcategoria":"Adornos, Pinches Y Apliques Toda Ocasion","precio":767.2,"destacado":false,"descripcion":"","imagen":"assets/products/CA-779908804333.webp","tags":["pinche","numero","acrilico","con","strass","dorado","art","acprdc3"]},{"id":"CA-779908804335","nombre":"PINCHE NUMERO ACRILICO CON STRASS DORADO N°4 X 1 PS ART.ACPRDC4","categoria":"Adornos Y Complementos Para Torta","subcategoria":"Adornos, Pinches Y Apliques Toda Ocasion","precio":767.2,"destacado":false,"descripcion":"","imagen":"assets/products/CA-779908804335.webp","tags":["pinche","numero","acrilico","con","strass","dorado","art","acprdc4"]},{"id":"CA-779908804337","nombre":"PINCHE NUMERO ACRILICO CON STRASS DORADO N°5 X 1 PS ART.ACPRDC5","categoria":"Adornos Y Complementos Para Torta","subcategoria":"Adornos, Pinches Y Apliques Toda Ocasion","precio":767.2,"destacado":false,"descripcion":"","imagen":"assets/products/CA-779908804337.webp","tags":["pinche","numero","acrilico","con","strass","dorado","art","acprdc5"]},{"id":"CA-779908804339","nombre":"PINCHE NUMERO ACRILICO CON STRASS DORADO N°6 X 1 PS ART.ACPRDC6","categoria":"Adornos Y Complementos Para Torta","subcategoria":"Adornos, Pinches Y Apliques Toda Ocasion","precio":767.2,"destacado":false,"descripcion":"","imagen":"assets/products/CA-779908804339.webp","tags":["pinche","numero","acrilico","con","strass","dorado","art","acprdc6"]},{"id":"CA-779908804341","nombre":"PINCHE NUMERO ACRILICO CON STRASS DORADO N°7 X 1 PS ART.ACPRDC7","categoria":"Adornos Y Complementos Para Torta","subcategoria":"Adornos, Pinches Y Apliques Toda Ocasion","precio":767.2,"destacado":false,"descripcion":"","imagen":"assets/products/CA-779908804341.webp","tags":["pinche","numero","acrilico","con","strass","dorado","art","acprdc7"]},{"id":"CA-779908804343","nombre":"PINCHE NUMERO ACRILICO CON STRASS DORADO N°8 X 1 PS ART.ACPRDC8","categoria":"Adornos Y Complementos Para Torta","subcategoria":"Adornos, Pinches Y Apliques Toda Ocasion","precio":767.2,"destacado":false,"descripcion":"","imagen":"assets/products/CA-779908804343.webp","tags":["pinche","numero","acrilico","con","strass","dorado","art","acprdc8"]},{"id":"CA-779908804345","nombre":"PINCHE NUMERO ACRILICO CON STRASS DORADO N°9 X 1 PS ART.ACPRDC9","categoria":"Adornos Y Complementos Para Torta","subcategoria":"Adornos, Pinches Y Apliques Toda Ocasion","precio":767.2,"destacado":false,"descripcion":"","imagen":"assets/products/CA-779908804345.webp","tags":["pinche","numero","acrilico","con","strass","dorado","art","acprdc9"]},{"id":"CA-000000041860","nombre":"PINCHE NUMERO GOMA EVA CON GIBRE MULTICOLOR Nº1 x6","categoria":"Adornos Y Complementos Para Torta","subcategoria":"Adornos, Pinches Y Apliques Toda Ocasion","precio":1296.0,"destacado":false,"descripcion":"","imagen":"assets/products/CA-000000041860.webp","tags":["pinche","numero","goma","eva","con","gibre","multicolor","nº1"]},{"id":"CA-000000041862","nombre":"PINCHE NUMERO GOMA EVA CON GIBRE MULTICOLOR Nº3 x6","categoria":"Adornos Y Complementos Para Torta","subcategoria":"Adornos, Pinches Y Apliques Toda Ocasion","precio":1296.0,"destacado":false,"descripcion":"","imagen":"assets/products/CA-000000041862.webp","tags":["pinche","numero","goma","eva","con","gibre","multicolor","nº3"]},{"id":"CA-000000041866","nombre":"PINCHE NUMERO GOMA EVA CON GIBRE MULTICOLOR Nº7 x6","categoria":"Adornos Y Complementos Para Torta","subcategoria":"Adornos, Pinches Y Apliques Toda Ocasion","precio":1296.0,"destacado":false,"descripcion":"","imagen":"assets/products/CA-000000041866.webp","tags":["pinche","numero","goma","eva","con","gibre","multicolor","nº7"]},{"id":"CA-000000041867","nombre":"PINCHE NUMERO GOMA EVA CON GIBRE MULTICOLOR Nº8 x6","categoria":"Adornos Y Complementos Para Torta","subcategoria":"Adornos, Pinches Y Apliques Toda Ocasion","precio":1296.0,"destacado":false,"descripcion":"","imagen":"assets/products/CA-000000041867.webp","tags":["pinche","numero","goma","eva","con","gibre","multicolor","nº8"]},{"id":"CA-000000049829","nombre":"PINCHE NUMEROTE DORADO FIBROFACIL 13cm. N°0 x1 UNIDAD","categoria":"Adornos Y Complementos Para Torta","subcategoria":"Adornos, Pinches Y Apliques Toda Ocasion","precio":729.0,"destacado":false,"descripcion":"","imagen":"assets/products/CA-000000049829.webp","tags":["pinche","numerote","dorado","fibrofacil","13cm","unidad"]},{"id":"CA-000000049828","nombre":"PINCHE NUMEROTE DORADO FIBROFACIL 13cm. N°1 x1 UNIDAD","categoria":"Adornos Y Complementos Para Torta","subcategoria":"Adornos, Pinches Y Apliques Toda Ocasion","precio":729.0,"destacado":false,"descripcion":"","imagen":"assets/products/CA-000000049828.webp","tags":["pinche","numerote","dorado","fibrofacil","13cm","unidad"]},{"id":"CA-000000049830","nombre":"PINCHE NUMEROTE DORADO FIBROFACIL 13cm. N°2 x1 UNIDAD","categoria":"Adornos Y Complementos Para Torta","subcategoria":"Adornos, Pinches Y Apliques Toda Ocasion","precio":729.0,"destacado":false,"descripcion":"","imagen":"assets/products/CA-000000049830.webp","tags":["pinche","numerote","dorado","fibrofacil","13cm","unidad"]},{"id":"CA-000000049831","nombre":"PINCHE NUMEROTE DORADO FIBROFACIL 13cm. N°3 x1 UNIDAD","categoria":"Adornos Y Complementos Para Torta","subcategoria":"Adornos, Pinches Y Apliques Toda Ocasion","precio":729.0,"destacado":false,"descripcion":"","imagen":"assets/products/CA-000000049831.webp","tags":["pinche","numerote","dorado","fibrofacil","13cm","unidad"]}]}