{"category_slug":"adornos_y_complementos_para_torta","subcategory_slug":"adornos_pinches_y_apliques_toda_ocasion","page":2,"page_size":48,"total":224,"items":[{"id":"CA-541497890416","nombre":"PINCHE ADORNO CORAZON BLANCO CON LUZ MULTICOLOR x1 PA0416","categoria":"Adornos Y Complementos Para Torta","subcategoria":"Adornos, Pinches Y Apliques Toda Ocasion","precio":1500.0,"destacado":false,"descripcion":"","imagen":"assets/products/CA-541497890416.webp","tags":["pinche","adorno","corazon","blanco","con","luz","multicolor","pa0416"]},{"id":"CA-541497890414","nombre":"PINCHE ADORNO CORAZON CON ESTRELLAS TORNASOL  x1 PA0414","categoria":"Adornos Y Complementos Para Torta","subcategoria":"Adornos, Pinches Y Apliques Toda Ocasion","precio":1500.0,"destacado":false,"descripcion":"","imagen":"assets/products/CA-541497890414.webp","tags":["pinche","adorno","corazon","con","estrellas","tornasol","pa0414"]},{"id":"CA-680202400110","nombre":"PINCHE ADORNO CORAZON POMPON CELESTE/ROSA x1 YW19-287B","categoria":"Adornos Y Complementos Para Torta","subcategoria":"Adornos, Pinches Y Apliques Toda Ocasion","precio":992.02,"destacado":false,"descripcion":"","imagen":"assets/products/CA-680202400110.webp","tags":["pinche","adorno","corazon","pompon","celeste","rosa","yw19","287b"]},{"id":"CA-541497890415","nombre":"PINCHE ADORNO ESTRELLA  CON ESTRELLAS TORNASOL  x1 PA0415","categoria":"Adornos Y Complementos Para Torta","subcategoria":"Adornos, Pinches Y Apliques Toda Ocasion","precio":1500.0,"destacado":false,"descripcion":"","imagen":"assets/products/CA-541497890415.webp","tags":["pinche","adorno","estrella","con","estrellas","tornasol","pa0415"]},{"id":"CA-541497890417","nombre":"PINCHE ADORNO ESTRELLA BLANCA CON LUZ MULTICOLOR x1 PA0417","categoria":"Adornos Y Complementos Para Torta","subcategoria":"Adornos, Pinches Y Apliques Toda Ocasion","precio":1500.0,"destacado":false,"descripcion":"","imagen":"assets/products/CA-541497890417.webp","tags":["pinche","adorno","estrella","blanca","con","luz","multicolor","pa0417"]},{"id":"CA-541497890411","nombre":"PINCHE ADORNO ESTRELLA COLOR CON LUZ  x1 PA0411","categoria":"Adornos Y Complementos Para Torta","subcategoria":"Adornos, Pinches Y Apliques Toda Ocasion","precio":1500.0,"destacado":false,"descripcion":"","imagen":"assets/products/CA-541497890411.webp","tags":["pinche","adorno","estrella","color","con","luz","pa0411"]},{"id":"CA-541497890378","nombre":"PINCHE ADORNO FELICIDADES GRADUADO  x1 PA0378","categoria":"Adornos Y Complementos Para Torta","subcategoria":"Adornos, Pinches Y Apliques Toda Ocasion","precio":1086.81,"destacado":false,"descripcion":"","imagen":"assets/products/CA-541497890378.webp","tags":["pinche","adorno","felicidades","graduado","pa0378"]},{"id":"CA-609819417378","nombre":"PINCHE ADORNO FELIZ CUMPLEAÑOS CELESTE PARTY TIME  x1 73789","categoria":"Adornos Y Complementos Para Torta","subcategoria":"Adornos, Pinches Y Apliques Toda Ocasion","precio":873.1,"destacado":false,"descripcion":"","imagen":"assets/products/CA-609819417378.webp","tags":["pinche","adorno","feliz","cumpleaños","celeste","party","time","73789"]},{"id":"CA-609819417376","nombre":"PINCHE ADORNO FELIZ CUMPLEAÑOS DORADO PARTY TIME  x1 73765","categoria":"Adornos Y Complementos Para Torta","subcategoria":"Adornos, Pinches Y Apliques Toda Ocasion","precio":873.1,"destacado":false,"descripcion":"","imagen":"assets/products/CA-609819417376.webp","tags":["pinche","adorno","feliz","cumpleaños","dorado","party","time","73765"]},{"id":"CA-000000055734","nombre":"PINCHE ADORNO FELIZ CUMPLEAÑOS ECONOMICO x12 ILC182","categoria":"Adornos Y Complementos Para Torta","subcategoria":"Adornos, Pinches Y Apliques Toda Ocasion","precio":3217.79,"destacado":false,"descripcion":"","imagen":"assets/products/CA-000000055734.webp","tags":["pinche","adorno","feliz","cumpleaños","economico","x12","ilc182"]},{"id":"CA-692135874112","nombre":"PINCHE ADORNO FELIZ CUMPLEAÑOS ESTRELLAS BRILLO DORADO/PLATEADO x1 L2","categoria":"Adornos Y Complementos Para Torta","subcategoria":"Adornos, Pinches Y Apliques Toda Ocasion","precio":1778.74,"destacado":false,"descripcion":"","imagen":"assets/products/CA-692135874112.webp","tags":["pinche","adorno","feliz","cumpleaños","estrellas","brillo","dorado","plateado"]},{"id":"CA-202304200004","nombre":"PINCHE ADORNO FELIZ CUMPLEAÑOS MARIPOSAS CON ARCO COLOR x10 Y340-0004","categoria":"Adornos Y Complementos Para Torta","subcategoria":"Adornos, Pinches Y Apliques Toda Ocasion","precio":6699.26,"destacado":false,"descripcion":"","imagen":"assets/products/CA-202304200004.webp","tags":["pinche","adorno","feliz","cumpleaños","mariposas","con","arco","color","x10","y340","0004"]},{"id":"CA-000000056809","nombre":"PINCHE ADORNO FELIZ CUMPLEAÑOS MARIPOSAS TORNASOL/BRILLO x1 Y340-10023","categoria":"Adornos Y Complementos Para Torta","subcategoria":"Adornos, Pinches Y Apliques Toda Ocasion","precio":913.54,"destacado":false,"descripcion":"","imagen":"assets/products/CA-000000056809.webp","tags":["pinche","adorno","feliz","cumpleaños","mariposas","tornasol","brillo","y340","10023"]},{"id":"CA-609819417375","nombre":"PINCHE ADORNO FELIZ CUMPLEAÑOS PLATA PARTY TIME  x1 73758","categoria":"Adornos Y Complementos Para Torta","subcategoria":"Adornos, Pinches Y Apliques Toda Ocasion","precio":873.1,"destacado":false,"descripcion":"","imagen":"assets/products/CA-609819417375.webp","tags":["pinche","adorno","feliz","cumpleaños","plata","party","time","73758"]},{"id":"CA-609819417379","nombre":"PINCHE ADORNO FELIZ CUMPLEAÑOS ROJO PARTY TIME  x1 73796","categoria":"Adornos Y Complementos Para Torta","subcategoria":"Adornos, Pinches Y Apliques Toda Ocasion","precio":873.1,"destacado":false,"descripcion":"","imagen":"assets/products/CA-609819417379.webp","tags":["pinche","adorno","feliz","cumpleaños","rojo","party","time","73796"]},{"id":"CA-609819417373","nombre":"PINCHE ADORNO FELIZ CUMPLEAÑOS ROSA GOLD PARTY TIME  x1 73734","categoria":"Adornos Y Complementos Para Torta","subcategoria":"Adornos, Pinches Y Apliques Toda Ocasion","precio":873.1,"destacado":false,"descripcion":"","imagen":"assets/products/CA-609819417373.webp","tags":["pinche","adorno","feliz","cumpleaños","rosa","gold","party","time","73734"]},{"id":"CA-609819417377","nombre":"PINCHE ADORNO FELIZ CUMPLEAÑOS ROSA PARTY TIME  x1 73772","categoria":"Adornos Y Complementos Para Torta","subcategoria":"Adornos, Pinches Y Apliques Toda Ocasion","precio":873.1,"destacado":false,"descripcion":"","imagen":"assets/products/CA-609819417377.webp","tags":["pinche","adorno","feliz","cumpleaños","rosa","party","time","73772"]},{"id":"CA-695478124607","nombre":"PINCHE ADORNO FELIZ CUMPLEAÑOS TORNASOL MARIPOSAS CON MOÑO x10 GY-607","categoria":"Adornos Y Complementos Para Torta","subcategoria":"Adornos, Pinches Y Apliques Toda Ocasion","precio":10334.35,"destacado":false,"descripcion":"","imagen":"assets/products/CA-695478124607.webp","tags":["pinche","adorno","feliz","cumpleaños","tornasol","mariposas","con","moño","x10","607"]},{"id":"CA-000000056578","nombre":"PINCHE ADORNO FELIZ CUMPLEAÑOS VARIOS MODELOS x20 219-01/1306","categoria":"Adornos Y Complementos Para Torta","subcategoria":"Adornos, Pinches Y Apliques Toda Ocasion","precio":8307.7,"destacado":false,"descripcion":"","imagen":"assets/products/CA-000000056578.webp","tags":["pinche","adorno","feliz","cumpleaños","varios","modelos","x20","219","1306"]},{"id":"CA-690241211289","nombre":"PINCHE ADORNO FELIZ CUMPLEAÑOS VARIOS MODELOS x20 GY-1289","categoria":"Adornos Y Complementos Para Torta","subcategoria":"Adornos, Pinches Y Apliques Toda Ocasion","precio":8075.16,"destacado":false,"descripcion":"","imagen":"assets/products/CA-690241211289.webp","tags":["pinche","adorno","feliz","cumpleaños","varios","modelos","x20","1289"]},{"id":"CA-541497890382","nombre":"PINCHE ADORNO MI GRADUACION  x1 PA0382","categoria":"Adornos Y Complementos Para Torta","subcategoria":"Adornos, Pinches Y Apliques Toda Ocasion","precio":1086.81,"destacado":false,"descripcion":"","imagen":"assets/products/CA-541497890382.webp","tags":["pinche","adorno","graduacion","pa0382"]},{"id":"CA-541497890379","nombre":"PINCHE ADORNO MI GRADUACION x1 PA0379","categoria":"Adornos Y Complementos Para Torta","subcategoria":"Adornos, Pinches Y Apliques Toda Ocasion","precio":1164.44,"destacado":false,"descripcion":"","imagen":"assets/products/CA-541497890379.webp","tags":["pinche","adorno","graduacion","pa0379"]},{"id":"CA-000000052766","nombre":"PINCHE ADORNO NUMERO 3D CON LUZ CELESTE N°0 CALUMI x1u.","categoria":"Adornos Y Complementos Para Torta","subcategoria":"Adornos, Pinches Y Apliques Toda Ocasion","precio":490.0,"destacado":false,"descripcion":"","imagen":"assets/products/CA-000000052766.webp","tags":["pinche","adorno","numero","con","luz","celeste","calumi","x1u"]},{"id":"CA-000000052768","nombre":"PINCHE ADORNO NUMERO 3D CON LUZ CELESTE N°2 CALUMI x1u.","categoria":"Adornos Y Complementos Para Torta","subcategoria":"Adornos, Pinches Y Apliques Toda Ocasion","precio":490.0,"destacado":false,"descripcion":"","imagen":"assets/products/CA-000000052768.webp","tags":["pinche","adorno","numero","con","luz","celeste","calumi","x1u"]},{"id":"CA-000000052769","nombre":"PINCHE ADORNO NUMERO 3D CON LUZ CELESTE N°3 CALUMI x1u.","categoria":"Adornos Y Complementos Para Torta","subcategoria":"Adornos, Pinches Y Apliques Toda Ocasion","precio":490.0,"destacado":false,"descripcion":"","imagen":"assets/products/CA-000000052769.webp","tags":["pinche","adorno","numero","con","luz","celeste","calumi","x1u"]},{"id":"CA-000000052770","nombre":"PINCHE ADORNO NUMERO 3D CON LUZ CELESTE N°4 CALUMI x1u.","categoria":"Adornos Y Complementos Para Torta","subcategoria":"Adornos, Pinches Y Apliques Toda Ocasion","precio":490.0,"destacado":false,"descripcion":"","imagen":"assets/products/CA-000000052770.webp","tags":["pinche","adorno","numero","con","luz","celeste","calumi","x1u"]},{"id":"CA-000000052771","nombre":"PINCHE ADORNO NUMERO 3D CON LUZ CELESTE N°5 CALUMI x1u.","categoria":"Adornos Y Complementos Para Torta","subcategoria":"Adornos, Pinches Y Apliques Toda Ocasion","precio":490.0,"destacado":false,"descripcion":"","imagen":"assets/products/CA-000000052771.webp","tags":["pinche","adorno","numero","con","luz","celeste","calumi","x1u"]},{"id":"CA-000000052772","nombre":"PINCHE ADORNO NUMERO 3D CON LUZ CELESTE N°6 CALUMI x1u.","categoria":"Adornos Y Complementos Para Torta","subcategoria":"Adornos, Pinches Y Apliques Toda Ocasion","precio":490.0,"destacado":false,"descripcion":"","imagen":"assets/products/CA-000000052772.webp","tags":["pinche","adorno","numero","con","luz","celeste","calumi","x1u"]},{"id":"CA-000000052773","nombre":"PINCHE ADORNO NUMERO 3D CON LUZ CELESTE N°7 CALUMI x1u.","categoria":"Adornos Y Complementos Para Torta","subcategoria":"Adornos, Pinches Y Apliques Toda Ocasion","precio":490.0,"destacado":false,"descripcion":"","imagen":"assets/products/CA-000000052773.webp","tags":["pinche","adorno","numero","con","luz","celeste","calumi","x1u"]},{"id":"CA-000000052774","nombre":"PINCHE ADORNO NUMERO 3D CON LUZ CELESTE N°8 CALUMI x1u.","categoria":"Adornos Y Complementos Para Torta","subcategoria":"Adornos, Pinches Y Apliques Toda Ocasion","precio":490.0,"destacado":false,"descripcion":"","imagen":"assets/products/CA-000000052774.webp","tags":["pinche","adorno","numero","con","luz","celeste","calumi","x1u"]},{"id":"CA-000000052775","nombre":"PINCHE ADORNO NUMERO 3D CON LUZ CELESTE N°9 CALUMI x1u.","categoria":"Adornos Y Complementos Para Torta","subcategoria":"Adornos, Pinches Y Apliques Toda Ocasion","precio":490.0,"destacado":false,"descripcion":"","imagen":"assets/products/CA-000000052775.webp","tags":["pinche","adorno","numero","con","luz","celeste","calumi","x1u"]},{"id":"CA-000000052776","nombre":"PINCHE ADORNO NUMERO 3D CON LUZ NEGRO N°0 CALUMI x1u.","categoria":"Adornos Y Complementos Para Torta","subcategoria":"Adornos, Pinches Y Apliques Toda Ocasion","precio":490.0,"destacado":false,"descripcion":"","imagen":"assets/products/CA-000000052776.webp","tags":["pinche","adorno","numero","con","luz","negro","calumi","x1u"]},{"id":"CA-000000052779","nombre":"PINCHE ADORNO NUMERO 3D CON LUZ NEGRO N°3 CALUMI x1u.","categoria":"Adornos Y Complementos Para Torta","subcategoria":"Adornos, Pinches Y Apliques Toda Ocasion","precio":490.0,"destacado":false,"descripcion":"","imagen":"assets/products/CA-000000052779.webp","tags":["pinche","adorno","numero","con","luz","negro","calumi","x1u"]},{"id":"CA-000000052780","nombre":"PINCHE ADORNO NUMERO 3D CON LUZ NEGRO N°4 CALUMI x1u.","categoria":"Adornos Y Complementos Para Torta","subcategoria":"Adornos, Pinches Y Apliques Toda Ocasion","precio":490.0,"destacado":false,"descripcion":"","imagen":"assets/products/CA-000000052780.webp","tags":["pinche","adorno","numero","con","luz","negro","calumi","x1u"]},{"id":"CA-000000052781","nombre":"PINCHE ADORNO NUMERO 3D CON LUZ NEGRO N°5 CALUMI x1u.","categoria":"Adornos Y Complementos Para Torta","subcategoria":"Adornos, Pinches Y Apliques Toda Ocasion","precio":490.0,"destacado":false,"descripcion":"","imagen":"assets/products/CA-000000052781.webp","tags":["pinche","adorno","numero","con","luz","negro","calumi","x1u"]},{"id":"CA-000000052782","nombre":"PINCHE ADORNO NUMERO 3D CON LUZ NEGRO N°6 CALUMI x1u.","categoria":"Adornos Y Complementos Para Torta","subcategoria":"Adornos, Pinches Y Apliques Toda Ocasion","precio":490.0,"destacado":false,"descripcion":"","imagen":"assets/products/CA-000000052782.webp","tags":["pinche","adorno","numero","con","luz","negro","calumi","x1u"]},{"id":"CA-000000052783","nombre":"PINCHE ADORNO NUMERO 3D CON LUZ NEGRO N°7 CALUMI x1u.","categoria":"Adornos Y Complementos Para Torta","subcategoria":"Adornos, Pinches Y Apliques Toda Ocasion","precio":490.0,"destacado":false,"descripcion":"","imagen":"assets/products/CA-000000052783.webp","tags":["pinche","adorno","numero","con","luz","negro","calumi","x1u"]},{"id":"CA-000000052784","nombre":"PINCHE ADORNO NUMERO 3D CON LUZ NEGRO N°8 CALUMI x1u.","categoria":"Adornos Y Complementos Para Torta","subcategoria":"Adornos, Pinches Y Apliques Toda Ocasion","precio":490.0,"destacado":false,"descripcion":"","imagen":"assets/products/CA-000000052784.webp","tags":["pinche","adorno","numero","con","luz","negro","calumi","x1u"]},{"id":"CA-000000052785","nombre":"PINCHE ADORNO NUMERO 3D CON LUZ NEGRO N°9 CALUMI x1u.","categoria":"Adornos Y Complementos Para Torta","subcategoria":"Adornos, Pinches Y Apliques Toda Ocasion","precio":490.0,"destacado":false,"descripcion":"","imagen":"assets/products/CA-000000052785.webp","tags":["pinche","adorno","numero","con","luz","negro","calumi","x1u"]},{"id":"CA-000000052756","nombre":"PINCHE ADORNO NUMERO 3D CON LUZ ROSA N°0 CALUMI x1u.","categoria":"Adornos Y Complementos Para Torta","subcategoria":"Adornos, Pinches Y Apliques Toda Ocasion","precio":490.0,"destacado":false,"descripcion":"","imagen":"assets/products/CA-000000052756.webp","tags":["pinche","adorno","numero","con","luz","rosa","calumi","x1u"]},{"id":"CA-000000052758","nombre":"PINCHE ADORNO NUMERO 3D CON LUZ ROSA N°2 CALUMI x1u.","categoria":"Adornos Y Complementos Para Torta","subcategoria":"Adornos, Pinches Y Apliques Toda Ocasion","precio":490.0,"destacado":false,"descripcion":"","imagen":"assets/products/CA-000000052758.webp","tags":["pinche","adorno","numero","con","luz","rosa","calumi","x1u"]},{"id":"CA-000000052759","nombre":"PINCHE ADORNO NUMERO 3D CON LUZ ROSA N°3 CALUMI x1u.","categoria":"Adornos Y Complementos Para Torta","subcategoria":"Adornos, Pinches Y Apliques Toda Ocasion","precio":490.0,"destacado":false,"descripcion":"","imagen":"assets/products/CA-000000052759.webp","tags":["pinche","adorno","numero","con","luz","rosa","calumi","x1u"]},{"id":"CA-000000052760","nombre":"PINCHE ADORNO NUMERO 3D CON LUZ ROSA N°4 CALUMI x1u.","categoria":"Adornos Y Complementos Para Torta","subcategoria":"Adornos, Pinches Y Apliques Toda Ocasion","precio":490.0,"destacado":false,"descripcion":"","imagen":"assets/products/CA-000000052760.webp","tags":["pinche","adorno","numero","con","luz","rosa","calumi","x1u"]},{"id":"CA-000000052761","nombre":"PINCHE ADORNO NUMERO 3D CON LUZ ROSA N°5 CALUMI x1u.","categoria":"Adornos Y Complementos Para Torta","subcategoria":"Adornos, Pinches Y Apliques Toda Ocasion","precio":490.0,"destacado":false,"descripcion":"","imagen":"assets/products/CA-000000052761.webp","tags":["pinche","adorno","numero","con","luz","rosa","calumi","x1u"]},{"id":"CA-000000052762","nombre":"PINCHE ADORNO NUMERO 3D CON LUZ ROSA N°6 CALUMI x1u.","categoria":"Adornos Y Complementos Para Torta","subcategoria":"Adornos, Pinches Y Apliques Toda Ocasion","precio":490.0,"destacado":false,"descripcion":"","imagen":"assets/products/CA-000000052762.webp","tags":["pinche","adorno","numero","con","luz","rosa","calumi","x1u"]},{"id":"CA-000000052763","nombre":"PINCHE ADORNO NUMERO 3D CON LUZ ROSA N°7 CALUMI x1u.","categoria":"Adornos Y Complementos Para Torta","subcategoria":"Adornos, Pinches Y Apliques Toda Ocasion","precio":490.0,"destacado":false,"descripcion":"","imagen":"assets/products/CA-000000052763.webp","tags":["pinche","adorno","numero","con","luz","rosa","calumi","x1u"]},{"id":"CA-000000052764","nombre":"PINCHE ADORNO NUMERO 3D CON LUZ ROSA N°8 CALUMI x1u.","categoria":"Adornos Y Complementos Para Torta","subcategoria":"Adornos, Pinches Y Apliques Toda Ocasion","precio":490.0,"destacado":false,"descripcion":"","imagen":"assets/products/CA-000000052764.webp","tags":["pinche","adorno","numero","con","luz","rosa","calumi","x1u"]},{"id":"CA-000000052765","nombre":"PINCHE ADORNO NUMERO 3D CON LUZ ROSA N°9 CALUMI x1u.","categoria":"Adornos Y Complementos Para Torta","subcategoria":"Adornos, Pinches Y Apliques Toda Ocasion","precio":490.0,"destacado":false,"descripcion":"","imagen":"assets/products/CA-000000052765.webp","tags":["pinche","adorno","numero","con","luz","rosa","calumi","x1u"]}]}