{"category_slug":"hogar_bazar","subcategory_slug":"antiadherente","page":1,"page_size":48,"total":65,"items":[{"id":"CA-779000010683","nombre":"ASADERA ANTIADHERENTE  34x24x6.5 cm x1 3644","categoria":"Hogar-Bazar","subcategoria":"Antiadherente","precio":6835.14,"destacado":false,"descripcion":"","imagen":"assets/products/CA-779000010683.webp","tags":["asadera","antiadherente","34x24x6","3644"]},{"id":"CA-779000010674","nombre":"ASADERA ANTIADHERENTE 33x27x6cm x1 DL3800","categoria":"Hogar-Bazar","subcategoria":"Antiadherente","precio":6151.93,"destacado":false,"descripcion":"","imagen":"assets/products/CA-779000010674.webp","tags":["asadera","antiadherente","33x27x6cm","dl3800"]},{"id":"CA-779000021205","nombre":"ASADERA ANTIADHERENTE COLOR 32x21x5cm x1 DL14920","categoria":"Hogar-Bazar","subcategoria":"Antiadherente","precio":11586.25,"destacado":false,"descripcion":"","imagen":"assets/products/CA-779000021205.webp","tags":["asadera","antiadherente","color","32x21x5cm","dl14920"]},{"id":"CA-779000021204","nombre":"ASADERA ANTIADHERENTE COLOR 39x25x5cm x1 DL14919","categoria":"Hogar-Bazar","subcategoria":"Antiadherente","precio":12632.75,"destacado":false,"descripcion":"","imagen":"assets/products/CA-779000021204.webp","tags":["asadera","antiadherente","color","39x25x5cm","dl14919"]},{"id":"CA-779000014792","nombre":"ASADERA ANTIADHERENTE CUADRADA 23x23x6 x1 DL3802","categoria":"Hogar-Bazar","subcategoria":"Antiadherente","precio":6357.49,"destacado":false,"descripcion":"","imagen":"assets/products/CA-779000014792.webp","tags":["asadera","antiadherente","cuadrada","23x23x6","dl3802"]},{"id":"CA-779000021206","nombre":"ASADERA ANTIADHERENTE CUADRADA COLOR 21x21x5cm x1 DL14921","categoria":"Hogar-Bazar","subcategoria":"Antiadherente","precio":9343.75,"destacado":false,"descripcion":"","imagen":"assets/products/CA-779000021206.webp","tags":["asadera","antiadherente","cuadrada","color","21x21x5cm","dl14921"]},{"id":"CA-779000025223","nombre":"ASADERA ANTIADHERENTE CUADRADA GRIS 21x21x5cm x1 CN18828","categoria":"Hogar-Bazar","subcategoria":"Antiadherente","precio":8983.0,"destacado":false,"descripcion":"","imagen":"assets/products/CA-779000025223.webp","tags":["asadera","antiadherente","cuadrada","gris","21x21x5cm","cn18828"]},{"id":"CA-779000025225","nombre":"ASADERA ANTIADHERENTE RECTANGULAR GRIS 32x21.5x4.5cm x1 CN18830","categoria":"Hogar-Bazar","subcategoria":"Antiadherente","precio":11225.5,"destacado":false,"descripcion":"","imagen":"assets/products/CA-779000025225.webp","tags":["asadera","antiadherente","rectangular","gris","32x21","5x4","5cm","cn18830"]},{"id":"CA-779000025226","nombre":"ASADERA ANTIADHERENTE RECTANGULAR GRIS 39x25.5x5cm x1 CN18831","categoria":"Hogar-Bazar","subcategoria":"Antiadherente","precio":12246.0,"destacado":false,"descripcion":"","imagen":"assets/products/CA-779000025226.webp","tags":["asadera","antiadherente","rectangular","gris","39x25","5x5cm","cn18831"]},{"id":"CA-779000021209","nombre":"ASADERA ANTIADHERENTE REDONDA COLOR 30x5cm x1 DL14924","categoria":"Hogar-Bazar","subcategoria":"Antiadherente","precio":9418.5,"destacado":false,"descripcion":"","imagen":"assets/products/CA-779000021209.webp","tags":["asadera","antiadherente","redonda","color","30x5cm","dl14924"]},{"id":"CA-779000025222","nombre":"ASADERA ANTIADHERENTE REDONDA GRIS 30x5cm x1 CN18827","categoria":"Hogar-Bazar","subcategoria":"Antiadherente","precio":8879.0,"destacado":false,"descripcion":"","imagen":"assets/products/CA-779000025222.webp","tags":["asadera","antiadherente","redonda","gris","30x5cm","cn18827"]},{"id":"CA-379000103003","nombre":"BUDIN ANTIADHERENTE (29x13x6cm) x1 103003","categoria":"Hogar-Bazar","subcategoria":"Antiadherente","precio":3392.55,"destacado":false,"descripcion":"","imagen":"assets/products/CA-379000103003.webp","tags":["budin","antiadherente","29x13x6cm","103003"]},{"id":"CA-379000103002","nombre":"BUDIN ANTIADHERENTE (32x13x6cm) x1 103002","categoria":"Hogar-Bazar","subcategoria":"Antiadherente","precio":3392.55,"destacado":false,"descripcion":"","imagen":"assets/products/CA-379000103002.webp","tags":["budin","antiadherente","32x13x6cm","103002"]},{"id":"CA-779000025162","nombre":"BUDINERA ANTIADHERENTE GRANITO 19.5x9.5x5.5CM CN17969","categoria":"Hogar-Bazar","subcategoria":"Antiadherente","precio":3880.5,"destacado":false,"descripcion":"","imagen":"assets/products/CA-779000025162.webp","tags":["budinera","antiadherente","granito","5x9","5x5","5cm","cn17969"]},{"id":"CA-779000025163","nombre":"BUDINERA ANTIADHERENTE GRANITO 23.5x9.5x5.5CM CN17970","categoria":"Hogar-Bazar","subcategoria":"Antiadherente","precio":4494.75,"destacado":false,"descripcion":"","imagen":"assets/products/CA-779000025163.webp","tags":["budinera","antiadherente","granito","5x9","5x5","5cm","cn17970"]},{"id":"CA-779000025224","nombre":"BUDINERA ANTIADHERENTE GRIS 30x16x6cm x1 CN18829","categoria":"Hogar-Bazar","subcategoria":"Antiadherente","precio":8983.0,"destacado":false,"descripcion":"","imagen":"assets/products/CA-779000025224.webp","tags":["budinera","antiadherente","gris","30x16x6cm","cn18829"]},{"id":"CA-489413098194","nombre":"FLANERA ANTIADHERENTE 23cm x1 KR-B007","categoria":"Hogar-Bazar","subcategoria":"Antiadherente","precio":5057.36,"destacado":false,"descripcion":"","imagen":"assets/products/CA-489413098194.webp","tags":["flanera","antiadherente","23cm","b007"]},{"id":"CA-779000022167","nombre":"JARRO ANTIADHERENTE 10cm x1 16478","categoria":"Hogar-Bazar","subcategoria":"Antiadherente","precio":5122.0,"destacado":false,"descripcion":"","imagen":"assets/products/CA-779000022167.webp","tags":["jarro","antiadherente","10cm","16478"]},{"id":"CA-779000022164","nombre":"JARRO HERVIDOR ANTIADHERENTE CON MANGO 9.5 cm x1 CN16472","categoria":"Hogar-Bazar","subcategoria":"Antiadherente","precio":2847.98,"destacado":false,"descripcion":"","imagen":"assets/products/CA-779000022164.webp","tags":["jarro","hervidor","antiadherente","con","mango","cn16472"]},{"id":"CA-200020055116","nombre":"JARRO HERVIDOR GRIS 14cm x1 55116-G","categoria":"Hogar-Bazar","subcategoria":"Antiadherente","precio":13446.41,"destacado":false,"descripcion":"","imagen":"assets/products/CA-200020055116.webp","tags":["jarro","hervidor","gris","14cm","55116"]},{"id":"CA-200020155116","nombre":"JARRO HERVIDOR NEGRO 14cm x1 55116-N","categoria":"Hogar-Bazar","subcategoria":"Antiadherente","precio":13446.41,"destacado":false,"descripcion":"","imagen":"assets/products/CA-200020155116.webp","tags":["jarro","hervidor","negro","14cm","55116"]},{"id":"CA-779000025155","nombre":"MOLDE ANTIADHERENTE DESMONTABLE PARA PAN DULCE 13.5 CM CN17959","categoria":"Hogar-Bazar","subcategoria":"Antiadherente","precio":6636.5,"destacado":false,"descripcion":"","imagen":"assets/products/CA-779000025155.webp","tags":["molde","antiadherente","desmontable","para","pan","dulce","cn17959"]},{"id":"CA-489413097038","nombre":"MOLDE ANTIADHERENTE FLANERA BRONCE x1 (23x11.5) KCM5054/BR","categoria":"Hogar-Bazar","subcategoria":"Antiadherente","precio":4664.9,"destacado":false,"descripcion":"","imagen":"assets/products/CA-489413097038.webp","tags":["molde","antiadherente","flanera","bronce","23x11","kcm5054"]},{"id":"CA-489413097033","nombre":"MOLDE ANTIADHERENTE SAVARIN DESMONTABLE x1 (26x11) KCM5054/8129B","categoria":"Hogar-Bazar","subcategoria":"Antiadherente","precio":8272.22,"destacado":false,"descripcion":"","imagen":"assets/products/CA-489413097033.webp","tags":["molde","antiadherente","savarin","desmontable","26x11","kcm5054","8129b"]},{"id":"CA-489413097031","nombre":"MOLDE ANTIADHERENTE SOUFFLE DESMONTABLE x1 (23x11) KCM5054/6107A","categoria":"Hogar-Bazar","subcategoria":"Antiadherente","precio":7040.25,"destacado":false,"descripcion":"","imagen":"assets/products/CA-489413097031.webp","tags":["molde","antiadherente","souffle","desmontable","23x11","kcm5054","6107a"]},{"id":"CA-779813202582","nombre":"MOLDE BUDINERA ANTIADHERENTE (20cm) x1 202582","categoria":"Hogar-Bazar","subcategoria":"Antiadherente","precio":2111.66,"destacado":false,"descripcion":"","imagen":"assets/products/CA-779813202582.webp","tags":["molde","budinera","antiadherente","20cm","202582"]},{"id":"CA-779813202583","nombre":"MOLDE BUDINERA ANTIADHERENTE (25cm) x1 202583","categoria":"Hogar-Bazar","subcategoria":"Antiadherente","precio":2322.9,"destacado":false,"descripcion":"","imagen":"assets/products/CA-779813202583.webp","tags":["molde","budinera","antiadherente","25cm","202583"]},{"id":"CA-779813202584","nombre":"MOLDE BUDINERA ANTIADHERENTE x1 (30x11x7cm) 202584","categoria":"Hogar-Bazar","subcategoria":"Antiadherente","precio":2449.66,"destacado":false,"descripcion":"","imagen":"assets/products/CA-779813202584.webp","tags":["molde","budinera","antiadherente","30x11x7cm","202584"]},{"id":"CA-779000014522","nombre":"MOLDE BUDINERA ANTIADHERENTE x1 (30x11x7cm) APROX CN3648","categoria":"Hogar-Bazar","subcategoria":"Antiadherente","precio":3229.2,"destacado":false,"descripcion":"","imagen":"assets/products/CA-779000014522.webp","tags":["molde","budinera","antiadherente","30x11x7cm","aprox","cn3648"]},{"id":"CA-779000021207","nombre":"MOLDE SAVARIN ANTIADHERENTE COLOR 26x8cm x1 DL14922","categoria":"Hogar-Bazar","subcategoria":"Antiadherente","precio":10427.63,"destacado":false,"descripcion":"","imagen":"assets/products/CA-779000021207.webp","tags":["molde","savarin","antiadherente","color","26x8cm","dl14922"]},{"id":"CA-779000025228","nombre":"MOLDE SAVARIN ANTIADHERENTE GRIS 26cm x1 CN18833","categoria":"Hogar-Bazar","subcategoria":"Antiadherente","precio":9694.75,"destacado":false,"descripcion":"","imagen":"assets/products/CA-779000025228.webp","tags":["molde","savarin","antiadherente","gris","26cm","cn18833"]},{"id":"CA-489413097030","nombre":"MOLDE SAVARIN ANTIADHERENTE x1 (23x11cm) KCM5054","categoria":"Hogar-Bazar","subcategoria":"Antiadherente","precio":5145.81,"destacado":false,"descripcion":"","imagen":"assets/products/CA-489413097030.webp","tags":["molde","savarin","antiadherente","23x11cm","kcm5054"]},{"id":"CA-000000054672","nombre":"MOLDE TARTA DESFONDABLE 26cm x1 BM1141","categoria":"Hogar-Bazar","subcategoria":"Antiadherente","precio":4529.16,"destacado":false,"descripcion":"","imagen":"assets/products/CA-000000054672.webp","tags":["molde","tarta","desfondable","26cm","bm1141"]},{"id":"CA-000000050059","nombre":"PAPEL ANTIADHERENTE PARA HORNO REUTILIZABLE 40x30cm x5 B0589","categoria":"Hogar-Bazar","subcategoria":"Antiadherente","precio":3452.63,"destacado":false,"descripcion":"","imagen":"assets/products/CA-000000050059.webp","tags":["papel","antiadherente","para","horno","reutilizable","40x30cm","b0589"]},{"id":"CA-379000103016","nombre":"PIZZERA ANTIADHERENTE (32x1.5cm) x1 103016","categoria":"Hogar-Bazar","subcategoria":"Antiadherente","precio":3581.55,"destacado":false,"descripcion":"","imagen":"assets/products/CA-379000103016.webp","tags":["pizzera","antiadherente","32x1","5cm","103016"]},{"id":"CA-779000025161","nombre":"PIZZERA ANTIADHERENTE 36cm x1 CN17968","categoria":"Hogar-Bazar","subcategoria":"Antiadherente","precio":5102.5,"destacado":false,"descripcion":"","imagen":"assets/products/CA-779000025161.webp","tags":["pizzera","antiadherente","36cm","cn17968"]},{"id":"CA-489413098203","nombre":"PLACA ANTIADHERENTE 37.5x25.5cm x1 KR-2002S","categoria":"Hogar-Bazar","subcategoria":"Antiadherente","precio":4462.38,"destacado":false,"descripcion":"","imagen":"assets/products/CA-489413098203.webp","tags":["placa","antiadherente","5x25","5cm","2002s"]},{"id":"CA-489413098204","nombre":"PLACA ANTIADHERENTE 42.5x28.5cm x1 KR-2002M","categoria":"Hogar-Bazar","subcategoria":"Antiadherente","precio":5354.86,"destacado":false,"descripcion":"","imagen":"assets/products/CA-489413098204.webp","tags":["placa","antiadherente","5x28","5cm","2002m"]},{"id":"CA-489413098205","nombre":"PLACA ANTIADHERENTE 47.5x31cm x1 KR-2002L","categoria":"Hogar-Bazar","subcategoria":"Antiadherente","precio":5949.84,"destacado":false,"descripcion":"","imagen":"assets/products/CA-489413098205.webp","tags":["placa","antiadherente","5x31cm","2002l"]},{"id":"CA-697598272010","nombre":"PLACA ANTIADHERENTE 6 CUPCAKES DE ACERO AL CARBONO CON AGARRE DE SILICONA x1 ZG272010","categoria":"Hogar-Bazar","subcategoria":"Antiadherente","precio":8489.47,"destacado":false,"descripcion":"","imagen":"assets/products/CA-697598272010.webp","tags":["placa","antiadherente","cupcakes","acero","carbono","con","agarre","silicona","zg272010"]},{"id":"CA-200020050285","nombre":"PLACA ANTIADHERENTE CON MALLA 40x30cm x1 50285","categoria":"Hogar-Bazar","subcategoria":"Antiadherente","precio":5392.01,"destacado":false,"descripcion":"","imagen":"assets/products/CA-200020050285.webp","tags":["placa","antiadherente","con","malla","40x30cm","50285"]},{"id":"CA-866320073016","nombre":"PLACA ANTIADHERENTE PARA 12 CUPCAKE x1","categoria":"Hogar-Bazar","subcategoria":"Antiadherente","precio":6191.99,"destacado":false,"descripcion":"","imagen":"assets/products/CA-866320073016.webp","tags":["placa","antiadherente","para","cupcake"]},{"id":"CA-379000103000","nombre":"PLACA ANTIADHERENTE PARA 12 CUPCAKE x1 103000","categoria":"Hogar-Bazar","subcategoria":"Antiadherente","precio":6191.99,"destacado":false,"descripcion":"","imagen":"assets/products/CA-379000103000.webp","tags":["placa","antiadherente","para","cupcake","103000"]},{"id":"CA-779813202581","nombre":"PLACA ANTIADHERENTE PARA 12 CUPCAKE x1 202581","categoria":"Hogar-Bazar","subcategoria":"Antiadherente","precio":6191.99,"destacado":false,"descripcion":"","imagen":"assets/products/CA-779813202581.webp","tags":["placa","antiadherente","para","cupcake","202581"]},{"id":"CA-200020023007","nombre":"PLACA ANTIADHERENTE PARA 12 CUPCAKE x1 23007","categoria":"Hogar-Bazar","subcategoria":"Antiadherente","precio":6191.99,"destacado":false,"descripcion":"","imagen":"assets/products/CA-200020023007.webp","tags":["placa","antiadherente","para","cupcake","23007"]},{"id":"CA-379000103036","nombre":"PLACA ANTIADHERENTE PARA 12 CUPCAKES COLOR x1 103036","categoria":"Hogar-Bazar","subcategoria":"Antiadherente","precio":8495.55,"destacado":false,"descripcion":"NUEVO 09/12/2025","imagen":"assets/products/CA-379000103036.webp","tags":["placa","antiadherente","para","cupcakes","color","103036"]},{"id":"CA-779813202580","nombre":"PLACA ANTIADHERENTE PARA 6 CUPCAKE MARGARITA x1 202580","categoria":"Hogar-Bazar","subcategoria":"Antiadherente","precio":2382.05,"destacado":false,"descripcion":"","imagen":"assets/products/CA-779813202580.webp","tags":["placa","antiadherente","para","cupcake","margarita","202580"]},{"id":"CA-379000103001","nombre":"PLACA ANTIADHERENTE PARA 6 CUPCAKE x1 103001","categoria":"Hogar-Bazar","subcategoria":"Antiadherente","precio":3581.55,"destacado":false,"descripcion":"","imagen":"assets/products/CA-379000103001.webp","tags":["placa","antiadherente","para","cupcake","103001"]}]}