{"category_slug":"adornos_y_complementos_para_torta","subcategory_slug":"bautismo_1_a_ito_baby_shower_revelacion","page":1,"page_size":48,"total":25,"items":[{"id":"CA-000000057579","nombre":"ADORNO SET OSITOS ACUARELA TONOS CELESTE (MODELOS SURTIDOS) x1 UPALALA","categoria":"Adornos Y Complementos Para Torta","subcategoria":"Bautismo /1° Añito/Baby Shower/Revelacion","precio":1176.0,"destacado":false,"descripcion":"* (05/12/2025)","imagen":"assets/products/CA-000000057579.webp","tags":["adorno","set","ositos","acuarela","tonos","celeste","modelos","surtidos","upalala"]},{"id":"CA-000000057578","nombre":"ADORNO SET OSITOS ACUARELA TONOS ROSA (MODELOS SURTIDOS) x1u.UPALALA","categoria":"Adornos Y Complementos Para Torta","subcategoria":"Bautismo /1° Añito/Baby Shower/Revelacion","precio":1176.0,"destacado":false,"descripcion":"* (05/12/2025)","imagen":"assets/products/CA-000000057578.webp","tags":["adorno","set","ositos","acuarela","tonos","rosa","modelos","surtidos","x1u","upalala"]},{"id":"CA-000000041064","nombre":"ADORNO TORTA BASE GIBREADA BABY SHOWER NENE x1u.UPALALA","categoria":"Adornos Y Complementos Para Torta","subcategoria":"Bautismo /1° Añito/Baby Shower/Revelacion","precio":800.0,"destacado":false,"descripcion":"* (05/12/2025)","imagen":"assets/products/CA-000000041064.webp","tags":["adorno","torta","base","gibreada","baby","shower","nene","x1u","upalala"]},{"id":"CA-000000057581","nombre":"ADORNO TORTA BASE GIBREADA OSOS ACUARELA TONOS CELESTE (MOD.SURT.) x1u.UPALALA","categoria":"Adornos Y Complementos Para Torta","subcategoria":"Bautismo /1° Añito/Baby Shower/Revelacion","precio":900.0,"destacado":false,"descripcion":"* (05/12/2025)","imagen":"assets/products/CA-000000057581.webp","tags":["adorno","torta","base","gibreada","osos","acuarela","tonos","celeste","mod","surt","x1u","upalala"]},{"id":"CA-000000057580","nombre":"ADORNO TORTA BASE GIBREADA OSOS ACUARELA TONOS ROSA (MOD.SURT.) x1u.UPALALA","categoria":"Adornos Y Complementos Para Torta","subcategoria":"Bautismo /1° Añito/Baby Shower/Revelacion","precio":900.0,"destacado":false,"descripcion":"* (05/12/2025)","imagen":"assets/products/CA-000000057580.webp","tags":["adorno","torta","base","gibreada","osos","acuarela","tonos","rosa","mod","surt","x1u","upalala"]},{"id":"CA-000000058272","nombre":"APLIQUE PARA TORTA 3D MI BAUTISMO DORADO x3u.CH","categoria":"Adornos Y Complementos Para Torta","subcategoria":"Bautismo /1° Añito/Baby Shower/Revelacion","precio":2800.0,"destacado":false,"descripcion":"","imagen":"assets/products/CA-000000058272.webp","tags":["aplique","para","torta","bautismo","dorado","x3u"]},{"id":"CA-000000056719","nombre":"PINCHE ADORNO CAKE TOPPER MI BAUTISMO ANGEL CELESTE x1u.UPALALA","categoria":"Adornos Y Complementos Para Torta","subcategoria":"Bautismo /1° Añito/Baby Shower/Revelacion","precio":2499.0,"destacado":false,"descripcion":"","imagen":"assets/products/CA-000000056719.webp","tags":["pinche","adorno","cake","topper","bautismo","angel","celeste","x1u","upalala"]},{"id":"CA-000000056718","nombre":"PINCHE ADORNO CAKE TOPPER MI BAUTISMO ANGEL ROSA x1u.UPALALA","categoria":"Adornos Y Complementos Para Torta","subcategoria":"Bautismo /1° Añito/Baby Shower/Revelacion","precio":2499.0,"destacado":false,"descripcion":"","imagen":"assets/products/CA-000000056718.webp","tags":["pinche","adorno","cake","topper","bautismo","angel","rosa","x1u","upalala"]},{"id":"CA-000000056720","nombre":"PINCHE ADORNO CAKE TOPPER MI PRIMER AÑITO CELESTE VARIOS MODELOS x1u.UPALALA","categoria":"Adornos Y Complementos Para Torta","subcategoria":"Bautismo /1° Añito/Baby Shower/Revelacion","precio":2499.0,"destacado":false,"descripcion":"","imagen":"assets/products/CA-000000056720.webp","tags":["pinche","adorno","cake","topper","primer","añito","celeste","varios","modelos","x1u","upalala"]},{"id":"CA-000000056721","nombre":"PINCHE ADORNO CAKE TOPPER MI PRIMER AÑITO ROSA VARIOS MODELOS x1u.UPALALA","categoria":"Adornos Y Complementos Para Torta","subcategoria":"Bautismo /1° Añito/Baby Shower/Revelacion","precio":2499.0,"destacado":false,"descripcion":"","imagen":"assets/products/CA-000000056721.webp","tags":["pinche","adorno","cake","topper","primer","añito","rosa","varios","modelos","x1u","upalala"]},{"id":"CA-000000051264","nombre":"PINCHE ADORNO SET BABY SHOWER CELESTE CALUMI x3u.","categoria":"Adornos Y Complementos Para Torta","subcategoria":"Bautismo /1° Añito/Baby Shower/Revelacion","precio":1015.0,"destacado":false,"descripcion":"","imagen":"assets/products/CA-000000051264.webp","tags":["pinche","adorno","set","baby","shower","celeste","calumi","x3u"]},{"id":"CA-000000051263","nombre":"PINCHE ADORNO SET BABY SHOWER ROSA CALUMI x3u.","categoria":"Adornos Y Complementos Para Torta","subcategoria":"Bautismo /1° Añito/Baby Shower/Revelacion","precio":1015.0,"destacado":false,"descripcion":"","imagen":"assets/products/CA-000000051263.webp","tags":["pinche","adorno","set","baby","shower","rosa","calumi","x3u"]},{"id":"CA-000000048487","nombre":"PINCHE ADORNO SET MI BAUTISMO CELESTE  CALUMI x3u.","categoria":"Adornos Y Complementos Para Torta","subcategoria":"Bautismo /1° Añito/Baby Shower/Revelacion","precio":1015.0,"destacado":false,"descripcion":"","imagen":"assets/products/CA-000000048487.webp","tags":["pinche","adorno","set","bautismo","celeste","calumi","x3u"]},{"id":"CA-000000040144","nombre":"PINCHE ADORNO SET MI BAUTISMO CELESTE x3u.UPALALA","categoria":"Adornos Y Complementos Para Torta","subcategoria":"Bautismo /1° Añito/Baby Shower/Revelacion","precio":1059.8,"destacado":false,"descripcion":"","imagen":"assets/products/CA-000000040144.webp","tags":["pinche","adorno","set","bautismo","celeste","x3u","upalala"]},{"id":"CA-000000048486","nombre":"PINCHE ADORNO SET MI BAUTISMO ROSA CALUMI x3u.","categoria":"Adornos Y Complementos Para Torta","subcategoria":"Bautismo /1° Añito/Baby Shower/Revelacion","precio":1015.0,"destacado":false,"descripcion":"","imagen":"assets/products/CA-000000048486.webp","tags":["pinche","adorno","set","bautismo","rosa","calumi","x3u"]},{"id":"CA-000000040146","nombre":"PINCHE ADORNO SET MI BAUTISMO ROSA x3u.UPALALA","categoria":"Adornos Y Complementos Para Torta","subcategoria":"Bautismo /1° Añito/Baby Shower/Revelacion","precio":1059.8,"destacado":false,"descripcion":"","imagen":"assets/products/CA-000000040146.webp","tags":["pinche","adorno","set","bautismo","rosa","x3u","upalala"]},{"id":"CA-000000056281","nombre":"PINCHE ADORNO SET REVELACION DE GENERO BEBES CALUMI x3u.","categoria":"Adornos Y Complementos Para Torta","subcategoria":"Bautismo /1° Añito/Baby Shower/Revelacion","precio":1015.0,"destacado":false,"descripcion":"","imagen":"assets/products/CA-000000056281.webp","tags":["pinche","adorno","set","revelacion","genero","bebes","calumi","x3u"]},{"id":"CA-000000056280","nombre":"PINCHE ADORNO SET REVELACION DE GENERO OSITO CALUMI x5u.","categoria":"Adornos Y Complementos Para Torta","subcategoria":"Bautismo /1° Añito/Baby Shower/Revelacion","precio":1377.5,"destacado":false,"descripcion":"","imagen":"assets/products/CA-000000056280.webp","tags":["pinche","adorno","set","revelacion","genero","osito","calumi","x5u"]},{"id":"CA-000000045774","nombre":"PINCHE BEBE CON CHUPETE CELESTE x3u.UPALALA","categoria":"Adornos Y Complementos Para Torta","subcategoria":"Bautismo /1° Añito/Baby Shower/Revelacion","precio":760.2,"destacado":false,"descripcion":"","imagen":"assets/products/CA-000000045774.webp","tags":["pinche","bebe","con","chupete","celeste","x3u","upalala"]},{"id":"CA-000000045773","nombre":"PINCHE BEBE CON CHUPETE ROSA x3u.UPALALA","categoria":"Adornos Y Complementos Para Torta","subcategoria":"Bautismo /1° Añito/Baby Shower/Revelacion","precio":760.2,"destacado":false,"descripcion":"","imagen":"assets/products/CA-000000045773.webp","tags":["pinche","bebe","con","chupete","rosa","x3u","upalala"]},{"id":"CA-000000042772","nombre":"PINCHE FIBROFACIL FRASE BABY SHOWER ROSA x1","categoria":"Adornos Y Complementos Para Torta","subcategoria":"Bautismo /1° Añito/Baby Shower/Revelacion","precio":1147.5,"destacado":false,"descripcion":"","imagen":"assets/products/CA-000000042772.webp","tags":["pinche","fibrofacil","frase","baby","shower","rosa"]},{"id":"CA-000000051963","nombre":"PINCHE FIBROFACIL FRASE BAUTISMO CELESTE x1 ART.204","categoria":"Adornos Y Complementos Para Torta","subcategoria":"Bautismo /1° Añito/Baby Shower/Revelacion","precio":1147.5,"destacado":false,"descripcion":"","imagen":"assets/products/CA-000000051963.webp","tags":["pinche","fibrofacil","frase","bautismo","celeste","art","204"]},{"id":"CA-000000051964","nombre":"PINCHE FIBROFACIL FRASE BAUTISMO ROSA x1 ART.204","categoria":"Adornos Y Complementos Para Torta","subcategoria":"Bautismo /1° Añito/Baby Shower/Revelacion","precio":1147.5,"destacado":false,"descripcion":"","imagen":"assets/products/CA-000000051964.webp","tags":["pinche","fibrofacil","frase","bautismo","rosa","art","204"]},{"id":"CA-000000051930","nombre":"SET MI BAUTISMO BANDERIN Y TOPPERS CELESTE x7u.(POMPI DU )","categoria":"Adornos Y Complementos Para Torta","subcategoria":"Bautismo /1° Añito/Baby Shower/Revelacion","precio":1330.0,"destacado":false,"descripcion":"","imagen":"assets/products/CA-000000051930.webp","tags":["set","bautismo","banderin","toppers","celeste","x7u","pompi"]},{"id":"CA-000000051929","nombre":"SET MI BAUTISMO BANDERIN Y TOPPERS ROSA x7u.(POMPI DU )","categoria":"Adornos Y Complementos Para Torta","subcategoria":"Bautismo /1° Añito/Baby Shower/Revelacion","precio":1330.0,"destacado":false,"descripcion":"","imagen":"assets/products/CA-000000051929.webp","tags":["set","bautismo","banderin","toppers","rosa","x7u","pompi"]}]}