{"category_slug":"golosinas","subcategory_slug":"cubanitos_bocaditos_bombones_chocolates","page":3,"page_size":48,"total":125,"items":[{"id":"CA-779020603540","nombre":"HUEVO DE CHOCOLATE  CON SORPRESA FEL-FORT x17gr  x40u 3540","categoria":"Golosinas","subcategoria":"Cubanitos/ Bocaditos/Bombones/Chocolates","precio":24896.5,"destacado":false,"descripcion":"","imagen":"assets/products/CA-779020603540.webp","tags":["huevo","chocolate","con","sorpresa","fel","fort","x17gr","x40u","3540"]},{"id":"CA-779020603500","nombre":"HUEVO DE CHOCOLATE CON TATTOO FEL-FORT x10gr  x25u 3500","categoria":"Golosinas","subcategoria":"Cubanitos/ Bocaditos/Bombones/Chocolates","precio":6826.56,"destacado":false,"descripcion":"","imagen":"assets/products/CA-779020603500.webp","tags":["huevo","chocolate","con","tattoo","fel","fort","x10gr","x25u","3500"]},{"id":"CA-779739400239","nombre":"HUEVO KINDER SORPRESA NENA 12x20grs","categoria":"Golosinas","subcategoria":"Cubanitos/ Bocaditos/Bombones/Chocolates","precio":19901.03,"destacado":false,"descripcion":"","imagen":"assets/products/CA-779739400239.webp","tags":["huevo","kinder","sorpresa","nena","12x20grs"]},{"id":"CA-779739400240","nombre":"HUEVO KINDER SORPRESA NENE 12x20grs","categoria":"Golosinas","subcategoria":"Cubanitos/ Bocaditos/Bombones/Chocolates","precio":19901.03,"destacado":false,"descripcion":"","imagen":"assets/products/CA-779739400240.webp","tags":["huevo","kinder","sorpresa","nene","12x20grs"]},{"id":"CA-762220181637","nombre":"MANTECOL BOCADITO x16un.x26grs c/u (416grs) 63600","categoria":"Golosinas","subcategoria":"Cubanitos/ Bocaditos/Bombones/Chocolates","precio":9197.83,"destacado":false,"descripcion":"","imagen":"assets/products/CA-762220181637.webp","tags":["mantecol","bocadito","x16un","x26grs","416grs","63600"]},{"id":"CA-762220181678","nombre":"MANTECOL CON ALMENDRAS POTE PLASTICO x3,400 kg.","categoria":"Golosinas","subcategoria":"Cubanitos/ Bocaditos/Bombones/Chocolates","precio":48420.13,"destacado":false,"descripcion":"","imagen":"assets/products/CA-762220181678.webp","tags":["mantecol","con","almendras","pote","plastico","400"]},{"id":"CA-17622201812642","nombre":"MANTECOL x111grs (BULTO x40)","categoria":"Golosinas","subcategoria":"Cubanitos/ Bocaditos/Bombones/Chocolates","precio":66285.88,"destacado":false,"descripcion":"","imagen":"assets/products/CA-17622201812642.webp","tags":["mantecol","x111grs","bulto","x40"]},{"id":"CA-762220181265","nombre":"MANTECOL x111grs x1","categoria":"Golosinas","subcategoria":"Cubanitos/ Bocaditos/Bombones/Chocolates","precio":1683.66,"destacado":false,"descripcion":"","imagen":"assets/products/CA-762220181265.webp","tags":["mantecol","x111grs"]},{"id":"CA-17622201812680","nombre":"MANTECOL x253grs (BULTO x36)","categoria":"Golosinas","subcategoria":"Cubanitos/ Bocaditos/Bombones/Chocolates","precio":121249.68,"destacado":false,"descripcion":"","imagen":"assets/products/CA-17622201812680.webp","tags":["mantecol","x253grs","bulto","x36"]},{"id":"CA-762220181269","nombre":"MANTECOL x253grs x1","categoria":"Golosinas","subcategoria":"Cubanitos/ Bocaditos/Bombones/Chocolates","precio":3421.94,"destacado":false,"descripcion":"","imagen":"assets/products/CA-762220181269.webp","tags":["mantecol","x253grs"]},{"id":"CA-17622201812703","nombre":"MANTECOL x404grs (BULTO x24)","categoria":"Golosinas","subcategoria":"Cubanitos/ Bocaditos/Bombones/Chocolates","precio":115323.35,"destacado":false,"descripcion":"","imagen":"assets/products/CA-17622201812703.webp","tags":["mantecol","x404grs","bulto","x24"]},{"id":"CA-762220181271","nombre":"MANTECOL x404grs x1","categoria":"Golosinas","subcategoria":"Cubanitos/ Bocaditos/Bombones/Chocolates","precio":4882.02,"destacado":false,"descripcion":"","imagen":"assets/products/CA-762220181271.webp","tags":["mantecol","x404grs"]},{"id":"CA-779020600830","nombre":"MEDALLON DE MENTA FEL-FORTx30grs 0830","categoria":"Golosinas","subcategoria":"Cubanitos/ Bocaditos/Bombones/Chocolates","precio":11948.88,"destacado":false,"descripcion":"","imagen":"assets/products/CA-779020600830.webp","tags":["medallon","menta","fel","fortx30grs","0830"]},{"id":"CA-779020600836","nombre":"MEDALLON FEL-FORT CHOCOLATE RELLENO DULCE DE LECHE x20 836","categoria":"Golosinas","subcategoria":"Cubanitos/ Bocaditos/Bombones/Chocolates","precio":12802.06,"destacado":false,"descripcion":"","imagen":"assets/products/CA-779020600836.webp","tags":["medallon","fel","fort","chocolate","relleno","dulce","leche","x20","836"]},{"id":"CA-779817740142","nombre":"MERENBOM URQUIZA x12u.","categoria":"Golosinas","subcategoria":"Cubanitos/ Bocaditos/Bombones/Chocolates","precio":5448.87,"destacado":false,"descripcion":"","imagen":"assets/products/CA-779817740142.webp","tags":["merenbom","urquiza","x12u"]},{"id":"CA-779817740023","nombre":"MERENKOA RELLENA (MERENGUE Y DULCE) x12","categoria":"Golosinas","subcategoria":"Cubanitos/ Bocaditos/Bombones/Chocolates","precio":4529.37,"destacado":false,"descripcion":"","imagen":"assets/products/CA-779817740023.webp","tags":["merenkoa","rellena","merengue","dulce","x12"]},{"id":"CA-789606676941","nombre":"MONEDA CHOCOLATE BEL x100u","categoria":"Golosinas","subcategoria":"Cubanitos/ Bocaditos/Bombones/Chocolates","precio":10384.07,"destacado":false,"descripcion":"","imagen":"assets/products/CA-789606676941.webp","tags":["moneda","chocolate","bel","x100u"]},{"id":"CA-779020601600","nombre":"MONEDA CHOCOLATE FEL-FORT x60 1600","categoria":"Golosinas","subcategoria":"Cubanitos/ Bocaditos/Bombones/Chocolates","precio":16315.75,"destacado":false,"descripcion":"","imagen":"assets/products/CA-779020601600.webp","tags":["moneda","chocolate","fel","fort","x60","1600"]},{"id":"CA-779020601605","nombre":"MONEDA CHOCOLATE JACK MAFALDA FEL-FORT x60 1605","categoria":"Golosinas","subcategoria":"Cubanitos/ Bocaditos/Bombones/Chocolates","precio":16315.75,"destacado":false,"descripcion":"","imagen":"assets/products/CA-779020601605.webp","tags":["moneda","chocolate","jack","mafalda","fel","fort","x60","1605"]},{"id":"CA-17802215114943","nombre":"MONEDA DOLAR CHOCOLATE BONAFIDE (BULTOx32x88gs) 941513","categoria":"Golosinas","subcategoria":"Cubanitos/ Bocaditos/Bombones/Chocolates","precio":110606.05,"destacado":false,"descripcion":"","imagen":"assets/products/CA-17802215114943.webp","tags":["moneda","dolar","chocolate","bonafide","bultox32x88gs","941513"]},{"id":"CA-780221511494","nombre":"MONEDA DOLAR CHOCOLATE BONAFIDE x88gs (20 un aprox) 941513","categoria":"Golosinas","subcategoria":"Cubanitos/ Bocaditos/Bombones/Chocolates","precio":3539.39,"destacado":false,"descripcion":"","imagen":"assets/products/CA-780221511494.webp","tags":["moneda","dolar","chocolate","bonafide","x88gs","aprox","941513"]},{"id":"CA-779058034650","nombre":"OBLEA BONoBON CON LECHE x20u 3465/7308","categoria":"Golosinas","subcategoria":"Cubanitos/ Bocaditos/Bombones/Chocolates","precio":12569.75,"destacado":false,"descripcion":"* (19/12/2025)","imagen":"assets/products/CA-779058034650.webp","tags":["oblea","bonobon","con","leche","x20u","3465","7308"]},{"id":"CA-762221078820","nombre":"OBLEA MILKA BIS BAÑADA EN CHOCOLATE  x16uni.","categoria":"Golosinas","subcategoria":"Cubanitos/ Bocaditos/Bombones/Chocolates","precio":1923.56,"destacado":false,"descripcion":"","imagen":"assets/products/CA-762221078820.webp","tags":["oblea","milka","bis","bañada","chocolate","x16uni"]},{"id":"CA-762221071982","nombre":"OBLEA MILKA BIS OREO BAÑADA EN CHOCOLATE  x16uni.","categoria":"Golosinas","subcategoria":"Cubanitos/ Bocaditos/Bombones/Chocolates","precio":1923.56,"destacado":false,"descripcion":"","imagen":"assets/products/CA-762221071982.webp","tags":["oblea","milka","bis","oreo","bañada","chocolate","x16uni"]},{"id":"CA-779312316083","nombre":"OBLEA OBLI-BON BAÑADA EN CHOCOLATE x20 1330","categoria":"Golosinas","subcategoria":"Cubanitos/ Bocaditos/Bombones/Chocolates","precio":5593.86,"destacado":false,"descripcion":"","imagen":"assets/products/CA-779312316083.webp","tags":["oblea","obli","bon","bañada","chocolate","x20","1330"]},{"id":"CA-779020600953","nombre":"PARAGUITA CHOCOLATE FEL-FORT x20 0953","categoria":"Golosinas","subcategoria":"Cubanitos/ Bocaditos/Bombones/Chocolates","precio":10982.0,"destacado":false,"descripcion":"","imagen":"assets/products/CA-779020600953.webp","tags":["paraguita","chocolate","fel","fort","x20","0953"]},{"id":"CA-762230042375","nombre":"RHODESIA TERRABUSI x36u","categoria":"Golosinas","subcategoria":"Cubanitos/ Bocaditos/Bombones/Chocolates","precio":19985.42,"destacado":false,"descripcion":"","imagen":"assets/products/CA-762230042375.webp","tags":["rhodesia","terrabusi","x36u"]},{"id":"CA-779243090397","nombre":"TABLETA PREMIUM CHOCOLATE CON LECHE CON PISTACHO Y SAL 10x100gr B70004","categoria":"Golosinas","subcategoria":"Cubanitos/ Bocaditos/Bombones/Chocolates","precio":35071.92,"destacado":false,"descripcion":"","imagen":"assets/products/CA-779243090397.webp","tags":["tableta","premium","chocolate","con","leche","con","pistacho","sal","10x100gr","b70004"]},{"id":"CA-762220180319","nombre":"TITA TERRABUSI x36u","categoria":"Golosinas","subcategoria":"Cubanitos/ Bocaditos/Bombones/Chocolates","precio":18168.7,"destacado":false,"descripcion":"","imagen":"assets/products/CA-762220180319.webp","tags":["tita","terrabusi","x36u"]}]}