{"category_slug":"descartables","subcategory_slug":"moldes_de_papel_pan_dulce_y_budin","page":1,"page_size":48,"total":18,"items":[{"id":"CA-000000058242","nombre":"MOLDE PAPEL BIZCOCHUELOx25 Nº18","categoria":"Descartables","subcategoria":"Moldes De Papel/Pan Dulce Y Budin","precio":4590.0,"destacado":false,"descripcion":"","imagen":"assets/products/CA-000000058242.webp","tags":["molde","papel","bizcochuelox25","nº18"]},{"id":"CA-000000058243","nombre":"MOLDE PAPEL BIZCOCHUELOx25 Nº20","categoria":"Descartables","subcategoria":"Moldes De Papel/Pan Dulce Y Budin","precio":4930.0,"destacado":false,"descripcion":"","imagen":"assets/products/CA-000000058243.webp","tags":["molde","papel","bizcochuelox25","nº20"]},{"id":"CA-000000005738","nombre":"MOLDE PAPEL BIZCOCHUELOx25 Nº24","categoria":"Descartables","subcategoria":"Moldes De Papel/Pan Dulce Y Budin","precio":5780.0,"destacado":false,"descripcion":"","imagen":"assets/products/CA-000000005738.webp","tags":["molde","papel","bizcochuelox25","nº24"]},{"id":"CA-779813201694","nombre":"MOLDE PAPEL FREIDORA AIRE CUADRADO AIR FRYER 160mm x50 201694","categoria":"Descartables","subcategoria":"Moldes De Papel/Pan Dulce Y Budin","precio":3086.78,"destacado":false,"descripcion":"","imagen":"assets/products/CA-779813201694.webp","tags":["molde","papel","freidora","aire","cuadrado","air","fryer","160mm","x50","201694"]},{"id":"CA-779000024377","nombre":"MOLDE PAPEL FREIDORA AIRE CUADRADO CHICO AIR FRYER 160mm x50 CN17722","categoria":"Descartables","subcategoria":"Moldes De Papel/Pan Dulce Y Budin","precio":3086.78,"destacado":false,"descripcion":"","imagen":"assets/products/CA-779000024377.webp","tags":["molde","papel","freidora","aire","cuadrado","chico","air","fryer","160mm","x50","cn17722"]},{"id":"CA-779813201696","nombre":"MOLDE PAPEL FREIDORA AIRE REDONDO CHICO AIR FRYER 160mm x50 201696","categoria":"Descartables","subcategoria":"Moldes De Papel/Pan Dulce Y Budin","precio":2197.65,"destacado":false,"descripcion":"","imagen":"assets/products/CA-779813201696.webp","tags":["molde","papel","freidora","aire","redondo","chico","air","fryer","160mm","x50","201696"]},{"id":"CA-779000022436","nombre":"MOLDE PAPEL FREIDORA AIRE REDONDO CHICO AIR FRYER 160mm x50 CN17065","categoria":"Descartables","subcategoria":"Moldes De Papel/Pan Dulce Y Budin","precio":2197.65,"destacado":false,"descripcion":"","imagen":"assets/products/CA-779000022436.webp","tags":["molde","papel","freidora","aire","redondo","chico","air","fryer","160mm","x50","cn17065"]},{"id":"CA-779000024376","nombre":"MOLDE PAPEL FREIDORA AIRE REDONDO CHICO AIR FRYER 160mm x50 CN17721","categoria":"Descartables","subcategoria":"Moldes De Papel/Pan Dulce Y Budin","precio":2197.65,"destacado":false,"descripcion":"","imagen":"assets/products/CA-779000024376.webp","tags":["molde","papel","freidora","aire","redondo","chico","air","fryer","160mm","x50","cn17721"]},{"id":"CA-627518209169","nombre":"MOLDE PAPEL FREIDORA AIRE REDONDO GRANDE AIR FRYER 200mm x 50 A-69","categoria":"Descartables","subcategoria":"Moldes De Papel/Pan Dulce Y Budin","precio":3031.95,"destacado":false,"descripcion":"","imagen":"assets/products/CA-627518209169.webp","tags":["molde","papel","freidora","aire","redondo","grande","air","fryer","200mm"]},{"id":"CA-063282992071","nombre":"MOLDE PAPEL PARA FREIDORA DE AIRE 18cmx4.5cm x50","categoria":"Descartables","subcategoria":"Moldes De Papel/Pan Dulce Y Budin","precio":4284.03,"destacado":false,"descripcion":"","imagen":"assets/products/CA-063282992071.webp","tags":["molde","papel","para","freidora","aire","18cmx4","5cm","x50"]},{"id":"CA-000000055233","nombre":"MOLDE PAPEL PARA ROSCA 22cm (BULTO 4x25unid)","categoria":"Descartables","subcategoria":"Moldes De Papel/Pan Dulce Y Budin","precio":23400.0,"destacado":false,"descripcion":"","imagen":"assets/products/CA-000000055233.webp","tags":["molde","papel","para","rosca","22cm","bulto","4x25unid"]},{"id":"CA-000000043631","nombre":"MOLDE PAPEL PARA ROSCA 22cm x25","categoria":"Descartables","subcategoria":"Moldes De Papel/Pan Dulce Y Budin","precio":6120.0,"destacado":false,"descripcion":"","imagen":"assets/products/CA-000000043631.webp","tags":["molde","papel","para","rosca","22cm","x25"]},{"id":"CA-000000055234","nombre":"MOLDE PAPEL PARA ROSCA 24cm (BULTO 4x25unid)","categoria":"Descartables","subcategoria":"Moldes De Papel/Pan Dulce Y Budin","precio":26000.0,"destacado":false,"descripcion":"","imagen":"assets/products/CA-000000055234.webp","tags":["molde","papel","para","rosca","24cm","bulto","4x25unid"]},{"id":"CA-000000001689","nombre":"MOLDE PAPEL PARA ROSCA 24cm x25","categoria":"Descartables","subcategoria":"Moldes De Papel/Pan Dulce Y Budin","precio":6800.0,"destacado":false,"descripcion":"","imagen":"assets/products/CA-000000001689.webp","tags":["molde","papel","para","rosca","24cm","x25"]},{"id":"CA-000000056035","nombre":"MOLDE PAPEL PARA ROSCA VARIOS MODELOS 20cm x100 uni. CONVIDA","categoria":"Descartables","subcategoria":"Moldes De Papel/Pan Dulce Y Budin","precio":26390.0,"destacado":false,"descripcion":"","imagen":"assets/products/CA-000000056035.webp","tags":["molde","papel","para","rosca","varios","modelos","20cm","x100","uni","convida"]},{"id":"CA-000000044161","nombre":"MOLDE PAPEL TORTERA INDIVIDUAL x25unid (13x5cm)","categoria":"Descartables","subcategoria":"Moldes De Papel/Pan Dulce Y Budin","precio":3400.0,"destacado":false,"descripcion":"","imagen":"assets/products/CA-000000044161.webp","tags":["molde","papel","tortera","individual","x25unid","13x5cm"]},{"id":"CA-000000056359","nombre":"MOLDE PARA ROSCA IMPRESO 20cm (BULTO x100 unid)","categoria":"Descartables","subcategoria":"Moldes De Papel/Pan Dulce Y Budin","precio":17157.32,"destacado":false,"descripcion":"","imagen":"assets/products/CA-000000056359.webp","tags":["molde","para","rosca","impreso","20cm","bulto","x100","unid"]},{"id":"CA-000000047295","nombre":"MOLDE PARA ROSCA IMPRESO 22cm (BULTO x100 unid)","categoria":"Descartables","subcategoria":"Moldes De Papel/Pan Dulce Y Budin","precio":18053.95,"destacado":false,"descripcion":"","imagen":"assets/products/CA-000000047295.webp","tags":["molde","para","rosca","impreso","22cm","bulto","x100","unid"]}]}