{"category_slug":"cotillon","subcategory_slug":"globos_metalizados_numeros","page":4,"page_size":48,"total":280,"items":[{"id":"CA-691265570346","nombre":"GLOBO JB METALIZADO 30\" PLATEADO Nº 6 x5 FB7034","categoria":"Cotillon","subcategoria":"Globos Metalizados Numeros","precio":3150.0,"destacado":false,"descripcion":"* (19/12/2025)","imagen":"assets/products/CA-691265570346.webp","tags":["globo","metalizado","plateado","fb7034"]},{"id":"CA-691265570347","nombre":"GLOBO JB METALIZADO 30\" PLATEADO Nº 7 x5 FB7034","categoria":"Cotillon","subcategoria":"Globos Metalizados Numeros","precio":3150.0,"destacado":false,"descripcion":"* (19/12/2025)","imagen":"assets/products/CA-691265570347.webp","tags":["globo","metalizado","plateado","fb7034"]},{"id":"CA-691265570348","nombre":"GLOBO JB METALIZADO 30\" PLATEADO Nº 8 x5 FB7034","categoria":"Cotillon","subcategoria":"Globos Metalizados Numeros","precio":3150.0,"destacado":false,"descripcion":"* (19/12/2025)","imagen":"assets/products/CA-691265570348.webp","tags":["globo","metalizado","plateado","fb7034"]},{"id":"CA-691265570349","nombre":"GLOBO JB METALIZADO 30\" PLATEADO Nº 9 x5 FB7034","categoria":"Cotillon","subcategoria":"Globos Metalizados Numeros","precio":3150.0,"destacado":false,"descripcion":"* (19/12/2025)","imagen":"assets/products/CA-691265570349.webp","tags":["globo","metalizado","plateado","fb7034"]},{"id":"CA-691265703420","nombre":"GLOBO JB METALIZADO 30\" ROSA GOLD Nº 0 x5 FB7034-4","categoria":"Cotillon","subcategoria":"Globos Metalizados Numeros","precio":3150.0,"destacado":false,"descripcion":"* (19/12/2025)","imagen":"assets/products/CA-691265703420.webp","tags":["globo","metalizado","rosa","gold","fb7034"]},{"id":"CA-691265703421","nombre":"GLOBO JB METALIZADO 30\" ROSA GOLD Nº 1 x5 FB7034-4","categoria":"Cotillon","subcategoria":"Globos Metalizados Numeros","precio":3150.0,"destacado":false,"descripcion":"* (19/12/2025)","imagen":"assets/products/CA-691265703421.webp","tags":["globo","metalizado","rosa","gold","fb7034"]},{"id":"CA-691265703422","nombre":"GLOBO JB METALIZADO 30\" ROSA GOLD Nº 2 x5 FB7034-4","categoria":"Cotillon","subcategoria":"Globos Metalizados Numeros","precio":3150.0,"destacado":false,"descripcion":"* (19/12/2025)","imagen":"assets/products/CA-691265703422.webp","tags":["globo","metalizado","rosa","gold","fb7034"]},{"id":"CA-691265703423","nombre":"GLOBO JB METALIZADO 30\" ROSA GOLD Nº 3 x5 FB7034-4","categoria":"Cotillon","subcategoria":"Globos Metalizados Numeros","precio":3150.0,"destacado":false,"descripcion":"* (19/12/2025)","imagen":"assets/products/CA-691265703423.webp","tags":["globo","metalizado","rosa","gold","fb7034"]},{"id":"CA-691265703424","nombre":"GLOBO JB METALIZADO 30\" ROSA GOLD Nº 4 x5 FB7034-4","categoria":"Cotillon","subcategoria":"Globos Metalizados Numeros","precio":3150.0,"destacado":false,"descripcion":"* (19/12/2025)","imagen":"assets/products/CA-691265703424.webp","tags":["globo","metalizado","rosa","gold","fb7034"]},{"id":"CA-691265703425","nombre":"GLOBO JB METALIZADO 30\" ROSA GOLD Nº 5 x5 FB7034-4","categoria":"Cotillon","subcategoria":"Globos Metalizados Numeros","precio":3150.0,"destacado":false,"descripcion":"* (19/12/2025)","imagen":"assets/products/CA-691265703425.webp","tags":["globo","metalizado","rosa","gold","fb7034"]},{"id":"CA-691265703426","nombre":"GLOBO JB METALIZADO 30\" ROSA GOLD Nº 6 x5 FB7034-4","categoria":"Cotillon","subcategoria":"Globos Metalizados Numeros","precio":3150.0,"destacado":false,"descripcion":"* (19/12/2025)","imagen":"assets/products/CA-691265703426.webp","tags":["globo","metalizado","rosa","gold","fb7034"]},{"id":"CA-691265703427","nombre":"GLOBO JB METALIZADO 30\" ROSA GOLD Nº 7 x5 FB7034-4","categoria":"Cotillon","subcategoria":"Globos Metalizados Numeros","precio":3150.0,"destacado":false,"descripcion":"* (19/12/2025)","imagen":"assets/products/CA-691265703427.webp","tags":["globo","metalizado","rosa","gold","fb7034"]},{"id":"CA-691265703428","nombre":"GLOBO JB METALIZADO 30\" ROSA GOLD Nº 8 x5 FB7034-4","categoria":"Cotillon","subcategoria":"Globos Metalizados Numeros","precio":3150.0,"destacado":false,"descripcion":"* (19/12/2025)","imagen":"assets/products/CA-691265703428.webp","tags":["globo","metalizado","rosa","gold","fb7034"]},{"id":"CA-691265703429","nombre":"GLOBO JB METALIZADO 30\" ROSA GOLD Nº 9 x5 FB7034-4","categoria":"Cotillon","subcategoria":"Globos Metalizados Numeros","precio":3150.0,"destacado":false,"descripcion":"* (19/12/2025)","imagen":"assets/products/CA-691265703429.webp","tags":["globo","metalizado","rosa","gold","fb7034"]},{"id":"CA-691265557356","nombre":"GLOBO JB METALIZADO GUIRNALDA TRANSITO x5 FB7359","categoria":"Cotillon","subcategoria":"Globos Metalizados Numeros","precio":3626.0,"destacado":false,"descripcion":"","imagen":"assets/products/CA-691265557356.webp","tags":["globo","metalizado","guirnalda","transito","fb7359"]},{"id":"CA-690003337097","nombre":"GLOBO METALIZADO UNICORNIO 15\" x10 FB7097(NO APTO PARA HELIO)","categoria":"Cotillon","subcategoria":"Globos Metalizados Numeros","precio":2354.94,"destacado":false,"descripcion":"","imagen":"assets/products/CA-690003337097.webp","tags":["globo","metalizado","unicornio","x10","fb7097","apto","para","helio"]},{"id":"CA-77981941532220","nombre":"GLOBO OVNI METALIZADO 14\" CELESTE Nº0  x5 (NO APTO HELIO) 53222","categoria":"Cotillon","subcategoria":"Globos Metalizados Numeros","precio":2819.26,"destacado":false,"descripcion":"","imagen":"assets/products/CA-77981941532220.webp","tags":["globo","ovni","metalizado","celeste","nº0","apto","helio","53222"]},{"id":"CA-77981941532398","nombre":"GLOBO OVNI METALIZADO 14\" CELESTE Nº1 x5 (NO APTO HELIO) 53239","categoria":"Cotillon","subcategoria":"Globos Metalizados Numeros","precio":2819.26,"destacado":false,"descripcion":"","imagen":"assets/products/CA-77981941532398.webp","tags":["globo","ovni","metalizado","celeste","nº1","apto","helio","53239"]},{"id":"CA-77981941532466","nombre":"GLOBO OVNI METALIZADO 14\" CELESTE Nº2 x5 (NO APTO HELIO) 53246","categoria":"Cotillon","subcategoria":"Globos Metalizados Numeros","precio":2819.26,"destacado":false,"descripcion":"","imagen":"assets/products/CA-77981941532466.webp","tags":["globo","ovni","metalizado","celeste","nº2","apto","helio","53246"]},{"id":"CA-77981941532534","nombre":"GLOBO OVNI METALIZADO 14\" CELESTE Nº3 x5 (NO APTO HELIO) 53253","categoria":"Cotillon","subcategoria":"Globos Metalizados Numeros","precio":2819.26,"destacado":false,"descripcion":"","imagen":"assets/products/CA-77981941532534.webp","tags":["globo","ovni","metalizado","celeste","nº3","apto","helio","53253"]},{"id":"CA-77981941532602","nombre":"GLOBO OVNI METALIZADO 14\" CELESTE Nº4 x5 (NO APTO HELIO) 53260","categoria":"Cotillon","subcategoria":"Globos Metalizados Numeros","precio":2819.26,"destacado":false,"descripcion":"","imagen":"assets/products/CA-77981941532602.webp","tags":["globo","ovni","metalizado","celeste","nº4","apto","helio","53260"]},{"id":"CA-77981941532770","nombre":"GLOBO OVNI METALIZADO 14\" CELESTE Nº5 x5 (NO APTO HELIO) 53277","categoria":"Cotillon","subcategoria":"Globos Metalizados Numeros","precio":2819.26,"destacado":false,"descripcion":"","imagen":"assets/products/CA-77981941532770.webp","tags":["globo","ovni","metalizado","celeste","nº5","apto","helio","53277"]},{"id":"CA-77981941532848","nombre":"GLOBO OVNI METALIZADO 14\" CELESTE Nº6 x5 (NO APTO HELIO) 53284","categoria":"Cotillon","subcategoria":"Globos Metalizados Numeros","precio":2819.26,"destacado":false,"descripcion":"","imagen":"assets/products/CA-77981941532848.webp","tags":["globo","ovni","metalizado","celeste","nº6","apto","helio","53284"]},{"id":"CA-77981941532916","nombre":"GLOBO OVNI METALIZADO 14\" CELESTE Nº7 x5 (NO APTO HELIO) 53291","categoria":"Cotillon","subcategoria":"Globos Metalizados Numeros","precio":2819.26,"destacado":false,"descripcion":"","imagen":"assets/products/CA-77981941532916.webp","tags":["globo","ovni","metalizado","celeste","nº7","apto","helio","53291"]},{"id":"CA-77981941533074","nombre":"GLOBO OVNI METALIZADO 14\" CELESTE Nº8 x5 (NO APTO HELIO) 53307","categoria":"Cotillon","subcategoria":"Globos Metalizados Numeros","precio":2819.26,"destacado":false,"descripcion":"","imagen":"assets/products/CA-77981941533074.webp","tags":["globo","ovni","metalizado","celeste","nº8","apto","helio","53307"]},{"id":"CA-77981941533142","nombre":"GLOBO OVNI METALIZADO 14\" CELESTE Nº9 x5 (NO APTO HELIO)53314","categoria":"Cotillon","subcategoria":"Globos Metalizados Numeros","precio":2819.26,"destacado":false,"descripcion":"","imagen":"assets/products/CA-77981941533142.webp","tags":["globo","ovni","metalizado","celeste","nº9","apto","helio","53314"]},{"id":"CA-77981941538192","nombre":"GLOBO OVNI METALIZADO 14\" DORADO Nº 0 x5 (NO APTO HELIO) 53819","categoria":"Cotillon","subcategoria":"Globos Metalizados Numeros","precio":2819.26,"destacado":false,"descripcion":"","imagen":"assets/products/CA-77981941538192.webp","tags":["globo","ovni","metalizado","dorado","apto","helio","53819"]},{"id":"CA-77981941538260","nombre":"GLOBO OVNI METALIZADO 14\" DORADO Nº 1 x5 (NO APTO HELIO) 53826","categoria":"Cotillon","subcategoria":"Globos Metalizados Numeros","precio":2819.26,"destacado":false,"descripcion":"","imagen":"assets/products/CA-77981941538260.webp","tags":["globo","ovni","metalizado","dorado","apto","helio","53826"]},{"id":"CA-77981941538338","nombre":"GLOBO OVNI METALIZADO 14\" DORADO Nº 2 x5 (NO APTO HELIO) 53833","categoria":"Cotillon","subcategoria":"Globos Metalizados Numeros","precio":2819.26,"destacado":false,"descripcion":"","imagen":"assets/products/CA-77981941538338.webp","tags":["globo","ovni","metalizado","dorado","apto","helio","53833"]},{"id":"CA-77981941538406","nombre":"GLOBO OVNI METALIZADO 14\" DORADO Nº 3 x5 (NO APTO HELIO) 53840","categoria":"Cotillon","subcategoria":"Globos Metalizados Numeros","precio":2819.26,"destacado":false,"descripcion":"","imagen":"assets/products/CA-77981941538406.webp","tags":["globo","ovni","metalizado","dorado","apto","helio","53840"]},{"id":"CA-77981941538642","nombre":"GLOBO OVNI METALIZADO 14\" DORADO Nº 4 x5 (NO APTO HELIO) 53864","categoria":"Cotillon","subcategoria":"Globos Metalizados Numeros","precio":2819.26,"destacado":false,"descripcion":"","imagen":"assets/products/CA-77981941538642.webp","tags":["globo","ovni","metalizado","dorado","apto","helio","53864"]},{"id":"CA-77981941538710","nombre":"GLOBO OVNI METALIZADO 14\" DORADO Nº 5 x5 (NO APTO HELIO) 53871","categoria":"Cotillon","subcategoria":"Globos Metalizados Numeros","precio":2819.26,"destacado":false,"descripcion":"","imagen":"assets/products/CA-77981941538710.webp","tags":["globo","ovni","metalizado","dorado","apto","helio","53871"]},{"id":"CA-77981941538888","nombre":"GLOBO OVNI METALIZADO 14\" DORADO Nº 6 x5 (NO APTO HELIO)53888","categoria":"Cotillon","subcategoria":"Globos Metalizados Numeros","precio":2819.26,"destacado":false,"descripcion":"","imagen":"assets/products/CA-77981941538888.webp","tags":["globo","ovni","metalizado","dorado","apto","helio","53888"]},{"id":"CA-77981941538956","nombre":"GLOBO OVNI METALIZADO 14\" DORADO Nº 7 x5 (NO APTO HELIO) 53895","categoria":"Cotillon","subcategoria":"Globos Metalizados Numeros","precio":2819.26,"destacado":false,"descripcion":"","imagen":"assets/products/CA-77981941538956.webp","tags":["globo","ovni","metalizado","dorado","apto","helio","53895"]},{"id":"CA-77981941539014","nombre":"GLOBO OVNI METALIZADO 14\" DORADO Nº 8 x5 (NO APTO HELIO) 53901","categoria":"Cotillon","subcategoria":"Globos Metalizados Numeros","precio":2819.26,"destacado":false,"descripcion":"","imagen":"assets/products/CA-77981941539014.webp","tags":["globo","ovni","metalizado","dorado","apto","helio","53901"]},{"id":"CA-77981941539182","nombre":"GLOBO OVNI METALIZADO 14\" DORADO Nº 9 x5 (NO APTO HELIO) 53918","categoria":"Cotillon","subcategoria":"Globos Metalizados Numeros","precio":2819.26,"destacado":false,"descripcion":"","imagen":"assets/products/CA-77981941539182.webp","tags":["globo","ovni","metalizado","dorado","apto","helio","53918"]},{"id":"CA-77981941533210","nombre":"GLOBO OVNI METALIZADO 14\" FUCSIA Nº 0 x5 (NO APTO HELIO) 53321","categoria":"Cotillon","subcategoria":"Globos Metalizados Numeros","precio":2819.26,"destacado":false,"descripcion":"","imagen":"assets/products/CA-77981941533210.webp","tags":["globo","ovni","metalizado","fucsia","apto","helio","53321"]},{"id":"CA-77981941533388","nombre":"GLOBO OVNI METALIZADO 14\" FUCSIA Nº 1 x5 (NO APTO HELIO) 53338","categoria":"Cotillon","subcategoria":"Globos Metalizados Numeros","precio":2819.26,"destacado":false,"descripcion":"","imagen":"assets/products/CA-77981941533388.webp","tags":["globo","ovni","metalizado","fucsia","apto","helio","53338"]},{"id":"CA-77981941533456","nombre":"GLOBO OVNI METALIZADO 14\" FUCSIA Nº 2 x5 (NO APTO HELIO) 53345","categoria":"Cotillon","subcategoria":"Globos Metalizados Numeros","precio":2819.26,"destacado":false,"descripcion":"","imagen":"assets/products/CA-77981941533456.webp","tags":["globo","ovni","metalizado","fucsia","apto","helio","53345"]},{"id":"CA-77981941533524","nombre":"GLOBO OVNI METALIZADO 14\" FUCSIA Nº 3 x5 (NO APTO HELIO) 53352","categoria":"Cotillon","subcategoria":"Globos Metalizados Numeros","precio":2819.26,"destacado":false,"descripcion":"","imagen":"assets/products/CA-77981941533524.webp","tags":["globo","ovni","metalizado","fucsia","apto","helio","53352"]},{"id":"CA-77981941533692","nombre":"GLOBO OVNI METALIZADO 14\" FUCSIA Nº 4 x5 (NO APTO HELIO) 53369","categoria":"Cotillon","subcategoria":"Globos Metalizados Numeros","precio":2819.26,"destacado":false,"descripcion":"","imagen":"assets/products/CA-77981941533692.webp","tags":["globo","ovni","metalizado","fucsia","apto","helio","53369"]},{"id":"CA-77981941533760","nombre":"GLOBO OVNI METALIZADO 14\" FUCSIA Nº 5 x5 (NO APTO HELIO) 53376","categoria":"Cotillon","subcategoria":"Globos Metalizados Numeros","precio":2819.26,"destacado":false,"descripcion":"","imagen":"assets/products/CA-77981941533760.webp","tags":["globo","ovni","metalizado","fucsia","apto","helio","53376"]},{"id":"CA-77981941533838","nombre":"GLOBO OVNI METALIZADO 14\" FUCSIA Nº 6 x5 (NO APTO HELIO) 53383","categoria":"Cotillon","subcategoria":"Globos Metalizados Numeros","precio":2819.26,"destacado":false,"descripcion":"","imagen":"assets/products/CA-77981941533838.webp","tags":["globo","ovni","metalizado","fucsia","apto","helio","53383"]},{"id":"CA-77981941533906","nombre":"GLOBO OVNI METALIZADO 14\" FUCSIA Nº 7 x5 (NO APTO HELIO) 53390","categoria":"Cotillon","subcategoria":"Globos Metalizados Numeros","precio":2819.26,"destacado":false,"descripcion":"","imagen":"assets/products/CA-77981941533906.webp","tags":["globo","ovni","metalizado","fucsia","apto","helio","53390"]},{"id":"CA-77981941534064","nombre":"GLOBO OVNI METALIZADO 14\" FUCSIA Nº 8 x5 (NO APTO HELIO) 53406","categoria":"Cotillon","subcategoria":"Globos Metalizados Numeros","precio":2819.26,"destacado":false,"descripcion":"","imagen":"assets/products/CA-77981941534064.webp","tags":["globo","ovni","metalizado","fucsia","apto","helio","53406"]},{"id":"CA-77981941534132","nombre":"GLOBO OVNI METALIZADO 14\" FUCSIA Nº 9 x5 (NO APTO HELIO) 53413","categoria":"Cotillon","subcategoria":"Globos Metalizados Numeros","precio":2819.26,"destacado":false,"descripcion":"","imagen":"assets/products/CA-77981941534132.webp","tags":["globo","ovni","metalizado","fucsia","apto","helio","53413"]},{"id":"CA-60981941725226","nombre":"GLOBO OVNI METALIZADO 14\" NEGRO Nº 0 x5 (NO APTO HELIO) 72522","categoria":"Cotillon","subcategoria":"Globos Metalizados Numeros","precio":2819.26,"destacado":false,"descripcion":"","imagen":"assets/products/CA-60981941725226.webp","tags":["globo","ovni","metalizado","negro","apto","helio","72522"]},{"id":"CA-60981941725394","nombre":"GLOBO OVNI METALIZADO 14\" NEGRO Nº 1 x5 (NO APTO HELIO) 72539","categoria":"Cotillon","subcategoria":"Globos Metalizados Numeros","precio":2819.26,"destacado":false,"descripcion":"","imagen":"assets/products/CA-60981941725394.webp","tags":["globo","ovni","metalizado","negro","apto","helio","72539"]}]}