{"category_slug":"cotillon","subcategory_slug":"globos_metalizados_numeros","page":3,"page_size":48,"total":280,"items":[{"id":"CA-344602802220","nombre":"GLOBO FRASE CURSIVA FELIZ CUMPLEAÑOS ROJO x1","categoria":"Cotillon","subcategoria":"Globos Metalizados Numeros","precio":1650.53,"destacado":false,"descripcion":"","imagen":"assets/products/CA-344602802220.webp","tags":["globo","frase","cursiva","feliz","cumpleaños","rojo"]},{"id":"CA-579027593339","nombre":"GLOBO FRASE CURSIVA FELIZ CUMPLEAÑOS ROSA x 1","categoria":"Cotillon","subcategoria":"Globos Metalizados Numeros","precio":1650.53,"destacado":false,"descripcion":"","imagen":"assets/products/CA-579027593339.webp","tags":["globo","frase","cursiva","feliz","cumpleaños","rosa"]},{"id":"CA-691265702910","nombre":"GLOBO JB METALIZADO 16\" DORADO Nº0 x10","categoria":"Cotillon","subcategoria":"Globos Metalizados Numeros","precio":2100.0,"destacado":false,"descripcion":"* (19/12/2025)","imagen":"assets/products/CA-691265702910.webp","tags":["globo","metalizado","dorado","nº0","x10"]},{"id":"CA-691265702911","nombre":"GLOBO JB METALIZADO 16\" DORADO Nº1 x10","categoria":"Cotillon","subcategoria":"Globos Metalizados Numeros","precio":2100.0,"destacado":false,"descripcion":"* (19/12/2025)","imagen":"assets/products/CA-691265702911.webp","tags":["globo","metalizado","dorado","nº1","x10"]},{"id":"CA-691265702912","nombre":"GLOBO JB METALIZADO 16\" DORADO Nº2 x10","categoria":"Cotillon","subcategoria":"Globos Metalizados Numeros","precio":2100.0,"destacado":false,"descripcion":"* (19/12/2025)","imagen":"assets/products/CA-691265702912.webp","tags":["globo","metalizado","dorado","nº2","x10"]},{"id":"CA-691265702913","nombre":"GLOBO JB METALIZADO 16\" DORADO Nº3 x10","categoria":"Cotillon","subcategoria":"Globos Metalizados Numeros","precio":2100.0,"destacado":false,"descripcion":"* (19/12/2025)","imagen":"assets/products/CA-691265702913.webp","tags":["globo","metalizado","dorado","nº3","x10"]},{"id":"CA-691265702914","nombre":"GLOBO JB METALIZADO 16\" DORADO Nº4 x10","categoria":"Cotillon","subcategoria":"Globos Metalizados Numeros","precio":2100.0,"destacado":false,"descripcion":"* (19/12/2025)","imagen":"assets/products/CA-691265702914.webp","tags":["globo","metalizado","dorado","nº4","x10"]},{"id":"CA-691265702915","nombre":"GLOBO JB METALIZADO 16\" DORADO Nº5 x10","categoria":"Cotillon","subcategoria":"Globos Metalizados Numeros","precio":2100.0,"destacado":false,"descripcion":"* (19/12/2025)","imagen":"assets/products/CA-691265702915.webp","tags":["globo","metalizado","dorado","nº5","x10"]},{"id":"CA-691265702916","nombre":"GLOBO JB METALIZADO 16\" DORADO Nº6 x10","categoria":"Cotillon","subcategoria":"Globos Metalizados Numeros","precio":2100.0,"destacado":false,"descripcion":"* (19/12/2025)","imagen":"assets/products/CA-691265702916.webp","tags":["globo","metalizado","dorado","nº6","x10"]},{"id":"CA-691265702917","nombre":"GLOBO JB METALIZADO 16\" DORADO Nº7 x10","categoria":"Cotillon","subcategoria":"Globos Metalizados Numeros","precio":2100.0,"destacado":false,"descripcion":"* (19/12/2025)","imagen":"assets/products/CA-691265702917.webp","tags":["globo","metalizado","dorado","nº7","x10"]},{"id":"CA-691265702918","nombre":"GLOBO JB METALIZADO 16\" DORADO Nº8 x10","categoria":"Cotillon","subcategoria":"Globos Metalizados Numeros","precio":2100.0,"destacado":false,"descripcion":"* (19/12/2025)","imagen":"assets/products/CA-691265702918.webp","tags":["globo","metalizado","dorado","nº8","x10"]},{"id":"CA-691265702919","nombre":"GLOBO JB METALIZADO 16\" DORADO Nº9 x10","categoria":"Cotillon","subcategoria":"Globos Metalizados Numeros","precio":2100.0,"destacado":false,"descripcion":"* (19/12/2025)","imagen":"assets/products/CA-691265702919.webp","tags":["globo","metalizado","dorado","nº9","x10"]},{"id":"CA-691265570290","nombre":"GLOBO JB METALIZADO 16\" PLATEADO Nº0 x10","categoria":"Cotillon","subcategoria":"Globos Metalizados Numeros","precio":2100.0,"destacado":false,"descripcion":"* (19/12/2025)","imagen":"assets/products/CA-691265570290.webp","tags":["globo","metalizado","plateado","nº0","x10"]},{"id":"CA-691265570291","nombre":"GLOBO JB METALIZADO 16\" PLATEADO Nº1 x10","categoria":"Cotillon","subcategoria":"Globos Metalizados Numeros","precio":2100.0,"destacado":false,"descripcion":"* (19/12/2025)","imagen":"assets/products/CA-691265570291.webp","tags":["globo","metalizado","plateado","nº1","x10"]},{"id":"CA-691265570292","nombre":"GLOBO JB METALIZADO 16\" PLATEADO Nº2 x10","categoria":"Cotillon","subcategoria":"Globos Metalizados Numeros","precio":2100.0,"destacado":false,"descripcion":"* (19/12/2025)","imagen":"assets/products/CA-691265570292.webp","tags":["globo","metalizado","plateado","nº2","x10"]},{"id":"CA-691265570293","nombre":"GLOBO JB METALIZADO 16\" PLATEADO Nº3 x10","categoria":"Cotillon","subcategoria":"Globos Metalizados Numeros","precio":2100.0,"destacado":false,"descripcion":"* (19/12/2025)","imagen":"assets/products/CA-691265570293.webp","tags":["globo","metalizado","plateado","nº3","x10"]},{"id":"CA-691265570294","nombre":"GLOBO JB METALIZADO 16\" PLATEADO Nº4 x10","categoria":"Cotillon","subcategoria":"Globos Metalizados Numeros","precio":2100.0,"destacado":false,"descripcion":"* (19/12/2025)","imagen":"assets/products/CA-691265570294.webp","tags":["globo","metalizado","plateado","nº4","x10"]},{"id":"CA-691265570295","nombre":"GLOBO JB METALIZADO 16\" PLATEADO Nº5 x10","categoria":"Cotillon","subcategoria":"Globos Metalizados Numeros","precio":2100.0,"destacado":false,"descripcion":"* (19/12/2025)","imagen":"assets/products/CA-691265570295.webp","tags":["globo","metalizado","plateado","nº5","x10"]},{"id":"CA-691265570296","nombre":"GLOBO JB METALIZADO 16\" PLATEADO Nº6 x10","categoria":"Cotillon","subcategoria":"Globos Metalizados Numeros","precio":2100.0,"destacado":false,"descripcion":"* (19/12/2025)","imagen":"assets/products/CA-691265570296.webp","tags":["globo","metalizado","plateado","nº6","x10"]},{"id":"CA-691265570297","nombre":"GLOBO JB METALIZADO 16\" PLATEADO Nº7 x10","categoria":"Cotillon","subcategoria":"Globos Metalizados Numeros","precio":2100.0,"destacado":false,"descripcion":"* (19/12/2025)","imagen":"assets/products/CA-691265570297.webp","tags":["globo","metalizado","plateado","nº7","x10"]},{"id":"CA-691265570298","nombre":"GLOBO JB METALIZADO 16\" PLATEADO Nº8 x10","categoria":"Cotillon","subcategoria":"Globos Metalizados Numeros","precio":2100.0,"destacado":false,"descripcion":"* (19/12/2025)","imagen":"assets/products/CA-691265570298.webp","tags":["globo","metalizado","plateado","nº8","x10"]},{"id":"CA-691265570299","nombre":"GLOBO JB METALIZADO 16\" PLATEADO Nº9 x10","categoria":"Cotillon","subcategoria":"Globos Metalizados Numeros","precio":2100.0,"destacado":false,"descripcion":"* (19/12/2025)","imagen":"assets/products/CA-691265570299.webp","tags":["globo","metalizado","plateado","nº9","x10"]},{"id":"CA-691265702920","nombre":"GLOBO JB METALIZADO 16\" ROSA GOLD Nº 0 x10","categoria":"Cotillon","subcategoria":"Globos Metalizados Numeros","precio":2100.0,"destacado":false,"descripcion":"* (19/12/2025)","imagen":"assets/products/CA-691265702920.webp","tags":["globo","metalizado","rosa","gold","x10"]},{"id":"CA-691265702921","nombre":"GLOBO JB METALIZADO 16\" ROSA GOLD Nº 1 x10","categoria":"Cotillon","subcategoria":"Globos Metalizados Numeros","precio":2100.0,"destacado":false,"descripcion":"* (19/12/2025)","imagen":"assets/products/CA-691265702921.webp","tags":["globo","metalizado","rosa","gold","x10"]},{"id":"CA-691265702922","nombre":"GLOBO JB METALIZADO 16\" ROSA GOLD Nº 2 x10","categoria":"Cotillon","subcategoria":"Globos Metalizados Numeros","precio":2100.0,"destacado":false,"descripcion":"* (19/12/2025)","imagen":"assets/products/CA-691265702922.webp","tags":["globo","metalizado","rosa","gold","x10"]},{"id":"CA-691265702923","nombre":"GLOBO JB METALIZADO 16\" ROSA GOLD Nº 3 x10","categoria":"Cotillon","subcategoria":"Globos Metalizados Numeros","precio":2100.0,"destacado":false,"descripcion":"* (19/12/2025)","imagen":"assets/products/CA-691265702923.webp","tags":["globo","metalizado","rosa","gold","x10"]},{"id":"CA-691265702924","nombre":"GLOBO JB METALIZADO 16\" ROSA GOLD Nº 4 x10","categoria":"Cotillon","subcategoria":"Globos Metalizados Numeros","precio":2100.0,"destacado":false,"descripcion":"* (19/12/2025)","imagen":"assets/products/CA-691265702924.webp","tags":["globo","metalizado","rosa","gold","x10"]},{"id":"CA-691265702925","nombre":"GLOBO JB METALIZADO 16\" ROSA GOLD Nº 5 x10","categoria":"Cotillon","subcategoria":"Globos Metalizados Numeros","precio":2100.0,"destacado":false,"descripcion":"* (19/12/2025)","imagen":"assets/products/CA-691265702925.webp","tags":["globo","metalizado","rosa","gold","x10"]},{"id":"CA-691265702926","nombre":"GLOBO JB METALIZADO 16\" ROSA GOLD Nº 6 x10","categoria":"Cotillon","subcategoria":"Globos Metalizados Numeros","precio":2100.0,"destacado":false,"descripcion":"* (19/12/2025)","imagen":"assets/products/CA-691265702926.webp","tags":["globo","metalizado","rosa","gold","x10"]},{"id":"CA-691265702927","nombre":"GLOBO JB METALIZADO 16\" ROSA GOLD Nº 7 x10","categoria":"Cotillon","subcategoria":"Globos Metalizados Numeros","precio":2100.0,"destacado":false,"descripcion":"* (19/12/2025)","imagen":"assets/products/CA-691265702927.webp","tags":["globo","metalizado","rosa","gold","x10"]},{"id":"CA-691265702928","nombre":"GLOBO JB METALIZADO 16\" ROSA GOLD Nº 8 x10","categoria":"Cotillon","subcategoria":"Globos Metalizados Numeros","precio":2100.0,"destacado":false,"descripcion":"* (19/12/2025)","imagen":"assets/products/CA-691265702928.webp","tags":["globo","metalizado","rosa","gold","x10"]},{"id":"CA-691265702929","nombre":"GLOBO JB METALIZADO 16\" ROSA GOLD Nº 9 x10","categoria":"Cotillon","subcategoria":"Globos Metalizados Numeros","precio":2100.0,"destacado":false,"descripcion":"* (19/12/2025)","imagen":"assets/products/CA-691265702929.webp","tags":["globo","metalizado","rosa","gold","x10"]},{"id":"CA-691265703410","nombre":"GLOBO JB METALIZADO 30\" DORADO Nº 0 x5 FB7034-3","categoria":"Cotillon","subcategoria":"Globos Metalizados Numeros","precio":3150.0,"destacado":false,"descripcion":"* (19/12/2025)","imagen":"assets/products/CA-691265703410.webp","tags":["globo","metalizado","dorado","fb7034"]},{"id":"CA-691265703411","nombre":"GLOBO JB METALIZADO 30\" DORADO Nº 1 x5 FB7034-3","categoria":"Cotillon","subcategoria":"Globos Metalizados Numeros","precio":3150.0,"destacado":false,"descripcion":"* (19/12/2025)","imagen":"assets/products/CA-691265703411.webp","tags":["globo","metalizado","dorado","fb7034"]},{"id":"CA-691265703412","nombre":"GLOBO JB METALIZADO 30\" DORADO Nº 2 x5 FB7034-3","categoria":"Cotillon","subcategoria":"Globos Metalizados Numeros","precio":3150.0,"destacado":false,"descripcion":"* (19/12/2025)","imagen":"assets/products/CA-691265703412.webp","tags":["globo","metalizado","dorado","fb7034"]},{"id":"CA-691265703413","nombre":"GLOBO JB METALIZADO 30\" DORADO Nº 3 x5 FB7034-3","categoria":"Cotillon","subcategoria":"Globos Metalizados Numeros","precio":3150.0,"destacado":false,"descripcion":"* (19/12/2025)","imagen":"assets/products/CA-691265703413.webp","tags":["globo","metalizado","dorado","fb7034"]},{"id":"CA-691265703414","nombre":"GLOBO JB METALIZADO 30\" DORADO Nº 4 x5 FB7034-3","categoria":"Cotillon","subcategoria":"Globos Metalizados Numeros","precio":3150.0,"destacado":false,"descripcion":"* (19/12/2025)","imagen":"assets/products/CA-691265703414.webp","tags":["globo","metalizado","dorado","fb7034"]},{"id":"CA-691265703415","nombre":"GLOBO JB METALIZADO 30\" DORADO Nº 5 x5 FB7034-3","categoria":"Cotillon","subcategoria":"Globos Metalizados Numeros","precio":3150.0,"destacado":false,"descripcion":"* (19/12/2025)","imagen":"assets/products/CA-691265703415.webp","tags":["globo","metalizado","dorado","fb7034"]},{"id":"CA-691265703416","nombre":"GLOBO JB METALIZADO 30\" DORADO Nº 6 x5 FB7034-3","categoria":"Cotillon","subcategoria":"Globos Metalizados Numeros","precio":3150.0,"destacado":false,"descripcion":"* (19/12/2025)","imagen":"assets/products/CA-691265703416.webp","tags":["globo","metalizado","dorado","fb7034"]},{"id":"CA-691265703417","nombre":"GLOBO JB METALIZADO 30\" DORADO Nº 7 x5 FB7034-3","categoria":"Cotillon","subcategoria":"Globos Metalizados Numeros","precio":3150.0,"destacado":false,"descripcion":"* (19/12/2025)","imagen":"assets/products/CA-691265703417.webp","tags":["globo","metalizado","dorado","fb7034"]},{"id":"CA-691265703418","nombre":"GLOBO JB METALIZADO 30\" DORADO Nº 8 x5 FB7034-3","categoria":"Cotillon","subcategoria":"Globos Metalizados Numeros","precio":3150.0,"destacado":false,"descripcion":"* (19/12/2025)","imagen":"assets/products/CA-691265703418.webp","tags":["globo","metalizado","dorado","fb7034"]},{"id":"CA-691265703419","nombre":"GLOBO JB METALIZADO 30\" DORADO Nº 9 x5 FB7034-3","categoria":"Cotillon","subcategoria":"Globos Metalizados Numeros","precio":3150.0,"destacado":false,"descripcion":"* (19/12/2025)","imagen":"assets/products/CA-691265703419.webp","tags":["globo","metalizado","dorado","fb7034"]},{"id":"CA-691265570340","nombre":"GLOBO JB METALIZADO 30\" PLATEADO Nº 0 x5 FB7034","categoria":"Cotillon","subcategoria":"Globos Metalizados Numeros","precio":3150.0,"destacado":false,"descripcion":"* (19/12/2025)","imagen":"assets/products/CA-691265570340.webp","tags":["globo","metalizado","plateado","fb7034"]},{"id":"CA-691265570341","nombre":"GLOBO JB METALIZADO 30\" PLATEADO Nº 1 x5 FB7034","categoria":"Cotillon","subcategoria":"Globos Metalizados Numeros","precio":3150.0,"destacado":false,"descripcion":"* (19/12/2025)","imagen":"assets/products/CA-691265570341.webp","tags":["globo","metalizado","plateado","fb7034"]},{"id":"CA-691265570342","nombre":"GLOBO JB METALIZADO 30\" PLATEADO Nº 2 x5 FB7034","categoria":"Cotillon","subcategoria":"Globos Metalizados Numeros","precio":3150.0,"destacado":false,"descripcion":"* (19/12/2025)","imagen":"assets/products/CA-691265570342.webp","tags":["globo","metalizado","plateado","fb7034"]},{"id":"CA-691265570343","nombre":"GLOBO JB METALIZADO 30\" PLATEADO Nº 3 x5 FB7034","categoria":"Cotillon","subcategoria":"Globos Metalizados Numeros","precio":3150.0,"destacado":false,"descripcion":"* (19/12/2025)","imagen":"assets/products/CA-691265570343.webp","tags":["globo","metalizado","plateado","fb7034"]},{"id":"CA-691265570344","nombre":"GLOBO JB METALIZADO 30\" PLATEADO Nº 4 x5 FB7034","categoria":"Cotillon","subcategoria":"Globos Metalizados Numeros","precio":3150.0,"destacado":false,"descripcion":"* (19/12/2025)","imagen":"assets/products/CA-691265570344.webp","tags":["globo","metalizado","plateado","fb7034"]},{"id":"CA-691265570345","nombre":"GLOBO JB METALIZADO 30\" PLATEADO Nº 5 x5 FB7034","categoria":"Cotillon","subcategoria":"Globos Metalizados Numeros","precio":3150.0,"destacado":false,"descripcion":"* (19/12/2025)","imagen":"assets/products/CA-691265570345.webp","tags":["globo","metalizado","plateado","fb7034"]}]}