{"category_slug":"cotillon","subcategory_slug":"globos_metalizados_numeros","page":6,"page_size":48,"total":280,"items":[{"id":"CA-779819415968","nombre":"GLOBO OVNI METALIZADO 34\" DORADO Nº 0 x1 59682","categoria":"Cotillon","subcategoria":"Globos Metalizados Numeros","precio":2029.06,"destacado":false,"descripcion":"","imagen":"assets/products/CA-779819415968.webp","tags":["globo","ovni","metalizado","dorado","59682"]},{"id":"CA-779819415969","nombre":"GLOBO OVNI METALIZADO 34\" DORADO Nº 1 x1 59699","categoria":"Cotillon","subcategoria":"Globos Metalizados Numeros","precio":2029.06,"destacado":false,"descripcion":"","imagen":"assets/products/CA-779819415969.webp","tags":["globo","ovni","metalizado","dorado","59699"]},{"id":"CA-779819415970","nombre":"GLOBO OVNI METALIZADO 34\" DORADO Nº 2 x1 59705","categoria":"Cotillon","subcategoria":"Globos Metalizados Numeros","precio":2029.06,"destacado":false,"descripcion":"","imagen":"assets/products/CA-779819415970.webp","tags":["globo","ovni","metalizado","dorado","59705"]},{"id":"CA-779819415971","nombre":"GLOBO OVNI METALIZADO 34\" DORADO Nº 3 x1 59712","categoria":"Cotillon","subcategoria":"Globos Metalizados Numeros","precio":2029.06,"destacado":false,"descripcion":"","imagen":"assets/products/CA-779819415971.webp","tags":["globo","ovni","metalizado","dorado","59712"]},{"id":"CA-779819415972","nombre":"GLOBO OVNI METALIZADO 34\" DORADO Nº 4 x1 59729","categoria":"Cotillon","subcategoria":"Globos Metalizados Numeros","precio":2029.06,"destacado":false,"descripcion":"","imagen":"assets/products/CA-779819415972.webp","tags":["globo","ovni","metalizado","dorado","59729"]},{"id":"CA-779819415973","nombre":"GLOBO OVNI METALIZADO 34\" DORADO Nº 5 x1 59736","categoria":"Cotillon","subcategoria":"Globos Metalizados Numeros","precio":2029.06,"destacado":false,"descripcion":"","imagen":"assets/products/CA-779819415973.webp","tags":["globo","ovni","metalizado","dorado","59736"]},{"id":"CA-779819415974","nombre":"GLOBO OVNI METALIZADO 34\" DORADO Nº 6 x1 59743","categoria":"Cotillon","subcategoria":"Globos Metalizados Numeros","precio":2029.06,"destacado":false,"descripcion":"","imagen":"assets/products/CA-779819415974.webp","tags":["globo","ovni","metalizado","dorado","59743"]},{"id":"CA-779819415975","nombre":"GLOBO OVNI METALIZADO 34\" DORADO Nº 7 x1 59750","categoria":"Cotillon","subcategoria":"Globos Metalizados Numeros","precio":2029.06,"destacado":false,"descripcion":"","imagen":"assets/products/CA-779819415975.webp","tags":["globo","ovni","metalizado","dorado","59750"]},{"id":"CA-779819415976","nombre":"GLOBO OVNI METALIZADO 34\" DORADO Nº 8 x1 59767","categoria":"Cotillon","subcategoria":"Globos Metalizados Numeros","precio":2029.06,"destacado":false,"descripcion":"","imagen":"assets/products/CA-779819415976.webp","tags":["globo","ovni","metalizado","dorado","59767"]},{"id":"CA-779819415977","nombre":"GLOBO OVNI METALIZADO 34\" DORADO Nº 9 x1 59774","categoria":"Cotillon","subcategoria":"Globos Metalizados Numeros","precio":2029.06,"destacado":false,"descripcion":"","imagen":"assets/products/CA-779819415977.webp","tags":["globo","ovni","metalizado","dorado","59774"]},{"id":"CA-779819415455","nombre":"GLOBO OVNI METALIZADO 34\" PLATEADO Nº 0 x1 54557","categoria":"Cotillon","subcategoria":"Globos Metalizados Numeros","precio":2029.06,"destacado":false,"descripcion":"","imagen":"assets/products/CA-779819415455.webp","tags":["globo","ovni","metalizado","plateado","54557"]},{"id":"CA-779819415456","nombre":"GLOBO OVNI METALIZADO 34\" PLATEADO Nº 1 x1  54564","categoria":"Cotillon","subcategoria":"Globos Metalizados Numeros","precio":2029.06,"destacado":false,"descripcion":"","imagen":"assets/products/CA-779819415456.webp","tags":["globo","ovni","metalizado","plateado","54564"]},{"id":"CA-779819415457","nombre":"GLOBO OVNI METALIZADO 34\" PLATEADO Nº 2 x1 54571","categoria":"Cotillon","subcategoria":"Globos Metalizados Numeros","precio":2029.06,"destacado":false,"descripcion":"","imagen":"assets/products/CA-779819415457.webp","tags":["globo","ovni","metalizado","plateado","54571"]},{"id":"CA-779819415458","nombre":"GLOBO OVNI METALIZADO 34\" PLATEADO Nº 3 x1 54588","categoria":"Cotillon","subcategoria":"Globos Metalizados Numeros","precio":2029.06,"destacado":false,"descripcion":"","imagen":"assets/products/CA-779819415458.webp","tags":["globo","ovni","metalizado","plateado","54588"]},{"id":"CA-779819415459","nombre":"GLOBO OVNI METALIZADO 34\" PLATEADO Nº 4 x1 54595","categoria":"Cotillon","subcategoria":"Globos Metalizados Numeros","precio":2029.06,"destacado":false,"descripcion":"","imagen":"assets/products/CA-779819415459.webp","tags":["globo","ovni","metalizado","plateado","54595"]},{"id":"CA-779819415460","nombre":"GLOBO OVNI METALIZADO 34\" PLATEADO Nº 5 x1 54601","categoria":"Cotillon","subcategoria":"Globos Metalizados Numeros","precio":2029.06,"destacado":false,"descripcion":"","imagen":"assets/products/CA-779819415460.webp","tags":["globo","ovni","metalizado","plateado","54601"]},{"id":"CA-779819415461","nombre":"GLOBO OVNI METALIZADO 34\" PLATEADO Nº 6 x1 54618","categoria":"Cotillon","subcategoria":"Globos Metalizados Numeros","precio":2029.06,"destacado":false,"descripcion":"","imagen":"assets/products/CA-779819415461.webp","tags":["globo","ovni","metalizado","plateado","54618"]},{"id":"CA-779819415462","nombre":"GLOBO OVNI METALIZADO 34\" PLATEADO Nº 7 x1 54625","categoria":"Cotillon","subcategoria":"Globos Metalizados Numeros","precio":2029.06,"destacado":false,"descripcion":"","imagen":"assets/products/CA-779819415462.webp","tags":["globo","ovni","metalizado","plateado","54625"]},{"id":"CA-779819415463","nombre":"GLOBO OVNI METALIZADO 34\" PLATEADO Nº 8 x1 54632","categoria":"Cotillon","subcategoria":"Globos Metalizados Numeros","precio":2029.06,"destacado":false,"descripcion":"","imagen":"assets/products/CA-779819415463.webp","tags":["globo","ovni","metalizado","plateado","54632"]},{"id":"CA-779819415464","nombre":"GLOBO OVNI METALIZADO 34\" PLATEADO Nº 9 x1 54649","categoria":"Cotillon","subcategoria":"Globos Metalizados Numeros","precio":2029.06,"destacado":false,"descripcion":"","imagen":"assets/products/CA-779819415464.webp","tags":["globo","ovni","metalizado","plateado","54649"]},{"id":"CA-779819415342","nombre":"GLOBO OVNI METALIZADO 34\" ROSA GOLD Nº 0 x1 53420","categoria":"Cotillon","subcategoria":"Globos Metalizados Numeros","precio":2029.06,"destacado":false,"descripcion":"","imagen":"assets/products/CA-779819415342.webp","tags":["globo","ovni","metalizado","rosa","gold","53420"]},{"id":"CA-779819415343","nombre":"GLOBO OVNI METALIZADO 34\" ROSA GOLD Nº 1 x1 53437","categoria":"Cotillon","subcategoria":"Globos Metalizados Numeros","precio":2029.06,"destacado":false,"descripcion":"","imagen":"assets/products/CA-779819415343.webp","tags":["globo","ovni","metalizado","rosa","gold","53437"]},{"id":"CA-779819415344","nombre":"GLOBO OVNI METALIZADO 34\" ROSA GOLD Nº 2 x1 53444","categoria":"Cotillon","subcategoria":"Globos Metalizados Numeros","precio":2029.06,"destacado":false,"descripcion":"","imagen":"assets/products/CA-779819415344.webp","tags":["globo","ovni","metalizado","rosa","gold","53444"]},{"id":"CA-779819415345","nombre":"GLOBO OVNI METALIZADO 34\" ROSA GOLD Nº 3 x1 53451","categoria":"Cotillon","subcategoria":"Globos Metalizados Numeros","precio":2029.06,"destacado":false,"descripcion":"","imagen":"assets/products/CA-779819415345.webp","tags":["globo","ovni","metalizado","rosa","gold","53451"]},{"id":"CA-779819415346","nombre":"GLOBO OVNI METALIZADO 34\" ROSA GOLD Nº 4 x1 53468","categoria":"Cotillon","subcategoria":"Globos Metalizados Numeros","precio":2029.06,"destacado":false,"descripcion":"","imagen":"assets/products/CA-779819415346.webp","tags":["globo","ovni","metalizado","rosa","gold","53468"]},{"id":"CA-779819415347","nombre":"GLOBO OVNI METALIZADO 34\" ROSA GOLD Nº 5 x1 53475","categoria":"Cotillon","subcategoria":"Globos Metalizados Numeros","precio":2029.06,"destacado":false,"descripcion":"","imagen":"assets/products/CA-779819415347.webp","tags":["globo","ovni","metalizado","rosa","gold","53475"]},{"id":"CA-779819415348","nombre":"GLOBO OVNI METALIZADO 34\" ROSA GOLD Nº 6 x1 53482","categoria":"Cotillon","subcategoria":"Globos Metalizados Numeros","precio":2029.06,"destacado":false,"descripcion":"","imagen":"assets/products/CA-779819415348.webp","tags":["globo","ovni","metalizado","rosa","gold","53482"]},{"id":"CA-779819415349","nombre":"GLOBO OVNI METALIZADO 34\" ROSA GOLD Nº 7 x1 53499","categoria":"Cotillon","subcategoria":"Globos Metalizados Numeros","precio":2029.06,"destacado":false,"descripcion":"","imagen":"assets/products/CA-779819415349.webp","tags":["globo","ovni","metalizado","rosa","gold","53499"]},{"id":"CA-779819415531","nombre":"GLOBO OVNI METALIZADO 34\" ROSA GOLD Nº 8 x1 55318","categoria":"Cotillon","subcategoria":"Globos Metalizados Numeros","precio":2029.06,"destacado":false,"descripcion":"","imagen":"assets/products/CA-779819415531.webp","tags":["globo","ovni","metalizado","rosa","gold","55318"]},{"id":"CA-779819415532","nombre":"GLOBO OVNI METALIZADO 34\" ROSA GOLD Nº 9 x1 55325","categoria":"Cotillon","subcategoria":"Globos Metalizados Numeros","precio":2029.06,"destacado":false,"descripcion":"","imagen":"assets/products/CA-779819415532.webp","tags":["globo","ovni","metalizado","rosa","gold","55325"]},{"id":"CA-779819415026","nombre":"GLOBO OVNI METALIZADO 7\" PLATEADO Nº 0 x1 50269","categoria":"Cotillon","subcategoria":"Globos Metalizados Numeros","precio":572.25,"destacado":false,"descripcion":"","imagen":"assets/products/CA-779819415026.webp","tags":["globo","ovni","metalizado","plateado","50269"]},{"id":"CA-779819415027","nombre":"GLOBO OVNI METALIZADO 7\" PLATEADO Nº 1 x1 50276","categoria":"Cotillon","subcategoria":"Globos Metalizados Numeros","precio":572.25,"destacado":false,"descripcion":"","imagen":"assets/products/CA-779819415027.webp","tags":["globo","ovni","metalizado","plateado","50276"]},{"id":"CA-779819415081","nombre":"GLOBO OVNI METALIZADO 7\" PLATEADO Nº 2 x1 50818","categoria":"Cotillon","subcategoria":"Globos Metalizados Numeros","precio":572.25,"destacado":false,"descripcion":"","imagen":"assets/products/CA-779819415081.webp","tags":["globo","ovni","metalizado","plateado","50818"]},{"id":"CA-779819415082","nombre":"GLOBO OVNI METALIZADO 7\" PLATEADO Nº 3 x1 50825","categoria":"Cotillon","subcategoria":"Globos Metalizados Numeros","precio":572.25,"destacado":false,"descripcion":"","imagen":"assets/products/CA-779819415082.webp","tags":["globo","ovni","metalizado","plateado","50825"]},{"id":"CA-779819415083","nombre":"GLOBO OVNI METALIZADO 7\" PLATEADO Nº 4 x1 50832","categoria":"Cotillon","subcategoria":"Globos Metalizados Numeros","precio":572.25,"destacado":false,"descripcion":"","imagen":"assets/products/CA-779819415083.webp","tags":["globo","ovni","metalizado","plateado","50832"]},{"id":"CA-779819415084","nombre":"GLOBO OVNI METALIZADO 7\" PLATEADO Nº 5 x1 50849","categoria":"Cotillon","subcategoria":"Globos Metalizados Numeros","precio":572.25,"destacado":false,"descripcion":"","imagen":"assets/products/CA-779819415084.webp","tags":["globo","ovni","metalizado","plateado","50849"]},{"id":"CA-779819415085","nombre":"GLOBO OVNI METALIZADO 7\" PLATEADO Nº 6 x1 50856","categoria":"Cotillon","subcategoria":"Globos Metalizados Numeros","precio":572.25,"destacado":false,"descripcion":"","imagen":"assets/products/CA-779819415085.webp","tags":["globo","ovni","metalizado","plateado","50856"]},{"id":"CA-779819415086","nombre":"GLOBO OVNI METALIZADO 7\" PLATEADO Nº 7 x1 50863","categoria":"Cotillon","subcategoria":"Globos Metalizados Numeros","precio":572.25,"destacado":false,"descripcion":"","imagen":"assets/products/CA-779819415086.webp","tags":["globo","ovni","metalizado","plateado","50863"]},{"id":"CA-779819415087","nombre":"GLOBO OVNI METALIZADO 7\" PLATEADO Nº 8 x1 50870","categoria":"Cotillon","subcategoria":"Globos Metalizados Numeros","precio":572.25,"destacado":false,"descripcion":"","imagen":"assets/products/CA-779819415087.webp","tags":["globo","ovni","metalizado","plateado","50870"]},{"id":"CA-779819415088","nombre":"GLOBO OVNI METALIZADO 7\" PLATEADO Nº 9 x1 50887","categoria":"Cotillon","subcategoria":"Globos Metalizados Numeros","precio":572.25,"destacado":false,"descripcion":"","imagen":"assets/products/CA-779819415088.webp","tags":["globo","ovni","metalizado","plateado","50887"]}]}