{"category_slug":"cotillon","subcategory_slug":"globos_cristal_burbujas","page":1,"page_size":48,"total":18,"items":[{"id":"CA-691265517095","nombre":"GLOBO CRISTAL BURBUJA  24\" (62cm) JB x5  2101","categoria":"Cotillon","subcategoria":"Globos Cristal/Burbujas","precio":2051.0,"destacado":false,"descripcion":"","imagen":"assets/products/CA-691265517095.webp","tags":["globo","cristal","burbuja","62cm","2101"]},{"id":"CA-691265517094","nombre":"GLOBO CRISTAL BURBUJA 18\" (46cm) JB x5  2100","categoria":"Cotillon","subcategoria":"Globos Cristal/Burbujas","precio":1365.0,"destacado":false,"descripcion":"* (19/12/2025)","imagen":"assets/products/CA-691265517094.webp","tags":["globo","cristal","burbuja","46cm","2100"]},{"id":"CA-000000053228","nombre":"GLOBO CRISTAL BURBUJA BOBO 10\" (25cm) BALLOON x50  651","categoria":"Cotillon","subcategoria":"Globos Cristal/Burbujas","precio":5164.11,"destacado":false,"descripcion":"","imagen":"assets/products/CA-000000053228.webp","tags":["globo","cristal","burbuja","bobo","25cm","balloon","x50","651"]},{"id":"CA-850125860133","nombre":"GLOBO CRISTAL BURBUJA BOBO 20\" (50cm) BALLOON x50 GY-133","categoria":"Cotillon","subcategoria":"Globos Cristal/Burbujas","precio":9865.42,"destacado":false,"descripcion":"","imagen":"assets/products/CA-850125860133.webp","tags":["globo","cristal","burbuja","bobo","50cm","balloon","x50","133"]},{"id":"CA-000000058528","nombre":"GLOBO CRISTAL BURBUJA CORAZON BOBO 36\" (90cm) x50","categoria":"Cotillon","subcategoria":"Globos Cristal/Burbujas","precio":27830.25,"destacado":false,"descripcion":"","imagen":"assets/products/CA-000000058528.webp","tags":["globo","cristal","burbuja","corazon","bobo","90cm","x50"]},{"id":"CA-779101402017","nombre":"GLOBO FIESTA LOCA CRISTAL 10\"  x50  G10MIX","categoria":"Cotillon","subcategoria":"Globos Cristal/Burbujas","precio":2053.79,"destacado":false,"descripcion":"","imagen":"assets/products/CA-779101402017.webp","tags":["globo","fiesta","loca","cristal","x50","g10mix"]},{"id":"CA-779810960032","nombre":"GLOBO GLOBOLANDIA CRISTAL 10\" x50","categoria":"Cotillon","subcategoria":"Globos Cristal/Burbujas","precio":2381.58,"destacado":false,"descripcion":"","imagen":"assets/products/CA-779810960032.webp","tags":["globo","globolandia","cristal","x50"]},{"id":"CA-779810960183","nombre":"GLOBO GLOBOLANDIA CRISTAL 12\" x25","categoria":"Cotillon","subcategoria":"Globos Cristal/Burbujas","precio":1733.13,"destacado":false,"descripcion":"","imagen":"assets/products/CA-779810960183.webp","tags":["globo","globolandia","cristal","x25"]},{"id":"CA-779819415042","nombre":"GLOBO GLOBOX CRISTAL 14\" x50  50429","categoria":"Cotillon","subcategoria":"Globos Cristal/Burbujas","precio":4758.27,"destacado":false,"descripcion":"","imagen":"assets/products/CA-779819415042.webp","tags":["globo","globox","cristal","x50","50429"]},{"id":"CA-779819415624","nombre":"GLOBO GLOBOX CRISTAL 5\" x50 56247","categoria":"Cotillon","subcategoria":"Globos Cristal/Burbujas","precio":2747.12,"destacado":false,"descripcion":"","imagen":"assets/products/CA-779819415624.webp","tags":["globo","globox","cristal","x50","56247"]},{"id":"CA-779819415526","nombre":"GLOBO PARTY TIME CRISTAL 9\"  x50 55264","categoria":"Cotillon","subcategoria":"Globos Cristal/Burbujas","precio":2574.63,"destacado":false,"descripcion":"","imagen":"assets/products/CA-779819415526.webp","tags":["globo","party","time","cristal","x50","55264"]},{"id":"CA-779842097169","nombre":"KIT GLOBOS CRISTAL FORMA CORAZON CON CONFETTI CELESTE (APTO HELIO) GLOBOX x6 71699","categoria":"Cotillon","subcategoria":"Globos Cristal/Burbujas","precio":2555.66,"destacado":false,"descripcion":"","imagen":"assets/products/CA-779842097169.webp","tags":["kit","globos","cristal","forma","corazon","con","confetti","celeste","apto","helio","globox","71699"]},{"id":"CA-779842097168","nombre":"KIT GLOBOS CRISTAL FORMA CORAZON CON CONFETTI DORADO (APTO HELIO) GLOBOX x6 71682","categoria":"Cotillon","subcategoria":"Globos Cristal/Burbujas","precio":2555.66,"destacado":false,"descripcion":"","imagen":"assets/products/CA-779842097168.webp","tags":["kit","globos","cristal","forma","corazon","con","confetti","dorado","apto","helio","globox","71682"]},{"id":"CA-779842097125","nombre":"KIT GLOBOS CRISTAL FORMA CORAZON CON CONFETTI FUCSIA (APTO HELIO) GLOBOX x6 71255","categoria":"Cotillon","subcategoria":"Globos Cristal/Burbujas","precio":2555.66,"destacado":false,"descripcion":"","imagen":"assets/products/CA-779842097125.webp","tags":["kit","globos","cristal","forma","corazon","con","confetti","fucsia","apto","helio","globox","71255"]},{"id":"CA-609819417211","nombre":"KIT GLOBOS CRISTAL FORMA CORAZON CON CONFETTI MULTICOLOR (APTO HELIO) GLOBOX x6 72119","categoria":"Cotillon","subcategoria":"Globos Cristal/Burbujas","precio":2555.66,"destacado":false,"descripcion":"","imagen":"assets/products/CA-609819417211.webp","tags":["kit","globos","cristal","forma","corazon","con","confetti","multicolor","apto","helio","globox","72119"]},{"id":"CA-779842097167","nombre":"KIT GLOBOS CRISTAL FORMA CORAZON CON CONFETTI PLATA (APTO HELIO) GLOBOX x6 71675","categoria":"Cotillon","subcategoria":"Globos Cristal/Burbujas","precio":2555.66,"destacado":false,"descripcion":"","imagen":"assets/products/CA-779842097167.webp","tags":["kit","globos","cristal","forma","corazon","con","confetti","plata","apto","helio","globox","71675"]},{"id":"CA-609819417213","nombre":"KIT GLOBOS CRISTAL FORMA CORAZON CON CONFETTI ROJO (APTO HELIO) GLOBOX x6 72133","categoria":"Cotillon","subcategoria":"Globos Cristal/Burbujas","precio":2555.66,"destacado":false,"descripcion":"","imagen":"assets/products/CA-609819417213.webp","tags":["kit","globos","cristal","forma","corazon","con","confetti","rojo","apto","helio","globox","72133"]},{"id":"CA-609819417212","nombre":"KIT GLOBOS CRISTAL FORMA CORAZON CON CONFETTI ROSA GOLD (APTO HELIO) GLOBOX x6 72126","categoria":"Cotillon","subcategoria":"Globos Cristal/Burbujas","precio":2555.66,"destacado":false,"descripcion":"","imagen":"assets/products/CA-609819417212.webp","tags":["kit","globos","cristal","forma","corazon","con","confetti","rosa","gold","apto","helio","globox"]}]}