{"category_slug":"descartables","subcategory_slug":"discos_de_carton_y_bases_de_fibrofacil","page":1,"page_size":48,"total":84,"items":[{"id":"CA-000000055925","nombre":"BANDEJA MULTIUSO DE FIBROFACIL FELIZ DIA 18X28cm X1 UNIDAD","categoria":"Descartables","subcategoria":"Discos De Carton Y Bases De Fibrofacil","precio":1485.0,"destacado":false,"descripcion":"","imagen":"assets/products/CA-000000055925.webp","tags":["bandeja","multiuso","fibrofacil","feliz","dia","18x28cm","unidad"]},{"id":"CA-000000055927","nombre":"BANDEJA MULTIUSO DE FIBROFACIL FELIZ DIA 25X35cm X1 UNIDAD","categoria":"Descartables","subcategoria":"Discos De Carton Y Bases De Fibrofacil","precio":2362.5,"destacado":false,"descripcion":"","imagen":"assets/products/CA-000000055927.webp","tags":["bandeja","multiuso","fibrofacil","feliz","dia","25x35cm","unidad"]},{"id":"CA-000000055924","nombre":"BANDEJA MULTIUSO DE FIBROFACIL LISA 18X28cm X1 UNIDAD","categoria":"Descartables","subcategoria":"Discos De Carton Y Bases De Fibrofacil","precio":1336.5,"destacado":false,"descripcion":"","imagen":"assets/products/CA-000000055924.webp","tags":["bandeja","multiuso","fibrofacil","lisa","18x28cm","unidad"]},{"id":"CA-000000055926","nombre":"BANDEJA MULTIUSO DE FIBROFACIL LISA 25X35cm X1 UNIDAD","categoria":"Descartables","subcategoria":"Discos De Carton Y Bases De Fibrofacil","precio":2160.0,"destacado":false,"descripcion":"","imagen":"assets/products/CA-000000055926.webp","tags":["bandeja","multiuso","fibrofacil","lisa","25x35cm","unidad"]},{"id":"CA-000000050581","nombre":"BASE CUADRADA FIBROFACIL 22x22cm BLANCO x4u.","categoria":"Descartables","subcategoria":"Discos De Carton Y Bases De Fibrofacil","precio":2781.0,"destacado":false,"descripcion":"","imagen":"assets/products/CA-000000050581.webp","tags":["base","cuadrada","fibrofacil","22x22cm","blanco","x4u"]},{"id":"CA-000000054087","nombre":"BASE CUADRADA FIBROFACIL 22x22cm BLANCO x4u. RF","categoria":"Descartables","subcategoria":"Discos De Carton Y Bases De Fibrofacil","precio":2781.0,"destacado":false,"descripcion":"","imagen":"assets/products/CA-000000054087.webp","tags":["base","cuadrada","fibrofacil","22x22cm","blanco","x4u"]},{"id":"CA-000000050582","nombre":"BASE CUADRADA FIBROFACIL 25x25cm BLANCO x4u.","categoria":"Descartables","subcategoria":"Discos De Carton Y Bases De Fibrofacil","precio":3574.8,"destacado":false,"descripcion":"","imagen":"assets/products/CA-000000050582.webp","tags":["base","cuadrada","fibrofacil","25x25cm","blanco","x4u"]},{"id":"CA-000000057325","nombre":"BASE CUADRADA FIBROFACIL 25x25cm BLANCO x4u. REC","categoria":"Descartables","subcategoria":"Discos De Carton Y Bases De Fibrofacil","precio":3574.8,"destacado":false,"descripcion":"","imagen":"assets/products/CA-000000057325.webp","tags":["base","cuadrada","fibrofacil","25x25cm","blanco","x4u","rec"]},{"id":"CA-000000054088","nombre":"BASE CUADRADA FIBROFACIL 25x25cm BLANCO x4u. RF","categoria":"Descartables","subcategoria":"Discos De Carton Y Bases De Fibrofacil","precio":3574.8,"destacado":false,"descripcion":"","imagen":"assets/products/CA-000000054088.webp","tags":["base","cuadrada","fibrofacil","25x25cm","blanco","x4u"]},{"id":"CA-000000050583","nombre":"BASE CUADRADA FIBROFACIL 27x27cm BLANCO x4u.","categoria":"Descartables","subcategoria":"Discos De Carton Y Bases De Fibrofacil","precio":4055.4,"destacado":false,"descripcion":"","imagen":"assets/products/CA-000000050583.webp","tags":["base","cuadrada","fibrofacil","27x27cm","blanco","x4u"]},{"id":"CA-000000057326","nombre":"BASE CUADRADA FIBROFACIL 27x27cm BLANCO x4u. REC","categoria":"Descartables","subcategoria":"Discos De Carton Y Bases De Fibrofacil","precio":4055.4,"destacado":false,"descripcion":"","imagen":"assets/products/CA-000000057326.webp","tags":["base","cuadrada","fibrofacil","27x27cm","blanco","x4u","rec"]},{"id":"CA-000000054090","nombre":"BASE CUADRADA FIBROFACIL 27x27cm BLANCO x4u. RF","categoria":"Descartables","subcategoria":"Discos De Carton Y Bases De Fibrofacil","precio":4055.4,"destacado":false,"descripcion":"","imagen":"assets/products/CA-000000054090.webp","tags":["base","cuadrada","fibrofacil","27x27cm","blanco","x4u"]},{"id":"CA-000000050584","nombre":"BASE CUADRADA FIBROFACIL 30x30cm BLANCO x4u.","categoria":"Descartables","subcategoria":"Discos De Carton Y Bases De Fibrofacil","precio":4779.0,"destacado":false,"descripcion":"","imagen":"assets/products/CA-000000050584.webp","tags":["base","cuadrada","fibrofacil","30x30cm","blanco","x4u"]},{"id":"CA-000000054089","nombre":"BASE CUADRADA FIBROFACIL 30x30cm BLANCO x4u. RF","categoria":"Descartables","subcategoria":"Discos De Carton Y Bases De Fibrofacil","precio":4779.0,"destacado":false,"descripcion":"","imagen":"assets/products/CA-000000054089.webp","tags":["base","cuadrada","fibrofacil","30x30cm","blanco","x4u"]},{"id":"CA-000000042734","nombre":"BASE DE CARTON PREMIUM CUADRADO DORADO (12x12) x10u","categoria":"Descartables","subcategoria":"Discos De Carton Y Bases De Fibrofacil","precio":1070.16,"destacado":false,"descripcion":"","imagen":"assets/products/CA-000000042734.webp","tags":["base","carton","premium","cuadrado","dorado","12x12","x10u"]},{"id":"CA-000000042736","nombre":"BASE DE CARTON PREMIUM CUADRADO DORADO (16x16) x10","categoria":"Descartables","subcategoria":"Discos De Carton Y Bases De Fibrofacil","precio":2032.16,"destacado":false,"descripcion":"","imagen":"assets/products/CA-000000042736.webp","tags":["base","carton","premium","cuadrado","dorado","16x16","x10"]},{"id":"CA-000000042735","nombre":"BASE DE CARTON PREMIUM CUADRADO DORADO (20x20) x10","categoria":"Descartables","subcategoria":"Discos De Carton Y Bases De Fibrofacil","precio":3287.44,"destacado":false,"descripcion":"","imagen":"assets/products/CA-000000042735.webp","tags":["base","carton","premium","cuadrado","dorado","20x20","x10"]},{"id":"CA-000000045427","nombre":"BASE DE CARTON PREMIUM RECTANGULAR PARA LINGOTE DORADO (14x6cm) x10","categoria":"Descartables","subcategoria":"Discos De Carton Y Bases De Fibrofacil","precio":1141.92,"destacado":false,"descripcion":"","imagen":"assets/products/CA-000000045427.webp","tags":["base","carton","premium","rectangular","para","lingote","dorado","14x6cm","x10"]},{"id":"CA-000000050607","nombre":"BASE FLOR FIBROFACIL 25cm BLANCO x4u.","categoria":"Descartables","subcategoria":"Discos De Carton Y Bases De Fibrofacil","precio":3877.2,"destacado":false,"descripcion":"","imagen":"assets/products/CA-000000050607.webp","tags":["base","flor","fibrofacil","25cm","blanco","x4u"]},{"id":"CA-000000057327","nombre":"BASE FLOR FIBROFACIL 25cm BLANCO x4u. REC","categoria":"Descartables","subcategoria":"Discos De Carton Y Bases De Fibrofacil","precio":3877.2,"destacado":false,"descripcion":"","imagen":"assets/products/CA-000000057327.webp","tags":["base","flor","fibrofacil","25cm","blanco","x4u","rec"]},{"id":"CA-000000050608","nombre":"BASE FLOR FIBROFACIL 30cm BLANCO x4u.","categoria":"Descartables","subcategoria":"Discos De Carton Y Bases De Fibrofacil","precio":5475.6,"destacado":false,"descripcion":"","imagen":"assets/products/CA-000000050608.webp","tags":["base","flor","fibrofacil","30cm","blanco","x4u"]},{"id":"CA-000000057328","nombre":"BASE FLOR FIBROFACIL 30cm BLANCO x4u. REC","categoria":"Descartables","subcategoria":"Discos De Carton Y Bases De Fibrofacil","precio":5475.6,"destacado":false,"descripcion":"","imagen":"assets/products/CA-000000057328.webp","tags":["base","flor","fibrofacil","30cm","blanco","x4u","rec"]},{"id":"CA-000000050609","nombre":"BASE FLOR FIBROFACIL 32cm BLANCO x4u.","categoria":"Descartables","subcategoria":"Discos De Carton Y Bases De Fibrofacil","precio":6625.8,"destacado":false,"descripcion":"","imagen":"assets/products/CA-000000050609.webp","tags":["base","flor","fibrofacil","32cm","blanco","x4u"]},{"id":"CA-000000050610","nombre":"BASE RECTANGULAR FIBROFACIL 30X40cm BLANCO x4u.","categoria":"Descartables","subcategoria":"Discos De Carton Y Bases De Fibrofacil","precio":6507.0,"destacado":false,"descripcion":"","imagen":"assets/products/CA-000000050610.webp","tags":["base","rectangular","fibrofacil","30x40cm","blanco","x4u"]},{"id":"CA-000000051377","nombre":"BASE RECTANGULAR PIONONERA FIBROFACIL 30x15cm BLANCO x4u.","categoria":"Descartables","subcategoria":"Discos De Carton Y Bases De Fibrofacil","precio":2802.6,"destacado":false,"descripcion":"","imagen":"assets/products/CA-000000051377.webp","tags":["base","rectangular","piononera","fibrofacil","30x15cm","blanco","x4u"]},{"id":"CA-000000050585","nombre":"BASE REDONDA FIBROFACIL 20cm BLANCO x4u.","categoria":"Descartables","subcategoria":"Discos De Carton Y Bases De Fibrofacil","precio":2354.4,"destacado":false,"descripcion":"","imagen":"assets/products/CA-000000050585.webp","tags":["base","redonda","fibrofacil","20cm","blanco","x4u"]},{"id":"CA-000000053488","nombre":"BASE REDONDA FIBROFACIL 20cm BLANCO x4u. RF","categoria":"Descartables","subcategoria":"Discos De Carton Y Bases De Fibrofacil","precio":2354.4,"destacado":false,"descripcion":"","imagen":"assets/products/CA-000000053488.webp","tags":["base","redonda","fibrofacil","20cm","blanco","x4u"]},{"id":"CA-000000050586","nombre":"BASE REDONDA FIBROFACIL 22cm BLANCO x4u.","categoria":"Descartables","subcategoria":"Discos De Carton Y Bases De Fibrofacil","precio":2862.0,"destacado":false,"descripcion":"","imagen":"assets/products/CA-000000050586.webp","tags":["base","redonda","fibrofacil","22cm","blanco","x4u"]},{"id":"CA-000000057320","nombre":"BASE REDONDA FIBROFACIL 22cm BLANCO x4u. REC","categoria":"Descartables","subcategoria":"Discos De Carton Y Bases De Fibrofacil","precio":2862.0,"destacado":false,"descripcion":"","imagen":"assets/products/CA-000000057320.webp","tags":["base","redonda","fibrofacil","22cm","blanco","x4u","rec"]},{"id":"CA-000000053489","nombre":"BASE REDONDA FIBROFACIL 22cm BLANCO x4u. RF","categoria":"Descartables","subcategoria":"Discos De Carton Y Bases De Fibrofacil","precio":2862.0,"destacado":false,"descripcion":"","imagen":"assets/products/CA-000000053489.webp","tags":["base","redonda","fibrofacil","22cm","blanco","x4u"]},{"id":"CA-000000050587","nombre":"BASE REDONDA FIBROFACIL 25cm BLANCO x4u.","categoria":"Descartables","subcategoria":"Discos De Carton Y Bases De Fibrofacil","precio":3574.8,"destacado":false,"descripcion":"","imagen":"assets/products/CA-000000050587.webp","tags":["base","redonda","fibrofacil","25cm","blanco","x4u"]},{"id":"CA-000000057321","nombre":"BASE REDONDA FIBROFACIL 25cm BLANCO x4u. REC","categoria":"Descartables","subcategoria":"Discos De Carton Y Bases De Fibrofacil","precio":3574.8,"destacado":false,"descripcion":"","imagen":"assets/products/CA-000000057321.webp","tags":["base","redonda","fibrofacil","25cm","blanco","x4u","rec"]},{"id":"CA-000000053490","nombre":"BASE REDONDA FIBROFACIL 25cm BLANCO x4u. RF","categoria":"Descartables","subcategoria":"Discos De Carton Y Bases De Fibrofacil","precio":3574.8,"destacado":false,"descripcion":"","imagen":"assets/products/CA-000000053490.webp","tags":["base","redonda","fibrofacil","25cm","blanco","x4u"]},{"id":"CA-000000050588","nombre":"BASE REDONDA FIBROFACIL 27cm BLANCO x4u.","categoria":"Descartables","subcategoria":"Discos De Carton Y Bases De Fibrofacil","precio":4055.4,"destacado":false,"descripcion":"","imagen":"assets/products/CA-000000050588.webp","tags":["base","redonda","fibrofacil","27cm","blanco","x4u"]},{"id":"CA-000000057322","nombre":"BASE REDONDA FIBROFACIL 27cm BLANCO x4u. REC","categoria":"Descartables","subcategoria":"Discos De Carton Y Bases De Fibrofacil","precio":4055.4,"destacado":false,"descripcion":"","imagen":"assets/products/CA-000000057322.webp","tags":["base","redonda","fibrofacil","27cm","blanco","x4u","rec"]},{"id":"CA-000000053491","nombre":"BASE REDONDA FIBROFACIL 27cm BLANCO x4u. RF","categoria":"Descartables","subcategoria":"Discos De Carton Y Bases De Fibrofacil","precio":4055.4,"destacado":false,"descripcion":"","imagen":"assets/products/CA-000000053491.webp","tags":["base","redonda","fibrofacil","27cm","blanco","x4u"]},{"id":"CA-000000050589","nombre":"BASE REDONDA FIBROFACIL 30cm BLANCO x4u.","categoria":"Descartables","subcategoria":"Discos De Carton Y Bases De Fibrofacil","precio":4779.0,"destacado":false,"descripcion":"","imagen":"assets/products/CA-000000050589.webp","tags":["base","redonda","fibrofacil","30cm","blanco","x4u"]},{"id":"CA-000000057323","nombre":"BASE REDONDA FIBROFACIL 30cm BLANCO x4u. REC","categoria":"Descartables","subcategoria":"Discos De Carton Y Bases De Fibrofacil","precio":4779.0,"destacado":false,"descripcion":"","imagen":"assets/products/CA-000000057323.webp","tags":["base","redonda","fibrofacil","30cm","blanco","x4u","rec"]},{"id":"CA-000000053492","nombre":"BASE REDONDA FIBROFACIL 30cm BLANCO x4u. RF","categoria":"Descartables","subcategoria":"Discos De Carton Y Bases De Fibrofacil","precio":4779.0,"destacado":false,"descripcion":"","imagen":"assets/products/CA-000000053492.webp","tags":["base","redonda","fibrofacil","30cm","blanco","x4u"]},{"id":"CA-000000056080","nombre":"BASE REDONDA FIBROFACIL 32cm BLANCO x4u.","categoria":"Descartables","subcategoria":"Discos De Carton Y Bases De Fibrofacil","precio":5562.0,"destacado":false,"descripcion":"","imagen":"assets/products/CA-000000056080.webp","tags":["base","redonda","fibrofacil","32cm","blanco","x4u"]},{"id":"CA-000000057941","nombre":"BASE REDONDA FIBROFACIL 32cm BLANCO x4u. REC","categoria":"Descartables","subcategoria":"Discos De Carton Y Bases De Fibrofacil","precio":5562.0,"destacado":false,"descripcion":"","imagen":"assets/products/CA-000000057941.webp","tags":["base","redonda","fibrofacil","32cm","blanco","x4u","rec"]},{"id":"CA-000000051832","nombre":"BASE REDONDA FIBROFACIL 35cm BLANCO x4u.","categoria":"Descartables","subcategoria":"Discos De Carton Y Bases De Fibrofacil","precio":7101.0,"destacado":false,"descripcion":"","imagen":"assets/products/CA-000000051832.webp","tags":["base","redonda","fibrofacil","35cm","blanco","x4u"]},{"id":"CA-000000057324","nombre":"BASE REDONDA FIBROFACIL 35cm BLANCO x4u. REC","categoria":"Descartables","subcategoria":"Discos De Carton Y Bases De Fibrofacil","precio":7101.0,"destacado":false,"descripcion":"","imagen":"assets/products/CA-000000057324.webp","tags":["base","redonda","fibrofacil","35cm","blanco","x4u","rec"]},{"id":"CA-000000053493","nombre":"BASE REDONDA FIBROFACIL 35cm BLANCO x4u. RF","categoria":"Descartables","subcategoria":"Discos De Carton Y Bases De Fibrofacil","precio":7101.0,"destacado":false,"descripcion":"","imagen":"assets/products/CA-000000053493.webp","tags":["base","redonda","fibrofacil","35cm","blanco","x4u"]},{"id":"CA-000000018695","nombre":"CARTON RECTANGULAR 20x30Cm xkg","categoria":"Descartables","subcategoria":"Discos De Carton Y Bases De Fibrofacil","precio":3049.66,"destacado":false,"descripcion":"","imagen":"assets/products/CA-000000018695.webp","tags":["carton","rectangular","20x30cm","xkg"]},{"id":"CA-000000018696","nombre":"CARTON RECTANGULAR 25x35Cm xkg","categoria":"Descartables","subcategoria":"Discos De Carton Y Bases De Fibrofacil","precio":3049.66,"destacado":false,"descripcion":"","imagen":"assets/products/CA-000000018696.webp","tags":["carton","rectangular","25x35cm","xkg"]},{"id":"CA-000000018697","nombre":"CARTON RECTANGULAR 30x40Cm xkg","categoria":"Descartables","subcategoria":"Discos De Carton Y Bases De Fibrofacil","precio":3049.66,"destacado":false,"descripcion":"","imagen":"assets/products/CA-000000018697.webp","tags":["carton","rectangular","30x40cm","xkg"]},{"id":"CA-000000018698","nombre":"CARTON RECTANGULAR 35x45Cm xkg","categoria":"Descartables","subcategoria":"Discos De Carton Y Bases De Fibrofacil","precio":3049.66,"destacado":false,"descripcion":"","imagen":"assets/products/CA-000000018698.webp","tags":["carton","rectangular","35x45cm","xkg"]}]}