{"category_slug":"acontecimientos","subcategory_slug":"nacimiento_baby_shower_bautismo_1_a_ito","page":1,"page_size":48,"total":36,"items":[{"id":"CA-698866124204","nombre":"BANDERIN BABY SHOWER VARIOS COLORES x1 U2411-108","categoria":"Acontecimientos","subcategoria":"Nacimiento / Baby Shower / Bautismo / 1° Añito","precio":1001.0,"destacado":false,"descripcion":"","imagen":"assets/products/CA-698866124204.webp","tags":["banderin","baby","shower","varios","colores","u2411","108"]},{"id":"CA-779905100478","nombre":"BANDERIN CON STAMPING BABY SHOWER CELESTE PASTEL  x1 3348/32 GM","categoria":"Acontecimientos","subcategoria":"Nacimiento / Baby Shower / Bautismo / 1° Añito","precio":1175.51,"destacado":false,"descripcion":"","imagen":"assets/products/CA-779905100478.webp","tags":["banderin","con","stamping","baby","shower","celeste","pastel","3348"]},{"id":"CA-779905100479","nombre":"BANDERIN CON STAMPING BABY SHOWER ROSA PASTEL  x1 3348/33 GM","categoria":"Acontecimientos","subcategoria":"Nacimiento / Baby Shower / Bautismo / 1° Añito","precio":1175.51,"destacado":false,"descripcion":"","imagen":"assets/products/CA-779905100479.webp","tags":["banderin","con","stamping","baby","shower","rosa","pastel","3348"]},{"id":"CA-779905100555","nombre":"BANDERIN CON STAMPING MI 1ª AÑITO CELESTE x1  03348-55 GM","categoria":"Acontecimientos","subcategoria":"Nacimiento / Baby Shower / Bautismo / 1° Añito","precio":1175.51,"destacado":false,"descripcion":"","imagen":"assets/products/CA-779905100555.webp","tags":["banderin","con","stamping","añito","celeste","03348"]},{"id":"CA-779905100556","nombre":"BANDERIN CON STAMPING MI 1ª AÑITO ROSA  x1 03348-56 GM","categoria":"Acontecimientos","subcategoria":"Nacimiento / Baby Shower / Bautismo / 1° Añito","precio":1175.51,"destacado":false,"descripcion":"","imagen":"assets/products/CA-779905100556.webp","tags":["banderin","con","stamping","añito","rosa","03348"]},{"id":"CA-779905100476","nombre":"BANDERIN CON STAMPING MI BAUTISMO CELESTE PASTEL x1 3348/30 GM","categoria":"Acontecimientos","subcategoria":"Nacimiento / Baby Shower / Bautismo / 1° Añito","precio":1175.51,"destacado":false,"descripcion":"","imagen":"assets/products/CA-779905100476.webp","tags":["banderin","con","stamping","bautismo","celeste","pastel","3348"]},{"id":"CA-779905100477","nombre":"BANDERIN CON STAMPING MI BAUTISMO ROSA PASTEL  x1 3348/31 GM","categoria":"Acontecimientos","subcategoria":"Nacimiento / Baby Shower / Bautismo / 1° Añito","precio":1175.51,"destacado":false,"descripcion":"","imagen":"assets/products/CA-779905100477.webp","tags":["banderin","con","stamping","bautismo","rosa","pastel","3348"]},{"id":"CA-000000055394","nombre":"CONEJO BABY CELESTE x 4u.UPALALA","categoria":"Acontecimientos","subcategoria":"Nacimiento / Baby Shower / Bautismo / 1° Añito","precio":3510.0,"destacado":false,"descripcion":"","imagen":"assets/products/CA-000000055394.webp","tags":["conejo","baby","celeste","upalala"]},{"id":"CA-000000055396","nombre":"CONEJO BABY HINCHA BOCA x4u.UPALALA","categoria":"Acontecimientos","subcategoria":"Nacimiento / Baby Shower / Bautismo / 1° Añito","precio":3510.0,"destacado":false,"descripcion":"","imagen":"assets/products/CA-000000055396.webp","tags":["conejo","baby","hincha","boca","x4u","upalala"]},{"id":"CA-000000055395","nombre":"CONEJO BABY HINCHA RIVER x4u.UPALALA","categoria":"Acontecimientos","subcategoria":"Nacimiento / Baby Shower / Bautismo / 1° Añito","precio":3510.0,"destacado":false,"descripcion":"","imagen":"assets/products/CA-000000055395.webp","tags":["conejo","baby","hincha","river","x4u","upalala"]},{"id":"CA-000000055393","nombre":"CONEJO BABY ROSA  x 4u.UPALALA","categoria":"Acontecimientos","subcategoria":"Nacimiento / Baby Shower / Bautismo / 1° Añito","precio":3510.0,"destacado":false,"descripcion":"","imagen":"assets/products/CA-000000055393.webp","tags":["conejo","baby","rosa","upalala"]},{"id":"CA-000000058389","nombre":"CORTINA CUADRADOS BABY SHOWER x1","categoria":"Acontecimientos","subcategoria":"Nacimiento / Baby Shower / Bautismo / 1° Añito","precio":1592.5,"destacado":false,"descripcion":"","imagen":"assets/products/CA-000000058389.webp","tags":["cortina","cuadrados","baby","shower"]},{"id":"CA-771543989407","nombre":"GLOBO FRASE BABY ES NIÑA PLATEADA x1","categoria":"Acontecimientos","subcategoria":"Nacimiento / Baby Shower / Bautismo / 1° Añito","precio":1343.47,"destacado":false,"descripcion":"","imagen":"assets/products/CA-771543989407.webp","tags":["globo","frase","baby","niña","plateada"]},{"id":"CA-771543989412","nombre":"GLOBO FRASE BABY ES NIÑO DORADA x1","categoria":"Acontecimientos","subcategoria":"Nacimiento / Baby Shower / Bautismo / 1° Añito","precio":1349.99,"destacado":false,"descripcion":"","imagen":"assets/products/CA-771543989412.webp","tags":["globo","frase","baby","niño","dorada"]},{"id":"CA-771543989411","nombre":"GLOBO FRASE BABY ES NIÑO PLATEADA x1","categoria":"Acontecimientos","subcategoria":"Nacimiento / Baby Shower / Bautismo / 1° Añito","precio":1304.34,"destacado":false,"descripcion":"","imagen":"assets/products/CA-771543989411.webp","tags":["globo","frase","baby","niño","plateada"]},{"id":"CA-779810960036","nombre":"GLOBO GLOBOLANDIA PRIMER AÑITO ROSA 10\" x50","categoria":"Acontecimientos","subcategoria":"Nacimiento / Baby Shower / Bautismo / 1° Añito","precio":2582.01,"destacado":false,"descripcion":"","imagen":"assets/products/CA-779810960036.webp","tags":["globo","globolandia","primer","añito","rosa","x50"]},{"id":"CA-000000053557","nombre":"GLOBO Nª1 CORONAS AQUA 34\" (40x94 aprox) x1 U24-661","categoria":"Acontecimientos","subcategoria":"Nacimiento / Baby Shower / Bautismo / 1° Añito","precio":2093.0,"destacado":false,"descripcion":"","imagen":"assets/products/CA-000000053557.webp","tags":["globo","nª1","coronas","aqua","40x94","aprox","u24","661"]},{"id":"CA-000000053556","nombre":"GLOBO Nª1 CORONAS BLANCO 34\" (40x94 aprox) x1 U24-661","categoria":"Acontecimientos","subcategoria":"Nacimiento / Baby Shower / Bautismo / 1° Añito","precio":2093.0,"destacado":false,"descripcion":"","imagen":"assets/products/CA-000000053556.webp","tags":["globo","nª1","coronas","blanco","40x94","aprox","u24","661"]},{"id":"CA-000000053554","nombre":"GLOBO Nª1 CORONAS DORADO 34\" (40x94 aprox) x1 U24-661","categoria":"Acontecimientos","subcategoria":"Nacimiento / Baby Shower / Bautismo / 1° Añito","precio":2093.0,"destacado":false,"descripcion":"","imagen":"assets/products/CA-000000053554.webp","tags":["globo","nª1","coronas","dorado","40x94","aprox","u24","661"]},{"id":"CA-000000053558","nombre":"GLOBO Nª1 CORONAS ROSA 34\" (40x94 aprox) x1 U24-661","categoria":"Acontecimientos","subcategoria":"Nacimiento / Baby Shower / Bautismo / 1° Añito","precio":2093.0,"destacado":false,"descripcion":"","imagen":"assets/products/CA-000000053558.webp","tags":["globo","nª1","coronas","rosa","40x94","aprox","u24","661"]},{"id":"CA-000000054887","nombre":"GLOBO Nº 1 CORONA IRIDISCENTE 40\" x1 U24-661","categoria":"Acontecimientos","subcategoria":"Nacimiento / Baby Shower / Bautismo / 1° Añito","precio":1911.0,"destacado":false,"descripcion":"","imagen":"assets/products/CA-000000054887.webp","tags":["globo","corona","iridiscente","u24","661"]},{"id":"CA-699202502162","nombre":"KIT GLOBOS AEROSTATICO HAPPY BIRTHDAY 5 PIEZAS x1 U24-733","categoria":"Acontecimientos","subcategoria":"Nacimiento / Baby Shower / Bautismo / 1° Añito","precio":2593.5,"destacado":false,"descripcion":"","imagen":"assets/products/CA-699202502162.webp","tags":["kit","globos","aerostatico","happy","birthday","piezas","u24","733"]},{"id":"CA-779813200885","nombre":"KIT GLOBOS BABY 1 AÑITO CELESTE/ROSA 5 PIEZAS x1 200885","categoria":"Acontecimientos","subcategoria":"Nacimiento / Baby Shower / Bautismo / 1° Añito","precio":675.15,"destacado":false,"descripcion":"","imagen":"assets/products/CA-779813200885.webp","tags":["kit","globos","baby","añito","celeste","rosa","piezas","200885"]},{"id":"CA-000000055792","nombre":"KIT GLOBOS BABY AEROSTATICO WELCOME ROSA /CELESTE 5 PIEZAS x1 200886","categoria":"Acontecimientos","subcategoria":"Nacimiento / Baby Shower / Bautismo / 1° Añito","precio":675.15,"destacado":false,"descripcion":"","imagen":"assets/products/CA-000000055792.webp","tags":["kit","globos","baby","aerostatico","welcome","rosa","celeste","piezas","200886"]},{"id":"CA-000000056334","nombre":"KIT GLOBOS BABY ES UN NIÑO CELESTE/CONFETTI 6 PIEZAS x1","categoria":"Acontecimientos","subcategoria":"Nacimiento / Baby Shower / Bautismo / 1° Añito","precio":1383.2,"destacado":false,"descripcion":"","imagen":"assets/products/CA-000000056334.webp","tags":["kit","globos","baby","niño","celeste","confetti","piezas"]},{"id":"CA-000000056609","nombre":"KIT GLOBOS BABY ES UN NIÑO CELESTE/CONFETTI 7 PIEZAS x1","categoria":"Acontecimientos","subcategoria":"Nacimiento / Baby Shower / Bautismo / 1° Añito","precio":1747.62,"destacado":false,"descripcion":"","imagen":"assets/products/CA-000000056609.webp","tags":["kit","globos","baby","niño","celeste","confetti","piezas"]},{"id":"CA-000000056335","nombre":"KIT GLOBOS BABY ES UNA NIÑA ROSA/CONFETTI 6 PIEZAS x1","categoria":"Acontecimientos","subcategoria":"Nacimiento / Baby Shower / Bautismo / 1° Añito","precio":1383.2,"destacado":false,"descripcion":"","imagen":"assets/products/CA-000000056335.webp","tags":["kit","globos","baby","una","niña","rosa","confetti","piezas"]},{"id":"CA-000000056608","nombre":"KIT GLOBOS BABY ES UNA NIÑA ROSA/CONFETTI 7 PIEZAS x1","categoria":"Acontecimientos","subcategoria":"Nacimiento / Baby Shower / Bautismo / 1° Añito","precio":1747.62,"destacado":false,"descripcion":"","imagen":"assets/products/CA-000000056608.webp","tags":["kit","globos","baby","una","niña","rosa","confetti","piezas"]},{"id":"CA-779813200884","nombre":"KIT GLOBOS BABY MAMADERA/PIECITO ITS A BOY/GIRL CELESTE/ROSA 5 PIEZAS x1 200884","categoria":"Acontecimientos","subcategoria":"Nacimiento / Baby Shower / Bautismo / 1° Añito","precio":675.15,"destacado":false,"descripcion":"","imagen":"assets/products/CA-779813200884.webp","tags":["kit","globos","baby","mamadera","piecito","its","boy","girl","celeste","rosa","piezas","200884"]},{"id":"CA-699202502164","nombre":"KIT GLOBOS BABY Nº 1 CORONA CELESTE/ROSA x1 9 PIEZAS U24-729","categoria":"Acontecimientos","subcategoria":"Nacimiento / Baby Shower / Bautismo / 1° Añito","precio":3276.0,"destacado":false,"descripcion":"","imagen":"assets/products/CA-699202502164.webp","tags":["kit","globos","baby","corona","celeste","rosa","piezas","u24","729"]},{"id":"CA-779819415925","nombre":"KIT GLOBOS DECO OVNI PREMIUM CELESTE -BLANCO N°1 x9 (APTO HELIO) 59255","categoria":"Acontecimientos","subcategoria":"Nacimiento / Baby Shower / Bautismo / 1° Añito","precio":3481.42,"destacado":false,"descripcion":"","imagen":"assets/products/CA-779819415925.webp","tags":["kit","globos","deco","ovni","premium","celeste","blanco","apto","helio","59255"]},{"id":"CA-844517802871","nombre":"KIT GLOBOS DECO ZAPATILLAS ITS BOY CELESTE 5 PIEZAS x1","categoria":"Acontecimientos","subcategoria":"Nacimiento / Baby Shower / Bautismo / 1° Añito","precio":2340.8,"destacado":false,"descripcion":"","imagen":"assets/products/CA-844517802871.webp","tags":["kit","globos","deco","zapatillas","its","boy","celeste","piezas"]},{"id":"CA-844517802870","nombre":"KIT GLOBOS DECO ZAPATILLAS ITS GIRL ROSA 5 PIEZAS x1","categoria":"Acontecimientos","subcategoria":"Nacimiento / Baby Shower / Bautismo / 1° Añito","precio":2340.8,"destacado":false,"descripcion":"","imagen":"assets/products/CA-844517802870.webp","tags":["kit","globos","deco","zapatillas","its","girl","rosa","piezas"]},{"id":"CA-692025031225","nombre":"KIT GLOBOS ES UN NIÑO CELESTE 5 PIEZAS x1 GY-1225","categoria":"Acontecimientos","subcategoria":"Nacimiento / Baby Shower / Bautismo / 1° Añito","precio":2271.92,"destacado":false,"descripcion":"","imagen":"assets/products/CA-692025031225.webp","tags":["kit","globos","niño","celeste","piezas","1225"]},{"id":"CA-779813465929","nombre":"PINCHE PARA FOTO FIESTA BABY SHOWER NENA x12 (PROP)S.1206-2 GOLD MUNDO","categoria":"Acontecimientos","subcategoria":"Nacimiento / Baby Shower / Bautismo / 1° Añito","precio":1423.44,"destacado":false,"descripcion":"","imagen":"assets/products/CA-779813465929.webp","tags":["pinche","para","foto","fiesta","baby","shower","nena","x12","prop","1206","gold","mundo"]},{"id":"CA-779813465928","nombre":"PINCHE PARA FOTO FIESTA BABY SHOWER NENE x12 (PROPS)S.1206-1 GOLD MUNDO","categoria":"Acontecimientos","subcategoria":"Nacimiento / Baby Shower / Bautismo / 1° Añito","precio":1423.44,"destacado":false,"descripcion":"","imagen":"assets/products/CA-779813465928.webp","tags":["pinche","para","foto","fiesta","baby","shower","nene","x12","props","1206","gold","mundo"]}]}