{"category_slug":"cotillon","subcategory_slug":"globos_impresos_globologia_formas","page":1,"page_size":48,"total":33,"items":[{"id":"CA-779813095417","nombre":"GLOBO CANDELA IMPRESO 12\" ESTRELLITA MULTICOLOR x12u. 1252/2280","categoria":"Cotillon","subcategoria":"Globos Impresos/Globologia/Formas","precio":1650.04,"destacado":false,"descripcion":"","imagen":"assets/products/CA-779813095417.webp","tags":["globo","candela","impreso","estrellita","multicolor","x12u","1252","2280"]},{"id":"CA-779813095515","nombre":"GLOBO CANDELA IMPRESO 12\" FELIZ CUMPLEAÑOS x12u. 1256/2416","categoria":"Cotillon","subcategoria":"Globos Impresos/Globologia/Formas","precio":1650.04,"destacado":false,"descripcion":"","imagen":"assets/products/CA-779813095515.webp","tags":["globo","candela","impreso","feliz","cumpleaños","x12u","1256","2416"]},{"id":"CA-779813095658","nombre":"GLOBO CANDELA IMPRESO 12\" LUNAR AZUL/BLANCO x12u. 1266/4708","categoria":"Cotillon","subcategoria":"Globos Impresos/Globologia/Formas","precio":1461.9,"destacado":false,"descripcion":"","imagen":"assets/products/CA-779813095658.webp","tags":["globo","candela","impreso","lunar","azul","blanco","x12u","1266","4708"]},{"id":"CA-779813095543","nombre":"GLOBO CANDELA IMPRESO 12\" LUNAR NEGRO/BLANCO x12u. 1265/4353","categoria":"Cotillon","subcategoria":"Globos Impresos/Globologia/Formas","precio":1461.9,"destacado":false,"descripcion":"","imagen":"assets/products/CA-779813095543.webp","tags":["globo","candela","impreso","lunar","negro","blanco","x12u","1265","4353"]},{"id":"CA-779813095663","nombre":"GLOBO CANDELA IMPRESO 12\" LUNAR NEGRO/ROJO x12u. 1271/4713","categoria":"Cotillon","subcategoria":"Globos Impresos/Globologia/Formas","precio":1461.9,"destacado":false,"descripcion":"","imagen":"assets/products/CA-779813095663.webp","tags":["globo","candela","impreso","lunar","negro","rojo","x12u","1271","4713"]},{"id":"CA-779813095539","nombre":"GLOBO CANDELA IMPRESO 12\" LUNAR ROJO/BLANCO x12u. 1261/4349","categoria":"Cotillon","subcategoria":"Globos Impresos/Globologia/Formas","precio":1461.9,"destacado":false,"descripcion":"","imagen":"assets/products/CA-779813095539.webp","tags":["globo","candela","impreso","lunar","rojo","blanco","x12u","1261","4349"]},{"id":"CA-779813095540","nombre":"GLOBO CANDELA IMPRESO 12\" LUNAR ROJO/NEGRO x12u. 1262/4350","categoria":"Cotillon","subcategoria":"Globos Impresos/Globologia/Formas","precio":1461.9,"destacado":false,"descripcion":"","imagen":"assets/products/CA-779813095540.webp","tags":["globo","candela","impreso","lunar","rojo","negro","x12u","1262","4350"]},{"id":"CA-779813095542","nombre":"GLOBO CANDELA IMPRESO 12\" LUNAR ROSA/BLANCO x12u. 1264/4352","categoria":"Cotillon","subcategoria":"Globos Impresos/Globologia/Formas","precio":1461.9,"destacado":false,"descripcion":"","imagen":"assets/products/CA-779813095542.webp","tags":["globo","candela","impreso","lunar","rosa","blanco","x12u","1264","4352"]},{"id":"CA-779813095660","nombre":"GLOBO CANDELA IMPRESO 12\" LUNAR VERDE/BLANCO x12u. 4710","categoria":"Cotillon","subcategoria":"Globos Impresos/Globologia/Formas","precio":1461.9,"destacado":false,"descripcion":"","imagen":"assets/products/CA-779813095660.webp","tags":["globo","candela","impreso","lunar","verde","blanco","x12u","4710"]},{"id":"CA-779813095661","nombre":"GLOBO CANDELA IMPRESO 12\" LUNAR VIOLETA/BLANCO x12u. 1269/4711","categoria":"Cotillon","subcategoria":"Globos Impresos/Globologia/Formas","precio":1461.9,"destacado":false,"descripcion":"","imagen":"assets/products/CA-779813095661.webp","tags":["globo","candela","impreso","lunar","violeta","blanco","x12u","1269","4711"]},{"id":"CA-779813095418","nombre":"GLOBO CANDELA IMPRESO 12\" LUNARES MULTICOLOR x12u. 1253/2281","categoria":"Cotillon","subcategoria":"Globos Impresos/Globologia/Formas","precio":1461.9,"destacado":false,"descripcion":"","imagen":"assets/products/CA-779813095418.webp","tags":["globo","candela","impreso","lunares","multicolor","x12u","1253","2281"]},{"id":"CA-779813095411","nombre":"GLOBO CANDELA TIRABUZON  x12u. 1304/2265","categoria":"Cotillon","subcategoria":"Globos Impresos/Globologia/Formas","precio":1865.27,"destacado":false,"descripcion":"","imagen":"assets/products/CA-779813095411.webp","tags":["globo","candela","tirabuzon","x12u","1304","2265"]},{"id":"CA-135468134561","nombre":"GLOBO CON CONFETTI COLOR 10 \" x100 GY-959","categoria":"Cotillon","subcategoria":"Globos Impresos/Globologia/Formas","precio":6511.16,"destacado":false,"descripcion":"","imagen":"assets/products/CA-135468134561.webp","tags":["globo","con","confetti","color","x100","959"]},{"id":"CA-779812603221","nombre":"GLOBO DE CANCHA (NUDO) AMARILLO 1.20x0.20 mtr x20","categoria":"Cotillon","subcategoria":"Globos Impresos/Globologia/Formas","precio":5508.0,"destacado":false,"descripcion":"","imagen":"assets/products/CA-779812603221.webp","tags":["globo","cancha","nudo","amarillo","20x0","mtr","x20"]},{"id":"CA-779812603231","nombre":"GLOBO DE CANCHA (NUDO) AZUL 1.20x0.20 mtr x20","categoria":"Cotillon","subcategoria":"Globos Impresos/Globologia/Formas","precio":5508.0,"destacado":false,"descripcion":"","imagen":"assets/products/CA-779812603231.webp","tags":["globo","cancha","nudo","azul","20x0","mtr","x20"]},{"id":"CA-779812603223","nombre":"GLOBO DE CANCHA (NUDO) CELESTE 1.20x0.20 mtr x20","categoria":"Cotillon","subcategoria":"Globos Impresos/Globologia/Formas","precio":5508.0,"destacado":false,"descripcion":"","imagen":"assets/products/CA-779812603223.webp","tags":["globo","cancha","nudo","celeste","20x0","mtr","x20"]},{"id":"CA-779812603224","nombre":"GLOBO DE CANCHA (NUDO) NEGRO 1.20x0.20 mtr x20","categoria":"Cotillon","subcategoria":"Globos Impresos/Globologia/Formas","precio":5508.0,"destacado":false,"descripcion":"","imagen":"assets/products/CA-779812603224.webp","tags":["globo","cancha","nudo","negro","20x0","mtr","x20"]},{"id":"CA-779812603225","nombre":"GLOBO DE CANCHA (NUDO) ROJO 1.20x0.20 mtr x20","categoria":"Cotillon","subcategoria":"Globos Impresos/Globologia/Formas","precio":5508.0,"destacado":false,"descripcion":"","imagen":"assets/products/CA-779812603225.webp","tags":["globo","cancha","nudo","rojo","20x0","mtr","x20"]},{"id":"CA-779812603229","nombre":"GLOBO DE CANCHA (NUDO) ROSA 1.20x0.20 mtr x20","categoria":"Cotillon","subcategoria":"Globos Impresos/Globologia/Formas","precio":5508.0,"destacado":false,"descripcion":"","imagen":"assets/products/CA-779812603229.webp","tags":["globo","cancha","nudo","rosa","20x0","mtr","x20"]},{"id":"CA-779812603008","nombre":"GLOBO DE CANCHA (NUDO) SURTIDO FLUO 1.20x0.20 mtr x20","categoria":"Cotillon","subcategoria":"Globos Impresos/Globologia/Formas","precio":6696.0,"destacado":false,"descripcion":"","imagen":"assets/products/CA-779812603008.webp","tags":["globo","cancha","nudo","surtido","fluo","20x0","mtr","x20"]},{"id":"CA-779812603228","nombre":"GLOBO DE CANCHA (NUDO) VERDE OSCURO 1.20x0.20 mtr x20","categoria":"Cotillon","subcategoria":"Globos Impresos/Globologia/Formas","precio":5508.0,"destacado":false,"descripcion":"","imagen":"assets/products/CA-779812603228.webp","tags":["globo","cancha","nudo","verde","oscuro","20x0","mtr","x20"]},{"id":"CA-000000045435","nombre":"GLOBO FORMA CORAZON 12\" MULTICOLOR (SOFIA) x12","categoria":"Cotillon","subcategoria":"Globos Impresos/Globologia/Formas","precio":3900.0,"destacado":false,"descripcion":"","imagen":"assets/products/CA-000000045435.webp","tags":["globo","forma","corazon","multicolor","sofia","x12"]},{"id":"CA-000000045436","nombre":"GLOBO FORMA CORAZON 12\" ROJO (SOFIA) x12","categoria":"Cotillon","subcategoria":"Globos Impresos/Globologia/Formas","precio":3900.0,"destacado":false,"descripcion":"","imagen":"assets/products/CA-000000045436.webp","tags":["globo","forma","corazon","rojo","sofia","x12"]},{"id":"CA-000000045437","nombre":"GLOBO FORMA CORAZON 12\" ROSA (SOFIA) x12","categoria":"Cotillon","subcategoria":"Globos Impresos/Globologia/Formas","precio":3900.0,"destacado":false,"descripcion":"","imagen":"assets/products/CA-000000045437.webp","tags":["globo","forma","corazon","rosa","sofia","x12"]},{"id":"CA-000000054850","nombre":"GLOBO FORMA CORAZON COLORES VARIOS 12\" x12 CL128/U23-389","categoria":"Cotillon","subcategoria":"Globos Impresos/Globologia/Formas","precio":1046.5,"destacado":false,"descripcion":"","imagen":"assets/products/CA-000000054850.webp","tags":["globo","forma","corazon","colores","varios","x12","cl128","u23","389"]},{"id":"CA-779813095464","nombre":"GLOBO FORMA CORAZON TE AMO/FELIZ DIA CANDELA x12 1302","categoria":"Cotillon","subcategoria":"Globos Impresos/Globologia/Formas","precio":2440.28,"destacado":false,"descripcion":"","imagen":"assets/products/CA-779813095464.webp","tags":["globo","forma","corazon","amo","feliz","dia","candela","x12","1302"]},{"id":"CA-779908801580","nombre":"GLOBO GLOBBY CON CONFETTI ESTRELLAS PLATA 24\" x1 GL24CEP  PS","categoria":"Cotillon","subcategoria":"Globos Impresos/Globologia/Formas","precio":2078.13,"destacado":false,"descripcion":"","imagen":"assets/products/CA-779908801580.webp","tags":["globo","globby","con","confetti","estrellas","plata","gl24cep"]},{"id":"CA-779810960005","nombre":"GLOBO GLOBOLANDIA FELIZ CUMPLE MULTICOLOR 10\" x50 150","categoria":"Cotillon","subcategoria":"Globos Impresos/Globologia/Formas","precio":2582.01,"destacado":false,"descripcion":"","imagen":"assets/products/CA-779810960005.webp","tags":["globo","globolandia","feliz","cumple","multicolor","x50","150"]},{"id":"CA-779819415373","nombre":"GLOBO GLOBOX GLOBOLOGIA MULTICOLOR FLUO T260 x50 53734","categoria":"Cotillon","subcategoria":"Globos Impresos/Globologia/Formas","precio":5716.82,"destacado":false,"descripcion":"","imagen":"assets/products/CA-779819415373.webp","tags":["globo","globox","globologia","multicolor","fluo","t260","x50","53734"]},{"id":"CA-779819415366","nombre":"GLOBO GLOBOX GLOBOLOGIA MULTICOLOR T260 x50 53666","categoria":"Cotillon","subcategoria":"Globos Impresos/Globologia/Formas","precio":5291.22,"destacado":false,"descripcion":"","imagen":"assets/products/CA-779819415366.webp","tags":["globo","globox","globologia","multicolor","t260","x50","53666"]},{"id":"CA-633652162064","nombre":"GLOBO IMPRESO VACA 12\" x12 JB  2064","categoria":"Cotillon","subcategoria":"Globos Impresos/Globologia/Formas","precio":1845.9,"destacado":false,"descripcion":"","imagen":"assets/products/CA-633652162064.webp","tags":["globo","impreso","vaca","x12","2064"]},{"id":"CA-690241251022","nombre":"GLOBO LATEX IMPRESO PERSONAJES VARIOS x10 GY-510-22","categoria":"Cotillon","subcategoria":"Globos Impresos/Globologia/Formas","precio":1298.71,"destacado":false,"descripcion":"","imagen":"assets/products/CA-690241251022.webp","tags":["globo","latex","impreso","personajes","varios","x10","510"]},{"id":"CA-202569900490","nombre":"GLOBO SMILE EGRESADO 80X65CM X1 DC490","categoria":"Cotillon","subcategoria":"Globos Impresos/Globologia/Formas","precio":1027.6,"destacado":false,"descripcion":"","imagen":"assets/products/CA-202569900490.webp","tags":["globo","smile","egresado","80x65cm","dc490"]}]}