{"category_slug":"adornos_y_complementos_para_torta","subcategory_slug":"","page":11,"page_size":48,"total":663,"items":[{"id":"CA-000000055089","nombre":"PINCHE DIA DE LOS ENAMORADOS CORAZONES EN MACETA MODELOS SURTIDOS x7u.UPALALA","categoria":"Adornos Y Complementos Para Torta","subcategoria":"Adornos, Pinches Y Apliques Toda Ocasion","precio":966.0,"destacado":false,"descripcion":"","imagen":"assets/products/CA-000000055089.webp","tags":["pinche","dia","los","enamorados","corazones","maceta","modelos","surtidos","x7u","upalala"]},{"id":"CA-000000055090","nombre":"PINCHE DIA DE LOS ENAMORADOS FLOR 3D TE AMO CON CORAZONES x2u.UPALALA","categoria":"Adornos Y Complementos Para Torta","subcategoria":"Adornos, Pinches Y Apliques Toda Ocasion","precio":1008.0,"destacado":false,"descripcion":"","imagen":"assets/products/CA-000000055090.webp","tags":["pinche","dia","los","enamorados","flor","amo","con","corazones","x2u","upalala"]},{"id":"CA-000000055086","nombre":"PINCHE DIA DE LOS ENAMORADOS OSITO/PERRITO GRANDE TE AMO/FELIZ DIA MODELOS SURTIDOS x1u.(POMPI DU )","categoria":"Adornos Y Complementos Para Torta","subcategoria":"Adornos, Pinches Y Apliques Toda Ocasion","precio":1190.0,"destacado":false,"descripcion":"","imagen":"assets/products/CA-000000055086.webp","tags":["pinche","dia","los","enamorados","osito","perrito","grande","amo","feliz","dia","modelos","surtidos"]},{"id":"CA-000000056949","nombre":"PINCHE DIA DEL NIÑO FELIZ DIA GRANDE OSITOS SURTIDOS x1u.(POMPI DU )","categoria":"Adornos Y Complementos Para Torta","subcategoria":"Adornos, Pinches Y Apliques Toda Ocasion","precio":1190.0,"destacado":false,"descripcion":"","imagen":"assets/products/CA-000000056949.webp","tags":["pinche","dia","del","niño","feliz","dia","grande","ositos","surtidos","x1u","pompi"]},{"id":"CA-000000058031","nombre":"PINCHE FELIZ CUMPLE BOCA GRANDE x2u.(POMPI DU )","categoria":"Adornos Y Complementos Para Torta","subcategoria":"Adornos Y Pinches Futboleros","precio":2133.0,"destacado":false,"descripcion":"","imagen":"assets/products/CA-000000058031.webp","tags":["pinche","feliz","cumple","boca","grande","x2u","pompi"]},{"id":"CA-000000058032","nombre":"PINCHE FELIZ CUMPLE RACING GRANDE x2u.(POMPI DU )","categoria":"Adornos Y Complementos Para Torta","subcategoria":"Adornos Y Pinches Futboleros","precio":2133.0,"destacado":false,"descripcion":"","imagen":"assets/products/CA-000000058032.webp","tags":["pinche","feliz","cumple","racing","grande","x2u","pompi"]},{"id":"CA-000000058029","nombre":"PINCHE FELIZ CUMPLE RIVER GRANDE x2u.(POMPI DU )","categoria":"Adornos Y Complementos Para Torta","subcategoria":"Adornos Y Pinches Futboleros","precio":2133.0,"destacado":false,"descripcion":"","imagen":"assets/products/CA-000000058029.webp","tags":["pinche","feliz","cumple","river","grande","x2u","pompi"]},{"id":"CA-092551003792","nombre":"PINCHE FELIZ CUMPLEAÑOS CON LUZ VARIOS MODELOSx1 DA8423A","categoria":"Adornos Y Complementos Para Torta","subcategoria":"Adornos, Pinches Y Apliques Toda Ocasion","precio":1540.0,"destacado":false,"descripcion":"","imagen":"assets/products/CA-092551003792.webp","tags":["pinche","feliz","cumpleaños","con","luz","varios","modelosx1","da8423a"]},{"id":"CA-202560000741","nombre":"PINCHE FELIZ CUMPLEAÑOS CORAZON VARIOS COLORES x12 FP0741-01","categoria":"Adornos Y Complementos Para Torta","subcategoria":"Adornos Y Pinches De Cumpleaños Personajes","precio":11060.35,"destacado":false,"descripcion":"","imagen":"assets/products/CA-202560000741.webp","tags":["pinche","feliz","cumpleaños","corazon","varios","colores","x12","fp0741"]},{"id":"CA-202560000740","nombre":"PINCHE FELIZ CUMPLEAÑOS MARIPOSA x12 FP0740-02","categoria":"Adornos Y Complementos Para Torta","subcategoria":"Adornos Y Pinches De Cumpleaños Personajes","precio":11060.35,"destacado":false,"descripcion":"","imagen":"assets/products/CA-202560000740.webp","tags":["pinche","feliz","cumpleaños","mariposa","x12","fp0740"]},{"id":"CA-202560000951","nombre":"PINCHE FELIZ CUMPLEAÑOS REINA x12 FP0951-01","categoria":"Adornos Y Complementos Para Torta","subcategoria":"Adornos, Pinches Y Apliques Toda Ocasion","precio":11900.0,"destacado":false,"descripcion":"","imagen":"assets/products/CA-202560000951.webp","tags":["pinche","feliz","cumpleaños","reina","x12","fp0951"]},{"id":"CA-202560200951","nombre":"PINCHE FELIZ CUMPLEAÑOS REY x12 FP0951-02","categoria":"Adornos Y Complementos Para Torta","subcategoria":"Adornos Y Pinches De Cumpleaños Personajes","precio":11907.0,"destacado":false,"descripcion":"","imagen":"assets/products/CA-202560200951.webp","tags":["pinche","feliz","cumpleaños","rey","x12","fp0951"]},{"id":"CA-202562000741","nombre":"PINCHE FELIZ CUMPLEAÑOS ZIG-ZAG VARIOS COLORES x12 FP0741-02","categoria":"Adornos Y Complementos Para Torta","subcategoria":"Adornos Y Pinches De Cumpleaños Personajes","precio":11060.35,"destacado":false,"descripcion":"","imagen":"assets/products/CA-202562000741.webp","tags":["pinche","feliz","cumpleaños","zig","zag","varios","colores","x12","fp0741"]},{"id":"CA-000000056950","nombre":"PINCHE FELIZ DIA CON GLOBOS GRANDE SURTIDOS x1u.(POMPI DU )","categoria":"Adornos Y Complementos Para Torta","subcategoria":"Adornos, Pinches Y Apliques Toda Ocasion","precio":1190.0,"destacado":false,"descripcion":"","imagen":"assets/products/CA-000000056950.webp","tags":["pinche","feliz","dia","con","globos","grande","surtidos","x1u","pompi"]},{"id":"CA-000000056980","nombre":"PINCHE FELIZ DIA DEL NIÑO x3u.CALUMI","categoria":"Adornos Y Complementos Para Torta","subcategoria":"Adornos, Pinches Y Apliques Toda Ocasion","precio":1288.0,"destacado":false,"descripcion":"","imagen":"assets/products/CA-000000056980.webp","tags":["pinche","feliz","dia","del","niño","x3u","calumi"]},{"id":"CA-000000056948","nombre":"PINCHE FELIZ DIA GRANDE STITCH-LABUBU-CAPIBARA MODELOS SURTIDOS x1u.(POMPI DU )","categoria":"Adornos Y Complementos Para Torta","subcategoria":"Adornos, Pinches Y Apliques Toda Ocasion","precio":1147.5,"destacado":false,"descripcion":"","imagen":"assets/products/CA-000000056948.webp","tags":["pinche","feliz","dia","grande","stitch","labubu","capibara","modelos","surtidos","x1u","pompi"]},{"id":"CA-000000057000","nombre":"PINCHE FELIZ DIA HOMBRE ARAÑA x6u.CALUMI","categoria":"Adornos Y Complementos Para Torta","subcategoria":"Adornos, Pinches Y Apliques Toda Ocasion","precio":2576.0,"destacado":false,"descripcion":"","imagen":"assets/products/CA-000000057000.webp","tags":["pinche","feliz","dia","hombre","araña","x6u","calumi"]},{"id":"CA-000000056996","nombre":"PINCHE FELIZ DIA KITTY x6u.CALUMI","categoria":"Adornos Y Complementos Para Torta","subcategoria":"Adornos, Pinches Y Apliques Toda Ocasion","precio":2576.0,"destacado":false,"descripcion":"","imagen":"assets/products/CA-000000056996.webp","tags":["pinche","feliz","dia","kitty","x6u","calumi"]},{"id":"CA-000000056998","nombre":"PINCHE FELIZ DIA KUROMI x6u.CALUMI","categoria":"Adornos Y Complementos Para Torta","subcategoria":"Adornos, Pinches Y Apliques Toda Ocasion","precio":2576.0,"destacado":false,"descripcion":"","imagen":"assets/products/CA-000000056998.webp","tags":["pinche","feliz","dia","kuromi","x6u","calumi"]},{"id":"CA-000000056187","nombre":"PINCHE FELIZ DIA PAPA CAPIBARA x3u.CALUMI","categoria":"Adornos Y Complementos Para Torta","subcategoria":"Adornos, Pinches Y Apliques Toda Ocasion","precio":1334.0,"destacado":false,"descripcion":"","imagen":"assets/products/CA-000000056187.webp","tags":["pinche","feliz","dia","papa","capibara","x3u","calumi"]},{"id":"CA-000000049454","nombre":"PINCHE FELIZ DIA PAPA CHOPP DE CERVEZA x3u.CALUMI","categoria":"Adornos Y Complementos Para Torta","subcategoria":"Adornos, Pinches Y Apliques Toda Ocasion","precio":1334.0,"destacado":false,"descripcion":"","imagen":"assets/products/CA-000000049454.webp","tags":["pinche","feliz","dia","papa","chopp","cerveza","x3u","calumi"]},{"id":"CA-000000056130","nombre":"PINCHE FELIZ DIA PAPA GRANDE MODELOS SURTIDOS x4u.(POMPI DU )","categoria":"Adornos Y Complementos Para Torta","subcategoria":"Adornos, Pinches Y Apliques Toda Ocasion","precio":3416.0,"destacado":false,"descripcion":"","imagen":"assets/products/CA-000000056130.webp","tags":["pinche","feliz","dia","papa","grande","modelos","surtidos","x4u","pompi"]},{"id":"CA-000000056934","nombre":"PINCHE FELIZ DIA PERSONAJES NENA x3u.CALUMI","categoria":"Adornos Y Complementos Para Torta","subcategoria":"Adornos, Pinches Y Apliques Toda Ocasion","precio":1104.0,"destacado":false,"descripcion":"","imagen":"assets/products/CA-000000056934.webp","tags":["pinche","feliz","dia","personajes","nena","x3u","calumi"]},{"id":"CA-000000056933","nombre":"PINCHE FELIZ DIA PERSONAJES NENE x3u.CALUMI","categoria":"Adornos Y Complementos Para Torta","subcategoria":"Adornos, Pinches Y Apliques Toda Ocasion","precio":1104.0,"destacado":false,"descripcion":"","imagen":"assets/products/CA-000000056933.webp","tags":["pinche","feliz","dia","personajes","nene","x3u","calumi"]},{"id":"CA-000000056997","nombre":"PINCHE FELIZ DIA STITCH x6u.CALUMI","categoria":"Adornos Y Complementos Para Torta","subcategoria":"Adornos, Pinches Y Apliques Toda Ocasion","precio":2576.0,"destacado":false,"descripcion":"","imagen":"assets/products/CA-000000056997.webp","tags":["pinche","feliz","dia","stitch","x6u","calumi"]},{"id":"CA-000000056188","nombre":"PINCHE FELIZ DIA SUPER PAPIBARA x3u.CALUMI","categoria":"Adornos Y Complementos Para Torta","subcategoria":"Adornos, Pinches Y Apliques Toda Ocasion","precio":1334.0,"destacado":false,"descripcion":"","imagen":"assets/products/CA-000000056188.webp","tags":["pinche","feliz","dia","super","papibara","x3u","calumi"]},{"id":"CA-000000048717","nombre":"PINCHE FIBROFACIL DIA DE LOS ENAMORADOS CORAZON LOVE -FELIZ DIA AMOR x1 (varios modelos)","categoria":"Adornos Y Complementos Para Torta","subcategoria":"Adornos, Pinches Y Apliques Toda Ocasion","precio":1087.5,"destacado":false,"descripcion":"","imagen":"assets/products/CA-000000048717.webp","tags":["pinche","fibrofacil","dia","los","enamorados","corazon","love","feliz","dia","amor","varios","modelos"]},{"id":"CA-000000056129","nombre":"PINCHE FIBROFACIL DIA DEL PADRE (varios modelos) x1 DESTELLOS","categoria":"Adornos Y Complementos Para Torta","subcategoria":"Adornos, Pinches Y Apliques Toda Ocasion","precio":942.5,"destacado":false,"descripcion":"","imagen":"assets/products/CA-000000056129.webp","tags":["pinche","fibrofacil","dia","del","padre","varios","modelos","destellos"]},{"id":"CA-000000044846","nombre":"PINCHE FIBROFACIL DORADO ARBOLITO NAVIDAD x1","categoria":"Adornos Y Complementos Para Torta","subcategoria":"Adornos Navideños","precio":1147.5,"destacado":false,"descripcion":"","imagen":"assets/products/CA-000000044846.webp","tags":["pinche","fibrofacil","dorado","arbolito","navidad"]},{"id":"CA-000000046751","nombre":"PINCHE FIBROFACIL DORADO FRASE FELICES FIESTAS x1","categoria":"Adornos Y Complementos Para Torta","subcategoria":"Adornos Navideños","precio":1147.5,"destacado":false,"descripcion":"","imagen":"assets/products/CA-000000046751.webp","tags":["pinche","fibrofacil","dorado","frase","felices","fiestas"]},{"id":"CA-000000044568","nombre":"PINCHE FIBROFACIL FELIZ DIA DE LA MADRE (varios modelos) ( DESTELLOS x1","categoria":"Adornos Y Complementos Para Torta","subcategoria":"Adornos, Pinches Y Apliques Toda Ocasion","precio":1050.0,"destacado":false,"descripcion":"","imagen":"assets/products/CA-000000044568.webp","tags":["pinche","fibrofacil","feliz","dia","madre","varios","modelos","destellos"]},{"id":"CA-000000055919","nombre":"PINCHE FIBROFACIL FELIZ DIA PAPA  NEGRO x1","categoria":"Adornos Y Complementos Para Torta","subcategoria":"Adornos, Pinches Y Apliques Toda Ocasion","precio":1147.5,"destacado":false,"descripcion":"","imagen":"assets/products/CA-000000055919.webp","tags":["pinche","fibrofacil","feliz","dia","papa","negro"]},{"id":"CA-000000055918","nombre":"PINCHE FIBROFACIL FELIZ DIA PAPA DORADO x1","categoria":"Adornos Y Complementos Para Torta","subcategoria":"Adornos, Pinches Y Apliques Toda Ocasion","precio":1147.5,"destacado":false,"descripcion":"","imagen":"assets/products/CA-000000055918.webp","tags":["pinche","fibrofacil","feliz","dia","papa","dorado"]},{"id":"CA-000000042772","nombre":"PINCHE FIBROFACIL FRASE BABY SHOWER ROSA x1","categoria":"Adornos Y Complementos Para Torta","subcategoria":"Bautismo /1° Añito/Baby Shower/Revelacion","precio":1147.5,"destacado":false,"descripcion":"","imagen":"assets/products/CA-000000042772.webp","tags":["pinche","fibrofacil","frase","baby","shower","rosa"]},{"id":"CA-000000051963","nombre":"PINCHE FIBROFACIL FRASE BAUTISMO CELESTE x1 ART.204","categoria":"Adornos Y Complementos Para Torta","subcategoria":"Bautismo /1° Añito/Baby Shower/Revelacion","precio":1147.5,"destacado":false,"descripcion":"","imagen":"assets/products/CA-000000051963.webp","tags":["pinche","fibrofacil","frase","bautismo","celeste","art","204"]},{"id":"CA-000000051964","nombre":"PINCHE FIBROFACIL FRASE BAUTISMO ROSA x1 ART.204","categoria":"Adornos Y Complementos Para Torta","subcategoria":"Bautismo /1° Añito/Baby Shower/Revelacion","precio":1147.5,"destacado":false,"descripcion":"","imagen":"assets/products/CA-000000051964.webp","tags":["pinche","fibrofacil","frase","bautismo","rosa","art","204"]},{"id":"CA-000000052408","nombre":"PINCHE FIBROFACIL FRASE DORADA 30 Y PICO x1 ART 215","categoria":"Adornos Y Complementos Para Torta","subcategoria":"Adornos, Pinches Y Apliques Toda Ocasion","precio":1147.5,"destacado":false,"descripcion":"","imagen":"assets/products/CA-000000052408.webp","tags":["pinche","fibrofacil","frase","dorada","pico","art","215"]},{"id":"CA-000000051965","nombre":"PINCHE FIBROFACIL FRASE DORADA 40 Y PICO x1 ART 217","categoria":"Adornos Y Complementos Para Torta","subcategoria":"Adornos, Pinches Y Apliques Toda Ocasion","precio":1147.5,"destacado":false,"descripcion":"","imagen":"assets/products/CA-000000051965.webp","tags":["pinche","fibrofacil","frase","dorada","pico","art","217"]},{"id":"CA-000000051966","nombre":"PINCHE FIBROFACIL FRASE DORADA 50 Y PICO x1 ART 219","categoria":"Adornos Y Complementos Para Torta","subcategoria":"Adornos, Pinches Y Apliques Toda Ocasion","precio":1147.5,"destacado":false,"descripcion":"","imagen":"assets/products/CA-000000051966.webp","tags":["pinche","fibrofacil","frase","dorada","pico","art","219"]},{"id":"CA-000000051967","nombre":"PINCHE FIBROFACIL FRASE DORADA 60 Y PICO x1 ART 221","categoria":"Adornos Y Complementos Para Torta","subcategoria":"Adornos, Pinches Y Apliques Toda Ocasion","precio":1147.5,"destacado":false,"descripcion":"","imagen":"assets/products/CA-000000051967.webp","tags":["pinche","fibrofacil","frase","dorada","pico","art","221"]},{"id":"CA-000000052409","nombre":"PINCHE FIBROFACIL FRASE DORADA 70 Y PICO x1 ART 223","categoria":"Adornos Y Complementos Para Torta","subcategoria":"Adornos, Pinches Y Apliques Toda Ocasion","precio":1147.5,"destacado":false,"descripcion":"","imagen":"assets/products/CA-000000052409.webp","tags":["pinche","fibrofacil","frase","dorada","pico","art","223"]},{"id":"CA-000000042767","nombre":"PINCHE FIBROFACIL FRASE FELIZ ANIVERSARIO DORADA x1","categoria":"Adornos Y Complementos Para Torta","subcategoria":"Boda/ 15 Años/ 18 Años/ Aniversario","precio":1147.5,"destacado":false,"descripcion":"","imagen":"assets/products/CA-000000042767.webp","tags":["pinche","fibrofacil","frase","feliz","aniversario","dorada"]},{"id":"CA-000000042768","nombre":"PINCHE FIBROFACIL FRASE FELIZ ANIVERSARIO PLATEADA x1","categoria":"Adornos Y Complementos Para Torta","subcategoria":"Boda/ 15 Años/ 18 Años/ Aniversario","precio":1147.5,"destacado":false,"descripcion":"","imagen":"assets/products/CA-000000042768.webp","tags":["pinche","fibrofacil","frase","feliz","aniversario","plateada"]},{"id":"CA-000000052202","nombre":"PINCHE FIBROFACIL FRASE FELIZ CUMPLE DORADO TORNASOL x1","categoria":"Adornos Y Complementos Para Torta","subcategoria":"Adornos, Pinches Y Apliques Toda Ocasion","precio":1147.5,"destacado":false,"descripcion":"","imagen":"assets/products/CA-000000052202.webp","tags":["pinche","fibrofacil","frase","feliz","cumple","dorado","tornasol"]},{"id":"CA-000000052203","nombre":"PINCHE FIBROFACIL FRASE FELIZ CUMPLE PLATEADO TORNASOL x1","categoria":"Adornos Y Complementos Para Torta","subcategoria":"Adornos, Pinches Y Apliques Toda Ocasion","precio":1147.5,"destacado":false,"descripcion":"","imagen":"assets/products/CA-000000052203.webp","tags":["pinche","fibrofacil","frase","feliz","cumple","plateado","tornasol"]},{"id":"CA-000000049878","nombre":"PINCHE FIBROFACIL FRASE FELIZ CUMPLE. NEGRA x1 ART.297","categoria":"Adornos Y Complementos Para Torta","subcategoria":"Adornos, Pinches Y Apliques Toda Ocasion","precio":1147.5,"destacado":false,"descripcion":"","imagen":"assets/products/CA-000000049878.webp","tags":["pinche","fibrofacil","frase","feliz","cumple","negra","art","297"]},{"id":"CA-000000044953","nombre":"PINCHE FIBROFACIL FRASE FELIZ CUMPLEAÑOS ARCOIRIS x1","categoria":"Adornos Y Complementos Para Torta","subcategoria":"Adornos, Pinches Y Apliques Toda Ocasion","precio":1147.5,"destacado":false,"descripcion":"","imagen":"assets/products/CA-000000044953.webp","tags":["pinche","fibrofacil","frase","feliz","cumpleaños","arcoiris"]},{"id":"CA-000000042763","nombre":"PINCHE FIBROFACIL FRASE FELIZ CUMPLEAÑOS DORADA x1 ART.291","categoria":"Adornos Y Complementos Para Torta","subcategoria":"Adornos, Pinches Y Apliques Toda Ocasion","precio":1147.5,"destacado":false,"descripcion":"","imagen":"assets/products/CA-000000042763.webp","tags":["pinche","fibrofacil","frase","feliz","cumpleaños","dorada","art","291"]}]}