{"category_slug":"adornos_y_complementos_para_torta","subcategory_slug":"","page":1,"page_size":48,"total":663,"items":[{"id":"CA-000000047906","nombre":"ADORNO BASE BRILLO ESCUDO BOCA x1u.DISTRIBUIDORA G","categoria":"Adornos Y Complementos Para Torta","subcategoria":"Adornos Y Pinches Futboleros","precio":1540.0,"destacado":false,"descripcion":"","imagen":"assets/products/CA-000000047906.webp","tags":["adorno","base","brillo","escudo","boca","x1u","distribuidora"]},{"id":"CA-000000047905","nombre":"ADORNO BASE BRILLO ESCUDO RIVER x1u.DISTRIBUIDORA G","categoria":"Adornos Y Complementos Para Torta","subcategoria":"Adornos Y Pinches Futboleros","precio":1540.0,"destacado":false,"descripcion":"","imagen":"assets/products/CA-000000047905.webp","tags":["adorno","base","brillo","escudo","river","x1u","distribuidora"]},{"id":"CA-000000047899","nombre":"ADORNO BASE BRILLO HOMBRE ARAÑA x1u.DISTRIBUIDORA G","categoria":"Adornos Y Complementos Para Torta","subcategoria":"Adornos Y Pinches De Cumpleaños Personajes","precio":1540.0,"destacado":false,"descripcion":"","imagen":"assets/products/CA-000000047899.webp","tags":["adorno","base","brillo","hombre","araña","x1u","distribuidora"]},{"id":"CA-000000047892","nombre":"ADORNO BASE BRILLO PAW PATROLx1u.DISTRIBUIDORA G","categoria":"Adornos Y Complementos Para Torta","subcategoria":"Adornos Y Pinches De Cumpleaños Personajes","precio":1540.0,"destacado":false,"descripcion":"","imagen":"assets/products/CA-000000047892.webp","tags":["adorno","base","brillo","paw","patrolx1u","distribuidora"]},{"id":"CA-000000047902","nombre":"ADORNO BASE BRILLO RATONA x1u.DISTRIBUIDORA G","categoria":"Adornos Y Complementos Para Torta","subcategoria":"Adornos Y Pinches De Cumpleaños Personajes","precio":1540.0,"destacado":false,"descripcion":"","imagen":"assets/products/CA-000000047902.webp","tags":["adorno","base","brillo","ratona","x1u","distribuidora"]},{"id":"CA-000000047894","nombre":"ADORNO BASE BRILLO SONIC x1u.DISTRIBUIDORA G","categoria":"Adornos Y Complementos Para Torta","subcategoria":"Adornos Y Pinches De Cumpleaños Personajes","precio":1540.0,"destacado":false,"descripcion":"","imagen":"assets/products/CA-000000047894.webp","tags":["adorno","base","brillo","sonic","x1u","distribuidora"]},{"id":"CA-000000047897","nombre":"ADORNO BASE BRILLO STITCH x1u.DISTRIBUIDORA G","categoria":"Adornos Y Complementos Para Torta","subcategoria":"Adornos Y Pinches De Cumpleaños Personajes","precio":1540.0,"destacado":false,"descripcion":"","imagen":"assets/products/CA-000000047897.webp","tags":["adorno","base","brillo","stitch","x1u","distribuidora"]},{"id":"CA-000000050408","nombre":"ADORNO BASE GIBRE SILUETA EGRESADA CON DIPLOMA x1u.DISTRIBUIDORA G","categoria":"Adornos Y Complementos Para Torta","subcategoria":"Adornos, Pinches Y Apliques Toda Ocasion","precio":2030.0,"destacado":false,"descripcion":"","imagen":"assets/products/CA-000000050408.webp","tags":["adorno","base","gibre","silueta","egresada","con","diploma","x1u","distribuidora"]},{"id":"CA-000000050409","nombre":"ADORNO BASE GIBRE SILUETA EGRESADO CON DIPLOMA x1u.DISTRIBUIDORA G","categoria":"Adornos Y Complementos Para Torta","subcategoria":"Adornos, Pinches Y Apliques Toda Ocasion","precio":2030.0,"destacado":false,"descripcion":"","imagen":"assets/products/CA-000000050409.webp","tags":["adorno","base","gibre","silueta","egresado","con","diploma","x1u","distribuidora"]},{"id":"CA-000000041442","nombre":"ADORNO CANCHA REPLICA EL CILINDRO (RACING) x1 ETIQUETADOS","categoria":"Adornos Y Complementos Para Torta","subcategoria":"Adornos Y Pinches Futboleros","precio":2721.59,"destacado":false,"descripcion":"","imagen":"assets/products/CA-000000041442.webp","tags":["adorno","cancha","replica","cilindro","racing","etiquetados"]},{"id":"CA-000000041486","nombre":"ADORNO CANCHA REPLICA EL GASOMETRO (SAN LORENZO)  x1 ETIQUETADOS","categoria":"Adornos Y Complementos Para Torta","subcategoria":"Adornos Y Pinches Futboleros","precio":2721.59,"destacado":false,"descripcion":"","imagen":"assets/products/CA-000000041486.webp","tags":["adorno","cancha","replica","gasometro","san","lorenzo","etiquetados"]},{"id":"CA-000000041440","nombre":"ADORNO CANCHA REPLICA EL MONUMENTAL (RIVER) x1 ETIQUETADOS","categoria":"Adornos Y Complementos Para Torta","subcategoria":"Adornos Y Pinches Futboleros","precio":3130.52,"destacado":false,"descripcion":"","imagen":"assets/products/CA-000000041440.webp","tags":["adorno","cancha","replica","monumental","river","etiquetados"]},{"id":"CA-000000041441","nombre":"ADORNO CANCHA REPLICA LA BOMBONERA (BOCA) x1 ETIQUETADOS","categoria":"Adornos Y Complementos Para Torta","subcategoria":"Adornos Y Pinches Futboleros","precio":3376.51,"destacado":false,"descripcion":"","imagen":"assets/products/CA-000000041441.webp","tags":["adorno","cancha","replica","bombonera","boca","etiquetados"]},{"id":"CA-000000041443","nombre":"ADORNO CANCHA REPLICA LIBERTADORES DE AMERICA (INDEPENDIENTE) x1 ETIQUETADOS","categoria":"Adornos Y Complementos Para Torta","subcategoria":"Adornos Y Pinches Futboleros","precio":2721.59,"destacado":false,"descripcion":"","imagen":"assets/products/CA-000000041443.webp","tags":["adorno","cancha","replica","libertadores","america","independiente","etiquetados"]},{"id":"CA-000000050092","nombre":"ADORNO CON BASE SILUETA 3D BLUEY x1 COTILLON SILUETAS","categoria":"Adornos Y Complementos Para Torta","subcategoria":"Adornos Y Pinches De Cumpleaños Personajes","precio":1500.0,"destacado":false,"descripcion":"","imagen":"assets/products/CA-000000050092.webp","tags":["adorno","con","base","silueta","bluey","cotillon","siluetas"]},{"id":"CA-000000056840","nombre":"ADORNO CON BRILLO FELIZ CUMPLEAÑOS BRAINROT (tralalero-tralala) x1 DESTELLOS","categoria":"Adornos Y Complementos Para Torta","subcategoria":"Adornos Y Pinches De Cumpleaños Personajes","precio":1820.0,"destacado":false,"descripcion":"","imagen":"assets/products/CA-000000056840.webp","tags":["adorno","con","brillo","feliz","cumpleaños","brainrot","tralalero","tralala","destellos"]},{"id":"CA-000000022312","nombre":"ADORNO CON BRILLO FELIZ CUMPLEAÑOS HOMBRE ARAÑA x1 DESTELLOS","categoria":"Adornos Y Complementos Para Torta","subcategoria":"Adornos Y Pinches De Cumpleaños Personajes","precio":1820.0,"destacado":false,"descripcion":"","imagen":"assets/products/CA-000000022312.webp","tags":["adorno","con","brillo","feliz","cumpleaños","hombre","araña","destellos"]},{"id":"CA-000000051297","nombre":"ADORNO CON BRILLO FELIZ CUMPLEAÑOS KUROMI x1 DESTELLOS","categoria":"Adornos Y Complementos Para Torta","subcategoria":"Adornos Y Pinches De Cumpleaños Personajes","precio":1820.0,"destacado":false,"descripcion":"","imagen":"assets/products/CA-000000051297.webp","tags":["adorno","con","brillo","feliz","cumpleaños","kuromi","destellos"]},{"id":"CA-000000051296","nombre":"ADORNO CON BRILLO FELIZ CUMPLEAÑOS LOS AMIGOS DE KITTY KUROMI Y MELODYx1 DESTELLOS","categoria":"Adornos Y Complementos Para Torta","subcategoria":"Adornos Y Pinches De Cumpleaños Personajes","precio":1500.0,"destacado":false,"descripcion":"","imagen":"assets/products/CA-000000051296.webp","tags":["adorno","con","brillo","feliz","cumpleaños","los","amigos","kitty","kuromi","melodyx1","destellos"]},{"id":"CA-000000037445","nombre":"ADORNO CON BRILLO FELIZ CUMPLEAÑOS UNICORNIO x1 DESTELLOS","categoria":"Adornos Y Complementos Para Torta","subcategoria":"Adornos Y Pinches De Cumpleaños Personajes","precio":1500.0,"destacado":false,"descripcion":"","imagen":"assets/products/CA-000000037445.webp","tags":["adorno","con","brillo","feliz","cumpleaños","unicornio","destellos"]},{"id":"CA-693174853002","nombre":"ADORNO CORONA  CHICA CON STRASS DORADA x1 SU-157","categoria":"Adornos Y Complementos Para Torta","subcategoria":"Adornos, Pinches Y Apliques Toda Ocasion","precio":2180.77,"destacado":false,"descripcion":"","imagen":"assets/products/CA-693174853002.webp","tags":["adorno","corona","chica","con","strass","dorada","157"]},{"id":"CA-694198471504","nombre":"ADORNO CORONA CHICA CON PERLAS DORADA x1 GY-1504","categoria":"Adornos Y Complementos Para Torta","subcategoria":"Adornos, Pinches Y Apliques Toda Ocasion","precio":3097.24,"destacado":false,"descripcion":"","imagen":"assets/products/CA-694198471504.webp","tags":["adorno","corona","chica","con","perlas","dorada","1504"]},{"id":"CA-694198471506","nombre":"ADORNO CORONA CHICA CON PERLAS ROSA GOLD x1 GY-1506","categoria":"Adornos Y Complementos Para Torta","subcategoria":"Adornos, Pinches Y Apliques Toda Ocasion","precio":3097.24,"destacado":false,"descripcion":"","imagen":"assets/products/CA-694198471506.webp","tags":["adorno","corona","chica","con","perlas","rosa","gold","1506"]},{"id":"CA-202560000232","nombre":"ADORNO CORONA CHICA CON STRASS DORADA/PLATA x6u. FP0232","categoria":"Adornos Y Complementos Para Torta","subcategoria":"Adornos, Pinches Y Apliques Toda Ocasion","precio":10187.1,"destacado":false,"descripcion":"","imagen":"assets/products/CA-202560000232.webp","tags":["adorno","corona","chica","con","strass","dorada","plata","x6u","fp0232"]},{"id":"CA-694876224005","nombre":"ADORNO CORONA CON STRASS Y PERLAS DORADA x1 GY-1105","categoria":"Adornos Y Complementos Para Torta","subcategoria":"Adornos, Pinches Y Apliques Toda Ocasion","precio":5192.32,"destacado":false,"descripcion":"","imagen":"assets/products/CA-694876224005.webp","tags":["adorno","corona","con","strass","perlas","dorada","1105"]},{"id":"CA-698777781112","nombre":"ADORNO CORONA MINI C/PERLAS DORADA/PLATEADA x1  SU-112","categoria":"Adornos Y Complementos Para Torta","subcategoria":"Adornos, Pinches Y Apliques Toda Ocasion","precio":1178.73,"destacado":false,"descripcion":"","imagen":"assets/products/CA-698777781112.webp","tags":["adorno","corona","mini","perlas","dorada","plateada","112"]},{"id":"CA-698713535001","nombre":"ADORNO CORONA MINI C/PERLAS DORADA/PLATEADA x1 SU-112","categoria":"Adornos Y Complementos Para Torta","subcategoria":"Adornos, Pinches Y Apliques Toda Ocasion","precio":1178.73,"destacado":false,"descripcion":"","imagen":"assets/products/CA-698713535001.webp","tags":["adorno","corona","mini","perlas","dorada","plateada","112"]},{"id":"CA-000000055668","nombre":"ADORNO CORONA MINI CON PERLAS DORADA/PLATEADA x1 GY355/353","categoria":"Adornos Y Complementos Para Torta","subcategoria":"Adornos, Pinches Y Apliques Toda Ocasion","precio":1178.73,"destacado":false,"descripcion":"","imagen":"assets/products/CA-000000055668.webp","tags":["adorno","corona","mini","con","perlas","dorada","plateada","gy355","353"]},{"id":"CA-693174853001","nombre":"ADORNO CORONA MINI CON PERLAS DORADA/PLATEADA x1 SU-112","categoria":"Adornos Y Complementos Para Torta","subcategoria":"Adornos, Pinches Y Apliques Toda Ocasion","precio":1178.73,"destacado":false,"descripcion":"","imagen":"assets/products/CA-693174853001.webp","tags":["adorno","corona","mini","con","perlas","dorada","plateada","112"]},{"id":"CA-000000056885","nombre":"ADORNO CORONA MINI CON STRASS DORADA/PLATEADA x6  48-01","categoria":"Adornos Y Complementos Para Torta","subcategoria":"Adornos, Pinches Y Apliques Toda Ocasion","precio":5607.63,"destacado":false,"descripcion":"","imagen":"assets/products/CA-000000056885.webp","tags":["adorno","corona","mini","con","strass","dorada","plateada"]},{"id":"CA-693144759221","nombre":"ADORNO CORONA MINI CON STRASS DORADA/PLATEADA x6 SU-221","categoria":"Adornos Y Complementos Para Torta","subcategoria":"Adornos, Pinches Y Apliques Toda Ocasion","precio":5224.28,"destacado":false,"descripcion":"","imagen":"assets/products/CA-693144759221.webp","tags":["adorno","corona","mini","con","strass","dorada","plateada","221"]},{"id":"CA-694057483003","nombre":"ADORNO CORONA MINI CON STRASS PLATEADA x6 GY-1501","categoria":"Adornos Y Complementos Para Torta","subcategoria":"Adornos, Pinches Y Apliques Toda Ocasion","precio":5450.73,"destacado":false,"descripcion":"","imagen":"assets/products/CA-694057483003.webp","tags":["adorno","corona","mini","con","strass","plateada","1501"]},{"id":"CA-694876224008","nombre":"ADORNO CORONA MINI CON STRASS ROSA GOLD/DORADA/PLATEADA x6  GY-1108","categoria":"Adornos Y Complementos Para Torta","subcategoria":"Adornos, Pinches Y Apliques Toda Ocasion","precio":4984.63,"destacado":false,"descripcion":"","imagen":"assets/products/CA-694876224008.webp","tags":["adorno","corona","mini","con","strass","rosa","gold","dorada","plateada","1108"]},{"id":"CA-000000058187","nombre":"ADORNO CORONA MINI METALIZADA 12 x12u ZLE-CV-30-01","categoria":"Adornos Y Complementos Para Torta","subcategoria":"Adornos, Pinches Y Apliques Toda Ocasion","precio":12109.5,"destacado":false,"descripcion":"","imagen":"assets/products/CA-000000058187.webp","tags":["adorno","corona","mini","metalizada","x12u","zle"]},{"id":"CA-000000054380","nombre":"ADORNO ENCASTRE CON BASE FELIZ CUMPLE INTENSAMENTE x1u.(POMPI DU)","categoria":"Adornos Y Complementos Para Torta","subcategoria":"Adornos Y Pinches De Cumpleaños Personajes","precio":1300.0,"destacado":false,"descripcion":"","imagen":"assets/products/CA-000000054380.webp","tags":["adorno","encastre","con","base","feliz","cumple","intensamente","x1u","pompi"]},{"id":"CA-000000052729","nombre":"ADORNO ENCASTRE SUPER CAMPEONES ARGENTINA x1 ETIQUETADOS","categoria":"Adornos Y Complementos Para Torta","subcategoria":"Adornos Y Pinches Futboleros","precio":1454.33,"destacado":false,"descripcion":"","imagen":"assets/products/CA-000000052729.webp","tags":["adorno","encastre","super","campeones","argentina","etiquetados"]},{"id":"CA-000000056263","nombre":"ADORNO FELIZ CUMPLE KITTY CON LUZ CALUMI x1u.","categoria":"Adornos Y Complementos Para Torta","subcategoria":"Adornos Y Pinches De Cumpleaños Personajes","precio":2240.0,"destacado":false,"descripcion":"","imagen":"assets/products/CA-000000056263.webp","tags":["adorno","feliz","cumple","kitty","con","luz","calumi","x1u"]},{"id":"CA-000000056266","nombre":"ADORNO FELIZ CUMPLE SONIC CON LUZ CALUMI x1u.","categoria":"Adornos Y Complementos Para Torta","subcategoria":"Adornos Y Pinches De Cumpleaños Personajes","precio":2240.0,"destacado":false,"descripcion":"","imagen":"assets/products/CA-000000056266.webp","tags":["adorno","feliz","cumple","sonic","con","luz","calumi","x1u"]},{"id":"CA-000000032981","nombre":"ADORNO NUMERO 15 AÑOS C/ESTRELLAS x1(ANITA)","categoria":"Adornos Y Complementos Para Torta","subcategoria":"Boda/ 15 Años/ 18 Años/ Aniversario","precio":1588.95,"destacado":false,"descripcion":"","imagen":"assets/products/CA-000000032981.webp","tags":["adorno","numero","años","estrellas","anita"]},{"id":"CA-000000033403","nombre":"ADORNO NUMERO 18 AÑOS BASE-ESTRELLA x1(ANITA)","categoria":"Adornos Y Complementos Para Torta","subcategoria":"Boda/ 15 Años/ 18 Años/ Aniversario","precio":1588.95,"destacado":false,"descripcion":"","imagen":"assets/products/CA-000000033403.webp","tags":["adorno","numero","años","base","estrella","anita"]},{"id":"CA-000000058156","nombre":"ADORNO PINCHE FELIZ CUMPLEAÑOS CON STRASS x1 ILC2510-084","categoria":"Adornos Y Complementos Para Torta","subcategoria":"Adornos, Pinches Y Apliques Toda Ocasion","precio":2619.54,"destacado":false,"descripcion":"","imagen":"assets/products/CA-000000058156.webp","tags":["adorno","pinche","feliz","cumpleaños","con","strass","ilc2510","084"]},{"id":"CA-000000058186","nombre":"ADORNO PINCHE FELIZ CUMPLEAÑOS CORONA ACRILICO x12 ZLE-CTO-04-01","categoria":"Adornos Y Complementos Para Torta","subcategoria":"Adornos, Pinches Y Apliques Toda Ocasion","precio":8905.68,"destacado":false,"descripcion":"","imagen":"assets/products/CA-000000058186.webp","tags":["adorno","pinche","feliz","cumpleaños","corona","acrilico","x12","zle","cto"]},{"id":"CA-682019010724","nombre":"ADORNO PINCHE FELIZ NAVIDAD PAPA NOEL METALIZADO x1 1070","categoria":"Adornos Y Complementos Para Torta","subcategoria":"Adornos, Pinches Y Apliques Toda Ocasion","precio":1309.75,"destacado":false,"descripcion":"","imagen":"assets/products/CA-682019010724.webp","tags":["adorno","pinche","feliz","navidad","papa","noel","metalizado","1070"]},{"id":"CA-000000056995","nombre":"ADORNO PINCHE GOMA EVA FELIZ CUMPLE CAPIBARA x4 UNIDADES NISSI","categoria":"Adornos Y Complementos Para Torta","subcategoria":"Adornos, Pinches Y Apliques Toda Ocasion","precio":3240.0,"destacado":false,"descripcion":"","imagen":"assets/products/CA-000000056995.webp","tags":["adorno","pinche","goma","eva","feliz","cumple","capibara","unidades","nissi"]},{"id":"CA-000000056988","nombre":"ADORNO PINCHE GOMA EVA FELIZ CUMPLE KITTY x4 UNIDADES NISSI","categoria":"Adornos Y Complementos Para Torta","subcategoria":"Adornos, Pinches Y Apliques Toda Ocasion","precio":3240.0,"destacado":false,"descripcion":"","imagen":"assets/products/CA-000000056988.webp","tags":["adorno","pinche","goma","eva","feliz","cumple","kitty","unidades","nissi"]},{"id":"CA-000000056991","nombre":"ADORNO PINCHE GOMA EVA FELIZ CUMPLE KUROMI x4 UNIDADES NISSI","categoria":"Adornos Y Complementos Para Torta","subcategoria":"Adornos, Pinches Y Apliques Toda Ocasion","precio":3240.0,"destacado":false,"descripcion":"","imagen":"assets/products/CA-000000056991.webp","tags":["adorno","pinche","goma","eva","feliz","cumple","kuromi","unidades","nissi"]},{"id":"CA-000000056992","nombre":"ADORNO PINCHE GOMA EVA FELIZ CUMPLE LABUBU x4 UNIDADES NISSI","categoria":"Adornos Y Complementos Para Torta","subcategoria":"Adornos, Pinches Y Apliques Toda Ocasion","precio":3240.0,"destacado":false,"descripcion":"","imagen":"assets/products/CA-000000056992.webp","tags":["adorno","pinche","goma","eva","feliz","cumple","labubu","unidades","nissi"]},{"id":"CA-000000056981","nombre":"ADORNO PINCHE GOMA EVA FELIZ CUMPLE MINNIE x4 UNIDADES NISSI","categoria":"Adornos Y Complementos Para Torta","subcategoria":"Adornos, Pinches Y Apliques Toda Ocasion","precio":3240.0,"destacado":false,"descripcion":"","imagen":"assets/products/CA-000000056981.webp","tags":["adorno","pinche","goma","eva","feliz","cumple","minnie","unidades","nissi"]}]}