{"category_slug":"adornos_y_complementos_para_torta","subcategory_slug":"","page":6,"page_size":48,"total":663,"items":[{"id":"CA-000029930309","nombre":"FLOR DE AZUCAR PRIMAVERA Art.303 MULTICOLOR GRANEL x150","categoria":"Adornos Y Complementos Para Torta","subcategoria":"Flores De Azucar","precio":10463.84,"destacado":false,"descripcion":"","imagen":"assets/products/CA-000029930309.webp","tags":["flor","azucar","primavera","art","303","multicolor","granel","x150"]},{"id":"CA-000029922411","nombre":"FLOR DE AZUCAR ROSA ESPECIAL GRANDE CON HOJA AZUL/TURQUESA Nº11 x4 (224)","categoria":"Adornos Y Complementos Para Torta","subcategoria":"Flores De Azucar","precio":2147.99,"destacado":false,"descripcion":"","imagen":"assets/products/CA-000029922411.webp","tags":["flor","azucar","rosa","especial","grande","con","hoja","azul","turquesa","nº11","224"]},{"id":"CA-000029922400","nombre":"FLOR DE AZUCAR ROSA ESPECIAL GRANDE CON HOJA Nº0 BLANCA x4 (224)","categoria":"Adornos Y Complementos Para Torta","subcategoria":"Flores De Azucar","precio":2147.99,"destacado":false,"descripcion":"","imagen":"assets/products/CA-000029922400.webp","tags":["flor","azucar","rosa","especial","grande","con","hoja","nº0","blanca","224"]},{"id":"CA-000029922401","nombre":"FLOR DE AZUCAR ROSA ESPECIAL GRANDE CON HOJA Nº1 AMARILLA x4 (224)","categoria":"Adornos Y Complementos Para Torta","subcategoria":"Flores De Azucar","precio":2147.99,"destacado":false,"descripcion":"","imagen":"assets/products/CA-000029922401.webp","tags":["flor","azucar","rosa","especial","grande","con","hoja","nº1","amarilla","224"]},{"id":"CA-000029922402","nombre":"FLOR DE AZUCAR ROSA ESPECIAL GRANDE CON HOJA Nº2 ROSA x4 (224)","categoria":"Adornos Y Complementos Para Torta","subcategoria":"Flores De Azucar","precio":2147.99,"destacado":false,"descripcion":"","imagen":"assets/products/CA-000029922402.webp","tags":["flor","azucar","rosa","especial","grande","con","hoja","nº2","rosa","224"]},{"id":"CA-000029922403","nombre":"FLOR DE AZUCAR ROSA ESPECIAL GRANDE CON HOJA Nº3 CELESTE x4 (224)","categoria":"Adornos Y Complementos Para Torta","subcategoria":"Flores De Azucar","precio":2147.99,"destacado":false,"descripcion":"","imagen":"assets/products/CA-000029922403.webp","tags":["flor","azucar","rosa","especial","grande","con","hoja","nº3","celeste","224"]},{"id":"CA-000029922404","nombre":"FLOR DE AZUCAR ROSA ESPECIAL GRANDE CON HOJA Nº4 ROJO x4 (224)","categoria":"Adornos Y Complementos Para Torta","subcategoria":"Flores De Azucar","precio":2147.99,"destacado":false,"descripcion":"","imagen":"assets/products/CA-000029922404.webp","tags":["flor","azucar","rosa","especial","grande","con","hoja","nº4","rojo","224"]},{"id":"CA-000029922405","nombre":"FLOR DE AZUCAR ROSA ESPECIAL GRANDE CON HOJA Nº5 FUCSIA x4 (224)","categoria":"Adornos Y Complementos Para Torta","subcategoria":"Flores De Azucar","precio":2147.99,"destacado":false,"descripcion":"","imagen":"assets/products/CA-000029922405.webp","tags":["flor","azucar","rosa","especial","grande","con","hoja","nº5","fucsia","224"]},{"id":"CA-000029922406","nombre":"FLOR DE AZUCAR ROSA ESPECIAL GRANDE CON HOJA Nº6 LILA x4 (224)","categoria":"Adornos Y Complementos Para Torta","subcategoria":"Flores De Azucar","precio":2147.99,"destacado":false,"descripcion":"","imagen":"assets/products/CA-000029922406.webp","tags":["flor","azucar","rosa","especial","grande","con","hoja","nº6","lila","224"]},{"id":"CA-000029922408","nombre":"FLOR DE AZUCAR ROSA ESPECIAL GRANDE CON HOJA Nº8 SALMON x4 (224)","categoria":"Adornos Y Complementos Para Torta","subcategoria":"Flores De Azucar","precio":2147.99,"destacado":false,"descripcion":"","imagen":"assets/products/CA-000029922408.webp","tags":["flor","azucar","rosa","especial","grande","con","hoja","nº8","salmon","224"]},{"id":"CA-000029922409","nombre":"FLOR DE AZUCAR ROSA ESPECIAL GRANDE CON HOJA Nº9 MULTICOLOR x4 (224)","categoria":"Adornos Y Complementos Para Torta","subcategoria":"Flores De Azucar","precio":2147.99,"destacado":false,"descripcion":"","imagen":"assets/products/CA-000029922409.webp","tags":["flor","azucar","rosa","especial","grande","con","hoja","nº9","multicolor","224"]},{"id":"CA-000029921009","nombre":"FLOR DE AZUCAR ROSA GRANDE Art.210 MULTICOLOR Nº9 x15","categoria":"Adornos Y Complementos Para Torta","subcategoria":"Flores De Azucar","precio":2022.64,"destacado":false,"descripcion":"","imagen":"assets/products/CA-000029921009.webp","tags":["flor","azucar","rosa","grande","art","210","multicolor","nº9","x15"]},{"id":"CA-000029921111","nombre":"FLOR DE AZUCAR ROSA GRANDE CON HOJA AZUL/TURQUESA Nº11 x10 (211)","categoria":"Adornos Y Complementos Para Torta","subcategoria":"Flores De Azucar","precio":2022.64,"destacado":false,"descripcion":"","imagen":"assets/products/CA-000029921111.webp","tags":["flor","azucar","rosa","grande","con","hoja","azul","turquesa","nº11","x10","211"]},{"id":"CA-000029921100","nombre":"FLOR DE AZUCAR ROSA GRANDE CON HOJA Nº0 BLANCA x10 (211)","categoria":"Adornos Y Complementos Para Torta","subcategoria":"Flores De Azucar","precio":2022.64,"destacado":false,"descripcion":"","imagen":"assets/products/CA-000029921100.webp","tags":["flor","azucar","rosa","grande","con","hoja","nº0","blanca","x10","211"]},{"id":"CA-000029921101","nombre":"FLOR DE AZUCAR ROSA GRANDE CON HOJA Nº1 AMARILLA x10 (211)","categoria":"Adornos Y Complementos Para Torta","subcategoria":"Flores De Azucar","precio":2022.64,"destacado":false,"descripcion":"","imagen":"assets/products/CA-000029921101.webp","tags":["flor","azucar","rosa","grande","con","hoja","nº1","amarilla","x10","211"]},{"id":"CA-000029921102","nombre":"FLOR DE AZUCAR ROSA GRANDE CON HOJA Nº2 ROSA x10 (211)","categoria":"Adornos Y Complementos Para Torta","subcategoria":"Flores De Azucar","precio":2022.64,"destacado":false,"descripcion":"","imagen":"assets/products/CA-000029921102.webp","tags":["flor","azucar","rosa","grande","con","hoja","nº2","rosa","x10","211"]},{"id":"CA-000029921103","nombre":"FLOR DE AZUCAR ROSA GRANDE CON HOJA Nº3 CELESTE x10 (211)","categoria":"Adornos Y Complementos Para Torta","subcategoria":"Flores De Azucar","precio":2022.64,"destacado":false,"descripcion":"","imagen":"assets/products/CA-000029921103.webp","tags":["flor","azucar","rosa","grande","con","hoja","nº3","celeste","x10","211"]},{"id":"CA-000029921104","nombre":"FLOR DE AZUCAR ROSA GRANDE CON HOJA Nº4 ROJO x10 (211)","categoria":"Adornos Y Complementos Para Torta","subcategoria":"Flores De Azucar","precio":2022.64,"destacado":false,"descripcion":"","imagen":"assets/products/CA-000029921104.webp","tags":["flor","azucar","rosa","grande","con","hoja","nº4","rojo","x10","211"]},{"id":"CA-000029921105","nombre":"FLOR DE AZUCAR ROSA GRANDE CON HOJA Nº5 FUCSIA x10 (211)","categoria":"Adornos Y Complementos Para Torta","subcategoria":"Flores De Azucar","precio":2022.64,"destacado":false,"descripcion":"","imagen":"assets/products/CA-000029921105.webp","tags":["flor","azucar","rosa","grande","con","hoja","nº5","fucsia","x10","211"]},{"id":"CA-000029921106","nombre":"FLOR DE AZUCAR ROSA GRANDE CON HOJA Nº6 LILA x10 (211)","categoria":"Adornos Y Complementos Para Torta","subcategoria":"Flores De Azucar","precio":2022.64,"destacado":false,"descripcion":"","imagen":"assets/products/CA-000029921106.webp","tags":["flor","azucar","rosa","grande","con","hoja","nº6","lila","x10","211"]},{"id":"CA-000029921108","nombre":"FLOR DE AZUCAR ROSA GRANDE CON HOJA Nº8 SALMON x10 (211)","categoria":"Adornos Y Complementos Para Torta","subcategoria":"Flores De Azucar","precio":2022.64,"destacado":false,"descripcion":"","imagen":"assets/products/CA-000029921108.webp","tags":["flor","azucar","rosa","grande","con","hoja","nº8","salmon","x10","211"]},{"id":"CA-000029921109","nombre":"FLOR DE AZUCAR ROSA GRANDE CON HOJA Nº9 MULTICOLOR x10 (211)","categoria":"Adornos Y Complementos Para Torta","subcategoria":"Flores De Azucar","precio":2022.64,"destacado":false,"descripcion":"","imagen":"assets/products/CA-000029921109.webp","tags":["flor","azucar","rosa","grande","con","hoja","nº9","multicolor","x10","211"]},{"id":"CA-000029922322","nombre":"FLOR DE AZUCAR ROSA GRANDE NACARADA AZUL X 5 UNIDADES (223)","categoria":"Adornos Y Complementos Para Torta","subcategoria":"Flores De Azucar","precio":3403.25,"destacado":false,"descripcion":"","imagen":"assets/products/CA-000029922322.webp","tags":["flor","azucar","rosa","grande","nacarada","azul","unidades","223"]},{"id":"CA-000029922318","nombre":"FLOR DE AZUCAR ROSA GRANDE NACARADA DORADA X 5 UNIDADES (223)","categoria":"Adornos Y Complementos Para Torta","subcategoria":"Flores De Azucar","precio":3403.25,"destacado":false,"descripcion":"","imagen":"assets/products/CA-000029922318.webp","tags":["flor","azucar","rosa","grande","nacarada","dorada","unidades","223"]},{"id":"CA-000029922319","nombre":"FLOR DE AZUCAR ROSA GRANDE NACARADA PLATEADA X 5 UNIDADES (223)","categoria":"Adornos Y Complementos Para Torta","subcategoria":"Flores De Azucar","precio":3403.25,"destacado":false,"descripcion":"","imagen":"assets/products/CA-000029922319.webp","tags":["flor","azucar","rosa","grande","nacarada","plateada","unidades","223"]},{"id":"CA-000029922321","nombre":"FLOR DE AZUCAR ROSA GRANDE NACARADA ROJO RUBI X 5 UNIDADES (223)","categoria":"Adornos Y Complementos Para Torta","subcategoria":"Flores De Azucar","precio":3403.25,"destacado":false,"descripcion":"","imagen":"assets/products/CA-000029922321.webp","tags":["flor","azucar","rosa","grande","nacarada","rojo","rubi","unidades","223"]},{"id":"CA-000029922320","nombre":"FLOR DE AZUCAR ROSA GRANDE NACARADA ROSA GOLD X 5 UNIDADES (223)","categoria":"Adornos Y Complementos Para Torta","subcategoria":"Flores De Azucar","precio":3403.25,"destacado":false,"descripcion":"","imagen":"assets/products/CA-000029922320.webp","tags":["flor","azucar","rosa","grande","nacarada","rosa","gold","unidades","223"]},{"id":"CA-000029922323","nombre":"FLOR DE AZUCAR ROSA GRANDE NACARADA TURQUEZA/VERDE AQUA X 5 UNIDADES (223)","categoria":"Adornos Y Complementos Para Torta","subcategoria":"Flores De Azucar","precio":3403.25,"destacado":false,"descripcion":"","imagen":"assets/products/CA-000029922323.webp","tags":["flor","azucar","rosa","grande","nacarada","turqueza","verde","aqua","unidades","223"]},{"id":"CA-000029920811","nombre":"FLOR DE AZUCAR ROSA MEDIANA CON HOJA AZUL/TURQUESA Nº11x20 (208)","categoria":"Adornos Y Complementos Para Torta","subcategoria":"Flores De Azucar","precio":2583.35,"destacado":false,"descripcion":"","imagen":"assets/products/CA-000029920811.webp","tags":["flor","azucar","rosa","mediana","con","hoja","azul","turquesa","nº11x20","208"]},{"id":"CA-000029920800","nombre":"FLOR DE AZUCAR ROSA MEDIANA CON HOJA Nº0 BLANCA x20 (208)","categoria":"Adornos Y Complementos Para Torta","subcategoria":"Flores De Azucar","precio":2583.35,"destacado":false,"descripcion":"","imagen":"assets/products/CA-000029920800.webp","tags":["flor","azucar","rosa","mediana","con","hoja","nº0","blanca","x20","208"]},{"id":"CA-000029920810","nombre":"FLOR DE AZUCAR ROSA MEDIANA CON HOJA Nº0 VIOLETA x20 (208)","categoria":"Adornos Y Complementos Para Torta","subcategoria":"Flores De Azucar","precio":2583.35,"destacado":false,"descripcion":"","imagen":"assets/products/CA-000029920810.webp","tags":["flor","azucar","rosa","mediana","con","hoja","nº0","violeta","x20","208"]},{"id":"CA-000029920801","nombre":"FLOR DE AZUCAR ROSA MEDIANA CON HOJA Nº1 AMARILLA  x20 (208)","categoria":"Adornos Y Complementos Para Torta","subcategoria":"Flores De Azucar","precio":2583.35,"destacado":false,"descripcion":"","imagen":"assets/products/CA-000029920801.webp","tags":["flor","azucar","rosa","mediana","con","hoja","nº1","amarilla","x20","208"]},{"id":"CA-000029920802","nombre":"FLOR DE AZUCAR ROSA MEDIANA CON HOJA Nº2 ROSA x20 (208)","categoria":"Adornos Y Complementos Para Torta","subcategoria":"Flores De Azucar","precio":2583.35,"destacado":false,"descripcion":"","imagen":"assets/products/CA-000029920802.webp","tags":["flor","azucar","rosa","mediana","con","hoja","nº2","rosa","x20","208"]},{"id":"CA-000029920803","nombre":"FLOR DE AZUCAR ROSA MEDIANA CON HOJA Nº3 CELESTE x20 (208)","categoria":"Adornos Y Complementos Para Torta","subcategoria":"Flores De Azucar","precio":2583.35,"destacado":false,"descripcion":"","imagen":"assets/products/CA-000029920803.webp","tags":["flor","azucar","rosa","mediana","con","hoja","nº3","celeste","x20","208"]},{"id":"CA-000029920804","nombre":"FLOR DE AZUCAR ROSA MEDIANA CON HOJA Nº4 ROJO x20 (208)","categoria":"Adornos Y Complementos Para Torta","subcategoria":"Flores De Azucar","precio":2583.35,"destacado":false,"descripcion":"","imagen":"assets/products/CA-000029920804.webp","tags":["flor","azucar","rosa","mediana","con","hoja","nº4","rojo","x20","208"]},{"id":"CA-000029920805","nombre":"FLOR DE AZUCAR ROSA MEDIANA CON HOJA Nº5 FUCSIA x20 (208)","categoria":"Adornos Y Complementos Para Torta","subcategoria":"Flores De Azucar","precio":2583.35,"destacado":false,"descripcion":"","imagen":"assets/products/CA-000029920805.webp","tags":["flor","azucar","rosa","mediana","con","hoja","nº5","fucsia","x20","208"]},{"id":"CA-000029920806","nombre":"FLOR DE AZUCAR ROSA MEDIANA CON HOJA Nº6 LILA x20 (208)","categoria":"Adornos Y Complementos Para Torta","subcategoria":"Flores De Azucar","precio":2583.35,"destacado":false,"descripcion":"","imagen":"assets/products/CA-000029920806.webp","tags":["flor","azucar","rosa","mediana","con","hoja","nº6","lila","x20","208"]},{"id":"CA-000029920808","nombre":"FLOR DE AZUCAR ROSA MEDIANA CON HOJA Nº8 SALMON x20 (208)","categoria":"Adornos Y Complementos Para Torta","subcategoria":"Flores De Azucar","precio":2583.35,"destacado":false,"descripcion":"","imagen":"assets/products/CA-000029920808.webp","tags":["flor","azucar","rosa","mediana","con","hoja","nº8","salmon","x20","208"]},{"id":"CA-000029920809","nombre":"FLOR DE AZUCAR ROSA MEDIANA CON HOJA Nº9 MULTICOLOR x20 (208)","categoria":"Adornos Y Complementos Para Torta","subcategoria":"Flores De Azucar","precio":2583.35,"destacado":false,"descripcion":"","imagen":"assets/products/CA-000029920809.webp","tags":["flor","azucar","rosa","mediana","con","hoja","nº9","multicolor","x20","208"]},{"id":"CA-000029920709","nombre":"FLOR DE AZUCAR ROSA MEDIANA MULTICOLOR x25 (207)","categoria":"Adornos Y Complementos Para Torta","subcategoria":"Flores De Azucar","precio":2276.74,"destacado":false,"descripcion":"","imagen":"assets/products/CA-000029920709.webp","tags":["flor","azucar","rosa","mediana","multicolor","x25","207"]},{"id":"CA-000029920511","nombre":"FLOR DE AZUCAR ROSA MINI CON HOJA AZUL/TURQUESA Nº11 x50 (205)","categoria":"Adornos Y Complementos Para Torta","subcategoria":"Flores De Azucar","precio":3938.55,"destacado":false,"descripcion":"","imagen":"assets/products/CA-000029920511.webp","tags":["flor","azucar","rosa","mini","con","hoja","azul","turquesa","nº11","x50","205"]},{"id":"CA-000029920500","nombre":"FLOR DE AZUCAR ROSA MINI CON HOJA Nº0 BLANCA x50 (205)","categoria":"Adornos Y Complementos Para Torta","subcategoria":"Flores De Azucar","precio":3938.55,"destacado":false,"descripcion":"","imagen":"assets/products/CA-000029920500.webp","tags":["flor","azucar","rosa","mini","con","hoja","nº0","blanca","x50","205"]},{"id":"CA-000029920501","nombre":"FLOR DE AZUCAR ROSA MINI CON HOJA Nº1 AMARILLA x50 (205)","categoria":"Adornos Y Complementos Para Torta","subcategoria":"Flores De Azucar","precio":3938.55,"destacado":false,"descripcion":"","imagen":"assets/products/CA-000029920501.webp","tags":["flor","azucar","rosa","mini","con","hoja","nº1","amarilla","x50","205"]},{"id":"CA-000029920502","nombre":"FLOR DE AZUCAR ROSA MINI CON HOJA Nº2 ROSA x50 (205)","categoria":"Adornos Y Complementos Para Torta","subcategoria":"Flores De Azucar","precio":3938.55,"destacado":false,"descripcion":"","imagen":"assets/products/CA-000029920502.webp","tags":["flor","azucar","rosa","mini","con","hoja","nº2","rosa","x50","205"]},{"id":"CA-000029920503","nombre":"FLOR DE AZUCAR ROSA MINI CON HOJA Nº3 CELESTE x50 (205)","categoria":"Adornos Y Complementos Para Torta","subcategoria":"Flores De Azucar","precio":3938.55,"destacado":false,"descripcion":"","imagen":"assets/products/CA-000029920503.webp","tags":["flor","azucar","rosa","mini","con","hoja","nº3","celeste","x50","205"]},{"id":"CA-000029920504","nombre":"FLOR DE AZUCAR ROSA MINI CON HOJA Nº4 ROJO x50 (205)","categoria":"Adornos Y Complementos Para Torta","subcategoria":"Flores De Azucar","precio":3938.55,"destacado":false,"descripcion":"","imagen":"assets/products/CA-000029920504.webp","tags":["flor","azucar","rosa","mini","con","hoja","nº4","rojo","x50","205"]},{"id":"CA-000029920505","nombre":"FLOR DE AZUCAR ROSA MINI CON HOJA Nº5 FUCSIA x50 (205)","categoria":"Adornos Y Complementos Para Torta","subcategoria":"Flores De Azucar","precio":3938.55,"destacado":false,"descripcion":"","imagen":"assets/products/CA-000029920505.webp","tags":["flor","azucar","rosa","mini","con","hoja","nº5","fucsia","x50","205"]},{"id":"CA-000029920506","nombre":"FLOR DE AZUCAR ROSA MINI CON HOJA Nº6 LILA x50 (205)","categoria":"Adornos Y Complementos Para Torta","subcategoria":"Flores De Azucar","precio":3938.55,"destacado":false,"descripcion":"","imagen":"assets/products/CA-000029920506.webp","tags":["flor","azucar","rosa","mini","con","hoja","nº6","lila","x50","205"]}]}