{"category_slug":"adornos_y_complementos_para_torta","subcategory_slug":"","page":10,"page_size":48,"total":663,"items":[{"id":"CA-000000050008","nombre":"PINCHE ADORNO SET FELIZ CUMPLE KITTY CALUMI x3u.","categoria":"Adornos Y Complementos Para Torta","subcategoria":"Adornos Y Pinches De Cumpleaños Personajes","precio":1015.0,"destacado":false,"descripcion":"","imagen":"assets/products/CA-000000050008.webp","tags":["pinche","adorno","set","feliz","cumple","kitty","calumi","x3u"]},{"id":"CA-000000052740","nombre":"PINCHE ADORNO SET FELIZ CUMPLE KUROMI CALUMI x3u.","categoria":"Adornos Y Complementos Para Torta","subcategoria":"Adornos Y Pinches De Cumpleaños Personajes","precio":1015.0,"destacado":false,"descripcion":"","imagen":"assets/products/CA-000000052740.webp","tags":["pinche","adorno","set","feliz","cumple","kuromi","calumi","x3u"]},{"id":"CA-000000047944","nombre":"PINCHE ADORNO SET FELIZ CUMPLE LA GRANJA DE ZENON CALUMI x3u.","categoria":"Adornos Y Complementos Para Torta","subcategoria":"Adornos Y Pinches De Cumpleaños Personajes","precio":1015.0,"destacado":false,"descripcion":"","imagen":"assets/products/CA-000000047944.webp","tags":["pinche","adorno","set","feliz","cumple","granja","zenon","calumi","x3u"]},{"id":"CA-000000056771","nombre":"PINCHE ADORNO SET FELIZ CUMPLE LABUBU CALUMI x3u.","categoria":"Adornos Y Complementos Para Torta","subcategoria":"Adornos Y Pinches De Cumpleaños Personajes","precio":1015.0,"destacado":false,"descripcion":"","imagen":"assets/products/CA-000000056771.webp","tags":["pinche","adorno","set","feliz","cumple","labubu","calumi","x3u"]},{"id":"CA-000000058092","nombre":"PINCHE ADORNO SET FELIZ CUMPLE LAS GUERRERAS K-POP CALUMI x3u","categoria":"Adornos Y Complementos Para Torta","subcategoria":"Adornos Y Pinches De Cumpleaños Personajes","precio":1015.0,"destacado":false,"descripcion":"","imagen":"assets/products/CA-000000058092.webp","tags":["pinche","adorno","set","feliz","cumple","las","guerreras","pop","calumi","x3u"]},{"id":"CA-000000051754","nombre":"PINCHE ADORNO SET FELIZ CUMPLE MARIPOSAS GLAM CALUMI x3u.","categoria":"Adornos Y Complementos Para Torta","subcategoria":"Adornos Y Pinches De Cumpleaños Personajes","precio":1015.0,"destacado":false,"descripcion":"","imagen":"assets/products/CA-000000051754.webp","tags":["pinche","adorno","set","feliz","cumple","mariposas","glam","calumi","x3u"]},{"id":"CA-000000049028","nombre":"PINCHE ADORNO SET FELIZ CUMPLE MARIPOSAS-FLORES CALUMI x3u.","categoria":"Adornos Y Complementos Para Torta","subcategoria":"Adornos, Pinches Y Apliques Toda Ocasion","precio":1015.0,"destacado":false,"descripcion":"","imagen":"assets/products/CA-000000049028.webp","tags":["pinche","adorno","set","feliz","cumple","mariposas","flores","calumi","x3u"]},{"id":"CA-000000050952","nombre":"PINCHE ADORNO SET FELIZ CUMPLE MASHA Y EL OSO CALUMI x3u.","categoria":"Adornos Y Complementos Para Torta","subcategoria":"Adornos Y Pinches De Cumpleaños Personajes","precio":1015.0,"destacado":false,"descripcion":"","imagen":"assets/products/CA-000000050952.webp","tags":["pinche","adorno","set","feliz","cumple","masha","oso","calumi","x3u"]},{"id":"CA-000000051753","nombre":"PINCHE ADORNO SET FELIZ CUMPLE MINECRAFT CALUMI x3u.","categoria":"Adornos Y Complementos Para Torta","subcategoria":"Adornos Y Pinches De Cumpleaños Personajes","precio":1015.0,"destacado":false,"descripcion":"","imagen":"assets/products/CA-000000051753.webp","tags":["pinche","adorno","set","feliz","cumple","minecraft","calumi","x3u"]},{"id":"CA-000000051261","nombre":"PINCHE ADORNO SET FELIZ CUMPLE NOTA MUSICAL CALUMI x3u.","categoria":"Adornos Y Complementos Para Torta","subcategoria":"Adornos, Pinches Y Apliques Toda Ocasion","precio":1015.0,"destacado":false,"descripcion":"","imagen":"assets/products/CA-000000051261.webp","tags":["pinche","adorno","set","feliz","cumple","nota","musical","calumi","x3u"]},{"id":"CA-000000047960","nombre":"PINCHE ADORNO SET FELIZ CUMPLE PAW PATROL CALUMI x3u.","categoria":"Adornos Y Complementos Para Torta","subcategoria":"Adornos Y Pinches De Cumpleaños Personajes","precio":1015.0,"destacado":false,"descripcion":"","imagen":"assets/products/CA-000000047960.webp","tags":["pinche","adorno","set","feliz","cumple","paw","patrol","calumi","x3u"]},{"id":"CA-000000047943","nombre":"PINCHE ADORNO SET FELIZ CUMPLE PEPA CALUMI x3u.","categoria":"Adornos Y Complementos Para Torta","subcategoria":"Adornos Y Pinches De Cumpleaños Personajes","precio":1015.0,"destacado":false,"descripcion":"","imagen":"assets/products/CA-000000047943.webp","tags":["pinche","adorno","set","feliz","cumple","pepa","calumi","x3u"]},{"id":"CA-000000047956","nombre":"PINCHE ADORNO SET FELIZ CUMPLE RATON CALUMI x3u.","categoria":"Adornos Y Complementos Para Torta","subcategoria":"Adornos Y Pinches De Cumpleaños Personajes","precio":1015.0,"destacado":false,"descripcion":"","imagen":"assets/products/CA-000000047956.webp","tags":["pinche","adorno","set","feliz","cumple","raton","calumi","x3u"]},{"id":"CA-000000047949","nombre":"PINCHE ADORNO SET FELIZ CUMPLE RIVER CALUMI x3u.","categoria":"Adornos Y Complementos Para Torta","subcategoria":"Adornos Y Pinches Futboleros","precio":1015.0,"destacado":false,"descripcion":"","imagen":"assets/products/CA-000000047949.webp","tags":["pinche","adorno","set","feliz","cumple","river","calumi","x3u"]},{"id":"CA-000000051585","nombre":"PINCHE ADORNO SET FELIZ CUMPLE ROBLOX CALUMI x3u","categoria":"Adornos Y Complementos Para Torta","subcategoria":"Adornos Y Pinches De Cumpleaños Personajes","precio":1015.0,"destacado":false,"descripcion":"","imagen":"assets/products/CA-000000051585.webp","tags":["pinche","adorno","set","feliz","cumple","roblox","calumi","x3u"]},{"id":"CA-000000048845","nombre":"PINCHE ADORNO SET FELIZ CUMPLE SELECCION ARGENTINA CAMPEONES CALUMI x3u.","categoria":"Adornos Y Complementos Para Torta","subcategoria":"Adornos Y Pinches Futboleros","precio":1015.0,"destacado":false,"descripcion":"","imagen":"assets/products/CA-000000048845.webp","tags":["pinche","adorno","set","feliz","cumple","seleccion","argentina","campeones","calumi","x3u"]},{"id":"CA-000000047961","nombre":"PINCHE ADORNO SET FELIZ CUMPLE SONIC CALUMI x3u.","categoria":"Adornos Y Complementos Para Torta","subcategoria":"Adornos Y Pinches De Cumpleaños Personajes","precio":1015.0,"destacado":false,"descripcion":"","imagen":"assets/products/CA-000000047961.webp","tags":["pinche","adorno","set","feliz","cumple","sonic","calumi","x3u"]},{"id":"CA-000000051752","nombre":"PINCHE ADORNO SET FELIZ CUMPLE STITCH CALUMI x3u.","categoria":"Adornos Y Complementos Para Torta","subcategoria":"Adornos Y Pinches De Cumpleaños Personajes","precio":1015.0,"destacado":false,"descripcion":"","imagen":"assets/products/CA-000000051752.webp","tags":["pinche","adorno","set","feliz","cumple","stitch","calumi","x3u"]},{"id":"CA-000000051606","nombre":"PINCHE ADORNO SET FELIZ DIA/SUPER PAPA CALUMI x3u.","categoria":"Adornos Y Complementos Para Torta","subcategoria":"Adornos, Pinches Y Apliques Toda Ocasion","precio":942.5,"destacado":false,"descripcion":"","imagen":"assets/products/CA-000000051606.webp","tags":["pinche","adorno","set","feliz","dia","super","papa","calumi","x3u"]},{"id":"CA-000000050415","nombre":"PINCHE ADORNO SET FLORK EGRESADOS CALUMI x3u.","categoria":"Adornos Y Complementos Para Torta","subcategoria":"Adornos, Pinches Y Apliques Toda Ocasion","precio":1015.0,"destacado":false,"descripcion":"","imagen":"assets/products/CA-000000050415.webp","tags":["pinche","adorno","set","flork","egresados","calumi","x3u"]},{"id":"CA-000000056279","nombre":"PINCHE ADORNO SET ME DIVORCIE CALUMI x5u.","categoria":"Adornos Y Complementos Para Torta","subcategoria":"Boda/ 15 Años/ 18 Años/ Aniversario","precio":1377.5,"destacado":false,"descripcion":"","imagen":"assets/products/CA-000000056279.webp","tags":["pinche","adorno","set","divorcie","calumi","x5u"]},{"id":"CA-000000056184","nombre":"PINCHE ADORNO SET ME JUBILE CALUMI x3u.","categoria":"Adornos Y Complementos Para Torta","subcategoria":"Adornos, Pinches Y Apliques Toda Ocasion","precio":1015.0,"destacado":false,"descripcion":"","imagen":"assets/products/CA-000000056184.webp","tags":["pinche","adorno","set","jubile","calumi","x3u"]},{"id":"CA-000000056282","nombre":"PINCHE ADORNO SET ME RECIBI CALUMI x5u.","categoria":"Adornos Y Complementos Para Torta","subcategoria":"Adornos, Pinches Y Apliques Toda Ocasion","precio":1377.5,"destacado":false,"descripcion":"","imagen":"assets/products/CA-000000056282.webp","tags":["pinche","adorno","set","recibi","calumi","x5u"]},{"id":"CA-000000048487","nombre":"PINCHE ADORNO SET MI BAUTISMO CELESTE  CALUMI x3u.","categoria":"Adornos Y Complementos Para Torta","subcategoria":"Bautismo /1° Añito/Baby Shower/Revelacion","precio":1015.0,"destacado":false,"descripcion":"","imagen":"assets/products/CA-000000048487.webp","tags":["pinche","adorno","set","bautismo","celeste","calumi","x3u"]},{"id":"CA-000000040144","nombre":"PINCHE ADORNO SET MI BAUTISMO CELESTE x3u.UPALALA","categoria":"Adornos Y Complementos Para Torta","subcategoria":"Bautismo /1° Añito/Baby Shower/Revelacion","precio":1059.8,"destacado":false,"descripcion":"","imagen":"assets/products/CA-000000040144.webp","tags":["pinche","adorno","set","bautismo","celeste","x3u","upalala"]},{"id":"CA-000000048486","nombre":"PINCHE ADORNO SET MI BAUTISMO ROSA CALUMI x3u.","categoria":"Adornos Y Complementos Para Torta","subcategoria":"Bautismo /1° Añito/Baby Shower/Revelacion","precio":1015.0,"destacado":false,"descripcion":"","imagen":"assets/products/CA-000000048486.webp","tags":["pinche","adorno","set","bautismo","rosa","calumi","x3u"]},{"id":"CA-000000040146","nombre":"PINCHE ADORNO SET MI BAUTISMO ROSA x3u.UPALALA","categoria":"Adornos Y Complementos Para Torta","subcategoria":"Bautismo /1° Añito/Baby Shower/Revelacion","precio":1059.8,"destacado":false,"descripcion":"","imagen":"assets/products/CA-000000040146.webp","tags":["pinche","adorno","set","bautismo","rosa","x3u","upalala"]},{"id":"CA-000000056281","nombre":"PINCHE ADORNO SET REVELACION DE GENERO BEBES CALUMI x3u.","categoria":"Adornos Y Complementos Para Torta","subcategoria":"Bautismo /1° Añito/Baby Shower/Revelacion","precio":1015.0,"destacado":false,"descripcion":"","imagen":"assets/products/CA-000000056281.webp","tags":["pinche","adorno","set","revelacion","genero","bebes","calumi","x3u"]},{"id":"CA-000000056280","nombre":"PINCHE ADORNO SET REVELACION DE GENERO OSITO CALUMI x5u.","categoria":"Adornos Y Complementos Para Torta","subcategoria":"Bautismo /1° Añito/Baby Shower/Revelacion","precio":1377.5,"destacado":false,"descripcion":"","imagen":"assets/products/CA-000000056280.webp","tags":["pinche","adorno","set","revelacion","genero","osito","calumi","x5u"]},{"id":"CA-000000043934","nombre":"PINCHE BANDERIN BLANCO/NEGRO x3u.(ANITA)","categoria":"Adornos Y Complementos Para Torta","subcategoria":"Adornos, Pinches Y Apliques Toda Ocasion","precio":2167.2,"destacado":false,"descripcion":"","imagen":"assets/products/CA-000000043934.webp","tags":["pinche","banderin","blanco","negro","x3u","anita"]},{"id":"CA-000000043933","nombre":"PINCHE BANDERIN BOCA x3 u. (ANITA)","categoria":"Adornos Y Complementos Para Torta","subcategoria":"Adornos Y Pinches Futboleros","precio":2167.2,"destacado":false,"descripcion":"","imagen":"assets/products/CA-000000043933.webp","tags":["pinche","banderin","boca","anita"]},{"id":"CA-000000043936","nombre":"PINCHE BANDERIN CUADRITOS NEGROS FORMULA 1 x3u.(ANITA)","categoria":"Adornos Y Complementos Para Torta","subcategoria":"Adornos, Pinches Y Apliques Toda Ocasion","precio":2167.2,"destacado":false,"descripcion":"","imagen":"assets/products/CA-000000043936.webp","tags":["pinche","banderin","cuadritos","negros","formula","x3u","anita"]},{"id":"CA-000000043931","nombre":"PINCHE BANDERIN ESTRELLAS ROSA/FUCSIA /BLANCO x3u.(ANITA)","categoria":"Adornos Y Complementos Para Torta","subcategoria":"Adornos, Pinches Y Apliques Toda Ocasion","precio":2167.2,"destacado":false,"descripcion":"","imagen":"assets/products/CA-000000043931.webp","tags":["pinche","banderin","estrellas","rosa","fucsia","blanco","x3u","anita"]},{"id":"CA-000000046248","nombre":"PINCHE BANDERIN FELIZ DIA MAMA VARIOS COLORES x1 CLEMENTINA","categoria":"Adornos Y Complementos Para Torta","subcategoria":"Adornos, Pinches Y Apliques Toda Ocasion","precio":1050.0,"destacado":false,"descripcion":"","imagen":"assets/products/CA-000000046248.webp","tags":["pinche","banderin","feliz","dia","mama","varios","colores","clementina"]},{"id":"CA-000000043935","nombre":"PINCHE BANDERIN MULTICOLOR x3u.(ANITA)","categoria":"Adornos Y Complementos Para Torta","subcategoria":"Adornos, Pinches Y Apliques Toda Ocasion","precio":2167.2,"destacado":false,"descripcion":"","imagen":"assets/products/CA-000000043935.webp","tags":["pinche","banderin","multicolor","x3u","anita"]},{"id":"CA-000000045479","nombre":"PINCHE BANDERIN PAPA VARIOS COLORES x3u. CLEMENTINA","categoria":"Adornos Y Complementos Para Torta","subcategoria":"Adornos, Pinches Y Apliques Toda Ocasion","precio":2898.0,"destacado":false,"descripcion":"","imagen":"assets/products/CA-000000045479.webp","tags":["pinche","banderin","papa","varios","colores","x3u","clementina"]},{"id":"CA-000000043932","nombre":"PINCHE BANDERIN RIVER x3u.(ANITA)","categoria":"Adornos Y Complementos Para Torta","subcategoria":"Adornos Y Pinches Futboleros","precio":2167.2,"destacado":false,"descripcion":"","imagen":"assets/products/CA-000000043932.webp","tags":["pinche","banderin","river","x3u","anita"]},{"id":"CA-000000043930","nombre":"PINCHE BANDERIN ROSA/BLANCO x3u. (ANITA)","categoria":"Adornos Y Complementos Para Torta","subcategoria":"Adornos, Pinches Y Apliques Toda Ocasion","precio":2167.2,"destacado":false,"descripcion":"","imagen":"assets/products/CA-000000043930.webp","tags":["pinche","banderin","rosa","blanco","x3u","anita"]},{"id":"CA-000000045774","nombre":"PINCHE BEBE CON CHUPETE CELESTE x3u.UPALALA","categoria":"Adornos Y Complementos Para Torta","subcategoria":"Bautismo /1° Añito/Baby Shower/Revelacion","precio":760.2,"destacado":false,"descripcion":"","imagen":"assets/products/CA-000000045774.webp","tags":["pinche","bebe","con","chupete","celeste","x3u","upalala"]},{"id":"CA-000000045773","nombre":"PINCHE BEBE CON CHUPETE ROSA x3u.UPALALA","categoria":"Adornos Y Complementos Para Torta","subcategoria":"Bautismo /1° Añito/Baby Shower/Revelacion","precio":760.2,"destacado":false,"descripcion":"","imagen":"assets/products/CA-000000045773.webp","tags":["pinche","bebe","con","chupete","rosa","x3u","upalala"]},{"id":"CA-000000044419","nombre":"PINCHE CARTELITOS DIA DE LA MADRE SURTIDOS x6 u. UPALALA","categoria":"Adornos Y Complementos Para Torta","subcategoria":"Adornos, Pinches Y Apliques Toda Ocasion","precio":1190.0,"destacado":false,"descripcion":"","imagen":"assets/products/CA-000000044419.webp","tags":["pinche","cartelitos","dia","madre","surtidos","upalala"]},{"id":"CA-000000036796","nombre":"PINCHE CARTELITOS DIA DEL PADRE SURTIDOS art.2 x5u.UPALALA","categoria":"Adornos Y Complementos Para Torta","subcategoria":"Adornos, Pinches Y Apliques Toda Ocasion","precio":1116.0,"destacado":false,"descripcion":"","imagen":"assets/products/CA-000000036796.webp","tags":["pinche","cartelitos","dia","del","padre","surtidos","art","x5u","upalala"]},{"id":"CA-000000057759","nombre":"PINCHE CORAZON ANIMAL PRINT MAMI TE AMO GRANDE SURTIDOS x1u.(POMPI DU )","categoria":"Adornos Y Complementos Para Torta","subcategoria":"Adornos, Pinches Y Apliques Toda Ocasion","precio":1232.5,"destacado":false,"descripcion":"","imagen":"assets/products/CA-000000057759.webp","tags":["pinche","corazon","animal","print","mami","amo","grande","surtidos","x1u","pompi"]},{"id":"CA-000000057758","nombre":"PINCHE CORAZON CON FLORES FELIZ DIA GRANDE SURTIDOS x1u.(POMPI DU )","categoria":"Adornos Y Complementos Para Torta","subcategoria":"Adornos, Pinches Y Apliques Toda Ocasion","precio":1232.5,"destacado":false,"descripcion":"","imagen":"assets/products/CA-000000057758.webp","tags":["pinche","corazon","con","flores","feliz","dia","grande","surtidos","x1u","pompi"]},{"id":"CA-000000056923","nombre":"PINCHE CORAZON CON NOVIOS NUESTRA BODA-LOVE CALUMI x1u.","categoria":"Adornos Y Complementos Para Torta","subcategoria":"Boda/ 15 Años/ 18 Años/ Aniversario","precio":1540.0,"destacado":false,"descripcion":"","imagen":"assets/products/CA-000000056923.webp","tags":["pinche","corazon","con","novios","nuestra","boda","love","calumi","x1u"]},{"id":"CA-000000057757","nombre":"PINCHE CORAZON FELIZ DIA MAMA GRANDE SURTIDOS x1u.(POMPI DU )","categoria":"Adornos Y Complementos Para Torta","subcategoria":"Adornos, Pinches Y Apliques Toda Ocasion","precio":1232.5,"destacado":false,"descripcion":"","imagen":"assets/products/CA-000000057757.webp","tags":["pinche","corazon","feliz","dia","mama","grande","surtidos","x1u","pompi"]},{"id":"CA-202560000950","nombre":"PINCHE CORAZON LOVE X1 FP0950-02","categoria":"Adornos Y Complementos Para Torta","subcategoria":"Adornos Y Pinches De Cumpleaños Personajes","precio":992.25,"destacado":false,"descripcion":"","imagen":"assets/products/CA-202560000950.webp","tags":["pinche","corazon","love","fp0950"]},{"id":"CA-000000055087","nombre":"PINCHE DIA DE LOS ENAMORADOS CORAZON GRANDE TE AMO/FELIZ DIA/LOVE MODELOS SURTIDOS x1u.(POMPI DU )","categoria":"Adornos Y Complementos Para Torta","subcategoria":"Adornos, Pinches Y Apliques Toda Ocasion","precio":1190.0,"destacado":false,"descripcion":"","imagen":"assets/products/CA-000000055087.webp","tags":["pinche","dia","los","enamorados","corazon","grande","amo","feliz","dia","love","modelos","surtidos"]}]}