{"category_slug":"adornos_y_complementos_para_torta","subcategory_slug":"","page":14,"page_size":48,"total":663,"items":[{"id":"CA-000000017367","nombre":"ROSITAS PORCELANA FRIA BLANCA x6 (PATRICIA)","categoria":"Adornos Y Complementos Para Torta","subcategoria":"Adornos Y Apliques De Porcelana Fria","precio":2520.0,"destacado":false,"descripcion":"","imagen":"assets/products/CA-000000017367.webp","tags":["rositas","porcelana","fria","blanca","patricia"]},{"id":"CA-000000017800","nombre":"ROSITAS PORCELANA FRIA MAGENTA x6 (PATRICIA)","categoria":"Adornos Y Complementos Para Torta","subcategoria":"Adornos Y Apliques De Porcelana Fria","precio":2520.0,"destacado":false,"descripcion":"","imagen":"assets/products/CA-000000017800.webp","tags":["rositas","porcelana","fria","magenta","patricia"]},{"id":"CA-000000039934","nombre":"ROSITAS PORCELANA FRIA MULTICOLOR x6 (PATRICIA)","categoria":"Adornos Y Complementos Para Torta","subcategoria":"Adornos Y Apliques De Porcelana Fria","precio":2520.0,"destacado":false,"descripcion":"","imagen":"assets/products/CA-000000039934.webp","tags":["rositas","porcelana","fria","multicolor","patricia"]},{"id":"CA-000000017371","nombre":"ROSITAS PORCELANA FRIA ROJO x6 (PATRICIA)","categoria":"Adornos Y Complementos Para Torta","subcategoria":"Adornos Y Apliques De Porcelana Fria","precio":2520.0,"destacado":false,"descripcion":"","imagen":"assets/products/CA-000000017371.webp","tags":["rositas","porcelana","fria","rojo","patricia"]},{"id":"CA-000000017368","nombre":"ROSITAS PORCELANA FRIA ROSA x6 (PATRICIA)","categoria":"Adornos Y Complementos Para Torta","subcategoria":"Adornos Y Apliques De Porcelana Fria","precio":2520.0,"destacado":false,"descripcion":"","imagen":"assets/products/CA-000000017368.webp","tags":["rositas","porcelana","fria","rosa","patricia"]},{"id":"CA-000000051923","nombre":"SET BANDERIN Y TOPPERS DE REPENTE 30 x7u.(POMPI DU )","categoria":"Adornos Y Complementos Para Torta","subcategoria":"Adornos, Pinches Y Apliques Toda Ocasion","precio":1330.0,"destacado":false,"descripcion":"","imagen":"assets/products/CA-000000051923.webp","tags":["set","banderin","toppers","repente","x7u","pompi"]},{"id":"CA-000000051922","nombre":"SET BANDERIN Y TOPPERS DE REPENTE 50 x7u.(POMPI DU )","categoria":"Adornos Y Complementos Para Torta","subcategoria":"Adornos, Pinches Y Apliques Toda Ocasion","precio":1330.0,"destacado":false,"descripcion":"","imagen":"assets/products/CA-000000051922.webp","tags":["set","banderin","toppers","repente","x7u","pompi"]},{"id":"CA-000000051921","nombre":"SET BANDERIN Y TOPPERS ME RECIBI x7u.(POMPI DU )","categoria":"Adornos Y Complementos Para Torta","subcategoria":"Adornos, Pinches Y Apliques Toda Ocasion","precio":1330.0,"destacado":false,"descripcion":"","imagen":"assets/products/CA-000000051921.webp","tags":["set","banderin","toppers","recibi","x7u","pompi"]},{"id":"CA-000000051524","nombre":"SET CARTEL FELIZ CUMPLE ESCUDO BOCA x4u.VR","categoria":"Adornos Y Complementos Para Torta","subcategoria":"Adornos Y Pinches Futboleros","precio":1457.54,"destacado":false,"descripcion":"","imagen":"assets/products/CA-000000051524.webp","tags":["set","cartel","feliz","cumple","escudo","boca","x4u"]},{"id":"CA-000000051523","nombre":"SET CARTEL FELIZ CUMPLE ESCUDO CUERVO/SAN LORENZO x4u.VR","categoria":"Adornos Y Complementos Para Torta","subcategoria":"Adornos Y Pinches Futboleros","precio":1457.54,"destacado":false,"descripcion":"","imagen":"assets/products/CA-000000051523.webp","tags":["set","cartel","feliz","cumple","escudo","cuervo","san","lorenzo","x4u"]},{"id":"CA-000000051530","nombre":"SET CARTEL FELIZ CUMPLE ESCUDO DIABLOS 4u.VR","categoria":"Adornos Y Complementos Para Torta","subcategoria":"Adornos Y Pinches Futboleros","precio":1457.54,"destacado":false,"descripcion":"","imagen":"assets/products/CA-000000051530.webp","tags":["set","cartel","feliz","cumple","escudo","diablos"]},{"id":"CA-000000051529","nombre":"SET CARTEL FELIZ CUMPLE ESCUDO RIVER x4u.VR","categoria":"Adornos Y Complementos Para Torta","subcategoria":"Adornos Y Pinches Futboleros","precio":1457.54,"destacado":false,"descripcion":"","imagen":"assets/products/CA-000000051529.webp","tags":["set","cartel","feliz","cumple","escudo","river","x4u"]},{"id":"CA-000000051527","nombre":"SET CARTEL FELIZ CUMPLE HOMBRE ARAÑA x4u.VR","categoria":"Adornos Y Complementos Para Torta","subcategoria":"Adornos Y Pinches De Cumpleaños Personajes","precio":1457.54,"destacado":false,"descripcion":"","imagen":"assets/products/CA-000000051527.webp","tags":["set","cartel","feliz","cumple","hombre","araña","x4u"]},{"id":"CA-000000051531","nombre":"SET CARTEL FELIZ CUMPLE KITTY x4u.VR","categoria":"Adornos Y Complementos Para Torta","subcategoria":"Adornos Y Pinches De Cumpleaños Personajes","precio":1457.54,"destacado":false,"descripcion":"","imagen":"assets/products/CA-000000051531.webp","tags":["set","cartel","feliz","cumple","kitty","x4u"]},{"id":"CA-000000051528","nombre":"SET CARTEL FELIZ CUMPLE KUROMI Y MELODY x4u.VR","categoria":"Adornos Y Complementos Para Torta","subcategoria":"Adornos Y Pinches De Cumpleaños Personajes","precio":1457.54,"destacado":false,"descripcion":"","imagen":"assets/products/CA-000000051528.webp","tags":["set","cartel","feliz","cumple","kuromi","melody","x4u"]},{"id":"CA-000000051522","nombre":"SET CARTEL FELIZ CUMPLE SONIC x4u.VR","categoria":"Adornos Y Complementos Para Torta","subcategoria":"Adornos Y Pinches De Cumpleaños Personajes","precio":1457.54,"destacado":false,"descripcion":"","imagen":"assets/products/CA-000000051522.webp","tags":["set","cartel","feliz","cumple","sonic","x4u"]},{"id":"CA-000000051914","nombre":"SET FELIZ CUMPLE BANDERIN Y TOPPERS ARGENTINA x7u.(POMPI DU )","categoria":"Adornos Y Complementos Para Torta","subcategoria":"Adornos Y Pinches Futboleros","precio":1330.0,"destacado":false,"descripcion":"","imagen":"assets/products/CA-000000051914.webp","tags":["set","feliz","cumple","banderin","toppers","argentina","x7u","pompi"]},{"id":"CA-000000052962","nombre":"SET FELIZ CUMPLE BANDERIN Y TOPPERS BLUEY x7u.(POMPI DU )","categoria":"Adornos Y Complementos Para Torta","subcategoria":"Adornos Y Pinches De Cumpleaños Personajes","precio":1330.0,"destacado":false,"descripcion":"","imagen":"assets/products/CA-000000052962.webp","tags":["set","feliz","cumple","banderin","toppers","bluey","x7u","pompi"]},{"id":"CA-000000051915","nombre":"SET FELIZ CUMPLE BANDERIN Y TOPPERS BOCA x7u.(POMPI DU )","categoria":"Adornos Y Complementos Para Torta","subcategoria":"Adornos Y Pinches Futboleros","precio":1330.0,"destacado":false,"descripcion":"","imagen":"assets/products/CA-000000051915.webp","tags":["set","feliz","cumple","banderin","toppers","boca","x7u","pompi"]},{"id":"CA-000000052966","nombre":"SET FELIZ CUMPLE BANDERIN Y TOPPERS FROZEN  x7u.(POMPI DU )","categoria":"Adornos Y Complementos Para Torta","subcategoria":"Adornos Y Pinches De Cumpleaños Personajes","precio":1330.0,"destacado":false,"descripcion":"","imagen":"assets/products/CA-000000052966.webp","tags":["set","feliz","cumple","banderin","toppers","frozen","x7u","pompi"]},{"id":"CA-000000051913","nombre":"SET FELIZ CUMPLE BANDERIN Y TOPPERS FUTBOL x7u.(POMPI DU )","categoria":"Adornos Y Complementos Para Torta","subcategoria":"Adornos Y Pinches Futboleros","precio":1330.0,"destacado":false,"descripcion":"","imagen":"assets/products/CA-000000051913.webp","tags":["set","feliz","cumple","banderin","toppers","futbol","x7u","pompi"]},{"id":"CA-000000051917","nombre":"SET FELIZ CUMPLE BANDERIN Y TOPPERS HOMBRE ARAÑA x7u.(POMPI DU )","categoria":"Adornos Y Complementos Para Torta","subcategoria":"Adornos Y Pinches De Cumpleaños Personajes","precio":1330.0,"destacado":false,"descripcion":"","imagen":"assets/products/CA-000000051917.webp","tags":["set","feliz","cumple","banderin","toppers","hombre","araña","x7u","pompi"]},{"id":"CA-000000051919","nombre":"SET FELIZ CUMPLE BANDERIN Y TOPPERS KITTY x7u.(POMPI DU )","categoria":"Adornos Y Complementos Para Torta","subcategoria":"Adornos Y Pinches De Cumpleaños Personajes","precio":1330.0,"destacado":false,"descripcion":"","imagen":"assets/products/CA-000000051919.webp","tags":["set","feliz","cumple","banderin","toppers","kitty","x7u","pompi"]},{"id":"CA-000000051920","nombre":"SET FELIZ CUMPLE BANDERIN Y TOPPERS KUROMI Y MELODYx7u.(POMPI DU )","categoria":"Adornos Y Complementos Para Torta","subcategoria":"Adornos Y Pinches De Cumpleaños Personajes","precio":1330.0,"destacado":false,"descripcion":"","imagen":"assets/products/CA-000000051920.webp","tags":["set","feliz","cumple","banderin","toppers","kuromi","melodyx7u","pompi"]},{"id":"CA-000000052969","nombre":"SET FELIZ CUMPLE BANDERIN Y TOPPERS MIS 15 AÑOS x7u.(POMPI DU )","categoria":"Adornos Y Complementos Para Torta","subcategoria":"Boda/ 15 Años/ 18 Años/ Aniversario","precio":1330.0,"destacado":false,"descripcion":"","imagen":"assets/products/CA-000000052969.webp","tags":["set","feliz","cumple","banderin","toppers","mis","años","x7u","pompi"]},{"id":"CA-000000051918","nombre":"SET FELIZ CUMPLE BANDERIN Y TOPPERS PAW PATROL x7u.(POMPI DU )","categoria":"Adornos Y Complementos Para Torta","subcategoria":"Adornos Y Pinches De Cumpleaños Personajes","precio":1330.0,"destacado":false,"descripcion":"","imagen":"assets/products/CA-000000051918.webp","tags":["set","feliz","cumple","banderin","toppers","paw","patrol","x7u","pompi"]},{"id":"CA-000000051916","nombre":"SET FELIZ CUMPLE BANDERIN Y TOPPERS RIVER x7u.(POMPI DU )","categoria":"Adornos Y Complementos Para Torta","subcategoria":"Adornos Y Pinches Futboleros","precio":1330.0,"destacado":false,"descripcion":"","imagen":"assets/products/CA-000000051916.webp","tags":["set","feliz","cumple","banderin","toppers","river","x7u","pompi"]},{"id":"CA-000000052965","nombre":"SET FELIZ CUMPLE BANDERIN Y TOPPERS SONIC x7u.(POMPI DU )","categoria":"Adornos Y Complementos Para Torta","subcategoria":"Adornos Y Pinches De Cumpleaños Personajes","precio":1330.0,"destacado":false,"descripcion":"","imagen":"assets/products/CA-000000052965.webp","tags":["set","feliz","cumple","banderin","toppers","sonic","x7u","pompi"]},{"id":"CA-000000052964","nombre":"SET FELIZ CUMPLE BANDERIN Y TOPPERS STITCH x7u.(POMPI DU )","categoria":"Adornos Y Complementos Para Torta","subcategoria":"Adornos Y Pinches De Cumpleaños Personajes","precio":1330.0,"destacado":false,"descripcion":"","imagen":"assets/products/CA-000000052964.webp","tags":["set","feliz","cumple","banderin","toppers","stitch","x7u","pompi"]},{"id":"CA-000000051930","nombre":"SET MI BAUTISMO BANDERIN Y TOPPERS CELESTE x7u.(POMPI DU )","categoria":"Adornos Y Complementos Para Torta","subcategoria":"Bautismo /1° Añito/Baby Shower/Revelacion","precio":1330.0,"destacado":false,"descripcion":"","imagen":"assets/products/CA-000000051930.webp","tags":["set","bautismo","banderin","toppers","celeste","x7u","pompi"]},{"id":"CA-000000051929","nombre":"SET MI BAUTISMO BANDERIN Y TOPPERS ROSA x7u.(POMPI DU )","categoria":"Adornos Y Complementos Para Torta","subcategoria":"Bautismo /1° Añito/Baby Shower/Revelacion","precio":1330.0,"destacado":false,"descripcion":"","imagen":"assets/products/CA-000000051929.webp","tags":["set","bautismo","banderin","toppers","rosa","x7u","pompi"]},{"id":"CA-000000055871","nombre":"SET PINCHE FELIZ CUMPLE KITTY x4u.COTILLON SILUETAS","categoria":"Adornos Y Complementos Para Torta","subcategoria":"Adornos Y Pinches De Cumpleaños Personajes","precio":1757.4,"destacado":false,"descripcion":"","imagen":"assets/products/CA-000000055871.webp","tags":["set","pinche","feliz","cumple","kitty","x4u","cotillon","siluetas"]},{"id":"CA-000000055869","nombre":"SET PINCHE FELIZ CUMPLE KUROMI Y MELODYx4u.COTILLON SILUETAS","categoria":"Adornos Y Complementos Para Torta","subcategoria":"Adornos Y Pinches De Cumpleaños Personajes","precio":1757.4,"destacado":false,"descripcion":"","imagen":"assets/products/CA-000000055869.webp","tags":["set","pinche","feliz","cumple","kuromi","melodyx4u","cotillon","siluetas"]},{"id":"CA-000000055873","nombre":"SET PINCHE FELIZ CUMPLE SONIC x4u.COTILLON SILUETAS","categoria":"Adornos Y Complementos Para Torta","subcategoria":"Adornos Y Pinches De Cumpleaños Personajes","precio":1757.4,"destacado":false,"descripcion":"","imagen":"assets/products/CA-000000055873.webp","tags":["set","pinche","feliz","cumple","sonic","x4u","cotillon","siluetas"]},{"id":"CA-000000055875","nombre":"SET PINCHE FELIZ CUMPLEAÑOS 30 AÑOS ORO/PLATA x5u.COTILLON SILUETAS","categoria":"Adornos Y Complementos Para Torta","subcategoria":"Adornos, Pinches Y Apliques Toda Ocasion","precio":1757.4,"destacado":false,"descripcion":"","imagen":"assets/products/CA-000000055875.webp","tags":["set","pinche","feliz","cumpleaños","años","oro","plata","x5u","cotillon","siluetas"]},{"id":"CA-000000058604","nombre":"SET PINCHES DIA DE LOS ENAMORADOS FELIZ SAN VALENTIN 3D CALUMI x3u.","categoria":"Adornos Y Complementos Para Torta","subcategoria":"Adornos Y Pinches De Cumpleaños Personajes","precio":1377.5,"destacado":false,"descripcion":"NUEVO 17/12/2025","imagen":"assets/products/CA-000000058604.webp","tags":["set","pinches","dia","los","enamorados","feliz","san","valentin","calumi","x3u"]},{"id":"CA-000000058603","nombre":"SET PINCHES DIA DE LOS ENAMORADOS TE AMO CON OSITO 3D CALUMI x3u.","categoria":"Adornos Y Complementos Para Torta","subcategoria":"Adornos Y Pinches De Cumpleaños Personajes","precio":1377.5,"destacado":false,"descripcion":"NUEVO 17/12/2025","imagen":"assets/products/CA-000000058603.webp","tags":["set","pinches","dia","los","enamorados","amo","con","osito","calumi","x3u"]},{"id":"CA-000000058599","nombre":"STICKERS EN PLANCHA DIA DE LOS ENAMORADOS MODELOS SURTIDOS x5 planchas x9 stickers PD","categoria":"Adornos Y Complementos Para Torta","subcategoria":"Adornos, Pinches Y Apliques Toda Ocasion","precio":1190.0,"destacado":false,"descripcion":"NUEVO 17/12/2025","imagen":"assets/products/CA-000000058599.webp","tags":["stickers","plancha","dia","los","enamorados","modelos","surtidos","planchas","stickers"]},{"id":"CA-000000058309","nombre":"TROFEO MARTIN FIERRO DORADO METALIZADO CON BASE NEGRA x1","categoria":"Adornos Y Complementos Para Torta","subcategoria":"Adornos Y Pinches Futboleros","precio":3672.14,"destacado":false,"descripcion":"","imagen":"assets/products/CA-000000058309.webp","tags":["trofeo","martin","fierro","dorado","metalizado","con","base","negra"]}]}