{"category_slug":"adornos_y_complementos_para_torta","subcategory_slug":"","page":2,"page_size":48,"total":663,"items":[{"id":"CA-000000056993","nombre":"ADORNO PINCHE GOMA EVA FELIZ CUMPLE STICH x4 UNIDADES NISSI","categoria":"Adornos Y Complementos Para Torta","subcategoria":"Adornos, Pinches Y Apliques Toda Ocasion","precio":3240.0,"destacado":false,"descripcion":"","imagen":"assets/products/CA-000000056993.webp","tags":["adorno","pinche","goma","eva","feliz","cumple","stich","unidades","nissi"]},{"id":"CA-696188804209","nombre":"ADORNO PINCHE METALIZADO MULTICOLOR FELIZ CUMPLEAÑOS x10 GY-4209","categoria":"Adornos Y Complementos Para Torta","subcategoria":"Adornos, Pinches Y Apliques Toda Ocasion","precio":9067.5,"destacado":false,"descripcion":"NUEVO 19/12/2025","imagen":"assets/products/CA-696188804209.webp","tags":["adorno","pinche","metalizado","multicolor","feliz","cumpleaños","x10","4209"]},{"id":"CA-000000048485","nombre":"ADORNO SET EGRESADOS x6u.UPALALA","categoria":"Adornos Y Complementos Para Torta","subcategoria":"Adornos, Pinches Y Apliques Toda Ocasion","precio":1092.0,"destacado":false,"descripcion":"","imagen":"assets/products/CA-000000048485.webp","tags":["adorno","set","egresados","x6u","upalala"]},{"id":"CA-000000055909","nombre":"ADORNO SET FELIZ CUMPLE 3D ABEJITAS x3u.UPALALA","categoria":"Adornos Y Complementos Para Torta","subcategoria":"Adornos Y Pinches De Cumpleaños Personajes","precio":1029.0,"destacado":false,"descripcion":"","imagen":"assets/products/CA-000000055909.webp","tags":["adorno","set","feliz","cumple","abejitas","x3u","upalala"]},{"id":"CA-000000047793","nombre":"ADORNO SET FELIZ CUMPLE 3D BASQUET x3.u.UPALALA","categoria":"Adornos Y Complementos Para Torta","subcategoria":"Adornos, Pinches Y Apliques Toda Ocasion","precio":1029.0,"destacado":false,"descripcion":"","imagen":"assets/products/CA-000000047793.webp","tags":["adorno","set","feliz","cumple","basquet","upalala"]},{"id":"CA-000000052177","nombre":"ADORNO SET FELIZ CUMPLE 3D BLUEY x3u.UPALALA","categoria":"Adornos Y Complementos Para Torta","subcategoria":"Adornos Y Pinches De Cumpleaños Personajes","precio":1029.0,"destacado":false,"descripcion":"","imagen":"assets/products/CA-000000052177.webp","tags":["adorno","set","feliz","cumple","bluey","x3u","upalala"]},{"id":"CA-000000044736","nombre":"ADORNO SET FELIZ CUMPLE 3D BOCA x3u.UPALALA","categoria":"Adornos Y Complementos Para Torta","subcategoria":"Adornos Y Pinches Futboleros","precio":1029.0,"destacado":false,"descripcion":"","imagen":"assets/products/CA-000000044736.webp","tags":["adorno","set","feliz","cumple","boca","x3u","upalala"]},{"id":"CA-000000057471","nombre":"ADORNO SET FELIZ CUMPLE 3D BRAINROT (tralalero tralala) x3u.UPALALA","categoria":"Adornos Y Complementos Para Torta","subcategoria":"Adornos Y Pinches De Cumpleaños Personajes","precio":1029.0,"destacado":false,"descripcion":"","imagen":"assets/products/CA-000000057471.webp","tags":["adorno","set","feliz","cumple","brainrot","tralalero","tralala","x3u","upalala"]},{"id":"CA-000000055457","nombre":"ADORNO SET FELIZ CUMPLE 3D CARPINCHO/CAPIBARA x3u.UPALALA","categoria":"Adornos Y Complementos Para Torta","subcategoria":"Adornos Y Pinches De Cumpleaños Personajes","precio":1029.0,"destacado":false,"descripcion":"","imagen":"assets/products/CA-000000055457.webp","tags":["adorno","set","feliz","cumple","carpincho","capibara","x3u","upalala"]},{"id":"CA-000000043877","nombre":"ADORNO SET FELIZ CUMPLE 3D CARS AUTO ROJOx3u.UPALALA","categoria":"Adornos Y Complementos Para Torta","subcategoria":"Adornos Y Pinches De Cumpleaños Personajes","precio":1029.0,"destacado":false,"descripcion":"","imagen":"assets/products/CA-000000043877.webp","tags":["adorno","set","feliz","cumple","cars","auto","rojox3u","upalala"]},{"id":"CA-000000043886","nombre":"ADORNO SET FELIZ CUMPLE 3D DINOSAURIOx3u.UPALALA","categoria":"Adornos Y Complementos Para Torta","subcategoria":"Adornos Y Pinches De Cumpleaños Personajes","precio":1029.0,"destacado":false,"descripcion":"","imagen":"assets/products/CA-000000043886.webp","tags":["adorno","set","feliz","cumple","dinosauriox3u","upalala"]},{"id":"CA-000000043884","nombre":"ADORNO SET FELIZ CUMPLE 3D DRAGON BALLx3u.UPALALA","categoria":"Adornos Y Complementos Para Torta","subcategoria":"Adornos Y Pinches De Cumpleaños Personajes","precio":1029.0,"destacado":false,"descripcion":"","imagen":"assets/products/CA-000000043884.webp","tags":["adorno","set","feliz","cumple","dragon","ballx3u","upalala"]},{"id":"CA-000000047792","nombre":"ADORNO SET FELIZ CUMPLE 3D FLORK x3u.UPALALA","categoria":"Adornos Y Complementos Para Torta","subcategoria":"Adornos, Pinches Y Apliques Toda Ocasion","precio":1029.0,"destacado":false,"descripcion":"","imagen":"assets/products/CA-000000047792.webp","tags":["adorno","set","feliz","cumple","flork","x3u","upalala"]},{"id":"CA-000000043872","nombre":"ADORNO SET FELIZ CUMPLE 3D FROZEN x3u.UPALALA","categoria":"Adornos Y Complementos Para Torta","subcategoria":"Adornos Y Pinches De Cumpleaños Personajes","precio":1029.0,"destacado":false,"descripcion":"","imagen":"assets/products/CA-000000043872.webp","tags":["adorno","set","feliz","cumple","frozen","x3u","upalala"]},{"id":"CA-000000044737","nombre":"ADORNO SET FELIZ CUMPLE 3D FUTBOL x3u.UPALALA","categoria":"Adornos Y Complementos Para Torta","subcategoria":"Adornos Y Pinches Futboleros","precio":1029.0,"destacado":false,"descripcion":"","imagen":"assets/products/CA-000000044737.webp","tags":["adorno","set","feliz","cumple","futbol","x3u","upalala"]},{"id":"CA-000000043873","nombre":"ADORNO SET FELIZ CUMPLE 3D HOMBRE ARAÑA x3u.UPALALA","categoria":"Adornos Y Complementos Para Torta","subcategoria":"Adornos Y Pinches De Cumpleaños Personajes","precio":1029.0,"destacado":false,"descripcion":"","imagen":"assets/products/CA-000000043873.webp","tags":["adorno","set","feliz","cumple","hombre","araña","x3u","upalala"]},{"id":"CA-000000043875","nombre":"ADORNO SET FELIZ CUMPLE 3D LA GRANJA DE ZENON x3u.UPALALA","categoria":"Adornos Y Complementos Para Torta","subcategoria":"Adornos Y Pinches De Cumpleaños Personajes","precio":1029.0,"destacado":false,"descripcion":"","imagen":"assets/products/CA-000000043875.webp","tags":["adorno","set","feliz","cumple","granja","zenon","x3u","upalala"]},{"id":"CA-000000056791","nombre":"ADORNO SET FELIZ CUMPLE 3D LABUBU x3u.UPALALA","categoria":"Adornos Y Complementos Para Torta","subcategoria":"Adornos Y Pinches De Cumpleaños Personajes","precio":1029.0,"destacado":false,"descripcion":"","imagen":"assets/products/CA-000000056791.webp","tags":["adorno","set","feliz","cumple","labubu","x3u","upalala"]},{"id":"CA-000000054177","nombre":"ADORNO SET FELIZ CUMPLE 3D MARGARITA x3u.UPALALA","categoria":"Adornos Y Complementos Para Torta","subcategoria":"Adornos Y Pinches De Cumpleaños Personajes","precio":1029.0,"destacado":false,"descripcion":"","imagen":"assets/products/CA-000000054177.webp","tags":["adorno","set","feliz","cumple","margarita","x3u","upalala"]},{"id":"CA-000000052664","nombre":"ADORNO SET FELIZ CUMPLE 3D MARIPOSAS x3u.UPALALA","categoria":"Adornos Y Complementos Para Torta","subcategoria":"Adornos Y Pinches De Cumpleaños Personajes","precio":1029.0,"destacado":false,"descripcion":"","imagen":"assets/products/CA-000000052664.webp","tags":["adorno","set","feliz","cumple","mariposas","x3u","upalala"]},{"id":"CA-000000051052","nombre":"ADORNO SET FELIZ CUMPLE 3D MASHA Y EL OSO x3u.UPALALA","categoria":"Adornos Y Complementos Para Torta","subcategoria":"Adornos Y Pinches De Cumpleaños Personajes","precio":1029.0,"destacado":false,"descripcion":"","imagen":"assets/products/CA-000000051052.webp","tags":["adorno","set","feliz","cumple","masha","oso","x3u","upalala"]},{"id":"CA-000000049024","nombre":"ADORNO SET FELIZ CUMPLE 3D MERLINA x3u.UPALALA","categoria":"Adornos Y Complementos Para Torta","subcategoria":"Adornos Y Pinches De Cumpleaños Personajes","precio":1029.0,"destacado":false,"descripcion":"","imagen":"assets/products/CA-000000049024.webp","tags":["adorno","set","feliz","cumple","merlina","x3u","upalala"]},{"id":"CA-000000049026","nombre":"ADORNO SET FELIZ CUMPLE 3D MESSI ARGENTINA x3u.UPALALA","categoria":"Adornos Y Complementos Para Torta","subcategoria":"Adornos Y Pinches Futboleros","precio":1029.0,"destacado":false,"descripcion":"","imagen":"assets/products/CA-000000049026.webp","tags":["adorno","set","feliz","cumple","messi","argentina","x3u","upalala"]},{"id":"CA-000000047796","nombre":"ADORNO SET FELIZ CUMPLE 3D NOTAS MUSICALES x3u.UPALALA","categoria":"Adornos Y Complementos Para Torta","subcategoria":"Adornos, Pinches Y Apliques Toda Ocasion","precio":1029.0,"destacado":false,"descripcion":"","imagen":"assets/products/CA-000000047796.webp","tags":["adorno","set","feliz","cumple","notas","musicales","x3u","upalala"]},{"id":"CA-000000043874","nombre":"ADORNO SET FELIZ CUMPLE 3D PAW PATROL x3u.UPALALA","categoria":"Adornos Y Complementos Para Torta","subcategoria":"Adornos Y Pinches De Cumpleaños Personajes","precio":1029.0,"destacado":false,"descripcion":"","imagen":"assets/products/CA-000000043874.webp","tags":["adorno","set","feliz","cumple","paw","patrol","x3u","upalala"]},{"id":"CA-000000043878","nombre":"ADORNO SET FELIZ CUMPLE 3D PEPA x3u.UPALALA","categoria":"Adornos Y Complementos Para Torta","subcategoria":"Adornos Y Pinches De Cumpleaños Personajes","precio":1029.0,"destacado":false,"descripcion":"","imagen":"assets/products/CA-000000043878.webp","tags":["adorno","set","feliz","cumple","pepa","x3u","upalala"]},{"id":"CA-000000056361","nombre":"ADORNO SET FELIZ CUMPLE 3D PLIM-PLIM x3u.UPALALA","categoria":"Adornos Y Complementos Para Torta","subcategoria":"Adornos Y Pinches De Cumpleaños Personajes","precio":1029.0,"destacado":false,"descripcion":"","imagen":"assets/products/CA-000000056361.webp","tags":["adorno","set","feliz","cumple","plim","plim","x3u","upalala"]},{"id":"CA-000000051589","nombre":"ADORNO SET FELIZ CUMPLE 3D POKEMON x4u.UPALALA","categoria":"Adornos Y Complementos Para Torta","subcategoria":"Adornos Y Pinches De Cumpleaños Personajes","precio":1059.8,"destacado":false,"descripcion":"","imagen":"assets/products/CA-000000051589.webp","tags":["adorno","set","feliz","cumple","pokemon","x4u","upalala"]},{"id":"CA-000000046484","nombre":"ADORNO SET FELIZ CUMPLE 3D PRINCESAS x3u.UPALALA","categoria":"Adornos Y Complementos Para Torta","subcategoria":"Adornos Y Pinches De Cumpleaños Personajes","precio":1029.0,"destacado":false,"descripcion":"","imagen":"assets/products/CA-000000046484.webp","tags":["adorno","set","feliz","cumple","princesas","x3u","upalala"]},{"id":"CA-000000043879","nombre":"ADORNO SET FELIZ CUMPLE 3D RATON x3u.UPALALA","categoria":"Adornos Y Complementos Para Torta","subcategoria":"Adornos Y Pinches De Cumpleaños Personajes","precio":1029.0,"destacado":false,"descripcion":"","imagen":"assets/products/CA-000000043879.webp","tags":["adorno","set","feliz","cumple","raton","x3u","upalala"]},{"id":"CA-000000043880","nombre":"ADORNO SET FELIZ CUMPLE 3D RATONA x3u.UPALALA","categoria":"Adornos Y Complementos Para Torta","subcategoria":"Adornos Y Pinches De Cumpleaños Personajes","precio":1029.0,"destacado":false,"descripcion":"","imagen":"assets/products/CA-000000043880.webp","tags":["adorno","set","feliz","cumple","ratona","x3u","upalala"]},{"id":"CA-000000044735","nombre":"ADORNO SET FELIZ CUMPLE 3D RIVER x3u.UPALALA","categoria":"Adornos Y Complementos Para Torta","subcategoria":"Adornos Y Pinches Futboleros","precio":1029.0,"destacado":false,"descripcion":"","imagen":"assets/products/CA-000000044735.webp","tags":["adorno","set","feliz","cumple","river","x3u","upalala"]},{"id":"CA-000000043890","nombre":"ADORNO SET FELIZ CUMPLE 3D SONIC x3u.UPALALA","categoria":"Adornos Y Complementos Para Torta","subcategoria":"Adornos Y Pinches De Cumpleaños Personajes","precio":1029.0,"destacado":false,"descripcion":"","imagen":"assets/products/CA-000000043890.webp","tags":["adorno","set","feliz","cumple","sonic","x3u","upalala"]},{"id":"CA-000000047765","nombre":"ADORNO SET FELIZ CUMPLE 3D STITCH x3u.UPALALA","categoria":"Adornos Y Complementos Para Torta","subcategoria":"Adornos Y Pinches De Cumpleaños Personajes","precio":1029.0,"destacado":false,"descripcion":"","imagen":"assets/products/CA-000000047765.webp","tags":["adorno","set","feliz","cumple","stitch","x3u","upalala"]},{"id":"CA-000000043876","nombre":"ADORNO SET FELIZ CUMPLE 3D UNICORNIO x3u.UPALALA","categoria":"Adornos Y Complementos Para Torta","subcategoria":"Adornos Y Pinches De Cumpleaños Personajes","precio":1029.0,"destacado":false,"descripcion":"","imagen":"assets/products/CA-000000043876.webp","tags":["adorno","set","feliz","cumple","unicornio","x3u","upalala"]},{"id":"CA-000000043911","nombre":"ADORNO SET FELIZ DIA/TE AMO PA CERVEZAS x3u.UPALALA","categoria":"Adornos Y Complementos Para Torta","subcategoria":"Adornos, Pinches Y Apliques Toda Ocasion","precio":1029.0,"destacado":false,"descripcion":"","imagen":"assets/products/CA-000000043911.webp","tags":["adorno","set","feliz","dia","amo","cervezas","x3u","upalala"]},{"id":"CA-000000057579","nombre":"ADORNO SET OSITOS ACUARELA TONOS CELESTE (MODELOS SURTIDOS) x1 UPALALA","categoria":"Adornos Y Complementos Para Torta","subcategoria":"Bautismo /1° Añito/Baby Shower/Revelacion","precio":1176.0,"destacado":false,"descripcion":"* (05/12/2025)","imagen":"assets/products/CA-000000057579.webp","tags":["adorno","set","ositos","acuarela","tonos","celeste","modelos","surtidos","upalala"]},{"id":"CA-000000057578","nombre":"ADORNO SET OSITOS ACUARELA TONOS ROSA (MODELOS SURTIDOS) x1u.UPALALA","categoria":"Adornos Y Complementos Para Torta","subcategoria":"Bautismo /1° Añito/Baby Shower/Revelacion","precio":1176.0,"destacado":false,"descripcion":"* (05/12/2025)","imagen":"assets/products/CA-000000057578.webp","tags":["adorno","set","ositos","acuarela","tonos","rosa","modelos","surtidos","x1u","upalala"]},{"id":"CA-000000055915","nombre":"ADORNO TORTA BASE GIBREADA ABEJITAS x1u.UPALALA","categoria":"Adornos Y Complementos Para Torta","subcategoria":"Adornos Y Pinches De Cumpleaños Personajes","precio":1059.8,"destacado":false,"descripcion":"","imagen":"assets/products/CA-000000055915.webp","tags":["adorno","torta","base","gibreada","abejitas","x1u","upalala"]},{"id":"CA-000000047607","nombre":"ADORNO TORTA BASE GIBREADA ARGENTINA x1u.UPALALA","categoria":"Adornos Y Complementos Para Torta","subcategoria":"Adornos Y Pinches Futboleros","precio":1059.8,"destacado":false,"descripcion":"","imagen":"assets/products/CA-000000047607.webp","tags":["adorno","torta","base","gibreada","argentina","x1u","upalala"]},{"id":"CA-000000054671","nombre":"ADORNO TORTA BASE GIBREADA AUTO FORMULA 1  x1u.UPALALA","categoria":"Adornos Y Complementos Para Torta","subcategoria":"Adornos Y Pinches De Cumpleaños Personajes","precio":1059.8,"destacado":false,"descripcion":"","imagen":"assets/products/CA-000000054671.webp","tags":["adorno","torta","base","gibreada","auto","formula","x1u","upalala"]},{"id":"CA-000000041064","nombre":"ADORNO TORTA BASE GIBREADA BABY SHOWER NENE x1u.UPALALA","categoria":"Adornos Y Complementos Para Torta","subcategoria":"Bautismo /1° Añito/Baby Shower/Revelacion","precio":800.0,"destacado":false,"descripcion":"* (05/12/2025)","imagen":"assets/products/CA-000000041064.webp","tags":["adorno","torta","base","gibreada","baby","shower","nene","x1u","upalala"]},{"id":"CA-000000057472","nombre":"ADORNO TORTA BASE GIBREADA BRAINROT (tralalero tralala) x1u.UPALALA","categoria":"Adornos Y Complementos Para Torta","subcategoria":"Adornos Y Pinches De Cumpleaños Personajes","precio":1059.8,"destacado":false,"descripcion":"","imagen":"assets/products/CA-000000057472.webp","tags":["adorno","torta","base","gibreada","brainrot","tralalero","tralala","x1u","upalala"]},{"id":"CA-000000035326","nombre":"ADORNO TORTA BASE GIBREADA CAMISETA BOCA x1u.UPALALA","categoria":"Adornos Y Complementos Para Torta","subcategoria":"Adornos Y Pinches Futboleros","precio":1059.8,"destacado":false,"descripcion":"","imagen":"assets/products/CA-000000035326.webp","tags":["adorno","torta","base","gibreada","camiseta","boca","x1u","upalala"]},{"id":"CA-000000035325","nombre":"ADORNO TORTA BASE GIBREADA CAMISETA RIVER x1u.UPALALA","categoria":"Adornos Y Complementos Para Torta","subcategoria":"Adornos Y Pinches Futboleros","precio":1059.8,"destacado":false,"descripcion":"","imagen":"assets/products/CA-000000035325.webp","tags":["adorno","torta","base","gibreada","camiseta","river","x1u","upalala"]},{"id":"CA-000000055916","nombre":"ADORNO TORTA BASE GIBREADA CAPIBARA/CARPINCHO x1u.UPALALA","categoria":"Adornos Y Complementos Para Torta","subcategoria":"Adornos Y Pinches De Cumpleaños Personajes","precio":1059.8,"destacado":false,"descripcion":"","imagen":"assets/products/CA-000000055916.webp","tags":["adorno","torta","base","gibreada","capibara","carpincho","x1u","upalala"]},{"id":"CA-000000032764","nombre":"ADORNO TORTA BASE GIBREADA CARS AUTO ROJO x1u.UPALALA","categoria":"Adornos Y Complementos Para Torta","subcategoria":"Adornos Y Pinches De Cumpleaños Personajes","precio":1059.8,"destacado":false,"descripcion":"","imagen":"assets/products/CA-000000032764.webp","tags":["adorno","torta","base","gibreada","cars","auto","rojo","x1u","upalala"]},{"id":"CA-000000035362","nombre":"ADORNO TORTA BASE GIBREADA CERVEZA  x1u.UPALALA","categoria":"Adornos Y Complementos Para Torta","subcategoria":"Adornos, Pinches Y Apliques Toda Ocasion","precio":800.0,"destacado":false,"descripcion":"","imagen":"assets/products/CA-000000035362.webp","tags":["adorno","torta","base","gibreada","cerveza","x1u","upalala"]}]}