{"category_slug":"adornos_y_complementos_para_torta","subcategory_slug":"","page":4,"page_size":48,"total":663,"items":[{"id":"CA-000029951418","nombre":"APLIQUE FIGURA DE PASTILLAJE ESTRELLAS DORADAS x12 (514)","categoria":"Adornos Y Complementos Para Torta","subcategoria":"Complementos De Azucar / Glace / Pastillaje","precio":2631.86,"destacado":false,"descripcion":"","imagen":"assets/products/CA-000029951418.webp","tags":["aplique","figura","pastillaje","estrellas","doradas","x12","514"]},{"id":"CA-698202305103","nombre":"APLIQUE MARIPOSA ESTAMPADA CALADA 3D PARA TORTAS ADHESIVA (12unidades) x1 YJ0749","categoria":"Adornos Y Complementos Para Torta","subcategoria":"Adornos, Pinches Y Apliques Toda Ocasion","precio":453.6,"destacado":false,"descripcion":"","imagen":"assets/products/CA-698202305103.webp","tags":["aplique","mariposa","estampada","calada","para","tortas","adhesiva","12unidades","yj0749"]},{"id":"CA-000000055983","nombre":"APLIQUE MARIPOSA ESTAMPADA CALADA 3D PARA TORTAS ADHESIVA 12 x12u","categoria":"Adornos Y Complementos Para Torta","subcategoria":"Adornos, Pinches Y Apliques Toda Ocasion","precio":16200.04,"destacado":false,"descripcion":"","imagen":"assets/products/CA-000000055983.webp","tags":["aplique","mariposa","estampada","calada","para","tortas","adhesiva","x12u"]},{"id":"CA-803410700667","nombre":"APLIQUE MARIPOSA GRANDE HOLOGRAFICA VARIOS COLORES (12x6) YJO794","categoria":"Adornos Y Complementos Para Torta","subcategoria":"Adornos, Pinches Y Apliques Toda Ocasion","precio":13122.0,"destacado":false,"descripcion":"","imagen":"assets/products/CA-803410700667.webp","tags":["aplique","mariposa","grande","holografica","varios","colores","12x6","yjo794"]},{"id":"CA-698202202281","nombre":"APLIQUE MARIPOSA METALIZADA (12x12unidades) x1 YJ0751","categoria":"Adornos Y Complementos Para Torta","subcategoria":"Adornos, Pinches Y Apliques Toda Ocasion","precio":5443.2,"destacado":false,"descripcion":"","imagen":"assets/products/CA-698202202281.webp","tags":["aplique","mariposa","metalizada","12x12unidades","yj0751"]},{"id":"CA-803410700665","nombre":"APLIQUE MARIPOSAS METALIZADAS COLORES SURTIDOS 12x12 YJ0792","categoria":"Adornos Y Complementos Para Torta","subcategoria":"Adornos, Pinches Y Apliques Toda Ocasion","precio":5248.8,"destacado":false,"descripcion":"","imagen":"assets/products/CA-803410700665.webp","tags":["aplique","mariposas","metalizadas","colores","surtidos","12x12","yj0792"]},{"id":"CA-000000058272","nombre":"APLIQUE PARA TORTA 3D MI BAUTISMO DORADO x3u.CH","categoria":"Adornos Y Complementos Para Torta","subcategoria":"Bautismo /1° Añito/Baby Shower/Revelacion","precio":2800.0,"destacado":false,"descripcion":"","imagen":"assets/products/CA-000000058272.webp","tags":["aplique","para","torta","bautismo","dorado","x3u"]},{"id":"CA-000000058268","nombre":"APLIQUE PARA TORTA 3D NUESTRA BODA DORADO x3u.CH","categoria":"Adornos Y Complementos Para Torta","subcategoria":"Boda/ 15 Años/ 18 Años/ Aniversario","precio":2800.0,"destacado":false,"descripcion":"","imagen":"assets/products/CA-000000058268.webp","tags":["aplique","para","torta","nuestra","boda","dorado","x3u"]},{"id":"CA-000000058270","nombre":"APLIQUE PARA TORTA 3D NUESTRA BODA PLATEADO x3u.CH","categoria":"Adornos Y Complementos Para Torta","subcategoria":"Boda/ 15 Años/ 18 Años/ Aniversario","precio":2800.0,"destacado":false,"descripcion":"","imagen":"assets/products/CA-000000058270.webp","tags":["aplique","para","torta","nuestra","boda","plateado","x3u"]},{"id":"CA-000000055138","nombre":"APLIQUE PASTILLAJE PARA HUEVO ZANAHORIA CHICA x25 UNIDADES","categoria":"Adornos Y Complementos Para Torta","subcategoria":"Complementos De Azucar / Glace / Pastillaje","precio":1750.0,"destacado":false,"descripcion":"","imagen":"assets/products/CA-000000055138.webp","tags":["aplique","pastillaje","para","huevo","zanahoria","chica","x25","unidades"]},{"id":"CA-000000017807","nombre":"BOUQUET ROSAS PORCELANA FRIA AMARILLOx1 u.(PATRICIA)","categoria":"Adornos Y Complementos Para Torta","subcategoria":"Adornos Y Apliques De Porcelana Fria","precio":1960.0,"destacado":false,"descripcion":"","imagen":"assets/products/CA-000000017807.webp","tags":["bouquet","rosas","porcelana","fria","amarillox1","patricia"]},{"id":"CA-000000017813","nombre":"BOUQUET ROSAS PORCELANA FRIA AZULx1 u.(PATRICIA)","categoria":"Adornos Y Complementos Para Torta","subcategoria":"Adornos Y Apliques De Porcelana Fria","precio":1960.0,"destacado":false,"descripcion":"","imagen":"assets/products/CA-000000017813.webp","tags":["bouquet","rosas","porcelana","fria","azulx1","patricia"]},{"id":"CA-000000017803","nombre":"BOUQUET ROSAS PORCELANA FRIA BLANCO x1 u. (PATRICIA)","categoria":"Adornos Y Complementos Para Torta","subcategoria":"Adornos Y Apliques De Porcelana Fria","precio":1960.0,"destacado":false,"descripcion":"","imagen":"assets/products/CA-000000017803.webp","tags":["bouquet","rosas","porcelana","fria","blanco","patricia"]},{"id":"CA-000000017809","nombre":"BOUQUET ROSAS PORCELANA FRIA LILA x1 u.(PATRICIA)","categoria":"Adornos Y Complementos Para Torta","subcategoria":"Adornos Y Apliques De Porcelana Fria","precio":1960.0,"destacado":false,"descripcion":"","imagen":"assets/products/CA-000000017809.webp","tags":["bouquet","rosas","porcelana","fria","lila","patricia"]},{"id":"CA-000000017818","nombre":"BOUQUET ROSAS PORCELANA FRIA MAGENTA x1 u.(PATRICIA)","categoria":"Adornos Y Complementos Para Torta","subcategoria":"Adornos Y Apliques De Porcelana Fria","precio":1960.0,"destacado":false,"descripcion":"","imagen":"assets/products/CA-000000017818.webp","tags":["bouquet","rosas","porcelana","fria","magenta","patricia"]},{"id":"CA-000000017808","nombre":"BOUQUET ROSAS PORCELANA FRIA ROJO x1 u. (PATRICIA)","categoria":"Adornos Y Complementos Para Torta","subcategoria":"Adornos Y Apliques De Porcelana Fria","precio":1960.0,"destacado":false,"descripcion":"","imagen":"assets/products/CA-000000017808.webp","tags":["bouquet","rosas","porcelana","fria","rojo","patricia"]},{"id":"CA-000000017805","nombre":"BOUQUET ROSAS PORCELANA FRIA ROSA x1 u. (PATRICIA)","categoria":"Adornos Y Complementos Para Torta","subcategoria":"Adornos Y Apliques De Porcelana Fria","precio":1960.0,"destacado":false,"descripcion":"","imagen":"assets/products/CA-000000017805.webp","tags":["bouquet","rosas","porcelana","fria","rosa","patricia"]},{"id":"CA-000000032137","nombre":"COPA DEL MUNDO METALIZADA CON BASE (22 cm) x1","categoria":"Adornos Y Complementos Para Torta","subcategoria":"Adornos Y Pinches Futboleros","precio":4704.04,"destacado":false,"descripcion":"","imagen":"assets/products/CA-000000032137.webp","tags":["copa","del","mundo","metalizada","con","base"]},{"id":"CA-000029932209","nombre":"COPITOS MULTICOLOR N°9 GRANEL x250 322","categoria":"Adornos Y Complementos Para Torta","subcategoria":"Flores De Azucar","precio":8821.12,"destacado":false,"descripcion":"","imagen":"assets/products/CA-000029932209.webp","tags":["copitos","multicolor","granel","x250","322"]},{"id":"CA-000000042711","nombre":"COPO DE NIEVE DE PASTILLAJE X 20 UNIDADES","categoria":"Adornos Y Complementos Para Torta","subcategoria":"Complementos De Azucar / Glace / Pastillaje","precio":2279.2,"destacado":false,"descripcion":"","imagen":"assets/products/CA-000000042711.webp","tags":["copo","nieve","pastillaje","unidades"]},{"id":"CA-000000035169","nombre":"CORAZON DE PASTILLAJE GRANDE ROSA-FUCSIA-LILA-BLANCO-ROJO x20u. GABRIELA","categoria":"Adornos Y Complementos Para Torta","subcategoria":"Complementos De Azucar / Glace / Pastillaje","precio":2590.0,"destacado":false,"descripcion":"","imagen":"assets/products/CA-000000035169.webp","tags":["corazon","pastillaje","grande","rosa","fucsia","lila","blanco","rojo","x20u","gabriela"]},{"id":"CA-000000055137","nombre":"CORAZONCITO DE PASTILLAJE ROJO RAYADO X 25 UNIDADES","categoria":"Adornos Y Complementos Para Torta","subcategoria":"Complementos De Azucar / Glace / Pastillaje","precio":1750.0,"destacado":false,"descripcion":"","imagen":"assets/products/CA-000000055137.webp","tags":["corazoncito","pastillaje","rojo","rayado","unidades"]},{"id":"CA-000000040866","nombre":"CORAZONCITO DE PASTILLAJE ROJO X 25 UNIDADES","categoria":"Adornos Y Complementos Para Torta","subcategoria":"Complementos De Azucar / Glace / Pastillaje","precio":1750.0,"destacado":false,"descripcion":"","imagen":"assets/products/CA-000000040866.webp","tags":["corazoncito","pastillaje","rojo","unidades"]},{"id":"CA-000000055281","nombre":"ESTRELLA PASTILLAJE GRANDE AMARILLA x15u.","categoria":"Adornos Y Complementos Para Torta","subcategoria":"Complementos De Azucar / Glace / Pastillaje","precio":2590.0,"destacado":false,"descripcion":"","imagen":"assets/products/CA-000000055281.webp","tags":["estrella","pastillaje","grande","amarilla","x15u"]},{"id":"CA-000000055282","nombre":"ESTRELLA PASTILLAJE GRANDE AZULx15u.","categoria":"Adornos Y Complementos Para Torta","subcategoria":"Complementos De Azucar / Glace / Pastillaje","precio":2590.0,"destacado":false,"descripcion":"","imagen":"assets/products/CA-000000055282.webp","tags":["estrella","pastillaje","grande","azulx15u"]},{"id":"CA-000000055283","nombre":"ESTRELLA PASTILLAJE GRANDE BLANCAx15u.","categoria":"Adornos Y Complementos Para Torta","subcategoria":"Complementos De Azucar / Glace / Pastillaje","precio":2590.0,"destacado":false,"descripcion":"","imagen":"assets/products/CA-000000055283.webp","tags":["estrella","pastillaje","grande","blancax15u"]},{"id":"CA-000000055284","nombre":"ESTRELLA PASTILLAJE GRANDE CELESTE x15u.","categoria":"Adornos Y Complementos Para Torta","subcategoria":"Complementos De Azucar / Glace / Pastillaje","precio":2590.0,"destacado":false,"descripcion":"","imagen":"assets/products/CA-000000055284.webp","tags":["estrella","pastillaje","grande","celeste","x15u"]},{"id":"CA-000000055287","nombre":"ESTRELLA PASTILLAJE GRANDE COMBINADAS BOCA x15u.","categoria":"Adornos Y Complementos Para Torta","subcategoria":"Adornos Y Pinches Futboleros","precio":2590.0,"destacado":false,"descripcion":"","imagen":"assets/products/CA-000000055287.webp","tags":["estrella","pastillaje","grande","combinadas","boca","x15u"]},{"id":"CA-000000055288","nombre":"ESTRELLA PASTILLAJE GRANDE COMBINADAS RIVER x15u.","categoria":"Adornos Y Complementos Para Torta","subcategoria":"Adornos Y Pinches Futboleros","precio":2590.0,"destacado":false,"descripcion":"","imagen":"assets/products/CA-000000055288.webp","tags":["estrella","pastillaje","grande","combinadas","river","x15u"]},{"id":"CA-000000055285","nombre":"ESTRELLA PASTILLAJE GRANDE ROJO x15u.","categoria":"Adornos Y Complementos Para Torta","subcategoria":"Complementos De Azucar / Glace / Pastillaje","precio":2590.0,"destacado":false,"descripcion":"","imagen":"assets/products/CA-000000055285.webp","tags":["estrella","pastillaje","grande","rojo","x15u"]},{"id":"CA-000000055286","nombre":"ESTRELLA PASTILLAJE GRANDE ROSA x15u.","categoria":"Adornos Y Complementos Para Torta","subcategoria":"Complementos De Azucar / Glace / Pastillaje","precio":2590.0,"destacado":false,"descripcion":"","imagen":"assets/products/CA-000000055286.webp","tags":["estrella","pastillaje","grande","rosa","x15u"]},{"id":"CA-000000038272","nombre":"FLOR DE AZUCAR 3 PETALOS MATIZADA AMARILLO C/PERLA PLATEADA X 30 UNID.","categoria":"Adornos Y Complementos Para Torta","subcategoria":"Flores De Azucar","precio":1316.0,"destacado":false,"descripcion":"","imagen":"assets/products/CA-000000038272.webp","tags":["flor","azucar","petalos","matizada","amarillo","perla","plateada","unid"]},{"id":"CA-000000038270","nombre":"FLOR DE AZUCAR 3 PETALOS MATIZADA LILA C/PERLA PLATEADA X 30 UNID.","categoria":"Adornos Y Complementos Para Torta","subcategoria":"Flores De Azucar","precio":1316.0,"destacado":false,"descripcion":"","imagen":"assets/products/CA-000000038270.webp","tags":["flor","azucar","petalos","matizada","lila","perla","plateada","unid"]},{"id":"CA-000000038269","nombre":"FLOR DE AZUCAR 3 PETALOS MATIZADA ROSA C/PERLA PLATEADA X 30 UNID.","categoria":"Adornos Y Complementos Para Torta","subcategoria":"Flores De Azucar","precio":1316.0,"destacado":false,"descripcion":"","imagen":"assets/products/CA-000000038269.webp","tags":["flor","azucar","petalos","matizada","rosa","perla","plateada","unid"]},{"id":"CA-000000038268","nombre":"FLOR DE AZUCAR 3 PETALOS MATIZADA TURQUESA C/PERLA PLATEADA X 30 UNID.","categoria":"Adornos Y Complementos Para Torta","subcategoria":"Flores De Azucar","precio":1316.0,"destacado":false,"descripcion":"","imagen":"assets/products/CA-000000038268.webp","tags":["flor","azucar","petalos","matizada","turquesa","perla","plateada","unid"]},{"id":"CA-000000038256","nombre":"FLOR DE AZUCAR 5 PETALOS AMARILLA CON PERLA PLATEDA X 40 UNID.","categoria":"Adornos Y Complementos Para Torta","subcategoria":"Flores De Azucar","precio":1316.0,"destacado":false,"descripcion":"","imagen":"assets/products/CA-000000038256.webp","tags":["flor","azucar","petalos","amarilla","con","perla","plateda","unid"]},{"id":"CA-000000038255","nombre":"FLOR DE AZUCAR 5 PETALOS BLANCA CON PERLA PLATEADAX 40 UNID.","categoria":"Adornos Y Complementos Para Torta","subcategoria":"Flores De Azucar","precio":1316.0,"destacado":false,"descripcion":"","imagen":"assets/products/CA-000000038255.webp","tags":["flor","azucar","petalos","blanca","con","perla","plateadax","unid"]},{"id":"CA-000000038267","nombre":"FLOR DE AZUCAR 5 PETALOS FUCSIA CON PERLA PLATEADA X 40 UNID.","categoria":"Adornos Y Complementos Para Torta","subcategoria":"Flores De Azucar","precio":1316.0,"destacado":false,"descripcion":"","imagen":"assets/products/CA-000000038267.webp","tags":["flor","azucar","petalos","fucsia","con","perla","plateada","unid"]},{"id":"CA-000000038260","nombre":"FLOR DE AZUCAR 5 PETALOS LILA CON PERLA PLATEADA X 40 UNID.","categoria":"Adornos Y Complementos Para Torta","subcategoria":"Flores De Azucar","precio":1316.0,"destacado":false,"descripcion":"","imagen":"assets/products/CA-000000038260.webp","tags":["flor","azucar","petalos","lila","con","perla","plateada","unid"]},{"id":"CA-000000038259","nombre":"FLOR DE AZUCAR 5 PETALOS ROJO CON PERLA PLATEADA X 40 UNID.","categoria":"Adornos Y Complementos Para Torta","subcategoria":"Flores De Azucar","precio":1316.0,"destacado":false,"descripcion":"","imagen":"assets/products/CA-000000038259.webp","tags":["flor","azucar","petalos","rojo","con","perla","plateada","unid"]},{"id":"CA-000000038257","nombre":"FLOR DE AZUCAR 5 PETALOS ROSA CON PERLA PLATEADA X 40 UNID.","categoria":"Adornos Y Complementos Para Torta","subcategoria":"Flores De Azucar","precio":1316.0,"destacado":false,"descripcion":"","imagen":"assets/products/CA-000000038257.webp","tags":["flor","azucar","petalos","rosa","con","perla","plateada","unid"]},{"id":"CA-000000038262","nombre":"FLOR DE AZUCAR 5 PETALOS TURQUESA CON PERLA PLATEADA X 40 UNID.","categoria":"Adornos Y Complementos Para Torta","subcategoria":"Flores De Azucar","precio":1316.0,"destacado":false,"descripcion":"","imagen":"assets/products/CA-000000038262.webp","tags":["flor","azucar","petalos","turquesa","con","perla","plateada","unid"]},{"id":"CA-000000036448","nombre":"FLOR DE AZUCAR ALEGRE BLANCA x20u. GABRIELA","categoria":"Adornos Y Complementos Para Torta","subcategoria":"Flores De Azucar","precio":2604.0,"destacado":false,"descripcion":"","imagen":"assets/products/CA-000000036448.webp","tags":["flor","azucar","alegre","blanca","x20u","gabriela"]},{"id":"CA-000000036449","nombre":"FLOR DE AZUCAR ALEGRE CELESTE x20u. GABRIELA","categoria":"Adornos Y Complementos Para Torta","subcategoria":"Flores De Azucar","precio":2604.0,"destacado":false,"descripcion":"","imagen":"assets/products/CA-000000036449.webp","tags":["flor","azucar","alegre","celeste","x20u","gabriela"]},{"id":"CA-000000036446","nombre":"FLOR DE AZUCAR ALEGRE FUCSIA x20u. GABRIELA","categoria":"Adornos Y Complementos Para Torta","subcategoria":"Flores De Azucar","precio":2604.0,"destacado":false,"descripcion":"","imagen":"assets/products/CA-000000036446.webp","tags":["flor","azucar","alegre","fucsia","x20u","gabriela"]},{"id":"CA-000000036445","nombre":"FLOR DE AZUCAR ALEGRE LILA x20u. GABRIELA","categoria":"Adornos Y Complementos Para Torta","subcategoria":"Flores De Azucar","precio":2604.0,"destacado":false,"descripcion":"","imagen":"assets/products/CA-000000036445.webp","tags":["flor","azucar","alegre","lila","x20u","gabriela"]},{"id":"CA-000000036447","nombre":"FLOR DE AZUCAR ALEGRE ROJA x20u. GABRIELA","categoria":"Adornos Y Complementos Para Torta","subcategoria":"Flores De Azucar","precio":2604.0,"destacado":false,"descripcion":"","imagen":"assets/products/CA-000000036447.webp","tags":["flor","azucar","alegre","roja","x20u","gabriela"]},{"id":"CA-000000036444","nombre":"FLOR DE AZUCAR ALEGRE ROSA x20u. GABRIELA","categoria":"Adornos Y Complementos Para Torta","subcategoria":"Flores De Azucar","precio":2604.0,"destacado":false,"descripcion":"","imagen":"assets/products/CA-000000036444.webp","tags":["flor","azucar","alegre","rosa","x20u","gabriela"]}]}