{"category_slug":"adornos_y_complementos_para_torta","subcategory_slug":"","page":8,"page_size":48,"total":663,"items":[{"id":"CA-000000057576","nombre":"LAMINA COMESTIBLE REDONDA OSO CON GLOBO AEROSTATICO ROSA (FOTOTORTA) x1 LC","categoria":"Adornos Y Complementos Para Torta","subcategoria":"Fototortas","precio":1147.5,"destacado":false,"descripcion":"* (19/12/2025)","imagen":"assets/products/CA-000000057576.webp","tags":["lamina","comestible","redonda","oso","con","globo","aerostatico","rosa","fototorta"]},{"id":"CA-000000057577","nombre":"LAMINA COMESTIBLE REDONDA OSO MARRON CON GLOBOS TONOS NUDE (FOTOTORTA) x1 LC","categoria":"Adornos Y Complementos Para Torta","subcategoria":"Fototortas","precio":1147.5,"destacado":false,"descripcion":"* (19/12/2025)","imagen":"assets/products/CA-000000057577.webp","tags":["lamina","comestible","redonda","oso","marron","con","globos","tonos","nude","fototorta"]},{"id":"CA-000000056164","nombre":"LAMINA COMESTIBLE REDONDA PAW PATROL (FOTOTORTA) x1 LC","categoria":"Adornos Y Complementos Para Torta","subcategoria":"Fototortas","precio":1147.5,"destacado":false,"descripcion":"* (19/12/2025)","imagen":"assets/products/CA-000000056164.webp","tags":["lamina","comestible","redonda","paw","patrol","fototorta"]},{"id":"CA-000000056157","nombre":"LAMINA COMESTIBLE REDONDA RIVER (FOTOTORTA) x1 LC","categoria":"Adornos Y Complementos Para Torta","subcategoria":"Fototortas","precio":1147.5,"destacado":false,"descripcion":"* (19/12/2025)","imagen":"assets/products/CA-000000056157.webp","tags":["lamina","comestible","redonda","river","fototorta"]},{"id":"CA-000000056158","nombre":"LAMINA COMESTIBLE REDONDA SONIC (FOTOTORTA) x1 LC","categoria":"Adornos Y Complementos Para Torta","subcategoria":"Fototortas","precio":1147.5,"destacado":false,"descripcion":"* (19/12/2025)","imagen":"assets/products/CA-000000056158.webp","tags":["lamina","comestible","redonda","sonic","fototorta"]},{"id":"CA-000000056159","nombre":"LAMINA COMESTIBLE REDONDA STITCH (FOTOTORTA) x1 LC","categoria":"Adornos Y Complementos Para Torta","subcategoria":"Fototortas","precio":1147.5,"destacado":false,"descripcion":"* (19/12/2025)","imagen":"assets/products/CA-000000056159.webp","tags":["lamina","comestible","redonda","stitch","fototorta"]},{"id":"CA-202560020956","nombre":"PINCHE 15 AÑOS PLATA x12 FP0956-02","categoria":"Adornos Y Complementos Para Torta","subcategoria":"Adornos Y Pinches De Cumpleaños Personajes","precio":7620.48,"destacado":false,"descripcion":"","imagen":"assets/products/CA-202560020956.webp","tags":["pinche","años","plata","x12","fp0956"]},{"id":"CA-202560000956","nombre":"PINCHE 15 AÑOS ROSA GOLD x12 FP0956-01","categoria":"Adornos Y Complementos Para Torta","subcategoria":"Adornos Y Pinches De Cumpleaños Personajes","precio":7620.48,"destacado":false,"descripcion":"","imagen":"assets/products/CA-202560000956.webp","tags":["pinche","años","rosa","gold","x12","fp0956"]},{"id":"CA-000000050410","nombre":"PINCHE 3D GORRO CON DIPLOMA Y ESTRELLAS EGRESADOS x1u.UPALALA","categoria":"Adornos Y Complementos Para Torta","subcategoria":"Adornos, Pinches Y Apliques Toda Ocasion","precio":1792.0,"destacado":false,"descripcion":"","imagen":"assets/products/CA-000000050410.webp","tags":["pinche","gorro","con","diploma","estrellas","egresados","x1u","upalala"]},{"id":"CA-000000045526","nombre":"PINCHE ADORNO BANDERIN FELICIDADES x3 u.EL COTI 10003","categoria":"Adornos Y Complementos Para Torta","subcategoria":"Adornos, Pinches Y Apliques Toda Ocasion","precio":5852.0,"destacado":false,"descripcion":"","imagen":"assets/products/CA-000000045526.webp","tags":["pinche","adorno","banderin","felicidades","coti","10003"]},{"id":"CA-000000045525","nombre":"PINCHE ADORNO BANDERIN FELIZ CUMPLE COLORES VARIOS x3 u.EL COTI 10004","categoria":"Adornos Y Complementos Para Torta","subcategoria":"Adornos, Pinches Y Apliques Toda Ocasion","precio":5852.0,"destacado":false,"descripcion":"","imagen":"assets/products/CA-000000045525.webp","tags":["pinche","adorno","banderin","feliz","cumple","colores","varios","coti","10004"]},{"id":"CA-000000052569","nombre":"PINCHE ADORNO BANDERIN FELIZ CUMPLE NEGRO-GRIS-KRAFT x3u.EL COTI 10004","categoria":"Adornos Y Complementos Para Torta","subcategoria":"Adornos, Pinches Y Apliques Toda Ocasion","precio":5852.0,"destacado":false,"descripcion":"","imagen":"assets/products/CA-000000052569.webp","tags":["pinche","adorno","banderin","feliz","cumple","negro","gris","kraft","x3u","coti","10004"]},{"id":"CA-000000052572","nombre":"PINCHE ADORNO BANDERIN FLORES MARGARITAS BLANCA-ROSA-LILA x3 u.EL COTI 10043","categoria":"Adornos Y Complementos Para Torta","subcategoria":"Adornos, Pinches Y Apliques Toda Ocasion","precio":3332.0,"destacado":false,"descripcion":"","imagen":"assets/products/CA-000000052572.webp","tags":["pinche","adorno","banderin","flores","margaritas","blanca","rosa","lila","coti","10043"]},{"id":"CA-000000056719","nombre":"PINCHE ADORNO CAKE TOPPER MI BAUTISMO ANGEL CELESTE x1u.UPALALA","categoria":"Adornos Y Complementos Para Torta","subcategoria":"Bautismo /1° Añito/Baby Shower/Revelacion","precio":2499.0,"destacado":false,"descripcion":"","imagen":"assets/products/CA-000000056719.webp","tags":["pinche","adorno","cake","topper","bautismo","angel","celeste","x1u","upalala"]},{"id":"CA-000000056718","nombre":"PINCHE ADORNO CAKE TOPPER MI BAUTISMO ANGEL ROSA x1u.UPALALA","categoria":"Adornos Y Complementos Para Torta","subcategoria":"Bautismo /1° Añito/Baby Shower/Revelacion","precio":2499.0,"destacado":false,"descripcion":"","imagen":"assets/products/CA-000000056718.webp","tags":["pinche","adorno","cake","topper","bautismo","angel","rosa","x1u","upalala"]},{"id":"CA-000000056720","nombre":"PINCHE ADORNO CAKE TOPPER MI PRIMER AÑITO CELESTE VARIOS MODELOS x1u.UPALALA","categoria":"Adornos Y Complementos Para Torta","subcategoria":"Bautismo /1° Añito/Baby Shower/Revelacion","precio":2499.0,"destacado":false,"descripcion":"","imagen":"assets/products/CA-000000056720.webp","tags":["pinche","adorno","cake","topper","primer","añito","celeste","varios","modelos","x1u","upalala"]},{"id":"CA-000000056721","nombre":"PINCHE ADORNO CAKE TOPPER MI PRIMER AÑITO ROSA VARIOS MODELOS x1u.UPALALA","categoria":"Adornos Y Complementos Para Torta","subcategoria":"Bautismo /1° Añito/Baby Shower/Revelacion","precio":2499.0,"destacado":false,"descripcion":"","imagen":"assets/products/CA-000000056721.webp","tags":["pinche","adorno","cake","topper","primer","añito","rosa","varios","modelos","x1u","upalala"]},{"id":"CA-000000054001","nombre":"PINCHE ADORNO CIRCULO FELIZ CUMPLEAÑOS ROSA /CELESTE x1 YW17001","categoria":"Adornos Y Complementos Para Torta","subcategoria":"Adornos, Pinches Y Apliques Toda Ocasion","precio":1697.11,"destacado":false,"descripcion":"","imagen":"assets/products/CA-000000054001.webp","tags":["pinche","adorno","circulo","feliz","cumpleaños","rosa","celeste","yw17001"]},{"id":"CA-541497890416","nombre":"PINCHE ADORNO CORAZON BLANCO CON LUZ MULTICOLOR x1 PA0416","categoria":"Adornos Y Complementos Para Torta","subcategoria":"Adornos, Pinches Y Apliques Toda Ocasion","precio":1500.0,"destacado":false,"descripcion":"","imagen":"assets/products/CA-541497890416.webp","tags":["pinche","adorno","corazon","blanco","con","luz","multicolor","pa0416"]},{"id":"CA-541497890414","nombre":"PINCHE ADORNO CORAZON CON ESTRELLAS TORNASOL  x1 PA0414","categoria":"Adornos Y Complementos Para Torta","subcategoria":"Adornos, Pinches Y Apliques Toda Ocasion","precio":1500.0,"destacado":false,"descripcion":"","imagen":"assets/products/CA-541497890414.webp","tags":["pinche","adorno","corazon","con","estrellas","tornasol","pa0414"]},{"id":"CA-680202400110","nombre":"PINCHE ADORNO CORAZON POMPON CELESTE/ROSA x1 YW19-287B","categoria":"Adornos Y Complementos Para Torta","subcategoria":"Adornos, Pinches Y Apliques Toda Ocasion","precio":992.02,"destacado":false,"descripcion":"","imagen":"assets/products/CA-680202400110.webp","tags":["pinche","adorno","corazon","pompon","celeste","rosa","yw19","287b"]},{"id":"CA-541497890415","nombre":"PINCHE ADORNO ESTRELLA  CON ESTRELLAS TORNASOL  x1 PA0415","categoria":"Adornos Y Complementos Para Torta","subcategoria":"Adornos, Pinches Y Apliques Toda Ocasion","precio":1500.0,"destacado":false,"descripcion":"","imagen":"assets/products/CA-541497890415.webp","tags":["pinche","adorno","estrella","con","estrellas","tornasol","pa0415"]},{"id":"CA-541497890417","nombre":"PINCHE ADORNO ESTRELLA BLANCA CON LUZ MULTICOLOR x1 PA0417","categoria":"Adornos Y Complementos Para Torta","subcategoria":"Adornos, Pinches Y Apliques Toda Ocasion","precio":1500.0,"destacado":false,"descripcion":"","imagen":"assets/products/CA-541497890417.webp","tags":["pinche","adorno","estrella","blanca","con","luz","multicolor","pa0417"]},{"id":"CA-541497890411","nombre":"PINCHE ADORNO ESTRELLA COLOR CON LUZ  x1 PA0411","categoria":"Adornos Y Complementos Para Torta","subcategoria":"Adornos, Pinches Y Apliques Toda Ocasion","precio":1500.0,"destacado":false,"descripcion":"","imagen":"assets/products/CA-541497890411.webp","tags":["pinche","adorno","estrella","color","con","luz","pa0411"]},{"id":"CA-541497890378","nombre":"PINCHE ADORNO FELICIDADES GRADUADO  x1 PA0378","categoria":"Adornos Y Complementos Para Torta","subcategoria":"Adornos, Pinches Y Apliques Toda Ocasion","precio":1086.81,"destacado":false,"descripcion":"","imagen":"assets/products/CA-541497890378.webp","tags":["pinche","adorno","felicidades","graduado","pa0378"]},{"id":"CA-000000053536","nombre":"PINCHE ADORNO FELIZ CUMPLE 3D ESCUDO BOCA CON LUZ CALUMI x1u.","categoria":"Adornos Y Complementos Para Torta","subcategoria":"Adornos Y Pinches Futboleros","precio":1890.0,"destacado":false,"descripcion":"","imagen":"assets/products/CA-000000053536.webp","tags":["pinche","adorno","feliz","cumple","escudo","boca","con","luz","calumi","x1u"]},{"id":"CA-000000053535","nombre":"PINCHE ADORNO FELIZ CUMPLE 3D ESCUDO RIVER CON LUZ CALUMI x1u.","categoria":"Adornos Y Complementos Para Torta","subcategoria":"Adornos Y Pinches Futboleros","precio":1890.0,"destacado":false,"descripcion":"","imagen":"assets/products/CA-000000053535.webp","tags":["pinche","adorno","feliz","cumple","escudo","river","con","luz","calumi","x1u"]},{"id":"CA-000000053539","nombre":"PINCHE ADORNO FELIZ CUMPLE 3D KUROMI Y MELODY CON LUZ CALUMI x1u.","categoria":"Adornos Y Complementos Para Torta","subcategoria":"Adornos Y Pinches De Cumpleaños Personajes","precio":1960.0,"destacado":false,"descripcion":"","imagen":"assets/products/CA-000000053539.webp","tags":["pinche","adorno","feliz","cumple","kuromi","melody","con","luz","calumi","x1u"]},{"id":"CA-609819417378","nombre":"PINCHE ADORNO FELIZ CUMPLEAÑOS CELESTE PARTY TIME  x1 73789","categoria":"Adornos Y Complementos Para Torta","subcategoria":"Adornos, Pinches Y Apliques Toda Ocasion","precio":873.1,"destacado":false,"descripcion":"","imagen":"assets/products/CA-609819417378.webp","tags":["pinche","adorno","feliz","cumpleaños","celeste","party","time","73789"]},{"id":"CA-609819417376","nombre":"PINCHE ADORNO FELIZ CUMPLEAÑOS DORADO PARTY TIME  x1 73765","categoria":"Adornos Y Complementos Para Torta","subcategoria":"Adornos, Pinches Y Apliques Toda Ocasion","precio":873.1,"destacado":false,"descripcion":"","imagen":"assets/products/CA-609819417376.webp","tags":["pinche","adorno","feliz","cumpleaños","dorado","party","time","73765"]},{"id":"CA-000000055734","nombre":"PINCHE ADORNO FELIZ CUMPLEAÑOS ECONOMICO x12 ILC182","categoria":"Adornos Y Complementos Para Torta","subcategoria":"Adornos, Pinches Y Apliques Toda Ocasion","precio":3217.79,"destacado":false,"descripcion":"","imagen":"assets/products/CA-000000055734.webp","tags":["pinche","adorno","feliz","cumpleaños","economico","x12","ilc182"]},{"id":"CA-692135874112","nombre":"PINCHE ADORNO FELIZ CUMPLEAÑOS ESTRELLAS BRILLO DORADO/PLATEADO x1 L2","categoria":"Adornos Y Complementos Para Torta","subcategoria":"Adornos, Pinches Y Apliques Toda Ocasion","precio":1778.74,"destacado":false,"descripcion":"","imagen":"assets/products/CA-692135874112.webp","tags":["pinche","adorno","feliz","cumpleaños","estrellas","brillo","dorado","plateado"]},{"id":"CA-202304200004","nombre":"PINCHE ADORNO FELIZ CUMPLEAÑOS MARIPOSAS CON ARCO COLOR x10 Y340-0004","categoria":"Adornos Y Complementos Para Torta","subcategoria":"Adornos, Pinches Y Apliques Toda Ocasion","precio":6699.26,"destacado":false,"descripcion":"","imagen":"assets/products/CA-202304200004.webp","tags":["pinche","adorno","feliz","cumpleaños","mariposas","con","arco","color","x10","y340","0004"]},{"id":"CA-000000056809","nombre":"PINCHE ADORNO FELIZ CUMPLEAÑOS MARIPOSAS TORNASOL/BRILLO x1 Y340-10023","categoria":"Adornos Y Complementos Para Torta","subcategoria":"Adornos, Pinches Y Apliques Toda Ocasion","precio":913.54,"destacado":false,"descripcion":"","imagen":"assets/products/CA-000000056809.webp","tags":["pinche","adorno","feliz","cumpleaños","mariposas","tornasol","brillo","y340","10023"]},{"id":"CA-609819417375","nombre":"PINCHE ADORNO FELIZ CUMPLEAÑOS PLATA PARTY TIME  x1 73758","categoria":"Adornos Y Complementos Para Torta","subcategoria":"Adornos, Pinches Y Apliques Toda Ocasion","precio":873.1,"destacado":false,"descripcion":"","imagen":"assets/products/CA-609819417375.webp","tags":["pinche","adorno","feliz","cumpleaños","plata","party","time","73758"]},{"id":"CA-609819417379","nombre":"PINCHE ADORNO FELIZ CUMPLEAÑOS ROJO PARTY TIME  x1 73796","categoria":"Adornos Y Complementos Para Torta","subcategoria":"Adornos, Pinches Y Apliques Toda Ocasion","precio":873.1,"destacado":false,"descripcion":"","imagen":"assets/products/CA-609819417379.webp","tags":["pinche","adorno","feliz","cumpleaños","rojo","party","time","73796"]},{"id":"CA-609819417373","nombre":"PINCHE ADORNO FELIZ CUMPLEAÑOS ROSA GOLD PARTY TIME  x1 73734","categoria":"Adornos Y Complementos Para Torta","subcategoria":"Adornos, Pinches Y Apliques Toda Ocasion","precio":873.1,"destacado":false,"descripcion":"","imagen":"assets/products/CA-609819417373.webp","tags":["pinche","adorno","feliz","cumpleaños","rosa","gold","party","time","73734"]},{"id":"CA-609819417377","nombre":"PINCHE ADORNO FELIZ CUMPLEAÑOS ROSA PARTY TIME  x1 73772","categoria":"Adornos Y Complementos Para Torta","subcategoria":"Adornos, Pinches Y Apliques Toda Ocasion","precio":873.1,"destacado":false,"descripcion":"","imagen":"assets/products/CA-609819417377.webp","tags":["pinche","adorno","feliz","cumpleaños","rosa","party","time","73772"]},{"id":"CA-695478124607","nombre":"PINCHE ADORNO FELIZ CUMPLEAÑOS TORNASOL MARIPOSAS CON MOÑO x10 GY-607","categoria":"Adornos Y Complementos Para Torta","subcategoria":"Adornos, Pinches Y Apliques Toda Ocasion","precio":10334.35,"destacado":false,"descripcion":"","imagen":"assets/products/CA-695478124607.webp","tags":["pinche","adorno","feliz","cumpleaños","tornasol","mariposas","con","moño","x10","607"]},{"id":"CA-000000056578","nombre":"PINCHE ADORNO FELIZ CUMPLEAÑOS VARIOS MODELOS x20 219-01/1306","categoria":"Adornos Y Complementos Para Torta","subcategoria":"Adornos, Pinches Y Apliques Toda Ocasion","precio":8307.7,"destacado":false,"descripcion":"","imagen":"assets/products/CA-000000056578.webp","tags":["pinche","adorno","feliz","cumpleaños","varios","modelos","x20","219","1306"]},{"id":"CA-690241211289","nombre":"PINCHE ADORNO FELIZ CUMPLEAÑOS VARIOS MODELOS x20 GY-1289","categoria":"Adornos Y Complementos Para Torta","subcategoria":"Adornos, Pinches Y Apliques Toda Ocasion","precio":8075.16,"destacado":false,"descripcion":"","imagen":"assets/products/CA-690241211289.webp","tags":["pinche","adorno","feliz","cumpleaños","varios","modelos","x20","1289"]},{"id":"CA-000000056888","nombre":"PINCHE ADORNO JUGADORA BOCA CON ESCUDO x3u. ETIQUETADOS","categoria":"Adornos Y Complementos Para Torta","subcategoria":"Adornos Y Pinches Futboleros","precio":2133.42,"destacado":false,"descripcion":"","imagen":"assets/products/CA-000000056888.webp","tags":["pinche","adorno","jugadora","boca","con","escudo","x3u","etiquetados"]},{"id":"CA-000000056890","nombre":"PINCHE ADORNO JUGADORA RIVER CON ESCUDO x3u. ETIQUETADOS","categoria":"Adornos Y Complementos Para Torta","subcategoria":"Adornos Y Pinches Futboleros","precio":2133.42,"destacado":false,"descripcion":"","imagen":"assets/products/CA-000000056890.webp","tags":["pinche","adorno","jugadora","river","con","escudo","x3u","etiquetados"]},{"id":"CA-000000053054","nombre":"PINCHE ADORNO JUGADORES BOCA CON ESCUDO x6u. ETIQUETADOS","categoria":"Adornos Y Complementos Para Torta","subcategoria":"Adornos Y Pinches Futboleros","precio":2305.2,"destacado":false,"descripcion":"","imagen":"assets/products/CA-000000053054.webp","tags":["pinche","adorno","jugadores","boca","con","escudo","x6u","etiquetados"]},{"id":"CA-000000053056","nombre":"PINCHE ADORNO JUGADORES INDE PENDIENTE CON ESCUDO x6u. ETIQUETADOS","categoria":"Adornos Y Complementos Para Torta","subcategoria":"Adornos Y Pinches Futboleros","precio":2305.2,"destacado":false,"descripcion":"","imagen":"assets/products/CA-000000053056.webp","tags":["pinche","adorno","jugadores","inde","pendiente","con","escudo","x6u","etiquetados"]},{"id":"CA-000000053053","nombre":"PINCHE ADORNO JUGADORES RIVER CON ESCUDO x6u. ETIQUETADOS","categoria":"Adornos Y Complementos Para Torta","subcategoria":"Adornos Y Pinches Futboleros","precio":2305.2,"destacado":false,"descripcion":"","imagen":"assets/products/CA-000000053053.webp","tags":["pinche","adorno","jugadores","river","con","escudo","x6u","etiquetados"]},{"id":"CA-000000049016","nombre":"PINCHE ADORNO JUGADORES SILUETA DIABLOSx7 u. CALUMI","categoria":"Adornos Y Complementos Para Torta","subcategoria":"Adornos Y Pinches Futboleros","precio":1204.0,"destacado":false,"descripcion":"","imagen":"assets/products/CA-000000049016.webp","tags":["pinche","adorno","jugadores","silueta","diablosx7","calumi"]},{"id":"CA-779815300734","nombre":"PINCHE ADORNO LABUBU x12u.DIVERCOTY","categoria":"Adornos Y Complementos Para Torta","subcategoria":"Adornos Y Pinches De Cumpleaños Personajes","precio":1292.54,"destacado":false,"descripcion":"","imagen":"assets/products/CA-779815300734.webp","tags":["pinche","adorno","labubu","x12u","divercoty"]}]}