{"category_slug":"adornos_y_complementos_para_torta","subcategory_slug":"","page":3,"page_size":48,"total":663,"items":[{"id":"CA-000000040120","nombre":"ADORNO TORTA BASE GIBREADA DINOSAURIOS JURASSIC WORLD x1u.UPALALA","categoria":"Adornos Y Complementos Para Torta","subcategoria":"Adornos Y Pinches De Cumpleaños Personajes","precio":800.0,"destacado":false,"descripcion":"* (05/12/2025)","imagen":"assets/products/CA-000000040120.webp","tags":["adorno","torta","base","gibreada","dinosaurios","jurassic","world","x1u","upalala"]},{"id":"CA-000000032768","nombre":"ADORNO TORTA BASE GIBREADA DRAGON BALL x1u.UPALALA","categoria":"Adornos Y Complementos Para Torta","subcategoria":"Adornos Y Pinches De Cumpleaños Personajes","precio":800.0,"destacado":false,"descripcion":"* (05/12/2025)","imagen":"assets/products/CA-000000032768.webp","tags":["adorno","torta","base","gibreada","dragon","ball","x1u","upalala"]},{"id":"CA-000000035363","nombre":"ADORNO TORTA BASE GIBREADA FERNET  x1u.UPALALA","categoria":"Adornos Y Complementos Para Torta","subcategoria":"Adornos, Pinches Y Apliques Toda Ocasion","precio":800.0,"destacado":false,"descripcion":"* (05/12/2025)","imagen":"assets/products/CA-000000035363.webp","tags":["adorno","torta","base","gibreada","fernet","x1u","upalala"]},{"id":"CA-000000031697","nombre":"ADORNO TORTA BASE GIBREADA FROZEN x1u.UPALALA","categoria":"Adornos Y Complementos Para Torta","subcategoria":"Adornos Y Pinches De Cumpleaños Personajes","precio":800.0,"destacado":false,"descripcion":"* (05/12/2025)","imagen":"assets/products/CA-000000031697.webp","tags":["adorno","torta","base","gibreada","frozen","x1u","upalala"]},{"id":"CA-000000037048","nombre":"ADORNO TORTA BASE GIBREADA FUTBOL x1u.UPALALA","categoria":"Adornos Y Complementos Para Torta","subcategoria":"Adornos Y Pinches Futboleros","precio":800.0,"destacado":false,"descripcion":"* (05/12/2025)","imagen":"assets/products/CA-000000037048.webp","tags":["adorno","torta","base","gibreada","futbol","x1u","upalala"]},{"id":"CA-000000058306","nombre":"ADORNO TORTA BASE GIBREADA GUERRERAS K-POP x1u.UPALALA","categoria":"Adornos Y Complementos Para Torta","subcategoria":"Adornos Y Pinches De Cumpleaños Personajes","precio":1059.8,"destacado":false,"descripcion":"","imagen":"assets/products/CA-000000058306.webp","tags":["adorno","torta","base","gibreada","guerreras","pop","x1u","upalala"]},{"id":"CA-000000032756","nombre":"ADORNO TORTA BASE GIBREADA HOMBRE ARAÑA x1u.UPALALA","categoria":"Adornos Y Complementos Para Torta","subcategoria":"Adornos Y Pinches De Cumpleaños Personajes","precio":1059.8,"destacado":false,"descripcion":"","imagen":"assets/products/CA-000000032756.webp","tags":["adorno","torta","base","gibreada","hombre","araña","x1u","upalala"]},{"id":"CA-000000052415","nombre":"ADORNO TORTA BASE GIBREADA INTENSAMENTE 2 x1u.UPALALA","categoria":"Adornos Y Complementos Para Torta","subcategoria":"Adornos Y Pinches De Cumpleaños Personajes","precio":800.0,"destacado":false,"descripcion":"","imagen":"assets/products/CA-000000052415.webp","tags":["adorno","torta","base","gibreada","intensamente","x1u","upalala"]},{"id":"CA-000000049817","nombre":"ADORNO TORTA BASE GIBREADA KITTY x1u.UPALALA","categoria":"Adornos Y Complementos Para Torta","subcategoria":"Adornos Y Pinches De Cumpleaños Personajes","precio":800.0,"destacado":false,"descripcion":"","imagen":"assets/products/CA-000000049817.webp","tags":["adorno","torta","base","gibreada","kitty","x1u","upalala"]},{"id":"CA-000000039329","nombre":"ADORNO TORTA BASE GIBREADA LA GRANJA DE ZENON x1u.UPALALA","categoria":"Adornos Y Complementos Para Torta","subcategoria":"Adornos Y Pinches De Cumpleaños Personajes","precio":800.0,"destacado":false,"descripcion":"","imagen":"assets/products/CA-000000039329.webp","tags":["adorno","torta","base","gibreada","granja","zenon","x1u","upalala"]},{"id":"CA-000000056792","nombre":"ADORNO TORTA BASE GIBREADA LABUBU x1u.UPALALA","categoria":"Adornos Y Complementos Para Torta","subcategoria":"Adornos Y Pinches De Cumpleaños Personajes","precio":800.0,"destacado":false,"descripcion":"* (05/12/2025)","imagen":"assets/products/CA-000000056792.webp","tags":["adorno","torta","base","gibreada","labubu","x1u","upalala"]},{"id":"CA-000000054178","nombre":"ADORNO TORTA BASE GIBREADA MARGARITA x1u.UPALALA","categoria":"Adornos Y Complementos Para Torta","subcategoria":"Adornos Y Pinches De Cumpleaños Personajes","precio":800.0,"destacado":false,"descripcion":"","imagen":"assets/products/CA-000000054178.webp","tags":["adorno","torta","base","gibreada","margarita","x1u","upalala"]},{"id":"CA-000000049668","nombre":"ADORNO TORTA BASE GIBREADA MARIO BROS x1u.UPALALA","categoria":"Adornos Y Complementos Para Torta","subcategoria":"Adornos Y Pinches De Cumpleaños Personajes","precio":800.0,"destacado":false,"descripcion":"","imagen":"assets/products/CA-000000049668.webp","tags":["adorno","torta","base","gibreada","mario","bros","x1u","upalala"]},{"id":"CA-000000051053","nombre":"ADORNO TORTA BASE GIBREADA MASHA Y EL OSO x1u.UPALALA","categoria":"Adornos Y Complementos Para Torta","subcategoria":"Adornos Y Pinches De Cumpleaños Personajes","precio":800.0,"destacado":false,"descripcion":"","imagen":"assets/products/CA-000000051053.webp","tags":["adorno","torta","base","gibreada","masha","oso","x1u","upalala"]},{"id":"CA-000000049025","nombre":"ADORNO TORTA BASE GIBREADA MERLINA x1u.UPALALA","categoria":"Adornos Y Complementos Para Torta","subcategoria":"Adornos Y Pinches De Cumpleaños Personajes","precio":800.0,"destacado":false,"descripcion":"","imagen":"assets/products/CA-000000049025.webp","tags":["adorno","torta","base","gibreada","merlina","x1u","upalala"]},{"id":"CA-000000054842","nombre":"ADORNO TORTA BASE GIBREADA MOANA x1u.UPALALA","categoria":"Adornos Y Complementos Para Torta","subcategoria":"Adornos Y Pinches De Cumpleaños Personajes","precio":800.0,"destacado":false,"descripcion":"","imagen":"assets/products/CA-000000054842.webp","tags":["adorno","torta","base","gibreada","moana","x1u","upalala"]},{"id":"CA-000000057581","nombre":"ADORNO TORTA BASE GIBREADA OSOS ACUARELA TONOS CELESTE (MOD.SURT.) x1u.UPALALA","categoria":"Adornos Y Complementos Para Torta","subcategoria":"Bautismo /1° Añito/Baby Shower/Revelacion","precio":900.0,"destacado":false,"descripcion":"* (05/12/2025)","imagen":"assets/products/CA-000000057581.webp","tags":["adorno","torta","base","gibreada","osos","acuarela","tonos","celeste","mod","surt","x1u","upalala"]},{"id":"CA-000000057580","nombre":"ADORNO TORTA BASE GIBREADA OSOS ACUARELA TONOS ROSA (MOD.SURT.) x1u.UPALALA","categoria":"Adornos Y Complementos Para Torta","subcategoria":"Bautismo /1° Añito/Baby Shower/Revelacion","precio":900.0,"destacado":false,"descripcion":"* (05/12/2025)","imagen":"assets/products/CA-000000057580.webp","tags":["adorno","torta","base","gibreada","osos","acuarela","tonos","rosa","mod","surt","x1u","upalala"]},{"id":"CA-000000035271","nombre":"ADORNO TORTA BASE GIBREADA PAW PATROL x1u.UPALALA","categoria":"Adornos Y Complementos Para Torta","subcategoria":"Adornos Y Pinches De Cumpleaños Personajes","precio":1059.8,"destacado":false,"descripcion":"","imagen":"assets/products/CA-000000035271.webp","tags":["adorno","torta","base","gibreada","paw","patrol","x1u","upalala"]},{"id":"CA-000000032755","nombre":"ADORNO TORTA BASE GIBREADA PEPA LA CERDITA x1 UPALALA","categoria":"Adornos Y Complementos Para Torta","subcategoria":"Adornos Y Pinches De Cumpleaños Personajes","precio":800.0,"destacado":false,"descripcion":"","imagen":"assets/products/CA-000000032755.webp","tags":["adorno","torta","base","gibreada","pepa","cerdita","upalala"]},{"id":"CA-000000056362","nombre":"ADORNO TORTA BASE GIBREADA PLIM-PLIM x1 UPALALA","categoria":"Adornos Y Complementos Para Torta","subcategoria":"Adornos Y Pinches De Cumpleaños Personajes","precio":800.0,"destacado":false,"descripcion":"* (05/12/2025)","imagen":"assets/products/CA-000000056362.webp","tags":["adorno","torta","base","gibreada","plim","plim","upalala"]},{"id":"CA-000000045800","nombre":"ADORNO TORTA BASE GIBREADA PRINCESAS x1u.UPALALA","categoria":"Adornos Y Complementos Para Torta","subcategoria":"Adornos Y Pinches De Cumpleaños Personajes","precio":800.0,"destacado":false,"descripcion":"","imagen":"assets/products/CA-000000045800.webp","tags":["adorno","torta","base","gibreada","princesas","x1u","upalala"]},{"id":"CA-000000032753","nombre":"ADORNO TORTA BASE GIBREADA RATON x1u.UPALALA","categoria":"Adornos Y Complementos Para Torta","subcategoria":"Adornos Y Pinches De Cumpleaños Personajes","precio":800.0,"destacado":false,"descripcion":"","imagen":"assets/products/CA-000000032753.webp","tags":["adorno","torta","base","gibreada","raton","x1u","upalala"]},{"id":"CA-000000031724","nombre":"ADORNO TORTA BASE GIBREADA RATONA x1u.UPALALA","categoria":"Adornos Y Complementos Para Torta","subcategoria":"Adornos Y Pinches De Cumpleaños Personajes","precio":800.0,"destacado":false,"descripcion":"","imagen":"assets/products/CA-000000031724.webp","tags":["adorno","torta","base","gibreada","ratona","x1u","upalala"]},{"id":"CA-000000048042","nombre":"ADORNO TORTA BASE GIBREADA SAFARI x1u.UPALALA","categoria":"Adornos Y Complementos Para Torta","subcategoria":"Adornos Y Pinches De Cumpleaños Personajes","precio":800.0,"destacado":false,"descripcion":"","imagen":"assets/products/CA-000000048042.webp","tags":["adorno","torta","base","gibreada","safari","x1u","upalala"]},{"id":"CA-000000042278","nombre":"ADORNO TORTA BASE GIBREADA SONIC x1u.UPALALA","categoria":"Adornos Y Complementos Para Torta","subcategoria":"Adornos Y Pinches De Cumpleaños Personajes","precio":800.0,"destacado":false,"descripcion":"","imagen":"assets/products/CA-000000042278.webp","tags":["adorno","torta","base","gibreada","sonic","x1u","upalala"]},{"id":"CA-000000038562","nombre":"ADORNO TORTA BASE GIBREADA UNICORNIO ARCO IRIS x1u.UPALALA","categoria":"Adornos Y Complementos Para Torta","subcategoria":"Adornos Y Pinches De Cumpleaños Personajes","precio":800.0,"destacado":false,"descripcion":"","imagen":"assets/products/CA-000000038562.webp","tags":["adorno","torta","base","gibreada","unicornio","arco","iris","x1u","upalala"]},{"id":"CA-000000037341","nombre":"ADORNO/APLIQUE ESCUDO GRANDE ACADEMIA x2 DESTELLOS","categoria":"Adornos Y Complementos Para Torta","subcategoria":"Adornos Y Pinches Futboleros","precio":1190.0,"destacado":false,"descripcion":"","imagen":"assets/products/CA-000000037341.webp","tags":["adorno","aplique","escudo","grande","academia","destellos"]},{"id":"CA-000000037337","nombre":"ADORNO/APLIQUE ESCUDO GRANDE BOCA x2 DESTELLOS","categoria":"Adornos Y Complementos Para Torta","subcategoria":"Adornos Y Pinches Futboleros","precio":1190.0,"destacado":false,"descripcion":"","imagen":"assets/products/CA-000000037337.webp","tags":["adorno","aplique","escudo","grande","boca","destellos"]},{"id":"CA-000000037340","nombre":"ADORNO/APLIQUE ESCUDO GRANDE DIABLOS x2 DESTELLOS","categoria":"Adornos Y Complementos Para Torta","subcategoria":"Adornos Y Pinches Futboleros","precio":1190.0,"destacado":false,"descripcion":"","imagen":"assets/products/CA-000000037340.webp","tags":["adorno","aplique","escudo","grande","diablos","destellos"]},{"id":"CA-000000037335","nombre":"ADORNO/APLIQUE ESCUDO GRANDE RIVER x2 DESTELLOS","categoria":"Adornos Y Complementos Para Torta","subcategoria":"Adornos Y Pinches Futboleros","precio":1190.0,"destacado":false,"descripcion":"","imagen":"assets/products/CA-000000037335.webp","tags":["adorno","aplique","escudo","grande","river","destellos"]},{"id":"CA-000000050825","nombre":"APLIQUE ANIMALITO GLASE PARA HUEVO CARITAS DE CONEJO SURTIDOS x10u.","categoria":"Adornos Y Complementos Para Torta","subcategoria":"Complementos De Azucar / Glace / Pastillaje","precio":2279.2,"destacado":false,"descripcion":"","imagen":"assets/products/CA-000000050825.webp","tags":["aplique","animalito","glase","para","huevo","caritas","conejo","surtidos","x10u"]},{"id":"CA-000000053424","nombre":"APLIQUE ANIMALITO PASTILLAJE CONEJITO MINI BLANCO x20u.","categoria":"Adornos Y Complementos Para Torta","subcategoria":"Complementos De Azucar / Glace / Pastillaje","precio":2279.2,"destacado":false,"descripcion":"","imagen":"assets/products/CA-000000053424.webp","tags":["aplique","animalito","pastillaje","conejito","mini","blanco","x20u"]},{"id":"CA-000000055139","nombre":"APLIQUE ANIMALITO PASTILLAJE PARA HUEVO CISNE AMARILLO x8 UNIDADES","categoria":"Adornos Y Complementos Para Torta","subcategoria":"Complementos De Azucar / Glace / Pastillaje","precio":1778.0,"destacado":false,"descripcion":"","imagen":"assets/products/CA-000000055139.webp","tags":["aplique","animalito","pastillaje","para","huevo","cisne","amarillo","unidades"]},{"id":"CA-000000055143","nombre":"APLIQUE ANIMALITO PASTILLAJE PARA HUEVO CISNE ARCOIRIS x8 UNIDADES","categoria":"Adornos Y Complementos Para Torta","subcategoria":"Complementos De Azucar / Glace / Pastillaje","precio":1778.0,"destacado":false,"descripcion":"","imagen":"assets/products/CA-000000055143.webp","tags":["aplique","animalito","pastillaje","para","huevo","cisne","arcoiris","unidades"]},{"id":"CA-000000055140","nombre":"APLIQUE ANIMALITO PASTILLAJE PARA HUEVO CISNE BLANCO x8 UNIDADES","categoria":"Adornos Y Complementos Para Torta","subcategoria":"Complementos De Azucar / Glace / Pastillaje","precio":1778.0,"destacado":false,"descripcion":"","imagen":"assets/products/CA-000000055140.webp","tags":["aplique","animalito","pastillaje","para","huevo","cisne","blanco","unidades"]},{"id":"CA-000000055142","nombre":"APLIQUE ANIMALITO PASTILLAJE PARA HUEVO CISNE CELESTE x8 UNIDADES","categoria":"Adornos Y Complementos Para Torta","subcategoria":"Complementos De Azucar / Glace / Pastillaje","precio":1778.0,"destacado":false,"descripcion":"","imagen":"assets/products/CA-000000055142.webp","tags":["aplique","animalito","pastillaje","para","huevo","cisne","celeste","unidades"]},{"id":"CA-000000055141","nombre":"APLIQUE ANIMALITO PASTILLAJE PARA HUEVO CISNE ROSA x8 UNIDADES","categoria":"Adornos Y Complementos Para Torta","subcategoria":"Complementos De Azucar / Glace / Pastillaje","precio":1778.0,"destacado":false,"descripcion":"","imagen":"assets/products/CA-000000055141.webp","tags":["aplique","animalito","pastillaje","para","huevo","cisne","rosa","unidades"]},{"id":"CA-000000050822","nombre":"APLIQUE ANIMALITO PASTILLAJE PATITO AMARILLO x20u.","categoria":"Adornos Y Complementos Para Torta","subcategoria":"Complementos De Azucar / Glace / Pastillaje","precio":2279.2,"destacado":false,"descripcion":"","imagen":"assets/products/CA-000000050822.webp","tags":["aplique","animalito","pastillaje","patito","amarillo","x20u"]},{"id":"CA-000000050823","nombre":"APLIQUE ANIMALITO PASTILLAJE PATITO BLANCO x20u.","categoria":"Adornos Y Complementos Para Torta","subcategoria":"Complementos De Azucar / Glace / Pastillaje","precio":2279.2,"destacado":false,"descripcion":"","imagen":"assets/products/CA-000000050823.webp","tags":["aplique","animalito","pastillaje","patito","blanco","x20u"]},{"id":"CA-000000050812","nombre":"APLIQUE FIGURA CARAS DE CONEJOS GRANDE SURTIDOS COMESTIBL x5u.SPRINK","categoria":"Adornos Y Complementos Para Torta","subcategoria":"Complementos De Azucar / Glace / Pastillaje","precio":2146.5,"destacado":false,"descripcion":"","imagen":"assets/products/CA-000000050812.webp","tags":["aplique","figura","caras","conejos","grande","surtidos","comestibl","x5u","sprink"]},{"id":"CA-000000050814","nombre":"APLIQUE FIGURA CONEJO DE ESPALDA BLANCO COMESTIBLE x15u.SPRINK","categoria":"Adornos Y Complementos Para Torta","subcategoria":"Complementos De Azucar / Glace / Pastillaje","precio":2281.5,"destacado":false,"descripcion":"","imagen":"assets/products/CA-000000050814.webp","tags":["aplique","figura","conejo","espalda","blanco","comestible","x15u","sprink"]},{"id":"CA-000000048791","nombre":"APLIQUE FIGURA COPA DEL MUNDO x6u.SPRINK","categoria":"Adornos Y Complementos Para Torta","subcategoria":"Complementos De Azucar / Glace / Pastillaje","precio":290.0,"destacado":false,"descripcion":"","imagen":"assets/products/CA-000000048791.webp","tags":["aplique","figura","copa","del","mundo","x6u","sprink"]},{"id":"CA-000020050809","nombre":"APLIQUE FIGURA DE GLASE FLUIDO CORAZONES MULTICOLOR x12 (508)","categoria":"Adornos Y Complementos Para Torta","subcategoria":"Complementos De Azucar / Glace / Pastillaje","precio":2392.6,"destacado":false,"descripcion":"","imagen":"assets/products/CA-000020050809.webp","tags":["aplique","figura","glase","fluido","corazones","multicolor","x12","508"]},{"id":"CA-000029950804","nombre":"APLIQUE FIGURA DE GLASE FLUIDO CORAZONES ROJOS x12 (508)","categoria":"Adornos Y Complementos Para Torta","subcategoria":"Complementos De Azucar / Glace / Pastillaje","precio":2392.6,"destacado":false,"descripcion":"","imagen":"assets/products/CA-000029950804.webp","tags":["aplique","figura","glase","fluido","corazones","rojos","x12","508"]},{"id":"CA-000029951300","nombre":"APLIQUE FIGURA DE GLASE FLUIDO DINOSAURIOS x6 (513)","categoria":"Adornos Y Complementos Para Torta","subcategoria":"Complementos De Azucar / Glace / Pastillaje","precio":2631.86,"destacado":false,"descripcion":"","imagen":"assets/products/CA-000029951300.webp","tags":["aplique","figura","glase","fluido","dinosaurios","513"]},{"id":"CA-000029953809","nombre":"APLIQUE FIGURA DE GLASE FLUIDO NUBES CON ARCO IRIS x6 (538)","categoria":"Adornos Y Complementos Para Torta","subcategoria":"Complementos De Azucar / Glace / Pastillaje","precio":2392.6,"destacado":false,"descripcion":"","imagen":"assets/products/CA-000029953809.webp","tags":["aplique","figura","glase","fluido","nubes","con","arco","iris","538"]},{"id":"CA-000029956600","nombre":"APLIQUE FIGURA DE GLASE FLUIDO PELOTA DE FUTBOL x8 (566)","categoria":"Adornos Y Complementos Para Torta","subcategoria":"Complementos De Azucar / Glace / Pastillaje","precio":2631.86,"destacado":false,"descripcion":"","imagen":"assets/products/CA-000029956600.webp","tags":["aplique","figura","glase","fluido","pelota","futbol","566"]}]}