{"category_slug":"adornos_y_complementos_para_torta","subcategory_slug":"adornos_y_pinches_de_cumplea_os_personajes","page":3,"page_size":48,"total":125,"items":[{"id":"CA-202560000740","nombre":"PINCHE FELIZ CUMPLEAÑOS MARIPOSA x12 FP0740-02","categoria":"Adornos Y Complementos Para Torta","subcategoria":"Adornos Y Pinches De Cumpleaños Personajes","precio":11060.35,"destacado":false,"descripcion":"","imagen":"assets/products/CA-202560000740.webp","tags":["pinche","feliz","cumpleaños","mariposa","x12","fp0740"]},{"id":"CA-202560200951","nombre":"PINCHE FELIZ CUMPLEAÑOS REY x12 FP0951-02","categoria":"Adornos Y Complementos Para Torta","subcategoria":"Adornos Y Pinches De Cumpleaños Personajes","precio":11907.0,"destacado":false,"descripcion":"","imagen":"assets/products/CA-202560200951.webp","tags":["pinche","feliz","cumpleaños","rey","x12","fp0951"]},{"id":"CA-202562000741","nombre":"PINCHE FELIZ CUMPLEAÑOS ZIG-ZAG VARIOS COLORES x12 FP0741-02","categoria":"Adornos Y Complementos Para Torta","subcategoria":"Adornos Y Pinches De Cumpleaños Personajes","precio":11060.35,"destacado":false,"descripcion":"","imagen":"assets/products/CA-202562000741.webp","tags":["pinche","feliz","cumpleaños","zig","zag","varios","colores","x12","fp0741"]},{"id":"CA-000000049945","nombre":"PINCHE POLIFAN VINILO FELIZ CUMPLE PERSONAJE BLUEY ETIQUETADOS x3u.","categoria":"Adornos Y Complementos Para Torta","subcategoria":"Adornos Y Pinches De Cumpleaños Personajes","precio":2209.61,"destacado":false,"descripcion":"","imagen":"assets/products/CA-000000049945.webp","tags":["pinche","polifan","vinilo","feliz","cumple","personaje","bluey","etiquetados","x3u"]},{"id":"CA-000000052144","nombre":"PINCHE POLIFAN VINILO FELIZ CUMPLE PERSONAJE INTENSAMENTE 2 ETIQUETADOS x3","categoria":"Adornos Y Complementos Para Torta","subcategoria":"Adornos Y Pinches De Cumpleaños Personajes","precio":2209.61,"destacado":false,"descripcion":"","imagen":"assets/products/CA-000000052144.webp","tags":["pinche","polifan","vinilo","feliz","cumple","personaje","intensamente","etiquetados"]},{"id":"CA-000000049844","nombre":"PINCHE POLIFAN VINILO FELIZ CUMPLE PERSONAJE KITTY ETIQUETADOS x3u.","categoria":"Adornos Y Complementos Para Torta","subcategoria":"Adornos Y Pinches De Cumpleaños Personajes","precio":2209.61,"destacado":false,"descripcion":"","imagen":"assets/products/CA-000000049844.webp","tags":["pinche","polifan","vinilo","feliz","cumple","personaje","kitty","etiquetados","x3u"]},{"id":"CA-000000041457","nombre":"PINCHE POLIFAN VINILO FELIZ CUMPLE PERSONAJE PAW PATROL ETIQUETADOS x3","categoria":"Adornos Y Complementos Para Torta","subcategoria":"Adornos Y Pinches De Cumpleaños Personajes","precio":2209.61,"destacado":false,"descripcion":"","imagen":"assets/products/CA-000000041457.webp","tags":["pinche","polifan","vinilo","feliz","cumple","personaje","paw","patrol","etiquetados"]},{"id":"CA-000000050672","nombre":"PINCHE POLIFAN VINILO FELIZ CUMPLE PERSONAJE SPIDEY Y SUS AMIGOS ETIQUETADOS x3","categoria":"Adornos Y Complementos Para Torta","subcategoria":"Adornos Y Pinches De Cumpleaños Personajes","precio":2209.61,"destacado":false,"descripcion":"","imagen":"assets/products/CA-000000050672.webp","tags":["pinche","polifan","vinilo","feliz","cumple","personaje","spidey","sus","amigos","etiquetados"]},{"id":"CA-000000047608","nombre":"PINCHE POLIFAN VINILO FELIZ CUMPLE PERSONAJE STITCH ETIQUETADOS x3u.","categoria":"Adornos Y Complementos Para Torta","subcategoria":"Adornos Y Pinches De Cumpleaños Personajes","precio":2209.61,"destacado":false,"descripcion":"","imagen":"assets/products/CA-000000047608.webp","tags":["pinche","polifan","vinilo","feliz","cumple","personaje","stitch","etiquetados","x3u"]},{"id":"CA-000000053066","nombre":"PINCHE POLIFAN VINILO PERSONAJE KUROMI PARA CUPCAKE x9u.","categoria":"Adornos Y Complementos Para Torta","subcategoria":"Adornos Y Pinches De Cumpleaños Personajes","precio":1896.05,"destacado":false,"descripcion":"* (15/12/2025)","imagen":"assets/products/CA-000000053066.webp","tags":["pinche","polifan","vinilo","personaje","kuromi","para","cupcake","x9u"]},{"id":"CA-000000054226","nombre":"PINCHE POLIFAN VINILO PERSONAJE MARGARITA PARA CUPCAKE x6u.","categoria":"Adornos Y Complementos Para Torta","subcategoria":"Adornos Y Pinches De Cumpleaños Personajes","precio":2200.0,"destacado":false,"descripcion":"","imagen":"assets/products/CA-000000054226.webp","tags":["pinche","polifan","vinilo","personaje","margarita","para","cupcake","x6u"]},{"id":"CA-000000052922","nombre":"PINCHE POLIFAN VINILO PERSONAJES INTENSAMENTE PARA CUPCAKE x10","categoria":"Adornos Y Complementos Para Torta","subcategoria":"Adornos Y Pinches De Cumpleaños Personajes","precio":1896.05,"destacado":false,"descripcion":"* (15/12/2025)","imagen":"assets/products/CA-000000052922.webp","tags":["pinche","polifan","vinilo","personajes","intensamente","para","cupcake","x10"]},{"id":"CA-000000051527","nombre":"SET CARTEL FELIZ CUMPLE HOMBRE ARAÑA x4u.VR","categoria":"Adornos Y Complementos Para Torta","subcategoria":"Adornos Y Pinches De Cumpleaños Personajes","precio":1457.54,"destacado":false,"descripcion":"","imagen":"assets/products/CA-000000051527.webp","tags":["set","cartel","feliz","cumple","hombre","araña","x4u"]},{"id":"CA-000000051531","nombre":"SET CARTEL FELIZ CUMPLE KITTY x4u.VR","categoria":"Adornos Y Complementos Para Torta","subcategoria":"Adornos Y Pinches De Cumpleaños Personajes","precio":1457.54,"destacado":false,"descripcion":"","imagen":"assets/products/CA-000000051531.webp","tags":["set","cartel","feliz","cumple","kitty","x4u"]},{"id":"CA-000000051528","nombre":"SET CARTEL FELIZ CUMPLE KUROMI Y MELODY x4u.VR","categoria":"Adornos Y Complementos Para Torta","subcategoria":"Adornos Y Pinches De Cumpleaños Personajes","precio":1457.54,"destacado":false,"descripcion":"","imagen":"assets/products/CA-000000051528.webp","tags":["set","cartel","feliz","cumple","kuromi","melody","x4u"]},{"id":"CA-000000051522","nombre":"SET CARTEL FELIZ CUMPLE SONIC x4u.VR","categoria":"Adornos Y Complementos Para Torta","subcategoria":"Adornos Y Pinches De Cumpleaños Personajes","precio":1457.54,"destacado":false,"descripcion":"","imagen":"assets/products/CA-000000051522.webp","tags":["set","cartel","feliz","cumple","sonic","x4u"]},{"id":"CA-000000052962","nombre":"SET FELIZ CUMPLE BANDERIN Y TOPPERS BLUEY x7u.(POMPI DU )","categoria":"Adornos Y Complementos Para Torta","subcategoria":"Adornos Y Pinches De Cumpleaños Personajes","precio":1330.0,"destacado":false,"descripcion":"","imagen":"assets/products/CA-000000052962.webp","tags":["set","feliz","cumple","banderin","toppers","bluey","x7u","pompi"]},{"id":"CA-000000052966","nombre":"SET FELIZ CUMPLE BANDERIN Y TOPPERS FROZEN  x7u.(POMPI DU )","categoria":"Adornos Y Complementos Para Torta","subcategoria":"Adornos Y Pinches De Cumpleaños Personajes","precio":1330.0,"destacado":false,"descripcion":"","imagen":"assets/products/CA-000000052966.webp","tags":["set","feliz","cumple","banderin","toppers","frozen","x7u","pompi"]},{"id":"CA-000000051917","nombre":"SET FELIZ CUMPLE BANDERIN Y TOPPERS HOMBRE ARAÑA x7u.(POMPI DU )","categoria":"Adornos Y Complementos Para Torta","subcategoria":"Adornos Y Pinches De Cumpleaños Personajes","precio":1330.0,"destacado":false,"descripcion":"","imagen":"assets/products/CA-000000051917.webp","tags":["set","feliz","cumple","banderin","toppers","hombre","araña","x7u","pompi"]},{"id":"CA-000000051919","nombre":"SET FELIZ CUMPLE BANDERIN Y TOPPERS KITTY x7u.(POMPI DU )","categoria":"Adornos Y Complementos Para Torta","subcategoria":"Adornos Y Pinches De Cumpleaños Personajes","precio":1330.0,"destacado":false,"descripcion":"","imagen":"assets/products/CA-000000051919.webp","tags":["set","feliz","cumple","banderin","toppers","kitty","x7u","pompi"]},{"id":"CA-000000051920","nombre":"SET FELIZ CUMPLE BANDERIN Y TOPPERS KUROMI Y MELODYx7u.(POMPI DU )","categoria":"Adornos Y Complementos Para Torta","subcategoria":"Adornos Y Pinches De Cumpleaños Personajes","precio":1330.0,"destacado":false,"descripcion":"","imagen":"assets/products/CA-000000051920.webp","tags":["set","feliz","cumple","banderin","toppers","kuromi","melodyx7u","pompi"]},{"id":"CA-000000051918","nombre":"SET FELIZ CUMPLE BANDERIN Y TOPPERS PAW PATROL x7u.(POMPI DU )","categoria":"Adornos Y Complementos Para Torta","subcategoria":"Adornos Y Pinches De Cumpleaños Personajes","precio":1330.0,"destacado":false,"descripcion":"","imagen":"assets/products/CA-000000051918.webp","tags":["set","feliz","cumple","banderin","toppers","paw","patrol","x7u","pompi"]},{"id":"CA-000000052965","nombre":"SET FELIZ CUMPLE BANDERIN Y TOPPERS SONIC x7u.(POMPI DU )","categoria":"Adornos Y Complementos Para Torta","subcategoria":"Adornos Y Pinches De Cumpleaños Personajes","precio":1330.0,"destacado":false,"descripcion":"","imagen":"assets/products/CA-000000052965.webp","tags":["set","feliz","cumple","banderin","toppers","sonic","x7u","pompi"]},{"id":"CA-000000052964","nombre":"SET FELIZ CUMPLE BANDERIN Y TOPPERS STITCH x7u.(POMPI DU )","categoria":"Adornos Y Complementos Para Torta","subcategoria":"Adornos Y Pinches De Cumpleaños Personajes","precio":1330.0,"destacado":false,"descripcion":"","imagen":"assets/products/CA-000000052964.webp","tags":["set","feliz","cumple","banderin","toppers","stitch","x7u","pompi"]},{"id":"CA-000000055871","nombre":"SET PINCHE FELIZ CUMPLE KITTY x4u.COTILLON SILUETAS","categoria":"Adornos Y Complementos Para Torta","subcategoria":"Adornos Y Pinches De Cumpleaños Personajes","precio":1757.4,"destacado":false,"descripcion":"","imagen":"assets/products/CA-000000055871.webp","tags":["set","pinche","feliz","cumple","kitty","x4u","cotillon","siluetas"]},{"id":"CA-000000055869","nombre":"SET PINCHE FELIZ CUMPLE KUROMI Y MELODYx4u.COTILLON SILUETAS","categoria":"Adornos Y Complementos Para Torta","subcategoria":"Adornos Y Pinches De Cumpleaños Personajes","precio":1757.4,"destacado":false,"descripcion":"","imagen":"assets/products/CA-000000055869.webp","tags":["set","pinche","feliz","cumple","kuromi","melodyx4u","cotillon","siluetas"]},{"id":"CA-000000055873","nombre":"SET PINCHE FELIZ CUMPLE SONIC x4u.COTILLON SILUETAS","categoria":"Adornos Y Complementos Para Torta","subcategoria":"Adornos Y Pinches De Cumpleaños Personajes","precio":1757.4,"destacado":false,"descripcion":"","imagen":"assets/products/CA-000000055873.webp","tags":["set","pinche","feliz","cumple","sonic","x4u","cotillon","siluetas"]},{"id":"CA-000000058604","nombre":"SET PINCHES DIA DE LOS ENAMORADOS FELIZ SAN VALENTIN 3D CALUMI x3u.","categoria":"Adornos Y Complementos Para Torta","subcategoria":"Adornos Y Pinches De Cumpleaños Personajes","precio":1377.5,"destacado":false,"descripcion":"NUEVO 17/12/2025","imagen":"assets/products/CA-000000058604.webp","tags":["set","pinches","dia","los","enamorados","feliz","san","valentin","calumi","x3u"]},{"id":"CA-000000058603","nombre":"SET PINCHES DIA DE LOS ENAMORADOS TE AMO CON OSITO 3D CALUMI x3u.","categoria":"Adornos Y Complementos Para Torta","subcategoria":"Adornos Y Pinches De Cumpleaños Personajes","precio":1377.5,"destacado":false,"descripcion":"NUEVO 17/12/2025","imagen":"assets/products/CA-000000058603.webp","tags":["set","pinches","dia","los","enamorados","amo","con","osito","calumi","x3u"]}]}