{"category_slug":"adornos_y_complementos_para_torta","subcategory_slug":"adornos_y_pinches_de_cumplea_os_personajes","page":1,"page_size":48,"total":125,"items":[{"id":"CA-000000047899","nombre":"ADORNO BASE BRILLO HOMBRE ARAÑA x1u.DISTRIBUIDORA G","categoria":"Adornos Y Complementos Para Torta","subcategoria":"Adornos Y Pinches De Cumpleaños Personajes","precio":1540.0,"destacado":false,"descripcion":"","imagen":"assets/products/CA-000000047899.webp","tags":["adorno","base","brillo","hombre","araña","x1u","distribuidora"]},{"id":"CA-000000047892","nombre":"ADORNO BASE BRILLO PAW PATROLx1u.DISTRIBUIDORA G","categoria":"Adornos Y Complementos Para Torta","subcategoria":"Adornos Y Pinches De Cumpleaños Personajes","precio":1540.0,"destacado":false,"descripcion":"","imagen":"assets/products/CA-000000047892.webp","tags":["adorno","base","brillo","paw","patrolx1u","distribuidora"]},{"id":"CA-000000047902","nombre":"ADORNO BASE BRILLO RATONA x1u.DISTRIBUIDORA G","categoria":"Adornos Y Complementos Para Torta","subcategoria":"Adornos Y Pinches De Cumpleaños Personajes","precio":1540.0,"destacado":false,"descripcion":"","imagen":"assets/products/CA-000000047902.webp","tags":["adorno","base","brillo","ratona","x1u","distribuidora"]},{"id":"CA-000000047894","nombre":"ADORNO BASE BRILLO SONIC x1u.DISTRIBUIDORA G","categoria":"Adornos Y Complementos Para Torta","subcategoria":"Adornos Y Pinches De Cumpleaños Personajes","precio":1540.0,"destacado":false,"descripcion":"","imagen":"assets/products/CA-000000047894.webp","tags":["adorno","base","brillo","sonic","x1u","distribuidora"]},{"id":"CA-000000047897","nombre":"ADORNO BASE BRILLO STITCH x1u.DISTRIBUIDORA G","categoria":"Adornos Y Complementos Para Torta","subcategoria":"Adornos Y Pinches De Cumpleaños Personajes","precio":1540.0,"destacado":false,"descripcion":"","imagen":"assets/products/CA-000000047897.webp","tags":["adorno","base","brillo","stitch","x1u","distribuidora"]},{"id":"CA-000000050092","nombre":"ADORNO CON BASE SILUETA 3D BLUEY x1 COTILLON SILUETAS","categoria":"Adornos Y Complementos Para Torta","subcategoria":"Adornos Y Pinches De Cumpleaños Personajes","precio":1500.0,"destacado":false,"descripcion":"","imagen":"assets/products/CA-000000050092.webp","tags":["adorno","con","base","silueta","bluey","cotillon","siluetas"]},{"id":"CA-000000056840","nombre":"ADORNO CON BRILLO FELIZ CUMPLEAÑOS BRAINROT (tralalero-tralala) x1 DESTELLOS","categoria":"Adornos Y Complementos Para Torta","subcategoria":"Adornos Y Pinches De Cumpleaños Personajes","precio":1820.0,"destacado":false,"descripcion":"","imagen":"assets/products/CA-000000056840.webp","tags":["adorno","con","brillo","feliz","cumpleaños","brainrot","tralalero","tralala","destellos"]},{"id":"CA-000000022312","nombre":"ADORNO CON BRILLO FELIZ CUMPLEAÑOS HOMBRE ARAÑA x1 DESTELLOS","categoria":"Adornos Y Complementos Para Torta","subcategoria":"Adornos Y Pinches De Cumpleaños Personajes","precio":1820.0,"destacado":false,"descripcion":"","imagen":"assets/products/CA-000000022312.webp","tags":["adorno","con","brillo","feliz","cumpleaños","hombre","araña","destellos"]},{"id":"CA-000000051297","nombre":"ADORNO CON BRILLO FELIZ CUMPLEAÑOS KUROMI x1 DESTELLOS","categoria":"Adornos Y Complementos Para Torta","subcategoria":"Adornos Y Pinches De Cumpleaños Personajes","precio":1820.0,"destacado":false,"descripcion":"","imagen":"assets/products/CA-000000051297.webp","tags":["adorno","con","brillo","feliz","cumpleaños","kuromi","destellos"]},{"id":"CA-000000051296","nombre":"ADORNO CON BRILLO FELIZ CUMPLEAÑOS LOS AMIGOS DE KITTY KUROMI Y MELODYx1 DESTELLOS","categoria":"Adornos Y Complementos Para Torta","subcategoria":"Adornos Y Pinches De Cumpleaños Personajes","precio":1500.0,"destacado":false,"descripcion":"","imagen":"assets/products/CA-000000051296.webp","tags":["adorno","con","brillo","feliz","cumpleaños","los","amigos","kitty","kuromi","melodyx1","destellos"]},{"id":"CA-000000037445","nombre":"ADORNO CON BRILLO FELIZ CUMPLEAÑOS UNICORNIO x1 DESTELLOS","categoria":"Adornos Y Complementos Para Torta","subcategoria":"Adornos Y Pinches De Cumpleaños Personajes","precio":1500.0,"destacado":false,"descripcion":"","imagen":"assets/products/CA-000000037445.webp","tags":["adorno","con","brillo","feliz","cumpleaños","unicornio","destellos"]},{"id":"CA-000000054380","nombre":"ADORNO ENCASTRE CON BASE FELIZ CUMPLE INTENSAMENTE x1u.(POMPI DU)","categoria":"Adornos Y Complementos Para Torta","subcategoria":"Adornos Y Pinches De Cumpleaños Personajes","precio":1300.0,"destacado":false,"descripcion":"","imagen":"assets/products/CA-000000054380.webp","tags":["adorno","encastre","con","base","feliz","cumple","intensamente","x1u","pompi"]},{"id":"CA-000000056263","nombre":"ADORNO FELIZ CUMPLE KITTY CON LUZ CALUMI x1u.","categoria":"Adornos Y Complementos Para Torta","subcategoria":"Adornos Y Pinches De Cumpleaños Personajes","precio":2240.0,"destacado":false,"descripcion":"","imagen":"assets/products/CA-000000056263.webp","tags":["adorno","feliz","cumple","kitty","con","luz","calumi","x1u"]},{"id":"CA-000000056266","nombre":"ADORNO FELIZ CUMPLE SONIC CON LUZ CALUMI x1u.","categoria":"Adornos Y Complementos Para Torta","subcategoria":"Adornos Y Pinches De Cumpleaños Personajes","precio":2240.0,"destacado":false,"descripcion":"","imagen":"assets/products/CA-000000056266.webp","tags":["adorno","feliz","cumple","sonic","con","luz","calumi","x1u"]},{"id":"CA-000000055909","nombre":"ADORNO SET FELIZ CUMPLE 3D ABEJITAS x3u.UPALALA","categoria":"Adornos Y Complementos Para Torta","subcategoria":"Adornos Y Pinches De Cumpleaños Personajes","precio":1029.0,"destacado":false,"descripcion":"","imagen":"assets/products/CA-000000055909.webp","tags":["adorno","set","feliz","cumple","abejitas","x3u","upalala"]},{"id":"CA-000000052177","nombre":"ADORNO SET FELIZ CUMPLE 3D BLUEY x3u.UPALALA","categoria":"Adornos Y Complementos Para Torta","subcategoria":"Adornos Y Pinches De Cumpleaños Personajes","precio":1029.0,"destacado":false,"descripcion":"","imagen":"assets/products/CA-000000052177.webp","tags":["adorno","set","feliz","cumple","bluey","x3u","upalala"]},{"id":"CA-000000057471","nombre":"ADORNO SET FELIZ CUMPLE 3D BRAINROT (tralalero tralala) x3u.UPALALA","categoria":"Adornos Y Complementos Para Torta","subcategoria":"Adornos Y Pinches De Cumpleaños Personajes","precio":1029.0,"destacado":false,"descripcion":"","imagen":"assets/products/CA-000000057471.webp","tags":["adorno","set","feliz","cumple","brainrot","tralalero","tralala","x3u","upalala"]},{"id":"CA-000000055457","nombre":"ADORNO SET FELIZ CUMPLE 3D CARPINCHO/CAPIBARA x3u.UPALALA","categoria":"Adornos Y Complementos Para Torta","subcategoria":"Adornos Y Pinches De Cumpleaños Personajes","precio":1029.0,"destacado":false,"descripcion":"","imagen":"assets/products/CA-000000055457.webp","tags":["adorno","set","feliz","cumple","carpincho","capibara","x3u","upalala"]},{"id":"CA-000000043877","nombre":"ADORNO SET FELIZ CUMPLE 3D CARS AUTO ROJOx3u.UPALALA","categoria":"Adornos Y Complementos Para Torta","subcategoria":"Adornos Y Pinches De Cumpleaños Personajes","precio":1029.0,"destacado":false,"descripcion":"","imagen":"assets/products/CA-000000043877.webp","tags":["adorno","set","feliz","cumple","cars","auto","rojox3u","upalala"]},{"id":"CA-000000043886","nombre":"ADORNO SET FELIZ CUMPLE 3D DINOSAURIOx3u.UPALALA","categoria":"Adornos Y Complementos Para Torta","subcategoria":"Adornos Y Pinches De Cumpleaños Personajes","precio":1029.0,"destacado":false,"descripcion":"","imagen":"assets/products/CA-000000043886.webp","tags":["adorno","set","feliz","cumple","dinosauriox3u","upalala"]},{"id":"CA-000000043884","nombre":"ADORNO SET FELIZ CUMPLE 3D DRAGON BALLx3u.UPALALA","categoria":"Adornos Y Complementos Para Torta","subcategoria":"Adornos Y Pinches De Cumpleaños Personajes","precio":1029.0,"destacado":false,"descripcion":"","imagen":"assets/products/CA-000000043884.webp","tags":["adorno","set","feliz","cumple","dragon","ballx3u","upalala"]},{"id":"CA-000000043872","nombre":"ADORNO SET FELIZ CUMPLE 3D FROZEN x3u.UPALALA","categoria":"Adornos Y Complementos Para Torta","subcategoria":"Adornos Y Pinches De Cumpleaños Personajes","precio":1029.0,"destacado":false,"descripcion":"","imagen":"assets/products/CA-000000043872.webp","tags":["adorno","set","feliz","cumple","frozen","x3u","upalala"]},{"id":"CA-000000043873","nombre":"ADORNO SET FELIZ CUMPLE 3D HOMBRE ARAÑA x3u.UPALALA","categoria":"Adornos Y Complementos Para Torta","subcategoria":"Adornos Y Pinches De Cumpleaños Personajes","precio":1029.0,"destacado":false,"descripcion":"","imagen":"assets/products/CA-000000043873.webp","tags":["adorno","set","feliz","cumple","hombre","araña","x3u","upalala"]},{"id":"CA-000000043875","nombre":"ADORNO SET FELIZ CUMPLE 3D LA GRANJA DE ZENON x3u.UPALALA","categoria":"Adornos Y Complementos Para Torta","subcategoria":"Adornos Y Pinches De Cumpleaños Personajes","precio":1029.0,"destacado":false,"descripcion":"","imagen":"assets/products/CA-000000043875.webp","tags":["adorno","set","feliz","cumple","granja","zenon","x3u","upalala"]},{"id":"CA-000000056791","nombre":"ADORNO SET FELIZ CUMPLE 3D LABUBU x3u.UPALALA","categoria":"Adornos Y Complementos Para Torta","subcategoria":"Adornos Y Pinches De Cumpleaños Personajes","precio":1029.0,"destacado":false,"descripcion":"","imagen":"assets/products/CA-000000056791.webp","tags":["adorno","set","feliz","cumple","labubu","x3u","upalala"]},{"id":"CA-000000054177","nombre":"ADORNO SET FELIZ CUMPLE 3D MARGARITA x3u.UPALALA","categoria":"Adornos Y Complementos Para Torta","subcategoria":"Adornos Y Pinches De Cumpleaños Personajes","precio":1029.0,"destacado":false,"descripcion":"","imagen":"assets/products/CA-000000054177.webp","tags":["adorno","set","feliz","cumple","margarita","x3u","upalala"]},{"id":"CA-000000052664","nombre":"ADORNO SET FELIZ CUMPLE 3D MARIPOSAS x3u.UPALALA","categoria":"Adornos Y Complementos Para Torta","subcategoria":"Adornos Y Pinches De Cumpleaños Personajes","precio":1029.0,"destacado":false,"descripcion":"","imagen":"assets/products/CA-000000052664.webp","tags":["adorno","set","feliz","cumple","mariposas","x3u","upalala"]},{"id":"CA-000000051052","nombre":"ADORNO SET FELIZ CUMPLE 3D MASHA Y EL OSO x3u.UPALALA","categoria":"Adornos Y Complementos Para Torta","subcategoria":"Adornos Y Pinches De Cumpleaños Personajes","precio":1029.0,"destacado":false,"descripcion":"","imagen":"assets/products/CA-000000051052.webp","tags":["adorno","set","feliz","cumple","masha","oso","x3u","upalala"]},{"id":"CA-000000049024","nombre":"ADORNO SET FELIZ CUMPLE 3D MERLINA x3u.UPALALA","categoria":"Adornos Y Complementos Para Torta","subcategoria":"Adornos Y Pinches De Cumpleaños Personajes","precio":1029.0,"destacado":false,"descripcion":"","imagen":"assets/products/CA-000000049024.webp","tags":["adorno","set","feliz","cumple","merlina","x3u","upalala"]},{"id":"CA-000000043874","nombre":"ADORNO SET FELIZ CUMPLE 3D PAW PATROL x3u.UPALALA","categoria":"Adornos Y Complementos Para Torta","subcategoria":"Adornos Y Pinches De Cumpleaños Personajes","precio":1029.0,"destacado":false,"descripcion":"","imagen":"assets/products/CA-000000043874.webp","tags":["adorno","set","feliz","cumple","paw","patrol","x3u","upalala"]},{"id":"CA-000000043878","nombre":"ADORNO SET FELIZ CUMPLE 3D PEPA x3u.UPALALA","categoria":"Adornos Y Complementos Para Torta","subcategoria":"Adornos Y Pinches De Cumpleaños Personajes","precio":1029.0,"destacado":false,"descripcion":"","imagen":"assets/products/CA-000000043878.webp","tags":["adorno","set","feliz","cumple","pepa","x3u","upalala"]},{"id":"CA-000000056361","nombre":"ADORNO SET FELIZ CUMPLE 3D PLIM-PLIM x3u.UPALALA","categoria":"Adornos Y Complementos Para Torta","subcategoria":"Adornos Y Pinches De Cumpleaños Personajes","precio":1029.0,"destacado":false,"descripcion":"","imagen":"assets/products/CA-000000056361.webp","tags":["adorno","set","feliz","cumple","plim","plim","x3u","upalala"]},{"id":"CA-000000051589","nombre":"ADORNO SET FELIZ CUMPLE 3D POKEMON x4u.UPALALA","categoria":"Adornos Y Complementos Para Torta","subcategoria":"Adornos Y Pinches De Cumpleaños Personajes","precio":1059.8,"destacado":false,"descripcion":"","imagen":"assets/products/CA-000000051589.webp","tags":["adorno","set","feliz","cumple","pokemon","x4u","upalala"]},{"id":"CA-000000046484","nombre":"ADORNO SET FELIZ CUMPLE 3D PRINCESAS x3u.UPALALA","categoria":"Adornos Y Complementos Para Torta","subcategoria":"Adornos Y Pinches De Cumpleaños Personajes","precio":1029.0,"destacado":false,"descripcion":"","imagen":"assets/products/CA-000000046484.webp","tags":["adorno","set","feliz","cumple","princesas","x3u","upalala"]},{"id":"CA-000000043879","nombre":"ADORNO SET FELIZ CUMPLE 3D RATON x3u.UPALALA","categoria":"Adornos Y Complementos Para Torta","subcategoria":"Adornos Y Pinches De Cumpleaños Personajes","precio":1029.0,"destacado":false,"descripcion":"","imagen":"assets/products/CA-000000043879.webp","tags":["adorno","set","feliz","cumple","raton","x3u","upalala"]},{"id":"CA-000000043880","nombre":"ADORNO SET FELIZ CUMPLE 3D RATONA x3u.UPALALA","categoria":"Adornos Y Complementos Para Torta","subcategoria":"Adornos Y Pinches De Cumpleaños Personajes","precio":1029.0,"destacado":false,"descripcion":"","imagen":"assets/products/CA-000000043880.webp","tags":["adorno","set","feliz","cumple","ratona","x3u","upalala"]},{"id":"CA-000000043890","nombre":"ADORNO SET FELIZ CUMPLE 3D SONIC x3u.UPALALA","categoria":"Adornos Y Complementos Para Torta","subcategoria":"Adornos Y Pinches De Cumpleaños Personajes","precio":1029.0,"destacado":false,"descripcion":"","imagen":"assets/products/CA-000000043890.webp","tags":["adorno","set","feliz","cumple","sonic","x3u","upalala"]},{"id":"CA-000000047765","nombre":"ADORNO SET FELIZ CUMPLE 3D STITCH x3u.UPALALA","categoria":"Adornos Y Complementos Para Torta","subcategoria":"Adornos Y Pinches De Cumpleaños Personajes","precio":1029.0,"destacado":false,"descripcion":"","imagen":"assets/products/CA-000000047765.webp","tags":["adorno","set","feliz","cumple","stitch","x3u","upalala"]},{"id":"CA-000000043876","nombre":"ADORNO SET FELIZ CUMPLE 3D UNICORNIO x3u.UPALALA","categoria":"Adornos Y Complementos Para Torta","subcategoria":"Adornos Y Pinches De Cumpleaños Personajes","precio":1029.0,"destacado":false,"descripcion":"","imagen":"assets/products/CA-000000043876.webp","tags":["adorno","set","feliz","cumple","unicornio","x3u","upalala"]},{"id":"CA-000000055915","nombre":"ADORNO TORTA BASE GIBREADA ABEJITAS x1u.UPALALA","categoria":"Adornos Y Complementos Para Torta","subcategoria":"Adornos Y Pinches De Cumpleaños Personajes","precio":1059.8,"destacado":false,"descripcion":"","imagen":"assets/products/CA-000000055915.webp","tags":["adorno","torta","base","gibreada","abejitas","x1u","upalala"]},{"id":"CA-000000054671","nombre":"ADORNO TORTA BASE GIBREADA AUTO FORMULA 1  x1u.UPALALA","categoria":"Adornos Y Complementos Para Torta","subcategoria":"Adornos Y Pinches De Cumpleaños Personajes","precio":1059.8,"destacado":false,"descripcion":"","imagen":"assets/products/CA-000000054671.webp","tags":["adorno","torta","base","gibreada","auto","formula","x1u","upalala"]},{"id":"CA-000000057472","nombre":"ADORNO TORTA BASE GIBREADA BRAINROT (tralalero tralala) x1u.UPALALA","categoria":"Adornos Y Complementos Para Torta","subcategoria":"Adornos Y Pinches De Cumpleaños Personajes","precio":1059.8,"destacado":false,"descripcion":"","imagen":"assets/products/CA-000000057472.webp","tags":["adorno","torta","base","gibreada","brainrot","tralalero","tralala","x1u","upalala"]},{"id":"CA-000000055916","nombre":"ADORNO TORTA BASE GIBREADA CAPIBARA/CARPINCHO x1u.UPALALA","categoria":"Adornos Y Complementos Para Torta","subcategoria":"Adornos Y Pinches De Cumpleaños Personajes","precio":1059.8,"destacado":false,"descripcion":"","imagen":"assets/products/CA-000000055916.webp","tags":["adorno","torta","base","gibreada","capibara","carpincho","x1u","upalala"]},{"id":"CA-000000032764","nombre":"ADORNO TORTA BASE GIBREADA CARS AUTO ROJO x1u.UPALALA","categoria":"Adornos Y Complementos Para Torta","subcategoria":"Adornos Y Pinches De Cumpleaños Personajes","precio":1059.8,"destacado":false,"descripcion":"","imagen":"assets/products/CA-000000032764.webp","tags":["adorno","torta","base","gibreada","cars","auto","rojo","x1u","upalala"]},{"id":"CA-000000040120","nombre":"ADORNO TORTA BASE GIBREADA DINOSAURIOS JURASSIC WORLD x1u.UPALALA","categoria":"Adornos Y Complementos Para Torta","subcategoria":"Adornos Y Pinches De Cumpleaños Personajes","precio":800.0,"destacado":false,"descripcion":"* (05/12/2025)","imagen":"assets/products/CA-000000040120.webp","tags":["adorno","torta","base","gibreada","dinosaurios","jurassic","world","x1u","upalala"]},{"id":"CA-000000032768","nombre":"ADORNO TORTA BASE GIBREADA DRAGON BALL x1u.UPALALA","categoria":"Adornos Y Complementos Para Torta","subcategoria":"Adornos Y Pinches De Cumpleaños Personajes","precio":800.0,"destacado":false,"descripcion":"* (05/12/2025)","imagen":"assets/products/CA-000000032768.webp","tags":["adorno","torta","base","gibreada","dragon","ball","x1u","upalala"]},{"id":"CA-000000031697","nombre":"ADORNO TORTA BASE GIBREADA FROZEN x1u.UPALALA","categoria":"Adornos Y Complementos Para Torta","subcategoria":"Adornos Y Pinches De Cumpleaños Personajes","precio":800.0,"destacado":false,"descripcion":"* (05/12/2025)","imagen":"assets/products/CA-000000031697.webp","tags":["adorno","torta","base","gibreada","frozen","x1u","upalala"]},{"id":"CA-000000058306","nombre":"ADORNO TORTA BASE GIBREADA GUERRERAS K-POP x1u.UPALALA","categoria":"Adornos Y Complementos Para Torta","subcategoria":"Adornos Y Pinches De Cumpleaños Personajes","precio":1059.8,"destacado":false,"descripcion":"","imagen":"assets/products/CA-000000058306.webp","tags":["adorno","torta","base","gibreada","guerreras","pop","x1u","upalala"]}]}