{"category_slug":"cotillon","subcategory_slug":"nieve_serpentina_pintura_polvos_ca_ones_p_picado","page":1,"page_size":48,"total":115,"items":[{"id":"CA-779819415759","nombre":"BENGALA DE HUMO AMARILLA BOMBUCHA x5u. 57596","categoria":"Cotillon","subcategoria":"Nieve/Serpentina/Pintura/Polvos/Cañones/P.Picado","precio":8159.4,"destacado":false,"descripcion":"","imagen":"assets/products/CA-779819415759.webp","tags":["bengala","humo","amarilla","bombucha","x5u","57596"]},{"id":"CA-202400134311","nombre":"BENGALA DE HUMO AMARILLA CADENACI (13431) x5","categoria":"Cotillon","subcategoria":"Nieve/Serpentina/Pintura/Polvos/Cañones/P.Picado","precio":5732.48,"destacado":false,"descripcion":"","imagen":"assets/products/CA-202400134311.webp","tags":["bengala","humo","amarilla","cadenaci","13431"]},{"id":"CA-779814797028","nombre":"BENGALA DE HUMO AMARILLA PS x5u BHAM","categoria":"Cotillon","subcategoria":"Nieve/Serpentina/Pintura/Polvos/Cañones/P.Picado","precio":6989.45,"destacado":false,"descripcion":"","imagen":"assets/products/CA-779814797028.webp","tags":["bengala","humo","amarilla","x5u","bham"]},{"id":"CA-779819415773","nombre":"BENGALA DE HUMO AZUL BOMBUCHA x5u. 57749","categoria":"Cotillon","subcategoria":"Nieve/Serpentina/Pintura/Polvos/Cañones/P.Picado","precio":8159.4,"destacado":false,"descripcion":"","imagen":"assets/products/CA-779819415773.webp","tags":["bengala","humo","azul","bombucha","x5u","57749"]},{"id":"CA-202400134312","nombre":"BENGALA DE HUMO AZUL CADENACI (13431AZ) x5","categoria":"Cotillon","subcategoria":"Nieve/Serpentina/Pintura/Polvos/Cañones/P.Picado","precio":5732.48,"destacado":false,"descripcion":"","imagen":"assets/products/CA-202400134312.webp","tags":["bengala","humo","azul","cadenaci","13431az"]},{"id":"CA-779814797026","nombre":"BENGALA DE HUMO AZUL PS x5u BHAZ","categoria":"Cotillon","subcategoria":"Nieve/Serpentina/Pintura/Polvos/Cañones/P.Picado","precio":6989.45,"destacado":false,"descripcion":"","imagen":"assets/products/CA-779814797026.webp","tags":["bengala","humo","azul","x5u","bhaz"]},{"id":"CA-779819415760","nombre":"BENGALA DE HUMO BLANCO BOMBUCHA x5u. 57602","categoria":"Cotillon","subcategoria":"Nieve/Serpentina/Pintura/Polvos/Cañones/P.Picado","precio":8159.4,"destacado":false,"descripcion":"","imagen":"assets/products/CA-779819415760.webp","tags":["bengala","humo","blanco","bombucha","x5u","57602"]},{"id":"CA-202400134313","nombre":"BENGALA DE HUMO BLANCO CADENACI (13431BL) x5","categoria":"Cotillon","subcategoria":"Nieve/Serpentina/Pintura/Polvos/Cañones/P.Picado","precio":5732.48,"destacado":false,"descripcion":"","imagen":"assets/products/CA-202400134313.webp","tags":["bengala","humo","blanco","cadenaci","13431bl"]},{"id":"CA-779814797027","nombre":"BENGALA DE HUMO BLANCO PS x5u BHBL","categoria":"Cotillon","subcategoria":"Nieve/Serpentina/Pintura/Polvos/Cañones/P.Picado","precio":6989.45,"destacado":false,"descripcion":"","imagen":"assets/products/CA-779814797027.webp","tags":["bengala","humo","blanco","x5u","bhbl"]},{"id":"CA-779819415774","nombre":"BENGALA DE HUMO CELESTE BOMBUCHA x5u. 57749","categoria":"Cotillon","subcategoria":"Nieve/Serpentina/Pintura/Polvos/Cañones/P.Picado","precio":8159.4,"destacado":false,"descripcion":"","imagen":"assets/products/CA-779819415774.webp","tags":["bengala","humo","celeste","bombucha","x5u","57749"]},{"id":"CA-202400134314","nombre":"BENGALA DE HUMO CELESTE CADENACI (13431CL) x5","categoria":"Cotillon","subcategoria":"Nieve/Serpentina/Pintura/Polvos/Cañones/P.Picado","precio":5732.48,"destacado":false,"descripcion":"","imagen":"assets/products/CA-202400134314.webp","tags":["bengala","humo","celeste","cadenaci","13431cl"]},{"id":"CA-779814797240","nombre":"BENGALA DE HUMO CELESTE PS x5u BHCE","categoria":"Cotillon","subcategoria":"Nieve/Serpentina/Pintura/Polvos/Cañones/P.Picado","precio":6989.45,"destacado":false,"descripcion":"","imagen":"assets/products/CA-779814797240.webp","tags":["bengala","humo","celeste","x5u","bhce"]},{"id":"CA-779814797338","nombre":"BENGALA DE HUMO NARANJA PS x5u BHNA","categoria":"Cotillon","subcategoria":"Nieve/Serpentina/Pintura/Polvos/Cañones/P.Picado","precio":6989.45,"destacado":false,"descripcion":"","imagen":"assets/products/CA-779814797338.webp","tags":["bengala","humo","naranja","x5u","bhna"]},{"id":"CA-202400134315","nombre":"BENGALA DE HUMO NEGRA CADENACI (13431) x5","categoria":"Cotillon","subcategoria":"Nieve/Serpentina/Pintura/Polvos/Cañones/P.Picado","precio":5732.48,"destacado":false,"descripcion":"","imagen":"assets/products/CA-202400134315.webp","tags":["bengala","humo","negra","cadenaci","13431"]},{"id":"CA-779908804443","nombre":"BENGALA DE HUMO NEGRA PS x5u BHNE","categoria":"Cotillon","subcategoria":"Nieve/Serpentina/Pintura/Polvos/Cañones/P.Picado","precio":6989.45,"destacado":false,"descripcion":"","imagen":"assets/products/CA-779908804443.webp","tags":["bengala","humo","negra","x5u","bhne"]},{"id":"CA-202400134317","nombre":"BENGALA DE HUMO ROJA CADENACI (13431) x5","categoria":"Cotillon","subcategoria":"Nieve/Serpentina/Pintura/Polvos/Cañones/P.Picado","precio":5732.48,"destacado":false,"descripcion":"","imagen":"assets/products/CA-202400134317.webp","tags":["bengala","humo","roja","cadenaci","13431"]},{"id":"CA-779819415772","nombre":"BENGALA DE HUMO ROJO BOMBUCHA x5u. 57749","categoria":"Cotillon","subcategoria":"Nieve/Serpentina/Pintura/Polvos/Cañones/P.Picado","precio":8159.4,"destacado":false,"descripcion":"","imagen":"assets/products/CA-779819415772.webp","tags":["bengala","humo","rojo","bombucha","x5u","57749"]},{"id":"CA-779814797025","nombre":"BENGALA DE HUMO ROJO PS x5u BHRJ","categoria":"Cotillon","subcategoria":"Nieve/Serpentina/Pintura/Polvos/Cañones/P.Picado","precio":6989.45,"destacado":false,"descripcion":"","imagen":"assets/products/CA-779814797025.webp","tags":["bengala","humo","rojo","x5u","bhrj"]},{"id":"CA-779819415775","nombre":"BENGALA DE HUMO ROSA BOMBUCHA x5u. 57749","categoria":"Cotillon","subcategoria":"Nieve/Serpentina/Pintura/Polvos/Cañones/P.Picado","precio":8159.4,"destacado":false,"descripcion":"","imagen":"assets/products/CA-779819415775.webp","tags":["bengala","humo","rosa","bombucha","x5u","57749"]},{"id":"CA-202400134318","nombre":"BENGALA DE HUMO ROSA CADENACI (13431) x5","categoria":"Cotillon","subcategoria":"Nieve/Serpentina/Pintura/Polvos/Cañones/P.Picado","precio":5732.48,"destacado":false,"descripcion":"","imagen":"assets/products/CA-202400134318.webp","tags":["bengala","humo","rosa","cadenaci","13431"]},{"id":"CA-779832235409","nombre":"BENGALA DE HUMO ROSA PS x5u BHRS","categoria":"Cotillon","subcategoria":"Nieve/Serpentina/Pintura/Polvos/Cañones/P.Picado","precio":6989.45,"destacado":false,"descripcion":"","imagen":"assets/products/CA-779832235409.webp","tags":["bengala","humo","rosa","x5u","bhrs"]},{"id":"CA-779819415771","nombre":"BENGALA DE HUMO VERDE BOMBUCHA x5u. 57718","categoria":"Cotillon","subcategoria":"Nieve/Serpentina/Pintura/Polvos/Cañones/P.Picado","precio":8159.4,"destacado":false,"descripcion":"","imagen":"assets/products/CA-779819415771.webp","tags":["bengala","humo","verde","bombucha","x5u","57718"]},{"id":"CA-779814797029","nombre":"BENGALA DE HUMO VERDE PS x5u BHVE","categoria":"Cotillon","subcategoria":"Nieve/Serpentina/Pintura/Polvos/Cañones/P.Picado","precio":6989.45,"destacado":false,"descripcion":"","imagen":"assets/products/CA-779814797029.webp","tags":["bengala","humo","verde","x5u","bhve"]},{"id":"CA-779832235774","nombre":"BENGALA DE HUMO VIOLETA PS x5u BHVL","categoria":"Cotillon","subcategoria":"Nieve/Serpentina/Pintura/Polvos/Cañones/P.Picado","precio":6989.45,"destacado":false,"descripcion":"","imagen":"assets/products/CA-779832235774.webp","tags":["bengala","humo","violeta","x5u","bhvl"]},{"id":"CA-779819415766","nombre":"BOMBITA DE AGUA BOMBUCHA(CAJAx24x100) 57664","categoria":"Cotillon","subcategoria":"Nieve/Serpentina/Pintura/Polvos/Cañones/P.Picado","precio":31161.0,"destacado":false,"descripcion":"","imagen":"assets/products/CA-779819415766.webp","tags":["bombita","agua","bombucha","cajax24x100","57664"]},{"id":"CA-779819415101","nombre":"BOMBITA DE AGUA PARTY TIME (30x80) 51013","categoria":"Cotillon","subcategoria":"Nieve/Serpentina/Pintura/Polvos/Cañones/P.Picado","precio":22500.0,"destacado":false,"descripcion":"* (05/12/2025)","imagen":"assets/products/CA-779819415101.webp","tags":["bombita","agua","party","time","30x80","51013"]},{"id":"CA-779003701319","nombre":"BOMBITA DE AGUA REY MOMO ( 30x100u.) 131099","categoria":"Cotillon","subcategoria":"Nieve/Serpentina/Pintura/Polvos/Cañones/P.Picado","precio":26894.79,"destacado":false,"descripcion":"","imagen":"assets/products/CA-779003701319.webp","tags":["bombita","agua","rey","momo","30x100u","131099"]},{"id":"CA-202200073331","nombre":"CAÑON CARIOCA AZUL Y AMARILLO CADENACI 40cm x1","categoria":"Cotillon","subcategoria":"Nieve/Serpentina/Pintura/Polvos/Cañones/P.Picado","precio":1558.01,"destacado":false,"descripcion":"","imagen":"assets/products/CA-202200073331.webp","tags":["cañon","carioca","azul","amarillo","cadenaci","40cm"]},{"id":"CA-609819417331","nombre":"CAÑON CARIOCA BOMBUCHA CIRCULOS IRIDISCENTES 40cm x1 73314","categoria":"Cotillon","subcategoria":"Nieve/Serpentina/Pintura/Polvos/Cañones/P.Picado","precio":2609.01,"destacado":false,"descripcion":"","imagen":"assets/products/CA-609819417331.webp","tags":["cañon","carioca","bombucha","circulos","iridiscentes","40cm","73314"]},{"id":"CA-609819417332","nombre":"CAÑON CARIOCA BOMBUCHA CIRCULOS METALIZADOS MULTICOLOR 40cm x1 73321","categoria":"Cotillon","subcategoria":"Nieve/Serpentina/Pintura/Polvos/Cañones/P.Picado","precio":2609.01,"destacado":false,"descripcion":"","imagen":"assets/products/CA-609819417332.webp","tags":["cañon","carioca","bombucha","circulos","metalizados","multicolor","40cm","73321"]},{"id":"CA-609819417321","nombre":"CAÑON CARIOCA BOMBUCHA CORAZONES METALIZADOS ROJO 40cm x1 73215","categoria":"Cotillon","subcategoria":"Nieve/Serpentina/Pintura/Polvos/Cañones/P.Picado","precio":2609.01,"destacado":false,"descripcion":"","imagen":"assets/products/CA-609819417321.webp","tags":["cañon","carioca","bombucha","corazones","metalizados","rojo","40cm","73215"]},{"id":"CA-609819417320","nombre":"CAÑON CARIOCA BOMBUCHA LLUVIA DE DOLARES 40cm x1 73208","categoria":"Cotillon","subcategoria":"Nieve/Serpentina/Pintura/Polvos/Cañones/P.Picado","precio":2332.37,"destacado":false,"descripcion":"","imagen":"assets/products/CA-609819417320.webp","tags":["cañon","carioca","bombucha","lluvia","dolares","40cm","73208"]},{"id":"CA-609819417322","nombre":"CAÑON CARIOCA BOMBUCHA LLUVIA DE ESTRELLAS METALIZADO DORADO 40cm x1 73222","categoria":"Cotillon","subcategoria":"Nieve/Serpentina/Pintura/Polvos/Cañones/P.Picado","precio":2445.99,"destacado":false,"descripcion":"","imagen":"assets/products/CA-609819417322.webp","tags":["cañon","carioca","bombucha","lluvia","estrellas","metalizado","dorado","40cm","73222"]},{"id":"CA-609819417323","nombre":"CAÑON CARIOCA BOMBUCHA LLUVIA DE ESTRELLAS METALIZADO PLATEADO 40cm x1 73239","categoria":"Cotillon","subcategoria":"Nieve/Serpentina/Pintura/Polvos/Cañones/P.Picado","precio":2445.99,"destacado":false,"descripcion":"","imagen":"assets/products/CA-609819417323.webp","tags":["cañon","carioca","bombucha","lluvia","estrellas","metalizado","plateado","40cm","73239"]},{"id":"CA-779842097338","nombre":"CAÑON CARIOCA BOMBUCHA ME RECIBI NEGRO/DORADO 40cm x1 73389","categoria":"Cotillon","subcategoria":"Nieve/Serpentina/Pintura/Polvos/Cañones/P.Picado","precio":2332.37,"destacado":false,"descripcion":"","imagen":"assets/products/CA-779842097338.webp","tags":["cañon","carioca","bombucha","recibi","negro","dorado","40cm","73389"]},{"id":"CA-609819417357","nombre":"CAÑON CARIOCA BOMBUCHA METALIZADO BOCA  40cm x1 73574","categoria":"Cotillon","subcategoria":"Nieve/Serpentina/Pintura/Polvos/Cañones/P.Picado","precio":1951.99,"destacado":false,"descripcion":"","imagen":"assets/products/CA-609819417357.webp","tags":["cañon","carioca","bombucha","metalizado","boca","40cm","73574"]},{"id":"CA-609819417327","nombre":"CAÑON CARIOCA BOMBUCHA METALIZADO DORADOS 40cm x1 73277","categoria":"Cotillon","subcategoria":"Nieve/Serpentina/Pintura/Polvos/Cañones/P.Picado","precio":2110.07,"destacado":false,"descripcion":"","imagen":"assets/products/CA-609819417327.webp","tags":["cañon","carioca","bombucha","metalizado","dorados","40cm","73277"]},{"id":"CA-609819417328","nombre":"CAÑON CARIOCA BOMBUCHA METALIZADO MULTICOLOR 40cm x1 73284","categoria":"Cotillon","subcategoria":"Nieve/Serpentina/Pintura/Polvos/Cañones/P.Picado","precio":1917.41,"destacado":false,"descripcion":"","imagen":"assets/products/CA-609819417328.webp","tags":["cañon","carioca","bombucha","metalizado","multicolor","40cm","73284"]},{"id":"CA-609819417329","nombre":"CAÑON CARIOCA BOMBUCHA METALIZADO PLATEADOS 40cm x1 73291","categoria":"Cotillon","subcategoria":"Nieve/Serpentina/Pintura/Polvos/Cañones/P.Picado","precio":2110.07,"destacado":false,"descripcion":"","imagen":"assets/products/CA-609819417329.webp","tags":["cañon","carioca","bombucha","metalizado","plateados","40cm","73291"]},{"id":"CA-609819417356","nombre":"CAÑON CARIOCA BOMBUCHA METALIZADO RIVER  40cm x1 73567","categoria":"Cotillon","subcategoria":"Nieve/Serpentina/Pintura/Polvos/Cañones/P.Picado","precio":1951.99,"destacado":false,"descripcion":"","imagen":"assets/products/CA-609819417356.webp","tags":["cañon","carioca","bombucha","metalizado","river","40cm","73567"]},{"id":"CA-609819417330","nombre":"CAÑON CARIOCA BOMBUCHA METALIZADO ROSA GOLD 40cm x1 73307","categoria":"Cotillon","subcategoria":"Nieve/Serpentina/Pintura/Polvos/Cañones/P.Picado","precio":2110.07,"destacado":false,"descripcion":"","imagen":"assets/products/CA-609819417330.webp","tags":["cañon","carioca","bombucha","metalizado","rosa","gold","40cm","73307"]},{"id":"CA-609819417325","nombre":"CAÑON CARIOCA BOMBUCHA PETALOS COLOR BLANCO 40cm x1 73253","categoria":"Cotillon","subcategoria":"Nieve/Serpentina/Pintura/Polvos/Cañones/P.Picado","precio":2608.32,"destacado":false,"descripcion":"","imagen":"assets/products/CA-609819417325.webp","tags":["cañon","carioca","bombucha","petalos","color","blanco","40cm","73253"]},{"id":"CA-609819417326","nombre":"CAÑON CARIOCA BOMBUCHA PETALOS COLOR ROJO 40cm x1 73260","categoria":"Cotillon","subcategoria":"Nieve/Serpentina/Pintura/Polvos/Cañones/P.Picado","precio":2608.32,"destacado":false,"descripcion":"","imagen":"assets/products/CA-609819417326.webp","tags":["cañon","carioca","bombucha","petalos","color","rojo","40cm","73260"]},{"id":"CA-609819417324","nombre":"CAÑON CARIOCA BOMBUCHA PETALOS COLOR ROSA 40cm x1 73246","categoria":"Cotillon","subcategoria":"Nieve/Serpentina/Pintura/Polvos/Cañones/P.Picado","precio":2608.32,"destacado":false,"descripcion":"","imagen":"assets/products/CA-609819417324.webp","tags":["cañon","carioca","bombucha","petalos","color","rosa","40cm","73246"]},{"id":"CA-779908800302","nombre":"CAÑON CARIOCA CORAZONES PARTY S R.R 40cm x1 LPI40C (Nº2)","categoria":"Cotillon","subcategoria":"Nieve/Serpentina/Pintura/Polvos/Cañones/P.Picado","precio":1593.51,"destacado":false,"descripcion":"","imagen":"assets/products/CA-779908800302.webp","tags":["cañon","carioca","corazones","party","40cm","lpi40c","nº2"]},{"id":"CA-202200073201","nombre":"CAÑON CARIOCA CORAZONES ROJOS CADENACI 40 cm x1 7320","categoria":"Cotillon","subcategoria":"Nieve/Serpentina/Pintura/Polvos/Cañones/P.Picado","precio":1558.01,"destacado":false,"descripcion":"","imagen":"assets/products/CA-202200073201.webp","tags":["cañon","carioca","corazones","rojos","cadenaci","7320"]},{"id":"CA-000000054371","nombre":"CAÑON CARIOCA EGRESADOS x1 J","categoria":"Cotillon","subcategoria":"Nieve/Serpentina/Pintura/Polvos/Cañones/P.Picado","precio":2645.5,"destacado":false,"descripcion":"","imagen":"assets/products/CA-000000054371.webp","tags":["cañon","carioca","egresados"]},{"id":"CA-786543211110","nombre":"CAÑON CARIOCA LANZA POLVO x1 ( VARIOS COLORES ) MM111-10","categoria":"Cotillon","subcategoria":"Nieve/Serpentina/Pintura/Polvos/Cañones/P.Picado","precio":3032.95,"destacado":false,"descripcion":"","imagen":"assets/products/CA-786543211110.webp","tags":["cañon","carioca","lanza","polvo","varios","colores","mm111"]}]}