{"category_slug":"halloween","subcategory_slug":"disfraces_ni_o_ni_a","page":4,"page_size":48,"total":163,"items":[{"id":"CA-000000049960","nombre":"DISFRAZ MERLINA FIESTA  O.N x1u. T2","categoria":"Halloween","subcategoria":"Disfraces Niño / Niña","precio":12474.0,"destacado":false,"descripcion":"","imagen":"assets/products/CA-000000049960.webp","tags":["disfraz","merlina","fiesta","x1u"]},{"id":"CA-000000049961","nombre":"DISFRAZ MERLINA FIESTA  O.N x1u. T3","categoria":"Halloween","subcategoria":"Disfraces Niño / Niña","precio":12474.0,"destacado":false,"descripcion":"","imagen":"assets/products/CA-000000049961.webp","tags":["disfraz","merlina","fiesta","x1u"]},{"id":"CA-000000048863","nombre":"DISFRAZ MERLINA T1 x1 ECHYZOS (2-4años)","categoria":"Halloween","subcategoria":"Disfraces Niño / Niña","precio":8161.36,"destacado":false,"descripcion":"","imagen":"assets/products/CA-000000048863.webp","tags":["disfraz","merlina","echyzos","4años"]},{"id":"CA-000000048864","nombre":"DISFRAZ MERLINA T2 x1 ECHYZOS (5-7años)","categoria":"Halloween","subcategoria":"Disfraces Niño / Niña","precio":8161.36,"destacado":false,"descripcion":"","imagen":"assets/products/CA-000000048864.webp","tags":["disfraz","merlina","echyzos","7años"]},{"id":"CA-000000048865","nombre":"DISFRAZ MERLINA T3 x1 ECHYZOS (7-9años)","categoria":"Halloween","subcategoria":"Disfraces Niño / Niña","precio":8161.36,"destacado":false,"descripcion":"","imagen":"assets/products/CA-000000048865.webp","tags":["disfraz","merlina","echyzos","9años"]},{"id":"CA-000000057990","nombre":"DISFRAZ NIÑA MERLINA  CROSTI x1 T3 art.180","categoria":"Halloween","subcategoria":"Disfraces Niño / Niña","precio":9045.0,"destacado":false,"descripcion":"","imagen":"assets/products/CA-000000057990.webp","tags":["disfraz","niña","merlina","crosti","art","180"]},{"id":"CA-000000058042","nombre":"DISFRAZ NIÑA MERLINA CROSTI x1 T4 art.180","categoria":"Halloween","subcategoria":"Disfraces Niño / Niña","precio":9045.0,"destacado":false,"descripcion":"","imagen":"assets/products/CA-000000058042.webp","tags":["disfraz","niña","merlina","crosti","art","180"]},{"id":"CA-000000058054","nombre":"DISFRAZ NIÑA PIRATA TUTU CROSTI x1 T1 art.253","categoria":"Halloween","subcategoria":"Disfraces Niño / Niña","precio":13095.0,"destacado":false,"descripcion":"","imagen":"assets/products/CA-000000058054.webp","tags":["disfraz","niña","pirata","tutu","crosti","art","253"]},{"id":"CA-000000058055","nombre":"DISFRAZ NIÑA PIRATA TUTU CROSTI x1 T2 art.253","categoria":"Halloween","subcategoria":"Disfraces Niño / Niña","precio":13095.0,"destacado":false,"descripcion":"","imagen":"assets/products/CA-000000058055.webp","tags":["disfraz","niña","pirata","tutu","crosti","art","253"]},{"id":"CA-000000058057","nombre":"DISFRAZ NIÑA PIRATA TUTU CROSTI x1 T3 art.253","categoria":"Halloween","subcategoria":"Disfraces Niño / Niña","precio":13095.0,"destacado":false,"descripcion":"","imagen":"assets/products/CA-000000058057.webp","tags":["disfraz","niña","pirata","tutu","crosti","art","253"]},{"id":"CA-000000058040","nombre":"DISFRAZ NIÑO PRISIONERO NARANJA CROSTI x1 T3","categoria":"Halloween","subcategoria":"Disfraces Niño / Niña","precio":8370.0,"destacado":false,"descripcion":"","imagen":"assets/products/CA-000000058040.webp","tags":["disfraz","niño","prisionero","naranja","crosti"]},{"id":"CA-000000057928","nombre":"DISFRAZ NIÑO PRISIONERO NARANJA CROSTI x1 T4","categoria":"Halloween","subcategoria":"Disfraces Niño / Niña","precio":8370.0,"destacado":false,"descripcion":"","imagen":"assets/products/CA-000000057928.webp","tags":["disfraz","niño","prisionero","naranja","crosti"]},{"id":"CA-000000049308","nombre":"DISFRAZ PERSONAJE MERLINA T0 x1 ME1000  (3-4años)","categoria":"Halloween","subcategoria":"Disfraces Niño / Niña","precio":13825.28,"destacado":false,"descripcion":"","imagen":"assets/products/CA-000000049308.webp","tags":["disfraz","personaje","merlina","me1000","4años"]},{"id":"CA-000000049309","nombre":"DISFRAZ PERSONAJE MERLINA T1 x1 ME1001  (5-6años)","categoria":"Halloween","subcategoria":"Disfraces Niño / Niña","precio":13825.28,"destacado":false,"descripcion":"","imagen":"assets/products/CA-000000049309.webp","tags":["disfraz","personaje","merlina","me1001","6años"]},{"id":"CA-000000049310","nombre":"DISFRAZ PERSONAJE MERLINA T2 x1 ME1002  (7-8años)","categoria":"Halloween","subcategoria":"Disfraces Niño / Niña","precio":13825.28,"destacado":false,"descripcion":"","imagen":"assets/products/CA-000000049310.webp","tags":["disfraz","personaje","merlina","me1002","8años"]},{"id":"CA-000000057563","nombre":"DISFRAZ PERSONAJE MERLINA T3 x1 ME1003  (9-10años)","categoria":"Halloween","subcategoria":"Disfraces Niño / Niña","precio":13825.28,"destacado":false,"descripcion":"","imagen":"assets/products/CA-000000057563.webp","tags":["disfraz","personaje","merlina","me1003","10años"]},{"id":"CA-000000058058","nombre":"DISFRAZ VESTIDO BRUJA C/ESCOBA CROSTIx1 T1 art.249","categoria":"Halloween","subcategoria":"Disfraces Niño / Niña","precio":7155.0,"destacado":false,"descripcion":"","imagen":"assets/products/CA-000000058058.webp","tags":["disfraz","vestido","bruja","escoba","crostix1","art","249"]},{"id":"CA-000000058059","nombre":"DISFRAZ VESTIDO BRUJA C/ESCOBA CROSTIx1 T2 art.249","categoria":"Halloween","subcategoria":"Disfraces Niño / Niña","precio":7155.0,"destacado":false,"descripcion":"","imagen":"assets/products/CA-000000058059.webp","tags":["disfraz","vestido","bruja","escoba","crostix1","art","249"]},{"id":"CA-000000058060","nombre":"DISFRAZ VESTIDO BRUJA C/ESCOBA CROSTIx1 T3 art.249","categoria":"Halloween","subcategoria":"Disfraces Niño / Niña","precio":7155.0,"destacado":false,"descripcion":"","imagen":"assets/products/CA-000000058060.webp","tags":["disfraz","vestido","bruja","escoba","crostix1","art","249"]}]}