{"category_slug":"halloween","subcategory_slug":"disfraces_ni_o_ni_a","page":2,"page_size":48,"total":163,"items":[{"id":"CA-000000050396","nombre":"DISFRAZ GATITA CON TULL CROSTI x1 T3 art.188","categoria":"Halloween","subcategoria":"Disfraces Niño / Niña","precio":12420.0,"destacado":false,"descripcion":"","imagen":"assets/products/CA-000000050396.webp","tags":["disfraz","gatita","con","tull","crosti","art","188"]},{"id":"CA-779837770295","nombre":"DISFRAZ HALLOWEEN ARLEQUINA NEW TOYS T1 x1 1459","categoria":"Halloween","subcategoria":"Disfraces Niño / Niña","precio":17344.46,"destacado":false,"descripcion":"","imagen":"assets/products/CA-779837770295.webp","tags":["disfraz","halloween","arlequina","new","toys","1459"]},{"id":"CA-779837770301","nombre":"DISFRAZ HALLOWEEN ARLEQUINA NEW TOYS T2 x1 1460","categoria":"Halloween","subcategoria":"Disfraces Niño / Niña","precio":17344.46,"destacado":false,"descripcion":"","imagen":"assets/products/CA-779837770301.webp","tags":["disfraz","halloween","arlequina","new","toys","1460"]},{"id":"CA-779837770300","nombre":"DISFRAZ HALLOWEEN ARLEQUINA NEW TOYS T3 x1 1461","categoria":"Halloween","subcategoria":"Disfraces Niño / Niña","precio":17344.46,"destacado":false,"descripcion":"","imagen":"assets/products/CA-779837770300.webp","tags":["disfraz","halloween","arlequina","new","toys","1461"]},{"id":"CA-000000053311","nombre":"DISFRAZ HALLOWEEN BRUJA CON VINCHA ECHYZOS x1 TALLE 1","categoria":"Halloween","subcategoria":"Disfraces Niño / Niña","precio":9715.95,"destacado":false,"descripcion":"","imagen":"assets/products/CA-000000053311.webp","tags":["disfraz","halloween","bruja","con","vincha","echyzos","talle"]},{"id":"CA-000000053312","nombre":"DISFRAZ HALLOWEEN BRUJA CON VINCHA ECHYZOS x1 TALLE 2","categoria":"Halloween","subcategoria":"Disfraces Niño / Niña","precio":9715.95,"destacado":false,"descripcion":"","imagen":"assets/products/CA-000000053312.webp","tags":["disfraz","halloween","bruja","con","vincha","echyzos","talle"]},{"id":"CA-000000053313","nombre":"DISFRAZ HALLOWEEN BRUJA CON VINCHA ECHYZOS x1 TALLE 3","categoria":"Halloween","subcategoria":"Disfraces Niño / Niña","precio":9715.95,"destacado":false,"descripcion":"","imagen":"assets/products/CA-000000053313.webp","tags":["disfraz","halloween","bruja","con","vincha","echyzos","talle"]},{"id":"CA-000000053314","nombre":"DISFRAZ HALLOWEEN DIABLA CON VINCHA ECHYZOS x1 TALLE 1","categoria":"Halloween","subcategoria":"Disfraces Niño / Niña","precio":9715.95,"destacado":false,"descripcion":"","imagen":"assets/products/CA-000000053314.webp","tags":["disfraz","halloween","diabla","con","vincha","echyzos","talle"]},{"id":"CA-000000053315","nombre":"DISFRAZ HALLOWEEN DIABLA CON VINCHA ECHYZOS x1 TALLE 2","categoria":"Halloween","subcategoria":"Disfraces Niño / Niña","precio":9715.95,"destacado":false,"descripcion":"","imagen":"assets/products/CA-000000053315.webp","tags":["disfraz","halloween","diabla","con","vincha","echyzos","talle"]},{"id":"CA-000000053316","nombre":"DISFRAZ HALLOWEEN DIABLA CON VINCHA ECHYZOS x1 TALLE 3","categoria":"Halloween","subcategoria":"Disfraces Niño / Niña","precio":9715.95,"destacado":false,"descripcion":"","imagen":"assets/products/CA-000000053316.webp","tags":["disfraz","halloween","diabla","con","vincha","echyzos","talle"]},{"id":"CA-779837770200","nombre":"DISFRAZ HALLOWEEN DIABLO CON TRIDENTE NEW TOYS T0 x1 1441","categoria":"Halloween","subcategoria":"Disfraces Niño / Niña","precio":13322.54,"destacado":false,"descripcion":"","imagen":"assets/products/CA-779837770200.webp","tags":["disfraz","halloween","diablo","con","tridente","new","toys","1441"]},{"id":"CA-779837770201","nombre":"DISFRAZ HALLOWEEN DIABLO CON TRIDENTE NEW TOYS T1 x1 1442","categoria":"Halloween","subcategoria":"Disfraces Niño / Niña","precio":13322.54,"destacado":false,"descripcion":"","imagen":"assets/products/CA-779837770201.webp","tags":["disfraz","halloween","diablo","con","tridente","new","toys","1442"]},{"id":"CA-779837770202","nombre":"DISFRAZ HALLOWEEN DIABLO CON TRIDENTE NEW TOYS T2 x1 1443","categoria":"Halloween","subcategoria":"Disfraces Niño / Niña","precio":13322.54,"destacado":false,"descripcion":"","imagen":"assets/products/CA-779837770202.webp","tags":["disfraz","halloween","diablo","con","tridente","new","toys","1443"]},{"id":"CA-779814781059","nombre":"DISFRAZ HALLOWEEN DRACULA C/CAPA NIÑO CANDELA x1 T1","categoria":"Halloween","subcategoria":"Disfraces Niño / Niña","precio":12119.63,"destacado":false,"descripcion":"","imagen":"assets/products/CA-779814781059.webp","tags":["disfraz","halloween","dracula","capa","niño","candela"]},{"id":"CA-779814781240","nombre":"DISFRAZ HALLOWEEN DRACULA C/CAPA NIÑO CANDELA x1 T2","categoria":"Halloween","subcategoria":"Disfraces Niño / Niña","precio":12119.63,"destacado":false,"descripcion":"","imagen":"assets/products/CA-779814781240.webp","tags":["disfraz","halloween","dracula","capa","niño","candela"]},{"id":"CA-779814781241","nombre":"DISFRAZ HALLOWEEN DRACULA C/CAPA NIÑO CANDELA x1 T3","categoria":"Halloween","subcategoria":"Disfraces Niño / Niña","precio":12119.63,"destacado":false,"descripcion":"","imagen":"assets/products/CA-779814781241.webp","tags":["disfraz","halloween","dracula","capa","niño","candela"]},{"id":"CA-779814781551","nombre":"DISFRAZ HALLOWEEN DRACULA C/CAPA NIÑO CANDELA x1 T4","categoria":"Halloween","subcategoria":"Disfraces Niño / Niña","precio":14197.28,"destacado":false,"descripcion":"","imagen":"assets/products/CA-779814781551.webp","tags":["disfraz","halloween","dracula","capa","niño","candela"]},{"id":"CA-779814781732","nombre":"DISFRAZ HALLOWEEN DRACULA CANDELA T0 x1","categoria":"Halloween","subcategoria":"Disfraces Niño / Niña","precio":11167.37,"destacado":false,"descripcion":"","imagen":"assets/products/CA-779814781732.webp","tags":["disfraz","halloween","dracula","candela"]},{"id":"CA-000000032665","nombre":"DISFRAZ HALLOWEEN ESPANTO CON HARAPOS CROSTI x1 T1 art.51","categoria":"Halloween","subcategoria":"Disfraces Niño / Niña","precio":7290.0,"destacado":false,"descripcion":"","imagen":"assets/products/CA-000000032665.webp","tags":["disfraz","halloween","espanto","con","harapos","crosti","art"]},{"id":"CA-000000032666","nombre":"DISFRAZ HALLOWEEN ESPANTO CON HARAPOS CROSTI x1 T2 art.51","categoria":"Halloween","subcategoria":"Disfraces Niño / Niña","precio":7290.0,"destacado":false,"descripcion":"","imagen":"assets/products/CA-000000032666.webp","tags":["disfraz","halloween","espanto","con","harapos","crosti","art"]},{"id":"CA-000000032667","nombre":"DISFRAZ HALLOWEEN ESPANTO CON HARAPOS CROSTI x1 T3 art.51","categoria":"Halloween","subcategoria":"Disfraces Niño / Niña","precio":7290.0,"destacado":false,"descripcion":"","imagen":"assets/products/CA-000000032667.webp","tags":["disfraz","halloween","espanto","con","harapos","crosti","art"]},{"id":"CA-779814781755","nombre":"DISFRAZ HALLOWEEN ESQUELETITO CANDELA T0 x1","categoria":"Halloween","subcategoria":"Disfraces Niño / Niña","precio":11859.92,"destacado":false,"descripcion":"","imagen":"assets/products/CA-779814781755.webp","tags":["disfraz","halloween","esqueletito","candela"]},{"id":"CA-000000021069","nombre":"DISFRAZ HALLOWEEN ESQUELETO  CROSTI T2x1 art.57","categoria":"Halloween","subcategoria":"Disfraces Niño / Niña","precio":12960.0,"destacado":false,"descripcion":"","imagen":"assets/products/CA-000000021069.webp","tags":["disfraz","halloween","esqueleto","crosti","t2x1","art"]},{"id":"CA-000000021070","nombre":"DISFRAZ HALLOWEEN ESQUELETO  CROSTI T3x1 art.57","categoria":"Halloween","subcategoria":"Disfraces Niño / Niña","precio":12960.0,"destacado":false,"descripcion":"","imagen":"assets/products/CA-000000021070.webp","tags":["disfraz","halloween","esqueleto","crosti","t3x1","art"]},{"id":"CA-000000031939","nombre":"DISFRAZ HALLOWEEN ESQUELETO CROSTI T4x1 art.57","categoria":"Halloween","subcategoria":"Disfraces Niño / Niña","precio":12960.0,"destacado":false,"descripcion":"","imagen":"assets/products/CA-000000031939.webp","tags":["disfraz","halloween","esqueleto","crosti","t4x1","art"]},{"id":"CA-779814781092","nombre":"DISFRAZ HALLOWEEN ESQUELETO ESTAMPADO NIÑO CANDELA x1 H074 T1","categoria":"Halloween","subcategoria":"Disfraces Niño / Niña","precio":15149.53,"destacado":false,"descripcion":"","imagen":"assets/products/CA-779814781092.webp","tags":["disfraz","halloween","esqueleto","estampado","niño","candela","h074"]},{"id":"CA-779814781246","nombre":"DISFRAZ HALLOWEEN ESQUELETO ESTAMPADO NIÑO CANDELA x1 H074 T2","categoria":"Halloween","subcategoria":"Disfraces Niño / Niña","precio":15149.53,"destacado":false,"descripcion":"","imagen":"assets/products/CA-779814781246.webp","tags":["disfraz","halloween","esqueleto","estampado","niño","candela","h074"]},{"id":"CA-779814781247","nombre":"DISFRAZ HALLOWEEN ESQUELETO ESTAMPADO NIÑO CANDELA x1 H074 T3","categoria":"Halloween","subcategoria":"Disfraces Niño / Niña","precio":15149.53,"destacado":false,"descripcion":"","imagen":"assets/products/CA-779814781247.webp","tags":["disfraz","halloween","esqueleto","estampado","niño","candela","h074"]},{"id":"CA-779814781558","nombre":"DISFRAZ HALLOWEEN ESQUELETO ESTAMPADO NIÑO CANDELA x1 H074 T4","categoria":"Halloween","subcategoria":"Disfraces Niño / Niña","precio":17227.18,"destacado":false,"descripcion":"","imagen":"assets/products/CA-779814781558.webp","tags":["disfraz","halloween","esqueleto","estampado","niño","candela","h074"]},{"id":"CA-779837770151","nombre":"DISFRAZ HALLOWEEN ESQUELETO NENA NEW TOYS T0 x1 1435","categoria":"Halloween","subcategoria":"Disfraces Niño / Niña","precio":13322.54,"destacado":false,"descripcion":"","imagen":"assets/products/CA-779837770151.webp","tags":["disfraz","halloween","esqueleto","nena","new","toys","1435"]},{"id":"CA-779837770152","nombre":"DISFRAZ HALLOWEEN ESQUELETO NENA NEW TOYS T1 x1 1436","categoria":"Halloween","subcategoria":"Disfraces Niño / Niña","precio":13322.54,"destacado":false,"descripcion":"","imagen":"assets/products/CA-779837770152.webp","tags":["disfraz","halloween","esqueleto","nena","new","toys","1436"]},{"id":"CA-779837770153","nombre":"DISFRAZ HALLOWEEN ESQUELETO NENA NEW TOYS T2 x1 1437","categoria":"Halloween","subcategoria":"Disfraces Niño / Niña","precio":13322.54,"destacado":false,"descripcion":"","imagen":"assets/products/CA-779837770153.webp","tags":["disfraz","halloween","esqueleto","nena","new","toys","1437"]},{"id":"CA-000000007197","nombre":"DISFRAZ HALLOWEEN FANTASMA CROSTIx1 T1 art.58","categoria":"Halloween","subcategoria":"Disfraces Niño / Niña","precio":7155.0,"destacado":false,"descripcion":"","imagen":"assets/products/CA-000000007197.webp","tags":["disfraz","halloween","fantasma","crostix1","art"]},{"id":"CA-000000009799","nombre":"DISFRAZ HALLOWEEN FANTASMA CROSTIx1 T2 art.58","categoria":"Halloween","subcategoria":"Disfraces Niño / Niña","precio":7155.0,"destacado":false,"descripcion":"","imagen":"assets/products/CA-000000009799.webp","tags":["disfraz","halloween","fantasma","crostix1","art"]},{"id":"CA-000000009800","nombre":"DISFRAZ HALLOWEEN FANTASMA CROSTIx1 T3 art.58","categoria":"Halloween","subcategoria":"Disfraces Niño / Niña","precio":7155.0,"destacado":false,"descripcion":"","imagen":"assets/products/CA-000000009800.webp","tags":["disfraz","halloween","fantasma","crostix1","art"]},{"id":"CA-779814781056","nombre":"DISFRAZ HALLOWEEN FANTASMA NIÑO CANDELA T1 x1","categoria":"Halloween","subcategoria":"Disfraces Niño / Niña","precio":11340.51,"destacado":false,"descripcion":"","imagen":"assets/products/CA-779814781056.webp","tags":["disfraz","halloween","fantasma","niño","candela"]},{"id":"CA-779814781238","nombre":"DISFRAZ HALLOWEEN FANTASMA NIÑO CANDELA T2 x1","categoria":"Halloween","subcategoria":"Disfraces Niño / Niña","precio":11340.51,"destacado":false,"descripcion":"","imagen":"assets/products/CA-779814781238.webp","tags":["disfraz","halloween","fantasma","niño","candela"]},{"id":"CA-779814781239","nombre":"DISFRAZ HALLOWEEN FANTASMA NIÑO CANDELA T3 x1","categoria":"Halloween","subcategoria":"Disfraces Niño / Niña","precio":11340.51,"destacado":false,"descripcion":"","imagen":"assets/products/CA-779814781239.webp","tags":["disfraz","halloween","fantasma","niño","candela"]},{"id":"CA-000000058077","nombre":"DISFRAZ HALLOWEEN FANTASMA TNT CROSTI x1  art.244","categoria":"Halloween","subcategoria":"Disfraces Niño / Niña","precio":5130.0,"destacado":false,"descripcion":"","imagen":"assets/products/CA-000000058077.webp","tags":["disfraz","halloween","fantasma","tnt","crosti","art","244"]},{"id":"CA-779814781472","nombre":"DISFRAZ HALLOWEEN FREDDY KRUGER NIÑO CANDELA T1 x1","categoria":"Halloween","subcategoria":"Disfraces Niño / Niña","precio":13764.43,"destacado":false,"descripcion":"","imagen":"assets/products/CA-779814781472.webp","tags":["disfraz","halloween","freddy","kruger","niño","candela"]},{"id":"CA-779814781473","nombre":"DISFRAZ HALLOWEEN FREDDY KRUGER NIÑO CANDELA T2 x1","categoria":"Halloween","subcategoria":"Disfraces Niño / Niña","precio":13764.43,"destacado":false,"descripcion":"","imagen":"assets/products/CA-779814781473.webp","tags":["disfraz","halloween","freddy","kruger","niño","candela"]},{"id":"CA-779814781474","nombre":"DISFRAZ HALLOWEEN FREDDY KRUGER NIÑO CANDELA T3 x1","categoria":"Halloween","subcategoria":"Disfraces Niño / Niña","precio":13764.43,"destacado":false,"descripcion":"","imagen":"assets/products/CA-779814781474.webp","tags":["disfraz","halloween","freddy","kruger","niño","candela"]},{"id":"CA-779814781556","nombre":"DISFRAZ HALLOWEEN FREDDY KRUGER NIÑO CANDELA T4 x1","categoria":"Halloween","subcategoria":"Disfraces Niño / Niña","precio":16361.49,"destacado":false,"descripcion":"","imagen":"assets/products/CA-779814781556.webp","tags":["disfraz","halloween","freddy","kruger","niño","candela"]},{"id":"CA-779837770308","nombre":"DISFRAZ HALLOWEEN HOMBRE LOBO NEW TOYS T1 x1 1456","categoria":"Halloween","subcategoria":"Disfraces Niño / Niña","precio":13322.54,"destacado":false,"descripcion":"","imagen":"assets/products/CA-779837770308.webp","tags":["disfraz","halloween","hombre","lobo","new","toys","1456"]},{"id":"CA-779837770307","nombre":"DISFRAZ HALLOWEEN HOMBRE LOBO NEW TOYS T2 x1 1457","categoria":"Halloween","subcategoria":"Disfraces Niño / Niña","precio":13322.54,"destacado":false,"descripcion":"","imagen":"assets/products/CA-779837770307.webp","tags":["disfraz","halloween","hombre","lobo","new","toys","1457"]},{"id":"CA-779837770296","nombre":"DISFRAZ HALLOWEEN HOMBRE LOBO NEW TOYS T3 x1 1458","categoria":"Halloween","subcategoria":"Disfraces Niño / Niña","precio":13322.54,"destacado":false,"descripcion":"","imagen":"assets/products/CA-779837770296.webp","tags":["disfraz","halloween","hombre","lobo","new","toys","1458"]},{"id":"CA-779837770303","nombre":"DISFRAZ HALLOWEEN LA PARCA NEW TOYS T1 x1 1453","categoria":"Halloween","subcategoria":"Disfraces Niño / Niña","precio":13322.54,"destacado":false,"descripcion":"","imagen":"assets/products/CA-779837770303.webp","tags":["disfraz","halloween","parca","new","toys","1453"]},{"id":"CA-779837770302","nombre":"DISFRAZ HALLOWEEN LA PARCA NEW TOYS T2 x1 1454","categoria":"Halloween","subcategoria":"Disfraces Niño / Niña","precio":13322.54,"destacado":false,"descripcion":"","imagen":"assets/products/CA-779837770302.webp","tags":["disfraz","halloween","parca","new","toys","1454"]}]}