{"category_slug":"cotillon","subcategory_slug":"globos_kit_y_siluetas_personajes","page":2,"page_size":48,"total":107,"items":[{"id":"CA-000000056273","nombre":"KIT GLOBOS PERSONAJE LILO Y STITCH 5 PIEZAS x1  110","categoria":"Cotillon","subcategoria":"Globos Kit Y Siluetas Personajes","precio":2492.34,"destacado":false,"descripcion":"","imagen":"assets/products/CA-000000056273.webp","tags":["kit","globos","personaje","lilo","stitch","piezas","110"]},{"id":"CA-692506261035","nombre":"KIT GLOBOS PERSONAJE MERLINA 10 PIEZAS x1 GY-S10-35","categoria":"Cotillon","subcategoria":"Globos Kit Y Siluetas Personajes","precio":2679.95,"destacado":false,"descripcion":"","imagen":"assets/products/CA-692506261035.webp","tags":["kit","globos","personaje","merlina","piezas","s10"]},{"id":"CA-692506261036","nombre":"KIT GLOBOS PERSONAJE MERLINA 10 PIEZAS x1 GY-S10-36","categoria":"Cotillon","subcategoria":"Globos Kit Y Siluetas Personajes","precio":2679.95,"destacado":false,"descripcion":"","imagen":"assets/products/CA-692506261036.webp","tags":["kit","globos","personaje","merlina","piezas","s10"]},{"id":"CA-692025031221","nombre":"KIT GLOBOS PERSONAJE MERLINA x1 GY-1221","categoria":"Cotillon","subcategoria":"Globos Kit Y Siluetas Personajes","precio":2274.74,"destacado":false,"descripcion":"","imagen":"assets/products/CA-692025031221.webp","tags":["kit","globos","personaje","merlina","1221"]},{"id":"CA-690250807256","nombre":"KIT GLOBOS PERSONAJE MICKEY 5 PIEZAS x1 SU-256","categoria":"Cotillon","subcategoria":"Globos Kit Y Siluetas Personajes","precio":2271.92,"destacado":false,"descripcion":"","imagen":"assets/products/CA-690250807256.webp","tags":["kit","globos","personaje","mickey","piezas","256"]},{"id":"CA-000000056803","nombre":"KIT GLOBOS PERSONAJE MICKEY AUTO 5 PIEZAS x1","categoria":"Cotillon","subcategoria":"Globos Kit Y Siluetas Personajes","precio":2340.8,"destacado":false,"descripcion":"","imagen":"assets/products/CA-000000056803.webp","tags":["kit","globos","personaje","mickey","auto","piezas"]},{"id":"CA-000000055901","nombre":"KIT GLOBOS PERSONAJE MINIONS 5 PIEZAS  x1","categoria":"Cotillon","subcategoria":"Globos Kit Y Siluetas Personajes","precio":2340.8,"destacado":false,"descripcion":"","imagen":"assets/products/CA-000000055901.webp","tags":["kit","globos","personaje","minions","piezas"]},{"id":"CA-000000055657","nombre":"KIT GLOBOS PERSONAJE MINIONS 7 PIEZAS  x1","categoria":"Cotillon","subcategoria":"Globos Kit Y Siluetas Personajes","precio":1860.19,"destacado":false,"descripcion":"","imagen":"assets/products/CA-000000055657.webp","tags":["kit","globos","personaje","minions","piezas"]},{"id":"CA-000000056804","nombre":"KIT GLOBOS PERSONAJE MINNIE AUTO 5 PIEZAS x1","categoria":"Cotillon","subcategoria":"Globos Kit Y Siluetas Personajes","precio":2340.8,"destacado":false,"descripcion":"","imagen":"assets/products/CA-000000056804.webp","tags":["kit","globos","personaje","minnie","auto","piezas"]},{"id":"CA-692025031191","nombre":"KIT GLOBOS PERSONAJE MINNIE BABY x1 GY-1191","categoria":"Cotillon","subcategoria":"Globos Kit Y Siluetas Personajes","precio":2274.74,"destacado":false,"descripcion":"","imagen":"assets/products/CA-692025031191.webp","tags":["kit","globos","personaje","minnie","baby","1191"]},{"id":"CA-690219051052","nombre":"KIT GLOBOS PERSONAJE PAW PATROL 5 PIEZAS x1 GY-510-52","categoria":"Cotillon","subcategoria":"Globos Kit Y Siluetas Personajes","precio":2067.95,"destacado":false,"descripcion":"","imagen":"assets/products/CA-690219051052.webp","tags":["kit","globos","personaje","paw","patrol","piezas","510"]},{"id":"CA-692025031187","nombre":"KIT GLOBOS PERSONAJE PEPPA PIG 5 PIEZAS x1 GY-1187","categoria":"Cotillon","subcategoria":"Globos Kit Y Siluetas Personajes","precio":2115.75,"destacado":false,"descripcion":"","imagen":"assets/products/CA-692025031187.webp","tags":["kit","globos","personaje","peppa","pig","piezas","1187"]},{"id":"CA-692024121213","nombre":"KIT GLOBOS PERSONAJE PEPPA PIG 7 PIEZAS x1 GY-520","categoria":"Cotillon","subcategoria":"Globos Kit Y Siluetas Personajes","precio":2492.34,"destacado":false,"descripcion":"","imagen":"assets/products/CA-692024121213.webp","tags":["kit","globos","personaje","peppa","pig","piezas","520"]},{"id":"CA-692506261005","nombre":"KIT GLOBOS PERSONAJE PLIM PLIM 10 PIEZAS x1 GY-S10-5","categoria":"Cotillon","subcategoria":"Globos Kit Y Siluetas Personajes","precio":2679.95,"destacado":false,"descripcion":"","imagen":"assets/products/CA-692506261005.webp","tags":["kit","globos","personaje","plim","plim","piezas","s10"]},{"id":"CA-770225257444","nombre":"KIT GLOBOS PERSONAJE POCHACCO 5 PIEZAS x1","categoria":"Cotillon","subcategoria":"Globos Kit Y Siluetas Personajes","precio":2194.5,"destacado":false,"descripcion":"","imagen":"assets/products/CA-770225257444.webp","tags":["kit","globos","personaje","pochacco","piezas"]},{"id":"CA-692025031252","nombre":"KIT GLOBOS PERSONAJE POCHACCO 5 PIEZAS x1 GY-1252","categoria":"Cotillon","subcategoria":"Globos Kit Y Siluetas Personajes","precio":2220.67,"destacado":false,"descripcion":"","imagen":"assets/products/CA-692025031252.webp","tags":["kit","globos","personaje","pochacco","piezas","1252"]},{"id":"CA-202502281709","nombre":"KIT GLOBOS PERSONAJE PREMIUM FELIZ CUMPLEAÑOS LABUBU 72 PIEZAS x1","categoria":"Cotillon","subcategoria":"Globos Kit Y Siluetas Personajes","precio":10108.0,"destacado":false,"descripcion":"","imagen":"assets/products/CA-202502281709.webp","tags":["kit","globos","personaje","premium","feliz","cumpleaños","labubu","piezas"]},{"id":"CA-643936663636","nombre":"KIT GLOBOS PERSONAJE PREMIUM FELIZ CUMPLEAÑOS STITCH 59 PIEZAS x1 SU-134/XY-04395","categoria":"Cotillon","subcategoria":"Globos Kit Y Siluetas Personajes","precio":9926.14,"destacado":false,"descripcion":"","imagen":"assets/products/CA-643936663636.webp","tags":["kit","globos","personaje","premium","feliz","cumpleaños","stitch","piezas","134","04395"]},{"id":"CA-647852307214","nombre":"KIT GLOBOS PERSONAJE PREMIUM FELIZ CUMPLEAÑOS STITCH 61 PIEZAS x1 SU-07214/XY-07268","categoria":"Cotillon","subcategoria":"Globos Kit Y Siluetas Personajes","precio":10822.88,"destacado":false,"descripcion":"","imagen":"assets/products/CA-647852307214.webp","tags":["kit","globos","personaje","premium","feliz","cumpleaños","stitch","piezas","07214","07268"]},{"id":"CA-202502281703","nombre":"KIT GLOBOS PERSONAJE PREMIUM FELIZ CUMPLEAÑOS STITCH 67 PIEZAS x1","categoria":"Cotillon","subcategoria":"Globos Kit Y Siluetas Personajes","precio":10108.0,"destacado":false,"descripcion":"","imagen":"assets/products/CA-202502281703.webp","tags":["kit","globos","personaje","premium","feliz","cumpleaños","stitch","piezas"]},{"id":"CA-202502281701","nombre":"KIT GLOBOS PERSONAJE PREMIUM KUROMI 69 PZS x1","categoria":"Cotillon","subcategoria":"Globos Kit Y Siluetas Personajes","precio":10108.0,"destacado":false,"descripcion":"","imagen":"assets/products/CA-202502281701.webp","tags":["kit","globos","personaje","premium","kuromi","pzs"]},{"id":"CA-692025062620","nombre":"KIT GLOBOS PERSONAJE PRINCESAS 5 PIEZAS x1 GY-S5-20","categoria":"Cotillon","subcategoria":"Globos Kit Y Siluetas Personajes","precio":2164.58,"destacado":false,"descripcion":"","imagen":"assets/products/CA-692025062620.webp","tags":["kit","globos","personaje","princesas","piezas"]},{"id":"CA-692025031231","nombre":"KIT GLOBOS PERSONAJE SIMPSONS 5 PIEZAS x1 GY-1231","categoria":"Cotillon","subcategoria":"Globos Kit Y Siluetas Personajes","precio":2274.74,"destacado":false,"descripcion":"","imagen":"assets/products/CA-692025031231.webp","tags":["kit","globos","personaje","simpsons","piezas","1231"]},{"id":"CA-692024121204","nombre":"KIT GLOBOS PERSONAJE SONIC 5 PIEZAS  x1 GY-520","categoria":"Cotillon","subcategoria":"Globos Kit Y Siluetas Personajes","precio":2480.25,"destacado":false,"descripcion":"","imagen":"assets/products/CA-692024121204.webp","tags":["kit","globos","personaje","sonic","piezas","520"]},{"id":"CA-694584762454","nombre":"KIT GLOBOS PERSONAJE SONIC 5 PIEZAS x1 2208038","categoria":"Cotillon","subcategoria":"Globos Kit Y Siluetas Personajes","precio":2274.74,"destacado":false,"descripcion":"","imagen":"assets/products/CA-694584762454.webp","tags":["kit","globos","personaje","sonic","piezas","2208038"]},{"id":"CA-692502170393","nombre":"KIT GLOBOS PERSONAJE SONIC 5 PIEZAS x1 F393","categoria":"Cotillon","subcategoria":"Globos Kit Y Siluetas Personajes","precio":2274.74,"destacado":false,"descripcion":"","imagen":"assets/products/CA-692502170393.webp","tags":["kit","globos","personaje","sonic","piezas","f393"]},{"id":"CA-690250529172","nombre":"KIT GLOBOS PERSONAJE SONIC 5 PIEZAS x1 SU-172","categoria":"Cotillon","subcategoria":"Globos Kit Y Siluetas Personajes","precio":2274.74,"destacado":false,"descripcion":"","imagen":"assets/products/CA-690250529172.webp","tags":["kit","globos","personaje","sonic","piezas","172"]},{"id":"CA-690138500035","nombre":"KIT GLOBOS PERSONAJE SONIC 5 PIEZAS x1 XY-Q035","categoria":"Cotillon","subcategoria":"Globos Kit Y Siluetas Personajes","precio":2274.74,"destacado":false,"descripcion":"","imagen":"assets/products/CA-690138500035.webp","tags":["kit","globos","personaje","sonic","piezas","q035"]},{"id":"CA-692025031196","nombre":"KIT GLOBOS PERSONAJE SPIDERMAN 5 PIEZAS x1 GY-1196","categoria":"Cotillon","subcategoria":"Globos Kit Y Siluetas Personajes","precio":2274.74,"destacado":false,"descripcion":"","imagen":"assets/products/CA-692025031196.webp","tags":["kit","globos","personaje","spiderman","piezas","1196"]},{"id":"CA-692025031200","nombre":"KIT GLOBOS PERSONAJE SPIDERMAN 5 PIEZAS x1 GY-1200","categoria":"Cotillon","subcategoria":"Globos Kit Y Siluetas Personajes","precio":2274.74,"destacado":false,"descripcion":"","imagen":"assets/products/CA-692025031200.webp","tags":["kit","globos","personaje","spiderman","piezas","1200"]},{"id":"CA-692505201379","nombre":"KIT GLOBOS PERSONAJE SPIDEY 5 PIEZAS x1 GY-1379","categoria":"Cotillon","subcategoria":"Globos Kit Y Siluetas Personajes","precio":2164.58,"destacado":false,"descripcion":"","imagen":"assets/products/CA-692505201379.webp","tags":["kit","globos","personaje","spidey","piezas","1379"]},{"id":"CA-687565236013","nombre":"KIT GLOBOS PERSONAJE STICH 5 PIEZAS  x1 GY-6013","categoria":"Cotillon","subcategoria":"Globos Kit Y Siluetas Personajes","precio":2164.58,"destacado":false,"descripcion":"NUEVO 18/12/2025","imagen":"assets/products/CA-687565236013.webp","tags":["kit","globos","personaje","stich","piezas","6013"]},{"id":"CA-692505181349","nombre":"KIT GLOBOS PERSONAJE STITCH 5 PIEZAS x1 GY-1349","categoria":"Cotillon","subcategoria":"Globos Kit Y Siluetas Personajes","precio":2223.43,"destacado":false,"descripcion":"","imagen":"assets/products/CA-692505181349.webp","tags":["kit","globos","personaje","stitch","piezas","1349"]},{"id":"CA-692025062609","nombre":"KIT GLOBOS PERSONAJE STITCH 5 PIEZAS x1 GY-S5-9","categoria":"Cotillon","subcategoria":"Globos Kit Y Siluetas Personajes","precio":2164.58,"destacado":false,"descripcion":"","imagen":"assets/products/CA-692025062609.webp","tags":["kit","globos","personaje","stitch","piezas"]},{"id":"CA-690250529167","nombre":"KIT GLOBOS PERSONAJE STITCH 5 PIEZAS x1 SU-167","categoria":"Cotillon","subcategoria":"Globos Kit Y Siluetas Personajes","precio":2274.74,"destacado":false,"descripcion":"","imagen":"assets/products/CA-690250529167.webp","tags":["kit","globos","personaje","stitch","piezas","167"]},{"id":"CA-202504071501","nombre":"KIT GLOBOS PERSONAJE STITCH ROSA 5 PIEZAS x1","categoria":"Cotillon","subcategoria":"Globos Kit Y Siluetas Personajes","precio":2277.6,"destacado":false,"descripcion":"","imagen":"assets/products/CA-202504071501.webp","tags":["kit","globos","personaje","stitch","rosa","piezas"]},{"id":"CA-692025031195","nombre":"KIT GLOBOS PERSONAJE SUPERMAN 5 PIEZAS x1 GY-1195","categoria":"Cotillon","subcategoria":"Globos Kit Y Siluetas Personajes","precio":2492.34,"destacado":false,"descripcion":"","imagen":"assets/products/CA-692025031195.webp","tags":["kit","globos","personaje","superman","piezas","1195"]},{"id":"CA-692024121209","nombre":"KIT GLOBOS PERSONAJE SUPERMAN 5 PIEZAS x1 GY-520","categoria":"Cotillon","subcategoria":"Globos Kit Y Siluetas Personajes","precio":2492.34,"destacado":false,"descripcion":"","imagen":"assets/products/CA-692024121209.webp","tags":["kit","globos","personaje","superman","piezas","520"]},{"id":"CA-692024121206","nombre":"KIT GLOBOS PERSONAJE VENOM 5 PIEZAS x1 GY-520","categoria":"Cotillon","subcategoria":"Globos Kit Y Siluetas Personajes","precio":2492.34,"destacado":false,"descripcion":"","imagen":"assets/products/CA-692024121206.webp","tags":["kit","globos","personaje","venom","piezas","520"]},{"id":"CA-692025062643","nombre":"KIT GLOBOS PERSONAJE VENON 5 PIEZAS x1 GY-S5-43","categoria":"Cotillon","subcategoria":"Globos Kit Y Siluetas Personajes","precio":2164.58,"destacado":false,"descripcion":"","imagen":"assets/products/CA-692025062643.webp","tags":["kit","globos","personaje","venon","piezas"]},{"id":"CA-692506261039","nombre":"KIT GLOBOS PERSONAJE WINNIE POO 10 PIEZAS x1 GY-S10-39","categoria":"Cotillon","subcategoria":"Globos Kit Y Siluetas Personajes","precio":2679.95,"destacado":false,"descripcion":"","imagen":"assets/products/CA-692506261039.webp","tags":["kit","globos","personaje","winnie","poo","piezas","s10"]},{"id":"CA-202560000871","nombre":"KIT GLOBOS PREMIUM DORADO 69 PIEZAS x1 FP0871-01","categoria":"Cotillon","subcategoria":"Globos Kit Y Siluetas Personajes","precio":10279.18,"destacado":false,"descripcion":"","imagen":"assets/products/CA-202560000871.webp","tags":["kit","globos","premium","dorado","piezas","fp0871"]},{"id":"CA-202502281705","nombre":"KIT GLOBOS PREMIUM FELIZ CUMPLEAÑOS ABEJITA 63 PIEZAS x1","categoria":"Cotillon","subcategoria":"Globos Kit Y Siluetas Personajes","precio":10108.0,"destacado":false,"descripcion":"","imagen":"assets/products/CA-202502281705.webp","tags":["kit","globos","premium","feliz","cumpleaños","abejita","piezas"]},{"id":"CA-000000056825","nombre":"KIT GLOBOS PREMIUM FELIZ CUMPLEAÑOS ABEJITA x1","categoria":"Cotillon","subcategoria":"Globos Kit Y Siluetas Personajes","precio":12180.49,"destacado":false,"descripcion":"","imagen":"assets/products/CA-000000056825.webp","tags":["kit","globos","premium","feliz","cumpleaños","abejita"]},{"id":"CA-692025015881","nombre":"KIT GLOBOS PREMIUM FELIZ CUMPLEAÑOS CAPIBARA DORADO/MARRON 61PCS x1 AF15881","categoria":"Cotillon","subcategoria":"Globos Kit Y Siluetas Personajes","precio":7608.45,"destacado":false,"descripcion":"","imagen":"assets/products/CA-692025015881.webp","tags":["kit","globos","premium","feliz","cumpleaños","capibara","dorado","marron","61pcs","af15881"]},{"id":"CA-692025015882","nombre":"KIT GLOBOS PREMIUM FELIZ CUMPLEAÑOS CAPIBARA MARRON/ARENA 60PCS x1 AF15882","categoria":"Cotillon","subcategoria":"Globos Kit Y Siluetas Personajes","precio":7608.45,"destacado":false,"descripcion":"","imagen":"assets/products/CA-692025015882.webp","tags":["kit","globos","premium","feliz","cumpleaños","capibara","marron","arena","60pcs","af15882"]},{"id":"CA-692025015880","nombre":"KIT GLOBOS PREMIUM FELIZ CUMPLEAÑOS CAPIBARA NUDE 55PCS x1 AF15880","categoria":"Cotillon","subcategoria":"Globos Kit Y Siluetas Personajes","precio":7608.45,"destacado":false,"descripcion":"","imagen":"assets/products/CA-692025015880.webp","tags":["kit","globos","premium","feliz","cumpleaños","capibara","nude","55pcs","af15880"]},{"id":"CA-692025015883","nombre":"KIT GLOBOS PREMIUM FELIZ CUMPLEAÑOS CAPIBARA ROSA 65PCS x1 AF15883","categoria":"Cotillon","subcategoria":"Globos Kit Y Siluetas Personajes","precio":7608.45,"destacado":false,"descripcion":"","imagen":"assets/products/CA-692025015883.webp","tags":["kit","globos","premium","feliz","cumpleaños","capibara","rosa","65pcs","af15883"]}]}