{"category_slug":"cotillon","subcategory_slug":"globos_kit_y_siluetas_personajes","page":1,"page_size":48,"total":107,"items":[{"id":"CA-000000057620","nombre":"GLOBO CARPINCHO/CAPIBARA VARIOS MODELOS 35cm APROX x50","categoria":"Cotillon","subcategoria":"Globos Kit Y Siluetas Personajes","precio":13643.79,"destacado":false,"descripcion":"","imagen":"assets/products/CA-000000057620.webp","tags":["globo","carpincho","capibara","varios","modelos","35cm","aprox","x50"]},{"id":"CA-000000056582","nombre":"GLOBO FORMA REDONDO PERSONAJE LABUBU 70cm x10u GY-510-54","categoria":"Cotillon","subcategoria":"Globos Kit Y Siluetas Personajes","precio":4735.4,"destacado":false,"descripcion":"","imagen":"assets/products/CA-000000056582.webp","tags":["globo","forma","redondo","personaje","labubu","70cm","x10u","510"]},{"id":"CA-000000056772","nombre":"GLOBO FORMA REDONDO PERSONAJE SONIC 18\" x50u","categoria":"Cotillon","subcategoria":"Globos Kit Y Siluetas Personajes","precio":12461.58,"destacado":false,"descripcion":"","imagen":"assets/products/CA-000000056772.webp","tags":["globo","forma","redondo","personaje","sonic","x50u"]},{"id":"CA-200833600000","nombre":"GLOBO PERSONAJE METALIZADO SILUETA GEORGE PIG BASEBALL 40cm x10 TY20037","categoria":"Cotillon","subcategoria":"Globos Kit Y Siluetas Personajes","precio":1400.0,"destacado":false,"descripcion":"","imagen":"assets/products/CA-200833600000.webp","tags":["globo","personaje","metalizado","silueta","george","pig","baseball","40cm","x10","ty20037"]},{"id":"CA-000000058121","nombre":"GLOBO PERSONAJE MINECRAFT x10","categoria":"Cotillon","subcategoria":"Globos Kit Y Siluetas Personajes","precio":11302.2,"destacado":false,"descripcion":"","imagen":"assets/products/CA-000000058121.webp","tags":["globo","personaje","minecraft","x10"]},{"id":"CA-202503171560","nombre":"GLOBOS PERSONAJE 26\"CARPINCHO/CAPIBARA MOTOCICLETA x1","categoria":"Cotillon","subcategoria":"Globos Kit Y Siluetas Personajes","precio":1043.9,"destacado":false,"descripcion":"","imagen":"assets/products/CA-202503171560.webp","tags":["globos","personaje","carpincho","capibara","motocicleta"]},{"id":"CA-202503171558","nombre":"GLOBOS PERSONAJE 27\"CARPINCHO/CAPIBARA ALITAS x1","categoria":"Cotillon","subcategoria":"Globos Kit Y Siluetas Personajes","precio":1043.9,"destacado":false,"descripcion":"","imagen":"assets/products/CA-202503171558.webp","tags":["globos","personaje","carpincho","capibara","alitas"]},{"id":"CA-202503171559","nombre":"GLOBOS PERSONAJE 34\"CARPINCHO/CAPIBARA CUPCAKE x1","categoria":"Cotillon","subcategoria":"Globos Kit Y Siluetas Personajes","precio":1043.9,"destacado":false,"descripcion":"","imagen":"assets/products/CA-202503171559.webp","tags":["globos","personaje","carpincho","capibara","cupcake"]},{"id":"CA-202563000870","nombre":"KIT BASE GLOBOS FELIZ CUMPLEAÑOS CELESTE Y AZUL 21 PIEZAS x1 FP0870-03","categoria":"Cotillon","subcategoria":"Globos Kit Y Siluetas Personajes","precio":5309.64,"destacado":false,"descripcion":"","imagen":"assets/products/CA-202563000870.webp","tags":["kit","base","globos","feliz","cumpleaños","celeste","azul","piezas","fp0870"]},{"id":"CA-202562000870","nombre":"KIT BASE GLOBOS FELIZ CUMPLEAÑOS DORADO Y NEGRO 21 PIEZAS x1 FP0870-02","categoria":"Cotillon","subcategoria":"Globos Kit Y Siluetas Personajes","precio":5309.64,"destacado":false,"descripcion":"","imagen":"assets/products/CA-202562000870.webp","tags":["kit","base","globos","feliz","cumpleaños","dorado","negro","piezas","fp0870"]},{"id":"CA-202565000870","nombre":"KIT BASE GLOBOS FELIZ CUMPLEAÑOS MULTICOLOR 21 PIEZAS x1 FP0870-05","categoria":"Cotillon","subcategoria":"Globos Kit Y Siluetas Personajes","precio":5309.64,"destacado":false,"descripcion":"","imagen":"assets/products/CA-202565000870.webp","tags":["kit","base","globos","feliz","cumpleaños","multicolor","piezas","fp0870"]},{"id":"CA-202560000870","nombre":"KIT BASE GLOBOS FELIZ CUMPLEAÑOS PLATA Y NEGRO 21 PIEZAS x1 FP0870-01","categoria":"Cotillon","subcategoria":"Globos Kit Y Siluetas Personajes","precio":5309.64,"destacado":false,"descripcion":"","imagen":"assets/products/CA-202560000870.webp","tags":["kit","base","globos","feliz","cumpleaños","plata","negro","piezas","fp0870"]},{"id":"CA-202564000870","nombre":"KIT BASE GLOBOS FELIZ CUMPLEAÑOS ROSA Y BLANCA 21 PIEZAS x1 FP0870-04","categoria":"Cotillon","subcategoria":"Globos Kit Y Siluetas Personajes","precio":5309.64,"destacado":false,"descripcion":"","imagen":"assets/products/CA-202564000870.webp","tags":["kit","base","globos","feliz","cumpleaños","rosa","blanca","piezas","fp0870"]},{"id":"CA-202560000575","nombre":"KIT GLOBO FROZEN 105PCS FP0575","categoria":"Cotillon","subcategoria":"Globos Kit Y Siluetas Personajes","precio":9205.0,"destacado":false,"descripcion":"","imagen":"assets/products/CA-202560000575.webp","tags":["kit","globo","frozen","105pcs","fp0575"]},{"id":"CA-692025031198","nombre":"KIT GLOBO PERSONAJE MICKEY CARA 5 PIEZAS x1 GY-1198","categoria":"Cotillon","subcategoria":"Globos Kit Y Siluetas Personajes","precio":2271.92,"destacado":false,"descripcion":"","imagen":"assets/products/CA-692025031198.webp","tags":["kit","globo","personaje","mickey","cara","piezas","1198"]},{"id":"CA-692025031232","nombre":"KIT GLOBO PERSONAJE MINNIE 5 PIEZAS x1 GY-1232","categoria":"Cotillon","subcategoria":"Globos Kit Y Siluetas Personajes","precio":2164.58,"destacado":false,"descripcion":"","imagen":"assets/products/CA-692025031232.webp","tags":["kit","globo","personaje","minnie","piezas","1232"]},{"id":"CA-687368583061","nombre":"KIT GLOBOS DREAM UNICORNIO 5 PIEZAS x1","categoria":"Cotillon","subcategoria":"Globos Kit Y Siluetas Personajes","precio":2492.34,"destacado":false,"descripcion":"","imagen":"assets/products/CA-687368583061.webp","tags":["kit","globos","dream","unicornio","piezas"]},{"id":"CA-000000056272","nombre":"KIT GLOBOS PERSONAJE BABY MICKEY 5 PIEZAS x1","categoria":"Cotillon","subcategoria":"Globos Kit Y Siluetas Personajes","precio":2492.34,"destacado":false,"descripcion":"","imagen":"assets/products/CA-000000056272.webp","tags":["kit","globos","personaje","baby","mickey","piezas"]},{"id":"CA-692506261013","nombre":"KIT GLOBOS PERSONAJE BARBIE 10 PIEZAS x1 GY-S10-13","categoria":"Cotillon","subcategoria":"Globos Kit Y Siluetas Personajes","precio":2679.95,"destacado":false,"descripcion":"","imagen":"assets/products/CA-692506261013.webp","tags":["kit","globos","personaje","barbie","piezas","s10"]},{"id":"CA-000000056623","nombre":"KIT GLOBOS PERSONAJE BARBIE 5 PIEZAS x1","categoria":"Cotillon","subcategoria":"Globos Kit Y Siluetas Personajes","precio":2565.82,"destacado":false,"descripcion":"","imagen":"assets/products/CA-000000056623.webp","tags":["kit","globos","personaje","barbie","piezas"]},{"id":"CA-692506261056","nombre":"KIT GLOBOS PERSONAJE BLANCANIEVES 10 PIEZAS x1 GY-S10-56","categoria":"Cotillon","subcategoria":"Globos Kit Y Siluetas Personajes","precio":2679.95,"destacado":false,"descripcion":"","imagen":"assets/products/CA-692506261056.webp","tags":["kit","globos","personaje","blancanieves","piezas","s10"]},{"id":"CA-692505181350","nombre":"KIT GLOBOS PERSONAJE BLANCANIEVES x1 5 PIEZAS GY-1350","categoria":"Cotillon","subcategoria":"Globos Kit Y Siluetas Personajes","precio":2274.74,"destacado":false,"descripcion":"","imagen":"assets/products/CA-692505181350.webp","tags":["kit","globos","personaje","blancanieves","piezas","1350"]},{"id":"CA-202405221418","nombre":"KIT GLOBOS PERSONAJE CAPIBARA SUMMER 5 PIEZAS x1","categoria":"Cotillon","subcategoria":"Globos Kit Y Siluetas Personajes","precio":2330.16,"destacado":false,"descripcion":"","imagen":"assets/products/CA-202405221418.webp","tags":["kit","globos","personaje","capibara","summer","piezas"]},{"id":"CA-692025031255","nombre":"KIT GLOBOS PERSONAJE CARPINCHO/CAPIBARA BANDOLERA 5 PIEZAS x1 GY-1255","categoria":"Cotillon","subcategoria":"Globos Kit Y Siluetas Personajes","precio":2274.74,"destacado":false,"descripcion":"","imagen":"assets/products/CA-692025031255.webp","tags":["kit","globos","personaje","carpincho","capibara","bandolera","piezas","1255"]},{"id":"CA-692025062645","nombre":"KIT GLOBOS PERSONAJE CARS 5 PIEZAS x1 GY-S5-45","categoria":"Cotillon","subcategoria":"Globos Kit Y Siluetas Personajes","precio":2164.58,"destacado":false,"descripcion":"","imagen":"assets/products/CA-692025062645.webp","tags":["kit","globos","personaje","cars","piezas"]},{"id":"CA-000000055301","nombre":"KIT GLOBOS PERSONAJE CINNAMOROLL 5 PIEZAS  x1","categoria":"Cotillon","subcategoria":"Globos Kit Y Siluetas Personajes","precio":2480.25,"destacado":false,"descripcion":"","imagen":"assets/products/CA-000000055301.webp","tags":["kit","globos","personaje","cinnamoroll","piezas"]},{"id":"CA-687368583083","nombre":"KIT GLOBOS PERSONAJE CINNAMOROLL PASTEL 5 PIEZAS  x1","categoria":"Cotillon","subcategoria":"Globos Kit Y Siluetas Personajes","precio":2565.82,"destacado":false,"descripcion":"","imagen":"assets/products/CA-687368583083.webp","tags":["kit","globos","personaje","cinnamoroll","pastel","piezas"]},{"id":"CA-692025031243","nombre":"KIT GLOBOS PERSONAJE FLORK FELIZ CUMPLEAÑOS 5 PIEZAS x1 GY-1243","categoria":"Cotillon","subcategoria":"Globos Kit Y Siluetas Personajes","precio":2115.75,"destacado":false,"descripcion":"","imagen":"assets/products/CA-692025031243.webp","tags":["kit","globos","personaje","flork","feliz","cumpleaños","piezas","1243"]},{"id":"CA-690250529117","nombre":"KIT GLOBOS PERSONAJE FROZEN 5 PIEZAS x1 SU-117","categoria":"Cotillon","subcategoria":"Globos Kit Y Siluetas Personajes","precio":2274.74,"destacado":false,"descripcion":"","imagen":"assets/products/CA-690250529117.webp","tags":["kit","globos","personaje","frozen","piezas","117"]},{"id":"CA-690138500020","nombre":"KIT GLOBOS PERSONAJE FROZEN 5 PIEZAS x1 XY-Q020","categoria":"Cotillon","subcategoria":"Globos Kit Y Siluetas Personajes","precio":2274.74,"destacado":false,"descripcion":"","imagen":"assets/products/CA-690138500020.webp","tags":["kit","globos","personaje","frozen","piezas","q020"]},{"id":"CA-692025031188","nombre":"KIT GLOBOS PERSONAJE HARRY POTTER VARITA x1 GY-1188","categoria":"Cotillon","subcategoria":"Globos Kit Y Siluetas Personajes","precio":2274.74,"destacado":false,"descripcion":"","imagen":"assets/products/CA-692025031188.webp","tags":["kit","globos","personaje","harry","potter","varita","1188"]},{"id":"CA-692025031244","nombre":"KIT GLOBOS PERSONAJE HARRY POTTER x1 GY-1244","categoria":"Cotillon","subcategoria":"Globos Kit Y Siluetas Personajes","precio":2274.74,"destacado":false,"descripcion":"","imagen":"assets/products/CA-692025031244.webp","tags":["kit","globos","personaje","harry","potter","1244"]},{"id":"CA-202504071506","nombre":"KIT GLOBOS PERSONAJE HELLO KITTY 5 PIEZAS  x1","categoria":"Cotillon","subcategoria":"Globos Kit Y Siluetas Personajes","precio":2330.16,"destacado":false,"descripcion":"","imagen":"assets/products/CA-202504071506.webp","tags":["kit","globos","personaje","hello","kitty","piezas"]},{"id":"CA-690219051048","nombre":"KIT GLOBOS PERSONAJE HELLO KITTY CON CARTERITA5 PIEZAS x1 GY-510-48","categoria":"Cotillon","subcategoria":"Globos Kit Y Siluetas Personajes","precio":2492.34,"destacado":false,"descripcion":"","imagen":"assets/products/CA-690219051048.webp","tags":["kit","globos","personaje","hello","kitty","con","carterita5","piezas","510"]},{"id":"CA-692024121201","nombre":"KIT GLOBOS PERSONAJE HOMBRE ARAÑA 5 PIEZAS x 1","categoria":"Cotillon","subcategoria":"Globos Kit Y Siluetas Personajes","precio":2480.25,"destacado":false,"descripcion":"","imagen":"assets/products/CA-692024121201.webp","tags":["kit","globos","personaje","hombre","araña","piezas"]},{"id":"CA-692024121216","nombre":"KIT GLOBOS PERSONAJE KITTY 5 PIEZAS  x1","categoria":"Cotillon","subcategoria":"Globos Kit Y Siluetas Personajes","precio":2492.34,"destacado":false,"descripcion":"","imagen":"assets/products/CA-692024121216.webp","tags":["kit","globos","personaje","kitty","piezas"]},{"id":"CA-692025062625","nombre":"KIT GLOBOS PERSONAJE KITTY 5 PIEZAS  x1 GY-S5-25","categoria":"Cotillon","subcategoria":"Globos Kit Y Siluetas Personajes","precio":2164.58,"destacado":false,"descripcion":"NUEVO 18/12/2025","imagen":"assets/products/CA-692025062625.webp","tags":["kit","globos","personaje","kitty","piezas"]},{"id":"CA-844517802881","nombre":"KIT GLOBOS PERSONAJE KUROMI  5 PZSx1","categoria":"Cotillon","subcategoria":"Globos Kit Y Siluetas Personajes","precio":2340.8,"destacado":false,"descripcion":"","imagen":"assets/products/CA-844517802881.webp","tags":["kit","globos","personaje","kuromi","pzsx1"]},{"id":"CA-000000055299","nombre":"KIT GLOBOS PERSONAJE KUROMI 5 PIEZAS  x1","categoria":"Cotillon","subcategoria":"Globos Kit Y Siluetas Personajes","precio":2480.25,"destacado":false,"descripcion":"","imagen":"assets/products/CA-000000055299.webp","tags":["kit","globos","personaje","kuromi","piezas"]},{"id":"CA-844517802883","nombre":"KIT GLOBOS PERSONAJE KUROMI 5 PZSx1","categoria":"Cotillon","subcategoria":"Globos Kit Y Siluetas Personajes","precio":2145.0,"destacado":false,"descripcion":"","imagen":"assets/products/CA-844517802883.webp","tags":["kit","globos","personaje","kuromi","pzsx1"]},{"id":"CA-202504221414","nombre":"KIT GLOBOS PERSONAJE KUROMI/FELIZ CUMPLEAÑOS 6 PIEZAS x1","categoria":"Cotillon","subcategoria":"Globos Kit Y Siluetas Personajes","precio":1456.35,"destacado":false,"descripcion":"","imagen":"assets/products/CA-202504221414.webp","tags":["kit","globos","personaje","kuromi","feliz","cumpleaños","piezas"]},{"id":"CA-202504230807","nombre":"KIT GLOBOS PERSONAJE LABUBU BUFANDA 5 PIEZAS x1","categoria":"Cotillon","subcategoria":"Globos Kit Y Siluetas Personajes","precio":2330.16,"destacado":false,"descripcion":"","imagen":"assets/products/CA-202504230807.webp","tags":["kit","globos","personaje","labubu","bufanda","piezas"]},{"id":"CA-202504230808","nombre":"KIT GLOBOS PERSONAJE LABUBU GRIS 5 PIEZAS x1","categoria":"Cotillon","subcategoria":"Globos Kit Y Siluetas Personajes","precio":2330.16,"destacado":false,"descripcion":"","imagen":"assets/products/CA-202504230808.webp","tags":["kit","globos","personaje","labubu","gris","piezas"]},{"id":"CA-692025031248","nombre":"KIT GLOBOS PERSONAJE LABUBU GRIS 5 PIEZAS x1 GY-1248","categoria":"Cotillon","subcategoria":"Globos Kit Y Siluetas Personajes","precio":2274.74,"destacado":false,"descripcion":"","imagen":"assets/products/CA-692025031248.webp","tags":["kit","globos","personaje","labubu","gris","piezas","1248"]},{"id":"CA-690138500212","nombre":"KIT GLOBOS PERSONAJE LABUBU MARRON 5 PIEZAS x1 XY-Q212","categoria":"Cotillon","subcategoria":"Globos Kit Y Siluetas Personajes","precio":2067.95,"destacado":false,"descripcion":"","imagen":"assets/products/CA-690138500212.webp","tags":["kit","globos","personaje","labubu","marron","piezas","q212"]},{"id":"CA-692025031247","nombre":"KIT GLOBOS PERSONAJE LABUBU MARRON x1 GY-1247","categoria":"Cotillon","subcategoria":"Globos Kit Y Siluetas Personajes","precio":2164.58,"destacado":false,"descripcion":"","imagen":"assets/products/CA-692025031247.webp","tags":["kit","globos","personaje","labubu","marron","1247"]},{"id":"CA-692025031249","nombre":"KIT GLOBOS PERSONAJE LABUBU ROSA x1 GY-1249","categoria":"Cotillon","subcategoria":"Globos Kit Y Siluetas Personajes","precio":2274.74,"destacado":false,"descripcion":"","imagen":"assets/products/CA-692025031249.webp","tags":["kit","globos","personaje","labubu","rosa","1249"]},{"id":"CA-692635171635","nombre":"KIT GLOBOS PERSONAJE LABUBU ROSA/VIOLETA 5 PIEZAS x1 LB-635","categoria":"Cotillon","subcategoria":"Globos Kit Y Siluetas Personajes","precio":2067.95,"destacado":false,"descripcion":"","imagen":"assets/products/CA-692635171635.webp","tags":["kit","globos","personaje","labubu","rosa","violeta","piezas","635"]}]}