{"category_slug":"cotillon","subcategory_slug":"globos_kit_y_siluetas_personajes","page":3,"page_size":48,"total":107,"items":[{"id":"CA-692025015878","nombre":"KIT GLOBOS PREMIUM FELIZ CUMPLEAÑOS CAPIBARA ROSA/DORADO 65PCS x1 AF15878","categoria":"Cotillon","subcategoria":"Globos Kit Y Siluetas Personajes","precio":7608.45,"destacado":false,"descripcion":"","imagen":"assets/products/CA-692025015878.webp","tags":["kit","globos","premium","feliz","cumpleaños","capibara","rosa","dorado","65pcs","af15878"]},{"id":"CA-692025015869","nombre":"KIT GLOBOS PREMIUM FELIZ CUMPLEAÑOS HELLO KITTY ROSA GOLD 57PCS x1 AF15869","categoria":"Cotillon","subcategoria":"Globos Kit Y Siluetas Personajes","precio":7350.54,"destacado":false,"descripcion":"","imagen":"assets/products/CA-692025015869.webp","tags":["kit","globos","premium","feliz","cumpleaños","hello","kitty","rosa","gold","57pcs","af15869"]},{"id":"CA-692025015868","nombre":"KIT GLOBOS PREMIUM FELIZ CUMPLEAÑOS KUROMI 64PCS x1 AF15868","categoria":"Cotillon","subcategoria":"Globos Kit Y Siluetas Personajes","precio":7350.54,"destacado":false,"descripcion":"","imagen":"assets/products/CA-692025015868.webp","tags":["kit","globos","premium","feliz","cumpleaños","kuromi","64pcs","af15868"]},{"id":"CA-692025015895","nombre":"KIT GLOBOS PREMIUM FELIZ CUMPLEAÑOS LABUBU DORADO/BLANCO 65PCS x1 AF15895","categoria":"Cotillon","subcategoria":"Globos Kit Y Siluetas Personajes","precio":7608.45,"destacado":false,"descripcion":"","imagen":"assets/products/CA-692025015895.webp","tags":["kit","globos","premium","feliz","cumpleaños","labubu","dorado","blanco","65pcs","af15895"]},{"id":"CA-692025015893","nombre":"KIT GLOBOS PREMIUM FELIZ CUMPLEAÑOS LABUBU ROSA 61PCS x1 AF15893","categoria":"Cotillon","subcategoria":"Globos Kit Y Siluetas Personajes","precio":7350.54,"destacado":false,"descripcion":"","imagen":"assets/products/CA-692025015893.webp","tags":["kit","globos","premium","feliz","cumpleaños","labubu","rosa","61pcs","af15893"]},{"id":"CA-692025015891","nombre":"KIT GLOBOS PREMIUM FELIZ CUMPLEAÑOS LABUBU VERDE 61PCS x1 AF15891","categoria":"Cotillon","subcategoria":"Globos Kit Y Siluetas Personajes","precio":7350.54,"destacado":false,"descripcion":"","imagen":"assets/products/CA-692025015891.webp","tags":["kit","globos","premium","feliz","cumpleaños","labubu","verde","61pcs","af15891"]},{"id":"CA-692025015894","nombre":"KIT GLOBOS PREMIUM FELIZ CUMPLEAÑOS LABUBU VERDE/ROSA/BLANCO 58PCS x1 AF15894","categoria":"Cotillon","subcategoria":"Globos Kit Y Siluetas Personajes","precio":7608.45,"destacado":false,"descripcion":"","imagen":"assets/products/CA-692025015894.webp","tags":["kit","globos","premium","feliz","cumpleaños","labubu","verde","rosa","blanco","58pcs","af15894"]},{"id":"CA-692025015892","nombre":"KIT GLOBOS PREMIUM FELIZ CUMPLEAÑOS LABUBU VIOLETA 63PCS x1 AF15892","categoria":"Cotillon","subcategoria":"Globos Kit Y Siluetas Personajes","precio":7608.45,"destacado":false,"descripcion":"","imagen":"assets/products/CA-692025015892.webp","tags":["kit","globos","premium","feliz","cumpleaños","labubu","violeta","63pcs","af15892"]},{"id":"CA-695560789136","nombre":"KIT GLOBOS PREMIUM FELIZ CUMPLEAÑOS/CORTINA CARS 49 PIEZAS x1 XY-793","categoria":"Cotillon","subcategoria":"Globos Kit Y Siluetas Personajes","precio":8830.84,"destacado":false,"descripcion":"","imagen":"assets/products/CA-695560789136.webp","tags":["kit","globos","premium","feliz","cumpleaños","cortina","cars","piezas","793"]},{"id":"CA-202599000871","nombre":"KIT GLOBOS PREMIUM PLATA/DORADO 69 PIEZAS x1 FP0871","categoria":"Cotillon","subcategoria":"Globos Kit Y Siluetas Personajes","precio":10279.18,"destacado":false,"descripcion":"","imagen":"assets/products/CA-202599000871.webp","tags":["kit","globos","premium","plata","dorado","piezas","fp0871"]},{"id":"CA-202562000871","nombre":"KIT GLOBOS PREMIUM PLATEADO 69 PIEZAS x1 FP0871-02","categoria":"Cotillon","subcategoria":"Globos Kit Y Siluetas Personajes","precio":10279.18,"destacado":false,"descripcion":"","imagen":"assets/products/CA-202562000871.webp","tags":["kit","globos","premium","plateado","piezas","fp0871"]}]}