{"category_slug":"halloween","subcategory_slug":"ara_as_insectos_y_bichos","page":1,"page_size":48,"total":25,"items":[{"id":"CA-202500000398","nombre":"ARAÑA CALAVERA CON PELUCHE  x3u. FP0398 CA","categoria":"Halloween","subcategoria":"Arañas - Insectos Y Bichos","precio":2903.88,"destacado":false,"descripcion":"","imagen":"assets/products/CA-202500000398.webp","tags":["araña","calavera","con","peluche","x3u","fp0398"]},{"id":"CA-202500000397","nombre":"ARAÑA CALAVERA CON PLUSH HALLOWEEN x2u. FP397 CA","categoria":"Halloween","subcategoria":"Arañas - Insectos Y Bichos","precio":2592.08,"destacado":false,"descripcion":"","imagen":"assets/products/CA-202500000397.webp","tags":["araña","calavera","con","plush","halloween","x2u","fp397"]},{"id":"CA-000000007360","nombre":"ARAÑA DE PLASTICA NEGRA STASIO x2 7360","categoria":"Halloween","subcategoria":"Arañas - Insectos Y Bichos","precio":1128.96,"destacado":false,"descripcion":"","imagen":"assets/products/CA-000000007360.webp","tags":["araña","plastica","negra","stasio","7360"]},{"id":"CA-000000007363","nombre":"ARAÑA NEGRA CHICA STASIO x12 7363","categoria":"Halloween","subcategoria":"Arañas - Insectos Y Bichos","precio":1075.06,"destacado":false,"descripcion":"","imagen":"assets/products/CA-000000007363.webp","tags":["araña","negra","chica","stasio","x12","7363"]},{"id":"CA-679749900270","nombre":"ARAÑA NEGRA CON PLUSH HALLOWEEN x2 DA0270 CA","categoria":"Halloween","subcategoria":"Arañas - Insectos Y Bichos","precio":1613.94,"destacado":false,"descripcion":"","imagen":"assets/products/CA-679749900270.webp","tags":["araña","negra","con","plush","halloween","da0270"]},{"id":"CA-679749900237","nombre":"ARAÑA NEGRA PLASTICA HALLOWEEN 17cm x1 DA0237 CA","categoria":"Halloween","subcategoria":"Arañas - Insectos Y Bichos","precio":1027.04,"destacado":false,"descripcion":"","imagen":"assets/products/CA-679749900237.webp","tags":["araña","negra","plastica","halloween","17cm","da0237"]},{"id":"CA-202500000407","nombre":"ARAÑA PLASTICA MARRON 13cm  x2 FP0407 CA","categoria":"Halloween","subcategoria":"Arañas - Insectos Y Bichos","precio":2827.46,"destacado":false,"descripcion":"","imagen":"assets/products/CA-202500000407.webp","tags":["araña","plastica","marron","13cm","fp0407"]},{"id":"CA-000000014914","nombre":"ARAÑAS CHICAS NEGRAS PATRIMAR x24","categoria":"Halloween","subcategoria":"Arañas - Insectos Y Bichos","precio":1042.34,"destacado":false,"descripcion":"","imagen":"assets/products/CA-000000014914.webp","tags":["arañas","chicas","negras","patrimar","x24"]},{"id":"CA-000000014603","nombre":"ARAÑAS COLOR PATRIMAR x24","categoria":"Halloween","subcategoria":"Arañas - Insectos Y Bichos","precio":1042.34,"destacado":false,"descripcion":"","imagen":"assets/products/CA-000000014603.webp","tags":["arañas","color","patrimar","x24"]},{"id":"CA-000000019917","nombre":"ARAÑAS GRANDE NEGRA PATRIMAR x6","categoria":"Halloween","subcategoria":"Arañas - Insectos Y Bichos","precio":495.42,"destacado":false,"descripcion":"","imagen":"assets/products/CA-000000019917.webp","tags":["arañas","grande","negra","patrimar"]},{"id":"CA-202590000011","nombre":"ARAÑAS NEGRAS PLUSH x6 DC0011 CA","categoria":"Halloween","subcategoria":"Arañas - Insectos Y Bichos","precio":1648.18,"destacado":false,"descripcion":"","imagen":"assets/products/CA-202590000011.webp","tags":["arañas","negras","plush","dc0011"]},{"id":"CA-000000004129","nombre":"BICHOS CHICOS PATRIMAR x24","categoria":"Halloween","subcategoria":"Arañas - Insectos Y Bichos","precio":1848.8,"destacado":false,"descripcion":"","imagen":"assets/products/CA-000000004129.webp","tags":["bichos","chicos","patrimar","x24"]},{"id":"CA-000000039647","nombre":"BICHOS GRANDE PATRIMAR x12","categoria":"Halloween","subcategoria":"Arañas - Insectos Y Bichos","precio":2349.35,"destacado":false,"descripcion":"","imagen":"assets/products/CA-000000039647.webp","tags":["bichos","grande","patrimar","x12"]},{"id":"CA-000000038336","nombre":"CUCARACHAS PATRIMAR x12","categoria":"Halloween","subcategoria":"Arañas - Insectos Y Bichos","precio":780.93,"destacado":false,"descripcion":"","imagen":"assets/products/CA-000000038336.webp","tags":["cucarachas","patrimar","x12"]},{"id":"CA-779908804152","nombre":"ESCORPIONES HALLOWWEEN 6cm  x12 HD426 PS","categoria":"Halloween","subcategoria":"Arañas - Insectos Y Bichos","precio":1774.15,"destacado":false,"descripcion":"","imagen":"assets/products/CA-779908804152.webp","tags":["escorpiones","hallowween","6cm","x12","hd426"]},{"id":"CA-202500000093","nombre":"INSECTOS PEGAJOSOS HALLOWEEN x12 FP0093-01 CA","categoria":"Halloween","subcategoria":"Arañas - Insectos Y Bichos","precio":3927.86,"destacado":false,"descripcion":"","imagen":"assets/products/CA-202500000093.webp","tags":["insectos","pegajosos","halloween","x12","fp0093"]},{"id":"CA-000000011662","nombre":"LAGARTIJAS COLOR  PATRIMAR x36","categoria":"Halloween","subcategoria":"Arañas - Insectos Y Bichos","precio":1345.59,"destacado":false,"descripcion":"","imagen":"assets/products/CA-000000011662.webp","tags":["lagartijas","color","patrimar","x36"]},{"id":"CA-000000042996","nombre":"LAGARTIJAS GOMA COLOR PATRIMAR x12","categoria":"Halloween","subcategoria":"Arañas - Insectos Y Bichos","precio":1189.88,"destacado":false,"descripcion":"","imagen":"assets/products/CA-000000042996.webp","tags":["lagartijas","goma","color","patrimar","x12"]},{"id":"CA-779908804154","nombre":"MOSCAS HALLOWWEEN 1cm x20 HD428 PS","categoria":"Halloween","subcategoria":"Arañas - Insectos Y Bichos","precio":1534.4,"destacado":false,"descripcion":"","imagen":"assets/products/CA-779908804154.webp","tags":["moscas","hallowween","1cm","x20","hd428"]},{"id":"CA-000000007362","nombre":"MURCIELAGO GRANDE STASIO x1 7362","categoria":"Halloween","subcategoria":"Arañas - Insectos Y Bichos","precio":1234.42,"destacado":false,"descripcion":"","imagen":"assets/products/CA-000000007362.webp","tags":["murcielago","grande","stasio","7362"]},{"id":"CA-000000002148","nombre":"MURCIELAGOS PATRIMAR x12","categoria":"Halloween","subcategoria":"Arañas - Insectos Y Bichos","precio":1576.57,"destacado":false,"descripcion":"","imagen":"assets/products/CA-000000002148.webp","tags":["murcielagos","patrimar","x12"]},{"id":"CA-000000007361","nombre":"RATA STASIO x2 7361","categoria":"Halloween","subcategoria":"Arañas - Insectos Y Bichos","precio":1225.34,"destacado":false,"descripcion":"","imagen":"assets/products/CA-000000007361.webp","tags":["rata","stasio","7361"]},{"id":"CA-000000048051","nombre":"RATITAS DE GOMA FLUO x12","categoria":"Halloween","subcategoria":"Arañas - Insectos Y Bichos","precio":673.62,"destacado":false,"descripcion":"","imagen":"assets/products/CA-000000048051.webp","tags":["ratitas","goma","fluo","x12"]},{"id":"CA-000000048050","nombre":"RATITAS DE GOMA x12","categoria":"Halloween","subcategoria":"Arañas - Insectos Y Bichos","precio":673.62,"destacado":false,"descripcion":"","imagen":"assets/products/CA-000000048050.webp","tags":["ratitas","goma","x12"]},{"id":"CA-000000223211","nombre":"VIBORITAS GOMA COLOR PATRIMAR x12","categoria":"Halloween","subcategoria":"Arañas - Insectos Y Bichos","precio":998.26,"destacado":false,"descripcion":"","imagen":"assets/products/CA-000000223211.webp","tags":["viboritas","goma","color","patrimar","x12"]}]}