{"category_slug":"comunion_confirmacion","subcategory_slug":"linea_caliz_con_espiga","page":1,"page_size":48,"total":7,"items":[{"id":"CA-779905100606","nombre":"AFICHE COMUNION CALIZ CON ESPIGA x1 GM 9155","categoria":"Comunion/Confirmacion","subcategoria":"Linea Caliz Con Espiga","precio":1017.56,"destacado":false,"descripcion":"","imagen":"assets/products/CA-779905100606.webp","tags":["afiche","comunion","caliz","con","espiga","9155"]},{"id":"CA-779905100605","nombre":"BANDERIN CON STAMPING MI COMUNION CALIZ CON ESPIGA x1 GM9154","categoria":"Comunion/Confirmacion","subcategoria":"Linea Caliz Con Espiga","precio":1468.13,"destacado":false,"descripcion":"","imagen":"assets/products/CA-779905100605.webp","tags":["banderin","con","stamping","comunion","caliz","con","espiga","gm9154"]},{"id":"CA-779905100610","nombre":"CAJITA POCHOCLERA/GOLOSINERA COMUNION CALIZ CON ESPIGA x10u. GM 9162","categoria":"Comunion/Confirmacion","subcategoria":"Linea Caliz Con Espiga","precio":1318.28,"destacado":false,"descripcion":"","imagen":"assets/products/CA-779905100610.webp","tags":["cajita","pochoclera","golosinera","comunion","caliz","con","espiga","x10u","9162"]},{"id":"CA-779905100644","nombre":"ESTAMPA COMUNION CALIZ CON ESPIGA x10 u.GM 9152","categoria":"Comunion/Confirmacion","subcategoria":"Linea Caliz Con Espiga","precio":337.16,"destacado":false,"descripcion":"","imagen":"assets/products/CA-779905100644.webp","tags":["estampa","comunion","caliz","con","espiga","x10","9152"]},{"id":"CA-779905100659","nombre":"MANTEL COMUNION CALIZ CON ESPIGA x1 GM 9157","categoria":"Comunion/Confirmacion","subcategoria":"Linea Caliz Con Espiga","precio":1645.31,"destacado":false,"descripcion":"","imagen":"assets/products/CA-779905100659.webp","tags":["mantel","comunion","caliz","con","espiga","9157"]},{"id":"CA-779905100586","nombre":"PLATO COMUNION CALIZ CON ESPIGA x8 GM 9158","categoria":"Comunion/Confirmacion","subcategoria":"Linea Caliz Con Espiga","precio":1379.03,"destacado":false,"descripcion":"","imagen":"assets/products/CA-779905100586.webp","tags":["plato","comunion","caliz","con","espiga","9158"]},{"id":"CA-779905100626","nombre":"SERVILLETA COMUNION CALIZ CON ESPIGA x20 GM 9159","categoria":"Comunion/Confirmacion","subcategoria":"Linea Caliz Con Espiga","precio":929.48,"destacado":false,"descripcion":"","imagen":"assets/products/CA-779905100626.webp","tags":["servilleta","comunion","caliz","con","espiga","x20","9159"]}]}