{"category_slug":"comunion_confirmacion","subcategory_slug":"linea_confirmacion","page":1,"page_size":48,"total":3,"items":[{"id":"CA-779905100570","nombre":"BANDERIN CON STAMPING MI CONFIRMACION x1 GM 3348-58","categoria":"Comunion/Confirmacion","subcategoria":"Linea Confirmacion","precio":1468.13,"destacado":false,"descripcion":"","imagen":"assets/products/CA-779905100570.webp","tags":["banderin","con","stamping","confirmacion","3348"]},{"id":"CA-779813465670","nombre":"PLATO CONFIRMACION GM X8 ART.30578","categoria":"Comunion/Confirmacion","subcategoria":"Linea Confirmacion","precio":1174.5,"destacado":false,"descripcion":"","imagen":"assets/products/CA-779813465670.webp","tags":["plato","confirmacion","art","30578"]},{"id":"CA-779813465668","nombre":"VASO CONFIRMACION X10 ART.30576 GM","categoria":"Comunion/Confirmacion","subcategoria":"Linea Confirmacion","precio":974.03,"destacado":false,"descripcion":"","imagen":"assets/products/CA-779813465668.webp","tags":["vaso","confirmacion","x10","art","30576"]}]}