{"category_slug":"golosinas","subcategory_slug":"caramelos_gomitas_pastillas_chicles","page":1,"page_size":48,"total":175,"items":[{"id":"CA-779818603482","nombre":"BARRITA DE CARAMELO CABLE FRAMBUESA ACIDA BULL DOG (12un x18gr) x1 378552","categoria":"Golosinas","subcategoria":"Caramelos/Gomitas/Pastillas/Chicles","precio":2509.32,"destacado":false,"descripcion":"","imagen":"assets/products/CA-779818603482.webp","tags":["barrita","caramelo","cable","frambuesa","acida","bull","dog","12un","x18gr","378552"]},{"id":"CA-779818603450","nombre":"BARRITA DE CARAMELO CABLE FRAMBUESA ACIDA BULL DOG x360gr 79007","categoria":"Golosinas","subcategoria":"Caramelos/Gomitas/Pastillas/Chicles","precio":3456.84,"destacado":false,"descripcion":"","imagen":"assets/products/CA-779818603450.webp","tags":["barrita","caramelo","cable","frambuesa","acida","bull","dog","x360gr","79007"]},{"id":"CA-779818603479","nombre":"BARRITA DE CARAMELO CABLE FRAMBUESA ACIDA BULL DOG x75gr 378556","categoria":"Golosinas","subcategoria":"Caramelos/Gomitas/Pastillas/Chicles","precio":666.6,"destacado":false,"descripcion":"","imagen":"assets/products/CA-779818603479.webp","tags":["barrita","caramelo","cable","frambuesa","acida","bull","dog","x75gr","378556"]},{"id":"CA-779818603480","nombre":"BARRITA DE CARAMELO CABLE FRUTILLA ACIDA BULL DOG (12un x18gr) x1 378550","categoria":"Golosinas","subcategoria":"Caramelos/Gomitas/Pastillas/Chicles","precio":2509.32,"destacado":false,"descripcion":"","imagen":"assets/products/CA-779818603480.webp","tags":["barrita","caramelo","cable","frutilla","acida","bull","dog","12un","x18gr","378550"]},{"id":"CA-779818603446","nombre":"BARRITA DE CARAMELO CABLE FRUTILLA ACIDA BULL DOG x360gr 78996","categoria":"Golosinas","subcategoria":"Caramelos/Gomitas/Pastillas/Chicles","precio":3456.84,"destacado":false,"descripcion":"","imagen":"assets/products/CA-779818603446.webp","tags":["barrita","caramelo","cable","frutilla","acida","bull","dog","x360gr","78996"]},{"id":"CA-779818603476","nombre":"BARRITA DE CARAMELO CABLE FRUTILLA ACIDA BULL DOG x75gr 378554","categoria":"Golosinas","subcategoria":"Caramelos/Gomitas/Pastillas/Chicles","precio":666.6,"destacado":false,"descripcion":"","imagen":"assets/products/CA-779818603476.webp","tags":["barrita","caramelo","cable","frutilla","acida","bull","dog","x75gr","378554"]},{"id":"CA-779818603522","nombre":"BARRITA DE CARAMELO CABLE FRUTILLA BULL DOG x70gr 79019","categoria":"Golosinas","subcategoria":"Caramelos/Gomitas/Pastillas/Chicles","precio":666.6,"destacado":false,"descripcion":"","imagen":"assets/products/CA-779818603522.webp","tags":["barrita","caramelo","cable","frutilla","bull","dog","x70gr","79019"]},{"id":"CA-779818603531","nombre":"BARRITA DE CARAMELO CABLE FRUTILLA PICANTE BULL DOG x216gr 79022","categoria":"Golosinas","subcategoria":"Caramelos/Gomitas/Pastillas/Chicles","precio":2509.32,"destacado":false,"descripcion":"","imagen":"assets/products/CA-779818603531.webp","tags":["barrita","caramelo","cable","frutilla","picante","bull","dog","x216gr","79022"]},{"id":"CA-779818603525","nombre":"BARRITA DE CARAMELO CABLE FRUTILLA PICANTE BULL DOG x75gr 79021","categoria":"Golosinas","subcategoria":"Caramelos/Gomitas/Pastillas/Chicles","precio":666.6,"destacado":false,"descripcion":"","imagen":"assets/products/CA-779818603525.webp","tags":["barrita","caramelo","cable","frutilla","picante","bull","dog","x75gr","79021"]},{"id":"CA-779818603481","nombre":"BARRITA DE CARAMELO CABLE SANDIA ACIDA BULL DOG (12un x18gr) x1 378553","categoria":"Golosinas","subcategoria":"Caramelos/Gomitas/Pastillas/Chicles","precio":2509.32,"destacado":false,"descripcion":"","imagen":"assets/products/CA-779818603481.webp","tags":["barrita","caramelo","cable","sandia","acida","bull","dog","12un","x18gr","378553"]},{"id":"CA-779818603452","nombre":"BARRITA DE CARAMELO CABLE SANDIA ACIDA BULL DOG x360gr 79008","categoria":"Golosinas","subcategoria":"Caramelos/Gomitas/Pastillas/Chicles","precio":3456.84,"destacado":false,"descripcion":"","imagen":"assets/products/CA-779818603452.webp","tags":["barrita","caramelo","cable","sandia","acida","bull","dog","x360gr","79008"]},{"id":"CA-779818603478","nombre":"BARRITA DE CARAMELO CABLE SANDIA ACIDA BULL DOG x75gr 378557","categoria":"Golosinas","subcategoria":"Caramelos/Gomitas/Pastillas/Chicles","precio":666.6,"destacado":false,"descripcion":"","imagen":"assets/products/CA-779818603478.webp","tags":["barrita","caramelo","cable","sandia","acida","bull","dog","x75gr","378557"]},{"id":"CA-779818603483","nombre":"BARRITA DE CARAMELO CABLE TUTTI FRUTTI ACIDA BULL DOG (12un x18gr) x1 378551","categoria":"Golosinas","subcategoria":"Caramelos/Gomitas/Pastillas/Chicles","precio":2509.32,"destacado":false,"descripcion":"","imagen":"assets/products/CA-779818603483.webp","tags":["barrita","caramelo","cable","tutti","frutti","acida","bull","dog","12un","x18gr","378551"]},{"id":"CA-779818603454","nombre":"BARRITA DE CARAMELO CABLE TUTTI FRUTTI ACIDA BULL DOG x360gr 79005","categoria":"Golosinas","subcategoria":"Caramelos/Gomitas/Pastillas/Chicles","precio":3456.84,"destacado":false,"descripcion":"","imagen":"assets/products/CA-779818603454.webp","tags":["barrita","caramelo","cable","tutti","frutti","acida","bull","dog","x360gr","79005"]},{"id":"CA-779818603477","nombre":"BARRITA DE CARAMELO CABLE TUTTI FRUTTI ACIDA BULL DOG x75gr 378555","categoria":"Golosinas","subcategoria":"Caramelos/Gomitas/Pastillas/Chicles","precio":666.6,"destacado":false,"descripcion":"","imagen":"assets/products/CA-779818603477.webp","tags":["barrita","caramelo","cable","tutti","frutti","acida","bull","dog","x75gr","378555"]},{"id":"CA-789645191281","nombre":"BARRITAS DE CARAMELO DOCILE FRUTILLA ACIDA ROJA x12 uni. x 15 gr. 80145","categoria":"Golosinas","subcategoria":"Caramelos/Gomitas/Pastillas/Chicles","precio":2747.99,"destacado":false,"descripcion":"","imagen":"assets/products/CA-789645191281.webp","tags":["barritas","caramelo","docile","frutilla","acida","roja","x12","uni","80145"]},{"id":"CA-789645191308","nombre":"BARRITAS DE CARAMELO DOCILE FRUTILLA MULTICOLOR x12 uni. x 15 gr. 80146","categoria":"Golosinas","subcategoria":"Caramelos/Gomitas/Pastillas/Chicles","precio":2747.99,"destacado":false,"descripcion":"","imagen":"assets/products/CA-789645191308.webp","tags":["barritas","caramelo","docile","frutilla","multicolor","x12","uni","80146"]},{"id":"CA-789645191359","nombre":"BARRITAS DE CARAMELO DOCILE UNICORNIO FRUTILLA ACIDA x12 uni. x 15 gr. 80147","categoria":"Golosinas","subcategoria":"Caramelos/Gomitas/Pastillas/Chicles","precio":2747.99,"destacado":false,"descripcion":"","imagen":"assets/products/CA-789645191359.webp","tags":["barritas","caramelo","docile","unicornio","frutilla","acida","x12","uni","80147"]},{"id":"CA-789645191384","nombre":"BARRITAS DE CARAMELO DOCILE UNICORNIO FRUTILLA ACIDA x70grs.  80152","categoria":"Golosinas","subcategoria":"Caramelos/Gomitas/Pastillas/Chicles","precio":901.25,"destacado":false,"descripcion":"","imagen":"assets/products/CA-789645191384.webp","tags":["barritas","caramelo","docile","unicornio","frutilla","acida","x70grs","80152"]},{"id":"CA-779818603442","nombre":"BOMBONERA CORAZON BILLIKEN CON BOMBONES FRUTALES x200grs 12750","categoria":"Golosinas","subcategoria":"Caramelos/Gomitas/Pastillas/Chicles","precio":2038.45,"destacado":false,"descripcion":"","imagen":"assets/products/CA-779818603442.webp","tags":["bombonera","corazon","billiken","con","bombones","frutales","x200grs","12750"]},{"id":"CA-779058013419","nombre":"CARAMELO BUTTER TOFFEES CHOCOLATE ARCOR x140grs 1013419","categoria":"Golosinas","subcategoria":"Caramelos/Gomitas/Pastillas/Chicles","precio":1368.74,"destacado":false,"descripcion":"","imagen":"assets/products/CA-779058013419.webp","tags":["caramelo","butter","toffees","chocolate","arcor","x140grs","1013419"]},{"id":"CA-779058015209","nombre":"CARAMELO BUTTER TOFFEES LECHE ARCOR x80grs 5209","categoria":"Golosinas","subcategoria":"Caramelos/Gomitas/Pastillas/Chicles","precio":865.07,"destacado":false,"descripcion":"","imagen":"assets/products/CA-779058015209.webp","tags":["caramelo","butter","toffees","leche","arcor","x80grs","5209"]},{"id":"CA-779058013420","nombre":"CARAMELO BUTTER TOFFEES SURTIDO ARCOR x140grs 1013420","categoria":"Golosinas","subcategoria":"Caramelos/Gomitas/Pastillas/Chicles","precio":1368.74,"destacado":false,"descripcion":"","imagen":"assets/products/CA-779058013420.webp","tags":["caramelo","butter","toffees","surtido","arcor","x140grs","1013420"]},{"id":"CA-779058015211","nombre":"CARAMELO BUTTER TOFFEES SURTIDOS ARCOR x80grs 5211","categoria":"Golosinas","subcategoria":"Caramelos/Gomitas/Pastillas/Chicles","precio":942.93,"destacado":false,"descripcion":"* (19/12/2025)","imagen":"assets/products/CA-779058015211.webp","tags":["caramelo","butter","toffees","surtidos","arcor","x80grs","5211"]},{"id":"CA-779286000549","nombre":"CARAMELO DURO LHERITIER CHERRY MENTOL x150grs 301123","categoria":"Golosinas","subcategoria":"Caramelos/Gomitas/Pastillas/Chicles","precio":1225.9,"destacado":false,"descripcion":"","imagen":"assets/products/CA-779286000549.webp","tags":["caramelo","duro","lheritier","cherry","mentol","x150grs","301123"]},{"id":"CA-779286000518","nombre":"CARAMELO DURO LHERITIER MENTAx150grs 301122","categoria":"Golosinas","subcategoria":"Caramelos/Gomitas/Pastillas/Chicles","precio":1225.9,"destacado":false,"descripcion":"","imagen":"assets/products/CA-779286000518.webp","tags":["caramelo","duro","lheritier","mentax150grs","301122"]},{"id":"CA-779286000548","nombre":"CARAMELO DURO LHERITIER MIEL Y LIMON x150grs 301124","categoria":"Golosinas","subcategoria":"Caramelos/Gomitas/Pastillas/Chicles","precio":1225.9,"destacado":false,"descripcion":"","imagen":"assets/products/CA-779286000548.webp","tags":["caramelo","duro","lheritier","miel","limon","x150grs","301124"]},{"id":"CA-779038000265","nombre":"CARAMELO FLYNN PAFF BANANA GEORGALOS x560g 265","categoria":"Golosinas","subcategoria":"Caramelos/Gomitas/Pastillas/Chicles","precio":4522.94,"destacado":false,"descripcion":"* (19/12/2025)","imagen":"assets/products/CA-779038000265.webp","tags":["caramelo","flynn","paff","banana","georgalos","x560g","265"]},{"id":"CA-779038001180","nombre":"CARAMELO FLYNN PAFF FRUTILLA-VAINILLA GEORGALOS x560g 1180","categoria":"Golosinas","subcategoria":"Caramelos/Gomitas/Pastillas/Chicles","precio":4522.94,"destacado":false,"descripcion":"* (19/12/2025)","imagen":"assets/products/CA-779038001180.webp","tags":["caramelo","flynn","paff","frutilla","vainilla","georgalos","x560g","1180"]},{"id":"CA-779038000296","nombre":"CARAMELO FLYNN PAFF PINTA LENGUA GEORGALOS x560g 296","categoria":"Golosinas","subcategoria":"Caramelos/Gomitas/Pastillas/Chicles","precio":4522.94,"destacado":false,"descripcion":"* (19/12/2025)","imagen":"assets/products/CA-779038000296.webp","tags":["caramelo","flynn","paff","pinta","lengua","georgalos","x560g","296"]},{"id":"CA-779038002907","nombre":"CARAMELO FLYNN PAFF SURTIDOS GEORGALOS x16uni. 2907","categoria":"Golosinas","subcategoria":"Caramelos/Gomitas/Pastillas/Chicles","precio":1549.25,"destacado":false,"descripcion":"* (19/12/2025)","imagen":"assets/products/CA-779038002907.webp","tags":["caramelo","flynn","paff","surtidos","georgalos","x16uni","2907"]},{"id":"CA-779038000273","nombre":"CARAMELO FLYNN PAFF TUTTI-FRUTTI GEORGALOS x560g 273","categoria":"Golosinas","subcategoria":"Caramelos/Gomitas/Pastillas/Chicles","precio":4522.94,"destacado":false,"descripcion":"* (19/12/2025)","imagen":"assets/products/CA-779038000273.webp","tags":["caramelo","flynn","paff","tutti","frutti","georgalos","x560g","273"]},{"id":"CA-779038000266","nombre":"CARAMELO FLYNN PAFF UVA GEORGALOS x560g 266","categoria":"Golosinas","subcategoria":"Caramelos/Gomitas/Pastillas/Chicles","precio":4522.94,"destacado":false,"descripcion":"* (19/12/2025)","imagen":"assets/products/CA-779038000266.webp","tags":["caramelo","flynn","paff","uva","georgalos","x560g","266"]},{"id":"CA-779038002820","nombre":"CARAMELO FLYNN PAFF YOGUR GEORGALOS x560g (BANANA-FRUTILLA) 2820","categoria":"Golosinas","subcategoria":"Caramelos/Gomitas/Pastillas/Chicles","precio":4522.94,"destacado":false,"descripcion":"* (19/12/2025)","imagen":"assets/products/CA-779038002820.webp","tags":["caramelo","flynn","paff","yogur","georgalos","x560g","banana","frutilla","2820"]},{"id":"CA-779038003913","nombre":"CARAMELO LENGUETAZO PINTA LENGUA FRAMBUESA x32u.","categoria":"Golosinas","subcategoria":"Caramelos/Gomitas/Pastillas/Chicles","precio":4869.57,"destacado":false,"descripcion":"* (19/12/2025)","imagen":"assets/products/CA-779038003913.webp","tags":["caramelo","lenguetazo","pinta","lengua","frambuesa","x32u"]},{"id":"CA-779038043901","nombre":"CARAMELO LENGUETAZO TUTTI-FRUTTI x32u.","categoria":"Golosinas","subcategoria":"Caramelos/Gomitas/Pastillas/Chicles","precio":4869.57,"destacado":false,"descripcion":"* (19/12/2025)","imagen":"assets/products/CA-779038043901.webp","tags":["caramelo","lenguetazo","tutti","frutti","x32u"]},{"id":"CA-779818603174","nombre":"CARAMELO MASTICABLE ACIDO BULL DOG x700grs. 78991","categoria":"Golosinas","subcategoria":"Caramelos/Gomitas/Pastillas/Chicles","precio":3758.98,"destacado":false,"descripcion":"","imagen":"assets/products/CA-779818603174.webp","tags":["caramelo","masticable","acido","bull","dog","x700grs","78991"]},{"id":"CA-000000019015","nombre":"CARAMELO MASTICABLE BERBAU FANTASY (BULTOx55)","categoria":"Golosinas","subcategoria":"Caramelos/Gomitas/Pastillas/Chicles","precio":72686.9,"destacado":false,"descripcion":"","imagen":"assets/products/CA-000000019015.webp","tags":["caramelo","masticable","berbau","fantasy","bultox55"]},{"id":"CA-789637990875","nombre":"CARAMELO MASTICABLE BERBAU FANTASY x250gr.","categoria":"Golosinas","subcategoria":"Caramelos/Gomitas/Pastillas/Chicles","precio":1372.41,"destacado":false,"descripcion":"","imagen":"assets/products/CA-789637990875.webp","tags":["caramelo","masticable","berbau","fantasy","x250gr"]},{"id":"CA-000000023567","nombre":"CARAMELO MASTICABLE BERBAU LOBITTO (BULTOx55)","categoria":"Golosinas","subcategoria":"Caramelos/Gomitas/Pastillas/Chicles","precio":72686.9,"destacado":false,"descripcion":"","imagen":"assets/products/CA-000000023567.webp","tags":["caramelo","masticable","berbau","lobitto","bultox55"]},{"id":"CA-789637990876","nombre":"CARAMELO MASTICABLE BERBAU LOBITTO x250gr.","categoria":"Golosinas","subcategoria":"Caramelos/Gomitas/Pastillas/Chicles","precio":1372.41,"destacado":false,"descripcion":"","imagen":"assets/products/CA-789637990876.webp","tags":["caramelo","masticable","berbau","lobitto","x250gr"]},{"id":"CA-000000019016","nombre":"CARAMELO MASTICABLE BERBAU TUTTI-FRUTTI (BULTOx55)","categoria":"Golosinas","subcategoria":"Caramelos/Gomitas/Pastillas/Chicles","precio":72686.9,"destacado":false,"descripcion":"","imagen":"assets/products/CA-000000019016.webp","tags":["caramelo","masticable","berbau","tutti","frutti","bultox55"]},{"id":"CA-789637990877","nombre":"CARAMELO MASTICABLE BERBAU TUTTI-FRUTTI x250gr.","categoria":"Golosinas","subcategoria":"Caramelos/Gomitas/Pastillas/Chicles","precio":1372.41,"destacado":false,"descripcion":"","imagen":"assets/products/CA-789637990877.webp","tags":["caramelo","masticable","berbau","tutti","frutti","x250gr"]},{"id":"CA-779818603175","nombre":"CARAMELO MASTICABLE DROPSY SELVA x700grs 78994","categoria":"Golosinas","subcategoria":"Caramelos/Gomitas/Pastillas/Chicles","precio":3758.98,"destacado":false,"descripcion":"","imagen":"assets/products/CA-779818603175.webp","tags":["caramelo","masticable","dropsy","selva","x700grs","78994"]},{"id":"CA-17798040594640","nombre":"CARAMELO MASTICABLE FIERITA CIRCUS (BULTO 30x300gr.)","categoria":"Golosinas","subcategoria":"Caramelos/Gomitas/Pastillas/Chicles","precio":47157.63,"destacado":false,"descripcion":"","imagen":"assets/products/CA-17798040594640.webp","tags":["caramelo","masticable","fierita","circus","bulto","30x300gr"]},{"id":"CA-779804059464","nombre":"CARAMELO MASTICABLE FIERITA CIRCUS x300gr.","categoria":"Golosinas","subcategoria":"Caramelos/Gomitas/Pastillas/Chicles","precio":1634.3,"destacado":false,"descripcion":"","imagen":"assets/products/CA-779804059464.webp","tags":["caramelo","masticable","fierita","circus","x300gr"]},{"id":"CA-779804059520","nombre":"CARAMELO MASTICABLE FIERITA METRICO 24cm x672gr","categoria":"Golosinas","subcategoria":"Caramelos/Gomitas/Pastillas/Chicles","precio":5011.63,"destacado":false,"descripcion":"","imagen":"assets/products/CA-779804059520.webp","tags":["caramelo","masticable","fierita","metrico","24cm","x672gr"]},{"id":"CA-779818603443","nombre":"CARAMELO MASTICABLE FRUTAL BILLIKEN x150gr 378548","categoria":"Golosinas","subcategoria":"Caramelos/Gomitas/Pastillas/Chicles","precio":936.04,"destacado":false,"descripcion":"","imagen":"assets/products/CA-779818603443.webp","tags":["caramelo","masticable","frutal","billiken","x150gr","378548"]}]}