{"category_slug":"golosinas","subcategory_slug":"caramelos_gomitas_pastillas_chicles","page":2,"page_size":48,"total":175,"items":[{"id":"CA-17792222004002","nombre":"CARAMELO MASTICABLE FRUTAL BILLIKEN x600g (BULTO x12) 174023/174050","categoria":"Golosinas","subcategoria":"Caramelos/Gomitas/Pastillas/Chicles","precio":35552.11,"destacado":false,"descripcion":"","imagen":"assets/products/CA-17792222004002.webp","tags":["caramelo","masticable","frutal","billiken","x600g","bulto","x12","174023","174050"]},{"id":"CA-779222200400","nombre":"CARAMELO MASTICABLE FRUTAL BILLIKEN x600g 174023","categoria":"Golosinas","subcategoria":"Caramelos/Gomitas/Pastillas/Chicles","precio":3081.18,"destacado":false,"descripcion":"","imagen":"assets/products/CA-779222200400.webp","tags":["caramelo","masticable","frutal","billiken","x600g","174023"]},{"id":"CA-779818603182","nombre":"CARAMELO MASTICABLE FRUTAL DROPSY x 700grs. 78992","categoria":"Golosinas","subcategoria":"Caramelos/Gomitas/Pastillas/Chicles","precio":3758.98,"destacado":false,"descripcion":"","imagen":"assets/products/CA-779818603182.webp","tags":["caramelo","masticable","frutal","dropsy","700grs","78992"]},{"id":"CA-17790580136892","nombre":"CARAMELO MASTICABLE FRUTALES (BULTO 36x120gr) 3689","categoria":"Golosinas","subcategoria":"Caramelos/Gomitas/Pastillas/Chicles","precio":22406.58,"destacado":false,"descripcion":"","imagen":"assets/products/CA-17790580136892.webp","tags":["caramelo","masticable","frutales","bulto","36x120gr","3689"]},{"id":"CA-87792354003798","nombre":"CARAMELO MASTICABLE FRUTALES MARENGO x100 uni. (BULTOx30)22530/22553","categoria":"Golosinas","subcategoria":"Caramelos/Gomitas/Pastillas/Chicles","precio":41535.0,"destacado":false,"descripcion":"","imagen":"assets/products/CA-87792354003798.webp","tags":["caramelo","masticable","frutales","marengo","x100","uni","bultox30","22530","22553"]},{"id":"CA-779235400486","nombre":"CARAMELO MASTICABLE FRUTALES MARENGO x250grs 22530/22553","categoria":"Golosinas","subcategoria":"Caramelos/Gomitas/Pastillas/Chicles","precio":1214.72,"destacado":false,"descripcion":"","imagen":"assets/products/CA-779235400486.webp","tags":["caramelo","masticable","frutales","marengo","x250grs","22530","22553"]},{"id":"CA-779058013689","nombre":"CARAMELO MASTICABLE FRUTALES x120gr 3689","categoria":"Golosinas","subcategoria":"Caramelos/Gomitas/Pastillas/Chicles","precio":622.41,"destacado":false,"descripcion":"","imagen":"assets/products/CA-779058013689.webp","tags":["caramelo","masticable","frutales","x120gr","3689"]},{"id":"CA-17790580106734","nombre":"CARAMELO MASTICABLE FRUTALES x880grs (BULTOx10) 10673","categoria":"Golosinas","subcategoria":"Caramelos/Gomitas/Pastillas/Chicles","precio":55255.95,"destacado":false,"descripcion":"* (19/12/2025)","imagen":"assets/products/CA-17790580106734.webp","tags":["caramelo","masticable","frutales","x880grs","bultox10","10673"]},{"id":"CA-779058010673","nombre":"CARAMELO MASTICABLE FRUTALES x880grs 10673","categoria":"Golosinas","subcategoria":"Caramelos/Gomitas/Pastillas/Chicles","precio":5744.86,"destacado":false,"descripcion":"* (19/12/2025)","imagen":"assets/products/CA-779058010673.webp","tags":["caramelo","masticable","frutales","x880grs","10673"]},{"id":"CA-27798186035158","nombre":"CARAMELO MASTICABLE LA PIÑATA SURTIDOS x450gr (BULTO x16) 378622","categoria":"Golosinas","subcategoria":"Caramelos/Gomitas/Pastillas/Chicles","precio":34071.84,"destacado":false,"descripcion":"","imagen":"assets/products/CA-27798186035158.webp","tags":["caramelo","masticable","piñata","surtidos","x450gr","bulto","x16","378622"]},{"id":"CA-779818603515","nombre":"CARAMELO MASTICABLE LA PIÑATA SURTIDOS x450gr 378622","categoria":"Golosinas","subcategoria":"Caramelos/Gomitas/Pastillas/Chicles","precio":2214.67,"destacado":false,"descripcion":"","imagen":"assets/products/CA-779818603515.webp","tags":["caramelo","masticable","piñata","surtidos","x450gr","378622"]},{"id":"CA-37792860007544","nombre":"CARAMELO MASTICABLE LHERITIERx300grs (BULTOx20) 300124","categoria":"Golosinas","subcategoria":"Caramelos/Gomitas/Pastillas/Chicles","precio":22815.0,"destacado":false,"descripcion":"","imagen":"assets/products/CA-37792860007544.webp","tags":["caramelo","masticable","lheritierx300grs","bultox20","300124"]},{"id":"CA-779286000754","nombre":"CARAMELO MASTICABLE LHERITIERx300grs 300124","categoria":"Golosinas","subcategoria":"Caramelos/Gomitas/Pastillas/Chicles","precio":1186.38,"destacado":false,"descripcion":"","imagen":"assets/products/CA-779286000754.webp","tags":["caramelo","masticable","lheritierx300grs","300124"]},{"id":"CA-17790580178106","nombre":"CARAMELO MASTICABLE MISKY x800grs (BULTOx10) 1781","categoria":"Golosinas","subcategoria":"Caramelos/Gomitas/Pastillas/Chicles","precio":46676.65,"destacado":false,"descripcion":"* (19/12/2025)","imagen":"assets/products/CA-17790580178106.webp","tags":["caramelo","masticable","misky","x800grs","bultox10","1781"]},{"id":"CA-779058017810","nombre":"CARAMELO MASTICABLE MISKY x800grs 1781","categoria":"Golosinas","subcategoria":"Caramelos/Gomitas/Pastillas/Chicles","precio":4667.66,"destacado":false,"descripcion":"* (19/12/2025)","imagen":"assets/products/CA-779058017810.webp","tags":["caramelo","masticable","misky","x800grs","1781"]},{"id":"CA-779302400635","nombre":"CARAMELO MASTICABLE OSI-OSI x300gr 100635","categoria":"Golosinas","subcategoria":"Caramelos/Gomitas/Pastillas/Chicles","precio":1899.5,"destacado":false,"descripcion":"","imagen":"assets/products/CA-779302400635.webp","tags":["caramelo","masticable","osi","osi","x300gr","100635"]},{"id":"CA-57793024006353","nombre":"CARAMELO MASTICABLE OSI-OSI x300grs (BULTOx24) 100635","categoria":"Golosinas","subcategoria":"Caramelos/Gomitas/Pastillas/Chicles","precio":43848.0,"destacado":false,"descripcion":"","imagen":"assets/products/CA-57793024006353.webp","tags":["caramelo","masticable","osi","osi","x300grs","bultox24","100635"]},{"id":"CA-17798070550678","nombre":"CARAMELO MASTICABLE PAYSANDU x100u.(BULTOx25)","categoria":"Golosinas","subcategoria":"Caramelos/Gomitas/Pastillas/Chicles","precio":32917.5,"destacado":false,"descripcion":"","imagen":"assets/products/CA-17798070550678.webp","tags":["caramelo","masticable","paysandu","x100u","bultox25"]},{"id":"CA-779807055067","nombre":"CARAMELO MASTICABLE PAYSANDU x100unid.","categoria":"Golosinas","subcategoria":"Caramelos/Gomitas/Pastillas/Chicles","precio":1368.95,"destacado":false,"descripcion":"","imagen":"assets/products/CA-779807055067.webp","tags":["caramelo","masticable","paysandu","x100unid"]},{"id":"CA-779286000561","nombre":"CARAMELO MASTICABLE PICO DULCE ACIDO POWER LHERITIER x500gr. 301121","categoria":"Golosinas","subcategoria":"Caramelos/Gomitas/Pastillas/Chicles","precio":3596.37,"destacado":false,"descripcion":"","imagen":"assets/products/CA-779286000561.webp","tags":["caramelo","masticable","pico","dulce","acido","power","lheritier","x500gr","301121"]},{"id":"CA-17792860008004","nombre":"CARAMELO MASTICABLE PICO DULCE LHERITIER x500g (BULTOx12) 300240","categoria":"Golosinas","subcategoria":"Caramelos/Gomitas/Pastillas/Chicles","precio":33879.0,"destacado":false,"descripcion":"","imagen":"assets/products/CA-17792860008004.webp","tags":["caramelo","masticable","pico","dulce","lheritier","x500g","bultox12","300240"]},{"id":"CA-779286000800","nombre":"CARAMELO MASTICABLE PICO DULCE LHERITIER x500gr. 300240","categoria":"Golosinas","subcategoria":"Caramelos/Gomitas/Pastillas/Chicles","precio":2936.18,"destacado":false,"descripcion":"","imagen":"assets/products/CA-779286000800.webp","tags":["caramelo","masticable","pico","dulce","lheritier","x500gr","300240"]},{"id":"CA-17790580060609","nombre":"CARAMELO MASTICABLE SUGUS (BULTO 36x150gr) 0606","categoria":"Golosinas","subcategoria":"Caramelos/Gomitas/Pastillas/Chicles","precio":39118.99,"destacado":false,"descripcion":"* (19/12/2025)","imagen":"assets/products/CA-17790580060609.webp","tags":["caramelo","masticable","sugus","bulto","36x150gr","0606"]},{"id":"CA-779058006060","nombre":"CARAMELO MASTICABLE SUGUS x150gr 0606","categoria":"Golosinas","subcategoria":"Caramelos/Gomitas/Pastillas/Chicles","precio":1086.64,"destacado":false,"descripcion":"* (19/12/2025)","imagen":"assets/products/CA-779058006060.webp","tags":["caramelo","masticable","sugus","x150gr","0606"]},{"id":"CA-17790580138605","nombre":"CARAMELO MASTICABLE SUGUS x700grs (BULTOx8) 1013860","categoria":"Golosinas","subcategoria":"Caramelos/Gomitas/Pastillas/Chicles","precio":37809.16,"destacado":false,"descripcion":"* (19/12/2025)","imagen":"assets/products/CA-17790580138605.webp","tags":["caramelo","masticable","sugus","x700grs","bultox8","1013860"]},{"id":"CA-779058006020","nombre":"CARAMELO MASTICABLE SUGUS x700grs 0602","categoria":"Golosinas","subcategoria":"Caramelos/Gomitas/Pastillas/Chicles","precio":4726.15,"destacado":false,"descripcion":"* (19/12/2025)","imagen":"assets/products/CA-779058006020.webp","tags":["caramelo","masticable","sugus","x700grs","0602"]},{"id":"CA-779235400586","nombre":"CARAMELO MASTICABLE TAPONAZO MARENGO x290gr  22549","categoria":"Golosinas","subcategoria":"Caramelos/Gomitas/Pastillas/Chicles","precio":1692.9,"destacado":false,"descripcion":"","imagen":"assets/products/CA-779235400586.webp","tags":["caramelo","masticable","taponazo","marengo","x290gr","22549"]},{"id":"CA-17896731031839","nombre":"CARAMELO MASTICABLE TAPONAZO MARENGO x290gr (BULTO x26) 22549","categoria":"Golosinas","subcategoria":"Caramelos/Gomitas/Pastillas/Chicles","precio":42385.2,"destacado":false,"descripcion":"","imagen":"assets/products/CA-17896731031839.webp","tags":["caramelo","masticable","taponazo","marengo","x290gr","bulto","x26","22549"]},{"id":"CA-779818603177","nombre":"CARAMELO MASTICABLE YOGURT DROPSY x700grs 78993","categoria":"Golosinas","subcategoria":"Caramelos/Gomitas/Pastillas/Chicles","precio":3758.98,"destacado":false,"descripcion":"","imagen":"assets/products/CA-779818603177.webp","tags":["caramelo","masticable","yogurt","dropsy","x700grs","78993"]},{"id":"CA-17798186034550","nombre":"CARAMELO MASTICABLE YUM-YUM SURTIDOS x300gr (BULTO x24) 373817","categoria":"Golosinas","subcategoria":"Caramelos/Gomitas/Pastillas/Chicles","precio":38309.97,"destacado":false,"descripcion":"","imagen":"assets/products/CA-17798186034550.webp","tags":["caramelo","masticable","yum","yum","surtidos","x300gr","bulto","x24","373817"]},{"id":"CA-779818603455","nombre":"CARAMELO MASTICABLE YUM-YUM SURTIDOS x300gr 373817","categoria":"Golosinas","subcategoria":"Caramelos/Gomitas/Pastillas/Chicles","precio":1596.25,"destacado":false,"descripcion":"","imagen":"assets/products/CA-779818603455.webp","tags":["caramelo","masticable","yum","yum","surtidos","x300gr","373817"]},{"id":"CA-779038025801","nombre":"CARAMELO PALITO DE LA SELVA  x150grs.","categoria":"Golosinas","subcategoria":"Caramelos/Gomitas/Pastillas/Chicles","precio":1511.12,"destacado":false,"descripcion":"* (19/12/2025)","imagen":"assets/products/CA-779038025801.webp","tags":["caramelo","palito","selva","x150grs"]},{"id":"CA-762220180259","nombre":"CARAMELO PALITO DE LA SELVA  x660grs.","categoria":"Golosinas","subcategoria":"Caramelos/Gomitas/Pastillas/Chicles","precio":6685.67,"destacado":false,"descripcion":"* (19/12/2025)","imagen":"assets/products/CA-762220180259.webp","tags":["caramelo","palito","selva","x660grs"]},{"id":"CA-27790380258012","nombre":"CARAMELO PALITO DE LA SELVA x150grs. (CAJAx44)","categoria":"Golosinas","subcategoria":"Caramelos/Gomitas/Pastillas/Chicles","precio":63931.91,"destacado":false,"descripcion":"* (19/12/2025)","imagen":"assets/products/CA-27790380258012.webp","tags":["caramelo","palito","selva","x150grs","cajax44"]},{"id":"CA-17622201802582","nombre":"CARAMELO PALITO DE LA SELVA x660grs. (CAJAx12)","categoria":"Golosinas","subcategoria":"Caramelos/Gomitas/Pastillas/Chicles","precio":77142.32,"destacado":false,"descripcion":"* (19/12/2025)","imagen":"assets/products/CA-17622201802582.webp","tags":["caramelo","palito","selva","x660grs","cajax12"]},{"id":"CA-000000054360","nombre":"CARAMELO TEMBLEKE ASKIRATA/ COBRA x4 3006/3001","categoria":"Golosinas","subcategoria":"Caramelos/Gomitas/Pastillas/Chicles","precio":2159.89,"destacado":false,"descripcion":"","imagen":"assets/products/CA-000000054360.webp","tags":["caramelo","tembleke","askirata","cobra","3006","3001"]},{"id":"CA-779135912009","nombre":"CARAMELO TEMBLEKE BICHOS x6 TREMBLY 2009","categoria":"Golosinas","subcategoria":"Caramelos/Gomitas/Pastillas/Chicles","precio":735.82,"destacado":false,"descripcion":"","imagen":"assets/products/CA-779135912009.webp","tags":["caramelo","tembleke","bichos","trembly","2009"]},{"id":"CA-779135912005","nombre":"CARAMELO TEMBLEKE BUNNY SLURPS x6 TREMBLY 2005","categoria":"Golosinas","subcategoria":"Caramelos/Gomitas/Pastillas/Chicles","precio":735.82,"destacado":false,"descripcion":"","imagen":"assets/products/CA-779135912005.webp","tags":["caramelo","tembleke","bunny","slurps","trembly","2005"]},{"id":"CA-779135912031","nombre":"CARAMELO TEMBLEKE DINOS x6 2031","categoria":"Golosinas","subcategoria":"Caramelos/Gomitas/Pastillas/Chicles","precio":735.82,"destacado":false,"descripcion":"","imagen":"assets/products/CA-779135912031.webp","tags":["caramelo","tembleke","dinos","2031"]},{"id":"CA-779135912027","nombre":"CARAMELO TEMBLEKE EMOCIONES x6 2028","categoria":"Golosinas","subcategoria":"Caramelos/Gomitas/Pastillas/Chicles","precio":735.82,"destacado":false,"descripcion":"","imagen":"assets/products/CA-779135912027.webp","tags":["caramelo","tembleke","emociones","2028"]},{"id":"CA-779135912004","nombre":"CARAMELO TEMBLEKE FRUTAL TREMBLY x6  2004","categoria":"Golosinas","subcategoria":"Caramelos/Gomitas/Pastillas/Chicles","precio":735.82,"destacado":false,"descripcion":"","imagen":"assets/products/CA-779135912004.webp","tags":["caramelo","tembleke","frutal","trembly","2004"]},{"id":"CA-779135912006","nombre":"CARAMELO TEMBLEKE GALACTICO x6 TREMBLY 2006","categoria":"Golosinas","subcategoria":"Caramelos/Gomitas/Pastillas/Chicles","precio":735.82,"destacado":false,"descripcion":"","imagen":"assets/products/CA-779135912006.webp","tags":["caramelo","tembleke","galactico","trembly","2006"]},{"id":"CA-779135912026","nombre":"CARAMELO TEMBLEKE PIRATA x6 TREMBLY 2026","categoria":"Golosinas","subcategoria":"Caramelos/Gomitas/Pastillas/Chicles","precio":735.82,"destacado":false,"descripcion":"","imagen":"assets/products/CA-779135912026.webp","tags":["caramelo","tembleke","pirata","trembly","2026"]},{"id":"CA-779135912017","nombre":"CARAMELO TEMBLEKE PRINCESAS x6 2017","categoria":"Golosinas","subcategoria":"Caramelos/Gomitas/Pastillas/Chicles","precio":735.82,"destacado":false,"descripcion":"","imagen":"assets/products/CA-779135912017.webp","tags":["caramelo","tembleke","princesas","2017"]},{"id":"CA-779135912015","nombre":"CARAMELO TEMBLEKE SELVA x6 TREMBLY 2015","categoria":"Golosinas","subcategoria":"Caramelos/Gomitas/Pastillas/Chicles","precio":735.82,"destacado":false,"descripcion":"","imagen":"assets/products/CA-779135912015.webp","tags":["caramelo","tembleke","selva","trembly","2015"]},{"id":"CA-779135912011","nombre":"CARAMELO TEMBLEKE SIMPSONS x6 2011","categoria":"Golosinas","subcategoria":"Caramelos/Gomitas/Pastillas/Chicles","precio":735.82,"destacado":false,"descripcion":"","imagen":"assets/products/CA-779135912011.webp","tags":["caramelo","tembleke","simpsons","2011"]},{"id":"CA-779135904031","nombre":"CARAMELO TEMBLEKE SOBRE RUEDAS CAJA x14 4031","categoria":"Golosinas","subcategoria":"Caramelos/Gomitas/Pastillas/Chicles","precio":5950.41,"destacado":false,"descripcion":"NUEVO 18/12/2025","imagen":"assets/products/CA-779135904031.webp","tags":["caramelo","tembleke","sobre","ruedas","caja","x14","4031"]},{"id":"CA-779135902033","nombre":"CARAMELO TEMBLEKE TROPICAL x6 2033","categoria":"Golosinas","subcategoria":"Caramelos/Gomitas/Pastillas/Chicles","precio":809.39,"destacado":false,"descripcion":"NUEVO 18/12/2025","imagen":"assets/products/CA-779135902033.webp","tags":["caramelo","tembleke","tropical","2033"]}]}