{"category_slug":"carnaval_carioca","subcategory_slug":"despedida_de_solteros","page":1,"page_size":48,"total":35,"items":[{"id":"CA-779812557477","nombre":"ANTEOJO FLUO MIEMBRO SEXY x1","categoria":"Carnaval Carioca","subcategoria":"Despedida De Solteros","precio":1103.63,"destacado":false,"descripcion":"","imagen":"assets/products/CA-779812557477.webp","tags":["anteojo","fluo","miembro","sexy"]},{"id":"CA-000000049664","nombre":"CARETA CONEJITA PLAY BOY NEGRA RIGIDA x1","categoria":"Carnaval Carioca","subcategoria":"Despedida De Solteros","precio":4050.0,"destacado":false,"descripcion":"","imagen":"assets/products/CA-000000049664.webp","tags":["careta","conejita","play","boy","negra","rigida"]},{"id":"CA-679740820097","nombre":"CARETA CONEJITA PLAYBOY NEGRA PLUSH  x1 PA0097 CA","categoria":"Carnaval Carioca","subcategoria":"Despedida De Solteros","precio":4083.78,"destacado":false,"descripcion":"","imagen":"assets/products/CA-679740820097.webp","tags":["careta","conejita","playboy","negra","plush","pa0097"]},{"id":"CA-779812557541","nombre":"CHUPETE MIEMBRO SEXY x6","categoria":"Carnaval Carioca","subcategoria":"Despedida De Solteros","precio":1352.58,"destacado":false,"descripcion":"","imagen":"assets/products/CA-779812557541.webp","tags":["chupete","miembro","sexy"]},{"id":"CA-779813337102","nombre":"COLA CON TANGA  x3u","categoria":"Carnaval Carioca","subcategoria":"Despedida De Solteros","precio":11375.44,"destacado":false,"descripcion":"","imagen":"assets/products/CA-779813337102.webp","tags":["cola","con","tanga","x3u"]},{"id":"CA-237187606002","nombre":"CORBATA PLASTICA FRASES DIVERTIDAS/EROTICAS x6 6002","categoria":"Carnaval Carioca","subcategoria":"Despedida De Solteros","precio":2595.89,"destacado":false,"descripcion":"","imagen":"assets/products/CA-237187606002.webp","tags":["corbata","plastica","frases","divertidas","eroticas","6002"]},{"id":"CA-237187602005","nombre":"CORSET PLASTICO LOLAS x4 2005","categoria":"Carnaval Carioca","subcategoria":"Despedida De Solteros","precio":9612.43,"destacado":false,"descripcion":"","imagen":"assets/products/CA-237187602005.webp","tags":["corset","plastico","lolas","2005"]},{"id":"CA-779814781406","nombre":"DISFRAZ ADULTO/ADOLESCENTE COLEGIALA SEXY x1 CANDELA T2","categoria":"Carnaval Carioca","subcategoria":"Despedida De Solteros","precio":15409.24,"destacado":false,"descripcion":"","imagen":"assets/products/CA-779814781406.webp","tags":["disfraz","adulto","adolescente","colegiala","sexy","candela"]},{"id":"CA-779814781401","nombre":"DISFRAZ ADULTO/ADOLESCENTE MUCAMA SEXY CANDELA T2x1","categoria":"Carnaval Carioca","subcategoria":"Despedida De Solteros","precio":15755.51,"destacado":false,"descripcion":"","imagen":"assets/products/CA-779814781401.webp","tags":["disfraz","adulto","adolescente","mucama","sexy","candela","t2x1"]},{"id":"CA-697609212061","nombre":"ESPOSAS CON PELUCHE VARIOS COLORES x1 1206A","categoria":"Carnaval Carioca","subcategoria":"Despedida De Solteros","precio":1215.82,"destacado":false,"descripcion":"","imagen":"assets/products/CA-697609212061.webp","tags":["esposas","con","peluche","varios","colores","1206a"]},{"id":"CA-679740801005","nombre":"ESPOSAS DE TULL DARK SEXY  x1 PA1005 CA","categoria":"Carnaval Carioca","subcategoria":"Despedida De Solteros","precio":2359.8,"destacado":false,"descripcion":"","imagen":"assets/products/CA-679740801005.webp","tags":["esposas","tull","dark","sexy","pa1005"]},{"id":"CA-697609212072","nombre":"ESPOSAS PELUCHE ANIMAL PRINT x1 DG1207A","categoria":"Carnaval Carioca","subcategoria":"Despedida De Solteros","precio":1221.67,"destacado":false,"descripcion":"","imagen":"assets/products/CA-697609212072.webp","tags":["esposas","peluche","animal","print","dg1207a"]},{"id":"CA-779812557800","nombre":"JUEGO EMBOCA MIEMBRO SEXY x1u. 800","categoria":"Carnaval Carioca","subcategoria":"Despedida De Solteros","precio":2077.65,"destacado":false,"descripcion":"","imagen":"assets/products/CA-779812557800.webp","tags":["juego","emboca","miembro","sexy","x1u","800"]},{"id":"CA-202580000540","nombre":"LANZA AGUA MIEMBRO X1 FP540","categoria":"Carnaval Carioca","subcategoria":"Despedida De Solteros","precio":3156.48,"destacado":false,"descripcion":"","imagen":"assets/products/CA-202580000540.webp","tags":["lanza","agua","miembro","fp540"]},{"id":"CA-779812557616","nombre":"MARACA CON MANGO MIEMBROx4","categoria":"Carnaval Carioca","subcategoria":"Despedida De Solteros","precio":2868.49,"destacado":false,"descripcion":"","imagen":"assets/products/CA-779812557616.webp","tags":["maraca","con","mango","miembrox4"]},{"id":"CA-779812557448","nombre":"MARACA MIEMBRO SEXYx6","categoria":"Carnaval Carioca","subcategoria":"Despedida De Solteros","precio":1293.35,"destacado":false,"descripcion":"","imagen":"assets/products/CA-779812557448.webp","tags":["maraca","miembro","sexyx6"]},{"id":"CA-779812557479","nombre":"MARACON SUPER MIEMBRO x1","categoria":"Carnaval Carioca","subcategoria":"Despedida De Solteros","precio":909.48,"destacado":false,"descripcion":"","imagen":"assets/products/CA-779812557479.webp","tags":["maracon","super","miembro"]},{"id":"CA-679749900022","nombre":"MASCARA CONEJITA CON STRASS PLAYBOY x1 DA0022 CA","categoria":"Carnaval Carioca","subcategoria":"Despedida De Solteros","precio":16487.9,"destacado":false,"descripcion":"","imagen":"assets/products/CA-679749900022.webp","tags":["mascara","conejita","con","strass","playboy","da0022"]},{"id":"CA-779832235463","nombre":"MUÑECA INFLABLE 1.44mtr x1 AC112  PS","categoria":"Carnaval Carioca","subcategoria":"Despedida De Solteros","precio":11508.0,"destacado":false,"descripcion":"","imagen":"assets/products/CA-779832235463.webp","tags":["muñeca","inflable","44mtr","ac112"]},{"id":"CA-779832235462","nombre":"MUÑECO INFLABLE 70cm x1 AC111  PS","categoria":"Carnaval Carioca","subcategoria":"Despedida De Solteros","precio":11508.0,"destacado":false,"descripcion":"","imagen":"assets/products/CA-779832235462.webp","tags":["muñeco","inflable","70cm","ac111"]},{"id":"CA-779813337105","nombre":"PECHOS CON CORPIÑO x3u","categoria":"Carnaval Carioca","subcategoria":"Despedida De Solteros","precio":11375.44,"destacado":false,"descripcion":"","imagen":"assets/products/CA-779813337105.webp","tags":["pechos","con","corpiño","x3u"]},{"id":"CA-000000053533","nombre":"PINCHE ADORNO DESPEDIDA DE SOLTERA 3D CON LUZ CALUMI x1u.","categoria":"Carnaval Carioca","subcategoria":"Despedida De Solteros","precio":1890.0,"destacado":false,"descripcion":"","imagen":"assets/products/CA-000000053533.webp","tags":["pinche","adorno","despedida","soltera","con","luz","calumi","x1u"]},{"id":"CA-779813465930","nombre":"PINCHE PARA FOTO FIESTA DESPEDIDA DE SOLTERO x13 (PROPS)S.1207 GOLD MUNDO","categoria":"Carnaval Carioca","subcategoria":"Despedida De Solteros","precio":1423.44,"destacado":false,"descripcion":"","imagen":"assets/products/CA-779813465930.webp","tags":["pinche","para","foto","fiesta","despedida","soltero","x13","props","1207","gold","mundo"]},{"id":"CA-779908804782","nombre":"PISTOLA LANZA CHAMPAGNE CHAMPGUN x1 CHAMP  PS","categoria":"Carnaval Carioca","subcategoria":"Despedida De Solteros","precio":28674.1,"destacado":false,"descripcion":"","imagen":"assets/products/CA-779908804782.webp","tags":["pistola","lanza","champagne","champgun","champ"]},{"id":"CA-779812557444","nombre":"PITO MIEMBRO SEXY x 6","categoria":"Carnaval Carioca","subcategoria":"Despedida De Solteros","precio":1181.71,"destacado":false,"descripcion":"","imagen":"assets/products/CA-779812557444.webp","tags":["pito","miembro","sexy"]},{"id":"CA-779832235487","nombre":"SET CONEJITA x1 AC114 (moño,puños,vincha)  PS","categoria":"Carnaval Carioca","subcategoria":"Despedida De Solteros","precio":5130.65,"destacado":false,"descripcion":"","imagen":"assets/products/CA-779832235487.webp","tags":["set","conejita","ac114","moño","puños","vincha"]},{"id":"CA-779832235486","nombre":"SET STRIPPER x1 AC128  PS","categoria":"Carnaval Carioca","subcategoria":"Despedida De Solteros","precio":2637.25,"destacado":false,"descripcion":"","imagen":"assets/products/CA-779832235486.webp","tags":["set","stripper","ac128"]},{"id":"CA-779812557447","nombre":"SORBETE MIEMBRO SEXY x 6","categoria":"Carnaval Carioca","subcategoria":"Despedida De Solteros","precio":1411.03,"destacado":false,"descripcion":"","imagen":"assets/products/CA-779812557447.webp","tags":["sorbete","miembro","sexy"]},{"id":"CA-779812557802","nombre":"TIARA COLLAR MIEMBRO x1u. 802","categoria":"Carnaval Carioca","subcategoria":"Despedida De Solteros","precio":1408.19,"destacado":false,"descripcion":"","imagen":"assets/products/CA-779812557802.webp","tags":["tiara","collar","miembro","x1u","802"]},{"id":"CA-000000049968","nombre":"TUTU BLANCO DE NOVIA CON LIGA ADULTO/ADOLESCENTE x1u.(talle mediano) CREACIONES MARIANA","categoria":"Carnaval Carioca","subcategoria":"Despedida De Solteros","precio":6153.3,"destacado":false,"descripcion":"","imagen":"assets/products/CA-000000049968.webp","tags":["tutu","blanco","novia","con","liga","adulto","adolescente","x1u","talle","mediano","creaciones","mariana"]},{"id":"CA-779812557801","nombre":"VASO MIEMBRO CON SORBETE x1u. 801","categoria":"Carnaval Carioca","subcategoria":"Despedida De Solteros","precio":1562.85,"destacado":false,"descripcion":"","imagen":"assets/products/CA-779812557801.webp","tags":["vaso","miembro","con","sorbete","x1u","801"]},{"id":"CA-679749900089","nombre":"VELO TULL NOVIA CON MIEMBROS  x1 DA0089","categoria":"Carnaval Carioca","subcategoria":"Despedida De Solteros","precio":4490.91,"destacado":false,"descripcion":"","imagen":"assets/products/CA-679749900089.webp","tags":["velo","tull","novia","con","miembros","da0089"]},{"id":"CA-237187605038","nombre":"VINCHA FRASES EROTICAS x6 5038","categoria":"Carnaval Carioca","subcategoria":"Despedida De Solteros","precio":3230.28,"destacado":false,"descripcion":"","imagen":"assets/products/CA-237187605038.webp","tags":["vincha","frases","eroticas","5038"]},{"id":"CA-779812557482","nombre":"VINCHA MIEMBRO SEXY x 6","categoria":"Carnaval Carioca","subcategoria":"Despedida De Solteros","precio":2859.02,"destacado":false,"descripcion":"","imagen":"assets/products/CA-779812557482.webp","tags":["vincha","miembro","sexy"]},{"id":"CA-237187605511","nombre":"VINCHA PLASTICA MIEMBRO x6 5511","categoria":"Carnaval Carioca","subcategoria":"Despedida De Solteros","precio":3983.74,"destacado":false,"descripcion":"","imagen":"assets/products/CA-237187605511.webp","tags":["vincha","plastica","miembro","5511"]}]}