{"category_slug":"cotillon","subcategory_slug":"disfraces_oficiales_varon","page":1,"page_size":48,"total":49,"items":[{"id":"CA-779837770287","nombre":"DISFRAZ CAPIBARA T0x1 (3-4 AÑOS) 1174","categoria":"Cotillon","subcategoria":"Disfraces Oficiales Varon","precio":17093.09,"destacado":false,"descripcion":"","imagen":"assets/products/CA-779837770287.webp","tags":["disfraz","capibara","t0x1","años","1174"]},{"id":"CA-779837770288","nombre":"DISFRAZ CAPIBARA T1x1 (5-6 AÑOS) 1175","categoria":"Cotillon","subcategoria":"Disfraces Oficiales Varon","precio":17093.09,"destacado":false,"descripcion":"","imagen":"assets/products/CA-779837770288.webp","tags":["disfraz","capibara","t1x1","años","1175"]},{"id":"CA-779837770289","nombre":"DISFRAZ CAPIBARA T2x1 (7-8 AÑOS) 1176","categoria":"Cotillon","subcategoria":"Disfraces Oficiales Varon","precio":17093.09,"destacado":false,"descripcion":"","imagen":"assets/products/CA-779837770289.webp","tags":["disfraz","capibara","t2x1","años","1176"]},{"id":"CA-779800258715","nombre":"DISFRAZ OFICIAL BATMAN T1 (1667-1) x1","categoria":"Cotillon","subcategoria":"Disfraces Oficiales Varon","precio":21060.0,"destacado":false,"descripcion":"","imagen":"assets/products/CA-779800258715.webp","tags":["disfraz","oficial","batman","1667"]},{"id":"CA-779800258716","nombre":"DISFRAZ OFICIAL BATMAN T2 (1667-2) x1","categoria":"Cotillon","subcategoria":"Disfraces Oficiales Varon","precio":21060.0,"destacado":false,"descripcion":"","imagen":"assets/products/CA-779800258716.webp","tags":["disfraz","oficial","batman","1667"]},{"id":"CA-779800258717","nombre":"DISFRAZ OFICIAL BATMAN T3 (1667-3) x1","categoria":"Cotillon","subcategoria":"Disfraces Oficiales Varon","precio":21060.0,"destacado":false,"descripcion":"","imagen":"assets/products/CA-779800258717.webp","tags":["disfraz","oficial","batman","1667"]},{"id":"CA-779837770095","nombre":"DISFRAZ OFICIAL BUZZ LIGHTYEAR PELICULA T0x1 7716 (3-4años)","categoria":"Cotillon","subcategoria":"Disfraces Oficiales Varon","precio":21115.01,"destacado":false,"descripcion":"","imagen":"assets/products/CA-779837770095.webp","tags":["disfraz","oficial","buzz","lightyear","pelicula","t0x1","7716","4años"]},{"id":"CA-779837770096","nombre":"DISFRAZ OFICIAL BUZZ LIGHTYEAR PELICULA T1x1 7717 (5-6años)","categoria":"Cotillon","subcategoria":"Disfraces Oficiales Varon","precio":21115.01,"destacado":false,"descripcion":"","imagen":"assets/products/CA-779837770096.webp","tags":["disfraz","oficial","buzz","lightyear","pelicula","t1x1","7717","6años"]},{"id":"CA-779837770097","nombre":"DISFRAZ OFICIAL BUZZ LIGHTYEAR PELICULA T2x1 7718 (7-8años)","categoria":"Cotillon","subcategoria":"Disfraces Oficiales Varon","precio":21115.01,"destacado":false,"descripcion":"","imagen":"assets/products/CA-779837770097.webp","tags":["disfraz","oficial","buzz","lightyear","pelicula","t2x1","7718","8años"]},{"id":"CA-779813611050","nombre":"DISFRAZ OFICIAL COWBOY WOODY T0x1 7740 (3-4años)","categoria":"Cotillon","subcategoria":"Disfraces Oficiales Varon","precio":21115.01,"destacado":false,"descripcion":"","imagen":"assets/products/CA-779813611050.webp","tags":["disfraz","oficial","cowboy","woody","t0x1","7740","4años"]},{"id":"CA-779813611051","nombre":"DISFRAZ OFICIAL COWBOY WOODY T1x1 7741 (5-6años)","categoria":"Cotillon","subcategoria":"Disfraces Oficiales Varon","precio":21115.01,"destacado":false,"descripcion":"","imagen":"assets/products/CA-779813611051.webp","tags":["disfraz","oficial","cowboy","woody","t1x1","7741","6años"]},{"id":"CA-779813611052","nombre":"DISFRAZ OFICIAL COWBOY WOODY T2x1 7742 (7-8años)","categoria":"Cotillon","subcategoria":"Disfraces Oficiales Varon","precio":21115.01,"destacado":false,"descripcion":"","imagen":"assets/products/CA-779813611052.webp","tags":["disfraz","oficial","cowboy","woody","t2x1","7742","8años"]},{"id":"CA-779837770212","nombre":"DISFRAZ OFICIAL DEADPOOL T0x1  (3-4años)","categoria":"Cotillon","subcategoria":"Disfraces Oficiales Varon","precio":21115.01,"destacado":false,"descripcion":"","imagen":"assets/products/CA-779837770212.webp","tags":["disfraz","oficial","deadpool","t0x1","4años"]},{"id":"CA-779837770213","nombre":"DISFRAZ OFICIAL DEADPOOL T1x1  (5-6años)","categoria":"Cotillon","subcategoria":"Disfraces Oficiales Varon","precio":21115.01,"destacado":false,"descripcion":"","imagen":"assets/products/CA-779837770213.webp","tags":["disfraz","oficial","deadpool","t1x1","6años"]},{"id":"CA-779837770214","nombre":"DISFRAZ OFICIAL DEADPOOL T2x1 (7-8años)","categoria":"Cotillon","subcategoria":"Disfraces Oficiales Varon","precio":21115.01,"destacado":false,"descripcion":"","imagen":"assets/products/CA-779837770214.webp","tags":["disfraz","oficial","deadpool","t2x1","8años"]},{"id":"CA-779824079594","nombre":"DISFRAZ OFICIAL ECONOMICO CAPITAN AMERICA T0x1 8203 (3-4años)","categoria":"Cotillon","subcategoria":"Disfraces Oficiales Varon","precio":13825.28,"destacado":false,"descripcion":"","imagen":"assets/products/CA-779824079594.webp","tags":["disfraz","oficial","economico","capitan","america","t0x1","8203","4años"]},{"id":"CA-779824079595","nombre":"DISFRAZ OFICIAL ECONOMICO CAPITAN AMERICA T1x1 8204 (5-6años)","categoria":"Cotillon","subcategoria":"Disfraces Oficiales Varon","precio":13825.28,"destacado":false,"descripcion":"","imagen":"assets/products/CA-779824079595.webp","tags":["disfraz","oficial","economico","capitan","america","t1x1","8204","6años"]},{"id":"CA-779824079596","nombre":"DISFRAZ OFICIAL ECONOMICO CAPITAN AMERICA T2x1 8205 (7-8años)","categoria":"Cotillon","subcategoria":"Disfraces Oficiales Varon","precio":13825.28,"destacado":false,"descripcion":"","imagen":"assets/products/CA-779824079596.webp","tags":["disfraz","oficial","economico","capitan","america","t2x1","8205","8años"]},{"id":"CA-779824079591","nombre":"DISFRAZ OFICIAL ECONOMICO HOMBRE ARAÑA T0 x1 8200 (3-4años)","categoria":"Cotillon","subcategoria":"Disfraces Oficiales Varon","precio":13825.28,"destacado":false,"descripcion":"","imagen":"assets/products/CA-779824079591.webp","tags":["disfraz","oficial","economico","hombre","araña","8200","4años"]},{"id":"CA-779824079592","nombre":"DISFRAZ OFICIAL ECONOMICO HOMBRE ARAÑA T1 x1 8201 (5-6años)","categoria":"Cotillon","subcategoria":"Disfraces Oficiales Varon","precio":13825.28,"destacado":false,"descripcion":"","imagen":"assets/products/CA-779824079592.webp","tags":["disfraz","oficial","economico","hombre","araña","8201","6años"]},{"id":"CA-779824079593","nombre":"DISFRAZ OFICIAL ECONOMICO HOMBRE ARAÑA T2 x1 8202 (7-8años)","categoria":"Cotillon","subcategoria":"Disfraces Oficiales Varon","precio":13825.28,"destacado":false,"descripcion":"","imagen":"assets/products/CA-779824079593.webp","tags":["disfraz","oficial","economico","hombre","araña","8202","8años"]},{"id":"CA-779824079600","nombre":"DISFRAZ OFICIAL ECONOMICO HULK T0 x1 8209 (3-4años)","categoria":"Cotillon","subcategoria":"Disfraces Oficiales Varon","precio":13825.28,"destacado":false,"descripcion":"","imagen":"assets/products/CA-779824079600.webp","tags":["disfraz","oficial","economico","hulk","8209","4años"]},{"id":"CA-779824079601","nombre":"DISFRAZ OFICIAL ECONOMICO HULK T1 x1 8210 (5-6años)","categoria":"Cotillon","subcategoria":"Disfraces Oficiales Varon","precio":13825.28,"destacado":false,"descripcion":"","imagen":"assets/products/CA-779824079601.webp","tags":["disfraz","oficial","economico","hulk","8210","6años"]},{"id":"CA-779824079602","nombre":"DISFRAZ OFICIAL ECONOMICO HULK T2 x1 8211 (7-8años)","categoria":"Cotillon","subcategoria":"Disfraces Oficiales Varon","precio":13825.28,"destacado":false,"descripcion":"","imagen":"assets/products/CA-779824079602.webp","tags":["disfraz","oficial","economico","hulk","8211","8años"]},{"id":"CA-779824079597","nombre":"DISFRAZ OFICIAL ECONOMICO IRONMAN T0 x1 8206 (3-4años)","categoria":"Cotillon","subcategoria":"Disfraces Oficiales Varon","precio":13825.28,"destacado":false,"descripcion":"","imagen":"assets/products/CA-779824079597.webp","tags":["disfraz","oficial","economico","ironman","8206","4años"]},{"id":"CA-779824079598","nombre":"DISFRAZ OFICIAL ECONOMICO IRONMAN T1 x1 8207 (5-6años)","categoria":"Cotillon","subcategoria":"Disfraces Oficiales Varon","precio":13825.28,"destacado":false,"descripcion":"","imagen":"assets/products/CA-779824079598.webp","tags":["disfraz","oficial","economico","ironman","8207","6años"]},{"id":"CA-779824079599","nombre":"DISFRAZ OFICIAL ECONOMICO IRONMAN T2 x1 8208 (7-8años)","categoria":"Cotillon","subcategoria":"Disfraces Oficiales Varon","precio":13825.28,"destacado":false,"descripcion":"","imagen":"assets/products/CA-779824079599.webp","tags":["disfraz","oficial","economico","ironman","8208","8años"]},{"id":"CA-779837770230","nombre":"DISFRAZ OFICIAL ECONOMICO VENOM T0 x1 8215 (3-4años)","categoria":"Cotillon","subcategoria":"Disfraces Oficiales Varon","precio":13825.28,"destacado":false,"descripcion":"","imagen":"assets/products/CA-779837770230.webp","tags":["disfraz","oficial","economico","venom","8215","4años"]},{"id":"CA-779837770231","nombre":"DISFRAZ OFICIAL ECONOMICO VENOM T1 x1 8216 (5-6años)","categoria":"Cotillon","subcategoria":"Disfraces Oficiales Varon","precio":13825.28,"destacado":false,"descripcion":"","imagen":"assets/products/CA-779837770231.webp","tags":["disfraz","oficial","economico","venom","8216","6años"]},{"id":"CA-779837770232","nombre":"DISFRAZ OFICIAL ECONOMICO VENOM T2 x1 8217 (7-8años)","categoria":"Cotillon","subcategoria":"Disfraces Oficiales Varon","precio":13825.28,"destacado":false,"descripcion":"","imagen":"assets/products/CA-779837770232.webp","tags":["disfraz","oficial","economico","venom","8217","8años"]},{"id":"CA-779800258718","nombre":"DISFRAZ OFICIAL FLASH T1 (1671-1) x1","categoria":"Cotillon","subcategoria":"Disfraces Oficiales Varon","precio":21060.0,"destacado":false,"descripcion":"","imagen":"assets/products/CA-779800258718.webp","tags":["disfraz","oficial","flash","1671"]},{"id":"CA-779800258719","nombre":"DISFRAZ OFICIAL FLASH T2 (1671-2) x1","categoria":"Cotillon","subcategoria":"Disfraces Oficiales Varon","precio":21060.0,"destacado":false,"descripcion":"","imagen":"assets/products/CA-779800258719.webp","tags":["disfraz","oficial","flash","1671"]},{"id":"CA-779800258720","nombre":"DISFRAZ OFICIAL FLASH T3 (1671-3) x1","categoria":"Cotillon","subcategoria":"Disfraces Oficiales Varon","precio":21060.0,"destacado":false,"descripcion":"","imagen":"assets/products/CA-779800258720.webp","tags":["disfraz","oficial","flash","1671"]},{"id":"CA-779814781490","nombre":"DISFRAZ OFICIAL GOKU DRAGON BALL Z CANDELA T1x1 (2-4años)","categoria":"Cotillon","subcategoria":"Disfraces Oficiales Varon","precio":13851.0,"destacado":false,"descripcion":"","imagen":"assets/products/CA-779814781490.webp","tags":["disfraz","oficial","goku","dragon","ball","candela","t1x1","4años"]},{"id":"CA-779814781491","nombre":"DISFRAZ OFICIAL GOKU DRAGON BALL Z CANDELA T2x1 (4-6años)","categoria":"Cotillon","subcategoria":"Disfraces Oficiales Varon","precio":13851.0,"destacado":false,"descripcion":"","imagen":"assets/products/CA-779814781491.webp","tags":["disfraz","oficial","goku","dragon","ball","candela","t2x1","6años"]},{"id":"CA-779814781492","nombre":"DISFRAZ OFICIAL GOKU DRAGON BALL Z CANDELA T3x1 (6-8años)","categoria":"Cotillon","subcategoria":"Disfraces Oficiales Varon","precio":13851.0,"destacado":false,"descripcion":"","imagen":"assets/products/CA-779814781492.webp","tags":["disfraz","oficial","goku","dragon","ball","candela","t3x1","8años"]},{"id":"CA-779814781590","nombre":"DISFRAZ OFICIAL GOKU DRAGON BALL Z CANDELA T4x1 (8-10años)","categoria":"Cotillon","subcategoria":"Disfraces Oficiales Varon","precio":13851.0,"destacado":false,"descripcion":"","imagen":"assets/products/CA-779814781590.webp","tags":["disfraz","oficial","goku","dragon","ball","candela","t4x1","10años"]},{"id":"CA-779824079501","nombre":"DISFRAZ OFICIAL HOMBRE ARAÑA MUSCULOSOS ESPECIAL T0 x1 122810 (3-4años)","categoria":"Cotillon","subcategoria":"Disfraces Oficiales Varon","precio":26393.78,"destacado":false,"descripcion":"","imagen":"assets/products/CA-779824079501.webp","tags":["disfraz","oficial","hombre","araña","musculosos","especial","122810","4años"]},{"id":"CA-779824079502","nombre":"DISFRAZ OFICIAL HOMBRE ARAÑA MUSCULOSOS ESPECIAL T1 x1 122910 (5-6años)","categoria":"Cotillon","subcategoria":"Disfraces Oficiales Varon","precio":26393.78,"destacado":false,"descripcion":"","imagen":"assets/products/CA-779824079502.webp","tags":["disfraz","oficial","hombre","araña","musculosos","especial","122910","6años"]},{"id":"CA-779824079503","nombre":"DISFRAZ OFICIAL HOMBRE ARAÑA MUSCULOSOS ESPECIAL T2 x1 123010 (7-8años)","categoria":"Cotillon","subcategoria":"Disfraces Oficiales Varon","precio":26393.78,"destacado":false,"descripcion":"","imagen":"assets/products/CA-779824079503.webp","tags":["disfraz","oficial","hombre","araña","musculosos","especial","123010","8años"]},{"id":"CA-779824079495","nombre":"DISFRAZ OFICIAL HULK MUSCULOSO ESPECIAL T0 x1 123710 (3-4años)","categoria":"Cotillon","subcategoria":"Disfraces Oficiales Varon","precio":26393.78,"destacado":false,"descripcion":"","imagen":"assets/products/CA-779824079495.webp","tags":["disfraz","oficial","hulk","musculoso","especial","123710","4años"]},{"id":"CA-779824079496","nombre":"DISFRAZ OFICIAL HULK MUSCULOSO ESPECIAL T1 x1 123810 (5-6 años)","categoria":"Cotillon","subcategoria":"Disfraces Oficiales Varon","precio":26393.78,"destacado":false,"descripcion":"","imagen":"assets/products/CA-779824079496.webp","tags":["disfraz","oficial","hulk","musculoso","especial","123810","años"]},{"id":"CA-779824079497","nombre":"DISFRAZ OFICIAL HULK MUSCULOSO ESPECIAL T2 x1 123910 (7-8años)","categoria":"Cotillon","subcategoria":"Disfraces Oficiales Varon","precio":26393.78,"destacado":false,"descripcion":"","imagen":"assets/products/CA-779824079497.webp","tags":["disfraz","oficial","hulk","musculoso","especial","123910","8años"]},{"id":"CA-779800258679","nombre":"DISFRAZ OFICIAL SUPERMAN T1 (1665-1) x1","categoria":"Cotillon","subcategoria":"Disfraces Oficiales Varon","precio":21060.0,"destacado":false,"descripcion":"","imagen":"assets/products/CA-779800258679.webp","tags":["disfraz","oficial","superman","1665"]},{"id":"CA-779800258680","nombre":"DISFRAZ OFICIAL SUPERMAN T2 (1665-2) x1","categoria":"Cotillon","subcategoria":"Disfraces Oficiales Varon","precio":21060.0,"destacado":false,"descripcion":"","imagen":"assets/products/CA-779800258680.webp","tags":["disfraz","oficial","superman","1665"]},{"id":"CA-779800258681","nombre":"DISFRAZ OFICIAL SUPERMAN T3 (1665-3) x1","categoria":"Cotillon","subcategoria":"Disfraces Oficiales Varon","precio":21060.0,"destacado":false,"descripcion":"","imagen":"assets/products/CA-779800258681.webp","tags":["disfraz","oficial","superman","1665"]},{"id":"CA-779837770275","nombre":"DISFRAZ OFICIAL WOLVERINE  T0x1  (3-4años)","categoria":"Cotillon","subcategoria":"Disfraces Oficiales Varon","precio":21115.0,"destacado":false,"descripcion":"","imagen":"assets/products/CA-779837770275.webp","tags":["disfraz","oficial","wolverine","t0x1","4años"]},{"id":"CA-779837770276","nombre":"DISFRAZ OFICIAL WOLVERINE T1x1 (5-6años)","categoria":"Cotillon","subcategoria":"Disfraces Oficiales Varon","precio":21115.0,"destacado":false,"descripcion":"","imagen":"assets/products/CA-779837770276.webp","tags":["disfraz","oficial","wolverine","t1x1","6años"]}]}