{"category_slug":"adornos_y_complementos_para_torta","subcategory_slug":"fototortas","page":1,"page_size":48,"total":36,"items":[{"id":"CA-000000056185","nombre":"LAMINA COMESTIBLE CHOCOTRANSFER DIA DEL PADRE MODELOS SURTIDOS x1 LC","categoria":"Adornos Y Complementos Para Torta","subcategoria":"Fototortas","precio":1879.2,"destacado":false,"descripcion":"","imagen":"assets/products/CA-000000056185.webp","tags":["lamina","comestible","chocotransfer","dia","del","padre","modelos","surtidos"]},{"id":"CA-000000056091","nombre":"LAMINA COMESTIBLE CHOCOTRANSFER PASCUAS CONEJOS CAPIBARA/CARPINCHO x1 LC","categoria":"Adornos Y Complementos Para Torta","subcategoria":"Fototortas","precio":1741.5,"destacado":false,"descripcion":"","imagen":"assets/products/CA-000000056091.webp","tags":["lamina","comestible","chocotransfer","pascuas","conejos","capibara","carpincho"]},{"id":"CA-000000056092","nombre":"LAMINA COMESTIBLE CHOCOTRANSFER PASCUAS CONEJOS COLORIDOS x1 LC","categoria":"Adornos Y Complementos Para Torta","subcategoria":"Fototortas","precio":1741.5,"destacado":false,"descripcion":"","imagen":"assets/products/CA-000000056092.webp","tags":["lamina","comestible","chocotransfer","pascuas","conejos","coloridos"]},{"id":"CA-000000055410","nombre":"LAMINA COMESTIBLE CONEJOS MODELOS SURTIDOSx1 sprink","categoria":"Adornos Y Complementos Para Torta","subcategoria":"Fototortas","precio":1000.0,"destacado":false,"descripcion":"","imagen":"assets/products/CA-000000055410.webp","tags":["lamina","comestible","conejos","modelos","surtidosx1","sprink"]},{"id":"CA-000000056576","nombre":"LAMINA COMESTIBLE DIA DEL PADRE (MODELOS SURTIDOS) x3u.LC","categoria":"Adornos Y Complementos Para Torta","subcategoria":"Fototortas","precio":2497.5,"destacado":false,"descripcion":"","imagen":"assets/products/CA-000000056576.webp","tags":["lamina","comestible","dia","del","padre","modelos","surtidos","x3u"]},{"id":"CA-000000056161","nombre":"LAMINA COMESTIBLE MARIPOSAS (FOTOTORTA) x1 LC","categoria":"Adornos Y Complementos Para Torta","subcategoria":"Fototortas","precio":1147.5,"destacado":false,"descripcion":"* (19/12/2025)","imagen":"assets/products/CA-000000056161.webp","tags":["lamina","comestible","mariposas","fototorta"]},{"id":"CA-000000055402","nombre":"LAMINA COMESTIBLE OREO CONEJOS MODELOS SURTIDOS x1 sprink","categoria":"Adornos Y Complementos Para Torta","subcategoria":"Fototortas","precio":850.0,"destacado":false,"descripcion":"","imagen":"assets/products/CA-000000055402.webp","tags":["lamina","comestible","oreo","conejos","modelos","surtidos","sprink"]},{"id":"CA-000000056147","nombre":"LAMINA COMESTIBLE REDONDA ABEJITAS (FOTOTORTA) x1 LC","categoria":"Adornos Y Complementos Para Torta","subcategoria":"Fototortas","precio":1147.5,"destacado":false,"descripcion":"* (19/12/2025)","imagen":"assets/products/CA-000000056147.webp","tags":["lamina","comestible","redonda","abejitas","fototorta"]},{"id":"CA-000000056165","nombre":"LAMINA COMESTIBLE REDONDA BLUEY (FOTOTORTA) x1 LC","categoria":"Adornos Y Complementos Para Torta","subcategoria":"Fototortas","precio":1147.5,"destacado":false,"descripcion":"* (19/12/2025)","imagen":"assets/products/CA-000000056165.webp","tags":["lamina","comestible","redonda","bluey","fototorta"]},{"id":"CA-000000056150","nombre":"LAMINA COMESTIBLE REDONDA BOCA (FOTOTORTA) x1 LC","categoria":"Adornos Y Complementos Para Torta","subcategoria":"Fototortas","precio":1147.5,"destacado":false,"descripcion":"* (19/12/2025)","imagen":"assets/products/CA-000000056150.webp","tags":["lamina","comestible","redonda","boca","fototorta"]},{"id":"CA-000000056151","nombre":"LAMINA COMESTIBLE REDONDA CAPIBARA (FOTOTORTA) x1 LC","categoria":"Adornos Y Complementos Para Torta","subcategoria":"Fototortas","precio":1147.5,"destacado":false,"descripcion":"* (19/12/2025)","imagen":"assets/products/CA-000000056151.webp","tags":["lamina","comestible","redonda","capibara","fototorta"]},{"id":"CA-000000057461","nombre":"LAMINA COMESTIBLE REDONDA CARS (FOTOTORTA) x1 LC","categoria":"Adornos Y Complementos Para Torta","subcategoria":"Fototortas","precio":1147.5,"destacado":false,"descripcion":"* (19/12/2025)","imagen":"assets/products/CA-000000057461.webp","tags":["lamina","comestible","redonda","cars","fototorta"]},{"id":"CA-000000057640","nombre":"LAMINA COMESTIBLE REDONDA DIA DE LA MADRE (FOTOTORTA) x1 LC","categoria":"Adornos Y Complementos Para Torta","subcategoria":"Fototortas","precio":1147.5,"destacado":false,"descripcion":"* (19/12/2025)","imagen":"assets/products/CA-000000057640.webp","tags":["lamina","comestible","redonda","dia","madre","fototorta"]},{"id":"CA-000000057456","nombre":"LAMINA COMESTIBLE REDONDA DIA DEL NIÑO (FOTOTORTA) x1 LC","categoria":"Adornos Y Complementos Para Torta","subcategoria":"Fototortas","precio":1147.5,"destacado":false,"descripcion":"* (19/12/2025)","imagen":"assets/products/CA-000000057456.webp","tags":["lamina","comestible","redonda","dia","del","niño","fototorta"]},{"id":"CA-000000056152","nombre":"LAMINA COMESTIBLE REDONDA DINOSAURIO (FOTOTORTA) x1 LC","categoria":"Adornos Y Complementos Para Torta","subcategoria":"Fototortas","precio":1147.5,"destacado":false,"descripcion":"* (19/12/2025)","imagen":"assets/products/CA-000000056152.webp","tags":["lamina","comestible","redonda","dinosaurio","fototorta"]},{"id":"CA-000000057465","nombre":"LAMINA COMESTIBLE REDONDA FELIZ CUMPLE MODELOS SURTIDOS (FOTOTORTA) x1 LC","categoria":"Adornos Y Complementos Para Torta","subcategoria":"Fototortas","precio":1147.5,"destacado":false,"descripcion":"* (19/12/2025)","imagen":"assets/products/CA-000000057465.webp","tags":["lamina","comestible","redonda","feliz","cumple","modelos","surtidos","fototorta"]},{"id":"CA-000000056162","nombre":"LAMINA COMESTIBLE REDONDA FORMULA 1 ROJO (FOTOTORTA) x1 LC","categoria":"Adornos Y Complementos Para Torta","subcategoria":"Fototortas","precio":1147.5,"destacado":false,"descripcion":"* (19/12/2025)","imagen":"assets/products/CA-000000056162.webp","tags":["lamina","comestible","redonda","formula","rojo","fototorta"]},{"id":"CA-000000056153","nombre":"LAMINA COMESTIBLE REDONDA FROZEN (FOTOTORTA) x1 LC","categoria":"Adornos Y Complementos Para Torta","subcategoria":"Fototortas","precio":1147.5,"destacado":false,"descripcion":"* (19/12/2025)","imagen":"assets/products/CA-000000056153.webp","tags":["lamina","comestible","redonda","frozen","fototorta"]},{"id":"CA-000000056154","nombre":"LAMINA COMESTIBLE REDONDA HOMBRE ARAÑA (FOTOTORTA) x1 LC","categoria":"Adornos Y Complementos Para Torta","subcategoria":"Fototortas","precio":1147.5,"destacado":false,"descripcion":"* (19/12/2025)","imagen":"assets/products/CA-000000056154.webp","tags":["lamina","comestible","redonda","hombre","araña","fototorta"]},{"id":"CA-000000056155","nombre":"LAMINA COMESTIBLE REDONDA KITTY (FOTOTORTA) x1 LC","categoria":"Adornos Y Complementos Para Torta","subcategoria":"Fototortas","precio":1147.5,"destacado":false,"descripcion":"* (19/12/2025)","imagen":"assets/products/CA-000000056155.webp","tags":["lamina","comestible","redonda","kitty","fototorta"]},{"id":"CA-000000056156","nombre":"LAMINA COMESTIBLE REDONDA KUROMI Y MELODY (FOTOTORTA) x1 LC","categoria":"Adornos Y Complementos Para Torta","subcategoria":"Fototortas","precio":1147.5,"destacado":false,"descripcion":"* (19/12/2025)","imagen":"assets/products/CA-000000056156.webp","tags":["lamina","comestible","redonda","kuromi","melody","fototorta"]},{"id":"CA-000000057460","nombre":"LAMINA COMESTIBLE REDONDA LA GRANJA DE ZENON (FOTOTORTA) x1 LC","categoria":"Adornos Y Complementos Para Torta","subcategoria":"Fototortas","precio":1147.5,"destacado":false,"descripcion":"* (19/12/2025)","imagen":"assets/products/CA-000000057460.webp","tags":["lamina","comestible","redonda","granja","zenon","fototorta"]},{"id":"CA-000000057575","nombre":"LAMINA COMESTIBLE REDONDA LA SIRENITA (FOTOTORTA) x1 LC","categoria":"Adornos Y Complementos Para Torta","subcategoria":"Fototortas","precio":1147.5,"destacado":false,"descripcion":"* (19/12/2025)","imagen":"assets/products/CA-000000057575.webp","tags":["lamina","comestible","redonda","sirenita","fototorta"]},{"id":"CA-000000057464","nombre":"LAMINA COMESTIBLE REDONDA LABUBU (FOTOTORTA) x1 LC","categoria":"Adornos Y Complementos Para Torta","subcategoria":"Fototortas","precio":1147.5,"destacado":false,"descripcion":"* (19/12/2025)","imagen":"assets/products/CA-000000057464.webp","tags":["lamina","comestible","redonda","labubu","fototorta"]},{"id":"CA-000000055862","nombre":"LAMINA COMESTIBLE REDONDA MARGARITA (FOTOTORTA) x1 sprink","categoria":"Adornos Y Complementos Para Torta","subcategoria":"Fototortas","precio":850.0,"destacado":false,"descripcion":"","imagen":"assets/products/CA-000000055862.webp","tags":["lamina","comestible","redonda","margarita","fototorta","sprink"]},{"id":"CA-000000056588","nombre":"LAMINA COMESTIBLE REDONDA ME JUBILE HOMBRE (FOTOTORTA) x1 LC","categoria":"Adornos Y Complementos Para Torta","subcategoria":"Fototortas","precio":1147.5,"destacado":false,"descripcion":"* (19/12/2025)","imagen":"assets/products/CA-000000056588.webp","tags":["lamina","comestible","redonda","jubile","hombre","fototorta"]},{"id":"CA-000000057462","nombre":"LAMINA COMESTIBLE REDONDA MICKEY (FOTOTORTA) x1 LC","categoria":"Adornos Y Complementos Para Torta","subcategoria":"Fototortas","precio":1147.5,"destacado":false,"descripcion":"* (19/12/2025)","imagen":"assets/products/CA-000000057462.webp","tags":["lamina","comestible","redonda","mickey","fototorta"]},{"id":"CA-000000057463","nombre":"LAMINA COMESTIBLE REDONDA MINIE (FOTOTORTA) x1 LC","categoria":"Adornos Y Complementos Para Torta","subcategoria":"Fototortas","precio":1147.5,"destacado":false,"descripcion":"* (19/12/2025)","imagen":"assets/products/CA-000000057463.webp","tags":["lamina","comestible","redonda","minie","fototorta"]},{"id":"CA-000000056160","nombre":"LAMINA COMESTIBLE REDONDA MOANA (FOTOTORTA) x1 LC","categoria":"Adornos Y Complementos Para Torta","subcategoria":"Fototortas","precio":1147.5,"destacado":false,"descripcion":"* (19/12/2025)","imagen":"assets/products/CA-000000056160.webp","tags":["lamina","comestible","redonda","moana","fototorta"]},{"id":"CA-000000057582","nombre":"LAMINA COMESTIBLE REDONDA OSO CON GLOBO AEROSTATICO CELESTE (FOTOTORTA) x1 LC","categoria":"Adornos Y Complementos Para Torta","subcategoria":"Fototortas","precio":1147.5,"destacado":false,"descripcion":"* (19/12/2025)","imagen":"assets/products/CA-000000057582.webp","tags":["lamina","comestible","redonda","oso","con","globo","aerostatico","celeste","fototorta"]},{"id":"CA-000000057576","nombre":"LAMINA COMESTIBLE REDONDA OSO CON GLOBO AEROSTATICO ROSA (FOTOTORTA) x1 LC","categoria":"Adornos Y Complementos Para Torta","subcategoria":"Fototortas","precio":1147.5,"destacado":false,"descripcion":"* (19/12/2025)","imagen":"assets/products/CA-000000057576.webp","tags":["lamina","comestible","redonda","oso","con","globo","aerostatico","rosa","fototorta"]},{"id":"CA-000000057577","nombre":"LAMINA COMESTIBLE REDONDA OSO MARRON CON GLOBOS TONOS NUDE (FOTOTORTA) x1 LC","categoria":"Adornos Y Complementos Para Torta","subcategoria":"Fototortas","precio":1147.5,"destacado":false,"descripcion":"* (19/12/2025)","imagen":"assets/products/CA-000000057577.webp","tags":["lamina","comestible","redonda","oso","marron","con","globos","tonos","nude","fototorta"]},{"id":"CA-000000056164","nombre":"LAMINA COMESTIBLE REDONDA PAW PATROL (FOTOTORTA) x1 LC","categoria":"Adornos Y Complementos Para Torta","subcategoria":"Fototortas","precio":1147.5,"destacado":false,"descripcion":"* (19/12/2025)","imagen":"assets/products/CA-000000056164.webp","tags":["lamina","comestible","redonda","paw","patrol","fototorta"]},{"id":"CA-000000056157","nombre":"LAMINA COMESTIBLE REDONDA RIVER (FOTOTORTA) x1 LC","categoria":"Adornos Y Complementos Para Torta","subcategoria":"Fototortas","precio":1147.5,"destacado":false,"descripcion":"* (19/12/2025)","imagen":"assets/products/CA-000000056157.webp","tags":["lamina","comestible","redonda","river","fototorta"]},{"id":"CA-000000056158","nombre":"LAMINA COMESTIBLE REDONDA SONIC (FOTOTORTA) x1 LC","categoria":"Adornos Y Complementos Para Torta","subcategoria":"Fototortas","precio":1147.5,"destacado":false,"descripcion":"* (19/12/2025)","imagen":"assets/products/CA-000000056158.webp","tags":["lamina","comestible","redonda","sonic","fototorta"]},{"id":"CA-000000056159","nombre":"LAMINA COMESTIBLE REDONDA STITCH (FOTOTORTA) x1 LC","categoria":"Adornos Y Complementos Para Torta","subcategoria":"Fototortas","precio":1147.5,"destacado":false,"descripcion":"* (19/12/2025)","imagen":"assets/products/CA-000000056159.webp","tags":["lamina","comestible","redonda","stitch","fototorta"]}]}