{"category_slug":"halloween","subcategory_slug":"golosinas_carameleras_y_miniaturas","page":2,"page_size":48,"total":91,"items":[{"id":"CA-779135903001","nombre":"CARAMELO TEMBLEKE COBRA x12 3001","categoria":"Halloween","subcategoria":"Golosinas, Carameleras Y Miniaturas","precio":6382.22,"destacado":false,"descripcion":"","imagen":"assets/products/CA-779135903001.webp","tags":["caramelo","tembleke","cobra","x12","3001"]},{"id":"CA-17791359190077","nombre":"CARAMELO TEMBLEKE HALLOWEEN EXHIBIDOR x44u 9007","categoria":"Halloween","subcategoria":"Golosinas, Carameleras Y Miniaturas","precio":25306.57,"destacado":false,"descripcion":"","imagen":"assets/products/CA-17791359190077.webp","tags":["caramelo","tembleke","halloween","exhibidor","x44u","9007"]},{"id":"CA-779135904030","nombre":"CARAMELO TEMBLEKE TATTO CON SORPRESA CAJA x10 4030","categoria":"Halloween","subcategoria":"Golosinas, Carameleras Y Miniaturas","precio":5950.41,"destacado":false,"descripcion":"","imagen":"assets/products/CA-779135904030.webp","tags":["caramelo","tembleke","tatto","con","sorpresa","caja","x10","4030"]},{"id":"CA-779804059026","nombre":"CHICLE CON TATTOO OPEN CANDY MAESTRO DEL TERROR x275grs.","categoria":"Halloween","subcategoria":"Golosinas, Carameleras Y Miniaturas","precio":2856.64,"destacado":false,"descripcion":"","imagen":"assets/products/CA-779804059026.webp","tags":["chicle","con","tattoo","open","candy","maestro","del","terror","x275grs"]},{"id":"CA-779058014673","nombre":"CHOCOLATIN PESADILLAS ROCKLETS x336g 1014673","categoria":"Halloween","subcategoria":"Golosinas, Carameleras Y Miniaturas","precio":9425.38,"destacado":false,"descripcion":"","imagen":"assets/products/CA-779058014673.webp","tags":["chocolatin","pesadillas","rocklets","x336g","1014673"]},{"id":"CA-000000053484","nombre":"CHUPALETA HALLOWEEN COLOR NEGRO/NARANJA x10u.HUMPI","categoria":"Halloween","subcategoria":"Golosinas, Carameleras Y Miniaturas","precio":4421.25,"destacado":false,"descripcion":"","imagen":"assets/products/CA-000000053484.webp","tags":["chupaleta","halloween","color","negro","naranja","x10u","humpi"]},{"id":"CA-779812995903","nombre":"CHUPALETA HALLOWEEN LOCURAS x20unid","categoria":"Halloween","subcategoria":"Golosinas, Carameleras Y Miniaturas","precio":6054.82,"destacado":false,"descripcion":"","imagen":"assets/products/CA-779812995903.webp","tags":["chupaleta","halloween","locuras","x20unid"]},{"id":"CA-079562975882","nombre":"CHUPARING ESPECTRAL CANDY PORT 200gr 10110.53","categoria":"Halloween","subcategoria":"Golosinas, Carameleras Y Miniaturas","precio":5205.32,"destacado":false,"descripcion":"","imagen":"assets/products/CA-079562975882.webp","tags":["chuparing","espectral","candy","port","200gr","10110"]},{"id":"CA-17790580151871","nombre":"CHUPETIN BOLITA MISTER POPS TERRORIFICO x10 (BULTO x24) 1015187","categoria":"Halloween","subcategoria":"Golosinas, Carameleras Y Miniaturas","precio":25899.14,"destacado":false,"descripcion":"","imagen":"assets/products/CA-17790580151871.webp","tags":["chupetin","bolita","mister","pops","terrorifico","x10","bulto","x24","1015187"]},{"id":"CA-779058015187","nombre":"CHUPETIN BOLITA MISTER POPS TERRORIFICO x10 1015187","categoria":"Halloween","subcategoria":"Golosinas, Carameleras Y Miniaturas","precio":1079.13,"destacado":false,"descripcion":"","imagen":"assets/products/CA-779058015187.webp","tags":["chupetin","bolita","mister","pops","terrorifico","x10","1015187"]},{"id":"CA-17790580144460","nombre":"CHUPETIN BOLITA MISTER POPS ZOMBIE (BULTO 12x432gr) 4500","categoria":"Halloween","subcategoria":"Golosinas, Carameleras Y Miniaturas","precio":36864.91,"destacado":false,"descripcion":"","imagen":"assets/products/CA-17790580144460.webp","tags":["chupetin","bolita","mister","pops","zombie","bulto","12x432gr","4500"]},{"id":"CA-779058014446","nombre":"CHUPETIN BOLITA MISTER POPS ZOMBIE x432gr 4500","categoria":"Halloween","subcategoria":"Golosinas, Carameleras Y Miniaturas","precio":3072.08,"destacado":false,"descripcion":"","imagen":"assets/products/CA-779058014446.webp","tags":["chupetin","bolita","mister","pops","zombie","x432gr","4500"]},{"id":"CA-789632103902","nombre":"CHUPETIN BRUXOLITO Q` PINTA  x400gr APROX. 86085","categoria":"Halloween","subcategoria":"Golosinas, Carameleras Y Miniaturas","precio":3482.32,"destacado":false,"descripcion":"","imagen":"assets/products/CA-789632103902.webp","tags":["chupetin","bruxolito","pinta","x400gr","aprox","86085"]},{"id":"CA-079562975873","nombre":"CHUPETIN CRAZY SKELETON CANDY PORT 240gr 10110.50","categoria":"Halloween","subcategoria":"Golosinas, Carameleras Y Miniaturas","precio":5783.81,"destacado":false,"descripcion":"","imagen":"assets/products/CA-079562975873.webp","tags":["chupetin","crazy","skeleton","candy","port","240gr","10110"]},{"id":"CA-789632103899","nombre":"CHUPETIN FLOPITO MONSTER x400gr APROX. 86079","categoria":"Halloween","subcategoria":"Golosinas, Carameleras Y Miniaturas","precio":3482.32,"destacado":false,"descripcion":"","imagen":"assets/products/CA-789632103899.webp","tags":["chupetin","flopito","monster","x400gr","aprox","86079"]},{"id":"CA-000000053625","nombre":"CHUPETIN HALLOWEEN CALAVERAS x15","categoria":"Halloween","subcategoria":"Golosinas, Carameleras Y Miniaturas","precio":3820.25,"destacado":false,"descripcion":"","imagen":"assets/products/CA-000000053625.webp","tags":["chupetin","halloween","calaveras","x15"]},{"id":"CA-454566448613","nombre":"CHUPETIN HALLOWEEN OJOS x10","categoria":"Halloween","subcategoria":"Golosinas, Carameleras Y Miniaturas","precio":3961.74,"destacado":false,"descripcion":"","imagen":"assets/products/CA-454566448613.webp","tags":["chupetin","halloween","ojos","x10"]},{"id":"CA-000000053637","nombre":"CHUPETIN HALLOWEEN PERSONAJES SURTIDO x10","categoria":"Halloween","subcategoria":"Golosinas, Carameleras Y Miniaturas","precio":3961.74,"destacado":false,"descripcion":"","imagen":"assets/products/CA-000000053637.webp","tags":["chupetin","halloween","personajes","surtido","x10"]},{"id":"CA-789631210556","nombre":"CHUPETIN POP TATTO PANICO x400gr APROX. 86083","categoria":"Halloween","subcategoria":"Golosinas, Carameleras Y Miniaturas","precio":3726.08,"destacado":false,"descripcion":"","imagen":"assets/products/CA-789631210556.webp","tags":["chupetin","pop","tatto","panico","x400gr","aprox","86083"]},{"id":"CA-079562975879","nombre":"CHUPETIN SKULL BONES CANDY PORT 200gr 10110.52","categoria":"Halloween","subcategoria":"Golosinas, Carameleras Y Miniaturas","precio":5783.81,"destacado":false,"descripcion":"","imagen":"assets/products/CA-079562975879.webp","tags":["chupetin","skull","bones","candy","port","200gr","10110"]},{"id":"CA-079562975876","nombre":"CHUPETIN SKULL LOLLY CANDY PORT 240gr 10110.51","categoria":"Halloween","subcategoria":"Golosinas, Carameleras Y Miniaturas","precio":5783.81,"destacado":false,"descripcion":"","imagen":"assets/products/CA-079562975876.webp","tags":["chupetin","skull","lolly","candy","port","240gr","10110"]},{"id":"CA-079562975885","nombre":"CHUPETIN SPRING SKULL CANDY PORT 200gr 10110.54","categoria":"Halloween","subcategoria":"Golosinas, Carameleras Y Miniaturas","precio":5205.32,"destacado":false,"descripcion":"","imagen":"assets/products/CA-079562975885.webp","tags":["chupetin","spring","skull","candy","port","200gr","10110"]},{"id":"CA-779135914004","nombre":"DRACULENGUA TEMBLEKE CAJA  x10  4004","categoria":"Halloween","subcategoria":"Golosinas, Carameleras Y Miniaturas","precio":5950.41,"destacado":false,"descripcion":"","imagen":"assets/products/CA-779135914004.webp","tags":["draculengua","tembleke","caja","x10","4004"]},{"id":"CA-779828888168","nombre":"DROPS PASTELAR MIX HALLOWEEN  4x30grs","categoria":"Halloween","subcategoria":"Golosinas, Carameleras Y Miniaturas","precio":5512.0,"destacado":false,"descripcion":"","imagen":"assets/products/CA-779828888168.webp","tags":["drops","pastelar","mix","halloween","4x30grs"]},{"id":"CA-202500000029","nombre":"GOLOSINERA DE TELA EXTENSIBLE x6 FP0029 CA","categoria":"Halloween","subcategoria":"Golosinas, Carameleras Y Miniaturas","precio":16023.3,"destacado":false,"descripcion":"","imagen":"assets/products/CA-202500000029.webp","tags":["golosinera","tela","extensible","fp0029"]},{"id":"CA-779818603201","nombre":"GOMITAS LA PIÑATA HUESOS x700 gr. 370784","categoria":"Halloween","subcategoria":"Golosinas, Carameleras Y Miniaturas","precio":3710.49,"destacado":false,"descripcion":"","imagen":"assets/products/CA-779818603201.webp","tags":["gomitas","piñata","huesos","x700","370784"]},{"id":"CA-17790580151628","nombre":"GOMITAS MOGUL MINI GUSANITOS EXTREME (BULTO 6x500gr) 5162","categoria":"Halloween","subcategoria":"Golosinas, Carameleras Y Miniaturas","precio":24087.03,"destacado":false,"descripcion":"","imagen":"assets/products/CA-17790580151628.webp","tags":["gomitas","mogul","mini","gusanitos","extreme","bulto","6x500gr","5162"]},{"id":"CA-779058015271","nombre":"GOMITAS MOGUL MINI GUSANITOS EXTREME 10x50gr 5271","categoria":"Halloween","subcategoria":"Golosinas, Carameleras Y Miniaturas","precio":5286.14,"destacado":false,"descripcion":"","imagen":"assets/products/CA-779058015271.webp","tags":["gomitas","mogul","mini","gusanitos","extreme","10x50gr","5271"]},{"id":"CA-779058015162","nombre":"GOMITAS MOGUL MINI GUSANITOS EXTREME x500gr 5162","categoria":"Halloween","subcategoria":"Golosinas, Carameleras Y Miniaturas","precio":4014.5,"destacado":false,"descripcion":"","imagen":"assets/products/CA-779058015162.webp","tags":["gomitas","mogul","mini","gusanitos","extreme","x500gr","5162"]},{"id":"CA-779058012128","nombre":"GOMITAS MOGUL OJITOS HALLOWEEN x500gs 1012128","categoria":"Halloween","subcategoria":"Golosinas, Carameleras Y Miniaturas","precio":4014.5,"destacado":false,"descripcion":"","imagen":"assets/products/CA-779058012128.webp","tags":["gomitas","mogul","ojitos","halloween","x500gs","1012128"]},{"id":"CA-779824510195","nombre":"GRANA DECORMAGIC MIX HALLOWEEN NARANJA/NEGRO x1kg","categoria":"Halloween","subcategoria":"Golosinas, Carameleras Y Miniaturas","precio":2847.52,"destacado":false,"descripcion":"","imagen":"assets/products/CA-779824510195.webp","tags":["grana","decormagic","mix","halloween","naranja","negro","x1kg"]},{"id":"CA-779824510199","nombre":"GRANA DECORMAGIC MIX HALLOWEEN VIOLETA/NEGRO/VERDE x1kg","categoria":"Halloween","subcategoria":"Golosinas, Carameleras Y Miniaturas","precio":3354.53,"destacado":false,"descripcion":"","imagen":"assets/products/CA-779824510199.webp","tags":["grana","decormagic","mix","halloween","violeta","negro","verde","x1kg"]},{"id":"CA-779552240581","nombre":"LENTEJA CHOCOLATE CHOOK HALLOWEEN x500gr 4990","categoria":"Halloween","subcategoria":"Golosinas, Carameleras Y Miniaturas","precio":4643.4,"destacado":false,"descripcion":"","imagen":"assets/products/CA-779552240581.webp","tags":["lenteja","chocolate","chook","halloween","x500gr","4990"]},{"id":"CA-779600400809","nombre":"LENTEJA CHOCOLATE HALLOWEEN GUADALEST x500gr","categoria":"Halloween","subcategoria":"Golosinas, Carameleras Y Miniaturas","precio":5368.38,"destacado":false,"descripcion":"","imagen":"assets/products/CA-779600400809.webp","tags":["lenteja","chocolate","halloween","guadalest","x500gr"]},{"id":"CA-779817880266","nombre":"MALVAVISCO BUFFYS MINI MALVADITOS HALLOWEEN x200grs 2664","categoria":"Halloween","subcategoria":"Golosinas, Carameleras Y Miniaturas","precio":2359.27,"destacado":false,"descripcion":"","imagen":"assets/products/CA-779817880266.webp","tags":["malvavisco","buffys","mini","malvaditos","halloween","x200grs","2664"]},{"id":"CA-779817880265","nombre":"MALVAVISCO BUFFYS TWISTER MALVADITOS HALLOWEEN x200grs 2655","categoria":"Halloween","subcategoria":"Golosinas, Carameleras Y Miniaturas","precio":2359.27,"destacado":false,"descripcion":"","imagen":"assets/products/CA-779817880265.webp","tags":["malvavisco","buffys","twister","malvaditos","halloween","x200grs","2655"]},{"id":"CA-779818603538","nombre":"MALVAVISCO GONGYS HALLOWEEN TERROR x200gr 378661","categoria":"Halloween","subcategoria":"Golosinas, Carameleras Y Miniaturas","precio":1706.04,"destacado":false,"descripcion":"","imagen":"assets/products/CA-779818603538.webp","tags":["malvavisco","gongys","halloween","terror","x200gr","378661"]},{"id":"CA-000003000100","nombre":"MANO CARAMELERA NARANJA x1 HC0013-N","categoria":"Halloween","subcategoria":"Golosinas, Carameleras Y Miniaturas","precio":3269.63,"destacado":false,"descripcion":"","imagen":"assets/products/CA-000003000100.webp","tags":["mano","caramelera","naranja","hc0013"]},{"id":"CA-000003000300","nombre":"MANO CARAMELERA VERDE x1 HC0013-VE","categoria":"Halloween","subcategoria":"Golosinas, Carameleras Y Miniaturas","precio":3269.63,"destacado":false,"descripcion":"","imagen":"assets/products/CA-000003000300.webp","tags":["mano","caramelera","verde","hc0013"]},{"id":"CA-000003000200","nombre":"MANO CARAMELERA VIOLETA x1 HC0013-V","categoria":"Halloween","subcategoria":"Golosinas, Carameleras Y Miniaturas","precio":3269.63,"destacado":false,"descripcion":"","imagen":"assets/products/CA-000003000200.webp","tags":["mano","caramelera","violeta","hc0013"]},{"id":"CA-061527252740","nombre":"OJOS LOCOS REAL CANDY PORT 30x10gr 10130.00","categoria":"Halloween","subcategoria":"Golosinas, Carameleras Y Miniaturas","precio":9851.75,"destacado":false,"descripcion":"","imagen":"assets/products/CA-061527252740.webp","tags":["ojos","locos","real","candy","port","30x10gr","10130"]},{"id":"CA-000000050401","nombre":"PACK DE CAJITAS PACKAGING PARA TABLETA DE CHOCOLATE TERROR X6 SURTIDAS PARPEN PCTH","categoria":"Halloween","subcategoria":"Golosinas, Carameleras Y Miniaturas","precio":5668.99,"destacado":false,"descripcion":"","imagen":"assets/products/CA-000000050401.webp","tags":["pack","cajitas","packaging","para","tableta","chocolate","terror","surtidas","parpen","pcth"]},{"id":"CA-000000046638","nombre":"SPRINKLES DECORATIVOS HOLY PLACE HALLOWEEN x100grs","categoria":"Halloween","subcategoria":"Golosinas, Carameleras Y Miniaturas","precio":2223.0,"destacado":false,"descripcion":"","imagen":"assets/products/CA-000000046638.webp","tags":["sprinkles","decorativos","holy","place","halloween","x100grs"]}]}