{"category_slug":"halloween","subcategory_slug":"golosinas_carameleras_y_miniaturas","page":1,"page_size":48,"total":91,"items":[{"id":"CA-202500000860","nombre":"ANILLO HALLOWEEN VARIOS MODELOS CON LUZ x24 FP0860-01 CA","categoria":"Halloween","subcategoria":"Golosinas, Carameleras Y Miniaturas","precio":17835.9,"destacado":false,"descripcion":"","imagen":"assets/products/CA-202500000860.webp","tags":["anillo","halloween","varios","modelos","con","luz","x24","fp0860"]},{"id":"CA-779818603537","nombre":"BALDE CARAMELERA HALLOWEEN TERROR x300gr 378559","categoria":"Halloween","subcategoria":"Golosinas, Carameleras Y Miniaturas","precio":5457.59,"destacado":false,"descripcion":"","imagen":"assets/products/CA-779818603537.webp","tags":["balde","caramelera","halloween","terror","x300gr","378559"]},{"id":"CA-202500001019","nombre":"BALDE CARAMELERA HALLOWEEN VARIOS COLORES x1 FP1019 CA","categoria":"Halloween","subcategoria":"Golosinas, Carameleras Y Miniaturas","precio":1296.06,"destacado":false,"descripcion":"","imagen":"assets/products/CA-202500001019.webp","tags":["balde","caramelera","halloween","varios","colores","fp1019"]},{"id":"CA-202500001018","nombre":"BALDE CARAMELERA HALLOWEEN x1 FP1018 CA","categoria":"Halloween","subcategoria":"Golosinas, Carameleras Y Miniaturas","precio":1804.7,"destacado":false,"descripcion":"","imagen":"assets/products/CA-202500001018.webp","tags":["balde","caramelera","halloween","fp1018"]},{"id":"CA-679749900050","nombre":"BALDE HALLOWEEN IMPRESO VARIOS MODELOS x1 DA0050 CA","categoria":"Halloween","subcategoria":"Golosinas, Carameleras Y Miniaturas","precio":2038.84,"destacado":false,"descripcion":"","imagen":"assets/products/CA-679749900050.webp","tags":["balde","halloween","impreso","varios","modelos","da0050"]},{"id":"CA-202500001028","nombre":"BALDE NARANJA HALLOWEEN MANGO CON  LUZ x1 FP1028-01 CA","categoria":"Halloween","subcategoria":"Golosinas, Carameleras Y Miniaturas","precio":6122.6,"destacado":false,"descripcion":"","imagen":"assets/products/CA-202500001028.webp","tags":["balde","naranja","halloween","mango","con","luz","fp1028"]},{"id":"CA-202520001028","nombre":"BALDE VIOLETA HALLOWEEN MANGO CON  LUZ x1 FP1028-02 CA","categoria":"Halloween","subcategoria":"Golosinas, Carameleras Y Miniaturas","precio":6122.6,"destacado":false,"descripcion":"","imagen":"assets/products/CA-202520001028.webp","tags":["balde","violeta","halloween","mango","con","luz","fp1028"]},{"id":"CA-202590000238","nombre":"BANDEJA GOLOSINERA ARAÑA x3 DC238 CA","categoria":"Halloween","subcategoria":"Golosinas, Carameleras Y Miniaturas","precio":7336.12,"destacado":false,"descripcion":"","imagen":"assets/products/CA-202590000238.webp","tags":["bandeja","golosinera","araña","dc238"]},{"id":"CA-202590000240","nombre":"BANDEJA GOLOSINERA LAPIDA x3 DC240 CA","categoria":"Halloween","subcategoria":"Golosinas, Carameleras Y Miniaturas","precio":4475.04,"destacado":false,"descripcion":"","imagen":"assets/products/CA-202590000240.webp","tags":["bandeja","golosinera","lapida","dc240"]},{"id":"CA-202590000243","nombre":"BANDEJA GOLOSINERA MURCIELGO x3 DC243 CA","categoria":"Halloween","subcategoria":"Golosinas, Carameleras Y Miniaturas","precio":3888.16,"destacado":false,"descripcion":"","imagen":"assets/products/CA-202590000243.webp","tags":["bandeja","golosinera","murcielgo","dc243"]},{"id":"CA-779818603506","nombre":"BARRITA DE CARAMELO TERROR CABLE CITRICO ACIDA BULL DOG x75gr 79011","categoria":"Halloween","subcategoria":"Golosinas, Carameleras Y Miniaturas","precio":666.6,"destacado":false,"descripcion":"","imagen":"assets/products/CA-779818603506.webp","tags":["barrita","caramelo","terror","cable","citrico","acida","bull","dog","x75gr","79011"]},{"id":"CA-000000023039","nombre":"BASTON CARAMELO HALLOWEEN x30u HUMPI","categoria":"Halloween","subcategoria":"Golosinas, Carameleras Y Miniaturas","precio":11790.0,"destacado":false,"descripcion":"","imagen":"assets/products/CA-000000023039.webp","tags":["baston","caramelo","halloween","x30u","humpi"]},{"id":"CA-063626668145","nombre":"BOLSA CON FUELLE HALLOWEEN CALABAZA NARANJA x10","categoria":"Halloween","subcategoria":"Golosinas, Carameleras Y Miniaturas","precio":1256.45,"destacado":false,"descripcion":"","imagen":"assets/products/CA-063626668145.webp","tags":["bolsa","con","fuelle","halloween","calabaza","naranja","x10"]},{"id":"CA-779905101178","nombre":"BOLSA CON FUELLE HALLOWEEN EFECTO 3D 830 x10 GM","categoria":"Halloween","subcategoria":"Golosinas, Carameleras Y Miniaturas","precio":1670.63,"destacado":false,"descripcion":"","imagen":"assets/products/CA-779905101178.webp","tags":["bolsa","con","fuelle","halloween","efecto","830","x10"]},{"id":"CA-779905101171","nombre":"BOLSA CON FUELLE HALLOWEEN TORNASOLADA 810 x10 GM","categoria":"Halloween","subcategoria":"Golosinas, Carameleras Y Miniaturas","precio":1670.63,"destacado":false,"descripcion":"","imagen":"assets/products/CA-779905101171.webp","tags":["bolsa","con","fuelle","halloween","tornasolada","810","x10"]},{"id":"CA-643131507466","nombre":"BOLSA CON FUELLE HALLOWEEN VIOLETA CON MURCIELAGOS x10","categoria":"Halloween","subcategoria":"Golosinas, Carameleras Y Miniaturas","precio":1256.45,"destacado":false,"descripcion":"","imagen":"assets/products/CA-643131507466.webp","tags":["bolsa","con","fuelle","halloween","violeta","con","murcielagos","x10"]},{"id":"CA-202500001217","nombre":"BOLSA ESTAMPADA HALLOWEEN VARIOS MODELOS x6 FP1217 CA","categoria":"Halloween","subcategoria":"Golosinas, Carameleras Y Miniaturas","precio":2919.78,"destacado":false,"descripcion":"","imagen":"assets/products/CA-202500001217.webp","tags":["bolsa","estampada","halloween","varios","modelos","fp1217"]},{"id":"CA-643131507560","nombre":"BOLSA SOBRE HALLOWEEN x10u.","categoria":"Halloween","subcategoria":"Golosinas, Carameleras Y Miniaturas","precio":1256.47,"destacado":false,"descripcion":"","imagen":"assets/products/CA-643131507560.webp","tags":["bolsa","sobre","halloween","x10u"]},{"id":"CA-202500000413","nombre":"BOLSITAS HALLOWEEN METALIZADAS (10x10) VARIOS MODELOS x1. FP413 CA","categoria":"Halloween","subcategoria":"Golosinas, Carameleras Y Miniaturas","precio":11798.92,"destacado":false,"descripcion":"","imagen":"assets/products/CA-202500000413.webp","tags":["bolsitas","halloween","metalizadas","10x10","varios","modelos","fp413"]},{"id":"CA-779817880271","nombre":"BOLSON MALVAVISCO BUFFYS TWISTER MALVADITOS HALLOWEEN 36x20gr 2716","categoria":"Halloween","subcategoria":"Golosinas, Carameleras Y Miniaturas","precio":7125.7,"destacado":false,"descripcion":"","imagen":"assets/products/CA-779817880271.webp","tags":["bolson","malvavisco","buffys","twister","malvaditos","halloween","36x20gr","2716"]},{"id":"CA-202590000246","nombre":"BOWL CARAMELERA HALLOWEEN x3 DC246 CA","categoria":"Halloween","subcategoria":"Golosinas, Carameleras Y Miniaturas","precio":5648.8,"destacado":false,"descripcion":"","imagen":"assets/products/CA-202590000246.webp","tags":["bowl","caramelera","halloween","dc246"]},{"id":"CA-079562975844","nombre":"CALABAZA DE TERROR CANDY PORT 30x10gr 10131.05","categoria":"Halloween","subcategoria":"Golosinas, Carameleras Y Miniaturas","precio":8207.65,"destacado":false,"descripcion":"","imagen":"assets/products/CA-079562975844.webp","tags":["calabaza","terror","candy","port","30x10gr","10131"]},{"id":"CA-000003000365","nombre":"CALABAZA MINI FUCSIA STASIO STASIO x6 HC0007-F","categoria":"Halloween","subcategoria":"Golosinas, Carameleras Y Miniaturas","precio":2753.47,"destacado":false,"descripcion":"","imagen":"assets/products/CA-000003000365.webp","tags":["calabaza","mini","fucsia","stasio","stasio","hc0007"]},{"id":"CA-000003000360","nombre":"CALABAZA MINI NARANJA STASIO x6 HC0007","categoria":"Halloween","subcategoria":"Golosinas, Carameleras Y Miniaturas","precio":2753.47,"destacado":false,"descripcion":"","imagen":"assets/products/CA-000003000360.webp","tags":["calabaza","mini","naranja","stasio","hc0007"]},{"id":"CA-000003000364","nombre":"CALABAZA MINI VIOLETA STASIO x6 HC0007-V","categoria":"Halloween","subcategoria":"Golosinas, Carameleras Y Miniaturas","precio":2753.47,"destacado":false,"descripcion":"","imagen":"assets/products/CA-000003000364.webp","tags":["calabaza","mini","violeta","stasio","hc0007"]},{"id":"CA-000004100339","nombre":"CALAVERA MINI BLANCA STASIO x6 HC-0010","categoria":"Halloween","subcategoria":"Golosinas, Carameleras Y Miniaturas","precio":2753.47,"destacado":false,"descripcion":"","imagen":"assets/products/CA-000004100339.webp","tags":["calavera","mini","blanca","stasio","0010"]},{"id":"CA-202500001017","nombre":"CANASTA GOLOSINERA TELA ARAÑA x1 FP1017 CA","categoria":"Halloween","subcategoria":"Golosinas, Carameleras Y Miniaturas","precio":1571.16,"destacado":false,"descripcion":"","imagen":"assets/products/CA-202500001017.webp","tags":["canasta","golosinera","tela","araña","fp1017"]},{"id":"CA-000000050440","nombre":"CARAMELERA CALABAZA FUCSIA ECONOMICA (PACKx10u.)","categoria":"Halloween","subcategoria":"Golosinas, Carameleras Y Miniaturas","precio":6789.15,"destacado":false,"descripcion":"","imagen":"assets/products/CA-000000050440.webp","tags":["caramelera","calabaza","fucsia","economica","packx10u"]},{"id":"CA-000000056794","nombre":"CARAMELERA CALABAZA NARANJA ECONOMICA (PACKx10u)","categoria":"Halloween","subcategoria":"Golosinas, Carameleras Y Miniaturas","precio":6789.15,"destacado":false,"descripcion":"","imagen":"assets/products/CA-000000056794.webp","tags":["caramelera","calabaza","naranja","economica","packx10u"]},{"id":"CA-000000046333","nombre":"CARAMELERA CALABAZA NARANJA ECONOMICA (PACKx10u.)","categoria":"Halloween","subcategoria":"Golosinas, Carameleras Y Miniaturas","precio":6789.15,"destacado":false,"descripcion":"","imagen":"assets/products/CA-000000046333.webp","tags":["caramelera","calabaza","naranja","economica","packx10u"]},{"id":"CA-000003100330","nombre":"CARAMELERA CALABAZA NARANJA MEDIANA (PACKx10)  HC0012","categoria":"Halloween","subcategoria":"Golosinas, Carameleras Y Miniaturas","precio":5479.3,"destacado":false,"descripcion":"","imagen":"assets/products/CA-000003100330.webp","tags":["caramelera","calabaza","naranja","mediana","packx10","hc0012"]},{"id":"CA-000000049731","nombre":"CARAMELERA CALABAZA NARANJA MEDIANA (PACKx10) HC0012","categoria":"Halloween","subcategoria":"Golosinas, Carameleras Y Miniaturas","precio":5479.3,"destacado":false,"descripcion":"","imagen":"assets/products/CA-000000049731.webp","tags":["caramelera","calabaza","naranja","mediana","packx10","hc0012"]},{"id":"CA-000000058150","nombre":"CARAMELERA CALABAZA NARANJA RADHA (PACK x20u.)","categoria":"Halloween","subcategoria":"Golosinas, Carameleras Y Miniaturas","precio":14850.0,"destacado":false,"descripcion":"","imagen":"assets/products/CA-000000058150.webp","tags":["caramelera","calabaza","naranja","radha","pack","x20u"]},{"id":"CA-000000058151","nombre":"CARAMELERA CALABAZA NEGRA RADHA (PACK x20u.)","categoria":"Halloween","subcategoria":"Golosinas, Carameleras Y Miniaturas","precio":14850.0,"destacado":false,"descripcion":"","imagen":"assets/products/CA-000000058151.webp","tags":["caramelera","calabaza","negra","radha","pack","x20u"]},{"id":"CA-000000054285","nombre":"CARAMELERA CALABAZA REDONDA NARANJA (PACK x15und.)","categoria":"Halloween","subcategoria":"Golosinas, Carameleras Y Miniaturas","precio":10179.75,"destacado":false,"descripcion":"","imagen":"assets/products/CA-000000054285.webp","tags":["caramelera","calabaza","redonda","naranja","pack","x15und"]},{"id":"CA-000000050441","nombre":"CARAMELERA CALABAZA VIOLETA ECONOMICA (PACKx10u.)","categoria":"Halloween","subcategoria":"Golosinas, Carameleras Y Miniaturas","precio":6789.15,"destacado":false,"descripcion":"","imagen":"assets/products/CA-000000050441.webp","tags":["caramelera","calabaza","violeta","economica","packx10u"]},{"id":"CA-000003000334","nombre":"CARAMELERA CALAVERA BLANCA STASIO x1 HC0008-B","categoria":"Halloween","subcategoria":"Golosinas, Carameleras Y Miniaturas","precio":1192.94,"destacado":false,"descripcion":"","imagen":"assets/products/CA-000003000334.webp","tags":["caramelera","calavera","blanca","stasio","hc0008"]},{"id":"CA-779908805333","nombre":"CARAMELERA CON MANO SINIESTRA CON LUZ Y MOVIMIENTO HD758 PS","categoria":"Halloween","subcategoria":"Golosinas, Carameleras Y Miniaturas","precio":55142.5,"destacado":false,"descripcion":"","imagen":"assets/products/CA-779908805333.webp","tags":["caramelera","con","mano","siniestra","con","luz","movimiento","hd758"]},{"id":"CA-779908805332","nombre":"CARAMELERA ESQUELETO DULCERO CON LUZ y MOVIMIENTO HD757 PS","categoria":"Halloween","subcategoria":"Golosinas, Carameleras Y Miniaturas","precio":55142.5,"destacado":false,"descripcion":"","imagen":"assets/products/CA-779908805332.webp","tags":["caramelera","esqueleto","dulcero","con","luz","movimiento","hd757"]},{"id":"CA-000000057016","nombre":"CARAMELERA FANTASMA BLANCA HALLOWEEN x5","categoria":"Halloween","subcategoria":"Golosinas, Carameleras Y Miniaturas","precio":5332.5,"destacado":false,"descripcion":"","imagen":"assets/products/CA-000000057016.webp","tags":["caramelera","fantasma","blanca","halloween"]},{"id":"CA-000000057382","nombre":"CARAMELERA FANTASMA FUCSIA HALLOWEEN x5","categoria":"Halloween","subcategoria":"Golosinas, Carameleras Y Miniaturas","precio":5332.5,"destacado":false,"descripcion":"","imagen":"assets/products/CA-000000057382.webp","tags":["caramelera","fantasma","fucsia","halloween"]},{"id":"CA-000000057384","nombre":"CARAMELERA FANTASMA NARANJA HALLOWEEN x5","categoria":"Halloween","subcategoria":"Golosinas, Carameleras Y Miniaturas","precio":5332.5,"destacado":false,"descripcion":"","imagen":"assets/products/CA-000000057384.webp","tags":["caramelera","fantasma","naranja","halloween"]},{"id":"CA-000000057383","nombre":"CARAMELERA FANTASMA VIOLETA HALLOWEEN x5","categoria":"Halloween","subcategoria":"Golosinas, Carameleras Y Miniaturas","precio":5332.5,"destacado":false,"descripcion":"","imagen":"assets/products/CA-000000057383.webp","tags":["caramelera","fantasma","violeta","halloween"]},{"id":"CA-779908805241","nombre":"CARAMELERA PAYASO DULCERO LUZ Y SONIDO HD666 PS","categoria":"Halloween","subcategoria":"Golosinas, Carameleras Y Miniaturas","precio":22440.6,"destacado":false,"descripcion":"","imagen":"assets/products/CA-779908805241.webp","tags":["caramelera","payaso","dulcero","luz","sonido","hd666"]},{"id":"CA-17790580151819","nombre":"CARAMELO MASTICABLE FIESTA TERRORIFICA (BULTO 20x396gr) 5181","categoria":"Halloween","subcategoria":"Golosinas, Carameleras Y Miniaturas","precio":50212.15,"destacado":false,"descripcion":"","imagen":"assets/products/CA-17790580151819.webp","tags":["caramelo","masticable","fiesta","terrorifica","bulto","20x396gr","5181"]},{"id":"CA-779058015181","nombre":"CARAMELO MASTICABLE FIESTA TERRORIFICA x396gr 5181","categoria":"Halloween","subcategoria":"Golosinas, Carameleras Y Miniaturas","precio":2510.61,"destacado":false,"descripcion":"","imagen":"assets/products/CA-779058015181.webp","tags":["caramelo","masticable","fiesta","terrorifica","x396gr","5181"]},{"id":"CA-779135903006","nombre":"CARAMELO TEMBLEKE ASKIRATA x12 3006","categoria":"Halloween","subcategoria":"Golosinas, Carameleras Y Miniaturas","precio":6382.22,"destacado":false,"descripcion":"","imagen":"assets/products/CA-779135903006.webp","tags":["caramelo","tembleke","askirata","x12","3006"]},{"id":"CA-779135904005","nombre":"CARAMELO TEMBLEKE BRUJA C/SORPRESA CAJA x10 4005","categoria":"Halloween","subcategoria":"Golosinas, Carameleras Y Miniaturas","precio":5950.41,"destacado":false,"descripcion":"","imagen":"assets/products/CA-779135904005.webp","tags":["caramelo","tembleke","bruja","sorpresa","caja","x10","4005"]}]}