{"category_slug":"hogar_bazar","subcategory_slug":"","page":2,"page_size":48,"total":1839,"items":[{"id":"CA-200020041991","nombre":"BANDEJA DE BAMBU MULTIUSO 40x30cm x1 41991","categoria":"Hogar-Bazar","subcategoria":"Accesorios De Cocina","precio":10784.1,"destacado":false,"descripcion":"","imagen":"assets/products/CA-200020041991.webp","tags":["bandeja","bambu","multiuso","40x30cm","41991"]},{"id":"CA-200020050575","nombre":"BANDEJA DE MADERA OVALADA 35x15x1.5 CM x1 50575","categoria":"Hogar-Bazar","subcategoria":"Accesorios De Cocina","precio":6316.41,"destacado":false,"descripcion":"","imagen":"assets/products/CA-200020050575.webp","tags":["bandeja","madera","ovalada","35x15x1","50575"]},{"id":"CA-200020050576","nombre":"BANDEJA DE MADERA OVALADA 40x15x1.5 CM x1 50576","categoria":"Hogar-Bazar","subcategoria":"Accesorios De Cocina","precio":6932.63,"destacado":false,"descripcion":"","imagen":"assets/products/CA-200020050576.webp","tags":["bandeja","madera","ovalada","40x15x1","50576"]},{"id":"CA-200020050579","nombre":"BANDEJA DE MADERA RECTANGULAR 33x13x1.5 CM x1 50579","categoria":"Hogar-Bazar","subcategoria":"Accesorios De Cocina","precio":5238.01,"destacado":false,"descripcion":"","imagen":"assets/products/CA-200020050579.webp","tags":["bandeja","madera","rectangular","33x13x1","50579"]},{"id":"CA-200020050580","nombre":"BANDEJA DE MADERA RECTANGULAR 36x12x1.5 CM x1 50580","categoria":"Hogar-Bazar","subcategoria":"Accesorios De Cocina","precio":5392.05,"destacado":false,"descripcion":"","imagen":"assets/products/CA-200020050580.webp","tags":["bandeja","madera","rectangular","36x12x1","50580"]},{"id":"CA-379000104226","nombre":"BANDEJA DE METAL RECTANGULAR CHICA x1 104226","categoria":"Hogar-Bazar","subcategoria":"Accesorios De Cocina","precio":2258.55,"destacado":false,"descripcion":"NUEVO 09/12/2025","imagen":"assets/products/CA-379000104226.webp","tags":["bandeja","metal","rectangular","chica","104226"]},{"id":"CA-379000104227","nombre":"BANDEJA DE METAL RECTANGULAR GRANDE x1 104227","categoria":"Hogar-Bazar","subcategoria":"Accesorios De Cocina","precio":3109.05,"destacado":false,"descripcion":"NUEVO 09/12/2025","imagen":"assets/products/CA-379000104227.webp","tags":["bandeja","metal","rectangular","grande","104227"]},{"id":"CA-779429703006","nombre":"BANDEJA FAST FOOD 45x31.5cm (varios colores) x1 3006","categoria":"Hogar-Bazar","subcategoria":"Accesorios De Cocina","precio":2404.61,"destacado":false,"descripcion":"","imagen":"assets/products/CA-779429703006.webp","tags":["bandeja","fast","food","45x31","5cm","varios","colores","3006"]},{"id":"CA-779329102141","nombre":"BANDEJA GIRATORIA BLANCA DOÑA CLARA x1 (124)","categoria":"Hogar-Bazar","subcategoria":"Doña Clara","precio":16488.06,"destacado":false,"descripcion":"","imagen":"assets/products/CA-779329102141.webp","tags":["bandeja","giratoria","blanca","doña","clara","124"]},{"id":"CA-779836371006","nombre":"BANDEJA GIRATORIA PLASTICA BORDE PUNTILLA GIRAPARPEN  x1 GP+","categoria":"Hogar-Bazar","subcategoria":"Parpen","precio":26828.26,"destacado":false,"descripcion":"* (05/12/2025)","imagen":"assets/products/CA-779836371006.webp","tags":["bandeja","giratoria","plastica","borde","puntilla","giraparpen"]},{"id":"CA-779836371029","nombre":"BANDEJA GIRATORIA PLASTICA GIRAPARPEN CON BASE ANTIDESLIZANTE 30cm x1 GP","categoria":"Hogar-Bazar","subcategoria":"Parpen","precio":15351.84,"destacado":false,"descripcion":"* (05/12/2025)","imagen":"assets/products/CA-779836371029.webp","tags":["bandeja","giratoria","plastica","giraparpen","con","base","antideslizante","30cm"]},{"id":"CA-000000044644","nombre":"BANDEJA GIRATORIA PLASTICA LUCA PLASTIC  x1","categoria":"Hogar-Bazar","subcategoria":"Exhibidores De Tortas, Cupcakes, Platos Giratorios","precio":10327.5,"destacado":false,"descripcion":"","imagen":"assets/products/CA-000000044644.webp","tags":["bandeja","giratoria","plastica","luca","plastic"]},{"id":"CA-779329102142","nombre":"BANDEJA GIRATORIA VERDE DOÑA CLARA x1 (125)","categoria":"Hogar-Bazar","subcategoria":"Doña Clara","precio":16488.06,"destacado":false,"descripcion":"","imagen":"assets/products/CA-779329102142.webp","tags":["bandeja","giratoria","verde","doña","clara","125"]},{"id":"CA-379000109113","nombre":"BANDEJA MELAMINA 30x19cm x1 109113","categoria":"Hogar-Bazar","subcategoria":"Accesorios De Cocina","precio":5660.55,"destacado":false,"descripcion":"","imagen":"assets/products/CA-379000109113.webp","tags":["bandeja","melamina","30x19cm","109113"]},{"id":"CA-379000109114","nombre":"BANDEJA MELAMINA 35x23cm x1 109114","categoria":"Hogar-Bazar","subcategoria":"Accesorios De Cocina","precio":7550.55,"destacado":false,"descripcion":"","imagen":"assets/products/CA-379000109114.webp","tags":["bandeja","melamina","35x23cm","109114"]},{"id":"CA-692232788312","nombre":"BANDEJA NAVIDEÑA DECORADA 30cm x1 CH25-6945-4","categoria":"Hogar-Bazar","subcategoria":"Exhibidores De Tortas, Cupcakes, Platos Giratorios","precio":4525.88,"destacado":false,"descripcion":"","imagen":"assets/products/CA-692232788312.webp","tags":["bandeja","navideña","decorada","30cm","ch25","6945"]},{"id":"CA-692232786934","nombre":"BANDEJA PLASTICA 37x26cm x1 34935-1-M","categoria":"Hogar-Bazar","subcategoria":"Accesorios De Cocina","precio":1699.14,"destacado":false,"descripcion":"","imagen":"assets/products/CA-692232786934.webp","tags":["bandeja","plastica","37x26cm","34935"]},{"id":"CA-379000109139","nombre":"BANDEJA PLASTICA OVALADA TIPO MARMOL 20x38  x1 109139","categoria":"Hogar-Bazar","subcategoria":"Accesorios De Cocina","precio":6605.55,"destacado":false,"descripcion":"","imagen":"assets/products/CA-379000109139.webp","tags":["bandeja","plastica","ovalada","tipo","marmol","20x38","109139"]},{"id":"CA-379000109136","nombre":"BANDEJA PLASTICA RECTANGULAR TIPO MARMOL 23x35  x1 109136","categoria":"Hogar-Bazar","subcategoria":"Accesorios De Cocina","precio":11330.55,"destacado":false,"descripcion":"","imagen":"assets/products/CA-379000109136.webp","tags":["bandeja","plastica","rectangular","tipo","marmol","23x35","109136"]},{"id":"CA-379000109137","nombre":"BANDEJA PLASTICA RECTANGULAR TIPO MARMOL 27x39  x1 109136","categoria":"Hogar-Bazar","subcategoria":"Accesorios De Cocina","precio":15110.55,"destacado":false,"descripcion":"","imagen":"assets/products/CA-379000109137.webp","tags":["bandeja","plastica","rectangular","tipo","marmol","27x39","109136"]},{"id":"CA-000000053111","nombre":"BASES INTERIOR CAJITA CHOCOPARPEN PERFUME Y LABIALES x6 BCCPP","categoria":"Hogar-Bazar","subcategoria":"Parpen","precio":8669.43,"destacado":false,"descripcion":"","imagen":"assets/products/CA-000000053111.webp","tags":["bases","interior","cajita","chocoparpen","perfume","labiales","bccpp"]},{"id":"CA-779572208170","nombre":"BATERIA DE COCINA ANTIADHERENTE LINEA RIVOLI 4 PIEZAS x1 8170","categoria":"Hogar-Bazar","subcategoria":"Jovifel","precio":65216.3,"destacado":false,"descripcion":"","imagen":"assets/products/CA-779572208170.webp","tags":["bateria","cocina","antiadherente","linea","rivoli","piezas","8170"]},{"id":"CA-000000003955","nombre":"BATIDOR ALAMBRE CHICO (26cm aprox.) x1 (EURO)","categoria":"Hogar-Bazar","subcategoria":"Espatula/Batidor/Cuchara/Alisador","precio":2359.6,"destacado":false,"descripcion":"","imagen":"assets/products/CA-000000003955.webp","tags":["batidor","alambre","chico","26cm","aprox","euro"]},{"id":"CA-000000000509","nombre":"BATIDOR ALAMBRE GRANDE (34cm aprox) x1 ( EURO)","categoria":"Hogar-Bazar","subcategoria":"Espatula/Batidor/Cuchara/Alisador","precio":3225.92,"destacado":false,"descripcion":"","imagen":"assets/products/CA-000000000509.webp","tags":["batidor","alambre","grande","34cm","aprox","euro"]},{"id":"CA-000000001465","nombre":"BATIDOR ALAMBRE MEDIANO (30cm aprox) x1 (EURO)","categoria":"Hogar-Bazar","subcategoria":"Espatula/Batidor/Cuchara/Alisador","precio":2468.4,"destacado":false,"descripcion":"","imagen":"assets/products/CA-000000001465.webp","tags":["batidor","alambre","mediano","30cm","aprox","euro"]},{"id":"CA-200020029592","nombre":"BATIDOR CHICO SILICONADO COLOR x1 29592","categoria":"Hogar-Bazar","subcategoria":"Espatula/Batidor/Cuchara/Alisador","precio":1660.04,"destacado":false,"descripcion":"","imagen":"assets/products/CA-200020029592.webp","tags":["batidor","chico","siliconado","color","29592"]},{"id":"CA-779000025145","nombre":"BATIDOR DE SILICONA MANGO MADERA 20CM x1 CM17920","categoria":"Hogar-Bazar","subcategoria":"Silicona","precio":3574.35,"destacado":false,"descripcion":"","imagen":"assets/products/CA-779000025145.webp","tags":["batidor","silicona","mango","madera","20cm","cm17920"]},{"id":"CA-379000104407","nombre":"BATIDOR ELECTRICO INALAMBRICO (USB) x1 104407","categoria":"Hogar-Bazar","subcategoria":"Espatula/Batidor/Cuchara/Alisador","precio":14165.55,"destacado":false,"descripcion":"","imagen":"assets/products/CA-379000104407.webp","tags":["batidor","electrico","inalambrico","usb","104407"]},{"id":"CA-200020029593","nombre":"BATIDOR GRANDE SILICONADO COLOR x1 29593","categoria":"Hogar-Bazar","subcategoria":"Espatula/Batidor/Cuchara/Alisador","precio":1754.89,"destacado":false,"descripcion":"","imagen":"assets/products/CA-200020029593.webp","tags":["batidor","grande","siliconado","color","29593"]},{"id":"CA-000000007897","nombre":"BATIDOR PERA ACERO CHICO (22cm aprox) x1","categoria":"Hogar-Bazar","subcategoria":"Espatula/Batidor/Cuchara/Alisador","precio":1611.6,"destacado":false,"descripcion":"","imagen":"assets/products/CA-000000007897.webp","tags":["batidor","pera","acero","chico","22cm","aprox"]},{"id":"CA-000000007896","nombre":"BATIDOR PERA ACERO MEDIANO (30cm aprox) x1","categoria":"Hogar-Bazar","subcategoria":"Espatula/Batidor/Cuchara/Alisador","precio":1897.2,"destacado":false,"descripcion":"","imagen":"assets/products/CA-000000007896.webp","tags":["batidor","pera","acero","mediano","30cm","aprox"]},{"id":"CA-000000007898","nombre":"BATIDOR PERA ACERO SUPER GRANDE (38cm aprox) x1","categoria":"Hogar-Bazar","subcategoria":"Espatula/Batidor/Cuchara/Alisador","precio":2446.64,"destacado":false,"descripcion":"","imagen":"assets/products/CA-000000007898.webp","tags":["batidor","pera","acero","super","grande","38cm","aprox"]},{"id":"CA-779558700544","nombre":"BATIDOR PERA ALAMBRE LOEKEMEYER (28cm aprox) x1 544","categoria":"Hogar-Bazar","subcategoria":"Lokemeyer","precio":2533.68,"destacado":false,"descripcion":"","imagen":"assets/products/CA-779558700544.webp","tags":["batidor","pera","alambre","loekemeyer","28cm","aprox","544"]},{"id":"CA-379000104161","nombre":"BATIDOR SILICONA 30cm x1 104161","categoria":"Hogar-Bazar","subcategoria":"Espatula/Batidor/Cuchara/Alisador","precio":1860.71,"destacado":false,"descripcion":"","imagen":"assets/products/CA-379000104161.webp","tags":["batidor","silicona","30cm","104161"]},{"id":"CA-779000019775","nombre":"BIFERA ANTIADHERENTE 26cm x1 14449","categoria":"Hogar-Bazar","subcategoria":"Accesorios De Cocina","precio":8715.85,"destacado":false,"descripcion":"","imagen":"assets/products/CA-779000019775.webp","tags":["bifera","antiadherente","26cm","14449"]},{"id":"CA-379004176155","nombre":"BLISTER 12 PICOS REPOSTEROS x1 4176155","categoria":"Hogar-Bazar","subcategoria":"Picos/Cuplas/Mangas Y Sets","precio":3770.55,"destacado":false,"descripcion":"","imagen":"assets/products/CA-379004176155.webp","tags":["blister","picos","reposteros","4176155"]},{"id":"CA-779000011031","nombre":"BLISTER CORTANTE x4 CON EXPULSOR DL3607","categoria":"Hogar-Bazar","subcategoria":"Cortantes Varios/Sellos","precio":2238.02,"destacado":false,"descripcion":"","imagen":"assets/products/CA-779000011031.webp","tags":["blister","cortante","con","expulsor","dl3607"]},{"id":"CA-000000032687","nombre":"BLISTER PEINE PARA CHOCOLATE COOPER 30cm x4 295","categoria":"Hogar-Bazar","subcategoria":"Cooper","precio":4665.99,"destacado":false,"descripcion":"","imagen":"assets/products/CA-000000032687.webp","tags":["blister","peine","para","chocolate","cooper","30cm","295"]},{"id":"CA-568483990308","nombre":"BOLSA ESPOLVOREADOR DE AZUCAR LA BOTICA x1","categoria":"Hogar-Bazar","subcategoria":"La Botica","precio":3595.65,"destacado":false,"descripcion":"","imagen":"assets/products/CA-568483990308.webp","tags":["bolsa","espolvoreador","azucar","botica"]},{"id":"CA-489413098343","nombre":"BOTELLA ACERO CON PICO 700ml x1 SS07003","categoria":"Hogar-Bazar","subcategoria":"Vasos/Botellas/Luncheras","precio":14378.78,"destacado":false,"descripcion":"","imagen":"assets/products/CA-489413098343.webp","tags":["botella","acero","con","pico","700ml","ss07003"]},{"id":"CA-200020054513","nombre":"BOTELLA ACERO CON PICO 800ml x1 54513","categoria":"Hogar-Bazar","subcategoria":"Vasos/Botellas/Luncheras","precio":14782.66,"destacado":false,"descripcion":"","imagen":"assets/products/CA-200020054513.webp","tags":["botella","acero","con","pico","800ml","54513"]},{"id":"CA-692232788194","nombre":"BOTELLA ACERO DOBLE PARED CON SORBETE 900ml x1 16110/310","categoria":"Hogar-Bazar","subcategoria":"Vasos/Botellas/Luncheras","precio":17353.7,"destacado":false,"descripcion":"","imagen":"assets/products/CA-692232788194.webp","tags":["botella","acero","doble","pared","con","sorbete","900ml","16110","310"]},{"id":"CA-779000022148","nombre":"BOTELLA CON PICO 750ML VARIOS COLORES x1 16398","categoria":"Hogar-Bazar","subcategoria":"Vasos/Botellas/Luncheras","precio":5426.85,"destacado":false,"descripcion":"","imagen":"assets/products/CA-779000022148.webp","tags":["botella","con","pico","750ml","varios","colores","16398"]},{"id":"CA-779813202909","nombre":"BOTELLA DE PLASTICO DOBLE PICO (PERSONAJES) 520ml x1 202909","categoria":"Hogar-Bazar","subcategoria":"Vasos/Botellas/Luncheras","precio":8702.65,"destacado":false,"descripcion":"","imagen":"assets/products/CA-779813202909.webp","tags":["botella","plastico","doble","pico","personajes","520ml","202909"]},{"id":"CA-779813202915","nombre":"BOTELLA DE PLASTICO HELICE COLOR 900ml x1 202915","categoria":"Hogar-Bazar","subcategoria":"Vasos/Botellas/Luncheras","precio":8702.65,"destacado":false,"descripcion":"","imagen":"assets/products/CA-779813202915.webp","tags":["botella","plastico","helice","color","900ml","202915"]},{"id":"CA-200020042831","nombre":"BOTELLA INFANTIL 550cm x1 42831","categoria":"Hogar-Bazar","subcategoria":"Vasos/Botellas/Luncheras","precio":7478.07,"destacado":false,"descripcion":"","imagen":"assets/products/CA-200020042831.webp","tags":["botella","infantil","550cm","42831"]},{"id":"CA-200020052580","nombre":"BOTELLA INFANTIL PLASTICO 800ML x1 52580","categoria":"Hogar-Bazar","subcategoria":"Vasos/Botellas/Luncheras","precio":3653.86,"destacado":false,"descripcion":"","imagen":"assets/products/CA-200020052580.webp","tags":["botella","infantil","plastico","800ml","52580"]},{"id":"CA-200020053097","nombre":"BOTELLA PLASTICA 800ml x1 53097","categoria":"Hogar-Bazar","subcategoria":"Vasos/Botellas/Luncheras","precio":5180.83,"destacado":false,"descripcion":"","imagen":"assets/products/CA-200020053097.webp","tags":["botella","plastica","800ml","53097"]}]}