{"category_slug":"hogar_bazar","subcategory_slug":"","page":27,"page_size":48,"total":1839,"items":[{"id":"CA-000000003171","nombre":"PASTAFROLA FIJA HOJALATA Nº14 x12","categoria":"Hogar-Bazar","subcategoria":"Moldes De Hojalata","precio":8126.62,"destacado":false,"descripcion":"","imagen":"assets/products/CA-000000003171.webp","tags":["pastafrola","fija","hojalata","nº14","x12"]},{"id":"CA-000000003172","nombre":"PASTAFROLA FIJA HOJALATA Nº16 x1","categoria":"Hogar-Bazar","subcategoria":"Moldes De Hojalata","precio":1108.92,"destacado":false,"descripcion":"","imagen":"assets/products/CA-000000003172.webp","tags":["pastafrola","fija","hojalata","nº16"]},{"id":"CA-000000005129","nombre":"PASTAFROLA FIJA HOJALATA Nº18 x1","categoria":"Hogar-Bazar","subcategoria":"Moldes De Hojalata","precio":1349.93,"destacado":false,"descripcion":"","imagen":"assets/products/CA-000000005129.webp","tags":["pastafrola","fija","hojalata","nº18"]},{"id":"CA-000000035494","nombre":"PASTAFROLA FIJA HOJALATA Nº2 26cm x1 R.C","categoria":"Hogar-Bazar","subcategoria":"Moldes De Hojalata","precio":3537.0,"destacado":false,"descripcion":"","imagen":"assets/products/CA-000000035494.webp","tags":["pastafrola","fija","hojalata","nº2","26cm"]},{"id":"CA-000000005089","nombre":"PASTAFROLA FIJA HOJALATA Nº20 x1","categoria":"Hogar-Bazar","subcategoria":"Moldes De Hojalata","precio":1448.13,"destacado":false,"descripcion":"","imagen":"assets/products/CA-000000005089.webp","tags":["pastafrola","fija","hojalata","nº20"]},{"id":"CA-000000003110","nombre":"PASTAFROLA FIJA HOJALATA Nº22 x1","categoria":"Hogar-Bazar","subcategoria":"Moldes De Hojalata","precio":1619.26,"destacado":false,"descripcion":"","imagen":"assets/products/CA-000000003110.webp","tags":["pastafrola","fija","hojalata","nº22"]},{"id":"CA-000000035496","nombre":"PASTAFROLA FIJA HOJALATA Nº3 28cm x1 R.C","categoria":"Hogar-Bazar","subcategoria":"Moldes De Hojalata","precio":3939.3,"destacado":false,"descripcion":"","imagen":"assets/products/CA-000000035496.webp","tags":["pastafrola","fija","hojalata","nº3","28cm"]},{"id":"CA-000000035498","nombre":"PASTAFROLA FIJA HOJALATA Nº4 30cm x1 R.C","categoria":"Hogar-Bazar","subcategoria":"Moldes De Hojalata","precio":4228.2,"destacado":false,"descripcion":"","imagen":"assets/products/CA-000000035498.webp","tags":["pastafrola","fija","hojalata","nº4","30cm"]},{"id":"CA-000000035500","nombre":"PASTAFROLA FIJA HOJALATA Nº5 32cm x1 R.C","categoria":"Hogar-Bazar","subcategoria":"Moldes De Hojalata","precio":4364.55,"destacado":false,"descripcion":"","imagen":"assets/products/CA-000000035500.webp","tags":["pastafrola","fija","hojalata","nº5","32cm"]},{"id":"CA-000000000945","nombre":"PASTAFROLA HOJALATA INDIVIDUAL Nº10 x24","categoria":"Hogar-Bazar","subcategoria":"Moldes De Hojalata","precio":11397.56,"destacado":false,"descripcion":"","imagen":"assets/products/CA-000000000945.webp","tags":["pastafrola","hojalata","individual","nº10","x24"]},{"id":"CA-000000000946","nombre":"PASTAFROLA HOJALATA INDIVIDUAL Nº12 x24","categoria":"Hogar-Bazar","subcategoria":"Moldes De Hojalata","precio":12673.13,"destacado":false,"descripcion":"","imagen":"assets/products/CA-000000000946.webp","tags":["pastafrola","hojalata","individual","nº12","x24"]},{"id":"CA-000000000944","nombre":"PASTAFROLA HOJALATA INDIVIDUAL Nº8  x24","categoria":"Hogar-Bazar","subcategoria":"Moldes De Hojalata","precio":8068.61,"destacado":false,"descripcion":"","imagen":"assets/products/CA-000000000944.webp","tags":["pastafrola","hojalata","individual","nº8","x24"]},{"id":"CA-000000005615","nombre":"PASTAFROLA RECTANGULAR DESFONDABLE 35x10cm","categoria":"Hogar-Bazar","subcategoria":"Moldes De Hojalata","precio":4398.84,"destacado":false,"descripcion":"","imagen":"assets/products/CA-000000005615.webp","tags":["pastafrola","rectangular","desfondable","35x10cm"]},{"id":"CA-779813201109","nombre":"PAÑO DE COCINA ABSORBENTE 38x50cm x1 ( varios colores) 201109","categoria":"Hogar-Bazar","subcategoria":"Accesorios De Cocina","precio":2646.72,"destacado":false,"descripcion":"","imagen":"assets/products/CA-779813201109.webp","tags":["paño","cocina","absorbente","38x50cm","varios","colores","201109"]},{"id":"CA-779000024390","nombre":"PAÑO ESCURRIDOR CON SOPORTE PARA PLATOS 59x42 x1 CN18063","categoria":"Hogar-Bazar","subcategoria":"Accesorios De Cocina","precio":11974.95,"destacado":false,"descripcion":"","imagen":"assets/products/CA-779000024390.webp","tags":["paño","escurridor","con","soporte","para","platos","59x42","cn18063"]},{"id":"CA-000000041830","nombre":"PEINE ACRILICO COOPER x1 769","categoria":"Hogar-Bazar","subcategoria":"Cooper","precio":1846.96,"destacado":false,"descripcion":"","imagen":"assets/products/CA-000000041830.webp","tags":["peine","acrilico","cooper","769"]},{"id":"CA-779558700586","nombre":"PELA PAPA CABO PLASTICO LOEKEMEYER x1 586","categoria":"Hogar-Bazar","subcategoria":"Lokemeyer","precio":1989.41,"destacado":false,"descripcion":"","imagen":"assets/products/CA-779558700586.webp","tags":["pela","papa","cabo","plastico","loekemeyer","586"]},{"id":"CA-779000018277","nombre":"PICA AJO DE ACERO X1 DL10681","categoria":"Hogar-Bazar","subcategoria":"Utensillos Varios","precio":3289.0,"destacado":false,"descripcion":"","imagen":"assets/products/CA-779000018277.webp","tags":["pica","ajo","acero","dl10681"]},{"id":"CA-379000104294","nombre":"PICADOR DE AJO DE MANO x1 104294","categoria":"Hogar-Bazar","subcategoria":"Accesorios De Cocina","precio":7550.55,"destacado":false,"descripcion":"","imagen":"assets/products/CA-379000104294.webp","tags":["picador","ajo","mano","104294"]},{"id":"CA-379000104203","nombre":"PICADOR DE MANO x1 104203","categoria":"Hogar-Bazar","subcategoria":"Accesorios De Cocina","precio":6605.55,"destacado":false,"descripcion":"","imagen":"assets/products/CA-379000104203.webp","tags":["picador","mano","104203"]},{"id":"CA-779813202877","nombre":"PICADOR MANUAL x1 202877","categoria":"Hogar-Bazar","subcategoria":"Accesorios De Cocina","precio":3294.66,"destacado":false,"descripcion":"","imagen":"assets/products/CA-779813202877.webp","tags":["picador","manual","202877"]},{"id":"CA-000000041317","nombre":"PICO CONFITERIA FORMA 15 x3","categoria":"Hogar-Bazar","subcategoria":"Picos/Cuplas/Mangas Y Sets","precio":3243.0,"destacado":false,"descripcion":"","imagen":"assets/products/CA-000000041317.webp","tags":["pico","confiteria","forma"]},{"id":"CA-000000041318","nombre":"PICO CONFITERIA FORMA 16A x3","categoria":"Hogar-Bazar","subcategoria":"Picos/Cuplas/Mangas Y Sets","precio":3243.0,"destacado":false,"descripcion":"","imagen":"assets/products/CA-000000041318.webp","tags":["pico","confiteria","forma","16a"]},{"id":"CA-000000041319","nombre":"PICO CONFITERIA FORMA 17 x3","categoria":"Hogar-Bazar","subcategoria":"Picos/Cuplas/Mangas Y Sets","precio":3243.0,"destacado":false,"descripcion":"","imagen":"assets/products/CA-000000041319.webp","tags":["pico","confiteria","forma"]},{"id":"CA-000000041320","nombre":"PICO CONFITERIA FORMA 32 x3","categoria":"Hogar-Bazar","subcategoria":"Picos/Cuplas/Mangas Y Sets","precio":3243.0,"destacado":false,"descripcion":"","imagen":"assets/products/CA-000000041320.webp","tags":["pico","confiteria","forma"]},{"id":"CA-000000042547","nombre":"PICO CONFITERIA FORMA 67 x3","categoria":"Hogar-Bazar","subcategoria":"Picos/Cuplas/Mangas Y Sets","precio":3243.0,"destacado":false,"descripcion":"","imagen":"assets/products/CA-000000042547.webp","tags":["pico","confiteria","forma"]},{"id":"CA-000000041321","nombre":"PICO CONFITERIA FORMA 84 x3","categoria":"Hogar-Bazar","subcategoria":"Picos/Cuplas/Mangas Y Sets","precio":3243.0,"destacado":false,"descripcion":"","imagen":"assets/products/CA-000000041321.webp","tags":["pico","confiteria","forma"]},{"id":"CA-000000041322","nombre":"PICO CONFITERIA FORMA 96 x3","categoria":"Hogar-Bazar","subcategoria":"Picos/Cuplas/Mangas Y Sets","precio":3243.0,"destacado":false,"descripcion":"","imagen":"assets/products/CA-000000041322.webp","tags":["pico","confiteria","forma"]},{"id":"CA-000000041308","nombre":"PICO CONFITERIA LISO 02 x3","categoria":"Hogar-Bazar","subcategoria":"Picos/Cuplas/Mangas Y Sets","precio":3243.0,"destacado":false,"descripcion":"","imagen":"assets/products/CA-000000041308.webp","tags":["pico","confiteria","liso"]},{"id":"CA-000000041309","nombre":"PICO CONFITERIA LISO 04 x3","categoria":"Hogar-Bazar","subcategoria":"Picos/Cuplas/Mangas Y Sets","precio":3243.0,"destacado":false,"descripcion":"","imagen":"assets/products/CA-000000041309.webp","tags":["pico","confiteria","liso"]},{"id":"CA-000000041310","nombre":"PICO CONFITERIA LISO 06 x3","categoria":"Hogar-Bazar","subcategoria":"Picos/Cuplas/Mangas Y Sets","precio":3243.0,"destacado":false,"descripcion":"","imagen":"assets/products/CA-000000041310.webp","tags":["pico","confiteria","liso"]},{"id":"CA-000000041311","nombre":"PICO CONFITERIA LISO 08 x3","categoria":"Hogar-Bazar","subcategoria":"Picos/Cuplas/Mangas Y Sets","precio":3243.0,"destacado":false,"descripcion":"","imagen":"assets/products/CA-000000041311.webp","tags":["pico","confiteria","liso"]},{"id":"CA-000000041312","nombre":"PICO CONFITERIA LISO 10 x3","categoria":"Hogar-Bazar","subcategoria":"Picos/Cuplas/Mangas Y Sets","precio":3243.0,"destacado":false,"descripcion":"","imagen":"assets/products/CA-000000041312.webp","tags":["pico","confiteria","liso"]},{"id":"CA-000000041313","nombre":"PICO CONFITERIA LISO 12 x3","categoria":"Hogar-Bazar","subcategoria":"Picos/Cuplas/Mangas Y Sets","precio":3243.0,"destacado":false,"descripcion":"","imagen":"assets/products/CA-000000041313.webp","tags":["pico","confiteria","liso"]},{"id":"CA-000000041314","nombre":"PICO CONFITERIA LISO 14 x3","categoria":"Hogar-Bazar","subcategoria":"Picos/Cuplas/Mangas Y Sets","precio":3243.0,"destacado":false,"descripcion":"","imagen":"assets/products/CA-000000041314.webp","tags":["pico","confiteria","liso"]},{"id":"CA-000000041315","nombre":"PICO CONFITERIA LISO 16 x3","categoria":"Hogar-Bazar","subcategoria":"Picos/Cuplas/Mangas Y Sets","precio":3243.0,"destacado":false,"descripcion":"","imagen":"assets/products/CA-000000041315.webp","tags":["pico","confiteria","liso"]},{"id":"CA-000000041316","nombre":"PICO CONFITERIA LISO 18 x3","categoria":"Hogar-Bazar","subcategoria":"Picos/Cuplas/Mangas Y Sets","precio":3243.0,"destacado":false,"descripcion":"","imagen":"assets/products/CA-000000041316.webp","tags":["pico","confiteria","liso"]},{"id":"CA-000000041323","nombre":"PICO CONFITERIA RIZADO 04 x3","categoria":"Hogar-Bazar","subcategoria":"Picos/Cuplas/Mangas Y Sets","precio":3243.0,"destacado":false,"descripcion":"","imagen":"assets/products/CA-000000041323.webp","tags":["pico","confiteria","rizado"]},{"id":"CA-000000041324","nombre":"PICO CONFITERIA RIZADO 05 x3","categoria":"Hogar-Bazar","subcategoria":"Picos/Cuplas/Mangas Y Sets","precio":3243.0,"destacado":false,"descripcion":"","imagen":"assets/products/CA-000000041324.webp","tags":["pico","confiteria","rizado"]},{"id":"CA-000000041325","nombre":"PICO CONFITERIA RIZADO 06 x3","categoria":"Hogar-Bazar","subcategoria":"Picos/Cuplas/Mangas Y Sets","precio":3243.0,"destacado":false,"descripcion":"","imagen":"assets/products/CA-000000041325.webp","tags":["pico","confiteria","rizado"]},{"id":"CA-000000041326","nombre":"PICO CONFITERIA RIZADO 07 x3","categoria":"Hogar-Bazar","subcategoria":"Picos/Cuplas/Mangas Y Sets","precio":3243.0,"destacado":false,"descripcion":"","imagen":"assets/products/CA-000000041326.webp","tags":["pico","confiteria","rizado"]},{"id":"CA-000000041327","nombre":"PICO CONFITERIA RIZADO 08 x3","categoria":"Hogar-Bazar","subcategoria":"Picos/Cuplas/Mangas Y Sets","precio":3243.0,"destacado":false,"descripcion":"","imagen":"assets/products/CA-000000041327.webp","tags":["pico","confiteria","rizado"]},{"id":"CA-000000041328","nombre":"PICO CONFITERIA RIZADO 09 x3","categoria":"Hogar-Bazar","subcategoria":"Picos/Cuplas/Mangas Y Sets","precio":3243.0,"destacado":false,"descripcion":"","imagen":"assets/products/CA-000000041328.webp","tags":["pico","confiteria","rizado"]},{"id":"CA-000000041329","nombre":"PICO CONFITERIA RIZADO 10 x3","categoria":"Hogar-Bazar","subcategoria":"Picos/Cuplas/Mangas Y Sets","precio":3243.0,"destacado":false,"descripcion":"","imagen":"assets/products/CA-000000041329.webp","tags":["pico","confiteria","rizado"]},{"id":"CA-000000041353","nombre":"PICO CONFITERIA RIZADO 136 x3","categoria":"Hogar-Bazar","subcategoria":"Picos/Cuplas/Mangas Y Sets","precio":3243.0,"destacado":false,"descripcion":"","imagen":"assets/products/CA-000000041353.webp","tags":["pico","confiteria","rizado","136"]},{"id":"CA-000000041354","nombre":"PICO CONFITERIA RIZADO 137 x3","categoria":"Hogar-Bazar","subcategoria":"Picos/Cuplas/Mangas Y Sets","precio":3243.0,"destacado":false,"descripcion":"","imagen":"assets/products/CA-000000041354.webp","tags":["pico","confiteria","rizado","137"]},{"id":"CA-000000041330","nombre":"PICO CONFITERIA RIZADO 14A x3","categoria":"Hogar-Bazar","subcategoria":"Picos/Cuplas/Mangas Y Sets","precio":3243.0,"destacado":false,"descripcion":"","imagen":"assets/products/CA-000000041330.webp","tags":["pico","confiteria","rizado","14a"]},{"id":"CA-000000041331","nombre":"PICO CONFITERIA RIZADO 24 x3","categoria":"Hogar-Bazar","subcategoria":"Picos/Cuplas/Mangas Y Sets","precio":3243.0,"destacado":false,"descripcion":"","imagen":"assets/products/CA-000000041331.webp","tags":["pico","confiteria","rizado"]}]}