{"category_slug":"hogar_bazar","subcategory_slug":"","page":21,"page_size":48,"total":1839,"items":[{"id":"CA-000000002305","nombre":"MOLDE HOJALATA RECTANGULAR ALTURA 6 Nº22 22x12cm x1","categoria":"Hogar-Bazar","subcategoria":"Moldes De Hojalata","precio":7435.07,"destacado":false,"descripcion":"","imagen":"assets/products/CA-000000002305.webp","tags":["molde","hojalata","rectangular","altura","nº22","22x12cm"]},{"id":"CA-000000002306","nombre":"MOLDE HOJALATA RECTANGULAR ALTURA 6 Nº24 24x14cm x1","categoria":"Hogar-Bazar","subcategoria":"Moldes De Hojalata","precio":8048.7,"destacado":false,"descripcion":"","imagen":"assets/products/CA-000000002306.webp","tags":["molde","hojalata","rectangular","altura","nº24","24x14cm"]},{"id":"CA-000000002307","nombre":"MOLDE HOJALATA RECTANGULAR ALTURA 6 Nº26 26x16cm x1","categoria":"Hogar-Bazar","subcategoria":"Moldes De Hojalata","precio":7692.68,"destacado":false,"descripcion":"","imagen":"assets/products/CA-000000002307.webp","tags":["molde","hojalata","rectangular","altura","nº26","26x16cm"]},{"id":"CA-000000002308","nombre":"MOLDE HOJALATA RECTANGULAR ALTURA 6 Nº28 28x18cm x1","categoria":"Hogar-Bazar","subcategoria":"Moldes De Hojalata","precio":8281.49,"destacado":false,"descripcion":"","imagen":"assets/products/CA-000000002308.webp","tags":["molde","hojalata","rectangular","altura","nº28","28x18cm"]},{"id":"CA-000000002311","nombre":"MOLDE HOJALATA RECTANGULAR ALTURA 6 Nº30 30x20cm x1","categoria":"Hogar-Bazar","subcategoria":"Moldes De Hojalata","precio":10011.85,"destacado":false,"descripcion":"","imagen":"assets/products/CA-000000002311.webp","tags":["molde","hojalata","rectangular","altura","nº30","30x20cm"]},{"id":"CA-000000002309","nombre":"MOLDE HOJALATA RECTANGULAR ALTURA 6 Nº32 32x22cm x1","categoria":"Hogar-Bazar","subcategoria":"Moldes De Hojalata","precio":10792.7,"destacado":false,"descripcion":"","imagen":"assets/products/CA-000000002309.webp","tags":["molde","hojalata","rectangular","altura","nº32","32x22cm"]},{"id":"CA-000000002310","nombre":"MOLDE HOJALATA RECTANGULAR ALTURA 6 Nº34 34x24cm x1","categoria":"Hogar-Bazar","subcategoria":"Moldes De Hojalata","precio":11542.4,"destacado":false,"descripcion":"","imagen":"assets/products/CA-000000002310.webp","tags":["molde","hojalata","rectangular","altura","nº34","34x24cm"]},{"id":"CA-000000002312","nombre":"MOLDE HOJALATA RECTANGULAR ALTURA 6 Nº36 36x26cm x1","categoria":"Hogar-Bazar","subcategoria":"Moldes De Hojalata","precio":12393.83,"destacado":false,"descripcion":"","imagen":"assets/products/CA-000000002312.webp","tags":["molde","hojalata","rectangular","altura","nº36","36x26cm"]},{"id":"CA-000000002313","nombre":"MOLDE HOJALATA RECTANGULAR ALTURA 6 Nº38 38x28cm x1","categoria":"Hogar-Bazar","subcategoria":"Moldes De Hojalata","precio":13413.89,"destacado":false,"descripcion":"","imagen":"assets/products/CA-000000002313.webp","tags":["molde","hojalata","rectangular","altura","nº38","38x28cm"]},{"id":"CA-000000002314","nombre":"MOLDE HOJALATA RECTANGULAR ALTURA 6 Nº40 40x30cm x1","categoria":"Hogar-Bazar","subcategoria":"Moldes De Hojalata","precio":14419.29,"destacado":false,"descripcion":"","imagen":"assets/products/CA-000000002314.webp","tags":["molde","hojalata","rectangular","altura","nº40","40x30cm"]},{"id":"CA-000000000993","nombre":"MOLDE HOJALATA REDONDO ALTURA 10 18cm x1","categoria":"Hogar-Bazar","subcategoria":"Moldes De Hojalata","precio":8697.59,"destacado":false,"descripcion":"","imagen":"assets/products/CA-000000000993.webp","tags":["molde","hojalata","redondo","altura","18cm"]},{"id":"CA-000000000463","nombre":"MOLDE HOJALATA REDONDO ALTURA 10 20cm x1","categoria":"Hogar-Bazar","subcategoria":"Moldes De Hojalata","precio":9079.77,"destacado":false,"descripcion":"","imagen":"assets/products/CA-000000000463.webp","tags":["molde","hojalata","redondo","altura","20cm"]},{"id":"CA-000000000994","nombre":"MOLDE HOJALATA REDONDO ALTURA 10 22cm x1","categoria":"Hogar-Bazar","subcategoria":"Moldes De Hojalata","precio":9607.67,"destacado":false,"descripcion":"","imagen":"assets/products/CA-000000000994.webp","tags":["molde","hojalata","redondo","altura","22cm"]},{"id":"CA-000000004649","nombre":"MOLDE HOJALATA REDONDO ALTURA 10 24cm x1","categoria":"Hogar-Bazar","subcategoria":"Moldes De Hojalata","precio":10328.96,"destacado":false,"descripcion":"","imagen":"assets/products/CA-000000004649.webp","tags":["molde","hojalata","redondo","altura","24cm"]},{"id":"CA-000000000995","nombre":"MOLDE HOJALATA REDONDO ALTURA 10 26cm x1","categoria":"Hogar-Bazar","subcategoria":"Moldes De Hojalata","precio":11118.06,"destacado":false,"descripcion":"","imagen":"assets/products/CA-000000000995.webp","tags":["molde","hojalata","redondo","altura","26cm"]},{"id":"CA-000000004643","nombre":"MOLDE HOJALATA REDONDO ALTURA 10 28cm x1","categoria":"Hogar-Bazar","subcategoria":"Moldes De Hojalata","precio":12098.72,"destacado":false,"descripcion":"","imagen":"assets/products/CA-000000004643.webp","tags":["molde","hojalata","redondo","altura","28cm"]},{"id":"CA-000000000996","nombre":"MOLDE HOJALATA REDONDO ALTURA 10 30cm x1","categoria":"Hogar-Bazar","subcategoria":"Moldes De Hojalata","precio":13093.12,"destacado":false,"descripcion":"","imagen":"assets/products/CA-000000000996.webp","tags":["molde","hojalata","redondo","altura","30cm"]},{"id":"CA-000000000997","nombre":"MOLDE HOJALATA REDONDO ALTURA 10 34cm x1","categoria":"Hogar-Bazar","subcategoria":"Moldes De Hojalata","precio":17097.31,"destacado":false,"descripcion":"","imagen":"assets/products/CA-000000000997.webp","tags":["molde","hojalata","redondo","altura","34cm"]},{"id":"CA-000000001605","nombre":"MOLDE HOJALATA REDONDO ALTURA 6 Nº20 20cm x1","categoria":"Hogar-Bazar","subcategoria":"Moldes De Hojalata","precio":7089.13,"destacado":false,"descripcion":"","imagen":"assets/products/CA-000000001605.webp","tags":["molde","hojalata","redondo","altura","nº20","20cm"]},{"id":"CA-000000001606","nombre":"MOLDE HOJALATA REDONDO ALTURA 6 Nº22 22cm x1","categoria":"Hogar-Bazar","subcategoria":"Moldes De Hojalata","precio":7652.78,"destacado":false,"descripcion":"","imagen":"assets/products/CA-000000001606.webp","tags":["molde","hojalata","redondo","altura","nº22","22cm"]},{"id":"CA-000000001248","nombre":"MOLDE HOJALATA REDONDO ALTURA 6 Nº24 24cm x1","categoria":"Hogar-Bazar","subcategoria":"Moldes De Hojalata","precio":8268.66,"destacado":false,"descripcion":"","imagen":"assets/products/CA-000000001248.webp","tags":["molde","hojalata","redondo","altura","nº24","24cm"]},{"id":"CA-000000021792","nombre":"MOLDE HOJALATA REDONDO ALTURA 6 Nº26 26cm x1","categoria":"Hogar-Bazar","subcategoria":"Moldes De Hojalata","precio":8882.72,"destacado":false,"descripcion":"","imagen":"assets/products/CA-000000021792.webp","tags":["molde","hojalata","redondo","altura","nº26","26cm"]},{"id":"CA-000000001063","nombre":"MOLDE HOJALATA REDONDO ALTURA 6 Nº28 28cm x1","categoria":"Hogar-Bazar","subcategoria":"Moldes De Hojalata","precio":9972.44,"destacado":false,"descripcion":"","imagen":"assets/products/CA-000000001063.webp","tags":["molde","hojalata","redondo","altura","nº28","28cm"]},{"id":"CA-000000000916","nombre":"MOLDE HOJALATA REDONDO ALTURA 6 Nº30 30cm x1","categoria":"Hogar-Bazar","subcategoria":"Moldes De Hojalata","precio":11319.69,"destacado":false,"descripcion":"","imagen":"assets/products/CA-000000000916.webp","tags":["molde","hojalata","redondo","altura","nº30","30cm"]},{"id":"CA-379000103569","nombre":"MOLDE MINI BUDIN SILICONA 8x5cm x6 103569","categoria":"Hogar-Bazar","subcategoria":"Silicona","precio":2825.55,"destacado":false,"descripcion":"* (09/12/2025)","imagen":"assets/products/CA-379000103569.webp","tags":["molde","mini","budin","silicona","8x5cm","103569"]},{"id":"CA-379000103035","nombre":"MOLDE MINI CUPCAKES 24 UNIDADES 35x26x1.5cm x1 103035","categoria":"Hogar-Bazar","subcategoria":"Accesorios De Cocina","precio":6227.55,"destacado":false,"descripcion":"","imagen":"assets/products/CA-379000103035.webp","tags":["molde","mini","cupcakes","unidades","35x26x1","5cm","103035"]},{"id":"CA-692345060624","nombre":"MOLDE MINI DONAS Y FLORES SIMIL CAUCHO x1 MM93-120","categoria":"Hogar-Bazar","subcategoria":"Silicona","precio":3512.62,"destacado":false,"descripcion":"","imagen":"assets/products/CA-692345060624.webp","tags":["molde","mini","donas","flores","simil","caucho","mm93","120"]},{"id":"CA-379000103027","nombre":"MOLDE MINI TORTERA 12x5cm x1 103027","categoria":"Hogar-Bazar","subcategoria":"Accesorios De Cocina","precio":4715.55,"destacado":false,"descripcion":"","imagen":"assets/products/CA-379000103027.webp","tags":["molde","mini","tortera","12x5cm","103027"]},{"id":"CA-779329101191","nombre":"MOLDE PAN DE ESPAÑA DOÑA CLARA Nº1 25x35cm 1191","categoria":"Hogar-Bazar","subcategoria":"Doña Clara","precio":15621.03,"destacado":false,"descripcion":"","imagen":"assets/products/CA-779329101191.webp","tags":["molde","pan","españa","doña","clara","nº1","25x35cm","1191"]},{"id":"CA-779329101192","nombre":"MOLDE PAN DE ESPAÑA DOÑA CLARA Nº2 27x35cm 1192","categoria":"Hogar-Bazar","subcategoria":"Doña Clara","precio":17054.36,"destacado":false,"descripcion":"","imagen":"assets/products/CA-779329101192.webp","tags":["molde","pan","españa","doña","clara","nº2","27x35cm","1192"]},{"id":"CA-000000008739","nombre":"MOLDE PAN DULCE/TORTERA ALTA ALUMINIO 18cm x1","categoria":"Hogar-Bazar","subcategoria":"Moldes De Aluminio","precio":4895.52,"destacado":false,"descripcion":"","imagen":"assets/products/CA-000000008739.webp","tags":["molde","pan","dulce","tortera","alta","aluminio","18cm"]},{"id":"CA-000000008740","nombre":"MOLDE PAN DULCE/TORTERA ALTA ALUMINIO 20cm x1","categoria":"Hogar-Bazar","subcategoria":"Moldes De Aluminio","precio":5298.22,"destacado":false,"descripcion":"","imagen":"assets/products/CA-000000008740.webp","tags":["molde","pan","dulce","tortera","alta","aluminio","20cm"]},{"id":"CA-000000008741","nombre":"MOLDE PAN DULCE/TORTERA ALTA ALUMINIO 22cm x1","categoria":"Hogar-Bazar","subcategoria":"Moldes De Aluminio","precio":5771.98,"destacado":false,"descripcion":"","imagen":"assets/products/CA-000000008741.webp","tags":["molde","pan","dulce","tortera","alta","aluminio","22cm"]},{"id":"CA-779329101197","nombre":"MOLDE PAN LACTAL CON TAPA DOÑA CLARA Nº2 30x10x10cm 1197","categoria":"Hogar-Bazar","subcategoria":"Doña Clara","precio":16681.42,"destacado":false,"descripcion":"","imagen":"assets/products/CA-779329101197.webp","tags":["molde","pan","lactal","con","tapa","doña","clara","nº2","30x10x10cm","1197"]},{"id":"CA-379000104372","nombre":"MOLDE PAPEL FREIDORA AIRE REDONDO AIR FRYER x50 104372","categoria":"Hogar-Bazar","subcategoria":"Accesorios De Cocina","precio":3298.05,"destacado":false,"descripcion":"","imagen":"assets/products/CA-379000104372.webp","tags":["molde","papel","freidora","aire","redondo","air","fryer","x50","104372"]},{"id":"CA-379000104373","nombre":"MOLDE PAPEL FREIDORA DE AIRE CUADRADO AIR FRYER x50 104373","categoria":"Hogar-Bazar","subcategoria":"Accesorios De Cocina","precio":3086.78,"destacado":false,"descripcion":"","imagen":"assets/products/CA-379000104373.webp","tags":["molde","papel","freidora","aire","cuadrado","air","fryer","x50","104373"]},{"id":"CA-779572204249","nombre":"MOLDE PARA 12 MUFFINS ANTIADHERENTE JOVIFEL LINEA COBRE x1 4249","categoria":"Hogar-Bazar","subcategoria":"Jovifel","precio":10476.94,"destacado":false,"descripcion":"","imagen":"assets/products/CA-779572204249.webp","tags":["molde","para","muffins","antiadherente","jovifel","linea","cobre","4249"]},{"id":"CA-779572204248","nombre":"MOLDE PARA 6 MUFFINS ANTIADHERENTE JOVIFEL LINEA COBRE x1 4248","categoria":"Hogar-Bazar","subcategoria":"Jovifel","precio":5894.8,"destacado":false,"descripcion":"","imagen":"assets/products/CA-779572204248.webp","tags":["molde","para","muffins","antiadherente","jovifel","linea","cobre","4248"]},{"id":"CA-779429704129","nombre":"MOLDE PARA HAMBURGUESAS GRANDES 12cm x1 4129","categoria":"Hogar-Bazar","subcategoria":"Utensillos Varios","precio":1730.61,"destacado":false,"descripcion":"","imagen":"assets/products/CA-779429704129.webp","tags":["molde","para","hamburguesas","grandes","12cm","4129"]},{"id":"CA-779000024399","nombre":"MOLDE PARA HELADO (SET x4) x1 CN18200","categoria":"Hogar-Bazar","subcategoria":"Accesorios De Cocina","precio":2840.5,"destacado":false,"descripcion":"","imagen":"assets/products/CA-779000024399.webp","tags":["molde","para","helado","set","cn18200"]},{"id":"CA-779000014284","nombre":"MOLDE PARA HELADO CONEJITO/MUÑECO DE NIEVE 12x12.5cm x1 DL4647","categoria":"Hogar-Bazar","subcategoria":"Silicona","precio":1498.74,"destacado":false,"descripcion":"","imagen":"assets/products/CA-779000014284.webp","tags":["molde","para","helado","conejito","muñeco","nieve","12x12","5cm","dl4647"]},{"id":"CA-779000021355","nombre":"MOLDE PARA HELADO NARANJA (SET x4) x1  CD26446","categoria":"Hogar-Bazar","subcategoria":"Silicona","precio":3250.0,"destacado":false,"descripcion":"","imagen":"assets/products/CA-779000021355.webp","tags":["molde","para","helado","naranja","set","cd26446"]},{"id":"CA-379000104308","nombre":"MOLDE PARA HELADO x1 104308","categoria":"Hogar-Bazar","subcategoria":"Accesorios De Cocina","precio":7058.39,"destacado":false,"descripcion":"","imagen":"assets/products/CA-379000104308.webp","tags":["molde","para","helado","104308"]},{"id":"CA-489413098342","nombre":"MOLDE PARA TARTA CON ASAS 22x18cm x1 LHP-FG-226","categoria":"Hogar-Bazar","subcategoria":"Vidrio","precio":5057.36,"destacado":false,"descripcion":"","imagen":"assets/products/CA-489413098342.webp","tags":["molde","para","tarta","con","asas","22x18cm","lhp","226"]},{"id":"CA-489413096757","nombre":"MOLDE PARA TARTA VIDRIO 27cm x1 LHP-YP-270","categoria":"Hogar-Bazar","subcategoria":"Vidrio","precio":7826.33,"destacado":false,"descripcion":"","imagen":"assets/products/CA-489413096757.webp","tags":["molde","para","tarta","vidrio","27cm","lhp","270"]},{"id":"CA-000000025954","nombre":"MOLDE PERICO/CANNOLI 28cm x10","categoria":"Hogar-Bazar","subcategoria":"Moldes De Hojalata","precio":6621.92,"destacado":false,"descripcion":"","imagen":"assets/products/CA-000000025954.webp","tags":["molde","perico","cannoli","28cm","x10"]},{"id":"CA-000000008419","nombre":"MOLDE POSTRE ARO DE HOJALATA Nº08 x1 637","categoria":"Hogar-Bazar","subcategoria":"Molde Cintura - Aros","precio":3784.42,"destacado":false,"descripcion":"* (11/12/2025)","imagen":"assets/products/CA-000000008419.webp","tags":["molde","postre","aro","hojalata","nº08","637"]},{"id":"CA-000000008420","nombre":"MOLDE POSTRE ARO DE HOJALATA Nº10 x1 636","categoria":"Hogar-Bazar","subcategoria":"Molde Cintura - Aros","precio":3784.42,"destacado":false,"descripcion":"* (11/12/2025)","imagen":"assets/products/CA-000000008420.webp","tags":["molde","postre","aro","hojalata","nº10","636"]}]}