{"category_slug":"hogar_bazar","subcategory_slug":"","page":32,"page_size":48,"total":1839,"items":[{"id":"CA-056848399061","nombre":"PLACA TABLA DE CORTE ROSA Y VERDE 30x45cm x1 LA BOTICA","categoria":"Hogar-Bazar","subcategoria":"La Botica","precio":11009.5,"destacado":false,"descripcion":"","imagen":"assets/products/CA-056848399061.webp","tags":["placa","tabla","corte","rosa","verde","30x45cm","botica"]},{"id":"CA-694241908001","nombre":"PLANCHA CON MALLA SILPAT (30x40 ) x1 G34","categoria":"Hogar-Bazar","subcategoria":"Silicona","precio":4804.19,"destacado":false,"descripcion":"","imagen":"assets/products/CA-694241908001.webp","tags":["plancha","con","malla","silpat","30x40","g34"]},{"id":"CA-849849865498","nombre":"PLANCHA CON MALLA SILPAT (30x40 ) x1 HS002A","categoria":"Hogar-Bazar","subcategoria":"Silicona","precio":4843.8,"destacado":false,"descripcion":"","imagen":"assets/products/CA-849849865498.webp","tags":["plancha","con","malla","silpat","30x40","hs002a"]},{"id":"CA-779000022111","nombre":"PLANCHA CON MALLA SILPAT (30x40CM ) x1 CN16255","categoria":"Hogar-Bazar","subcategoria":"Silicona","precio":3987.92,"destacado":false,"descripcion":"","imagen":"assets/products/CA-779000022111.webp","tags":["plancha","con","malla","silpat","30x40cm","cn16255"]},{"id":"CA-849849865500","nombre":"PLANCHA CON MALLA SILPAT MACARONS (40x30cm ) x1 HS002C","categoria":"Hogar-Bazar","subcategoria":"Silicona","precio":5239.0,"destacado":false,"descripcion":"","imagen":"assets/products/CA-849849865500.webp","tags":["plancha","con","malla","silpat","macarons","40x30cm","hs002c"]},{"id":"CA-000000054281","nombre":"PLANCHA CON MALLA SILPAT MACARONS (42x29.5cm ) x1 BM694","categoria":"Hogar-Bazar","subcategoria":"Silicona","precio":3739.42,"destacado":false,"descripcion":"","imagen":"assets/products/CA-000000054281.webp","tags":["plancha","con","malla","silpat","macarons","42x29","5cm","bm694"]},{"id":"CA-000000051279","nombre":"PLANCHA CON MALLA SILPAT REDONDA (DIAMETRO 20cm) x1 BM2613","categoria":"Hogar-Bazar","subcategoria":"Silicona","precio":1657.47,"destacado":false,"descripcion":"","imagen":"assets/products/CA-000000051279.webp","tags":["plancha","con","malla","silpat","redonda","diametro","20cm","bm2613"]},{"id":"CA-200020021936","nombre":"PLATO DE VIDRIO GIRATORIO CON BASE METALICA 30cm x1 21936","categoria":"Hogar-Bazar","subcategoria":"Exhibidores De Tortas, Cupcakes, Platos Giratorios","precio":11854.42,"destacado":false,"descripcion":"","imagen":"assets/products/CA-200020021936.webp","tags":["plato","vidrio","giratorio","con","base","metalica","30cm","21936"]},{"id":"CA-000000055756","nombre":"PLATO GIRATORIO ACERO INOXIDABLE BASE ALUMINIO 31cm x1","categoria":"Hogar-Bazar","subcategoria":"Exhibidores De Tortas, Cupcakes, Platos Giratorios","precio":45500.0,"destacado":false,"descripcion":"","imagen":"assets/products/CA-000000055756.webp","tags":["plato","giratorio","acero","inoxidable","base","aluminio","31cm"]},{"id":"CA-000000055533","nombre":"PLATO GIRATORIO ACERO INOXIDABLE BASE COLOR BLANCO 31cm x1 002","categoria":"Hogar-Bazar","subcategoria":"Exhibidores De Tortas, Cupcakes, Platos Giratorios","precio":45500.0,"destacado":false,"descripcion":"","imagen":"assets/products/CA-000000055533.webp","tags":["plato","giratorio","acero","inoxidable","base","color","blanco","31cm","002"]},{"id":"CA-000000058149","nombre":"PLATO GIRATORIO DE PLASTICO 28CM x1  20096","categoria":"Hogar-Bazar","subcategoria":"Exhibidores De Tortas, Cupcakes, Platos Giratorios","precio":5194.12,"destacado":false,"descripcion":"","imagen":"assets/products/CA-000000058149.webp","tags":["plato","giratorio","plastico","28cm","20096"]},{"id":"CA-200020021938","nombre":"PLATO GIRATORIO DE VIDRIO GIRATORIO CON BASE METALICA 35cm x1 21938","categoria":"Hogar-Bazar","subcategoria":"Exhibidores De Tortas, Cupcakes, Platos Giratorios","precio":15506.45,"destacado":false,"descripcion":"","imagen":"assets/products/CA-200020021938.webp","tags":["plato","giratorio","vidrio","giratorio","con","base","metalica","35cm","21938"]},{"id":"CA-692232783916","nombre":"PORTA CUPCAKES ESPEJADO x1 CH15-FYQ004","categoria":"Hogar-Bazar","subcategoria":"Exhibidores De Tortas, Cupcakes, Platos Giratorios","precio":11899.68,"destacado":false,"descripcion":"","imagen":"assets/products/CA-692232783916.webp","tags":["porta","cupcakes","espejado","ch15","fyq004"]},{"id":"CA-000000041727","nombre":"PORTA CUPCAKES PLASTICO CON SOPORTE METALICO DOS PISOS BLANCO x1","categoria":"Hogar-Bazar","subcategoria":"Exhibidores De Tortas, Cupcakes, Platos Giratorios","precio":14458.5,"destacado":false,"descripcion":"","imagen":"assets/products/CA-000000041727.webp","tags":["porta","cupcakes","plastico","con","soporte","metalico","dos","pisos","blanco"]},{"id":"CA-000000041728","nombre":"PORTA CUPCAKES PLASTICO DOS PISOS CELESTE x1","categoria":"Hogar-Bazar","subcategoria":"Exhibidores De Tortas, Cupcakes, Platos Giratorios","precio":13000.5,"destacado":false,"descripcion":"","imagen":"assets/products/CA-000000041728.webp","tags":["porta","cupcakes","plastico","dos","pisos","celeste"]},{"id":"CA-000000041729","nombre":"PORTA CUPCAKES PLASTICO DOS PISOS ROSA x1","categoria":"Hogar-Bazar","subcategoria":"Exhibidores De Tortas, Cupcakes, Platos Giratorios","precio":13000.5,"destacado":false,"descripcion":"","imagen":"assets/products/CA-000000041729.webp","tags":["porta","cupcakes","plastico","dos","pisos","rosa"]},{"id":"CA-200020052139","nombre":"PORTAROLLO DE COCINA CON MADERA x1 52139","categoria":"Hogar-Bazar","subcategoria":"Accesorios De Cocina","precio":5971.12,"destacado":false,"descripcion":"","imagen":"assets/products/CA-200020052139.webp","tags":["portarollo","cocina","con","madera","52139"]},{"id":"CA-379004186453","nombre":"PORTAROLLO DE COCINA NEGRO 15x30cm x1 4186453","categoria":"Hogar-Bazar","subcategoria":"Accesorios De Cocina","precio":3934.7,"destacado":false,"descripcion":"","imagen":"assets/products/CA-379004186453.webp","tags":["portarollo","cocina","negro","15x30cm","4186453"]},{"id":"CA-200020040147","nombre":"PORTAROLLO DE COCINA NEGRO 27x13.5cm x1 40147","categoria":"Hogar-Bazar","subcategoria":"Accesorios De Cocina","precio":970.23,"destacado":false,"descripcion":"","imagen":"assets/products/CA-200020040147.webp","tags":["portarollo","cocina","negro","27x13","5cm","40147"]},{"id":"CA-379000327865","nombre":"POSATORTA 25x20cm x1 327865","categoria":"Hogar-Bazar","subcategoria":"Exhibidores De Tortas, Cupcakes, Platos Giratorios","precio":21725.55,"destacado":false,"descripcion":"","imagen":"assets/products/CA-379000327865.webp","tags":["posatorta","25x20cm","327865"]},{"id":"CA-379004176199","nombre":"POSATORTA 28cm x1 4176199","categoria":"Hogar-Bazar","subcategoria":"Exhibidores De Tortas, Cupcakes, Platos Giratorios","precio":9535.05,"destacado":false,"descripcion":"","imagen":"assets/products/CA-379004176199.webp","tags":["posatorta","28cm","4176199"]},{"id":"CA-379000327866","nombre":"POSATORTA 30x23cm x1 327866","categoria":"Hogar-Bazar","subcategoria":"Exhibidores De Tortas, Cupcakes, Platos Giratorios","precio":27395.55,"destacado":false,"descripcion":"","imagen":"assets/products/CA-379000327866.webp","tags":["posatorta","30x23cm","327866"]},{"id":"CA-000000049488","nombre":"POSATORTA CON BASE 16cm x1 LUCA PLASTIC","categoria":"Hogar-Bazar","subcategoria":"Exhibidores De Tortas, Cupcakes, Platos Giratorios","precio":5103.0,"destacado":false,"descripcion":"","imagen":"assets/products/CA-000000049488.webp","tags":["posatorta","con","base","16cm","luca","plastic"]},{"id":"CA-000000041920","nombre":"POSATORTA CON BASE 25cm x1 LUCA PLASTIC","categoria":"Hogar-Bazar","subcategoria":"Exhibidores De Tortas, Cupcakes, Platos Giratorios","precio":7897.5,"destacado":false,"descripcion":"","imagen":"assets/products/CA-000000041920.webp","tags":["posatorta","con","base","25cm","luca","plastic"]},{"id":"CA-000000042295","nombre":"POSATORTA CON BASE 30cm x1 LUCA PLASTIC","categoria":"Hogar-Bazar","subcategoria":"Exhibidores De Tortas, Cupcakes, Platos Giratorios","precio":9355.5,"destacado":false,"descripcion":"","imagen":"assets/products/CA-000000042295.webp","tags":["posatorta","con","base","30cm","luca","plastic"]},{"id":"CA-000000057049","nombre":"POSATORTA CON BASE PREMIUM 30cm  x1 LUCA PLASTIC","categoria":"Hogar-Bazar","subcategoria":"Exhibidores De Tortas, Cupcakes, Platos Giratorios","precio":10327.5,"destacado":false,"descripcion":"","imagen":"assets/products/CA-000000057049.webp","tags":["posatorta","con","base","premium","30cm","luca","plastic"]},{"id":"CA-379000327840","nombre":"POSATORTA DE METAL BLANCO CON BASE 30.5cm x1 327840","categoria":"Hogar-Bazar","subcategoria":"Exhibidores De Tortas, Cupcakes, Platos Giratorios","precio":15110.55,"destacado":false,"descripcion":"","imagen":"assets/products/CA-379000327840.webp","tags":["posatorta","metal","blanco","con","base","5cm","327840"]},{"id":"CA-379000327842","nombre":"POSATORTA DE METAL BLANCO CON BASE 30.5cm x1 327842","categoria":"Hogar-Bazar","subcategoria":"Exhibidores De Tortas, Cupcakes, Platos Giratorios","precio":16055.55,"destacado":false,"descripcion":"","imagen":"assets/products/CA-379000327842.webp","tags":["posatorta","metal","blanco","con","base","5cm","327842"]},{"id":"CA-379000327841","nombre":"POSATORTA DE METAL BLANCO CON BASE 30cm x1 327841","categoria":"Hogar-Bazar","subcategoria":"Exhibidores De Tortas, Cupcakes, Platos Giratorios","precio":15110.55,"destacado":false,"descripcion":"","imagen":"assets/products/CA-379000327841.webp","tags":["posatorta","metal","blanco","con","base","30cm","327841"]},{"id":"CA-379000105368","nombre":"POSATORTA DE VIDRIO CON BASE  26cm x1 105368","categoria":"Hogar-Bazar","subcategoria":"Exhibidores De Tortas, Cupcakes, Platos Giratorios","precio":11330.55,"destacado":false,"descripcion":"","imagen":"assets/products/CA-379000105368.webp","tags":["posatorta","vidrio","con","base","26cm","105368"]},{"id":"CA-379000103094","nombre":"POSATORTA METAL CON PIE BLANCO 24cm x1 103094","categoria":"Hogar-Bazar","subcategoria":"Exhibidores De Tortas, Cupcakes, Platos Giratorios","precio":13220.55,"destacado":false,"descripcion":"","imagen":"assets/products/CA-379000103094.webp","tags":["posatorta","metal","con","pie","blanco","24cm","103094"]},{"id":"CA-379000103095","nombre":"POSATORTA METAL CON PIE BLANCO 27cm x1 103095","categoria":"Hogar-Bazar","subcategoria":"Exhibidores De Tortas, Cupcakes, Platos Giratorios","precio":17000.55,"destacado":false,"descripcion":"","imagen":"assets/products/CA-379000103095.webp","tags":["posatorta","metal","con","pie","blanco","27cm","103095"]},{"id":"CA-379000103096","nombre":"POSATORTA METAL CON PIE BLANCO 30cm x1 103096","categoria":"Hogar-Bazar","subcategoria":"Exhibidores De Tortas, Cupcakes, Platos Giratorios","precio":21725.55,"destacado":false,"descripcion":"","imagen":"assets/products/CA-379000103096.webp","tags":["posatorta","metal","con","pie","blanco","30cm","103096"]},{"id":"CA-541497890598","nombre":"POSATORTA PLEGABLE 30cm x 10cm x1 PA0598","categoria":"Hogar-Bazar","subcategoria":"Exhibidores De Tortas, Cupcakes, Platos Giratorios","precio":3784.32,"destacado":false,"descripcion":"","imagen":"assets/products/CA-541497890598.webp","tags":["posatorta","plegable","30cm","10cm","pa0598"]},{"id":"CA-541497890597","nombre":"POSATORTA PLEGABLE 30cm x 20cm x1 PA0597","categoria":"Hogar-Bazar","subcategoria":"Exhibidores De Tortas, Cupcakes, Platos Giratorios","precio":5166.0,"destacado":false,"descripcion":"","imagen":"assets/products/CA-541497890597.webp","tags":["posatorta","plegable","30cm","20cm","pa0597"]},{"id":"CA-000000001517","nombre":"QUIMBO LISO CON TUBO N2 x1","categoria":"Hogar-Bazar","subcategoria":"Moldes De Aluminio","precio":1740.8,"destacado":false,"descripcion":"","imagen":"assets/products/CA-000000001517.webp","tags":["quimbo","liso","con","tubo"]},{"id":"CA-000000001058","nombre":"QUIMBO LISO CON TUBO Nº1 x1","categoria":"Hogar-Bazar","subcategoria":"Moldes De Aluminio","precio":1523.2,"destacado":false,"descripcion":"","imagen":"assets/products/CA-000000001058.webp","tags":["quimbo","liso","con","tubo","nº1"]},{"id":"CA-200020032903","nombre":"RALLADOR 4 CARAS DE 23cm. BASE COLOR Y MANGO DE SILICONA x1 32903","categoria":"Hogar-Bazar","subcategoria":"Utensillos Varios","precio":3504.33,"destacado":false,"descripcion":"","imagen":"assets/products/CA-200020032903.webp","tags":["rallador","caras","23cm","base","color","mango","silicona","32903"]},{"id":"CA-200020050650","nombre":"RALLADOR 4 CARAS DE 25cm BASE SILICONA Y MANGO PLASTICO x1 50650","categoria":"Hogar-Bazar","subcategoria":"Utensillos Varios","precio":5777.2,"destacado":false,"descripcion":"","imagen":"assets/products/CA-200020050650.webp","tags":["rallador","caras","25cm","base","silicona","mango","plastico","50650"]},{"id":"CA-200020050646","nombre":"RALLADOR 6 CARAS DE x1 50646","categoria":"Hogar-Bazar","subcategoria":"Utensillos Varios","precio":6118.42,"destacado":false,"descripcion":"","imagen":"assets/products/CA-200020050646.webp","tags":["rallador","caras","50646"]},{"id":"CA-200020050647","nombre":"RALLADOR 6 CARAS NEGRO x1 50647","categoria":"Hogar-Bazar","subcategoria":"Accesorios De Cocina","precio":5531.98,"destacado":false,"descripcion":"NUEVO 17/12/2025","imagen":"assets/products/CA-200020050647.webp","tags":["rallador","caras","negro","50647"]},{"id":"CA-779000023696","nombre":"RALLADOR CONICO CHICO x1 17126","categoria":"Hogar-Bazar","subcategoria":"Utensillos Varios","precio":6706.8,"destacado":false,"descripcion":"","imagen":"assets/products/CA-779000023696.webp","tags":["rallador","conico","chico","17126"]},{"id":"CA-779000025121","nombre":"RALLADOR DE ACERO NUEZ MOSCADA 11CM x1 CN17739","categoria":"Hogar-Bazar","subcategoria":"Utensillos Varios","precio":2756.0,"destacado":false,"descripcion":"","imagen":"assets/products/CA-779000025121.webp","tags":["rallador","acero","nuez","moscada","11cm","cn17739"]},{"id":"CA-779000010726","nombre":"RALLADOR DE CITRICOS 27 cm x1 CN0851","categoria":"Hogar-Bazar","subcategoria":"Utensillos Varios","precio":713.87,"destacado":false,"descripcion":"","imagen":"assets/products/CA-779000010726.webp","tags":["rallador","citricos","cn0851"]},{"id":"CA-692232786495","nombre":"RALLADOR DE HOJALA 4 CARAS 15CM x1 2020-GRATER-1","categoria":"Hogar-Bazar","subcategoria":"Utensillos Varios","precio":1836.0,"destacado":false,"descripcion":"","imagen":"assets/products/CA-692232786495.webp","tags":["rallador","hojala","caras","15cm","2020","grater"]},{"id":"CA-692232786499","nombre":"RALLADOR DE HOJALA 4 CARAS 22CM x1 2020-GRATER","categoria":"Hogar-Bazar","subcategoria":"Utensillos Varios","precio":4050.0,"destacado":false,"descripcion":"","imagen":"assets/products/CA-692232786499.webp","tags":["rallador","hojala","caras","22cm","2020","grater"]},{"id":"CA-692232786500","nombre":"RALLADOR DE HOJALA 4 CARAS 24CM x1 2020-GRATER-6","categoria":"Hogar-Bazar","subcategoria":"Utensillos Varios","precio":4428.0,"destacado":false,"descripcion":"","imagen":"assets/products/CA-692232786500.webp","tags":["rallador","hojala","caras","24cm","2020","grater"]},{"id":"CA-779000010772","nombre":"RALLADOR DE NUEZ MOSCADA 3.5cm x1 CN3616","categoria":"Hogar-Bazar","subcategoria":"Utensillos Varios","precio":571.84,"destacado":false,"descripcion":"","imagen":"assets/products/CA-779000010772.webp","tags":["rallador","nuez","moscada","5cm","cn3616"]}]}