{"category_slug":"hogar_bazar","subcategory_slug":"","page":10,"page_size":48,"total":1839,"items":[{"id":"CA-000000057645","nombre":"CORTANTE MARCADOR PLASTICO 3D NUBE FELIZ DIA MAMA x1 DESIGN","categoria":"Hogar-Bazar","subcategoria":"Cortantes Plasticos 3D","precio":768.48,"destacado":false,"descripcion":"","imagen":"assets/products/CA-000000057645.webp","tags":["cortante","marcador","plastico","nube","feliz","dia","mama","design"]},{"id":"CA-000000057641","nombre":"CORTANTE MARCADOR PLASTICO 3D NUBE MAMA CON FLORES x1 DESIGN","categoria":"Hogar-Bazar","subcategoria":"Cortantes Plasticos 3D","precio":768.48,"destacado":false,"descripcion":"","imagen":"assets/products/CA-000000057641.webp","tags":["cortante","marcador","plastico","nube","mama","con","flores","design"]},{"id":"CA-000000055374","nombre":"CORTANTE MARCADOR PLASTICO 3D NUMEROS Y FORMAS x1 DESIGN (110)","categoria":"Hogar-Bazar","subcategoria":"Cortantes Plasticos 3D","precio":2335.95,"destacado":false,"descripcion":"","imagen":"assets/products/CA-000000055374.webp","tags":["cortante","marcador","plastico","numeros","formas","design","110"]},{"id":"CA-000000043060","nombre":"CORTANTE MARCADOR PLASTICO 3D N°0  x1 DESIGN (66)","categoria":"Hogar-Bazar","subcategoria":"Cortantes Plasticos 3D","precio":405.54,"destacado":false,"descripcion":"","imagen":"assets/products/CA-000000043060.webp","tags":["cortante","marcador","plastico","design"]},{"id":"CA-000000043059","nombre":"CORTANTE MARCADOR PLASTICO 3D N°1  x1 DESIGN (67)","categoria":"Hogar-Bazar","subcategoria":"Cortantes Plasticos 3D","precio":405.54,"destacado":false,"descripcion":"","imagen":"assets/products/CA-000000043059.webp","tags":["cortante","marcador","plastico","design"]},{"id":"CA-000000043061","nombre":"CORTANTE MARCADOR PLASTICO 3D N°2  x1 DESIGN (68)","categoria":"Hogar-Bazar","subcategoria":"Cortantes Plasticos 3D","precio":405.54,"destacado":false,"descripcion":"","imagen":"assets/products/CA-000000043061.webp","tags":["cortante","marcador","plastico","design"]},{"id":"CA-000000043062","nombre":"CORTANTE MARCADOR PLASTICO 3D N°3  x1 DESIGN (69)","categoria":"Hogar-Bazar","subcategoria":"Cortantes Plasticos 3D","precio":405.54,"destacado":false,"descripcion":"","imagen":"assets/products/CA-000000043062.webp","tags":["cortante","marcador","plastico","design"]},{"id":"CA-000000043063","nombre":"CORTANTE MARCADOR PLASTICO 3D N°4  x1 DESIGN (70)","categoria":"Hogar-Bazar","subcategoria":"Cortantes Plasticos 3D","precio":405.54,"destacado":false,"descripcion":"","imagen":"assets/products/CA-000000043063.webp","tags":["cortante","marcador","plastico","design"]},{"id":"CA-000000043064","nombre":"CORTANTE MARCADOR PLASTICO 3D N°5  x1 DESIGN (71)","categoria":"Hogar-Bazar","subcategoria":"Cortantes Plasticos 3D","precio":405.54,"destacado":false,"descripcion":"","imagen":"assets/products/CA-000000043064.webp","tags":["cortante","marcador","plastico","design"]},{"id":"CA-000000043065","nombre":"CORTANTE MARCADOR PLASTICO 3D N°6  x1 DESIGN (72)","categoria":"Hogar-Bazar","subcategoria":"Cortantes Plasticos 3D","precio":405.54,"destacado":false,"descripcion":"","imagen":"assets/products/CA-000000043065.webp","tags":["cortante","marcador","plastico","design"]},{"id":"CA-000000043066","nombre":"CORTANTE MARCADOR PLASTICO 3D N°7  x1 DESIGN (73)","categoria":"Hogar-Bazar","subcategoria":"Cortantes Plasticos 3D","precio":405.54,"destacado":false,"descripcion":"","imagen":"assets/products/CA-000000043066.webp","tags":["cortante","marcador","plastico","design"]},{"id":"CA-000000043067","nombre":"CORTANTE MARCADOR PLASTICO 3D N°8  x1 DESIGN (74)","categoria":"Hogar-Bazar","subcategoria":"Cortantes Plasticos 3D","precio":405.54,"destacado":false,"descripcion":"","imagen":"assets/products/CA-000000043067.webp","tags":["cortante","marcador","plastico","design"]},{"id":"CA-000000046156","nombre":"CORTANTE MARCADOR PLASTICO 3D OSO x1 DESIGN (75)","categoria":"Hogar-Bazar","subcategoria":"Cortantes Plasticos 3D","precio":768.48,"destacado":false,"descripcion":"","imagen":"assets/products/CA-000000046156.webp","tags":["cortante","marcador","plastico","oso","design"]},{"id":"CA-000000057648","nombre":"CORTANTE MARCADOR PLASTICO 3D PALABRA MAMA x1 DESIGN","categoria":"Hogar-Bazar","subcategoria":"Cortantes Plasticos 3D","precio":768.48,"destacado":false,"descripcion":"","imagen":"assets/products/CA-000000057648.webp","tags":["cortante","marcador","plastico","palabra","mama","design"]},{"id":"CA-000000050998","nombre":"CORTANTE MARCADOR PLASTICO 3D PASCUAS CONEJO FELICES PASCUAS x1 DESIGN (112)","categoria":"Hogar-Bazar","subcategoria":"Cortantes Plasticos 3D","precio":768.48,"destacado":false,"descripcion":"","imagen":"assets/products/CA-000000050998.webp","tags":["cortante","marcador","plastico","pascuas","conejo","felices","pascuas","design","112"]},{"id":"CA-000000050996","nombre":"CORTANTE MARCADOR PLASTICO 3D PASCUAS CONEJO PARADO CON HUEVO x1 DESIGN (113)","categoria":"Hogar-Bazar","subcategoria":"Cortantes Plasticos 3D","precio":768.48,"destacado":false,"descripcion":"","imagen":"assets/products/CA-000000050996.webp","tags":["cortante","marcador","plastico","pascuas","conejo","parado","con","huevo","design","113"]},{"id":"CA-000000046155","nombre":"CORTANTE MARCADOR PLASTICO 3D PELOTA x1 DESIGN (78)","categoria":"Hogar-Bazar","subcategoria":"Cortantes Plasticos 3D","precio":768.48,"destacado":false,"descripcion":"","imagen":"assets/products/CA-000000046155.webp","tags":["cortante","marcador","plastico","pelota","design"]},{"id":"CA-000000057643","nombre":"CORTANTE MARCADOR PLASTICO 3D REDONDO CON ONDAS FELIZ DIA MA x1 DESIGN","categoria":"Hogar-Bazar","subcategoria":"Cortantes Plasticos 3D","precio":768.48,"destacado":false,"descripcion":"","imagen":"assets/products/CA-000000057643.webp","tags":["cortante","marcador","plastico","redondo","con","ondas","feliz","dia","design"]},{"id":"CA-000000050016","nombre":"CORTANTE MARCADOR PLASTICO 3D REDONDO CON ONDAS x5 DESIGN (79)","categoria":"Hogar-Bazar","subcategoria":"Cortantes Plasticos 3D","precio":1990.67,"destacado":false,"descripcion":"","imagen":"assets/products/CA-000000050016.webp","tags":["cortante","marcador","plastico","redondo","con","ondas","design"]},{"id":"CA-000000057644","nombre":"CORTANTE MARCADOR PLASTICO 3D REDONDO MAMA x1 DESIGN","categoria":"Hogar-Bazar","subcategoria":"Cortantes Plasticos 3D","precio":768.48,"destacado":false,"descripcion":"","imagen":"assets/products/CA-000000057644.webp","tags":["cortante","marcador","plastico","redondo","mama","design"]},{"id":"CA-000000051860","nombre":"CORTANTE MARCADOR PLASTICO 3D SET ABECEDARIO x1DESIGN (114)","categoria":"Hogar-Bazar","subcategoria":"Cortantes Plasticos 3D","precio":1886.73,"destacado":false,"descripcion":"","imagen":"assets/products/CA-000000051860.webp","tags":["cortante","marcador","plastico","set","abecedario","x1design","114"]},{"id":"CA-000000052544","nombre":"CORTANTE MARCADOR PLASTICO 3D SET ARGENTINA x2 DESIGN(116)","categoria":"Hogar-Bazar","subcategoria":"Cortantes Plasticos 3D","precio":961.4,"destacado":false,"descripcion":"","imagen":"assets/products/CA-000000052544.webp","tags":["cortante","marcador","plastico","set","argentina","design","116"]},{"id":"CA-000000051874","nombre":"CORTANTE MARCADOR PLASTICO 3D SET CALIZ x3 DESIGN (117)","categoria":"Hogar-Bazar","subcategoria":"Cortantes Plasticos 3D","precio":968.52,"destacado":false,"descripcion":"","imagen":"assets/products/CA-000000051874.webp","tags":["cortante","marcador","plastico","set","caliz","design","117"]},{"id":"CA-000000047568","nombre":"CORTANTE MARCADOR PLASTICO 3D SET CAMISETA BOTIN x1 DESIGN (81)","categoria":"Hogar-Bazar","subcategoria":"Cortantes Plasticos 3D","precio":968.52,"destacado":false,"descripcion":"","imagen":"assets/products/CA-000000047568.webp","tags":["cortante","marcador","plastico","set","camiseta","botin","design"]},{"id":"CA-000000051666","nombre":"CORTANTE MARCADOR PLASTICO 3D SET CORAZON x4 DESIGN (119)","categoria":"Hogar-Bazar","subcategoria":"Cortantes Plasticos 3D","precio":830.14,"destacado":false,"descripcion":"","imagen":"assets/products/CA-000000051666.webp","tags":["cortante","marcador","plastico","set","corazon","design","119"]},{"id":"CA-000000047451","nombre":"CORTANTE MARCADOR PLASTICO 3D SET CORONA x2 DESING (82)","categoria":"Hogar-Bazar","subcategoria":"Cortantes Plasticos 3D","precio":768.48,"destacado":false,"descripcion":"","imagen":"assets/products/CA-000000047451.webp","tags":["cortante","marcador","plastico","set","corona","desing"]},{"id":"CA-000000051862","nombre":"CORTANTE MARCADOR PLASTICO 3D SET CRUZ x3 DESIGN (120)","categoria":"Hogar-Bazar","subcategoria":"Cortantes Plasticos 3D","precio":968.52,"destacado":false,"descripcion":"","imagen":"assets/products/CA-000000051862.webp","tags":["cortante","marcador","plastico","set","cruz","design","120"]},{"id":"CA-000000056387","nombre":"CORTANTE MARCADOR PLASTICO 3D SET DE FLORES x4 DESIGN (121)","categoria":"Hogar-Bazar","subcategoria":"Cortantes Plasticos 3D","precio":768.48,"destacado":false,"descripcion":"","imagen":"assets/products/CA-000000056387.webp","tags":["cortante","marcador","plastico","set","flores","design","121"]},{"id":"CA-000000052171","nombre":"CORTANTE MARCADOR PLASTICO 3D SET DE TAGS/VENTANA  x4 DESIGN (122)","categoria":"Hogar-Bazar","subcategoria":"Cortantes Plasticos 3D","precio":1405.13,"destacado":false,"descripcion":"","imagen":"assets/products/CA-000000052171.webp","tags":["cortante","marcador","plastico","set","tags","ventana","design","122"]},{"id":"CA-000000052543","nombre":"CORTANTE MARCADOR PLASTICO 3D SET EGRESADO GORRO/DIPLOMA x2 DESIGN(115)","categoria":"Hogar-Bazar","subcategoria":"Cortantes Plasticos 3D","precio":1013.25,"destacado":false,"descripcion":"","imagen":"assets/products/CA-000000052543.webp","tags":["cortante","marcador","plastico","set","egresado","gorro","diploma","design","115"]},{"id":"CA-000000051861","nombre":"CORTANTE MARCADOR PLASTICO 3D SET FONDO DEL MAR x4 DESIGN (124)","categoria":"Hogar-Bazar","subcategoria":"Cortantes Plasticos 3D","precio":768.48,"destacado":false,"descripcion":"","imagen":"assets/products/CA-000000051861.webp","tags":["cortante","marcador","plastico","set","fondo","del","mar","design","124"]},{"id":"CA-000000046292","nombre":"CORTANTE MARCADOR PLASTICO 3D SET FORMITAS VARIAS DESIGN x1 (84)","categoria":"Hogar-Bazar","subcategoria":"Cortantes Plasticos 3D","precio":830.14,"destacado":false,"descripcion":"","imagen":"assets/products/CA-000000046292.webp","tags":["cortante","marcador","plastico","set","formitas","varias","design"]},{"id":"CA-000000046291","nombre":"CORTANTE MARCADOR PLASTICO 3D SET FUTBOL DESIGN  x1 (85)","categoria":"Hogar-Bazar","subcategoria":"Cortantes Plasticos 3D","precio":830.14,"destacado":false,"descripcion":"","imagen":"assets/products/CA-000000046291.webp","tags":["cortante","marcador","plastico","set","futbol","design"]},{"id":"CA-000000045511","nombre":"CORTANTE MARCADOR PLASTICO 3D SET HUELLITA Y HUESITO  x1 DESIGN (86)","categoria":"Hogar-Bazar","subcategoria":"Cortantes Plasticos 3D","precio":968.52,"destacado":false,"descripcion":"","imagen":"assets/products/CA-000000045511.webp","tags":["cortante","marcador","plastico","set","huellita","huesito","design"]},{"id":"CA-000000056386","nombre":"CORTANTE MARCADOR PLASTICO 3D SET MARGARITA x3 DESIGN (125)","categoria":"Hogar-Bazar","subcategoria":"Cortantes Plasticos 3D","precio":768.48,"destacado":false,"descripcion":"","imagen":"assets/products/CA-000000056386.webp","tags":["cortante","marcador","plastico","set","margarita","design","125"]},{"id":"CA-000000051665","nombre":"CORTANTE MARCADOR PLASTICO 3D SET MARIPOSA x4 DESIGN (126)","categoria":"Hogar-Bazar","subcategoria":"Cortantes Plasticos 3D","precio":830.14,"destacado":false,"descripcion":"","imagen":"assets/products/CA-000000051665.webp","tags":["cortante","marcador","plastico","set","mariposa","design","126"]},{"id":"CA-000000051877","nombre":"CORTANTE MARCADOR PLASTICO 3D SET MARIPOSAS Y FLOR x4 DESIGN (127)","categoria":"Hogar-Bazar","subcategoria":"Cortantes Plasticos 3D","precio":768.48,"destacado":false,"descripcion":"","imagen":"assets/products/CA-000000051877.webp","tags":["cortante","marcador","plastico","set","mariposas","flor","design","127"]},{"id":"CA-000000051865","nombre":"CORTANTE MARCADOR PLASTICO 3D SET MINI COMUNION x4 DESIGN (128)","categoria":"Hogar-Bazar","subcategoria":"Cortantes Plasticos 3D","precio":768.48,"destacado":false,"descripcion":"","imagen":"assets/products/CA-000000051865.webp","tags":["cortante","marcador","plastico","set","mini","comunion","design","128"]},{"id":"CA-000000051864","nombre":"CORTANTE MARCADOR PLASTICO 3D SET MINI PRINCESA x4 DESIGN (129)","categoria":"Hogar-Bazar","subcategoria":"Cortantes Plasticos 3D","precio":762.83,"destacado":false,"descripcion":"","imagen":"assets/products/CA-000000051864.webp","tags":["cortante","marcador","plastico","set","mini","princesa","design","129"]},{"id":"CA-000000051863","nombre":"CORTANTE MARCADOR PLASTICO 3D SET PALOMA x3 DESIGN (130)","categoria":"Hogar-Bazar","subcategoria":"Cortantes Plasticos 3D","precio":968.52,"destacado":false,"descripcion":"","imagen":"assets/products/CA-000000051863.webp","tags":["cortante","marcador","plastico","set","paloma","design","130"]},{"id":"CA-000000045086","nombre":"CORTANTE MARCADOR PLASTICO 3D SET PASCUAS ( CONEJO-HUEVO)  x1 DESIGN (89)","categoria":"Hogar-Bazar","subcategoria":"Cortantes Plasticos 3D","precio":768.48,"destacado":false,"descripcion":"","imagen":"assets/products/CA-000000045086.webp","tags":["cortante","marcador","plastico","set","pascuas","conejo","huevo","design"]},{"id":"CA-000000050994","nombre":"CORTANTE MARCADOR PLASTICO 3D SET PASCUAS ( CONEJO-HUEVO-ZANAHORIA) x1 DESIGN (131)","categoria":"Hogar-Bazar","subcategoria":"Cortantes Plasticos 3D","precio":768.48,"destacado":false,"descripcion":"","imagen":"assets/products/CA-000000050994.webp","tags":["cortante","marcador","plastico","set","pascuas","conejo","huevo","zanahoria","design","131"]},{"id":"CA-000000045087","nombre":"CORTANTE MARCADOR PLASTICO 3D SET PASCUAS ( CONEJO-ZANAHORIA)  x1 DESIGN (90)","categoria":"Hogar-Bazar","subcategoria":"Cortantes Plasticos 3D","precio":768.48,"destacado":false,"descripcion":"","imagen":"assets/products/CA-000000045087.webp","tags":["cortante","marcador","plastico","set","pascuas","conejo","zanahoria","design"]},{"id":"CA-000000047569","nombre":"CORTANTE MARCADOR PLASTICO 3D SET PELOTA COPA x1 DESIGN (91)","categoria":"Hogar-Bazar","subcategoria":"Cortantes Plasticos 3D","precio":968.52,"destacado":false,"descripcion":"","imagen":"assets/products/CA-000000047569.webp","tags":["cortante","marcador","plastico","set","pelota","copa","design"]},{"id":"CA-000000057036","nombre":"CORTANTE MARCADOR PLASTICO 3D STITCH x1 (137)","categoria":"Hogar-Bazar","subcategoria":"Cortantes Plasticos 3D","precio":768.48,"destacado":false,"descripcion":"","imagen":"assets/products/CA-000000057036.webp","tags":["cortante","marcador","plastico","stitch","137"]},{"id":"CA-000000044276","nombre":"CORTANTE MARCADOR PLASTICO 3D VINTAGE FELIZ DIA x1 DESIGN (96)","categoria":"Hogar-Bazar","subcategoria":"Cortantes Plasticos 3D","precio":768.48,"destacado":false,"descripcion":"","imagen":"assets/products/CA-000000044276.webp","tags":["cortante","marcador","plastico","vintage","feliz","dia","design"]},{"id":"CA-000000046820","nombre":"CORTANTE MARCADOR PLASTICO CARA DE RENO x1 DESIGN (100)","categoria":"Hogar-Bazar","subcategoria":"Cortantes Plasticos 3D","precio":768.48,"destacado":false,"descripcion":"","imagen":"assets/products/CA-000000046820.webp","tags":["cortante","marcador","plastico","cara","reno","design","100"]},{"id":"CA-000000045085","nombre":"CORTANTE MARCADOR PLASTICO3D CONEJO FELICES PASCUAS x1 DESIGN (109)","categoria":"Hogar-Bazar","subcategoria":"Cortantes Plasticos 3D","precio":768.48,"destacado":false,"descripcion":"","imagen":"assets/products/CA-000000045085.webp","tags":["cortante","marcador","plastico3d","conejo","felices","pascuas","design","109"]}]}