{"category_slug":"hogar_bazar","subcategory_slug":"","page":23,"page_size":48,"total":1839,"items":[{"id":"CA-000009403134","nombre":"MOLDE SILICONA 6 FORMAS SURTIDAS TRICOLOR x1 9403134","categoria":"Hogar-Bazar","subcategoria":"Silicona","precio":3262.96,"destacado":false,"descripcion":"","imagen":"assets/products/CA-000009403134.webp","tags":["molde","silicona","formas","surtidas","tricolor","9403134"]},{"id":"CA-000009403125","nombre":"MOLDE SILICONA 6 MEDIA ESFERA CON ONDAS TRICOLOR x1 9403125","categoria":"Hogar-Bazar","subcategoria":"Silicona","precio":3262.96,"destacado":false,"descripcion":"","imagen":"assets/products/CA-000009403125.webp","tags":["molde","silicona","media","esfera","con","ondas","tricolor","9403125"]},{"id":"CA-202612000000","nombre":"MOLDE SILICONA 6 MODELOS SURTIDOS (28x18cm) x1 202612","categoria":"Hogar-Bazar","subcategoria":"Silicona","precio":2534.15,"destacado":false,"descripcion":"","imagen":"assets/products/CA-202612000000.webp","tags":["molde","silicona","modelos","surtidos","28x18cm","202612"]},{"id":"CA-000009403101","nombre":"MOLDE SILICONA 6 PIROTINES TRICOLOR x1 9403101","categoria":"Hogar-Bazar","subcategoria":"Silicona","precio":3262.96,"destacado":false,"descripcion":"","imagen":"assets/products/CA-000009403101.webp","tags":["molde","silicona","pirotines","tricolor","9403101"]},{"id":"CA-000009403141","nombre":"MOLDE SILICONA 6 RECTANGULOS DECORADOS TRICOLOR x1 9403141","categoria":"Hogar-Bazar","subcategoria":"Silicona","precio":3262.96,"destacado":false,"descripcion":"","imagen":"assets/products/CA-000009403141.webp","tags":["molde","silicona","rectangulos","decorados","tricolor","9403141"]},{"id":"CA-779000022127","nombre":"MOLDE SILICONA 6 SAVARIN LABRADO x1 CN16309","categoria":"Hogar-Bazar","subcategoria":"Silicona","precio":3135.77,"destacado":false,"descripcion":"","imagen":"assets/products/CA-779000022127.webp","tags":["molde","silicona","savarin","labrado","cn16309"]},{"id":"CA-489413097049","nombre":"MOLDE SILICONA 6 SAVARIN REMOLINO PREMIUM COLOR (28.5x17cm) x1 YH-084-P","categoria":"Hogar-Bazar","subcategoria":"Silicona","precio":5045.92,"destacado":false,"descripcion":"","imagen":"assets/products/CA-489413097049.webp","tags":["molde","silicona","savarin","remolino","premium","color","5x17cm","084"]},{"id":"CA-000000056027","nombre":"MOLDE SILICONA 8 DONAS x5 H1022","categoria":"Hogar-Bazar","subcategoria":"Silicona","precio":11594.88,"destacado":false,"descripcion":"","imagen":"assets/products/CA-000000056027.webp","tags":["molde","silicona","donas","h1022"]},{"id":"CA-000000054667","nombre":"MOLDE SILICONA 9 OSTRAS x5 BM1918","categoria":"Hogar-Bazar","subcategoria":"Silicona","precio":9431.44,"destacado":false,"descripcion":"","imagen":"assets/products/CA-000000054667.webp","tags":["molde","silicona","ostras","bm1918"]},{"id":"CA-000000054562","nombre":"MOLDE SILICONA ABECEDARIO MAYUSCULA x1 BM1803","categoria":"Hogar-Bazar","subcategoria":"Silicona","precio":3757.0,"destacado":false,"descripcion":"","imagen":"assets/products/CA-000000054562.webp","tags":["molde","silicona","abecedario","mayuscula","bm1803"]},{"id":"CA-000000057010","nombre":"MOLDE SILICONA ABECEDARIO RETRO MAYUSCULA x1 BM1833","categoria":"Hogar-Bazar","subcategoria":"Silicona","precio":3610.43,"destacado":false,"descripcion":"","imagen":"assets/products/CA-000000057010.webp","tags":["molde","silicona","abecedario","retro","mayuscula","bm1833"]},{"id":"CA-000000056858","nombre":"MOLDE SILICONA ABEJITAS x1 Nº276 MD","categoria":"Hogar-Bazar","subcategoria":"Silicona","precio":4454.0,"destacado":false,"descripcion":"","imagen":"assets/products/CA-000000056858.webp","tags":["molde","silicona","abejitas","nº276"]},{"id":"CA-691220410101","nombre":"MOLDE SILICONA ALFAJOR 6 UNIDADES x1 MM35-02","categoria":"Hogar-Bazar","subcategoria":"Silicona","precio":3671.66,"destacado":false,"descripcion":"","imagen":"assets/products/CA-691220410101.webp","tags":["molde","silicona","alfajor","unidades","mm35"]},{"id":"CA-000000058292","nombre":"MOLDE SILICONA ANIMALITOS SURTIDOS x1 BM3024","categoria":"Hogar-Bazar","subcategoria":"Silicona","precio":1300.0,"destacado":false,"descripcion":"","imagen":"assets/products/CA-000000058292.webp","tags":["molde","silicona","animalitos","surtidos","bm3024"]},{"id":"CA-000009403133","nombre":"MOLDE SILICONA BARRITAS DECORADAS TRICOLOR x1 9403133","categoria":"Hogar-Bazar","subcategoria":"Silicona","precio":3262.96,"destacado":false,"descripcion":"","imagen":"assets/products/CA-000009403133.webp","tags":["molde","silicona","barritas","decoradas","tricolor","9403133"]},{"id":"CA-000000056898","nombre":"MOLDE SILICONA BOMBONES 15 FORMAS INFANTILES x5","categoria":"Hogar-Bazar","subcategoria":"Silicona","precio":8432.63,"destacado":false,"descripcion":"","imagen":"assets/products/CA-000000056898.webp","tags":["molde","silicona","bombones","formas","infantiles"]},{"id":"CA-000000056899","nombre":"MOLDE SILICONA BOMBONES 15 FORMAS VARIAS x5","categoria":"Hogar-Bazar","subcategoria":"Silicona","precio":8432.63,"destacado":false,"descripcion":"","imagen":"assets/products/CA-000000056899.webp","tags":["molde","silicona","bombones","formas","varias"]},{"id":"CA-000000056900","nombre":"MOLDE SILICONA BOMBONES 15 PATITOS x5","categoria":"Hogar-Bazar","subcategoria":"Silicona","precio":8432.63,"destacado":false,"descripcion":"","imagen":"assets/products/CA-000000056900.webp","tags":["molde","silicona","bombones","patitos"]},{"id":"CA-779813202610","nombre":"MOLDE SILICONA BOMBONES CORAZON/ESTRELLA/OSTRA x1 202610","categoria":"Hogar-Bazar","subcategoria":"Silicona","precio":1351.16,"destacado":false,"descripcion":"","imagen":"assets/products/CA-779813202610.webp","tags":["molde","silicona","bombones","corazon","estrella","ostra","202610"]},{"id":"CA-379000103538","nombre":"MOLDE SILICONA BOMBONES CORAZONES x10 103538","categoria":"Hogar-Bazar","subcategoria":"Silicona","precio":15110.55,"destacado":false,"descripcion":"NUEVO 09/12/2025","imagen":"assets/products/CA-379000103538.webp","tags":["molde","silicona","bombones","corazones","x10","103538"]},{"id":"CA-779813202608","nombre":"MOLDE SILICONA BOMBONES FLORES VARIAS x1 202608","categoria":"Hogar-Bazar","subcategoria":"Silicona","precio":1351.16,"destacado":false,"descripcion":"","imagen":"assets/products/CA-779813202608.webp","tags":["molde","silicona","bombones","flores","varias","202608"]},{"id":"CA-779813202609","nombre":"MOLDE SILICONA BOMBONES PSICODELICO/CIRCULO x1 202609","categoria":"Hogar-Bazar","subcategoria":"Silicona","precio":1351.16,"destacado":false,"descripcion":"","imagen":"assets/products/CA-779813202609.webp","tags":["molde","silicona","bombones","psicodelico","circulo","202609"]},{"id":"CA-690966533047","nombre":"MOLDE SILICONA BUDIN 24cm x1 MM33-47","categoria":"Hogar-Bazar","subcategoria":"Silicona","precio":4340.72,"destacado":false,"descripcion":"","imagen":"assets/products/CA-690966533047.webp","tags":["molde","silicona","budin","24cm","mm33"]},{"id":"CA-779000022124","nombre":"MOLDE SILICONA BUDIN 30cm x1 CN16305","categoria":"Hogar-Bazar","subcategoria":"Silicona","precio":4271.97,"destacado":false,"descripcion":"","imagen":"assets/products/CA-779000022124.webp","tags":["molde","silicona","budin","30cm","cn16305"]},{"id":"CA-000009403120","nombre":"MOLDE SILICONA BUDIN TRICOLOR 20cm x1 9403120","categoria":"Hogar-Bazar","subcategoria":"Silicona","precio":3279.35,"destacado":false,"descripcion":"","imagen":"assets/products/CA-000009403120.webp","tags":["molde","silicona","budin","tricolor","20cm","9403120"]},{"id":"CA-000000056816","nombre":"MOLDE SILICONA BUDIN x5 25x8cm BM1481","categoria":"Hogar-Bazar","subcategoria":"Silicona","precio":16865.27,"destacado":false,"descripcion":"","imagen":"assets/products/CA-000000056816.webp","tags":["molde","silicona","budin","25x8cm","bm1481"]},{"id":"CA-000000058553","nombre":"MOLDE SILICONA CABALLO DE MAR x1 Nº286 MD","categoria":"Hogar-Bazar","subcategoria":"Silicona","precio":4454.0,"destacado":false,"descripcion":"","imagen":"assets/products/CA-000000058553.webp","tags":["molde","silicona","caballo","mar","nº286"]},{"id":"CA-000000056785","nombre":"MOLDE SILICONA CAPIBARA/CARPINCHO SILUETA 3D x1 N°270 MD","categoria":"Hogar-Bazar","subcategoria":"Silicona","precio":4454.0,"destacado":false,"descripcion":"","imagen":"assets/products/CA-000000056785.webp","tags":["molde","silicona","capibara","carpincho","silueta","270"]},{"id":"CA-000000056782","nombre":"MOLDE SILICONA CAPIBARA/CARPINCHO x1 N°265 MD","categoria":"Hogar-Bazar","subcategoria":"Silicona","precio":4454.0,"destacado":false,"descripcion":"","imagen":"assets/products/CA-000000056782.webp","tags":["molde","silicona","capibara","carpincho","265"]},{"id":"CA-000000058554","nombre":"MOLDE SILICONA CARACOL 3D x1 Nº287 MD","categoria":"Hogar-Bazar","subcategoria":"Silicona","precio":4978.0,"destacado":false,"descripcion":"","imagen":"assets/products/CA-000000058554.webp","tags":["molde","silicona","caracol","nº287"]},{"id":"CA-741234512343","nombre":"MOLDE SILICONA CARACOL DE MAR x1 G17-010D6","categoria":"Hogar-Bazar","subcategoria":"Silicona","precio":2537.61,"destacado":false,"descripcion":"","imagen":"assets/products/CA-741234512343.webp","tags":["molde","silicona","caracol","mar","g17","010d6"]},{"id":"CA-692924202420","nombre":"MOLDE SILICONA CHUPETIN PALETA ESPIRAL x10 YW20-242","categoria":"Hogar-Bazar","subcategoria":"Silicona","precio":13052.98,"destacado":false,"descripcion":"","imagen":"assets/products/CA-692924202420.webp","tags":["molde","silicona","chupetin","paleta","espiral","x10","yw20","242"]},{"id":"CA-489413097064","nombre":"MOLDE SILICONA COLA SIRENA PREMIUM COLOR (26x8cm)  x1 693-P","categoria":"Hogar-Bazar","subcategoria":"Silicona","precio":4376.57,"destacado":false,"descripcion":"","imagen":"assets/products/CA-489413097064.webp","tags":["molde","silicona","cola","sirena","premium","color","26x8cm","693"]},{"id":"CA-779000022119","nombre":"MOLDE SILICONA CORAZON 25cm x1 CN16300","categoria":"Hogar-Bazar","subcategoria":"Silicona","precio":5141.5,"destacado":false,"descripcion":"","imagen":"assets/products/CA-779000022119.webp","tags":["molde","silicona","corazon","25cm","cn16300"]},{"id":"CA-000000058298","nombre":"MOLDE SILICONA CORAZON x1 BM1624","categoria":"Hogar-Bazar","subcategoria":"Silicona","precio":533.0,"destacado":false,"descripcion":"","imagen":"assets/products/CA-000000058298.webp","tags":["molde","silicona","corazon","bm1624"]},{"id":"CA-000000057013","nombre":"MOLDE SILICONA CORONAS REINE/REY x1 BM0603","categoria":"Hogar-Bazar","subcategoria":"Silicona","precio":1036.88,"destacado":false,"descripcion":"","imagen":"assets/products/CA-000000057013.webp","tags":["molde","silicona","coronas","reine","rey","bm0603"]},{"id":"CA-379000103571","nombre":"MOLDE SILICONA CUPCAKES CUADRADOS x6u 103571","categoria":"Hogar-Bazar","subcategoria":"Silicona","precio":2825.55,"destacado":false,"descripcion":"NUEVO 09/12/2025","imagen":"assets/products/CA-379000103571.webp","tags":["molde","silicona","cupcakes","cuadrados","x6u","103571"]},{"id":"CA-379000103568","nombre":"MOLDE SILICONA CUPCAKES FLORES x6u 103568","categoria":"Hogar-Bazar","subcategoria":"Silicona","precio":2825.55,"destacado":false,"descripcion":"NUEVO 09/12/2025","imagen":"assets/products/CA-379000103568.webp","tags":["molde","silicona","cupcakes","flores","x6u","103568"]},{"id":"CA-379000103572","nombre":"MOLDE SILICONA CUPCAKES x6u 103572","categoria":"Hogar-Bazar","subcategoria":"Silicona","precio":2825.55,"destacado":false,"descripcion":"NUEVO 09/12/2025","imagen":"assets/products/CA-379000103572.webp","tags":["molde","silicona","cupcakes","x6u","103572"]},{"id":"CA-779000022122","nombre":"MOLDE SILICONA DONA DECORADA x1 CN16303","categoria":"Hogar-Bazar","subcategoria":"Silicona","precio":4271.97,"destacado":false,"descripcion":"","imagen":"assets/products/CA-779000022122.webp","tags":["molde","silicona","dona","decorada","cn16303"]},{"id":"CA-741234512347","nombre":"MOLDE SILICONA ERIZO DE MAR x1 G17-010H6","categoria":"Hogar-Bazar","subcategoria":"Silicona","precio":2009.77,"destacado":false,"descripcion":"","imagen":"assets/products/CA-741234512347.webp","tags":["molde","silicona","erizo","mar","g17","010h6"]},{"id":"CA-000000058555","nombre":"MOLDE SILICONA ESCUDO BOCA/RIVER x1 Nº288 MD","categoria":"Hogar-Bazar","subcategoria":"Silicona","precio":4454.0,"destacado":false,"descripcion":"","imagen":"assets/products/CA-000000058555.webp","tags":["molde","silicona","escudo","boca","river","nº288"]},{"id":"CA-779000011567","nombre":"MOLDE SILICONA FLANERA 24cm APROX x1 DL5382","categoria":"Hogar-Bazar","subcategoria":"Accesorios De Cocina","precio":4302.73,"destacado":false,"descripcion":"","imagen":"assets/products/CA-779000011567.webp","tags":["molde","silicona","flanera","24cm","aprox","dl5382"]},{"id":"CA-489413096926","nombre":"MOLDE SILICONA FLANERA PREMIUM COLOR (25x9.5 cm)  x1 F801BL","categoria":"Hogar-Bazar","subcategoria":"Silicona","precio":5838.86,"destacado":false,"descripcion":"","imagen":"assets/products/CA-489413096926.webp","tags":["molde","silicona","flanera","premium","color","25x9","f801bl"]},{"id":"CA-000009403115","nombre":"MOLDE SILICONA FLORES/CORZONES MINI TRICOLOR x1 9403115","categoria":"Hogar-Bazar","subcategoria":"Silicona","precio":3279.35,"destacado":false,"descripcion":"","imagen":"assets/products/CA-000009403115.webp","tags":["molde","silicona","flores","corzones","mini","tricolor","9403115"]},{"id":"CA-000000058022","nombre":"MOLDE SILICONA FORMAS CUPCAKES MINI x1 BM2024","categoria":"Hogar-Bazar","subcategoria":"Silicona","precio":2024.74,"destacado":false,"descripcion":"","imagen":"assets/products/CA-000000058022.webp","tags":["molde","silicona","formas","cupcakes","mini","bm2024"]},{"id":"CA-202507013803","nombre":"MOLDE SILICONA FREIDORA DE AIRE CUADRADO 16CM x1 RM38-3","categoria":"Hogar-Bazar","subcategoria":"Silicona","precio":4023.05,"destacado":false,"descripcion":"","imagen":"assets/products/CA-202507013803.webp","tags":["molde","silicona","freidora","aire","cuadrado","16cm","rm38"]},{"id":"CA-779813202618","nombre":"MOLDE SILICONA FREIDORA DE AIRE CUADRADO 21x21cm x1 202618","categoria":"Hogar-Bazar","subcategoria":"Silicona","precio":3007.35,"destacado":false,"descripcion":"","imagen":"assets/products/CA-779813202618.webp","tags":["molde","silicona","freidora","aire","cuadrado","21x21cm","202618"]}]}