{"category_slug":"hogar_bazar","subcategory_slug":"","page":7,"page_size":48,"total":1839,"items":[{"id":"CA-000000016160","nombre":"CORTANTE COOPER FLORES PLASTICAS MARGARITA/NO ME OLVIDESx6","categoria":"Hogar-Bazar","subcategoria":"Cooper","precio":2139.1,"destacado":false,"descripcion":"","imagen":"assets/products/CA-000000016160.webp","tags":["cortante","cooper","flores","plasticas","margarita","olvidesx6"]},{"id":"CA-000000014310","nombre":"CORTANTE COOPER HOJAS LISAS PLASTICAS x4","categoria":"Hogar-Bazar","subcategoria":"Cooper","precio":2139.1,"destacado":false,"descripcion":"","imagen":"assets/products/CA-000000014310.webp","tags":["cortante","cooper","hojas","lisas","plasticas"]},{"id":"CA-000000003666","nombre":"CORTANTE COOPER LETRAS x26","categoria":"Hogar-Bazar","subcategoria":"Cooper","precio":8796.11,"destacado":false,"descripcion":"","imagen":"assets/products/CA-000000003666.webp","tags":["cortante","cooper","letras","x26"]},{"id":"CA-000000003866","nombre":"CORTANTE COOPER NUMEROS x13","categoria":"Hogar-Bazar","subcategoria":"Cooper","precio":3481.82,"destacado":false,"descripcion":"","imagen":"assets/products/CA-000000003866.webp","tags":["cortante","cooper","numeros","x13"]},{"id":"CA-000000046639","nombre":"CORTANTE FLOGUS  COLORS ARCO IRIS x1 FC77 (1)","categoria":"Hogar-Bazar","subcategoria":"Cortantes Flogus","precio":2445.33,"destacado":false,"descripcion":"","imagen":"assets/products/CA-000000046639.webp","tags":["cortante","flogus","colors","arco","iris","fc77"]},{"id":"CA-000000046595","nombre":"CORTANTE FLOGUS  COLORS BRUJA CON ESCOBA x1 FCH12 (2)","categoria":"Hogar-Bazar","subcategoria":"Cortantes Flogus","precio":1346.4,"destacado":false,"descripcion":"","imagen":"assets/products/CA-000000046595.webp","tags":["cortante","flogus","colors","bruja","con","escoba","fch12"]},{"id":"CA-000000046662","nombre":"CORTANTE FLOGUS  COLORS CALABAZA  x1 FCH13 (3)","categoria":"Hogar-Bazar","subcategoria":"Cortantes Flogus","precio":1496.0,"destacado":false,"descripcion":"","imagen":"assets/products/CA-000000046662.webp","tags":["cortante","flogus","colors","calabaza","fch13"]},{"id":"CA-000000046591","nombre":"CORTANTE FLOGUS  COLORS CALAVERA x1 FCG58 (4)","categoria":"Hogar-Bazar","subcategoria":"Cortantes Flogus","precio":1645.6,"destacado":false,"descripcion":"","imagen":"assets/products/CA-000000046591.webp","tags":["cortante","flogus","colors","calavera","fcg58"]},{"id":"CA-000000046412","nombre":"CORTANTE FLOGUS  COLORS CAMISETA x1 FC41 (5)","categoria":"Hogar-Bazar","subcategoria":"Cortantes Flogus","precio":1652.7,"destacado":false,"descripcion":"","imagen":"assets/products/CA-000000046412.webp","tags":["cortante","flogus","colors","camiseta","fc41"]},{"id":"CA-000000046417","nombre":"CORTANTE FLOGUS  COLORS CARTEL GRANDE x1 FC382 (7)","categoria":"Hogar-Bazar","subcategoria":"Cortantes Flogus","precio":2318.84,"destacado":false,"descripcion":"","imagen":"assets/products/CA-000000046417.webp","tags":["cortante","flogus","colors","cartel","grande","fc382"]},{"id":"CA-000000046416","nombre":"CORTANTE FLOGUS  COLORS CIRCULOS x10 FC021 (8)","categoria":"Hogar-Bazar","subcategoria":"Cortantes Flogus","precio":3710.16,"destacado":false,"descripcion":"","imagen":"assets/products/CA-000000046416.webp","tags":["cortante","flogus","colors","circulos","x10","fc021"]},{"id":"CA-000000046640","nombre":"CORTANTE FLOGUS  COLORS CORAZON MINI x4 (9)","categoria":"Hogar-Bazar","subcategoria":"Cortantes Flogus","precio":1762.33,"destacado":false,"descripcion":"","imagen":"assets/products/CA-000000046640.webp","tags":["cortante","flogus","colors","corazon","mini"]},{"id":"CA-000000046427","nombre":"CORTANTE FLOGUS  COLORS CORAZON x5 FC013 (10)","categoria":"Hogar-Bazar","subcategoria":"Cortantes Flogus","precio":2597.11,"destacado":false,"descripcion":"","imagen":"assets/products/CA-000000046427.webp","tags":["cortante","flogus","colors","corazon","fc013"]},{"id":"CA-000000046481","nombre":"CORTANTE FLOGUS  COLORS CORONA BOLITAS x1 FC256/3 (12)","categoria":"Hogar-Bazar","subcategoria":"Cortantes Flogus","precio":1113.05,"destacado":false,"descripcion":"","imagen":"assets/products/CA-000000046481.webp","tags":["cortante","flogus","colors","corona","bolitas","fc256"]},{"id":"CA-000000047012","nombre":"CORTANTE FLOGUS  COLORS CRUZ GRANDE x1 FC018 (14)","categoria":"Hogar-Bazar","subcategoria":"Cortantes Flogus","precio":1669.58,"destacado":false,"descripcion":"","imagen":"assets/products/CA-000000047012.webp","tags":["cortante","flogus","colors","cruz","grande","fc018"]},{"id":"CA-000000046419","nombre":"CORTANTE FLOGUS  COLORS CUADRADO x5 FC200 (15)","categoria":"Hogar-Bazar","subcategoria":"Cortantes Flogus","precio":2188.99,"destacado":false,"descripcion":"","imagen":"assets/products/CA-000000046419.webp","tags":["cortante","flogus","colors","cuadrado","fc200"]},{"id":"CA-000000046423","nombre":"CORTANTE FLOGUS  COLORS DINOSAURIO x1 (3 MODELOS) FC298 (16)","categoria":"Hogar-Bazar","subcategoria":"Cortantes Flogus","precio":1298.56,"destacado":false,"descripcion":"","imagen":"assets/products/CA-000000046423.webp","tags":["cortante","flogus","colors","dinosaurio","modelos","fc298"]},{"id":"CA-000000046431","nombre":"CORTANTE FLOGUS  COLORS DONA x1 FC399 (18)","categoria":"Hogar-Bazar","subcategoria":"Cortantes Flogus","precio":2968.12,"destacado":false,"descripcion":"","imagen":"assets/products/CA-000000046431.webp","tags":["cortante","flogus","colors","dona","fc399"]},{"id":"CA-000000046430","nombre":"CORTANTE FLOGUS  COLORS ESCUDO x1 FC25 (19)","categoria":"Hogar-Bazar","subcategoria":"Cortantes Flogus","precio":1652.7,"destacado":false,"descripcion":"","imagen":"assets/products/CA-000000046430.webp","tags":["cortante","flogus","colors","escudo","fc25"]},{"id":"CA-000000046561","nombre":"CORTANTE FLOGUS  COLORS ESTRELLA CHICA x4 FC01 (20)","categoria":"Hogar-Bazar","subcategoria":"Cortantes Flogus","precio":1762.33,"destacado":false,"descripcion":"","imagen":"assets/products/CA-000000046561.webp","tags":["cortante","flogus","colors","estrella","chica","fc01"]},{"id":"CA-000000046421","nombre":"CORTANTE FLOGUS  COLORS ESTRELLAS x4 FC014 (21)","categoria":"Hogar-Bazar","subcategoria":"Cortantes Flogus","precio":2597.11,"destacado":false,"descripcion":"","imagen":"assets/products/CA-000000046421.webp","tags":["cortante","flogus","colors","estrellas","fc014"]},{"id":"CA-000000046593","nombre":"CORTANTE FLOGUS  COLORS FANTASMA CHICO x1 (22)","categoria":"Hogar-Bazar","subcategoria":"Cortantes Flogus","precio":1196.8,"destacado":false,"descripcion":"","imagen":"assets/products/CA-000000046593.webp","tags":["cortante","flogus","colors","fantasma","chico"]},{"id":"CA-000000046592","nombre":"CORTANTE FLOGUS  COLORS FANTASMA x1 FCG60 (23)","categoria":"Hogar-Bazar","subcategoria":"Cortantes Flogus","precio":1496.0,"destacado":false,"descripcion":"","imagen":"assets/products/CA-000000046592.webp","tags":["cortante","flogus","colors","fantasma","fcg60"]},{"id":"CA-000000046420","nombre":"CORTANTE FLOGUS  COLORS GAJOS DE PELOTA x4 FC405 (24)","categoria":"Hogar-Bazar","subcategoria":"Cortantes Flogus","precio":2374.51,"destacado":false,"descripcion":"","imagen":"assets/products/CA-000000046420.webp","tags":["cortante","flogus","colors","gajos","pelota","fc405"]},{"id":"CA-000000046594","nombre":"CORTANTE FLOGUS  COLORS GORRO DE BRUJA CHICO x1 (25)","categoria":"Hogar-Bazar","subcategoria":"Cortantes Flogus","precio":352.35,"destacado":false,"descripcion":"","imagen":"assets/products/CA-000000046594.webp","tags":["cortante","flogus","colors","gorro","bruja","chico"]},{"id":"CA-000000046686","nombre":"CORTANTE FLOGUS  COLORS HUELLITA DE PERRO CHICO x1 FC380 (27)","categoria":"Hogar-Bazar","subcategoria":"Cortantes Flogus","precio":2133.34,"destacado":false,"descripcion":"","imagen":"assets/products/CA-000000046686.webp","tags":["cortante","flogus","colors","huellita","perro","chico","fc380"]},{"id":"CA-000000046411","nombre":"CORTANTE FLOGUS  COLORS HUESITO DE PERRO x1 FC51 (28)","categoria":"Hogar-Bazar","subcategoria":"Cortantes Flogus","precio":1686.44,"destacado":false,"descripcion":"","imagen":"assets/products/CA-000000046411.webp","tags":["cortante","flogus","colors","huesito","perro","fc51"]},{"id":"CA-000000046424","nombre":"CORTANTE FLOGUS  COLORS LOGO BATMAN CHICO x1 FCH8 (29)","categoria":"Hogar-Bazar","subcategoria":"Cortantes Flogus","precio":1196.8,"destacado":false,"descripcion":"","imagen":"assets/products/CA-000000046424.webp","tags":["cortante","flogus","colors","logo","batman","chico","fch8"]},{"id":"CA-000000046422","nombre":"CORTANTE FLOGUS  COLORS MICKEY x3 FC370 (31)","categoria":"Hogar-Bazar","subcategoria":"Cortantes Flogus","precio":2448.71,"destacado":false,"descripcion":"","imagen":"assets/products/CA-000000046422.webp","tags":["cortante","flogus","colors","mickey","fc370"]},{"id":"CA-000000046815","nombre":"CORTANTE FLOGUS  COLORS PALOMA GRANDE x1 FC56 (32)","categoria":"Hogar-Bazar","subcategoria":"Cortantes Flogus","precio":1770.76,"destacado":false,"descripcion":"","imagen":"assets/products/CA-000000046815.webp","tags":["cortante","flogus","colors","paloma","grande","fc56"]},{"id":"CA-000000046656","nombre":"CORTANTE FLOGUS  COLORS PARA GALLETA DINOSAURIO x1 FC59 (34)","categoria":"Hogar-Bazar","subcategoria":"Cortantes Flogus","precio":1934.4,"destacado":false,"descripcion":"","imagen":"assets/products/CA-000000046656.webp","tags":["cortante","flogus","colors","para","galleta","dinosaurio","fc59"]},{"id":"CA-000000046429","nombre":"CORTANTE FLOGUS  COLORS PETALO ROSA CHICO x4 FC076 (35)","categoria":"Hogar-Bazar","subcategoria":"Cortantes Flogus","precio":2040.58,"destacado":false,"descripcion":"","imagen":"assets/products/CA-000000046429.webp","tags":["cortante","flogus","colors","petalo","rosa","chico","fc076"]},{"id":"CA-000000046641","nombre":"CORTANTE FLOGUS  COLORS PETALO ROSA GRANDE x4 FC075 (36)","categoria":"Hogar-Bazar","subcategoria":"Cortantes Flogus","precio":2374.51,"destacado":false,"descripcion":"","imagen":"assets/products/CA-000000046641.webp","tags":["cortante","flogus","colors","petalo","rosa","grande","fc075"]},{"id":"CA-000000046687","nombre":"CORTANTE FLOGUS  COLORS SET PELOTA FUTBOL x1 FC411 (37)","categoria":"Hogar-Bazar","subcategoria":"Cortantes Flogus","precio":3617.4,"destacado":false,"descripcion":"","imagen":"assets/products/CA-000000046687.webp","tags":["cortante","flogus","colors","set","pelota","futbol","fc411"]},{"id":"CA-000000057001","nombre":"CORTANTE FLOGUS  SET MICKEY x1 (105)","categoria":"Hogar-Bazar","subcategoria":"Cortantes Flogus","precio":2992.0,"destacado":false,"descripcion":"","imagen":"assets/products/CA-000000057001.webp","tags":["cortante","flogus","set","mickey","105"]},{"id":"CA-000000057002","nombre":"CORTANTE FLOGUS  SET SUPERHEROES x1 (106)","categoria":"Hogar-Bazar","subcategoria":"Cortantes Flogus","precio":3291.2,"destacado":false,"descripcion":"","imagen":"assets/products/CA-000000057002.webp","tags":["cortante","flogus","set","superheroes","106"]},{"id":"CA-000000019436","nombre":"CORTANTE FLOGUS ANGELITO x1 FA191 (40)","categoria":"Hogar-Bazar","subcategoria":"Cortantes Flogus","precio":1276.33,"destacado":false,"descripcion":"","imagen":"assets/products/CA-000000019436.webp","tags":["cortante","flogus","angelito","fa191"]},{"id":"CA-000000042842","nombre":"CORTANTE FLOGUS CALIZ MEDIANO PARA GALLETA x1 GA106 (44)","categoria":"Hogar-Bazar","subcategoria":"Cortantes Flogus","precio":2833.22,"destacado":false,"descripcion":"","imagen":"assets/products/CA-000000042842.webp","tags":["cortante","flogus","caliz","mediano","para","galleta","ga106"]},{"id":"CA-000000022291","nombre":"CORTANTE FLOGUS CARA DE MICKEY/MINIE x1 FA050 (46)","categoria":"Hogar-Bazar","subcategoria":"Cortantes Flogus","precio":1503.11,"destacado":false,"descripcion":"","imagen":"assets/products/CA-000000022291.webp","tags":["cortante","flogus","cara","mickey","minie","fa050"]},{"id":"CA-000000041672","nombre":"CORTANTE FLOGUS COLA DE SIRENA x1 GA101 (51)","categoria":"Hogar-Bazar","subcategoria":"Cortantes Flogus","precio":2088.2,"destacado":false,"descripcion":"","imagen":"assets/products/CA-000000041672.webp","tags":["cortante","flogus","cola","sirena","ga101"]},{"id":"CA-000000034301","nombre":"CORTANTE FLOGUS CONEJO DE PASCUAS GA45 x1 (52)","categoria":"Hogar-Bazar","subcategoria":"Cortantes Flogus","precio":1795.59,"destacado":false,"descripcion":"","imagen":"assets/products/CA-000000034301.webp","tags":["cortante","flogus","conejo","pascuas","ga45"]},{"id":"CA-000000032089","nombre":"CORTANTE FLOGUS COPO DE NIEVE FROZEN GRANDE x1 FA372 (53)","categoria":"Hogar-Bazar","subcategoria":"Cortantes Flogus","precio":3193.13,"destacado":false,"descripcion":"","imagen":"assets/products/CA-000000032089.webp","tags":["cortante","flogus","copo","nieve","frozen","grande","fa372"]},{"id":"CA-000000033377","nombre":"CORTANTE FLOGUS COPO DE NIEVE FROZEN MEDIANO x1 FA373 (54)","categoria":"Hogar-Bazar","subcategoria":"Cortantes Flogus","precio":3193.13,"destacado":false,"descripcion":"","imagen":"assets/products/CA-000000033377.webp","tags":["cortante","flogus","copo","nieve","frozen","mediano","fa373"]},{"id":"CA-000000031600","nombre":"CORTANTE FLOGUS COPO DE NIEVE FROZEN x1 FA366 (55)","categoria":"Hogar-Bazar","subcategoria":"Cortantes Flogus","precio":2431.88,"destacado":false,"descripcion":"","imagen":"assets/products/CA-000000031600.webp","tags":["cortante","flogus","copo","nieve","frozen","fa366"]},{"id":"CA-000000021939","nombre":"CORTANTE FLOGUS CRUZ x3 FA016 (56)","categoria":"Hogar-Bazar","subcategoria":"Cortantes Flogus","precio":1692.29,"destacado":false,"descripcion":"","imagen":"assets/products/CA-000000021939.webp","tags":["cortante","flogus","cruz","fa016"]},{"id":"CA-000000038974","nombre":"CORTANTE FLOGUS CRUZ x3 FA392 (57)","categoria":"Hogar-Bazar","subcategoria":"Cortantes Flogus","precio":2431.88,"destacado":false,"descripcion":"","imagen":"assets/products/CA-000000038974.webp","tags":["cortante","flogus","cruz","fa392"]},{"id":"CA-000000023488","nombre":"CORTANTE FLOGUS FLOR DE CAMPO x9 FA129 (59)","categoria":"Hogar-Bazar","subcategoria":"Cortantes Flogus","precio":2983.58,"destacado":false,"descripcion":"","imagen":"assets/products/CA-000000023488.webp","tags":["cortante","flogus","flor","campo","fa129"]},{"id":"CA-000000018395","nombre":"CORTANTE FLOGUS FLOR DEL CAMPO x3 FA005 (61)","categoria":"Hogar-Bazar","subcategoria":"Cortantes Flogus","precio":1684.31,"destacado":false,"descripcion":"","imagen":"assets/products/CA-000000018395.webp","tags":["cortante","flogus","flor","del","campo","fa005"]}]}