{"category_slug":"hogar_bazar","subcategory_slug":"","page":24,"page_size":48,"total":1839,"items":[{"id":"CA-202507013804","nombre":"MOLDE SILICONA FREIDORA DE AIRE REDONDO 16CM x1 RM38-4","categoria":"Hogar-Bazar","subcategoria":"Silicona","precio":4023.05,"destacado":false,"descripcion":"","imagen":"assets/products/CA-202507013804.webp","tags":["molde","silicona","freidora","aire","redondo","16cm","rm38"]},{"id":"CA-694455140996","nombre":"MOLDE SILICONA FREIDORA DE AIRE REDONDO 21cm x6 LK50-020B20","categoria":"Hogar-Bazar","subcategoria":"Silicona","precio":15717.0,"destacado":false,"descripcion":"","imagen":"assets/products/CA-694455140996.webp","tags":["molde","silicona","freidora","aire","redondo","21cm","lk50","020b20"]},{"id":"CA-779000025164","nombre":"MOLDE SILICONA FREIDORA DE AIRE REDONDO 22cm x1 CN17994","categoria":"Hogar-Bazar","subcategoria":"Silicona","precio":2242.5,"destacado":false,"descripcion":"","imagen":"assets/products/CA-779000025164.webp","tags":["molde","silicona","freidora","aire","redondo","22cm","cn17994"]},{"id":"CA-200020050705","nombre":"MOLDE SILICONA HELADO HUELLAS x1 50705","categoria":"Hogar-Bazar","subcategoria":"Silicona","precio":3756.48,"destacado":false,"descripcion":"","imagen":"assets/products/CA-200020050705.webp","tags":["molde","silicona","helado","huellas","50705"]},{"id":"CA-000000058294","nombre":"MOLDE SILICONA JARRON CON FLORES  x1 BM3010","categoria":"Hogar-Bazar","subcategoria":"Silicona","precio":1248.0,"destacado":false,"descripcion":"","imagen":"assets/products/CA-000000058294.webp","tags":["molde","silicona","jarron","con","flores","bm3010"]},{"id":"CA-000000057715","nombre":"MOLDE SILICONA LABUBU SILUETA 3D x1 N°280 MD","categoria":"Hogar-Bazar","subcategoria":"Silicona","precio":4454.0,"destacado":false,"descripcion":"","imagen":"assets/products/CA-000000057715.webp","tags":["molde","silicona","labubu","silueta","280"]},{"id":"CA-619081101348","nombre":"MOLDE SILICONA MARIPOSA x1 H25-002E15","categoria":"Hogar-Bazar","subcategoria":"Silicona","precio":1035.33,"destacado":false,"descripcion":"","imagen":"assets/products/CA-619081101348.webp","tags":["molde","silicona","mariposa","h25","002e15"]},{"id":"CA-000000057597","nombre":"MOLDE SILICONA MINI CORAZON SURTIDO x5 BM3294","categoria":"Hogar-Bazar","subcategoria":"Silicona","precio":10148.63,"destacado":false,"descripcion":"","imagen":"assets/products/CA-000000057597.webp","tags":["molde","silicona","mini","corazon","surtido","bm3294"]},{"id":"CA-000000057680","nombre":"MOLDE SILICONA MINI FORMITAS SURTIDAS x1 BM2022","categoria":"Hogar-Bazar","subcategoria":"Silicona","precio":2209.0,"destacado":false,"descripcion":"","imagen":"assets/products/CA-000000057680.webp","tags":["molde","silicona","mini","formitas","surtidas","bm2022"]},{"id":"CA-202617000000","nombre":"MOLDE SILICONA MINI SAVARIN (28x18cm) x1 202617","categoria":"Hogar-Bazar","subcategoria":"Silicona","precio":2534.15,"destacado":false,"descripcion":"","imagen":"assets/products/CA-202617000000.webp","tags":["molde","silicona","mini","savarin","28x18cm","202617"]},{"id":"CA-698529696513","nombre":"MOLDE SILICONA MINI TORTA OSITOS x5 MM35-40","categoria":"Hogar-Bazar","subcategoria":"Silicona","precio":9579.71,"destacado":false,"descripcion":"","imagen":"assets/products/CA-698529696513.webp","tags":["molde","silicona","mini","torta","ositos","mm35"]},{"id":"CA-000000058021","nombre":"MOLDE SILICONA MOLDURA ARABESCO (FLORAL/HOJAS) x1 BM0700","categoria":"Hogar-Bazar","subcategoria":"Silicona","precio":1388.48,"destacado":false,"descripcion":"","imagen":"assets/products/CA-000000058021.webp","tags":["molde","silicona","moldura","arabesco","floral","hojas","bm0700"]},{"id":"CA-000000058020","nombre":"MOLDE SILICONA MOLDURAS BARROCAS x1 BM663","categoria":"Hogar-Bazar","subcategoria":"Silicona","precio":1644.59,"destacado":false,"descripcion":"","imagen":"assets/products/CA-000000058020.webp","tags":["molde","silicona","molduras","barrocas","bm663"]},{"id":"CA-000000058293","nombre":"MOLDE SILICONA MOLDURAS SURTIDAS x1 BM2755","categoria":"Hogar-Bazar","subcategoria":"Silicona","precio":3900.0,"destacado":false,"descripcion":"","imagen":"assets/products/CA-000000058293.webp","tags":["molde","silicona","molduras","surtidas","bm2755"]},{"id":"CA-000000054822","nombre":"MOLDE SILICONA NAVIDEÑO ARBOL COLGANTE x5 Nª235 x1MD","categoria":"Hogar-Bazar","subcategoria":"Silicona","precio":4978.0,"destacado":false,"descripcion":"","imagen":"assets/products/CA-000000054822.webp","tags":["molde","silicona","navideño","arbol","colgante","nª235","x1md"]},{"id":"CA-000000054993","nombre":"MOLDE SILICONA NAVIDEÑO FIGURAS SURTIDAS CHICAS x1 H07-036I7","categoria":"Hogar-Bazar","subcategoria":"Silicona","precio":3420.63,"destacado":false,"descripcion":"","imagen":"assets/products/CA-000000054993.webp","tags":["molde","silicona","navideño","figuras","surtidas","chicas","h07","036i7"]},{"id":"CA-000000043088","nombre":"MOLDE SILICONA NAVIDEÑO N65 x1MD (ROSCA-MUERD-PIÑA-ROSCA)","categoria":"Hogar-Bazar","subcategoria":"Silicona","precio":4454.0,"destacado":false,"descripcion":"","imagen":"assets/products/CA-000000043088.webp","tags":["molde","silicona","navideño","n65","x1md","rosca","muerd","piña","rosca"]},{"id":"CA-000000043155","nombre":"MOLDE SILICONA NAVIDEÑO PINO C/PAJARITOS N68 x1MD","categoria":"Hogar-Bazar","subcategoria":"Silicona","precio":4454.0,"destacado":false,"descripcion":"","imagen":"assets/products/CA-000000043155.webp","tags":["molde","silicona","navideño","pino","pajaritos","n68","x1md"]},{"id":"CA-000000043154","nombre":"MOLDE SILICONA NAVIDEÑO PINOS x5 N67 x1MD","categoria":"Hogar-Bazar","subcategoria":"Silicona","precio":4454.0,"destacado":false,"descripcion":"","imagen":"assets/products/CA-000000043154.webp","tags":["molde","silicona","navideño","pinos","n67","x1md"]},{"id":"CA-000000043156","nombre":"MOLDE SILICONA NAVIDEÑO TRINEO N64 x1MD","categoria":"Hogar-Bazar","subcategoria":"Silicona","precio":4978.0,"destacado":false,"descripcion":"","imagen":"assets/products/CA-000000043156.webp","tags":["molde","silicona","navideño","trineo","n64","x1md"]},{"id":"CA-000000052180","nombre":"MOLDE SILICONA NUMEROS PARA BOMBON x1 1837","categoria":"Hogar-Bazar","subcategoria":"Silicona","precio":3374.1,"destacado":false,"descripcion":"","imagen":"assets/products/CA-000000052180.webp","tags":["molde","silicona","numeros","para","bombon","1837"]},{"id":"CA-000000056204","nombre":"MOLDE SILICONA NUMEROS x1 BM2540","categoria":"Hogar-Bazar","subcategoria":"Silicona","precio":1345.34,"destacado":false,"descripcion":"","imagen":"assets/products/CA-000000056204.webp","tags":["molde","silicona","numeros","bm2540"]},{"id":"CA-000000058295","nombre":"MOLDE SILICONA OSITO I LOVE YOU x1 BM3136","categoria":"Hogar-Bazar","subcategoria":"Silicona","precio":2080.0,"destacado":false,"descripcion":"","imagen":"assets/products/CA-000000058295.webp","tags":["molde","silicona","osito","love","you","bm3136"]},{"id":"CA-000000058019","nombre":"MOLDE SILICONA OSITOS DE PELUCHE CHICOS x1 BM2573","categoria":"Hogar-Bazar","subcategoria":"Silicona","precio":1528.66,"destacado":false,"descripcion":"","imagen":"assets/products/CA-000000058019.webp","tags":["molde","silicona","ositos","peluche","chicos","bm2573"]},{"id":"CA-000000058297","nombre":"MOLDE SILICONA OSITOS Y PARAGUAS x1 BM1794","categoria":"Hogar-Bazar","subcategoria":"Silicona","precio":2496.0,"destacado":false,"descripcion":"","imagen":"assets/products/CA-000000058297.webp","tags":["molde","silicona","ositos","paraguas","bm1794"]},{"id":"CA-692025052701","nombre":"MOLDE SILICONA PALETA HELADO x6 H46-001C50","categoria":"Hogar-Bazar","subcategoria":"Silicona","precio":16009.59,"destacado":false,"descripcion":"","imagen":"assets/products/CA-692025052701.webp","tags":["molde","silicona","paleta","helado","h46","001c50"]},{"id":"CA-200020050680","nombre":"MOLDE SILICONA PARA 12 CUPCAKE x1  50680","categoria":"Hogar-Bazar","subcategoria":"Silicona","precio":3889.27,"destacado":false,"descripcion":"","imagen":"assets/products/CA-200020050680.webp","tags":["molde","silicona","para","cupcake","50680"]},{"id":"CA-779228100426","nombre":"MOLDE SILICONA PARA 12 CUPCAKES x1 426GRI CAROL","categoria":"Hogar-Bazar","subcategoria":"Carol","precio":9058.5,"destacado":false,"descripcion":"","imagen":"assets/products/CA-779228100426.webp","tags":["molde","silicona","para","cupcakes","426gri","carol"]},{"id":"CA-779228100433","nombre":"MOLDE SILICONA PARA 12 CUPCAKES x1 433GRI CAROL","categoria":"Hogar-Bazar","subcategoria":"Carol","precio":8468.55,"destacado":false,"descripcion":"","imagen":"assets/products/CA-779228100433.webp","tags":["molde","silicona","para","cupcakes","433gri","carol"]},{"id":"CA-779000022131","nombre":"MOLDE SILICONA PARA BOMBON 15 CUADRADOS x1 CN16313","categoria":"Hogar-Bazar","subcategoria":"Silicona","precio":1423.99,"destacado":false,"descripcion":"","imagen":"assets/products/CA-779000022131.webp","tags":["molde","silicona","para","bombon","cuadrados","cn16313"]},{"id":"CA-692924202140","nombre":"MOLDE SILICONA PARA BOMBON ESTRELLA/CORAZON/OSTRA x10 YW20-214","categoria":"Hogar-Bazar","subcategoria":"Silicona","precio":11602.65,"destacado":false,"descripcion":"","imagen":"assets/products/CA-692924202140.webp","tags":["molde","silicona","para","bombon","estrella","corazon","ostra","x10","yw20","214"]},{"id":"CA-692924202230","nombre":"MOLDE SILICONA PARA BOMBON MUÑEQUITOS x10 YW20-223","categoria":"Hogar-Bazar","subcategoria":"Silicona","precio":11602.65,"destacado":false,"descripcion":"","imagen":"assets/products/CA-692924202230.webp","tags":["molde","silicona","para","bombon","muñequitos","x10","yw20","223"]},{"id":"CA-692924202060","nombre":"MOLDE SILICONA PARA BOMBON OSITOS x10 YW20-206","categoria":"Hogar-Bazar","subcategoria":"Silicona","precio":11602.65,"destacado":false,"descripcion":"","imagen":"assets/products/CA-692924202060.webp","tags":["molde","silicona","para","bombon","ositos","x10","yw20","206"]},{"id":"CA-692924202280","nombre":"MOLDE SILICONA PARA BOMBON PATITO HUEVO CONEJO x5 YW20-228","categoria":"Hogar-Bazar","subcategoria":"Silicona","precio":5832.05,"destacado":false,"descripcion":"","imagen":"assets/products/CA-692924202280.webp","tags":["molde","silicona","para","bombon","patito","huevo","conejo","yw20","228"]},{"id":"CA-692924202360","nombre":"MOLDE SILICONA PARA BOMBON TULIPAN/MARGARITA x10 YW20-236","categoria":"Hogar-Bazar","subcategoria":"Silicona","precio":11602.65,"destacado":false,"descripcion":"","imagen":"assets/products/CA-692924202360.webp","tags":["molde","silicona","para","bombon","tulipan","margarita","x10","yw20","236"]},{"id":"CA-200020050280","nombre":"MOLDE SILICONA PARA FREIDORA DE AIRE 16cm x1 50280","categoria":"Hogar-Bazar","subcategoria":"Silicona","precio":1931.84,"destacado":false,"descripcion":"","imagen":"assets/products/CA-200020050280.webp","tags":["molde","silicona","para","freidora","aire","16cm","50280"]},{"id":"CA-779813202603","nombre":"MOLDE SILICONA PARA FREIDORA DE AIRE 19.5x16.5cm x1 202603","categoria":"Hogar-Bazar","subcategoria":"Silicona","precio":2703.16,"destacado":false,"descripcion":"","imagen":"assets/products/CA-779813202603.webp","tags":["molde","silicona","para","freidora","aire","5x16","5cm","202603"]},{"id":"CA-779813202626","nombre":"MOLDE SILICONA PARA FREIDORA DE AIRE 20.5x17.5cm x1 202626","categoria":"Hogar-Bazar","subcategoria":"Silicona","precio":2914.41,"destacado":false,"descripcion":"","imagen":"assets/products/CA-779813202626.webp","tags":["molde","silicona","para","freidora","aire","5x17","5cm","202626"]},{"id":"CA-200020050281","nombre":"MOLDE SILICONA PARA FREIDORA DE AIRE 20cm x1 50281","categoria":"Hogar-Bazar","subcategoria":"Silicona","precio":2458.69,"destacado":false,"descripcion":"","imagen":"assets/products/CA-200020050281.webp","tags":["molde","silicona","para","freidora","aire","20cm","50281"]},{"id":"CA-200020050282","nombre":"MOLDE SILICONA PARA FREIDORA DE AIRE 20cm x1 50282","categoria":"Hogar-Bazar","subcategoria":"Silicona","precio":2199.11,"destacado":false,"descripcion":"","imagen":"assets/products/CA-200020050282.webp","tags":["molde","silicona","para","freidora","aire","20cm","50282"]},{"id":"CA-200020054670","nombre":"MOLDE SILICONA PARA FREIDORA DE AIRE 20cm x1 54670","categoria":"Hogar-Bazar","subcategoria":"Silicona","precio":2228.61,"destacado":false,"descripcion":"NUEVO 17/12/2025","imagen":"assets/products/CA-200020054670.webp","tags":["molde","silicona","para","freidora","aire","20cm","54670"]},{"id":"CA-200020050283","nombre":"MOLDE SILICONA PARA FREIDORA DE AIRE 22cm x1 50283","categoria":"Hogar-Bazar","subcategoria":"Silicona","precio":3161.19,"destacado":false,"descripcion":"","imagen":"assets/products/CA-200020050283.webp","tags":["molde","silicona","para","freidora","aire","22cm","50283"]},{"id":"CA-779813202615","nombre":"MOLDE SILICONA PARA FREIDORA DE AIRE CON SEPARACION x1 202615","categoria":"Hogar-Bazar","subcategoria":"Silicona","precio":2306.01,"destacado":false,"descripcion":"","imagen":"assets/products/CA-779813202615.webp","tags":["molde","silicona","para","freidora","aire","con","separacion","202615"]},{"id":"CA-200020054671","nombre":"MOLDE SILICONA PARA FREIDORA DE AIRE CUADRADO 20x20cm x1 54671","categoria":"Hogar-Bazar","subcategoria":"Silicona","precio":3434.38,"destacado":false,"descripcion":"","imagen":"assets/products/CA-200020054671.webp","tags":["molde","silicona","para","freidora","aire","cuadrado","20x20cm","54671"]},{"id":"CA-000000056022","nombre":"MOLDE SILICONA PARA FREIDORA DE AIRE REDONDO x6 20BM3558","categoria":"Hogar-Bazar","subcategoria":"Silicona","precio":12090.0,"destacado":false,"descripcion":"","imagen":"assets/products/CA-000000056022.webp","tags":["molde","silicona","para","freidora","aire","redondo","20bm3558"]},{"id":"CA-779000024494","nombre":"MOLDE SILICONA PARA HELADO 16,9 CM x1 CN19127","categoria":"Hogar-Bazar","subcategoria":"Silicona","precio":2505.75,"destacado":false,"descripcion":"","imagen":"assets/products/CA-779000024494.webp","tags":["molde","silicona","para","helado","cn19127"]},{"id":"CA-000000058300","nombre":"MOLDE SILICONA PELUQUERIA x1 BM1397","categoria":"Hogar-Bazar","subcategoria":"Silicona","precio":1742.0,"destacado":false,"descripcion":"","imagen":"assets/products/CA-000000058300.webp","tags":["molde","silicona","peluqueria","bm1397"]},{"id":"CA-779000022168","nombre":"MOLDE SILICONA PIROTIN GIGANTE 13x6.5cm x10 CN16480","categoria":"Hogar-Bazar","subcategoria":"Silicona","precio":16412.5,"destacado":false,"descripcion":"","imagen":"assets/products/CA-779000022168.webp","tags":["molde","silicona","pirotin","gigante","13x6","5cm","x10","cn16480"]}]}