{"category_slug":"hogar_bazar","subcategory_slug":"","page":8,"page_size":48,"total":1839,"items":[{"id":"CA-000000030306","nombre":"CORTANTE FLOGUS FLOR REDONDA x1 GA8 (62)","categoria":"Hogar-Bazar","subcategoria":"Cortantes Flogus","precio":1800.75,"destacado":false,"descripcion":"","imagen":"assets/products/CA-000000030306.webp","tags":["cortante","flogus","flor","redonda","ga8"]},{"id":"CA-000000018399","nombre":"CORTANTE FLOGUS FLOR x3 FA128 (63)","categoria":"Hogar-Bazar","subcategoria":"Cortantes Flogus","precio":2070.42,"destacado":false,"descripcion":"","imagen":"assets/products/CA-000000018399.webp","tags":["cortante","flogus","flor","fa128"]},{"id":"CA-000000018079","nombre":"CORTANTE FLOGUS GUITARRA CRIOLLA x1 FA194 (66)","categoria":"Hogar-Bazar","subcategoria":"Cortantes Flogus","precio":1098.57,"destacado":false,"descripcion":"","imagen":"assets/products/CA-000000018079.webp","tags":["cortante","flogus","guitarra","criolla","fa194"]},{"id":"CA-000000026383","nombre":"CORTANTE FLOGUS HOJA DE HIEDRA x3 FA080 (69)","categoria":"Hogar-Bazar","subcategoria":"Cortantes Flogus","precio":1759.53,"destacado":false,"descripcion":"","imagen":"assets/products/CA-000000026383.webp","tags":["cortante","flogus","hoja","hiedra","fa080"]},{"id":"CA-000000055532","nombre":"CORTANTE FLOGUS HUEVOS x4 FA350 (71)","categoria":"Hogar-Bazar","subcategoria":"Cortantes Flogus","precio":2841.9,"destacado":false,"descripcion":"","imagen":"assets/products/CA-000000055532.webp","tags":["cortante","flogus","huevos","fa350"]},{"id":"CA-000000018052","nombre":"CORTANTE FLOGUS JUEGO DE FLORES MINI x4 FA009 (72)","categoria":"Hogar-Bazar","subcategoria":"Cortantes Flogus","precio":1880.32,"destacado":false,"descripcion":"","imagen":"assets/products/CA-000000018052.webp","tags":["cortante","flogus","juego","flores","mini","fa009"]},{"id":"CA-000000026384","nombre":"CORTANTE FLOGUS JUEGO ESTRELLA/CORAZON/MEDIALUNA x3 FA003 (73)","categoria":"Hogar-Bazar","subcategoria":"Cortantes Flogus","precio":1727.95,"destacado":false,"descripcion":"","imagen":"assets/products/CA-000000026384.webp","tags":["cortante","flogus","juego","estrella","corazon","medialuna","fa003"]},{"id":"CA-000000024397","nombre":"CORTANTE FLOGUS LIBRO DE COMUNION x3 FA258 (74)","categoria":"Hogar-Bazar","subcategoria":"Cortantes Flogus","precio":1672.92,"destacado":false,"descripcion":"","imagen":"assets/products/CA-000000024397.webp","tags":["cortante","flogus","libro","comunion","fa258"]},{"id":"CA-000000017747","nombre":"CORTANTE FLOGUS MARIPOSA SURTIDAS x5 FA177 (79)","categoria":"Hogar-Bazar","subcategoria":"Cortantes Flogus","precio":2757.81,"destacado":false,"descripcion":"","imagen":"assets/products/CA-000000017747.webp","tags":["cortante","flogus","mariposa","surtidas","fa177"]},{"id":"CA-000000019434","nombre":"CORTANTE FLOGUS MARIPOSA x1 FA039 (80)","categoria":"Hogar-Bazar","subcategoria":"Cortantes Flogus","precio":1000.33,"destacado":false,"descripcion":"","imagen":"assets/products/CA-000000019434.webp","tags":["cortante","flogus","mariposa","fa039"]},{"id":"CA-000000053426","nombre":"CORTANTE FLOGUS MURCIELAGO x1 FH07 (81)","categoria":"Hogar-Bazar","subcategoria":"Cortantes Flogus","precio":1108.8,"destacado":false,"descripcion":"","imagen":"assets/products/CA-000000053426.webp","tags":["cortante","flogus","murcielago","fh07"]},{"id":"CA-000000023599","nombre":"CORTANTE FLOGUS NOTAS MUSICALES x4 FA224 (82)","categoria":"Hogar-Bazar","subcategoria":"Cortantes Flogus","precio":2133.31,"destacado":false,"descripcion":"","imagen":"assets/products/CA-000000023599.webp","tags":["cortante","flogus","notas","musicales","fa224"]},{"id":"CA-000000018054","nombre":"CORTANTE FLOGUS NUBES CHICAS x3 FA030 (83)","categoria":"Hogar-Bazar","subcategoria":"Cortantes Flogus","precio":1577.19,"destacado":false,"descripcion":"","imagen":"assets/products/CA-000000018054.webp","tags":["cortante","flogus","nubes","chicas","fa030"]},{"id":"CA-000000019561","nombre":"CORTANTE FLOGUS NUBES GRANDES LETRERO x3 FA025 (84)","categoria":"Hogar-Bazar","subcategoria":"Cortantes Flogus","precio":1850.69,"destacado":false,"descripcion":"","imagen":"assets/products/CA-000000019561.webp","tags":["cortante","flogus","nubes","grandes","letrero","fa025"]},{"id":"CA-000000019550","nombre":"CORTANTE FLOGUS NUBES MEDIANAS x3 FA029 (86)","categoria":"Hogar-Bazar","subcategoria":"Cortantes Flogus","precio":1663.8,"destacado":false,"descripcion":"","imagen":"assets/products/CA-000000019550.webp","tags":["cortante","flogus","nubes","medianas","fa029"]},{"id":"CA-000000039577","nombre":"CORTANTE FLOGUS NUMERO 0 GRANDE x1 GA84 (87)","categoria":"Hogar-Bazar","subcategoria":"Cortantes Flogus","precio":1672.72,"destacado":false,"descripcion":"","imagen":"assets/products/CA-000000039577.webp","tags":["cortante","flogus","numero","grande","ga84"]},{"id":"CA-000000039569","nombre":"CORTANTE FLOGUS NUMERO 1 GRANDE x1 GA85 (88)","categoria":"Hogar-Bazar","subcategoria":"Cortantes Flogus","precio":1672.72,"destacado":false,"descripcion":"","imagen":"assets/products/CA-000000039569.webp","tags":["cortante","flogus","numero","grande","ga85"]},{"id":"CA-000000039570","nombre":"CORTANTE FLOGUS NUMERO 2 GRANDE x1 GA86 (89)","categoria":"Hogar-Bazar","subcategoria":"Cortantes Flogus","precio":1672.72,"destacado":false,"descripcion":"","imagen":"assets/products/CA-000000039570.webp","tags":["cortante","flogus","numero","grande","ga86"]},{"id":"CA-000000039571","nombre":"CORTANTE FLOGUS NUMERO 3 GRANDE x1 GA87 (90)","categoria":"Hogar-Bazar","subcategoria":"Cortantes Flogus","precio":1672.72,"destacado":false,"descripcion":"","imagen":"assets/products/CA-000000039571.webp","tags":["cortante","flogus","numero","grande","ga87"]},{"id":"CA-000000039572","nombre":"CORTANTE FLOGUS NUMERO 4 GRANDE x1 GA88 (91)","categoria":"Hogar-Bazar","subcategoria":"Cortantes Flogus","precio":1672.72,"destacado":false,"descripcion":"","imagen":"assets/products/CA-000000039572.webp","tags":["cortante","flogus","numero","grande","ga88"]},{"id":"CA-000000039573","nombre":"CORTANTE FLOGUS NUMERO 5 GRANDE x1 GA89 (92)","categoria":"Hogar-Bazar","subcategoria":"Cortantes Flogus","precio":1672.72,"destacado":false,"descripcion":"","imagen":"assets/products/CA-000000039573.webp","tags":["cortante","flogus","numero","grande","ga89"]},{"id":"CA-000000039574","nombre":"CORTANTE FLOGUS NUMERO 6/9 GRANDE x1 GA90 (93)","categoria":"Hogar-Bazar","subcategoria":"Cortantes Flogus","precio":1672.72,"destacado":false,"descripcion":"","imagen":"assets/products/CA-000000039574.webp","tags":["cortante","flogus","numero","grande","ga90"]},{"id":"CA-000000039575","nombre":"CORTANTE FLOGUS NUMERO 7 GRANDE x1 GA91 (94)","categoria":"Hogar-Bazar","subcategoria":"Cortantes Flogus","precio":1672.72,"destacado":false,"descripcion":"","imagen":"assets/products/CA-000000039575.webp","tags":["cortante","flogus","numero","grande","ga91"]},{"id":"CA-000000039576","nombre":"CORTANTE FLOGUS NUMERO 8 GRANDE x1 GA92 (95)","categoria":"Hogar-Bazar","subcategoria":"Cortantes Flogus","precio":1672.72,"destacado":false,"descripcion":"","imagen":"assets/products/CA-000000039576.webp","tags":["cortante","flogus","numero","grande","ga92"]},{"id":"CA-000000038148","nombre":"CORTANTE FLOGUS PEONIA x4 FA398 (98)","categoria":"Hogar-Bazar","subcategoria":"Cortantes Flogus","precio":3341.28,"destacado":false,"descripcion":"","imagen":"assets/products/CA-000000038148.webp","tags":["cortante","flogus","peonia","fa398"]},{"id":"CA-000000029852","nombre":"CORTANTE FLOGUS PIECITO x3 FA357 (100)","categoria":"Hogar-Bazar","subcategoria":"Cortantes Flogus","precio":1943.0,"destacado":false,"descripcion":"","imagen":"assets/products/CA-000000029852.webp","tags":["cortante","flogus","piecito","fa357","100"]},{"id":"CA-000000025899","nombre":"CORTANTE FLOGUS SET DE BEBE x5 FA343 (103)","categoria":"Hogar-Bazar","subcategoria":"Cortantes Flogus","precio":2735.01,"destacado":false,"descripcion":"","imagen":"assets/products/CA-000000025899.webp","tags":["cortante","flogus","set","bebe","fa343","103"]},{"id":"CA-000000031700","nombre":"CORTANTE FLOGUS SET DE COMUNION x4 FA363 (104)","categoria":"Hogar-Bazar","subcategoria":"Cortantes Flogus","precio":3731.01,"destacado":false,"descripcion":"","imagen":"assets/products/CA-000000031700.webp","tags":["cortante","flogus","set","comunion","fa363","104"]},{"id":"CA-692924201116","nombre":"CORTANTE GALLETITAS CORONA GRANDE Y CHICA x1 YW20-111","categoria":"Hogar-Bazar","subcategoria":"Cortantes Varios/Sellos","precio":1503.13,"destacado":false,"descripcion":"","imagen":"assets/products/CA-692924201116.webp","tags":["cortante","galletitas","corona","grande","chica","yw20","111"]},{"id":"CA-692924201042","nombre":"CORTANTE GALLETITAS CUADRADOS 3 PIEZAS x1 YW20-104","categoria":"Hogar-Bazar","subcategoria":"Cortantes Varios/Sellos","precio":2505.21,"destacado":false,"descripcion":"","imagen":"assets/products/CA-692924201042.webp","tags":["cortante","galletitas","cuadrados","piezas","yw20","104"]},{"id":"CA-695481472912","nombre":"CORTANTE GALLETITAS SURTIDO CON EXPULSOR x4 MM29-12","categoria":"Hogar-Bazar","subcategoria":"Cortantes Varios/Sellos","precio":3078.18,"destacado":false,"descripcion":"","imagen":"assets/products/CA-695481472912.webp","tags":["cortante","galletitas","surtido","con","expulsor","mm29"]},{"id":"CA-779329102214","nombre":"CORTANTE HOMBRE DE JENGIBRE x1 2214 DOÑA CLARA","categoria":"Hogar-Bazar","subcategoria":"Doña Clara","precio":4464.42,"destacado":false,"descripcion":"","imagen":"assets/products/CA-779329102214.webp","tags":["cortante","hombre","jengibre","2214","doña","clara"]},{"id":"CA-000000055232","nombre":"CORTANTE MARCADOR PLASTICO 3D ABECEDARIO x1 DESIGN (1)","categoria":"Hogar-Bazar","subcategoria":"Cortantes Plasticos 3D","precio":4456.27,"destacado":false,"descripcion":"","imagen":"assets/products/CA-000000055232.webp","tags":["cortante","marcador","plastico","abecedario","design"]},{"id":"CA-000000057015","nombre":"CORTANTE MARCADOR PLASTICO 3D ABEJAS x1 (135)","categoria":"Hogar-Bazar","subcategoria":"Cortantes Plasticos 3D","precio":768.48,"destacado":false,"descripcion":"","imagen":"assets/products/CA-000000057015.webp","tags":["cortante","marcador","plastico","abejas","135"]},{"id":"CA-000000037974","nombre":"CORTANTE MARCADOR PLASTICO 3D ARCO IRIS x1 1212 DESIGN (2)","categoria":"Hogar-Bazar","subcategoria":"Cortantes Plasticos 3D","precio":768.48,"destacado":false,"descripcion":"","imagen":"assets/products/CA-000000037974.webp","tags":["cortante","marcador","plastico","arco","iris","1212","design"]},{"id":"CA-000000044472","nombre":"CORTANTE MARCADOR PLASTICO 3D BLONDA TE QUIERO MUCHO x1 DESIGN (3)","categoria":"Hogar-Bazar","subcategoria":"Cortantes Plasticos 3D","precio":768.48,"destacado":false,"descripcion":"","imagen":"assets/products/CA-000000044472.webp","tags":["cortante","marcador","plastico","blonda","quiero","mucho","design"]},{"id":"CA-000000045515","nombre":"CORTANTE MARCADOR PLASTICO 3D CALIZ x1 DESIGN (7)","categoria":"Hogar-Bazar","subcategoria":"Cortantes Plasticos 3D","precio":768.48,"destacado":false,"descripcion":"","imagen":"assets/products/CA-000000045515.webp","tags":["cortante","marcador","plastico","caliz","design"]},{"id":"CA-000000048064","nombre":"CORTANTE MARCADOR PLASTICO 3D CAMIONCITO x1 DESIGN (8)","categoria":"Hogar-Bazar","subcategoria":"Cortantes Plasticos 3D","precio":768.48,"destacado":false,"descripcion":"","imagen":"assets/products/CA-000000048064.webp","tags":["cortante","marcador","plastico","camioncito","design"]},{"id":"CA-000000047570","nombre":"CORTANTE MARCADOR PLASTICO 3D CAMISETA 10 x1 DESIGN (9)","categoria":"Hogar-Bazar","subcategoria":"Cortantes Plasticos 3D","precio":762.83,"destacado":false,"descripcion":"","imagen":"assets/products/CA-000000047570.webp","tags":["cortante","marcador","plastico","camiseta","design"]},{"id":"CA-000000051000","nombre":"CORTANTE MARCADOR PLASTICO 3D CANASTA DE HUEVOS x1 DESIGN (10)","categoria":"Hogar-Bazar","subcategoria":"Cortantes Plasticos 3D","precio":768.48,"destacado":false,"descripcion":"","imagen":"assets/products/CA-000000051000.webp","tags":["cortante","marcador","plastico","canasta","huevos","design"]},{"id":"CA-000000037980","nombre":"CORTANTE MARCADOR PLASTICO 3D CAPITONE DESIGN x1 (12)","categoria":"Hogar-Bazar","subcategoria":"Cortantes Plasticos 3D","precio":1220.03,"destacado":false,"descripcion":"","imagen":"assets/products/CA-000000037980.webp","tags":["cortante","marcador","plastico","capitone","design"]},{"id":"CA-000000049343","nombre":"CORTANTE MARCADOR PLASTICO 3D CARA DE MERLINA  x1 DESIGN (13)","categoria":"Hogar-Bazar","subcategoria":"Cortantes Plasticos 3D","precio":525.0,"destacado":false,"descripcion":"","imagen":"assets/products/CA-000000049343.webp","tags":["cortante","marcador","plastico","cara","merlina","design"]},{"id":"CA-000000049768","nombre":"CORTANTE MARCADOR PLASTICO 3D CARA GATITA KITTY x1 DESIGN (14)","categoria":"Hogar-Bazar","subcategoria":"Cortantes Plasticos 3D","precio":768.48,"destacado":false,"descripcion":"","imagen":"assets/products/CA-000000049768.webp","tags":["cortante","marcador","plastico","cara","gatita","kitty","design"]},{"id":"CA-000000055503","nombre":"CORTANTE MARCADOR PLASTICO 3D CARPINCHO/CAPIBARA x1 DESIGN (15)","categoria":"Hogar-Bazar","subcategoria":"Cortantes Plasticos 3D","precio":768.48,"destacado":false,"descripcion":"","imagen":"assets/products/CA-000000055503.webp","tags":["cortante","marcador","plastico","carpincho","capibara","design"]},{"id":"CA-000000048063","nombre":"CORTANTE MARCADOR PLASTICO 3D CARTEL CON FLORES MAMA DESIGN x1 (16)","categoria":"Hogar-Bazar","subcategoria":"Cortantes Plasticos 3D","precio":768.48,"destacado":false,"descripcion":"","imagen":"assets/products/CA-000000048063.webp","tags":["cortante","marcador","plastico","cartel","con","flores","mama","design"]},{"id":"CA-000000057647","nombre":"CORTANTE MARCADOR PLASTICO 3D CARTEL FELIZ DIA MAMA x1 DESIGN (149)","categoria":"Hogar-Bazar","subcategoria":"Cortantes Plasticos 3D","precio":768.48,"destacado":false,"descripcion":"","imagen":"assets/products/CA-000000057647.webp","tags":["cortante","marcador","plastico","cartel","feliz","dia","mama","design","149"]},{"id":"CA-000000049886","nombre":"CORTANTE MARCADOR PLASTICO 3D CIRCULOS x5 DESIGN (22)","categoria":"Hogar-Bazar","subcategoria":"Cortantes Plasticos 3D","precio":1990.67,"destacado":false,"descripcion":"","imagen":"assets/products/CA-000000049886.webp","tags":["cortante","marcador","plastico","circulos","design"]},{"id":"CA-000000045516","nombre":"CORTANTE MARCADOR PLASTICO 3D COCHECITO DE BEBE x1 DESIGN (23)","categoria":"Hogar-Bazar","subcategoria":"Cortantes Plasticos 3D","precio":762.83,"destacado":false,"descripcion":"","imagen":"assets/products/CA-000000045516.webp","tags":["cortante","marcador","plastico","cochecito","bebe","design"]}]}