{"category_slug":"hogar_bazar","subcategory_slug":"","page":35,"page_size":48,"total":1839,"items":[{"id":"CA-200020055058","nombre":"SET DE CUCHILLOS x4 55058","categoria":"Hogar-Bazar","subcategoria":"Utensillos Varios","precio":10589.02,"destacado":false,"descripcion":"","imagen":"assets/products/CA-200020055058.webp","tags":["set","cuchillos","55058"]},{"id":"CA-200020033745","nombre":"SET DE CUCHILLOS x6 33745","categoria":"Hogar-Bazar","subcategoria":"Utensillos Varios","precio":20196.43,"destacado":false,"descripcion":"","imagen":"assets/products/CA-200020033745.webp","tags":["set","cuchillos","33745"]},{"id":"CA-779836371054","nombre":"SET DE PLACA PARA HUEVITO ZORRITO Y CONEJITO X2 PARPEN SPZC","categoria":"Hogar-Bazar","subcategoria":"Parpen","precio":4362.56,"destacado":false,"descripcion":"* (05/12/2025)","imagen":"assets/products/CA-779836371054.webp","tags":["set","placa","para","huevito","zorrito","conejito","parpen","spzc"]},{"id":"CA-779836371052","nombre":"SET DE PLACA PARA HUEVO LUXURY ESCAMADO N°15 X2 PARPEN SPHLE","categoria":"Hogar-Bazar","subcategoria":"Parpen","precio":4362.56,"destacado":false,"descripcion":"* (05/12/2025)","imagen":"assets/products/CA-779836371052.webp","tags":["set","placa","para","huevo","luxury","escamado","parpen","sphle"]},{"id":"CA-779836371053","nombre":"SET DE PLACA PARA HUEVO LUXURY OSTRAS N°15 X2 PARPEN SPHLO","categoria":"Hogar-Bazar","subcategoria":"Parpen","precio":4362.56,"destacado":false,"descripcion":"* (05/12/2025)","imagen":"assets/products/CA-779836371053.webp","tags":["set","placa","para","huevo","luxury","ostras","parpen","sphlo"]},{"id":"CA-779836371100","nombre":"SET DE PLACA PARA HUEVO OREJAS DE CONEJITOS N°15 X2 PARPEN SPH01","categoria":"Hogar-Bazar","subcategoria":"Parpen","precio":4362.56,"destacado":false,"descripcion":"* (05/12/2025)","imagen":"assets/products/CA-779836371100.webp","tags":["set","placa","para","huevo","orejas","conejitos","parpen","sph01"]},{"id":"CA-779836371134","nombre":"SET DE PLACA PARA REALIZAR CONEJO FACETADO X2 PARPEN SPCF","categoria":"Hogar-Bazar","subcategoria":"Parpen","precio":4362.56,"destacado":false,"descripcion":"* (05/12/2025)","imagen":"assets/products/CA-779836371134.webp","tags":["set","placa","para","realizar","conejo","facetado","parpen","spcf"]},{"id":"CA-779836371132","nombre":"SET DE PLACA PARA REALIZAR PORTA HUEVO OREJAS X2 PARPEN SPPHO/SPOPH","categoria":"Hogar-Bazar","subcategoria":"Parpen","precio":4362.56,"destacado":false,"descripcion":"* (05/12/2025)","imagen":"assets/products/CA-779836371132.webp","tags":["set","placa","para","realizar","porta","huevo","orejas","parpen","sppho","spoph"]},{"id":"CA-779836371156","nombre":"SET DE PLACA RENO Y PINITO NAVIDEÑO x2 PARPEN SPRP","categoria":"Hogar-Bazar","subcategoria":"Parpen","precio":4362.56,"destacado":false,"descripcion":"* (05/12/2025)","imagen":"assets/products/CA-779836371156.webp","tags":["set","placa","reno","pinito","navideño","parpen","sprp"]},{"id":"CA-200020054575","nombre":"SET DE UTENSILLOS ( ESPATULA,PINCEL,ESPUMADERA) x3 54575","categoria":"Hogar-Bazar","subcategoria":"Espatula/Batidor/Cuchara/Alisador","precio":6307.12,"destacado":false,"descripcion":"","imagen":"assets/products/CA-200020054575.webp","tags":["set","utensillos","espatula","pincel","espumadera","54575"]},{"id":"CA-201819000000","nombre":"SET DE UTENSILLOS (PINZA-PINCEL-BATIDOR) x3 201819","categoria":"Hogar-Bazar","subcategoria":"Espatula/Batidor/Cuchara/Alisador","precio":7274.98,"destacado":false,"descripcion":"","imagen":"assets/products/CA-201819000000.webp","tags":["set","utensillos","pinza","pincel","batidor","201819"]},{"id":"CA-200020054577","nombre":"SET DE UTENSILLOS x3 54577","categoria":"Hogar-Bazar","subcategoria":"Espatula/Batidor/Cuchara/Alisador","precio":6307.12,"destacado":false,"descripcion":"","imagen":"assets/products/CA-200020054577.webp","tags":["set","utensillos","54577"]},{"id":"CA-200020055066","nombre":"SET DE UTENSILLOS x3 55066","categoria":"Hogar-Bazar","subcategoria":"Espatula/Batidor/Cuchara/Alisador","precio":7420.17,"destacado":false,"descripcion":"","imagen":"assets/products/CA-200020055066.webp","tags":["set","utensillos","55066"]},{"id":"CA-200020055067","nombre":"SET DE UTENSILLOS x3 55067","categoria":"Hogar-Bazar","subcategoria":"Espatula/Batidor/Cuchara/Alisador","precio":6956.4,"destacado":false,"descripcion":"","imagen":"assets/products/CA-200020055067.webp","tags":["set","utensillos","55067"]},{"id":"CA-200020042982","nombre":"SET DE VASOS PLASTICOS CON TAPA Y SORBETE x3 42982","categoria":"Hogar-Bazar","subcategoria":"Vasos/Botellas/Luncheras","precio":6072.29,"destacado":false,"descripcion":"","imagen":"assets/products/CA-200020042982.webp","tags":["set","vasos","plasticos","con","tapa","sorbete","42982"]},{"id":"CA-779000022380","nombre":"SET DE VASOS PLASTICOS CON TAPA Y SORBETE x3 CN16483","categoria":"Hogar-Bazar","subcategoria":"Vasos/Botellas/Luncheras","precio":6577.26,"destacado":false,"descripcion":"","imagen":"assets/products/CA-779000022380.webp","tags":["set","vasos","plasticos","con","tapa","sorbete","cn16483"]},{"id":"CA-779813200328","nombre":"SET DE VINO 5 PIEZAS EN BLISTER x1 200328","categoria":"Hogar-Bazar","subcategoria":"Accesorios De Cocina","precio":2787.65,"destacado":false,"descripcion":"","imagen":"assets/products/CA-779813200328.webp","tags":["set","vino","piezas","blister","200328"]},{"id":"CA-779813202627","nombre":"SET ESPATULA Y PINCEL SILICONA 16cm x1 202627","categoria":"Hogar-Bazar","subcategoria":"Silicona","precio":818.8,"destacado":false,"descripcion":"","imagen":"assets/products/CA-779813202627.webp","tags":["set","espatula","pincel","silicona","16cm","202627"]},{"id":"CA-779813202529","nombre":"SET ESPATULAS 23 cm x3 202529","categoria":"Hogar-Bazar","subcategoria":"Espatula/Batidor/Cuchara/Alisador","precio":1562.41,"destacado":false,"descripcion":"","imagen":"assets/products/CA-779813202529.webp","tags":["set","espatulas","202529"]},{"id":"CA-779000011579","nombre":"SET ESPATULAS REPOSTERIA X 2 PLASTICAS DL5882","categoria":"Hogar-Bazar","subcategoria":"Espatula/Batidor/Cuchara/Alisador","precio":2072.07,"destacado":false,"descripcion":"","imagen":"assets/products/CA-779000011579.webp","tags":["set","espatulas","reposteria","plasticas","dl5882"]},{"id":"CA-779813200239","nombre":"SET ESTUCHE BOTELLA DE VINO x1 (3 PIEZAS) 200239","categoria":"Hogar-Bazar","subcategoria":"Utensillos Varios","precio":7418.26,"destacado":false,"descripcion":"","imagen":"assets/products/CA-779813200239.webp","tags":["set","estuche","botella","vino","piezas","200239"]},{"id":"CA-200020051528","nombre":"SET FRASCOS DE VIDRIO CON TAPA DE MADERA x3 51528","categoria":"Hogar-Bazar","subcategoria":"Vidrio","precio":14049.69,"destacado":false,"descripcion":"","imagen":"assets/products/CA-200020051528.webp","tags":["set","frascos","vidrio","con","tapa","madera","51528"]},{"id":"CA-200020054468","nombre":"SET JARRA VIDRIO 1.500 LITROS Y VASOS 230 C.C 5 PIEZAS x1 54468","categoria":"Hogar-Bazar","subcategoria":"Accesorios De Cocina","precio":12293.37,"destacado":false,"descripcion":"","imagen":"assets/products/CA-200020054468.webp","tags":["set","jarra","vidrio","500","litros","vasos","230","piezas","54468"]},{"id":"CA-200020053493","nombre":"SET JARRA Y 6 VASOS DE VIDRIO x1 53493","categoria":"Hogar-Bazar","subcategoria":"Vidrio","precio":15985.66,"destacado":false,"descripcion":"","imagen":"assets/products/CA-200020053493.webp","tags":["set","jarra","vasos","vidrio","53493"]},{"id":"CA-200020047524","nombre":"SET LUNCHERA Y BOTELLA PLASTICA x1 47524","categoria":"Hogar-Bazar","subcategoria":"Vasos/Botellas/Luncheras","precio":10449.27,"destacado":false,"descripcion":"* (17/12/2025)","imagen":"assets/products/CA-200020047524.webp","tags":["set","lunchera","botella","plastica","47524"]},{"id":"CA-200020047525","nombre":"SET LUNCHERA Y BOTELLA PLASTICA x1 47525","categoria":"Hogar-Bazar","subcategoria":"Vasos/Botellas/Luncheras","precio":10098.05,"destacado":false,"descripcion":"* (17/12/2025)","imagen":"assets/products/CA-200020047525.webp","tags":["set","lunchera","botella","plastica","47525"]},{"id":"CA-779329100173","nombre":"SET MANGA CON 4 PICOS SURTIDOS DOÑA CLARA x1 1100/PIC004","categoria":"Hogar-Bazar","subcategoria":"Doña Clara","precio":14040.2,"destacado":false,"descripcion":"","imagen":"assets/products/CA-779329100173.webp","tags":["set","manga","con","picos","surtidos","doña","clara","1100","pic004"]},{"id":"CA-379004176157","nombre":"SET MANGA CON CUPLA Y 4 PICOS x1 4176157","categoria":"Hogar-Bazar","subcategoria":"Picos/Cuplas/Mangas Y Sets","precio":3770.55,"destacado":false,"descripcion":"","imagen":"assets/products/CA-379004176157.webp","tags":["set","manga","con","cupla","picos","4176157"]},{"id":"CA-379004176158","nombre":"SET MANGA CON CUPLA Y 6 PICOS x1 4176158","categoria":"Hogar-Bazar","subcategoria":"Picos/Cuplas/Mangas Y Sets","precio":3109.05,"destacado":false,"descripcion":"","imagen":"assets/products/CA-379004176158.webp","tags":["set","manga","con","cupla","picos","4176158"]},{"id":"CA-000000006514","nombre":"SET MANGA HEMY DECORADORA CON PICOS x1","categoria":"Hogar-Bazar","subcategoria":"Picos/Cuplas/Mangas Y Sets","precio":4149.15,"destacado":false,"descripcion":"","imagen":"assets/products/CA-000000006514.webp","tags":["set","manga","hemy","decoradora","con","picos"]},{"id":"CA-000000042789","nombre":"SET MINI TORTA CUADRADO 8cmx9 ART.1172 x1","categoria":"Hogar-Bazar","subcategoria":"Molde Cintura - Aros","precio":24232.41,"destacado":false,"descripcion":"* (11/12/2025)","imagen":"assets/products/CA-000000042789.webp","tags":["set","mini","torta","cuadrado","8cmx9","art","1172"]},{"id":"CA-000000042791","nombre":"SET MINI TORTA LINGOTE CHICO ART.1029 x1","categoria":"Hogar-Bazar","subcategoria":"Molde Cintura - Aros","precio":24232.41,"destacado":false,"descripcion":"* (11/12/2025)","imagen":"assets/products/CA-000000042791.webp","tags":["set","mini","torta","lingote","chico","art","1029"]},{"id":"CA-000000038321","nombre":"SET MINI TORTA REDONDO 6cm x16 ART.888 x1","categoria":"Hogar-Bazar","subcategoria":"Molde Cintura - Aros","precio":24232.41,"destacado":false,"descripcion":"* (11/12/2025)","imagen":"assets/products/CA-000000038321.webp","tags":["set","mini","torta","redondo","6cm","x16","art","888"]},{"id":"CA-000000042788","nombre":"SET MINI TORTA REDONDO 8cm x9 ART.1163 x1","categoria":"Hogar-Bazar","subcategoria":"Molde Cintura - Aros","precio":24232.41,"destacado":false,"descripcion":"* (11/12/2025)","imagen":"assets/products/CA-000000042788.webp","tags":["set","mini","torta","redondo","8cm","art","1163"]},{"id":"CA-779000025202","nombre":"SET MOLDE ACERO CUADRADO x3 18675","categoria":"Hogar-Bazar","subcategoria":"Molde Cintura - Aros","precio":4696.25,"destacado":false,"descripcion":"","imagen":"assets/products/CA-779000025202.webp","tags":["set","molde","acero","cuadrado","18675"]},{"id":"CA-000000058525","nombre":"SET MOLDE ACERO REDONDO x3 18675","categoria":"Hogar-Bazar","subcategoria":"Molde Cintura - Aros","precio":4696.25,"destacado":false,"descripcion":"","imagen":"assets/products/CA-000000058525.webp","tags":["set","molde","acero","redondo","18675"]},{"id":"CA-200020021864","nombre":"SET PARRILLERO (CUCHILLA Y TENEDOR) x1 21864","categoria":"Hogar-Bazar","subcategoria":"Utensillos Varios","precio":8497.8,"destacado":false,"descripcion":"","imagen":"assets/products/CA-200020021864.webp","tags":["set","parrillero","cuchilla","tenedor","21864"]},{"id":"CA-200020027066","nombre":"SET PARRILLERO (CUCHILLO Y TENEDOR) x1 27066","categoria":"Hogar-Bazar","subcategoria":"Utensillos Varios","precio":4928.69,"destacado":false,"descripcion":"","imagen":"assets/products/CA-200020027066.webp","tags":["set","parrillero","cuchillo","tenedor","27066"]},{"id":"CA-200020050719","nombre":"SET PINCEL Y ESPATULA DE SILICONA 27cm x1 50719","categoria":"Hogar-Bazar","subcategoria":"Silicona","precio":1545.47,"destacado":false,"descripcion":"","imagen":"assets/products/CA-200020050719.webp","tags":["set","pincel","espatula","silicona","27cm","50719"]},{"id":"CA-379000104337","nombre":"SET PINCHOS DE ACERO x6 104337","categoria":"Hogar-Bazar","subcategoria":"Utensillos Varios","precio":1237.01,"destacado":false,"descripcion":"","imagen":"assets/products/CA-379000104337.webp","tags":["set","pinchos","acero","104337"]},{"id":"CA-779836371095","nombre":"SET PLACA CONEJITOS PORTA HUEVOS CHICO Nº7 x2 PARPEN  SPCPHC","categoria":"Hogar-Bazar","subcategoria":"Parpen","precio":4362.56,"destacado":false,"descripcion":"* (05/12/2025)","imagen":"assets/products/CA-779836371095.webp","tags":["set","placa","conejitos","porta","huevos","chico","nº7","parpen","spcphc"]},{"id":"CA-779836371096","nombre":"SET PLACA CONEJITOS PORTA HUEVOS GRANDE Nº9 x2 PARPEN  SPCPHG","categoria":"Hogar-Bazar","subcategoria":"Parpen","precio":4362.56,"destacado":false,"descripcion":"* (05/12/2025)","imagen":"assets/products/CA-779836371096.webp","tags":["set","placa","conejitos","porta","huevos","grande","nº9","parpen","spcphg"]},{"id":"CA-779836371130","nombre":"SET PLACA CONEJO MODERNO x2 UNIDADES PARPEN  SPCMP","categoria":"Hogar-Bazar","subcategoria":"Parpen","precio":4362.56,"destacado":false,"descripcion":"* (05/12/2025)","imagen":"assets/products/CA-779836371130.webp","tags":["set","placa","conejo","moderno","unidades","parpen","spcmp"]},{"id":"CA-779836371024","nombre":"SET PLACA CONEJOS CHOCO GALLETAS OREO Nº10 x2 PARPEN  SPCC","categoria":"Hogar-Bazar","subcategoria":"Parpen","precio":4362.56,"destacado":false,"descripcion":"* (05/12/2025)","imagen":"assets/products/CA-779836371024.webp","tags":["set","placa","conejos","choco","galletas","oreo","nº10","parpen","spcc"]},{"id":"CA-779836371167","nombre":"SET PLACA GALLINA FLORAL x2 PARPEN  SPGF","categoria":"Hogar-Bazar","subcategoria":"Parpen","precio":4362.56,"destacado":false,"descripcion":"* (05/12/2025)","imagen":"assets/products/CA-779836371167.webp","tags":["set","placa","gallina","floral","parpen","spgf"]},{"id":"CA-779836371014","nombre":"SET PLACA MINI HUEVITOS x2 PARPEN  SPMH","categoria":"Hogar-Bazar","subcategoria":"Parpen","precio":4362.56,"destacado":false,"descripcion":"* (05/12/2025)","imagen":"assets/products/CA-779836371014.webp","tags":["set","placa","mini","huevitos","parpen","spmh"]},{"id":"CA-779836371021","nombre":"SET PLACA PARA HUEVO CANDY PLANO PARA RELLENAR  Nº15 x2 PARPEN SPH15P","categoria":"Hogar-Bazar","subcategoria":"Parpen","precio":4362.56,"destacado":false,"descripcion":"* (05/12/2025)","imagen":"assets/products/CA-779836371021.webp","tags":["set","placa","para","huevo","candy","plano","para","rellenar","nº15","parpen","sph15p"]},{"id":"CA-779836371172","nombre":"SET PLACA PARA PALETAS CAPIBARA/CARPINCHO x2 PARPEN SPPCA","categoria":"Hogar-Bazar","subcategoria":"Parpen","precio":3058.98,"destacado":false,"descripcion":"* (05/12/2025)","imagen":"assets/products/CA-779836371172.webp","tags":["set","placa","para","paletas","capibara","carpincho","parpen","sppca"]}]}