{"category_slug":"hogar_bazar","subcategory_slug":"","page":6,"page_size":48,"total":1839,"items":[{"id":"CA-779558700437","nombre":"COLADOR Nº16 LOEKEMEYER x1 437E","categoria":"Hogar-Bazar","subcategoria":"Lokemeyer","precio":5824.34,"destacado":false,"descripcion":"","imagen":"assets/products/CA-779558700437.webp","tags":["colador","nº16","loekemeyer","437e"]},{"id":"CA-779000025213","nombre":"COLADOR PLASTICO COLOR 11.5cm x1 CN18788","categoria":"Hogar-Bazar","subcategoria":"Utensillos Varios","precio":2041.0,"destacado":false,"descripcion":"","imagen":"assets/products/CA-779000025213.webp","tags":["colador","plastico","color","5cm","cn18788"]},{"id":"CA-779000025214","nombre":"COLADOR PLASTICO COLOR 13.5cm x1 CN18789","categoria":"Hogar-Bazar","subcategoria":"Utensillos Varios","precio":2554.5,"destacado":false,"descripcion":"","imagen":"assets/products/CA-779000025214.webp","tags":["colador","plastico","color","5cm","cn18789"]},{"id":"CA-779000025215","nombre":"COLADOR PLASTICO COLOR 15cm x1 CN18790","categoria":"Hogar-Bazar","subcategoria":"Utensillos Varios","precio":3266.25,"destacado":false,"descripcion":"","imagen":"assets/products/CA-779000025215.webp","tags":["colador","plastico","color","15cm","cn18790"]},{"id":"CA-779000025212","nombre":"COLADOR PLASTICO COLOR 9*.5cm x1 CN18787","categoria":"Hogar-Bazar","subcategoria":"Utensillos Varios","precio":1634.75,"destacado":false,"descripcion":"","imagen":"assets/products/CA-779000025212.webp","tags":["colador","plastico","color","5cm","cn18787"]},{"id":"CA-779228101409","nombre":"COLADOR PLASTICO COLORES PASTEL x1 1409 CAROL","categoria":"Hogar-Bazar","subcategoria":"Carol","precio":3144.15,"destacado":false,"descripcion":"","imagen":"assets/products/CA-779228101409.webp","tags":["colador","plastico","colores","pastel","1409","carol"]},{"id":"CA-779000024422","nombre":"COLADOR PLEGABLE DE SILICONA COLOR x1 CN18343","categoria":"Hogar-Bazar","subcategoria":"Accesorios De Cocina","precio":2896.57,"destacado":false,"descripcion":"","imagen":"assets/products/CA-779000024422.webp","tags":["colador","plegable","silicona","color","cn18343"]},{"id":"CA-779558700026","nombre":"COLADOR TIPO TE Nº8 LOEKEMEYER x1","categoria":"Hogar-Bazar","subcategoria":"Lokemeyer","precio":1432.62,"destacado":false,"descripcion":"","imagen":"assets/products/CA-779558700026.webp","tags":["colador","tipo","nº8","loekemeyer"]},{"id":"CA-489413091469","nombre":"COMPOTERA ACERO 14cm x1 S1314","categoria":"Hogar-Bazar","subcategoria":"Accesorios De Cocina","precio":446.24,"destacado":false,"descripcion":"","imagen":"assets/products/CA-489413091469.webp","tags":["compotera","acero","14cm","s1314"]},{"id":"CA-200020054304","nombre":"COMPOTERA DE VIDRIO COLOR SURTIDAS CAJA x4 54304","categoria":"Hogar-Bazar","subcategoria":"Vidrio","precio":7288.22,"destacado":false,"descripcion":"","imagen":"assets/products/CA-200020054304.webp","tags":["compotera","vidrio","color","surtidas","caja","54304"]},{"id":"CA-779228109080","nombre":"COMPOTERA PLASTICA BLANCA 12.5cm x1 9080 CAROL","categoria":"Hogar-Bazar","subcategoria":"Carol","precio":850.5,"destacado":false,"descripcion":"","imagen":"assets/products/CA-779228109080.webp","tags":["compotera","plastica","blanca","5cm","9080","carol"]},{"id":"CA-000000056775","nombre":"COMPOTERA PLASTICA LINEA AREIA ROSA 11cm x24 35011ARR CAROL","categoria":"Hogar-Bazar","subcategoria":"Carol","precio":11761.2,"destacado":false,"descripcion":"","imagen":"assets/products/CA-000000056775.webp","tags":["compotera","plastica","linea","areia","rosa","11cm","x24","35011arr","carol"]},{"id":"CA-000000056777","nombre":"COMPOTERA PLASTICA LINEA FUSION BORRAVINO 11cm x24 3411FBO CAROL","categoria":"Hogar-Bazar","subcategoria":"Carol","precio":8910.0,"destacado":false,"descripcion":"","imagen":"assets/products/CA-000000056777.webp","tags":["compotera","plastica","linea","fusion","borravino","11cm","x24","3411fbo","carol"]},{"id":"CA-779000024423","nombre":"CONTENEDOR ACRILICO RECTANGULAR x3 COLOR CN18681","categoria":"Hogar-Bazar","subcategoria":"Accesorios De Cocina","precio":15024.75,"destacado":false,"descripcion":"","imagen":"assets/products/CA-779000024423.webp","tags":["contenedor","acrilico","rectangular","color","cn18681"]},{"id":"CA-779000024424","nombre":"CONTENEDOR ACRILICO REDONDO x3 COLOR CN18682","categoria":"Hogar-Bazar","subcategoria":"Accesorios De Cocina","precio":15024.75,"destacado":false,"descripcion":"","imagen":"assets/products/CA-779000024424.webp","tags":["contenedor","acrilico","redondo","color","cn18682"]},{"id":"CA-779000025187","nombre":"CONTENEDOR ACRILICO TAPA HERMETICA 10.5x9.5CM x1 CN18278","categoria":"Hogar-Bazar","subcategoria":"Accesorios De Cocina","precio":3061.5,"destacado":false,"descripcion":"","imagen":"assets/products/CA-779000025187.webp","tags":["contenedor","acrilico","tapa","hermetica","5x9","5cm","cn18278"]},{"id":"CA-779000025186","nombre":"CONTENEDOR ACRILICO TAPA HERMETICA 12.5x10.5CM x1 CN18277","categoria":"Hogar-Bazar","subcategoria":"Accesorios De Cocina","precio":3727.75,"destacado":false,"descripcion":"","imagen":"assets/products/CA-779000025186.webp","tags":["contenedor","acrilico","tapa","hermetica","5x10","5cm","cn18277"]},{"id":"CA-779000025185","nombre":"CONTENEDOR ACRILICO TAPA HERMETICA 19x10.5CM x1 CN18276","categoria":"Hogar-Bazar","subcategoria":"Accesorios De Cocina","precio":4595.5,"destacado":false,"descripcion":"","imagen":"assets/products/CA-779000025185.webp","tags":["contenedor","acrilico","tapa","hermetica","19x10","5cm","cn18276"]},{"id":"CA-779000025184","nombre":"CONTENEDOR ACRILICO TAPA HERMETICA 25x10.5CM x1 CN18275","categoria":"Hogar-Bazar","subcategoria":"Accesorios De Cocina","precio":5515.25,"destacado":false,"descripcion":"","imagen":"assets/products/CA-779000025184.webp","tags":["contenedor","acrilico","tapa","hermetica","25x10","5cm","cn18275"]},{"id":"CA-779000024282","nombre":"CONTENEDOR VIDRIO RECTANGULAR CON TAPA CLIP 410ml x1 18077","categoria":"Hogar-Bazar","subcategoria":"Vidrio","precio":4368.0,"destacado":false,"descripcion":"","imagen":"assets/products/CA-779000024282.webp","tags":["contenedor","vidrio","rectangular","con","tapa","clip","410ml","18077"]},{"id":"CA-779000024283","nombre":"CONTENEDOR VIDRIO RECTANGULAR CON TAPA CLIP 700ml x1 18078","categoria":"Hogar-Bazar","subcategoria":"Vidrio","precio":6006.0,"destacado":false,"descripcion":"","imagen":"assets/products/CA-779000024283.webp","tags":["contenedor","vidrio","rectangular","con","tapa","clip","700ml","18078"]},{"id":"CA-779000024285","nombre":"CONTENEDOR VIDRIO REDONDO CON TAPA CLIP 400ml x1 18080","categoria":"Hogar-Bazar","subcategoria":"Vidrio","precio":4260.75,"destacado":false,"descripcion":"","imagen":"assets/products/CA-779000024285.webp","tags":["contenedor","vidrio","redondo","con","tapa","clip","400ml","18080"]},{"id":"CA-779000024286","nombre":"CONTENEDOR VIDRIO REDONDO CON TAPA CLIP 650ml x1 18081","categoria":"Hogar-Bazar","subcategoria":"Vidrio","precio":5681.0,"destacado":false,"descripcion":"","imagen":"assets/products/CA-779000024286.webp","tags":["contenedor","vidrio","redondo","con","tapa","clip","650ml","18081"]},{"id":"CA-779000024256","nombre":"COPA DE VIDRIO POSTRE  x6 19014","categoria":"Hogar-Bazar","subcategoria":"Vidrio","precio":13864.5,"destacado":false,"descripcion":"","imagen":"assets/products/CA-779000024256.webp","tags":["copa","vidrio","postre","19014"]},{"id":"CA-779000024248","nombre":"COPA DE VIDRIO POSTRE LABRADO x6 18016","categoria":"Hogar-Bazar","subcategoria":"Vidrio","precio":13377.0,"destacado":false,"descripcion":"","imagen":"assets/products/CA-779000024248.webp","tags":["copa","vidrio","postre","labrado","18016"]},{"id":"CA-200020054126","nombre":"COPAS DE VIDRIO 640ml x6 54126","categoria":"Hogar-Bazar","subcategoria":"Vidrio","precio":21871.71,"destacado":false,"descripcion":"","imagen":"assets/products/CA-200020054126.webp","tags":["copas","vidrio","640ml","54126"]},{"id":"CA-779000025139","nombre":"COPETINERO/SALSERO DOBLE DE ACERO 15x8.5 CM x1 CN17803","categoria":"Hogar-Bazar","subcategoria":"Accesorios De Cocina","precio":2554.5,"destacado":false,"descripcion":"","imagen":"assets/products/CA-779000025139.webp","tags":["copetinero","salsero","doble","acero","15x8","cn17803"]},{"id":"CA-779558700562","nombre":"CORTA PIZZA ACERO INOX. LOEKEMEYER x1 562","categoria":"Hogar-Bazar","subcategoria":"Lokemeyer","precio":3134.26,"destacado":false,"descripcion":"","imagen":"assets/products/CA-779558700562.webp","tags":["corta","pizza","acero","inox","loekemeyer","562"]},{"id":"CA-000000024684","nombre":"CORTA RAVIOLES (19,5cm aprox.) x1 (EURO)","categoria":"Hogar-Bazar","subcategoria":"Utensillos Varios","precio":2148.8,"destacado":false,"descripcion":"","imagen":"assets/products/CA-000000024684.webp","tags":["corta","ravioles","5cm","aprox","euro"]},{"id":"CA-779558700559","nombre":"CORTA RAVIOLES INOX.ECONOMICO LOEKEMEYER x1 559D","categoria":"Hogar-Bazar","subcategoria":"Lokemeyer","precio":2640.03,"destacado":false,"descripcion":"","imagen":"assets/products/CA-779558700559.webp","tags":["corta","ravioles","inox","economico","loekemeyer","559d"]},{"id":"CA-695206710003","nombre":"CORTA TORTA DE ACERO 31cm x1 HS001C5","categoria":"Hogar-Bazar","subcategoria":"Utensillos Varios","precio":2300.81,"destacado":false,"descripcion":"","imagen":"assets/products/CA-695206710003.webp","tags":["corta","torta","acero","31cm","hs001c5"]},{"id":"CA-379000104021","nombre":"CORTA TORTA DE ACERO CON NIVELADOR DE CORTE PREMIUM x1 104021","categoria":"Hogar-Bazar","subcategoria":"Utensillos Varios","precio":9136.45,"destacado":false,"descripcion":"","imagen":"assets/products/CA-379000104021.webp","tags":["corta","torta","acero","con","nivelador","corte","premium","104021"]},{"id":"CA-779558700546","nombre":"CORTADOR DE QUESO LOCKEMEYERx1 546D","categoria":"Hogar-Bazar","subcategoria":"Lokemeyer","precio":3622.22,"destacado":false,"descripcion":"","imagen":"assets/products/CA-779558700546.webp","tags":["cortador","queso","lockemeyerx1","546d"]},{"id":"CA-000000002445","nombre":"CORTANTE CAIRO CORAZON INTERMEDIO x3 (87)","categoria":"Hogar-Bazar","subcategoria":"Cortantes Cairo","precio":5723.93,"destacado":false,"descripcion":"* (11/12/2025)","imagen":"assets/products/CA-000000002445.webp","tags":["cortante","cairo","corazon","intermedio"]},{"id":"CA-000000006033","nombre":"CORTANTE CAIRO CORAZON x3 (89)","categoria":"Hogar-Bazar","subcategoria":"Cortantes Cairo","precio":5644.19,"destacado":false,"descripcion":"* (11/12/2025)","imagen":"assets/products/CA-000000006033.webp","tags":["cortante","cairo","corazon"]},{"id":"CA-000000001773","nombre":"CORTANTE CAIRO CUADRADO Nº4 4x4cm x1 (98)","categoria":"Hogar-Bazar","subcategoria":"Cortantes Cairo","precio":2872.88,"destacado":false,"descripcion":"* (11/12/2025)","imagen":"assets/products/CA-000000001773.webp","tags":["cortante","cairo","cuadrado","nº4","4x4cm"]},{"id":"CA-000000001415","nombre":"CORTANTE CAIRO CUADRADO Nº5 5x5cm x1 (366)","categoria":"Hogar-Bazar","subcategoria":"Cortantes Cairo","precio":2948.64,"destacado":false,"descripcion":"* (11/12/2025)","imagen":"assets/products/CA-000000001415.webp","tags":["cortante","cairo","cuadrado","nº5","5x5cm","366"]},{"id":"CA-000000002590","nombre":"CORTANTE CAIRO CUADRADO Nº6 6x6cm x1 (99)","categoria":"Hogar-Bazar","subcategoria":"Cortantes Cairo","precio":3191.17,"destacado":false,"descripcion":"* (11/12/2025)","imagen":"assets/products/CA-000000002590.webp","tags":["cortante","cairo","cuadrado","nº6","6x6cm"]},{"id":"CA-000000001467","nombre":"CORTANTE CAIRO CUADRADO Nº7 7x7cm x1 (367)","categoria":"Hogar-Bazar","subcategoria":"Cortantes Cairo","precio":3461.87,"destacado":false,"descripcion":"* (11/12/2025)","imagen":"assets/products/CA-000000001467.webp","tags":["cortante","cairo","cuadrado","nº7","7x7cm","367"]},{"id":"CA-000000005411","nombre":"CORTANTE CAIRO ESTRELLA x3 (109)","categoria":"Hogar-Bazar","subcategoria":"Cortantes Cairo","precio":6248.51,"destacado":false,"descripcion":"* (11/12/2025)","imagen":"assets/products/CA-000000005411.webp","tags":["cortante","cairo","estrella","109"]},{"id":"CA-000000005241","nombre":"CORTANTE CAIRO HOJAS LISAS x6 (29)","categoria":"Hogar-Bazar","subcategoria":"Cortantes Cairo","precio":6248.51,"destacado":false,"descripcion":"* (11/12/2025)","imagen":"assets/products/CA-000000005241.webp","tags":["cortante","cairo","hojas","lisas"]},{"id":"CA-000000005623","nombre":"CORTANTE CAIRO MARGARITA x3 (19)","categoria":"Hogar-Bazar","subcategoria":"Cortantes Cairo","precio":6873.43,"destacado":false,"descripcion":"* (11/12/2025)","imagen":"assets/products/CA-000000005623.webp","tags":["cortante","cairo","margarita"]},{"id":"CA-000000005037","nombre":"CORTANTE CAIRO NO ME OLVIDES ESPECIAL x4 (479)","categoria":"Hogar-Bazar","subcategoria":"Cortantes Cairo","precio":6881.59,"destacado":false,"descripcion":"* (11/12/2025)","imagen":"assets/products/CA-000000005037.webp","tags":["cortante","cairo","olvides","especial","479"]},{"id":"CA-000000004672","nombre":"CORTANTE CAIRO PARA HACER MEDIALUNAS x2 (170)","categoria":"Hogar-Bazar","subcategoria":"Cortantes Cairo","precio":5260.43,"destacado":false,"descripcion":"* (11/12/2025)","imagen":"assets/products/CA-000000004672.webp","tags":["cortante","cairo","para","hacer","medialunas","170"]},{"id":"CA-000000003811","nombre":"CORTANTE CAIRO TREBOL PETALOS x5 (236)","categoria":"Hogar-Bazar","subcategoria":"Cortantes Cairo","precio":6248.51,"destacado":false,"descripcion":"* (11/12/2025)","imagen":"assets/products/CA-000000003811.webp","tags":["cortante","cairo","trebol","petalos","236"]},{"id":"CA-692924200991","nombre":"CORTANTE CON EXPULSOR ROMBOS X4 YW20-099","categoria":"Hogar-Bazar","subcategoria":"Cortantes Varios/Sellos","precio":1323.21,"destacado":false,"descripcion":"","imagen":"assets/products/CA-692924200991.webp","tags":["cortante","con","expulsor","rombos","yw20","099"]},{"id":"CA-000000000204","nombre":"CORTANTE COOPER CORAZON x6","categoria":"Hogar-Bazar","subcategoria":"Cooper","precio":3597.83,"destacado":false,"descripcion":"","imagen":"assets/products/CA-000000000204.webp","tags":["cortante","cooper","corazon"]},{"id":"CA-000000007466","nombre":"CORTANTE COOPER ESTRELLA x6","categoria":"Hogar-Bazar","subcategoria":"Cooper","precio":3080.06,"destacado":false,"descripcion":"","imagen":"assets/products/CA-000000007466.webp","tags":["cortante","cooper","estrella"]}]}