{"category_slug":"hogar_bazar","subcategory_slug":"","page":17,"page_size":48,"total":1839,"items":[{"id":"CA-200020055116","nombre":"JARRO HERVIDOR GRIS 14cm x1 55116-G","categoria":"Hogar-Bazar","subcategoria":"Antiadherente","precio":13446.41,"destacado":false,"descripcion":"","imagen":"assets/products/CA-200020055116.webp","tags":["jarro","hervidor","gris","14cm","55116"]},{"id":"CA-200020155116","nombre":"JARRO HERVIDOR NEGRO 14cm x1 55116-N","categoria":"Hogar-Bazar","subcategoria":"Antiadherente","precio":13446.41,"destacado":false,"descripcion":"","imagen":"assets/products/CA-200020155116.webp","tags":["jarro","hervidor","negro","14cm","55116"]},{"id":"CA-779063200128","nombre":"JERINGA DECORADORA Nº1 19cm x1","categoria":"Hogar-Bazar","subcategoria":"Cooper","precio":4685.43,"destacado":false,"descripcion":"","imagen":"assets/products/CA-779063200128.webp","tags":["jeringa","decoradora","nº1","19cm"]},{"id":"CA-779000021265","nombre":"JERINGA INYECTORA 100% ACERO x1 DL15550","categoria":"Hogar-Bazar","subcategoria":"Utensillos Varios","precio":5318.47,"destacado":false,"descripcion":"","imagen":"assets/products/CA-779000021265.webp","tags":["jeringa","inyectora","100","acero","dl15550"]},{"id":"CA-691634605712","nombre":"JERINGA INYECTORA IMPORTADA x1 WB002/H39-016A20","categoria":"Hogar-Bazar","subcategoria":"Accesorios De Cocina","precio":3203.85,"destacado":false,"descripcion":"","imagen":"assets/products/CA-691634605712.webp","tags":["jeringa","inyectora","importada","wb002","h39","016a20"]},{"id":"CA-779803280003","nombre":"JUEGO DE CORTANTES PLASTICOS (PACK 6x6un)","categoria":"Hogar-Bazar","subcategoria":"Cortantes Varios/Sellos","precio":4080.0,"destacado":false,"descripcion":"","imagen":"assets/products/CA-779803280003.webp","tags":["juego","cortantes","plasticos","pack","6x6un"]},{"id":"CA-000000039123","nombre":"JUEGO DE MOLDES HOJALATA GRANEADO RECTANGULAR ALTURA 6cm (Nº30/32/34/36)x4 R.C.","categoria":"Hogar-Bazar","subcategoria":"Moldes De Hojalata","precio":50643.21,"destacado":false,"descripcion":"","imagen":"assets/products/CA-000000039123.webp","tags":["juego","moldes","hojalata","graneado","rectangular","altura","6cm","nº30"]},{"id":"CA-000000000595","nombre":"JUEGO DE RODILLOS COOPER N1 (9cm aprox.) x4","categoria":"Hogar-Bazar","subcategoria":"Cooper","precio":4374.37,"destacado":false,"descripcion":"","imagen":"assets/products/CA-000000000595.webp","tags":["juego","rodillos","cooper","9cm","aprox"]},{"id":"CA-000000050207","nombre":"JUEGO DE RODILLOS COOPER N3 (9cm aprox.) x4","categoria":"Hogar-Bazar","subcategoria":"Cooper","precio":4374.37,"destacado":false,"descripcion":"","imagen":"assets/products/CA-000000050207.webp","tags":["juego","rodillos","cooper","9cm","aprox"]},{"id":"CA-000000058576","nombre":"KIT PROMOCIONAL PLACAS SURTIDAS CAPIBARA x1","categoria":"Hogar-Bazar","subcategoria":"Parpen","precio":6000.0,"destacado":false,"descripcion":"","imagen":"assets/products/CA-000000058576.webp","tags":["kit","promocional","placas","surtidas","capibara"]},{"id":"CA-779842192013","nombre":"LLUVIA EN BOTELLA PARA ALMIBAR LA BOTICA x1  BOTI025B","categoria":"Hogar-Bazar","subcategoria":"La Botica","precio":3634.32,"destacado":false,"descripcion":"","imagen":"assets/products/CA-779842192013.webp","tags":["lluvia","botella","para","almibar","botica","boti025b"]},{"id":"CA-779000022195","nombre":"LUNCHERA CON CUBIERTOS Y BOTELLA x1 16687","categoria":"Hogar-Bazar","subcategoria":"Vasos/Botellas/Luncheras","precio":8962.53,"destacado":false,"descripcion":"","imagen":"assets/products/CA-779000022195.webp","tags":["lunchera","con","cubiertos","botella","16687"]},{"id":"CA-200020051031","nombre":"LUNCHERA DE PLASTICO CON CUBIERTOS x1 51031","categoria":"Hogar-Bazar","subcategoria":"Vasos/Botellas/Luncheras","precio":8347.68,"destacado":false,"descripcion":"","imagen":"assets/products/CA-200020051031.webp","tags":["lunchera","plastico","con","cubiertos","51031"]},{"id":"CA-200020041227","nombre":"LUNCHERA DE PLASTICO DOBLE CON CUBIERTOS x1 41227","categoria":"Hogar-Bazar","subcategoria":"Accesorios De Cocina","precio":5707.68,"destacado":false,"descripcion":"","imagen":"assets/products/CA-200020041227.webp","tags":["lunchera","plastico","doble","con","cubiertos","41227"]},{"id":"CA-200020041220","nombre":"LUNCHERA DE PLASTICO HERMETICA CON DIVISION x1 41220","categoria":"Hogar-Bazar","subcategoria":"Vasos/Botellas/Luncheras","precio":8069.42,"destacado":false,"descripcion":"","imagen":"assets/products/CA-200020041220.webp","tags":["lunchera","plastico","hermetica","con","division","41220"]},{"id":"CA-779813720000","nombre":"LUNCHERA INFANTIL CUADRADA DOBLE CON CUBIERTOS Y BOTELLA x1 HJ-72","categoria":"Hogar-Bazar","subcategoria":"Vasos/Botellas/Luncheras","precio":5550.81,"destacado":false,"descripcion":"","imagen":"assets/products/CA-779813720000.webp","tags":["lunchera","infantil","cuadrada","doble","con","cubiertos","botella"]},{"id":"CA-779813190000","nombre":"LUNCHERA INFANTIL REDONDA CON CUBIERTOS Y VASO CON SORBETE x1 HJ-19","categoria":"Hogar-Bazar","subcategoria":"Vasos/Botellas/Luncheras","precio":4900.16,"destacado":false,"descripcion":"","imagen":"assets/products/CA-779813190000.webp","tags":["lunchera","infantil","redonda","con","cubiertos","vaso","con","sorbete"]},{"id":"CA-779813710000","nombre":"LUNCHERA INFANTIL REDONDA DOBLE CON CUBIERTOS Y BOTELLA x1 HJ-71","categoria":"Hogar-Bazar","subcategoria":"Vasos/Botellas/Luncheras","precio":5550.81,"destacado":false,"descripcion":"","imagen":"assets/products/CA-779813710000.webp","tags":["lunchera","infantil","redonda","doble","con","cubiertos","botella"]},{"id":"CA-200020041221","nombre":"LUNCHERA PLASTICA MAS CUBIERTOS x1 41221","categoria":"Hogar-Bazar","subcategoria":"Vasos/Botellas/Luncheras","precio":3059.92,"destacado":false,"descripcion":"","imagen":"assets/products/CA-200020041221.webp","tags":["lunchera","plastica","mas","cubiertos","41221"]},{"id":"CA-200020042125","nombre":"LUNCHERA PLASTICA MAS CUBIERTOS x1 42125","categoria":"Hogar-Bazar","subcategoria":"Vasos/Botellas/Luncheras","precio":7888.37,"destacado":false,"descripcion":"","imagen":"assets/products/CA-200020042125.webp","tags":["lunchera","plastica","mas","cubiertos","42125"]},{"id":"CA-200020051035","nombre":"LUNCHERA PLASTICA MAS CUBIERTOS x1 51035","categoria":"Hogar-Bazar","subcategoria":"Vasos/Botellas/Luncheras","precio":4829.58,"destacado":false,"descripcion":"","imagen":"assets/products/CA-200020051035.webp","tags":["lunchera","plastica","mas","cubiertos","51035"]},{"id":"CA-779813202674","nombre":"LUNCHERA SILICONA REDONDA COLOR PLEGABLE  CON CUBIERTO 20x7 cm x1 202674","categoria":"Hogar-Bazar","subcategoria":"Vasos/Botellas/Luncheras","precio":7967.51,"destacado":false,"descripcion":"","imagen":"assets/products/CA-779813202674.webp","tags":["lunchera","silicona","redonda","color","plegable","con","cubierto","20x7","202674"]},{"id":"CA-779813201050","nombre":"MACETA CON PLANTA ARTIFICIAL BORDE DORADO 7.5x7.5cm x1 201050","categoria":"Hogar-Bazar","subcategoria":"Accesorios De Cocina","precio":3750.96,"destacado":false,"descripcion":"","imagen":"assets/products/CA-779813201050.webp","tags":["maceta","con","planta","artificial","borde","dorado","5x7","5cm","201050"]},{"id":"CA-779813201051","nombre":"MACETA CON PLANTA ARTIFICIAL CON PIE COLOR 8x8.5cm x1 201051","categoria":"Hogar-Bazar","subcategoria":"Accesorios De Cocina","precio":3750.96,"destacado":false,"descripcion":"","imagen":"assets/products/CA-779813201051.webp","tags":["maceta","con","planta","artificial","con","pie","color","8x8","5cm","201051"]},{"id":"CA-000000058102","nombre":"MACETA CON PLANTA ARTIFICIAL DECO x1 54775","categoria":"Hogar-Bazar","subcategoria":"Accesorios De Cocina","precio":18879.13,"destacado":false,"descripcion":"","imagen":"assets/products/CA-000000058102.webp","tags":["maceta","con","planta","artificial","deco","54775"]},{"id":"CA-200020054804","nombre":"MACETA CON PLANTA ARTIFICIAL DECO x1 54804","categoria":"Hogar-Bazar","subcategoria":"Accesorios De Cocina","precio":7024.78,"destacado":false,"descripcion":"","imagen":"assets/products/CA-200020054804.webp","tags":["maceta","con","planta","artificial","deco","54804"]},{"id":"CA-779813201049","nombre":"MACETA CON PLANTA ARTIFICIAL DISEÑO DORADO 8x7.5cm x1 201049","categoria":"Hogar-Bazar","subcategoria":"Accesorios De Cocina","precio":3750.96,"destacado":false,"descripcion":"","imagen":"assets/products/CA-779813201049.webp","tags":["maceta","con","planta","artificial","diseño","dorado","8x7","5cm","201049"]},{"id":"CA-200020054862","nombre":"MACETA CON PLANTA ARTIFICIAL HOJAS DECO x1 54862","categoria":"Hogar-Bazar","subcategoria":"Accesorios De Cocina","precio":5444.23,"destacado":false,"descripcion":"","imagen":"assets/products/CA-200020054862.webp","tags":["maceta","con","planta","artificial","hojas","deco","54862"]},{"id":"CA-779813200816","nombre":"MACETA CON PLANTA ARTIFICIAL LAVANDA COLOR 8x21cm  x1 200816","categoria":"Hogar-Bazar","subcategoria":"Accesorios De Cocina","precio":3632.65,"destacado":false,"descripcion":"","imagen":"assets/products/CA-779813200816.webp","tags":["maceta","con","planta","artificial","lavanda","color","8x21cm","200816"]},{"id":"CA-779813201048","nombre":"MACETA VERDE CON PLANTA ARTIFICIAL DECO DORADA 8x7.5cm x1 201048","categoria":"Hogar-Bazar","subcategoria":"Accesorios De Cocina","precio":3548.16,"destacado":false,"descripcion":"","imagen":"assets/products/CA-779813201048.webp","tags":["maceta","verde","con","planta","artificial","deco","dorada","8x7","5cm","201048"]},{"id":"CA-779813202873","nombre":"MANDOLINA 25x5x10x8 cm x1 202873","categoria":"Hogar-Bazar","subcategoria":"Accesorios De Cocina","precio":4477.65,"destacado":false,"descripcion":"","imagen":"assets/products/CA-779813202873.webp","tags":["mandolina","25x5x10x8","202873"]},{"id":"CA-200020052378","nombre":"MANDOLINA CON 5 CUCHILLAS INTERCAMBIABLES x1 52378","categoria":"Hogar-Bazar","subcategoria":"Accesorios De Cocina","precio":4637.61,"destacado":false,"descripcion":"","imagen":"assets/products/CA-200020052378.webp","tags":["mandolina","con","cuchillas","intercambiables","52378"]},{"id":"CA-200020008902","nombre":"MANDOLINA ECONOMICA x1 8902","categoria":"Hogar-Bazar","subcategoria":"Utensillos Varios","precio":1338.73,"destacado":false,"descripcion":"","imagen":"assets/products/CA-200020008902.webp","tags":["mandolina","economica","8902"]},{"id":"CA-200020053349","nombre":"MANDOLINA MULTIPLE CON ESCURRIDOR x1 53349","categoria":"Hogar-Bazar","subcategoria":"Accesorios De Cocina","precio":12293.46,"destacado":false,"descripcion":"","imagen":"assets/products/CA-200020053349.webp","tags":["mandolina","multiple","con","escurridor","53349"]},{"id":"CA-000000012036","nombre":"MANGA B.B DESCARTABLE Nº0 x10","categoria":"Hogar-Bazar","subcategoria":"Picos/Cuplas/Mangas Y Sets","precio":595.14,"destacado":false,"descripcion":"* (11/12/2025)","imagen":"assets/products/CA-000000012036.webp","tags":["manga","descartable","nº0","x10"]},{"id":"CA-000000011519","nombre":"MANGA B.B DESCARTABLE Nº1 x10","categoria":"Hogar-Bazar","subcategoria":"Picos/Cuplas/Mangas Y Sets","precio":663.68,"destacado":false,"descripcion":"* (11/12/2025)","imagen":"assets/products/CA-000000011519.webp","tags":["manga","descartable","nº1","x10"]},{"id":"CA-000000011493","nombre":"MANGA B.B DESCARTABLE Nº2 x10","categoria":"Hogar-Bazar","subcategoria":"Picos/Cuplas/Mangas Y Sets","precio":837.76,"destacado":false,"descripcion":"* (11/12/2025)","imagen":"assets/products/CA-000000011493.webp","tags":["manga","descartable","nº2","x10"]},{"id":"CA-000000011520","nombre":"MANGA B.B DESCARTABLE Nº3 x10","categoria":"Hogar-Bazar","subcategoria":"Picos/Cuplas/Mangas Y Sets","precio":1118.46,"destacado":false,"descripcion":"* (11/12/2025)","imagen":"assets/products/CA-000000011520.webp","tags":["manga","descartable","nº3","x10"]},{"id":"CA-000000011570","nombre":"MANGA B.B DESCARTABLE Nº4 x10","categoria":"Hogar-Bazar","subcategoria":"Picos/Cuplas/Mangas Y Sets","precio":1250.11,"destacado":false,"descripcion":"* (11/12/2025)","imagen":"assets/products/CA-000000011570.webp","tags":["manga","descartable","nº4","x10"]},{"id":"CA-000000011643","nombre":"MANGA B.B DESCARTABLE Nº50 x10","categoria":"Hogar-Bazar","subcategoria":"Picos/Cuplas/Mangas Y Sets","precio":1595.01,"destacado":false,"descripcion":"* (11/12/2025)","imagen":"assets/products/CA-000000011643.webp","tags":["manga","descartable","nº50","x10"]},{"id":"CA-000000002598","nombre":"MANGA B.B DESCARTABLE Nº60 x10","categoria":"Hogar-Bazar","subcategoria":"Picos/Cuplas/Mangas Y Sets","precio":1944.26,"destacado":false,"descripcion":"* (11/12/2025)","imagen":"assets/products/CA-000000002598.webp","tags":["manga","descartable","nº60","x10"]},{"id":"CA-000000019880","nombre":"MANGA B.B. SELLADA CON CUPLA Nº1 x1","categoria":"Hogar-Bazar","subcategoria":"Picos/Cuplas/Mangas Y Sets","precio":1361.09,"destacado":false,"descripcion":"* (11/12/2025)","imagen":"assets/products/CA-000000019880.webp","tags":["manga","sellada","con","cupla","nº1"]},{"id":"CA-000000019879","nombre":"MANGA B.B. SELLADA CON CUPLA Nº2 x1","categoria":"Hogar-Bazar","subcategoria":"Picos/Cuplas/Mangas Y Sets","precio":1550.4,"destacado":false,"descripcion":"* (11/12/2025)","imagen":"assets/products/CA-000000019879.webp","tags":["manga","sellada","con","cupla","nº2"]},{"id":"CA-000000019803","nombre":"MANGA B.B. SELLADA CON CUPLA Nº3 x1","categoria":"Hogar-Bazar","subcategoria":"Picos/Cuplas/Mangas Y Sets","precio":1948.61,"destacado":false,"descripcion":"* (11/12/2025)","imagen":"assets/products/CA-000000019803.webp","tags":["manga","sellada","con","cupla","nº3"]},{"id":"CA-000000019881","nombre":"MANGA B.B. SELLADA CON CUPLA Nº4 x1","categoria":"Hogar-Bazar","subcategoria":"Picos/Cuplas/Mangas Y Sets","precio":2331.58,"destacado":false,"descripcion":"* (11/12/2025)","imagen":"assets/products/CA-000000019881.webp","tags":["manga","sellada","con","cupla","nº4"]},{"id":"CA-000000019471","nombre":"MANGA B.B. SELLADA N1 x3","categoria":"Hogar-Bazar","subcategoria":"Picos/Cuplas/Mangas Y Sets","precio":2617.73,"destacado":false,"descripcion":"* (11/12/2025)","imagen":"assets/products/CA-000000019471.webp","tags":["manga","sellada"]},{"id":"CA-000000019472","nombre":"MANGA B.B. SELLADA N2 x3","categoria":"Hogar-Bazar","subcategoria":"Picos/Cuplas/Mangas Y Sets","precio":3180.22,"destacado":false,"descripcion":"* (11/12/2025)","imagen":"assets/products/CA-000000019472.webp","tags":["manga","sellada"]},{"id":"CA-000000019473","nombre":"MANGA B.B. SELLADA N3 x3","categoria":"Hogar-Bazar","subcategoria":"Picos/Cuplas/Mangas Y Sets","precio":4383.55,"destacado":false,"descripcion":"* (11/12/2025)","imagen":"assets/products/CA-000000019473.webp","tags":["manga","sellada"]}]}