{"category_slug":"hogar_bazar","subcategory_slug":"","page":31,"page_size":48,"total":1839,"items":[{"id":"CA-000000001667","nombre":"PIONONERA HOJALATA LISA Nº6 42x32cm","categoria":"Hogar-Bazar","subcategoria":"Moldes De Hojalata","precio":11762.36,"destacado":false,"descripcion":"","imagen":"assets/products/CA-000000001667.webp","tags":["piononera","hojalata","lisa","nº6","42x32cm"]},{"id":"CA-000000001282","nombre":"PIONONERA HOJALATA R.C Nº7 42x32cm x1","categoria":"Hogar-Bazar","subcategoria":"Moldes De Hojalata","precio":13111.61,"destacado":false,"descripcion":"","imagen":"assets/products/CA-000000001282.webp","tags":["piononera","hojalata","nº7","42x32cm"]},{"id":"CA-779000025144","nombre":"PISA AJO ACERO MANGO PLASTICO COLOR 18x4.5 CN17914","categoria":"Hogar-Bazar","subcategoria":"Accesorios De Cocina","precio":3981.25,"destacado":false,"descripcion":"","imagen":"assets/products/CA-779000025144.webp","tags":["pisa","ajo","acero","mango","plastico","color","18x4","cn17914"]},{"id":"CA-779558700315","nombre":"PISA PAPA ACERO LOCKEMEYER x1 315","categoria":"Hogar-Bazar","subcategoria":"Lokemeyer","precio":3490.85,"destacado":false,"descripcion":"","imagen":"assets/products/CA-779558700315.webp","tags":["pisa","papa","acero","lockemeyer","315"]},{"id":"CA-000000046626","nombre":"PISA PAPA DE ALUMINIO x1","categoria":"Hogar-Bazar","subcategoria":"Utensillos Varios","precio":3304.8,"destacado":false,"descripcion":"","imagen":"assets/products/CA-000000046626.webp","tags":["pisa","papa","aluminio"]},{"id":"CA-779278012116","nombre":"PIZZERA ALUMINIO INDIVIDUAL/PROVOLETERA REAL Nº16 x1 121016","categoria":"Hogar-Bazar","subcategoria":"Moldes De Aluminio","precio":1768.2,"destacado":false,"descripcion":"","imagen":"assets/products/CA-779278012116.webp","tags":["pizzera","aluminio","individual","provoletera","real","nº16","121016"]},{"id":"CA-779278012122","nombre":"PIZZERA ALUMINIO REAL Nº22 x1 121022","categoria":"Hogar-Bazar","subcategoria":"Moldes De Aluminio","precio":2239.03,"destacado":false,"descripcion":"","imagen":"assets/products/CA-779278012122.webp","tags":["pizzera","aluminio","real","nº22","121022"]},{"id":"CA-779278012124","nombre":"PIZZERA ALUMINIO REAL Nº24  x1 121024","categoria":"Hogar-Bazar","subcategoria":"Moldes De Aluminio","precio":2364.62,"destacado":false,"descripcion":"","imagen":"assets/products/CA-779278012124.webp","tags":["pizzera","aluminio","real","nº24","121024"]},{"id":"CA-779278012126","nombre":"PIZZERA ALUMINIO REAL Nº26 x1 121026","categoria":"Hogar-Bazar","subcategoria":"Moldes De Aluminio","precio":2569.36,"destacado":false,"descripcion":"","imagen":"assets/products/CA-779278012126.webp","tags":["pizzera","aluminio","real","nº26","121026"]},{"id":"CA-779278012128","nombre":"PIZZERA ALUMINIO REAL Nº28 x1 121028","categoria":"Hogar-Bazar","subcategoria":"Moldes De Aluminio","precio":2823.29,"destacado":false,"descripcion":"","imagen":"assets/products/CA-779278012128.webp","tags":["pizzera","aluminio","real","nº28","121028"]},{"id":"CA-779278012130","nombre":"PIZZERA ALUMINIO REAL Nº30 x1 121030","categoria":"Hogar-Bazar","subcategoria":"Moldes De Aluminio","precio":3130.89,"destacado":false,"descripcion":"","imagen":"assets/products/CA-779278012130.webp","tags":["pizzera","aluminio","real","nº30","121030"]},{"id":"CA-779278012132","nombre":"PIZZERA ALUMINIO REAL Nº32 x1 121032","categoria":"Hogar-Bazar","subcategoria":"Moldes De Aluminio","precio":3286.88,"destacado":false,"descripcion":"","imagen":"assets/products/CA-779278012132.webp","tags":["pizzera","aluminio","real","nº32","121032"]},{"id":"CA-779278012134","nombre":"PIZZERA ALUMINIO REAL Nº35 x1 121035","categoria":"Hogar-Bazar","subcategoria":"Moldes De Aluminio","precio":3466.51,"destacado":false,"descripcion":"","imagen":"assets/products/CA-779278012134.webp","tags":["pizzera","aluminio","real","nº35","121035"]},{"id":"CA-379000103016","nombre":"PIZZERA ANTIADHERENTE (32x1.5cm) x1 103016","categoria":"Hogar-Bazar","subcategoria":"Antiadherente","precio":3581.55,"destacado":false,"descripcion":"","imagen":"assets/products/CA-379000103016.webp","tags":["pizzera","antiadherente","32x1","5cm","103016"]},{"id":"CA-779000025161","nombre":"PIZZERA ANTIADHERENTE 36cm x1 CN17968","categoria":"Hogar-Bazar","subcategoria":"Antiadherente","precio":5102.5,"destacado":false,"descripcion":"","imagen":"assets/products/CA-779000025161.webp","tags":["pizzera","antiadherente","36cm","cn17968"]},{"id":"CA-779572204230","nombre":"PIZZERA ANTIADHERENTE JOVIFEL LINEA COBRE 36cm x1 4230","categoria":"Hogar-Bazar","subcategoria":"Jovifel","precio":8094.72,"destacado":false,"descripcion":"","imagen":"assets/products/CA-779572204230.webp","tags":["pizzera","antiadherente","jovifel","linea","cobre","36cm","4230"]},{"id":"CA-779572208130","nombre":"PIZZERA ANTIADHERENTE JOVIFEL LINEA RIVOLI 35cm x1 8130","categoria":"Hogar-Bazar","subcategoria":"Jovifel","precio":12874.68,"destacado":false,"descripcion":"","imagen":"assets/products/CA-779572208130.webp","tags":["pizzera","antiadherente","jovifel","linea","rivoli","35cm","8130"]},{"id":"CA-000000047662","nombre":"PIZZERA DE HOJALATA N°33 A&E x1","categoria":"Hogar-Bazar","subcategoria":"Moldes De Hojalata","precio":3696.0,"destacado":false,"descripcion":"","imagen":"assets/products/CA-000000047662.webp","tags":["pizzera","hojalata"]},{"id":"CA-000000000224","nombre":"PLACA ALUMINIO MASA CHICA R.C 30x40cm x1","categoria":"Hogar-Bazar","subcategoria":"Moldes De Aluminio","precio":18618.93,"destacado":false,"descripcion":"","imagen":"assets/products/CA-000000000224.webp","tags":["placa","aluminio","masa","chica","30x40cm"]},{"id":"CA-489413098203","nombre":"PLACA ANTIADHERENTE 37.5x25.5cm x1 KR-2002S","categoria":"Hogar-Bazar","subcategoria":"Antiadherente","precio":4462.38,"destacado":false,"descripcion":"","imagen":"assets/products/CA-489413098203.webp","tags":["placa","antiadherente","5x25","5cm","2002s"]},{"id":"CA-489413098204","nombre":"PLACA ANTIADHERENTE 42.5x28.5cm x1 KR-2002M","categoria":"Hogar-Bazar","subcategoria":"Antiadherente","precio":5354.86,"destacado":false,"descripcion":"","imagen":"assets/products/CA-489413098204.webp","tags":["placa","antiadherente","5x28","5cm","2002m"]},{"id":"CA-489413098205","nombre":"PLACA ANTIADHERENTE 47.5x31cm x1 KR-2002L","categoria":"Hogar-Bazar","subcategoria":"Antiadherente","precio":5949.84,"destacado":false,"descripcion":"","imagen":"assets/products/CA-489413098205.webp","tags":["placa","antiadherente","5x31cm","2002l"]},{"id":"CA-697598272010","nombre":"PLACA ANTIADHERENTE 6 CUPCAKES DE ACERO AL CARBONO CON AGARRE DE SILICONA x1 ZG272010","categoria":"Hogar-Bazar","subcategoria":"Antiadherente","precio":8489.47,"destacado":false,"descripcion":"","imagen":"assets/products/CA-697598272010.webp","tags":["placa","antiadherente","cupcakes","acero","carbono","con","agarre","silicona","zg272010"]},{"id":"CA-200020050285","nombre":"PLACA ANTIADHERENTE CON MALLA 40x30cm x1 50285","categoria":"Hogar-Bazar","subcategoria":"Antiadherente","precio":5392.01,"destacado":false,"descripcion":"","imagen":"assets/products/CA-200020050285.webp","tags":["placa","antiadherente","con","malla","40x30cm","50285"]},{"id":"CA-779000025229","nombre":"PLACA ANTIADHERENTE GRIS PARA 12 CUPCAKE x1 CN18834","categoria":"Hogar-Bazar","subcategoria":"Accesorios De Cocina","precio":6838.0,"destacado":false,"descripcion":"","imagen":"assets/products/CA-779000025229.webp","tags":["placa","antiadherente","gris","para","cupcake","cn18834"]},{"id":"CA-866320073016","nombre":"PLACA ANTIADHERENTE PARA 12 CUPCAKE x1","categoria":"Hogar-Bazar","subcategoria":"Antiadherente","precio":6191.99,"destacado":false,"descripcion":"","imagen":"assets/products/CA-866320073016.webp","tags":["placa","antiadherente","para","cupcake"]},{"id":"CA-379000103000","nombre":"PLACA ANTIADHERENTE PARA 12 CUPCAKE x1 103000","categoria":"Hogar-Bazar","subcategoria":"Antiadherente","precio":6191.99,"destacado":false,"descripcion":"","imagen":"assets/products/CA-379000103000.webp","tags":["placa","antiadherente","para","cupcake","103000"]},{"id":"CA-779813202581","nombre":"PLACA ANTIADHERENTE PARA 12 CUPCAKE x1 202581","categoria":"Hogar-Bazar","subcategoria":"Antiadherente","precio":6191.99,"destacado":false,"descripcion":"","imagen":"assets/products/CA-779813202581.webp","tags":["placa","antiadherente","para","cupcake","202581"]},{"id":"CA-200020023007","nombre":"PLACA ANTIADHERENTE PARA 12 CUPCAKE x1 23007","categoria":"Hogar-Bazar","subcategoria":"Antiadherente","precio":6191.99,"destacado":false,"descripcion":"","imagen":"assets/products/CA-200020023007.webp","tags":["placa","antiadherente","para","cupcake","23007"]},{"id":"CA-379000103036","nombre":"PLACA ANTIADHERENTE PARA 12 CUPCAKES COLOR x1 103036","categoria":"Hogar-Bazar","subcategoria":"Antiadherente","precio":8495.55,"destacado":false,"descripcion":"NUEVO 09/12/2025","imagen":"assets/products/CA-379000103036.webp","tags":["placa","antiadherente","para","cupcakes","color","103036"]},{"id":"CA-779813202580","nombre":"PLACA ANTIADHERENTE PARA 6 CUPCAKE MARGARITA x1 202580","categoria":"Hogar-Bazar","subcategoria":"Antiadherente","precio":2382.05,"destacado":false,"descripcion":"","imagen":"assets/products/CA-779813202580.webp","tags":["placa","antiadherente","para","cupcake","margarita","202580"]},{"id":"CA-379000103001","nombre":"PLACA ANTIADHERENTE PARA 6 CUPCAKE x1 103001","categoria":"Hogar-Bazar","subcategoria":"Antiadherente","precio":3581.55,"destacado":false,"descripcion":"","imagen":"assets/products/CA-379000103001.webp","tags":["placa","antiadherente","para","cupcake","103001"]},{"id":"CA-779813202559","nombre":"PLACA ANTIADHERENTE PARA 6 CUPCAKE x1 202559","categoria":"Hogar-Bazar","subcategoria":"Antiadherente","precio":2103.2,"destacado":false,"descripcion":"","imagen":"assets/products/CA-779813202559.webp","tags":["placa","antiadherente","para","cupcake","202559"]},{"id":"CA-200020023190","nombre":"PLACA ANTIADHERENTE PARA 6 CUPCAKE x1 23190","categoria":"Hogar-Bazar","subcategoria":"Antiadherente","precio":3581.55,"destacado":false,"descripcion":"* (18/12/2025)","imagen":"assets/products/CA-200020023190.webp","tags":["placa","antiadherente","para","cupcake","23190"]},{"id":"CA-379000103037","nombre":"PLACA ANTIADHERENTE PARA 6 CUPCAKES COLOR x1 103037","categoria":"Hogar-Bazar","subcategoria":"Antiadherente","precio":5660.55,"destacado":false,"descripcion":"NUEVO 09/12/2025","imagen":"assets/products/CA-379000103037.webp","tags":["placa","antiadherente","para","cupcakes","color","103037"]},{"id":"CA-692924202730","nombre":"PLACA ANTIADHERENTE PARA 6 CUPCAKES x1 YW20-273","categoria":"Hogar-Bazar","subcategoria":"Accesorios De Cocina","precio":3581.55,"destacado":false,"descripcion":"","imagen":"assets/products/CA-692924202730.webp","tags":["placa","antiadherente","para","cupcakes","yw20","273"]},{"id":"CA-779000014541","nombre":"PLACA ANTIADHERENTE PARA 6 DONAS 26x18cm x1 CN4252","categoria":"Hogar-Bazar","subcategoria":"Antiadherente","precio":6645.28,"destacado":false,"descripcion":"","imagen":"assets/products/CA-779000014541.webp","tags":["placa","antiadherente","para","donas","26x18cm","cn4252"]},{"id":"CA-779813202160","nombre":"PLACA DE TRABAJO MEDIDORA SILICONADA COLOR  x1 202160","categoria":"Hogar-Bazar","subcategoria":"Silicona","precio":1959.55,"destacado":false,"descripcion":"","imagen":"assets/products/CA-779813202160.webp","tags":["placa","trabajo","medidora","siliconada","color","202160"]},{"id":"CA-779000022114","nombre":"PLACA DE TRABAJO MEDIDORA SILICONADA REDONDA x1 CN16258","categoria":"Hogar-Bazar","subcategoria":"Silicona","precio":3001.22,"destacado":false,"descripcion":"","imagen":"assets/products/CA-779000022114.webp","tags":["placa","trabajo","medidora","siliconada","redonda","cn16258"]},{"id":"CA-000000007441","nombre":"PLACA HOJALATA PAN BAGUETTE R.C x1","categoria":"Hogar-Bazar","subcategoria":"Moldes De Hojalata","precio":11999.81,"destacado":false,"descripcion":"","imagen":"assets/products/CA-000000007441.webp","tags":["placa","hojalata","pan","baguette"]},{"id":"CA-000000001279","nombre":"PLACA HOJALATA VAINILLA PARA 12 UNI. 32x25cm. x1","categoria":"Hogar-Bazar","subcategoria":"Moldes De Hojalata","precio":10912.59,"destacado":false,"descripcion":"","imagen":"assets/products/CA-000000001279.webp","tags":["placa","hojalata","vainilla","para","uni","32x25cm"]},{"id":"CA-000000042784","nombre":"PLACA PARA CHOCOLATE HOJALATA CAIRO 10x20cm 1045x1","categoria":"Hogar-Bazar","subcategoria":"Moldes De Hojalata","precio":4220.96,"destacado":false,"descripcion":"* (11/12/2025)","imagen":"assets/products/CA-000000042784.webp","tags":["placa","para","chocolate","hojalata","cairo","10x20cm","1045x1"]},{"id":"CA-000000042783","nombre":"PLACA PARA PIONONO HOJALATA CAIRO 20x30cm 1219 x1","categoria":"Hogar-Bazar","subcategoria":"Moldes De Hojalata","precio":6627.38,"destacado":false,"descripcion":"* (11/12/2025)","imagen":"assets/products/CA-000000042783.webp","tags":["placa","para","pionono","hojalata","cairo","20x30cm","1219"]},{"id":"CA-000000042782","nombre":"PLACA PARA PIONONO HOJALATA CAIRO 30x40cm 1049 x1","categoria":"Hogar-Bazar","subcategoria":"Moldes De Hojalata","precio":12352.38,"destacado":false,"descripcion":"* (11/12/2025)","imagen":"assets/products/CA-000000042782.webp","tags":["placa","para","pionono","hojalata","cairo","30x40cm","1049"]},{"id":"CA-780434031201","nombre":"PLACA SILICONADA  MACARONS x1 S1604/G34-031A20","categoria":"Hogar-Bazar","subcategoria":"Silicona","precio":2937.87,"destacado":false,"descripcion":"","imagen":"assets/products/CA-780434031201.webp","tags":["placa","siliconada","macarons","s1604","g34","031a20"]},{"id":"CA-779000013266","nombre":"PLACA SILICONADA MACARONS 28x25cm x1 DL5906","categoria":"Hogar-Bazar","subcategoria":"Silicona","precio":4886.7,"destacado":false,"descripcion":"","imagen":"assets/products/CA-779000013266.webp","tags":["placa","siliconada","macarons","28x25cm","dl5906"]},{"id":"CA-568483990300","nombre":"PLACA TABLA DE CORTE ANTIADHERENTE LA BOTICA x1","categoria":"Hogar-Bazar","subcategoria":"La Botica","precio":5743.87,"destacado":false,"descripcion":"","imagen":"assets/products/CA-568483990300.webp","tags":["placa","tabla","corte","antiadherente","botica"]},{"id":"CA-056848399060","nombre":"PLACA TABLA DE CORTE ROSA Y VERDE 22x30cm x1 LA BOTICA BOTI037B","categoria":"Hogar-Bazar","subcategoria":"La Botica","precio":6689.71,"destacado":false,"descripcion":"","imagen":"assets/products/CA-056848399060.webp","tags":["placa","tabla","corte","rosa","verde","22x30cm","botica","boti037b"]}]}