{"category_slug":"hogar_bazar","subcategory_slug":"","page":16,"page_size":48,"total":1839,"items":[{"id":"CA-779000025192","nombre":"FUENTE OVAL DE ACERO 30CM x1 CN18298","categoria":"Hogar-Bazar","subcategoria":"Accesorios De Cocina","precio":2349.75,"destacado":false,"descripcion":"","imagen":"assets/products/CA-779000025192.webp","tags":["fuente","oval","acero","30cm","cn18298"]},{"id":"CA-779813202142","nombre":"FUENTE PARA HORNO DE ACERO 45x35x4 cm x1 202142","categoria":"Hogar-Bazar","subcategoria":"Accesorios De Cocina","precio":3645.33,"destacado":false,"descripcion":"","imagen":"assets/products/CA-779813202142.webp","tags":["fuente","para","horno","acero","45x35x4","202142"]},{"id":"CA-489413096762","nombre":"FUENTE RECTANGULAR CON ASAS VIDRIO x1 LHP-FP-1.8L","categoria":"Hogar-Bazar","subcategoria":"Vidrio","precio":7685.21,"destacado":false,"descripcion":"","imagen":"assets/products/CA-489413096762.webp","tags":["fuente","rectangular","con","asas","vidrio","lhp"]},{"id":"CA-779000025188","nombre":"FUENTE RECTANGULAR DE ACERO 32x22CM x1 CN18284","categoria":"Hogar-Bazar","subcategoria":"Accesorios De Cocina","precio":2349.75,"destacado":false,"descripcion":"","imagen":"assets/products/CA-779000025188.webp","tags":["fuente","rectangular","acero","32x22cm","cn18284"]},{"id":"CA-779000025190","nombre":"FUENTE RECTANGULAR DE ACERO 40x30CM x1 CN18286","categoria":"Hogar-Bazar","subcategoria":"Accesorios De Cocina","precio":3776.5,"destacado":false,"descripcion":"","imagen":"assets/products/CA-779000025190.webp","tags":["fuente","rectangular","acero","40x30cm","cn18286"]},{"id":"CA-779000025191","nombre":"FUENTE RECTANGULAR DE ACERO 45x35CM x1 CN18287","categoria":"Hogar-Bazar","subcategoria":"Accesorios De Cocina","precio":5206.5,"destacado":false,"descripcion":"","imagen":"assets/products/CA-779000025191.webp","tags":["fuente","rectangular","acero","45x35cm","cn18287"]},{"id":"CA-489413096753","nombre":"FUENTE RECTANGULAR VIDRIO TEMPLADO 30x18cm x1 LHP-FD-1.6L","categoria":"Hogar-Bazar","subcategoria":"Vidrio","precio":7437.3,"destacado":false,"descripcion":"","imagen":"assets/products/CA-489413096753.webp","tags":["fuente","rectangular","vidrio","templado","30x18cm","lhp"]},{"id":"CA-489413096754","nombre":"FUENTE RECTANGULAR VIDRIO TEMPLADO 35x20cm x1 LHP-FD-2.2L","categoria":"Hogar-Bazar","subcategoria":"Vidrio","precio":11076.0,"destacado":false,"descripcion":"","imagen":"assets/products/CA-489413096754.webp","tags":["fuente","rectangular","vidrio","templado","35x20cm","lhp"]},{"id":"CA-489413096763","nombre":"FUENTE REDONDA CON ASAS VIDRIO TEMPLADO 23x21cm x1 LHP-YP-1.6L","categoria":"Hogar-Bazar","subcategoria":"Vidrio","precio":7238.97,"destacado":false,"descripcion":"","imagen":"assets/products/CA-489413096763.webp","tags":["fuente","redonda","con","asas","vidrio","templado","23x21cm","lhp"]},{"id":"CA-779000019789","nombre":"HACHA DE ACERO COLOR 32 CM x1 DL14471","categoria":"Hogar-Bazar","subcategoria":"Utensillos Varios","precio":5643.63,"destacado":false,"descripcion":"","imagen":"assets/products/CA-779000019789.webp","tags":["hacha","acero","color","dl14471"]},{"id":"CA-698584626800","nombre":"HACHA DE ACERO COLOR NEGRA 30.7 CM x1 DL16439","categoria":"Hogar-Bazar","subcategoria":"Utensillos Varios","precio":4746.63,"destacado":false,"descripcion":"","imagen":"assets/products/CA-698584626800.webp","tags":["hacha","acero","color","negra","dl16439"]},{"id":"CA-489413097279","nombre":"HERMETICO CUADRADO VIDRIO CON TAPA PLASTICA 15x15cm x1 LHB-HSS-800","categoria":"Hogar-Bazar","subcategoria":"Vidrio","precio":5406.35,"destacado":false,"descripcion":"","imagen":"assets/products/CA-489413097279.webp","tags":["hermetico","cuadrado","vidrio","con","tapa","plastica","15x15cm","lhb","hss","800"]},{"id":"CA-489413097282","nombre":"HERMETICO CUADRADO VIDRIO CON TAPA PLASTICA 20x15cm x1 LHB-HLS-1040","categoria":"Hogar-Bazar","subcategoria":"Vidrio","precio":5921.24,"destacado":false,"descripcion":"","imagen":"assets/products/CA-489413097282.webp","tags":["hermetico","cuadrado","vidrio","con","tapa","plastica","20x15cm","lhb","hls","1040"]},{"id":"CA-489413097283","nombre":"HERMETICO REDONDO VIDRIO CON TAPA PLASTICA13x5cm x1 LHB-HRS-400","categoria":"Hogar-Bazar","subcategoria":"Vidrio","precio":3552.74,"destacado":false,"descripcion":"","imagen":"assets/products/CA-489413097283.webp","tags":["hermetico","redondo","vidrio","con","tapa","plastica13x5cm","lhb","hrs","400"]},{"id":"CA-779000025136","nombre":"HIELERA / FRAPERA DE ACERO 14 cm x1","categoria":"Hogar-Bazar","subcategoria":"Accesorios De Cocina","precio":8193.9,"destacado":false,"descripcion":"NUEVO 15/12/2025","imagen":"assets/products/CA-779000025136.webp","tags":["hielera","frapera","acero"]},{"id":"CA-779000025138","nombre":"HIELERA / FRAPERA DE ACERO 18cm x1","categoria":"Hogar-Bazar","subcategoria":"Accesorios De Cocina","precio":8980.4,"destacado":false,"descripcion":"NUEVO 15/12/2025","imagen":"assets/products/CA-779000025138.webp","tags":["hielera","frapera","acero","18cm"]},{"id":"CA-779228100768","nombre":"HIELERA / FRAPERA PLASTICA LINEA FUSION BLANCO 15cm x1 10417FTI CAROL","categoria":"Hogar-Bazar","subcategoria":"Carol","precio":2027.7,"destacado":false,"descripcion":"","imagen":"assets/products/CA-779228100768.webp","tags":["hielera","frapera","plastica","linea","fusion","blanco","15cm","10417fti","carol"]},{"id":"CA-779228100765","nombre":"HIELERA / FRAPERA PLASTICA LINEA FUSION GRIS 15cm x1 10417FGR CAROL","categoria":"Hogar-Bazar","subcategoria":"Carol","precio":2027.7,"destacado":false,"descripcion":"","imagen":"assets/products/CA-779228100765.webp","tags":["hielera","frapera","plastica","linea","fusion","gris","15cm","10417fgr","carol"]},{"id":"CA-200020033685","nombre":"HIELERA BASE SILICONA COLOR PASTEL x1 33685","categoria":"Hogar-Bazar","subcategoria":"Accesorios De Cocina","precio":1624.5,"destacado":false,"descripcion":"","imagen":"assets/products/CA-200020033685.webp","tags":["hielera","base","silicona","color","pastel","33685"]},{"id":"CA-200020050716","nombre":"HIELERA BASE SILICONA COLOR x1 50716","categoria":"Hogar-Bazar","subcategoria":"Silicona","precio":2962.09,"destacado":false,"descripcion":"","imagen":"assets/products/CA-200020050716.webp","tags":["hielera","base","silicona","color","50716"]},{"id":"CA-200020033686","nombre":"HIELERA CIRCULOS BASE SILICONA COLOR PASTEL x1 33686","categoria":"Hogar-Bazar","subcategoria":"Accesorios De Cocina","precio":1624.5,"destacado":false,"descripcion":"","imagen":"assets/products/CA-200020033686.webp","tags":["hielera","circulos","base","silicona","color","pastel","33686"]},{"id":"CA-779813202632","nombre":"HIELERA CUBETERA PLASTICA/SILICONA CON FORMA REDONDA x1 202632","categoria":"Hogar-Bazar","subcategoria":"Silicona","precio":928.67,"destacado":false,"descripcion":"","imagen":"assets/products/CA-779813202632.webp","tags":["hielera","cubetera","plastica","silicona","con","forma","redonda","202632"]},{"id":"CA-200020050709","nombre":"HIELERA CUBETERA SILICONA CON TAPA x1 50709","categoria":"Hogar-Bazar","subcategoria":"Silicona","precio":5707.58,"destacado":false,"descripcion":"NUEVO 17/12/2025","imagen":"assets/products/CA-200020050709.webp","tags":["hielera","cubetera","silicona","con","tapa","50709"]},{"id":"CA-779000024416","nombre":"HIELERA CUBETERA SILICONA x1 CN18334","categoria":"Hogar-Bazar","subcategoria":"Silicona","precio":2616.25,"destacado":false,"descripcion":"","imagen":"assets/products/CA-779000024416.webp","tags":["hielera","cubetera","silicona","cn18334"]},{"id":"CA-200020054688","nombre":"HIELERA DE SILICONA CON TAPA x1 54688","categoria":"Hogar-Bazar","subcategoria":"Silicona","precio":3687.98,"destacado":false,"descripcion":"NUEVO 17/12/2025","imagen":"assets/products/CA-200020054688.webp","tags":["hielera","silicona","con","tapa","54688"]},{"id":"CA-489413098021","nombre":"HIELERA DE VIDRIO ALASKA PINZA Y MANIJA DE METAL x1","categoria":"Hogar-Bazar","subcategoria":"Vidrio","precio":6197.75,"destacado":false,"descripcion":"","imagen":"assets/products/CA-489413098021.webp","tags":["hielera","vidrio","alaska","pinza","manija","metal"]},{"id":"CA-489413098022","nombre":"HIELERA DE VIDRIO ARTIC PINZA Y MANIJA DE METAL x1","categoria":"Hogar-Bazar","subcategoria":"Vidrio","precio":6197.75,"destacado":false,"descripcion":"","imagen":"assets/products/CA-489413098022.webp","tags":["hielera","vidrio","artic","pinza","manija","metal"]},{"id":"CA-200020054509","nombre":"HIELERA DE VIDRIO x1 54509","categoria":"Hogar-Bazar","subcategoria":"Vidrio","precio":6049.61,"destacado":false,"descripcion":"","imagen":"assets/products/CA-200020054509.webp","tags":["hielera","vidrio","54509"]},{"id":"CA-200020053107","nombre":"HUEVERA APILABLE 3 NIVELES x1 53107","categoria":"Hogar-Bazar","subcategoria":"Accesorios De Cocina","precio":9255.47,"destacado":false,"descripcion":"","imagen":"assets/products/CA-200020053107.webp","tags":["huevera","apilable","niveles","53107"]},{"id":"CA-200020051245","nombre":"HUEVERA ORGANIZADOR PARA 18 HUEVOS x1 51245","categoria":"Hogar-Bazar","subcategoria":"Accesorios De Cocina","precio":3863.65,"destacado":false,"descripcion":"","imagen":"assets/products/CA-200020051245.webp","tags":["huevera","organizador","para","huevos","51245"]},{"id":"CA-200020050237","nombre":"HUEVERA ORGANIZADOR PARA 24 HUEVOS x1 50237","categoria":"Hogar-Bazar","subcategoria":"Accesorios De Cocina","precio":4576.66,"destacado":false,"descripcion":"","imagen":"assets/products/CA-200020050237.webp","tags":["huevera","organizador","para","huevos","50237"]},{"id":"CA-200020053238","nombre":"INDIVIDUAL REDONDO COLOR 38 CM x1 53238","categoria":"Hogar-Bazar","subcategoria":"Accesorios De Cocina","precio":2897.72,"destacado":false,"descripcion":"","imagen":"assets/products/CA-200020053238.webp","tags":["individual","redondo","color","53238"]},{"id":"CA-200020054697","nombre":"INDIVIDUAL REDONDO ESTAMPADO YUTE Y FLECOS 38cm x1 54697","categoria":"Hogar-Bazar","subcategoria":"Accesorios De Cocina","precio":2370.87,"destacado":false,"descripcion":"","imagen":"assets/products/CA-200020054697.webp","tags":["individual","redondo","estampado","yute","flecos","38cm","54697"]},{"id":"CA-200020050088","nombre":"INDIVIDUAL REDONDO TRENZADO ALGODON Y YUTE 38cm x1 50088","categoria":"Hogar-Bazar","subcategoria":"Accesorios De Cocina","precio":6221.61,"destacado":false,"descripcion":"","imagen":"assets/products/CA-200020050088.webp","tags":["individual","redondo","trenzado","algodon","yute","38cm","50088"]},{"id":"CA-200020053360","nombre":"INDIVIDUAL REDONDO TRENZADO ALGODON Y YUTE 38cm x1 53360","categoria":"Hogar-Bazar","subcategoria":"Accesorios De Cocina","precio":4829.54,"destacado":false,"descripcion":"","imagen":"assets/products/CA-200020053360.webp","tags":["individual","redondo","trenzado","algodon","yute","38cm","53360"]},{"id":"CA-200020050087","nombre":"INDIVIDUAL REDONDOTRENZADO ALGODON Y YUTE 38cm x1 50087","categoria":"Hogar-Bazar","subcategoria":"Accesorios De Cocina","precio":6221.61,"destacado":false,"descripcion":"","imagen":"assets/products/CA-200020050087.webp","tags":["individual","redondotrenzado","algodon","yute","38cm","50087"]},{"id":"CA-779000018274","nombre":"INFUSOR DE TE (ALAMBRE) x1 CN10677/Y-0776","categoria":"Hogar-Bazar","subcategoria":"Utensillos Varios","precio":1726.73,"destacado":false,"descripcion":"","imagen":"assets/products/CA-779000018274.webp","tags":["infusor","alambre","cn10677","0776"]},{"id":"CA-779000018288","nombre":"INFUSOR DE TE METAL x1 CN11210","categoria":"Hogar-Bazar","subcategoria":"Utensillos Varios","precio":1314.86,"destacado":false,"descripcion":"","imagen":"assets/products/CA-779000018288.webp","tags":["infusor","metal","cn11210"]},{"id":"CA-779813202178","nombre":"INFUSOR DE TE x1 202178/202144","categoria":"Hogar-Bazar","subcategoria":"Utensillos Varios","precio":1097.66,"destacado":false,"descripcion":"","imagen":"assets/products/CA-779813202178.webp","tags":["infusor","202178","202144"]},{"id":"CA-779228701302","nombre":"JARRA CON CUCHARITAS MEDIDORAS x1 1302 CAROL","categoria":"Hogar-Bazar","subcategoria":"Carol","precio":5189.4,"destacado":false,"descripcion":"","imagen":"assets/products/CA-779228701302.webp","tags":["jarra","con","cucharitas","medidoras","1302","carol"]},{"id":"CA-694217890095","nombre":"JARRA DE VIDRIO 1.8lt x1 J-8FA-2","categoria":"Hogar-Bazar","subcategoria":"Vidrio","precio":8924.76,"destacado":false,"descripcion":"","imagen":"assets/products/CA-694217890095.webp","tags":["jarra","vidrio","8lt","8fa"]},{"id":"CA-200020051577","nombre":"JARRA DE VIDRIO 1lt x1 51577","categoria":"Hogar-Bazar","subcategoria":"Vidrio","precio":7463.77,"destacado":false,"descripcion":"","imagen":"assets/products/CA-200020051577.webp","tags":["jarra","vidrio","1lt","51577"]},{"id":"CA-779000024326","nombre":"JARRA DE VIDRIO CON TAPA DE ACERO 24x10cm x1 CN19073","categoria":"Hogar-Bazar","subcategoria":"Vidrio","precio":11287.25,"destacado":false,"descripcion":"","imagen":"assets/products/CA-779000024326.webp","tags":["jarra","vidrio","con","tapa","acero","24x10cm","cn19073"]},{"id":"CA-000000005884","nombre":"JARRA MEDIDORA 1/2 LITRO PLASTICA","categoria":"Hogar-Bazar","subcategoria":"Bowl/Fraperas/Vasos Medidores","precio":659.6,"destacado":false,"descripcion":"","imagen":"assets/products/CA-000000005884.webp","tags":["jarra","medidora","litro","plastica"]},{"id":"CA-379000104120","nombre":"JARRA MEDIDORA 1LT x1 104120","categoria":"Hogar-Bazar","subcategoria":"Bowl/Fraperas/Vasos Medidores","precio":1219.05,"destacado":false,"descripcion":"","imagen":"assets/products/CA-379000104120.webp","tags":["jarra","medidora","1lt","104120"]},{"id":"CA-779429702400","nombre":"JARRA REDONDA MEDIDORA FRUTAL CON EXPRIMIDOR (varios colores) x1 2400","categoria":"Hogar-Bazar","subcategoria":"Bowl/Fraperas/Vasos Medidores","precio":1713.51,"destacado":false,"descripcion":"","imagen":"assets/products/CA-779429702400.webp","tags":["jarra","redonda","medidora","frutal","con","exprimidor","varios","colores","2400"]},{"id":"CA-779000022167","nombre":"JARRO ANTIADHERENTE 10cm x1 16478","categoria":"Hogar-Bazar","subcategoria":"Antiadherente","precio":5122.0,"destacado":false,"descripcion":"","imagen":"assets/products/CA-779000022167.webp","tags":["jarro","antiadherente","10cm","16478"]},{"id":"CA-779000022164","nombre":"JARRO HERVIDOR ANTIADHERENTE CON MANGO 9.5 cm x1 CN16472","categoria":"Hogar-Bazar","subcategoria":"Antiadherente","precio":2847.98,"destacado":false,"descripcion":"","imagen":"assets/products/CA-779000022164.webp","tags":["jarro","hervidor","antiadherente","con","mango","cn16472"]}]}