{"category_slug":"hogar_bazar","subcategory_slug":"","page":30,"page_size":48,"total":1839,"items":[{"id":"CA-000000040709","nombre":"PICO COOPER ESPECIAL FLOR 193 x5u","categoria":"Hogar-Bazar","subcategoria":"Picos/Cuplas/Mangas Y Sets","precio":12760.87,"destacado":false,"descripcion":"","imagen":"assets/products/CA-000000040709.webp","tags":["pico","cooper","especial","flor","193","x5u"]},{"id":"CA-000000040711","nombre":"PICO COOPER ESPECIAL FLOR 217 x5u","categoria":"Hogar-Bazar","subcategoria":"Picos/Cuplas/Mangas Y Sets","precio":12760.87,"destacado":false,"descripcion":"","imagen":"assets/products/CA-000000040711.webp","tags":["pico","cooper","especial","flor","217","x5u"]},{"id":"CA-000000040713","nombre":"PICO COOPER ESPECIAL FLOR 224 x5u","categoria":"Hogar-Bazar","subcategoria":"Picos/Cuplas/Mangas Y Sets","precio":12760.87,"destacado":false,"descripcion":"","imagen":"assets/products/CA-000000040713.webp","tags":["pico","cooper","especial","flor","224","x5u"]},{"id":"CA-000000040715","nombre":"PICO COOPER ESPECIAL FLOR 225 x5u","categoria":"Hogar-Bazar","subcategoria":"Picos/Cuplas/Mangas Y Sets","precio":12760.87,"destacado":false,"descripcion":"","imagen":"assets/products/CA-000000040715.webp","tags":["pico","cooper","especial","flor","225","x5u"]},{"id":"CA-000000026062","nombre":"PICO COOPER PASTO GRANDE x5","categoria":"Hogar-Bazar","subcategoria":"Picos/Cuplas/Mangas Y Sets","precio":14425.32,"destacado":false,"descripcion":"","imagen":"assets/products/CA-000000026062.webp","tags":["pico","cooper","pasto","grande"]},{"id":"CA-000000001724","nombre":"PICO PARA RELLENAR CHURROS 15cm x1","categoria":"Hogar-Bazar","subcategoria":"Picos/Cuplas/Mangas Y Sets","precio":2275.0,"destacado":false,"descripcion":"","imagen":"assets/products/CA-000000001724.webp","tags":["pico","para","rellenar","churros","15cm"]},{"id":"CA-000000043925","nombre":"PICO PARA RELLENAR CHURROS COOPER 15cm x1","categoria":"Hogar-Bazar","subcategoria":"Cooper","precio":5548.22,"destacado":false,"descripcion":"","imagen":"assets/products/CA-000000043925.webp","tags":["pico","para","rellenar","churros","cooper","15cm"]},{"id":"CA-000000040748","nombre":"PICO PARPEN COMUN FORMAS 233 (PASTITO) x6u.","categoria":"Hogar-Bazar","subcategoria":"Picos/Cuplas/Mangas Y Sets","precio":17103.27,"destacado":false,"descripcion":"* (05/12/2025)","imagen":"assets/products/CA-000000040748.webp","tags":["pico","parpen","comun","formas","233","pastito","x6u"]},{"id":"CA-000000040586","nombre":"PICO PARPEN COMUN RIZADO 22E x6u.","categoria":"Hogar-Bazar","subcategoria":"Picos/Cuplas/Mangas Y Sets","precio":17103.27,"destacado":false,"descripcion":"* (05/12/2025)","imagen":"assets/products/CA-000000040586.webp","tags":["pico","parpen","comun","rizado","22e","x6u"]},{"id":"CA-000000041214","nombre":"PICO PARPEN COMUN SURTIDO x6u.","categoria":"Hogar-Bazar","subcategoria":"Picos/Cuplas/Mangas Y Sets","precio":17103.27,"destacado":false,"descripcion":"* (05/12/2025)","imagen":"assets/products/CA-000000041214.webp","tags":["pico","parpen","comun","surtido","x6u"]},{"id":"CA-000000046033","nombre":"PICO PARPEN CONFITERO GRANDE MODELOS VARIOS x1","categoria":"Hogar-Bazar","subcategoria":"Picos/Cuplas/Mangas Y Sets","precio":3563.45,"destacado":false,"descripcion":"* (05/12/2025)","imagen":"assets/products/CA-000000046033.webp","tags":["pico","parpen","confitero","grande","modelos","varios"]},{"id":"CA-779836371083","nombre":"PICO PARPEN ESPECIAL PASTO SHAG CAKE x1 un. B235","categoria":"Hogar-Bazar","subcategoria":"Picos/Cuplas/Mangas Y Sets","precio":4161.9,"destacado":false,"descripcion":"* (05/12/2025)","imagen":"assets/products/CA-779836371083.webp","tags":["pico","parpen","especial","pasto","shag","cake","b235"]},{"id":"CA-779836371115","nombre":"PICO/BOQUILLA ESTRELLA ABIERTA PARPEN x1 1M","categoria":"Hogar-Bazar","subcategoria":"Picos/Cuplas/Mangas Y Sets","precio":3563.45,"destacado":false,"descripcion":"* (05/12/2025)","imagen":"assets/products/CA-779836371115.webp","tags":["pico","boquilla","estrella","abierta","parpen"]},{"id":"CA-779836371117","nombre":"PICO/BOQUILLA ESTRELLA ABIERTA PARPEN x1 4B","categoria":"Hogar-Bazar","subcategoria":"Picos/Cuplas/Mangas Y Sets","precio":3563.45,"destacado":false,"descripcion":"* (05/12/2025)","imagen":"assets/products/CA-779836371117.webp","tags":["pico","boquilla","estrella","abierta","parpen"]},{"id":"CA-779836371118","nombre":"PICO/BOQUILLA ESTRELLA ABIERTA PARPEN x1 6B","categoria":"Hogar-Bazar","subcategoria":"Picos/Cuplas/Mangas Y Sets","precio":3563.45,"destacado":false,"descripcion":"* (05/12/2025)","imagen":"assets/products/CA-779836371118.webp","tags":["pico","boquilla","estrella","abierta","parpen"]},{"id":"CA-779836371116","nombre":"PICO/BOQUILLA ESTRELLA CERRADA PARPEN x1 2D","categoria":"Hogar-Bazar","subcategoria":"Picos/Cuplas/Mangas Y Sets","precio":3563.45,"destacado":false,"descripcion":"* (05/12/2025)","imagen":"assets/products/CA-779836371116.webp","tags":["pico","boquilla","estrella","cerrada","parpen"]},{"id":"CA-779836371148","nombre":"PICO/BOQUILLA ESTRELLA PARPEN x1 2E","categoria":"Hogar-Bazar","subcategoria":"Picos/Cuplas/Mangas Y Sets","precio":3563.45,"destacado":false,"descripcion":"* (05/12/2025)","imagen":"assets/products/CA-779836371148.webp","tags":["pico","boquilla","estrella","parpen"]},{"id":"CA-779836371146","nombre":"PICO/BOQUILLA PARA HOJAS PARPEN x1 114","categoria":"Hogar-Bazar","subcategoria":"Picos/Cuplas/Mangas Y Sets","precio":3563.45,"destacado":false,"descripcion":"* (05/12/2025)","imagen":"assets/products/CA-779836371146.webp","tags":["pico","boquilla","para","hojas","parpen","114"]},{"id":"CA-779836371149","nombre":"PICO/BOQUILLA PARA PASTO/PELO PARPEN x1 234","categoria":"Hogar-Bazar","subcategoria":"Picos/Cuplas/Mangas Y Sets","precio":3563.45,"destacado":false,"descripcion":"* (05/12/2025)","imagen":"assets/products/CA-779836371149.webp","tags":["pico","boquilla","para","pasto","pelo","parpen","234"]},{"id":"CA-779836371119","nombre":"PICO/BOQUILLA PARA PETALOS PARPEN x1 124","categoria":"Hogar-Bazar","subcategoria":"Picos/Cuplas/Mangas Y Sets","precio":3563.45,"destacado":false,"descripcion":"* (05/12/2025)","imagen":"assets/products/CA-779836371119.webp","tags":["pico","boquilla","para","petalos","parpen","124"]},{"id":"CA-779836371147","nombre":"PICO/BOQUILLA REDONDA PARPEN x1 C18","categoria":"Hogar-Bazar","subcategoria":"Picos/Cuplas/Mangas Y Sets","precio":3563.45,"destacado":false,"descripcion":"* (05/12/2025)","imagen":"assets/products/CA-779836371147.webp","tags":["pico","boquilla","redonda","parpen","c18"]},{"id":"CA-779836371150","nombre":"PICO/BOQUILLA REDONDA PARPEN x1 SH1","categoria":"Hogar-Bazar","subcategoria":"Picos/Cuplas/Mangas Y Sets","precio":3563.45,"destacado":false,"descripcion":"* (05/12/2025)","imagen":"assets/products/CA-779836371150.webp","tags":["pico","boquilla","redonda","parpen","sh1"]},{"id":"CA-779836371107","nombre":"PICO/BOQUILLA RUSA FLORAL PIMPOLLO PARPEN x1 BRF1","categoria":"Hogar-Bazar","subcategoria":"Picos/Cuplas/Mangas Y Sets","precio":5193.6,"destacado":false,"descripcion":"","imagen":"assets/products/CA-779836371107.webp","tags":["pico","boquilla","rusa","floral","pimpollo","parpen","brf1"]},{"id":"CA-779000014056","nombre":"PINCEL 100 % SILICONA COLOR 19 cm x1 DL6762","categoria":"Hogar-Bazar","subcategoria":"Silicona","precio":1379.14,"destacado":false,"descripcion":"","imagen":"assets/products/CA-779000014056.webp","tags":["pincel","100","silicona","color","dl6762"]},{"id":"CA-779000024432","nombre":"PINCEL 100 % SILICONA COLOR 20.5cm x1 CN18725","categoria":"Hogar-Bazar","subcategoria":"Silicona","precio":1644.5,"destacado":false,"descripcion":"","imagen":"assets/products/CA-779000024432.webp","tags":["pincel","100","silicona","color","5cm","cn18725"]},{"id":"CA-000000940476","nombre":"PINCEL 100 % SILICONA COLOR 26.5cm x1 940476","categoria":"Hogar-Bazar","subcategoria":"Silicona","precio":1820.0,"destacado":false,"descripcion":"","imagen":"assets/products/CA-000000940476.webp","tags":["pincel","100","silicona","color","5cm","940476"]},{"id":"CA-200020052531","nombre":"PINCEL 100% SILICONA COLOR NEGRO 27CM  x1 52531","categoria":"Hogar-Bazar","subcategoria":"Silicona","precio":1617.6,"destacado":false,"descripcion":"","imagen":"assets/products/CA-200020052531.webp","tags":["pincel","100","silicona","color","negro","27cm","52531"]},{"id":"CA-779000018336","nombre":"PINCEL DE SILICONA COLOR 22cm x1 DL11169","categoria":"Hogar-Bazar","subcategoria":"Silicona","precio":971.75,"destacado":false,"descripcion":"","imagen":"assets/products/CA-779000018336.webp","tags":["pincel","silicona","color","22cm","dl11169"]},{"id":"CA-379000103620","nombre":"PINCEL SILICONA 21cm x1 103620","categoria":"Hogar-Bazar","subcategoria":"Espatula/Batidor/Cuchara/Alisador","precio":1786.05,"destacado":false,"descripcion":"NUEVO 09/12/2025","imagen":"assets/products/CA-379000103620.webp","tags":["pincel","silicona","21cm","103620"]},{"id":"CA-379000103513","nombre":"PINCEL SILICONA 22cm x1 103513","categoria":"Hogar-Bazar","subcategoria":"Silicona","precio":1964.66,"destacado":false,"descripcion":"","imagen":"assets/products/CA-379000103513.webp","tags":["pincel","silicona","22cm","103513"]},{"id":"CA-779813202606","nombre":"PINCEL SILICONA MANGO ACRILICO x1 202606","categoria":"Hogar-Bazar","subcategoria":"Silicona","precio":742.75,"destacado":false,"descripcion":"","imagen":"assets/products/CA-779813202606.webp","tags":["pincel","silicona","mango","acrilico","202606"]},{"id":"CA-779813202836","nombre":"PINCEL SILICONA MANGO MADERA 27 cm x1 202836","categoria":"Hogar-Bazar","subcategoria":"Utensillos Varios","precio":1832.81,"destacado":false,"descripcion":"","imagen":"assets/products/CA-779813202836.webp","tags":["pincel","silicona","mango","madera","202836"]},{"id":"CA-692547162806","nombre":"PINCEL SILICONADO CHICO 16cm x1 MM 28-06","categoria":"Hogar-Bazar","subcategoria":"Silicona","precio":507.21,"destacado":false,"descripcion":"NUEVO 11/12/2025","imagen":"assets/products/CA-692547162806.webp","tags":["pincel","siliconado","chico","16cm"]},{"id":"CA-692204072806","nombre":"PINCEL SILICONADO CHICO 16cm x1 MM28-06","categoria":"Hogar-Bazar","subcategoria":"Silicona","precio":507.21,"destacado":false,"descripcion":"","imagen":"assets/products/CA-692204072806.webp","tags":["pincel","siliconado","chico","16cm","mm28"]},{"id":"CA-200020020696","nombre":"PINCEL SILICONADO GRANDE 22cm x1 BNB-20696","categoria":"Hogar-Bazar","subcategoria":"Silicona","precio":1147.49,"destacado":false,"descripcion":"","imagen":"assets/products/CA-200020020696.webp","tags":["pincel","siliconado","grande","22cm","bnb","20696"]},{"id":"CA-200020054374","nombre":"PINCEL SILICONADO GRIS 25cm x1 54374","categoria":"Hogar-Bazar","subcategoria":"Accesorios De Cocina","precio":1735.58,"destacado":false,"descripcion":"","imagen":"assets/products/CA-200020054374.webp","tags":["pincel","siliconado","gris","25cm","54374"]},{"id":"CA-200020154374","nombre":"PINCEL SILICONADO NEGRO 25cm x1 54374-N","categoria":"Hogar-Bazar","subcategoria":"Accesorios De Cocina","precio":1735.58,"destacado":false,"descripcion":"","imagen":"assets/products/CA-200020154374.webp","tags":["pincel","siliconado","negro","25cm","54374"]},{"id":"CA-200020022771","nombre":"PINZA DE ACERO 35 cm. x1 22771","categoria":"Hogar-Bazar","subcategoria":"Utensillos Varios","precio":1116.18,"destacado":false,"descripcion":"","imagen":"assets/products/CA-200020022771.webp","tags":["pinza","acero","22771"]},{"id":"CA-779558700560","nombre":"PINZA DE ALAMBRE CHICA LOEKEMEYER x1 560","categoria":"Hogar-Bazar","subcategoria":"Lokemeyer","precio":3378.24,"destacado":false,"descripcion":"","imagen":"assets/products/CA-779558700560.webp","tags":["pinza","alambre","chica","loekemeyer","560"]},{"id":"CA-200020022772","nombre":"PINZA DE COCINA ACERO 40cm x1 22772","categoria":"Hogar-Bazar","subcategoria":"Utensillos Varios","precio":1317.15,"destacado":false,"descripcion":"","imagen":"assets/products/CA-200020022772.webp","tags":["pinza","cocina","acero","40cm","22772"]},{"id":"CA-000000003516","nombre":"PINZA PARA FACTURAS x1","categoria":"Hogar-Bazar","subcategoria":"Utensillos Varios","precio":8747.52,"destacado":false,"descripcion":"","imagen":"assets/products/CA-000000003516.webp","tags":["pinza","para","facturas"]},{"id":"CA-779558700595","nombre":"PINZA PARA FIAMBRE ACERO INOX.LOEKEMEYER 595D","categoria":"Hogar-Bazar","subcategoria":"Lokemeyer","precio":4992.29,"destacado":false,"descripcion":"","imagen":"assets/products/CA-779558700595.webp","tags":["pinza","para","fiambre","acero","inox","loekemeyer","595d"]},{"id":"CA-000000003562","nombre":"PINZA PARA FIAMBRE x1","categoria":"Hogar-Bazar","subcategoria":"Utensillos Varios","precio":8747.52,"destacado":false,"descripcion":"","imagen":"assets/products/CA-000000003562.webp","tags":["pinza","para","fiambre"]},{"id":"CA-779329101174","nombre":"PIONONERA DOÑA CLARA Nº4 27x37cm 1174","categoria":"Hogar-Bazar","subcategoria":"Doña Clara","precio":11069.98,"destacado":false,"descripcion":"","imagen":"assets/products/CA-779329101174.webp","tags":["piononera","doña","clara","nº4","27x37cm","1174"]},{"id":"CA-779329101175","nombre":"PIONONERA DOÑA CLARA Nº5 30x40cm 1175","categoria":"Hogar-Bazar","subcategoria":"Doña Clara","precio":12943.65,"destacado":false,"descripcion":"","imagen":"assets/products/CA-779329101175.webp","tags":["piononera","doña","clara","nº5","30x40cm","1175"]},{"id":"CA-779329101176","nombre":"PIONONERA DOÑA CLARA Nº6 32x42cm 1176","categoria":"Hogar-Bazar","subcategoria":"Doña Clara","precio":14212.0,"destacado":false,"descripcion":"","imagen":"assets/products/CA-779329101176.webp","tags":["piononera","doña","clara","nº6","32x42cm","1176"]},{"id":"CA-000000001280","nombre":"PIONONERA HOJALATA LISA Nº4 34x24cm","categoria":"Hogar-Bazar","subcategoria":"Moldes De Hojalata","precio":9036.55,"destacado":false,"descripcion":"","imagen":"assets/products/CA-000000001280.webp","tags":["piononera","hojalata","lisa","nº4","34x24cm"]},{"id":"CA-000000001281","nombre":"PIONONERA HOJALATA LISA Nº5 38x30cm","categoria":"Hogar-Bazar","subcategoria":"Moldes De Hojalata","precio":10127.89,"destacado":false,"descripcion":"","imagen":"assets/products/CA-000000001281.webp","tags":["piononera","hojalata","lisa","nº5","38x30cm"]}]}