{"category_slug":"hogar_bazar","subcategory_slug":"","page":36,"page_size":48,"total":1839,"items":[{"id":"CA-779836371131","nombre":"SET PLACA PARA REALIZAR GOLOSINA CONEJITO x2 PARPEN  SPGC","categoria":"Hogar-Bazar","subcategoria":"Parpen","precio":4362.56,"destacado":false,"descripcion":"* (05/12/2025)","imagen":"assets/products/CA-779836371131.webp","tags":["set","placa","para","realizar","golosina","conejito","parpen","spgc"]},{"id":"CA-779836371133","nombre":"SET PLACA PARA REALIZAR HUEVO MAGICO PARPEN x2 SPHMP","categoria":"Hogar-Bazar","subcategoria":"Parpen","precio":4362.56,"destacado":false,"descripcion":"* (05/12/2025)","imagen":"assets/products/CA-779836371133.webp","tags":["set","placa","para","realizar","huevo","magico","parpen","sphmp"]},{"id":"CA-779836371036","nombre":"SET PLACA PARA TOPPERS PARA LOS AMIGOS PARPEN x2 SPTA","categoria":"Hogar-Bazar","subcategoria":"Parpen","precio":4050.31,"destacado":false,"descripcion":"* (05/12/2025)","imagen":"assets/products/CA-779836371036.webp","tags":["set","placa","para","toppers","para","los","amigos","parpen","spta"]},{"id":"CA-779836371051","nombre":"SET PLACA TABLETAS CONEJO X2 PARPEN SPTCZ","categoria":"Hogar-Bazar","subcategoria":"Parpen","precio":4362.56,"destacado":false,"descripcion":"* (05/12/2025)","imagen":"assets/products/CA-779836371051.webp","tags":["set","placa","tabletas","conejo","parpen","sptcz"]},{"id":"CA-200020050134","nombre":"SET RECIPIENTES HERMETICOS DE VIDRIO x3 50134","categoria":"Hogar-Bazar","subcategoria":"Vidrio","precio":12117.65,"destacado":false,"descripcion":"","imagen":"assets/products/CA-200020050134.webp","tags":["set","recipientes","hermeticos","vidrio","50134"]},{"id":"CA-200020054582","nombre":"SET RECIPIENTES HERMETICOS x3 54582","categoria":"Hogar-Bazar","subcategoria":"Accesorios De Cocina","precio":19558.96,"destacado":false,"descripcion":"","imagen":"assets/products/CA-200020054582.webp","tags":["set","recipientes","hermeticos","54582"]},{"id":"CA-200020054581","nombre":"SET RECIPIENTES PLASTICOS x3 54581","categoria":"Hogar-Bazar","subcategoria":"Accesorios De Cocina","precio":11177.78,"destacado":false,"descripcion":"","imagen":"assets/products/CA-200020054581.webp","tags":["set","recipientes","plasticos","54581"]},{"id":"CA-200020051170","nombre":"SET RECIPIENTES PLEGABLES  x4 51170","categoria":"Hogar-Bazar","subcategoria":"Accesorios De Cocina","precio":14180.13,"destacado":false,"descripcion":"","imagen":"assets/products/CA-200020051170.webp","tags":["set","recipientes","plegables","51170"]},{"id":"CA-000000036088","nombre":"SET REGLA MARCADORA COOPER x12","categoria":"Hogar-Bazar","subcategoria":"Cooper","precio":6221.33,"destacado":false,"descripcion":"","imagen":"assets/products/CA-000000036088.webp","tags":["set","regla","marcadora","cooper","x12"]},{"id":"CA-779000025199","nombre":"SET REPOSTERO (MANGA,PICO, ACOPLE, ESPATULA) x1 18670","categoria":"Hogar-Bazar","subcategoria":"Accesorios De Cocina","precio":3880.5,"destacado":false,"descripcion":"","imagen":"assets/products/CA-779000025199.webp","tags":["set","repostero","manga","pico","acople","espatula","18670"]},{"id":"CA-779813202510","nombre":"SET SALERO PIMENTERO DE VIDRIO 7.5cm x2u 202510","categoria":"Hogar-Bazar","subcategoria":"Vidrio","precio":1368.05,"destacado":false,"descripcion":"","imagen":"assets/products/CA-779813202510.webp","tags":["set","salero","pimentero","vidrio","5cm","x2u","202510"]},{"id":"CA-489413097824","nombre":"SET SHOT TEQUILA 7 PIEZAS x1 TJS-6PS","categoria":"Hogar-Bazar","subcategoria":"Vidrio","precio":12891.32,"destacado":false,"descripcion":"","imagen":"assets/products/CA-489413097824.webp","tags":["set","shot","tequila","piezas","tjs","6ps"]},{"id":"CA-779813202843","nombre":"SET SILICONADO PARA REPOSTERIA x3 202843","categoria":"Hogar-Bazar","subcategoria":"Silicona","precio":3142.56,"destacado":false,"descripcion":"","imagen":"assets/products/CA-779813202843.webp","tags":["set","siliconado","para","reposteria","202843"]},{"id":"CA-568483990041","nombre":"SET TAZAS MEDIDORAS LA BOTICA x4","categoria":"Hogar-Bazar","subcategoria":"La Botica","precio":4575.73,"destacado":false,"descripcion":"","imagen":"assets/products/CA-568483990041.webp","tags":["set","tazas","medidoras","botica"]},{"id":"CA-489413098029","nombre":"SET TENEDORES DE COPETIN x6 BK5-2/CT19025","categoria":"Hogar-Bazar","subcategoria":"Utensillos Varios","precio":1647.65,"destacado":false,"descripcion":"","imagen":"assets/products/CA-489413098029.webp","tags":["set","tenedores","copetin","bk5","ct19025"]},{"id":"CA-779813202163","nombre":"SET UNTADORES DE ACERO 10cm  x6 202163","categoria":"Hogar-Bazar","subcategoria":"Utensillos Varios","precio":1507.48,"destacado":false,"descripcion":"","imagen":"assets/products/CA-779813202163.webp","tags":["set","untadores","acero","10cm","202163"]},{"id":"CA-779813202016","nombre":"SET UTENSILLOS DE BAMBU x3 202016","categoria":"Hogar-Bazar","subcategoria":"Utensillos Varios","precio":1520.15,"destacado":false,"descripcion":"","imagen":"assets/products/CA-779813202016.webp","tags":["set","utensillos","bambu","202016"]},{"id":"CA-200020250695","nombre":"SET UTENSILLOS DE COCINA SILICONA x3 50695","categoria":"Hogar-Bazar","subcategoria":"Silicona","precio":3399.11,"destacado":false,"descripcion":"","imagen":"assets/products/CA-200020250695.webp","tags":["set","utensillos","cocina","silicona","50695"]},{"id":"CA-200020250696","nombre":"SET UTENSILLOS DE COCINA SILICONA x4 50696","categoria":"Hogar-Bazar","subcategoria":"Silicona","precio":4673.79,"destacado":false,"descripcion":"","imagen":"assets/products/CA-200020250696.webp","tags":["set","utensillos","cocina","silicona","50696"]},{"id":"CA-200020051584","nombre":"SET UTENSILLOS DE COCINA SILICONA x5 51584","categoria":"Hogar-Bazar","subcategoria":"Utensillos Varios","precio":5707.68,"destacado":false,"descripcion":"","imagen":"assets/products/CA-200020051584.webp","tags":["set","utensillos","cocina","silicona","51584"]},{"id":"CA-200020051585","nombre":"SET UTENSILLOS SILICONA x12 51585","categoria":"Hogar-Bazar","subcategoria":"Silicona","precio":15025.36,"destacado":false,"descripcion":"","imagen":"assets/products/CA-200020051585.webp","tags":["set","utensillos","silicona","x12","51585"]},{"id":"CA-200020350064","nombre":"SET VASO DOBLE PARED 80ml x2 50064","categoria":"Hogar-Bazar","subcategoria":"Vidrio","precio":5005.19,"destacado":false,"descripcion":"","imagen":"assets/products/CA-200020350064.webp","tags":["set","vaso","doble","pared","80ml","50064"]},{"id":"CA-200020042953","nombre":"SET VASO/ BOTELLAS PLASTICAS x3 42953","categoria":"Hogar-Bazar","subcategoria":"Vasos/Botellas/Luncheras","precio":9329.04,"destacado":false,"descripcion":"","imagen":"assets/products/CA-200020042953.webp","tags":["set","vaso","botellas","plasticas","42953"]},{"id":"CA-779000024269","nombre":"SET x 3 BOWL JASPEADO DE VIDRIO x1 CN18040","categoria":"Hogar-Bazar","subcategoria":"Vidrio","precio":15921.75,"destacado":false,"descripcion":"","imagen":"assets/products/CA-779000024269.webp","tags":["set","bowl","jaspeado","vidrio","cn18040"]},{"id":"CA-779000019825","nombre":"SET X 3 CANASTOS RECTANGULARES SIMIL RATAN x1 DL14737","categoria":"Hogar-Bazar","subcategoria":"Accesorios De Cocina","precio":15966.6,"destacado":false,"descripcion":"","imagen":"assets/products/CA-779000019825.webp","tags":["set","canastos","rectangulares","simil","ratan","dl14737"]},{"id":"CA-779000019826","nombre":"SET X 3 CANASTOS RECTANGULARES SIMIL RATAN x1 DL14738","categoria":"Hogar-Bazar","subcategoria":"Accesorios De Cocina","precio":15966.6,"destacado":false,"descripcion":"","imagen":"assets/products/CA-779000019826.webp","tags":["set","canastos","rectangulares","simil","ratan","dl14738"]},{"id":"CA-779000024279","nombre":"SET x 3 RECIPIENTES HERMETICOS DE VIDRIO CUADRADOS x1 CN18043","categoria":"Hogar-Bazar","subcategoria":"Vidrio","precio":20302.1,"destacado":false,"descripcion":"","imagen":"assets/products/CA-779000024279.webp","tags":["set","recipientes","hermeticos","vidrio","cuadrados","cn18043"]},{"id":"CA-779000024278","nombre":"SET x 3 RECIPIENTES HERMETICOS DE VIDRIO RECTANGULAR x1 CN18042","categoria":"Hogar-Bazar","subcategoria":"Vidrio","precio":20302.1,"destacado":false,"descripcion":"","imagen":"assets/products/CA-779000024278.webp","tags":["set","recipientes","hermeticos","vidrio","rectangular","cn18042"]},{"id":"CA-779000024280","nombre":"SET x 5 BOWL HERMETICOS DE VIDRIO  x1 CN18044","categoria":"Hogar-Bazar","subcategoria":"Vidrio","precio":7329.24,"destacado":false,"descripcion":"","imagen":"assets/products/CA-779000024280.webp","tags":["set","bowl","hermeticos","vidrio","cn18044"]},{"id":"CA-779000024249","nombre":"SET x 6 COMPOTERA LABRADA DE VIDRIO 13x6cm  x1 CN18038/H12130","categoria":"Hogar-Bazar","subcategoria":"Vidrio","precio":9022.33,"destacado":false,"descripcion":"","imagen":"assets/products/CA-779000024249.webp","tags":["set","compotera","labrada","vidrio","13x6cm","cn18038","h12130"]},{"id":"CA-779000024254","nombre":"SET x 6 COPA DE POSTRE LABRADA DE VIDRIO 10x10cm  x1 CN18736","categoria":"Hogar-Bazar","subcategoria":"Vidrio","precio":14665.95,"destacado":false,"descripcion":"","imagen":"assets/products/CA-779000024254.webp","tags":["set","copa","postre","labrada","vidrio","10x10cm","cn18736"]},{"id":"CA-695311015823","nombre":"SOPLETE PARA REPOSTERIA AZUL x1 AF15823","categoria":"Hogar-Bazar","subcategoria":"Accesorios De Cocina","precio":3997.66,"destacado":false,"descripcion":"","imagen":"assets/products/CA-695311015823.webp","tags":["soplete","para","reposteria","azul","af15823"]},{"id":"CA-695311015824","nombre":"SOPLETE PARA REPOSTERIA BLANCO x1 AF15824","categoria":"Hogar-Bazar","subcategoria":"Accesorios De Cocina","precio":3195.33,"destacado":false,"descripcion":"","imagen":"assets/products/CA-695311015824.webp","tags":["soplete","para","reposteria","blanco","af15824"]},{"id":"CA-678070101915","nombre":"SOPLETE PARA REPOSTERIA x1 920/H32-003A50","categoria":"Hogar-Bazar","subcategoria":"Accesorios De Cocina","precio":3572.95,"destacado":false,"descripcion":"","imagen":"assets/products/CA-678070101915.webp","tags":["soplete","para","reposteria","920","h32","003a50"]},{"id":"CA-779805929017","nombre":"SORRENTINO PLASTICO x8 093","categoria":"Hogar-Bazar","subcategoria":"Utensillos Varios","precio":1980.68,"destacado":false,"descripcion":"","imagen":"assets/products/CA-779805929017.webp","tags":["sorrentino","plastico","093"]},{"id":"CA-202031000000","nombre":"TABLA DE MADERA 33.5x23.5cm x1 202031","categoria":"Hogar-Bazar","subcategoria":"Accesorios De Cocina","precio":2027.15,"destacado":false,"descripcion":"","imagen":"assets/products/CA-202031000000.webp","tags":["tabla","madera","5x23","5cm","202031"]},{"id":"CA-202030000000","nombre":"TABLA DE MADERA 39.5x23.5cm x1 202030","categoria":"Hogar-Bazar","subcategoria":"Accesorios De Cocina","precio":3041.15,"destacado":false,"descripcion":"","imagen":"assets/products/CA-202030000000.webp","tags":["tabla","madera","5x23","5cm","202030"]},{"id":"CA-202034000000","nombre":"TABLA DE MADERA REDONDA 30cm x1 202034","categoria":"Hogar-Bazar","subcategoria":"Accesorios De Cocina","precio":2449.66,"destacado":false,"descripcion":"","imagen":"assets/products/CA-202034000000.webp","tags":["tabla","madera","redonda","30cm","202034"]},{"id":"CA-694464141175","nombre":"TABLA DE PICAR PLASTICA CON ANTIDESLIZANTE 20x15cm x1 SK-1175","categoria":"Hogar-Bazar","subcategoria":"Accesorios De Cocina","precio":2118.15,"destacado":false,"descripcion":"","imagen":"assets/products/CA-694464141175.webp","tags":["tabla","picar","plastica","con","antideslizante","20x15cm","1175"]},{"id":"CA-779000019797","nombre":"TABLA DE PICAR PLASTICA DECORADA 37cm x1 DL14561","categoria":"Hogar-Bazar","subcategoria":"Accesorios De Cocina","precio":4035.76,"destacado":false,"descripcion":"","imagen":"assets/products/CA-779000019797.webp","tags":["tabla","picar","plastica","decorada","37cm","dl14561"]},{"id":"CA-779228100846","nombre":"TABLA DE PICAR PLASTICA PLEGABLE LINEA FUSION NEGRA 21,5 x27cm x1 61FNE CAROL","categoria":"Hogar-Bazar","subcategoria":"Carol","precio":3900.0,"destacado":false,"descripcion":"","imagen":"assets/products/CA-779228100846.webp","tags":["tabla","picar","plastica","plegable","linea","fusion","negra","x27cm","61fne","carol"]},{"id":"CA-489413096528","nombre":"TABLA DECORADA VIDRIO TEMPLADO 30x20cm x1 2030","categoria":"Hogar-Bazar","subcategoria":"Accesorios De Cocina","precio":2472.53,"destacado":false,"descripcion":"","imagen":"assets/products/CA-489413096528.webp","tags":["tabla","decorada","vidrio","templado","30x20cm","2030"]},{"id":"CA-779000024477","nombre":"TABLA MADERA RECTANGULAR 39x26CM x1 19124","categoria":"Hogar-Bazar","subcategoria":"Accesorios De Cocina","precio":2616.25,"destacado":false,"descripcion":"","imagen":"assets/products/CA-779000024477.webp","tags":["tabla","madera","rectangular","39x26cm","19124"]},{"id":"CA-779000024491","nombre":"TABLA MADERA REDONDA 29CM x1 19126","categoria":"Hogar-Bazar","subcategoria":"Accesorios De Cocina","precio":2616.25,"destacado":false,"descripcion":"","imagen":"assets/products/CA-779000024491.webp","tags":["tabla","madera","redonda","29cm","19126"]},{"id":"CA-379000106054","nombre":"TABLA PARA PICAR DE MADERA 22x32cm x1 106054","categoria":"Hogar-Bazar","subcategoria":"Accesorios De Cocina","precio":7550.55,"destacado":false,"descripcion":"NUEVO 09/12/2025","imagen":"assets/products/CA-379000106054.webp","tags":["tabla","para","picar","madera","22x32cm","106054"]},{"id":"CA-379000106053","nombre":"TABLA PARA PICAR DE MADERA 24x34cm x1 106053","categoria":"Hogar-Bazar","subcategoria":"Accesorios De Cocina","precio":8495.55,"destacado":false,"descripcion":"NUEVO 09/12/2025","imagen":"assets/products/CA-379000106053.webp","tags":["tabla","para","picar","madera","24x34cm","106053"]},{"id":"CA-779813202336","nombre":"TABLA PLASTICA COLOR DISEÑO 23x37cm x1 202336","categoria":"Hogar-Bazar","subcategoria":"Accesorios De Cocina","precio":2111.66,"destacado":false,"descripcion":"","imagen":"assets/products/CA-779813202336.webp","tags":["tabla","plastica","color","diseño","23x37cm","202336"]},{"id":"CA-779000025368","nombre":"TAMIZADOR ACERO COLOR NEGRO 25CM x1 CN18001","categoria":"Hogar-Bazar","subcategoria":"Accesorios De Cocina","precio":3574.35,"destacado":false,"descripcion":"","imagen":"assets/products/CA-779000025368.webp","tags":["tamizador","acero","color","negro","25cm","cn18001"]}]}