{"category_slug":"hogar_bazar","subcategory_slug":"","page":29,"page_size":48,"total":1839,"items":[{"id":"CA-000000040646","nombre":"PICO COOPER COMUN ESTRELLA 30 x5u","categoria":"Hogar-Bazar","subcategoria":"Picos/Cuplas/Mangas Y Sets","precio":10097.75,"destacado":false,"descripcion":"","imagen":"assets/products/CA-000000040646.webp","tags":["pico","cooper","comun","estrella","x5u"]},{"id":"CA-000000040648","nombre":"PICO COOPER COMUN ESTRELLA 31 x5u","categoria":"Hogar-Bazar","subcategoria":"Picos/Cuplas/Mangas Y Sets","precio":10097.75,"destacado":false,"descripcion":"","imagen":"assets/products/CA-000000040648.webp","tags":["pico","cooper","comun","estrella","x5u"]},{"id":"CA-000000040593","nombre":"PICO COOPER COMUN ESTRELLA 32 x5u","categoria":"Hogar-Bazar","subcategoria":"Picos/Cuplas/Mangas Y Sets","precio":10097.75,"destacado":false,"descripcion":"","imagen":"assets/products/CA-000000040593.webp","tags":["pico","cooper","comun","estrella","x5u"]},{"id":"CA-000000040653","nombre":"PICO COOPER COMUN ESTRELLA 34 x5u","categoria":"Hogar-Bazar","subcategoria":"Picos/Cuplas/Mangas Y Sets","precio":10097.75,"destacado":false,"descripcion":"","imagen":"assets/products/CA-000000040653.webp","tags":["pico","cooper","comun","estrella","x5u"]},{"id":"CA-000000040656","nombre":"PICO COOPER COMUN ESTRELLA 36 x5u","categoria":"Hogar-Bazar","subcategoria":"Picos/Cuplas/Mangas Y Sets","precio":10097.75,"destacado":false,"descripcion":"","imagen":"assets/products/CA-000000040656.webp","tags":["pico","cooper","comun","estrella","x5u"]},{"id":"CA-000000040601","nombre":"PICO COOPER COMUN ESTRELLA 363 x5u","categoria":"Hogar-Bazar","subcategoria":"Picos/Cuplas/Mangas Y Sets","precio":10097.75,"destacado":false,"descripcion":"","imagen":"assets/products/CA-000000040601.webp","tags":["pico","cooper","comun","estrella","363","x5u"]},{"id":"CA-000000040602","nombre":"PICO COOPER COMUN ESTRELLA 364 x5u","categoria":"Hogar-Bazar","subcategoria":"Picos/Cuplas/Mangas Y Sets","precio":10097.75,"destacado":false,"descripcion":"","imagen":"assets/products/CA-000000040602.webp","tags":["pico","cooper","comun","estrella","364","x5u"]},{"id":"CA-000000040663","nombre":"PICO COOPER COMUN ESTRELLA 56 x5u","categoria":"Hogar-Bazar","subcategoria":"Picos/Cuplas/Mangas Y Sets","precio":10097.75,"destacado":false,"descripcion":"","imagen":"assets/products/CA-000000040663.webp","tags":["pico","cooper","comun","estrella","x5u"]},{"id":"CA-000000040664","nombre":"PICO COOPER COMUN ESTRELLA 82 x5u","categoria":"Hogar-Bazar","subcategoria":"Picos/Cuplas/Mangas Y Sets","precio":10097.75,"destacado":false,"descripcion":"","imagen":"assets/products/CA-000000040664.webp","tags":["pico","cooper","comun","estrella","x5u"]},{"id":"CA-000000040692","nombre":"PICO COOPER COMUN FLOR 108 x5u","categoria":"Hogar-Bazar","subcategoria":"Picos/Cuplas/Mangas Y Sets","precio":10097.75,"destacado":false,"descripcion":"","imagen":"assets/products/CA-000000040692.webp","tags":["pico","cooper","comun","flor","108","x5u"]},{"id":"CA-000000040693","nombre":"PICO COOPER COMUN FLOR 171 x5u","categoria":"Hogar-Bazar","subcategoria":"Picos/Cuplas/Mangas Y Sets","precio":10097.75,"destacado":false,"descripcion":"","imagen":"assets/products/CA-000000040693.webp","tags":["pico","cooper","comun","flor","171","x5u"]},{"id":"CA-000000040694","nombre":"PICO COOPER COMUN FLOR 186 x5u","categoria":"Hogar-Bazar","subcategoria":"Picos/Cuplas/Mangas Y Sets","precio":10097.75,"destacado":false,"descripcion":"","imagen":"assets/products/CA-000000040694.webp","tags":["pico","cooper","comun","flor","186","x5u"]},{"id":"CA-000000040625","nombre":"PICO COOPER COMUN HOJA 065 x5u","categoria":"Hogar-Bazar","subcategoria":"Picos/Cuplas/Mangas Y Sets","precio":10097.75,"destacado":false,"descripcion":"","imagen":"assets/products/CA-000000040625.webp","tags":["pico","cooper","comun","hoja","065","x5u"]},{"id":"CA-000000040627","nombre":"PICO COOPER COMUN HOJA 067 x5u","categoria":"Hogar-Bazar","subcategoria":"Picos/Cuplas/Mangas Y Sets","precio":10097.75,"destacado":false,"descripcion":"","imagen":"assets/products/CA-000000040627.webp","tags":["pico","cooper","comun","hoja","067","x5u"]},{"id":"CA-000000040628","nombre":"PICO COOPER COMUN HOJA 069 x5u","categoria":"Hogar-Bazar","subcategoria":"Picos/Cuplas/Mangas Y Sets","precio":10097.75,"destacado":false,"descripcion":"","imagen":"assets/products/CA-000000040628.webp","tags":["pico","cooper","comun","hoja","069","x5u"]},{"id":"CA-000000040629","nombre":"PICO COOPER COMUN HOJA 070 x5u","categoria":"Hogar-Bazar","subcategoria":"Picos/Cuplas/Mangas Y Sets","precio":10097.75,"destacado":false,"descripcion":"","imagen":"assets/products/CA-000000040629.webp","tags":["pico","cooper","comun","hoja","070","x5u"]},{"id":"CA-000000040635","nombre":"PICO COOPER COMUN HOJA 352 x5u","categoria":"Hogar-Bazar","subcategoria":"Picos/Cuplas/Mangas Y Sets","precio":10097.75,"destacado":false,"descripcion":"","imagen":"assets/products/CA-000000040635.webp","tags":["pico","cooper","comun","hoja","352","x5u"]},{"id":"CA-000000040619","nombre":"PICO COOPER COMUN HOJA 65 x5u","categoria":"Hogar-Bazar","subcategoria":"Picos/Cuplas/Mangas Y Sets","precio":10097.75,"destacado":false,"descripcion":"","imagen":"assets/products/CA-000000040619.webp","tags":["pico","cooper","comun","hoja","x5u"]},{"id":"CA-000000040621","nombre":"PICO COOPER COMUN HOJA 67 x5u","categoria":"Hogar-Bazar","subcategoria":"Picos/Cuplas/Mangas Y Sets","precio":10097.75,"destacado":false,"descripcion":"","imagen":"assets/products/CA-000000040621.webp","tags":["pico","cooper","comun","hoja","x5u"]},{"id":"CA-000000040622","nombre":"PICO COOPER COMUN HOJA 68 x5u","categoria":"Hogar-Bazar","subcategoria":"Picos/Cuplas/Mangas Y Sets","precio":10097.75,"destacado":false,"descripcion":"","imagen":"assets/products/CA-000000040622.webp","tags":["pico","cooper","comun","hoja","x5u"]},{"id":"CA-000000040630","nombre":"PICO COOPER COMUN HOJA 71 x5u","categoria":"Hogar-Bazar","subcategoria":"Picos/Cuplas/Mangas Y Sets","precio":10097.75,"destacado":false,"descripcion":"","imagen":"assets/products/CA-000000040630.webp","tags":["pico","cooper","comun","hoja","x5u"]},{"id":"CA-000000040631","nombre":"PICO COOPER COMUN HOJA 73 x5u","categoria":"Hogar-Bazar","subcategoria":"Picos/Cuplas/Mangas Y Sets","precio":10097.75,"destacado":false,"descripcion":"","imagen":"assets/products/CA-000000040631.webp","tags":["pico","cooper","comun","hoja","x5u"]},{"id":"CA-000000040613","nombre":"PICO COOPER COMUN PETALOS 101 x5u","categoria":"Hogar-Bazar","subcategoria":"Picos/Cuplas/Mangas Y Sets","precio":10097.75,"destacado":false,"descripcion":"","imagen":"assets/products/CA-000000040613.webp","tags":["pico","cooper","comun","petalos","101","x5u"]},{"id":"CA-000000040614","nombre":"PICO COOPER COMUN PETALOS 102 x5u","categoria":"Hogar-Bazar","subcategoria":"Picos/Cuplas/Mangas Y Sets","precio":10097.75,"destacado":false,"descripcion":"","imagen":"assets/products/CA-000000040614.webp","tags":["pico","cooper","comun","petalos","102","x5u"]},{"id":"CA-000000040615","nombre":"PICO COOPER COMUN PETALOS 103 x5u","categoria":"Hogar-Bazar","subcategoria":"Picos/Cuplas/Mangas Y Sets","precio":10097.75,"destacado":false,"descripcion":"","imagen":"assets/products/CA-000000040615.webp","tags":["pico","cooper","comun","petalos","103","x5u"]},{"id":"CA-000000040616","nombre":"PICO COOPER COMUN PETALOS 104 x5u","categoria":"Hogar-Bazar","subcategoria":"Picos/Cuplas/Mangas Y Sets","precio":10097.75,"destacado":false,"descripcion":"","imagen":"assets/products/CA-000000040616.webp","tags":["pico","cooper","comun","petalos","104","x5u"]},{"id":"CA-000000040617","nombre":"PICO COOPER COMUN PETALOS 150 x5u","categoria":"Hogar-Bazar","subcategoria":"Picos/Cuplas/Mangas Y Sets","precio":10097.75,"destacado":false,"descripcion":"","imagen":"assets/products/CA-000000040617.webp","tags":["pico","cooper","comun","petalos","150","x5u"]},{"id":"CA-000000040603","nombre":"PICO COOPER COMUN PETALOS 59* x5u","categoria":"Hogar-Bazar","subcategoria":"Picos/Cuplas/Mangas Y Sets","precio":10097.75,"destacado":false,"descripcion":"","imagen":"assets/products/CA-000000040603.webp","tags":["pico","cooper","comun","petalos","x5u"]},{"id":"CA-000000040608","nombre":"PICO COOPER COMUN PETALOS 63 x5u","categoria":"Hogar-Bazar","subcategoria":"Picos/Cuplas/Mangas Y Sets","precio":10097.75,"destacado":false,"descripcion":"","imagen":"assets/products/CA-000000040608.webp","tags":["pico","cooper","comun","petalos","x5u"]},{"id":"CA-000000040542","nombre":"PICO COOPER COMUN REDONDO 1 x5u","categoria":"Hogar-Bazar","subcategoria":"Picos/Cuplas/Mangas Y Sets","precio":10097.75,"destacado":false,"descripcion":"","imagen":"assets/products/CA-000000040542.webp","tags":["pico","cooper","comun","redondo","x5u"]},{"id":"CA-000000040562","nombre":"PICO COOPER COMUN REDONDO 10 x5u","categoria":"Hogar-Bazar","subcategoria":"Picos/Cuplas/Mangas Y Sets","precio":10097.75,"destacado":false,"descripcion":"","imagen":"assets/products/CA-000000040562.webp","tags":["pico","cooper","comun","redondo","x5u"]},{"id":"CA-000000040564","nombre":"PICO COOPER COMUN REDONDO 11 x5u","categoria":"Hogar-Bazar","subcategoria":"Picos/Cuplas/Mangas Y Sets","precio":10097.75,"destacado":false,"descripcion":"","imagen":"assets/products/CA-000000040564.webp","tags":["pico","cooper","comun","redondo","x5u"]},{"id":"CA-000000040544","nombre":"PICO COOPER COMUN REDONDO 2 x5u","categoria":"Hogar-Bazar","subcategoria":"Picos/Cuplas/Mangas Y Sets","precio":10097.75,"destacado":false,"descripcion":"","imagen":"assets/products/CA-000000040544.webp","tags":["pico","cooper","comun","redondo","x5u"]},{"id":"CA-000000040774","nombre":"PICO COOPER COMUN REDONDO 233 (PASTITO) x5u","categoria":"Hogar-Bazar","subcategoria":"Picos/Cuplas/Mangas Y Sets","precio":10097.75,"destacado":false,"descripcion":"","imagen":"assets/products/CA-000000040774.webp","tags":["pico","cooper","comun","redondo","233","pastito","x5u"]},{"id":"CA-000000040546","nombre":"PICO COOPER COMUN REDONDO 3 x5u","categoria":"Hogar-Bazar","subcategoria":"Picos/Cuplas/Mangas Y Sets","precio":10097.75,"destacado":false,"descripcion":"","imagen":"assets/products/CA-000000040546.webp","tags":["pico","cooper","comun","redondo","x5u"]},{"id":"CA-000000040548","nombre":"PICO COOPER COMUN REDONDO 4 x5u","categoria":"Hogar-Bazar","subcategoria":"Picos/Cuplas/Mangas Y Sets","precio":10097.75,"destacado":false,"descripcion":"","imagen":"assets/products/CA-000000040548.webp","tags":["pico","cooper","comun","redondo","x5u"]},{"id":"CA-000000040552","nombre":"PICO COOPER COMUN REDONDO 5 x5u","categoria":"Hogar-Bazar","subcategoria":"Picos/Cuplas/Mangas Y Sets","precio":10097.75,"destacado":false,"descripcion":"","imagen":"assets/products/CA-000000040552.webp","tags":["pico","cooper","comun","redondo","x5u"]},{"id":"CA-000000040554","nombre":"PICO COOPER COMUN REDONDO 6 x5u","categoria":"Hogar-Bazar","subcategoria":"Picos/Cuplas/Mangas Y Sets","precio":10097.75,"destacado":false,"descripcion":"","imagen":"assets/products/CA-000000040554.webp","tags":["pico","cooper","comun","redondo","x5u"]},{"id":"CA-000000040558","nombre":"PICO COOPER COMUN REDONDO 8 x5u","categoria":"Hogar-Bazar","subcategoria":"Picos/Cuplas/Mangas Y Sets","precio":10097.75,"destacado":false,"descripcion":"","imagen":"assets/products/CA-000000040558.webp","tags":["pico","cooper","comun","redondo","x5u"]},{"id":"CA-000000040560","nombre":"PICO COOPER COMUN REDONDO 9 x5u","categoria":"Hogar-Bazar","subcategoria":"Picos/Cuplas/Mangas Y Sets","precio":10097.75,"destacado":false,"descripcion":"","imagen":"assets/products/CA-000000040560.webp","tags":["pico","cooper","comun","redondo","x5u"]},{"id":"CA-000000040682","nombre":"PICO COOPER COMUN VOLADOS 147 x5u","categoria":"Hogar-Bazar","subcategoria":"Picos/Cuplas/Mangas Y Sets","precio":10097.75,"destacado":false,"descripcion":"","imagen":"assets/products/CA-000000040682.webp","tags":["pico","cooper","comun","volados","147","x5u"]},{"id":"CA-000000040697","nombre":"PICO COOPER ESPECIAL FLOR 109 x5u","categoria":"Hogar-Bazar","subcategoria":"Picos/Cuplas/Mangas Y Sets","precio":12760.87,"destacado":false,"descripcion":"","imagen":"assets/products/CA-000000040697.webp","tags":["pico","cooper","especial","flor","109","x5u"]},{"id":"CA-000000040700","nombre":"PICO COOPER ESPECIAL FLOR 131 x5u","categoria":"Hogar-Bazar","subcategoria":"Picos/Cuplas/Mangas Y Sets","precio":12760.87,"destacado":false,"descripcion":"","imagen":"assets/products/CA-000000040700.webp","tags":["pico","cooper","especial","flor","131","x5u"]},{"id":"CA-000000040701","nombre":"PICO COOPER ESPECIAL FLOR 136 x5u","categoria":"Hogar-Bazar","subcategoria":"Picos/Cuplas/Mangas Y Sets","precio":12760.87,"destacado":false,"descripcion":"","imagen":"assets/products/CA-000000040701.webp","tags":["pico","cooper","especial","flor","136","x5u"]},{"id":"CA-000000040702","nombre":"PICO COOPER ESPECIAL FLOR 139 x5u","categoria":"Hogar-Bazar","subcategoria":"Picos/Cuplas/Mangas Y Sets","precio":12760.87,"destacado":false,"descripcion":"","imagen":"assets/products/CA-000000040702.webp","tags":["pico","cooper","especial","flor","139","x5u"]},{"id":"CA-000000040704","nombre":"PICO COOPER ESPECIAL FLOR 170 x5u","categoria":"Hogar-Bazar","subcategoria":"Picos/Cuplas/Mangas Y Sets","precio":12760.87,"destacado":false,"descripcion":"","imagen":"assets/products/CA-000000040704.webp","tags":["pico","cooper","especial","flor","170","x5u"]},{"id":"CA-000000040706","nombre":"PICO COOPER ESPECIAL FLOR 191 x5u","categoria":"Hogar-Bazar","subcategoria":"Picos/Cuplas/Mangas Y Sets","precio":12760.87,"destacado":false,"descripcion":"","imagen":"assets/products/CA-000000040706.webp","tags":["pico","cooper","especial","flor","191","x5u"]},{"id":"CA-000000040707","nombre":"PICO COOPER ESPECIAL FLOR 192 x5u","categoria":"Hogar-Bazar","subcategoria":"Picos/Cuplas/Mangas Y Sets","precio":12760.87,"destacado":false,"descripcion":"","imagen":"assets/products/CA-000000040707.webp","tags":["pico","cooper","especial","flor","192","x5u"]}]}