{"category_slug":"hogar_bazar","subcategory_slug":"","page":12,"page_size":48,"total":1839,"items":[{"id":"CA-000000013345","nombre":"CORTANTE MULTY MUÑECO JENGIBRE x1 ART 58 (38)","categoria":"Hogar-Bazar","subcategoria":"Cortantes Multy","precio":1266.41,"destacado":false,"descripcion":"","imagen":"assets/products/CA-000000013345.webp","tags":["cortante","multy","muñeco","jengibre","art"]},{"id":"CA-000000046984","nombre":"CORTANTE MULTY NAVIDEÑO BASTON x1 ART 162 (162)","categoria":"Hogar-Bazar","subcategoria":"Cortantes Multy","precio":2386.96,"destacado":false,"descripcion":"","imagen":"assets/products/CA-000000046984.webp","tags":["cortante","multy","navideño","baston","art","162","162"]},{"id":"CA-000000046987","nombre":"CORTANTE MULTY NAVIDEÑO CAMPANAS  x1 ART 161 (161)","categoria":"Hogar-Bazar","subcategoria":"Cortantes Multy","precio":2386.96,"destacado":false,"descripcion":"","imagen":"assets/products/CA-000000046987.webp","tags":["cortante","multy","navideño","campanas","art","161","161"]},{"id":"CA-000000046988","nombre":"CORTANTE MULTY NAVIDEÑO PAPA NOEL EN TRINEO x1 ART 160 (160)","categoria":"Hogar-Bazar","subcategoria":"Cortantes Multy","precio":2386.96,"destacado":false,"descripcion":"","imagen":"assets/products/CA-000000046988.webp","tags":["cortante","multy","navideño","papa","noel","trineo","art","160","160"]},{"id":"CA-000000046985","nombre":"CORTANTE MULTY NAVIDEÑO RENO x1 ART 159 (159)","categoria":"Hogar-Bazar","subcategoria":"Cortantes Multy","precio":2386.96,"destacado":false,"descripcion":"","imagen":"assets/products/CA-000000046985.webp","tags":["cortante","multy","navideño","reno","art","159","159"]},{"id":"CA-000000004879","nombre":"CORTANTE MULTY NO ME OLVIDES x1 ART 1 (40)","categoria":"Hogar-Bazar","subcategoria":"Cortantes Multy","precio":1400.37,"destacado":false,"descripcion":"","imagen":"assets/products/CA-000000004879.webp","tags":["cortante","multy","olvides","art"]},{"id":"CA-000000013285","nombre":"CORTANTE MULTY PALOMA GRANDE x1 ART 52 (41)","categoria":"Hogar-Bazar","subcategoria":"Cortantes Multy","precio":1448.89,"destacado":false,"descripcion":"","imagen":"assets/products/CA-000000013285.webp","tags":["cortante","multy","paloma","grande","art"]},{"id":"CA-000000005111","nombre":"CORTANTE MULTY PALOMA x1 ART 15 (43)","categoria":"Hogar-Bazar","subcategoria":"Cortantes Multy","precio":844.99,"destacado":false,"descripcion":"","imagen":"assets/products/CA-000000005111.webp","tags":["cortante","multy","paloma","art"]},{"id":"CA-000000005336","nombre":"CORTANTE MULTY PASTELITO Nº10 10x10cm x1 N°44","categoria":"Hogar-Bazar","subcategoria":"Cortantes Multy","precio":1721.87,"destacado":false,"descripcion":"","imagen":"assets/products/CA-000000005336.webp","tags":["cortante","multy","pastelito","nº10","10x10cm"]},{"id":"CA-000000006937","nombre":"CORTANTE MULTY PASTELITO Nº4 4x4cm x1 N°45","categoria":"Hogar-Bazar","subcategoria":"Cortantes Multy","precio":1297.68,"destacado":false,"descripcion":"","imagen":"assets/products/CA-000000006937.webp","tags":["cortante","multy","pastelito","nº4","4x4cm"]},{"id":"CA-000000002254","nombre":"CORTANTE MULTY PASTELITO Nº5 5x5cm x1 N°46","categoria":"Hogar-Bazar","subcategoria":"Cortantes Multy","precio":1438.66,"destacado":false,"descripcion":"","imagen":"assets/products/CA-000000002254.webp","tags":["cortante","multy","pastelito","nº5","5x5cm"]},{"id":"CA-000000005337","nombre":"CORTANTE MULTY PASTELITO Nº8 8x8cm x1 N°47","categoria":"Hogar-Bazar","subcategoria":"Cortantes Multy","precio":1541.9,"destacado":false,"descripcion":"","imagen":"assets/products/CA-000000005337.webp","tags":["cortante","multy","pastelito","nº8","8x8cm"]},{"id":"CA-000000031894","nombre":"CORTANTE MULTY PIE x2 (119)","categoria":"Hogar-Bazar","subcategoria":"Cortantes Multy","precio":1905.74,"destacado":false,"descripcion":"","imagen":"assets/products/CA-000000031894.webp","tags":["cortante","multy","pie","119"]},{"id":"CA-000000004944","nombre":"CORTANTE MULTY ROSA CHICA x1 ART 2 (48)","categoria":"Hogar-Bazar","subcategoria":"Cortantes Multy","precio":1400.37,"destacado":false,"descripcion":"","imagen":"assets/products/CA-000000004944.webp","tags":["cortante","multy","rosa","chica","art"]},{"id":"CA-000000004993","nombre":"CORTANTE MULTY ROSA MEDIANA x1 ART 16 (50)","categoria":"Hogar-Bazar","subcategoria":"Cortantes Multy","precio":1400.37,"destacado":false,"descripcion":"","imagen":"assets/products/CA-000000004993.webp","tags":["cortante","multy","rosa","mediana","art"]},{"id":"CA-000000013290","nombre":"CORTANTE MULTY TREBOL x1 (51)","categoria":"Hogar-Bazar","subcategoria":"Cortantes Multy","precio":1266.47,"destacado":false,"descripcion":"","imagen":"assets/products/CA-000000013290.webp","tags":["cortante","multy","trebol"]},{"id":"CA-000000039565","nombre":"CORTANTE MULTY UNICORNIO x1 ART 136 (52)","categoria":"Hogar-Bazar","subcategoria":"Cortantes Multy","precio":1912.45,"destacado":false,"descripcion":"","imagen":"assets/products/CA-000000039565.webp","tags":["cortante","multy","unicornio","art","136"]},{"id":"CA-000000033644","nombre":"CORTANTE NAVIDEÑO MUÑECO DE NIEVE x1 GA20 FLOGUS","categoria":"Hogar-Bazar","subcategoria":"Cortantes Flogus","precio":1610.0,"destacado":false,"descripcion":"","imagen":"assets/products/CA-000000033644.webp","tags":["cortante","navideño","muñeco","nieve","ga20","flogus"]},{"id":"CA-000000025674","nombre":"CORTANTE NAVIDEÑO MUÑECO JENGIBRE GRANDE x1 FA116 FLOGUS","categoria":"Hogar-Bazar","subcategoria":"Cortantes Flogus","precio":2042.04,"destacado":false,"descripcion":"","imagen":"assets/products/CA-000000025674.webp","tags":["cortante","navideño","muñeco","jengibre","grande","fa116","flogus"]},{"id":"CA-000000036935","nombre":"CORTANTE NAVIDEÑO PARA GALLETA ANGEL GRANDE x1 FA106 FLOGUS","categoria":"Hogar-Bazar","subcategoria":"Cortantes Flogus","precio":2002.0,"destacado":false,"descripcion":"","imagen":"assets/products/CA-000000036935.webp","tags":["cortante","navideño","para","galleta","angel","grande","fa106","flogus"]},{"id":"CA-000000033605","nombre":"CORTANTE NAVIDEÑO PARA GALLETAS BASTON GRANDE x1 GA19 FLOGUS","categoria":"Hogar-Bazar","subcategoria":"Cortantes Flogus","precio":1608.88,"destacado":false,"descripcion":"","imagen":"assets/products/CA-000000033605.webp","tags":["cortante","navideño","para","galletas","baston","grande","ga19","flogus"]},{"id":"CA-779000019708","nombre":"CORTANTE PLASTICO VARIAS FORMAS (corazon-flor-estrella-cuadrado-redondo-arbol)  x5 DL14207","categoria":"Hogar-Bazar","subcategoria":"Cortantes Varios/Sellos","precio":1663.7,"destacado":false,"descripcion":"","imagen":"assets/products/CA-779000019708.webp","tags":["cortante","plastico","varias","formas","corazon","flor","estrella","cuadrado","redondo","arbol","dl14207"]},{"id":"CA-692924200652","nombre":"CORTANTE PLASTICO VARIAS FORMAS x5 YW20-065","categoria":"Hogar-Bazar","subcategoria":"Cortantes Varios/Sellos","precio":1663.7,"destacado":false,"descripcion":"","imagen":"assets/products/CA-692924200652.webp","tags":["cortante","plastico","varias","formas","yw20","065"]},{"id":"CA-000000021685","nombre":"CORTANTE REDONDO LISO Nº10 10cm x2","categoria":"Hogar-Bazar","subcategoria":"Cortantes Varios/Sellos","precio":1860.08,"destacado":false,"descripcion":"","imagen":"assets/products/CA-000000021685.webp","tags":["cortante","redondo","liso","nº10","10cm"]},{"id":"CA-000000021686","nombre":"CORTANTE REDONDO LISO Nº11 11cm x2","categoria":"Hogar-Bazar","subcategoria":"Cortantes Varios/Sellos","precio":1995.9,"destacado":false,"descripcion":"","imagen":"assets/products/CA-000000021686.webp","tags":["cortante","redondo","liso","nº11","11cm"]},{"id":"CA-000000021687","nombre":"CORTANTE REDONDO LISO Nº12 12cm x2","categoria":"Hogar-Bazar","subcategoria":"Cortantes Varios/Sellos","precio":2205.59,"destacado":false,"descripcion":"","imagen":"assets/products/CA-000000021687.webp","tags":["cortante","redondo","liso","nº12","12cm"]},{"id":"CA-000000021688","nombre":"CORTANTE REDONDO LISO Nº13 13cm x2","categoria":"Hogar-Bazar","subcategoria":"Cortantes Varios/Sellos","precio":2321.9,"destacado":false,"descripcion":"","imagen":"assets/products/CA-000000021688.webp","tags":["cortante","redondo","liso","nº13","13cm"]},{"id":"CA-000000021689","nombre":"CORTANTE REDONDO LISO Nº14 14cm x2","categoria":"Hogar-Bazar","subcategoria":"Cortantes Varios/Sellos","precio":2532.99,"destacado":false,"descripcion":"","imagen":"assets/products/CA-000000021689.webp","tags":["cortante","redondo","liso","nº14","14cm"]},{"id":"CA-000000021690","nombre":"CORTANTE REDONDO LISO Nº15 15cm x2","categoria":"Hogar-Bazar","subcategoria":"Cortantes Varios/Sellos","precio":2570.86,"destacado":false,"descripcion":"","imagen":"assets/products/CA-000000021690.webp","tags":["cortante","redondo","liso","nº15","15cm"]},{"id":"CA-000000021698","nombre":"CORTANTE REDONDO LISO Nº2 2cm x6","categoria":"Hogar-Bazar","subcategoria":"Cortantes Varios/Sellos","precio":3078.14,"destacado":false,"descripcion":"","imagen":"assets/products/CA-000000021698.webp","tags":["cortante","redondo","liso","nº2","2cm"]},{"id":"CA-000000021691","nombre":"CORTANTE REDONDO LISO Nº3 3cm x6","categoria":"Hogar-Bazar","subcategoria":"Cortantes Varios/Sellos","precio":3139.14,"destacado":false,"descripcion":"","imagen":"assets/products/CA-000000021691.webp","tags":["cortante","redondo","liso","nº3","3cm"]},{"id":"CA-000000021692","nombre":"CORTANTE REDONDO LISO Nº4 4cm x6","categoria":"Hogar-Bazar","subcategoria":"Cortantes Varios/Sellos","precio":3502.71,"destacado":false,"descripcion":"","imagen":"assets/products/CA-000000021692.webp","tags":["cortante","redondo","liso","nº4","4cm"]},{"id":"CA-000000021693","nombre":"CORTANTE REDONDO LISO Nº5 5cm x6","categoria":"Hogar-Bazar","subcategoria":"Cortantes Varios/Sellos","precio":3724.48,"destacado":false,"descripcion":"","imagen":"assets/products/CA-000000021693.webp","tags":["cortante","redondo","liso","nº5","5cm"]},{"id":"CA-000000021694","nombre":"CORTANTE REDONDO LISO Nº6 6cm x6","categoria":"Hogar-Bazar","subcategoria":"Cortantes Varios/Sellos","precio":4109.51,"destacado":false,"descripcion":"","imagen":"assets/products/CA-000000021694.webp","tags":["cortante","redondo","liso","nº6","6cm"]},{"id":"CA-000000021695","nombre":"CORTANTE REDONDO LISO Nº7 7cm x4","categoria":"Hogar-Bazar","subcategoria":"Cortantes Varios/Sellos","precio":3008.25,"destacado":false,"descripcion":"","imagen":"assets/products/CA-000000021695.webp","tags":["cortante","redondo","liso","nº7","7cm"]},{"id":"CA-000000021696","nombre":"CORTANTE REDONDO LISO Nº8 8cm x4","categoria":"Hogar-Bazar","subcategoria":"Cortantes Varios/Sellos","precio":3169.3,"destacado":false,"descripcion":"","imagen":"assets/products/CA-000000021696.webp","tags":["cortante","redondo","liso","nº8","8cm"]},{"id":"CA-000000021697","nombre":"CORTANTE REDONDO LISO Nº9 9cm x4","categoria":"Hogar-Bazar","subcategoria":"Cortantes Varios/Sellos","precio":3396.72,"destacado":false,"descripcion":"","imagen":"assets/products/CA-000000021697.webp","tags":["cortante","redondo","liso","nº9","9cm"]},{"id":"CA-568483990309","nombre":"CORTANTE REJILLA PARA PASTAFROLA FACIL FROLA LA BOTICA x1","categoria":"Hogar-Bazar","subcategoria":"La Botica","precio":13766.92,"destacado":false,"descripcion":"","imagen":"assets/products/CA-568483990309.webp","tags":["cortante","rejilla","para","pastafrola","facil","frola","botica"]},{"id":"CA-779842192005","nombre":"CORTANTES CLASSY CURSIVA MAYUSCULA MINUSCULA Y NUMEROS LA BOTICA x8  BOTI008B","categoria":"Hogar-Bazar","subcategoria":"La Botica","precio":10750.44,"destacado":false,"descripcion":"","imagen":"assets/products/CA-779842192005.webp","tags":["cortantes","classy","cursiva","mayuscula","minuscula","numeros","botica","boti008b"]},{"id":"CA-568483990050","nombre":"CORTANTES GEOMETRICOS CIRCULOS LA BOTICA x2  Boti046B","categoria":"Hogar-Bazar","subcategoria":"La Botica","precio":2981.71,"destacado":false,"descripcion":"","imagen":"assets/products/CA-568483990050.webp","tags":["cortantes","geometricos","circulos","botica","boti046b"]},{"id":"CA-568483990052","nombre":"CORTANTES GEOMETRICOS CUADRADOS LA BOTICA x2 Boti047B","categoria":"Hogar-Bazar","subcategoria":"La Botica","precio":2981.71,"destacado":false,"descripcion":"","imagen":"assets/products/CA-568483990052.webp","tags":["cortantes","geometricos","cuadrados","botica","boti047b"]},{"id":"CA-568483990312","nombre":"CORTANTES GEOMETRICOS DIAMANTES LA BOTICA x2 Boti023","categoria":"Hogar-Bazar","subcategoria":"La Botica","precio":2981.71,"destacado":false,"descripcion":"","imagen":"assets/products/CA-568483990312.webp","tags":["cortantes","geometricos","diamantes","botica","boti023"]},{"id":"CA-568483990311","nombre":"CORTANTES GEOMETRICOS HEXAGONOS LA BOTICA x2 Boti022","categoria":"Hogar-Bazar","subcategoria":"La Botica","precio":2981.71,"destacado":false,"descripcion":"","imagen":"assets/products/CA-568483990311.webp","tags":["cortantes","geometricos","hexagonos","botica","boti022"]},{"id":"CA-779329102174","nombre":"CORTANTES JUEGO CORAZONES x4 205 DOÑA CLARA","categoria":"Hogar-Bazar","subcategoria":"Doña Clara","precio":5905.99,"destacado":false,"descripcion":"","imagen":"assets/products/CA-779329102174.webp","tags":["cortantes","juego","corazones","205","doña","clara"]},{"id":"CA-779329102216","nombre":"CORTANTES JUEGO ESTRELLAS x4 2216 DOÑA CLARA","categoria":"Hogar-Bazar","subcategoria":"Doña Clara","precio":5407.92,"destacado":false,"descripcion":"","imagen":"assets/products/CA-779329102216.webp","tags":["cortantes","juego","estrellas","2216","doña","clara"]},{"id":"CA-779329102112","nombre":"CORTANTES JUEGO SCONS x4 218 DOÑA CLARA","categoria":"Hogar-Bazar","subcategoria":"Doña Clara","precio":6081.81,"destacado":false,"descripcion":"","imagen":"assets/products/CA-779329102112.webp","tags":["cortantes","juego","scons","218","doña","clara"]},{"id":"CA-568483990294","nombre":"CORTANTES LETRAS FUNKY LA BOTICA  x 6 BOTI002B","categoria":"Hogar-Bazar","subcategoria":"La Botica","precio":6116.93,"destacado":false,"descripcion":"","imagen":"assets/products/CA-568483990294.webp","tags":["cortantes","letras","funky","botica","boti002b"]},{"id":"CA-779842192014","nombre":"CORTANTES LETRAS Y NUMEROS ROUNDY LA BOTICA   x4 BOTI006B","categoria":"Hogar-Bazar","subcategoria":"La Botica","precio":5607.29,"destacado":false,"descripcion":"","imagen":"assets/products/CA-779842192014.webp","tags":["cortantes","letras","numeros","roundy","botica","boti006b"]}]}