{"category_slug":"hogar_bazar","subcategory_slug":"","page":20,"page_size":48,"total":1839,"items":[{"id":"CA-000000046263","nombre":"MOLDE CUADRADO ALTURA 4 ALUMINIO 18 cm x1 R.C","categoria":"Hogar-Bazar","subcategoria":"Moldes De Aluminio","precio":9649.87,"destacado":false,"descripcion":"","imagen":"assets/products/CA-000000046263.webp","tags":["molde","cuadrado","altura","aluminio"]},{"id":"CA-000000046264","nombre":"MOLDE CUADRADO ALTURA 4 ALUMINIO 20 cm x1 R.C","categoria":"Hogar-Bazar","subcategoria":"Moldes De Aluminio","precio":10386.09,"destacado":false,"descripcion":"","imagen":"assets/products/CA-000000046264.webp","tags":["molde","cuadrado","altura","aluminio"]},{"id":"CA-000000046265","nombre":"MOLDE CUADRADO ALTURA 4 ALUMINIO 22 cm x1 R.C","categoria":"Hogar-Bazar","subcategoria":"Moldes De Aluminio","precio":11110.91,"destacado":false,"descripcion":"","imagen":"assets/products/CA-000000046265.webp","tags":["molde","cuadrado","altura","aluminio"]},{"id":"CA-200020054687","nombre":"MOLDE DE SILICONA 12 MINI SAVARIN x1 54687","categoria":"Hogar-Bazar","subcategoria":"Silicona","precio":3248.94,"destacado":false,"descripcion":"","imagen":"assets/products/CA-200020054687.webp","tags":["molde","silicona","mini","savarin","54687"]},{"id":"CA-779000024413","nombre":"MOLDE DE SILICONA 4 HELADOS CON PALITOS x1 CN18331","categoria":"Hogar-Bazar","subcategoria":"Silicona","precio":3292.74,"destacado":false,"descripcion":"","imagen":"assets/products/CA-779000024413.webp","tags":["molde","silicona","helados","con","palitos","cn18331"]},{"id":"CA-200020054686","nombre":"MOLDE DE SILICONA 6 SAVARIN x1 54686","categoria":"Hogar-Bazar","subcategoria":"Silicona","precio":3161.13,"destacado":false,"descripcion":"","imagen":"assets/products/CA-200020054686.webp","tags":["molde","silicona","savarin","54686"]},{"id":"CA-000000057027","nombre":"MOLDE DE SILICONA ABECEDARIO x5","categoria":"Hogar-Bazar","subcategoria":"Silicona","precio":8120.31,"destacado":false,"descripcion":"","imagen":"assets/products/CA-000000057027.webp","tags":["molde","silicona","abecedario"]},{"id":"CA-379000103543","nombre":"MOLDE DE SILICONA BOMBONES DINOSAURIOS x10 103543","categoria":"Hogar-Bazar","subcategoria":"Silicona","precio":15110.55,"destacado":false,"descripcion":"* (09/12/2025)","imagen":"assets/products/CA-379000103543.webp","tags":["molde","silicona","bombones","dinosaurios","x10","103543"]},{"id":"CA-379000103545","nombre":"MOLDE DE SILICONA BOMBONES FLORES x10 103545","categoria":"Hogar-Bazar","subcategoria":"Silicona","precio":15110.55,"destacado":false,"descripcion":"NUEVO 09/12/2025","imagen":"assets/products/CA-379000103545.webp","tags":["molde","silicona","bombones","flores","x10","103545"]},{"id":"CA-379000103546","nombre":"MOLDE DE SILICONA BOMBONES FLORES x10 103546","categoria":"Hogar-Bazar","subcategoria":"Silicona","precio":15110.55,"destacado":false,"descripcion":"NUEVO 09/12/2025","imagen":"assets/products/CA-379000103546.webp","tags":["molde","silicona","bombones","flores","x10","103546"]},{"id":"CA-379000103547","nombre":"MOLDE DE SILICONA BOMBONES INSECTOS x10 103547","categoria":"Hogar-Bazar","subcategoria":"Silicona","precio":15110.55,"destacado":false,"descripcion":"* (09/12/2025)","imagen":"assets/products/CA-379000103547.webp","tags":["molde","silicona","bombones","insectos","x10","103547"]},{"id":"CA-379000103549","nombre":"MOLDE DE SILICONA BOMBONES NUMEROS x10 103549","categoria":"Hogar-Bazar","subcategoria":"Silicona","precio":15110.55,"destacado":false,"descripcion":"NUEVO 09/12/2025","imagen":"assets/products/CA-379000103549.webp","tags":["molde","silicona","bombones","numeros","x10","103549"]},{"id":"CA-200020050729","nombre":"MOLDE DE SILICONA BUDIN 25x11cm  x1 50729","categoria":"Hogar-Bazar","subcategoria":"Silicona","precio":3073.38,"destacado":false,"descripcion":"","imagen":"assets/products/CA-200020050729.webp","tags":["molde","silicona","budin","25x11cm","50729"]},{"id":"CA-200020050727","nombre":"MOLDE DE SILICONA CUADRADO LISO 25x24cm  x1 50727","categoria":"Hogar-Bazar","subcategoria":"Silicona","precio":4553.28,"destacado":false,"descripcion":"","imagen":"assets/products/CA-200020050727.webp","tags":["molde","silicona","cuadrado","liso","25x24cm","50727"]},{"id":"CA-379000103544","nombre":"MOLDE DE SILICONA MINI TABLETAS x10 103544","categoria":"Hogar-Bazar","subcategoria":"Silicona","precio":15110.55,"destacado":false,"descripcion":"NUEVO 09/12/2025","imagen":"assets/products/CA-379000103544.webp","tags":["molde","silicona","mini","tabletas","x10","103544"]},{"id":"CA-000000056895","nombre":"MOLDE DE SILICONA PARA BOMBONES CUCHARITAS 21cm x11cm X5","categoria":"Hogar-Bazar","subcategoria":"Silicona","precio":8432.63,"destacado":false,"descripcion":"","imagen":"assets/products/CA-000000056895.webp","tags":["molde","silicona","para","bombones","cucharitas","21cm","x11cm"]},{"id":"CA-000000056894","nombre":"MOLDE DE SILICONA PARA BOMBONES MUSICAL 21cm x10.5cm x5","categoria":"Hogar-Bazar","subcategoria":"Silicona","precio":8432.63,"destacado":false,"descripcion":"","imagen":"assets/products/CA-000000056894.webp","tags":["molde","silicona","para","bombones","musical","21cm","x10","5cm"]},{"id":"CA-000000035372","nombre":"MOLDE DE SILICONA PUNTILLA CUPCAKE Nº55x1 MAMA DORA","categoria":"Hogar-Bazar","subcategoria":"Silicona","precio":127.07,"destacado":false,"descripcion":"","imagen":"assets/products/CA-000000035372.webp","tags":["molde","silicona","puntilla","cupcake","nº55x1","mama","dora"]},{"id":"CA-200020050728","nombre":"MOLDE DE SILICONA RECTANGULAR CON ONDAS 27x25cm  x1 50728","categoria":"Hogar-Bazar","subcategoria":"Silicona","precio":4837.86,"destacado":false,"descripcion":"","imagen":"assets/products/CA-200020050728.webp","tags":["molde","silicona","rectangular","con","ondas","27x25cm","50728"]},{"id":"CA-200020050738","nombre":"MOLDE DE SILICONA REDONDO 24cm x1 50738","categoria":"Hogar-Bazar","subcategoria":"Silicona","precio":3248.94,"destacado":false,"descripcion":"","imagen":"assets/products/CA-200020050738.webp","tags":["molde","silicona","redondo","24cm","50738"]},{"id":"CA-200020050739","nombre":"MOLDE DE SILICONA REDONDO 27cm x1 50739","categoria":"Hogar-Bazar","subcategoria":"Silicona","precio":4743.01,"destacado":false,"descripcion":"","imagen":"assets/products/CA-200020050739.webp","tags":["molde","silicona","redondo","27cm","50739"]},{"id":"CA-200020054685","nombre":"MOLDE DE SILICONA x1 54685","categoria":"Hogar-Bazar","subcategoria":"Silicona","precio":3687.98,"destacado":false,"descripcion":"","imagen":"assets/products/CA-200020054685.webp","tags":["molde","silicona","54685"]},{"id":"CA-779572204225","nombre":"MOLDE FLAN/SAVARIN ANTIADHERENTE JOVIFEL LINEA COBRE 25.5cm x1 4225","categoria":"Hogar-Bazar","subcategoria":"Jovifel","precio":9115.67,"destacado":false,"descripcion":"","imagen":"assets/products/CA-779572204225.webp","tags":["molde","flan","savarin","antiadherente","jovifel","linea","cobre","5cm","4225"]},{"id":"CA-779813202457","nombre":"MOLDE GALLETITAS DE ACERO x4 FORMAS SURTIDAS 202457","categoria":"Hogar-Bazar","subcategoria":"Cortantes Varios/Sellos","precio":700.5,"destacado":false,"descripcion":"","imagen":"assets/products/CA-779813202457.webp","tags":["molde","galletitas","acero","formas","surtidas","202457"]},{"id":"CA-000000027862","nombre":"MOLDE HOJALATA CORAZON R.C Nº1 x1 00128","categoria":"Hogar-Bazar","subcategoria":"Moldes De Hojalata","precio":5992.08,"destacado":false,"descripcion":"","imagen":"assets/products/CA-000000027862.webp","tags":["molde","hojalata","corazon","nº1","00128"]},{"id":"CA-000000027863","nombre":"MOLDE HOJALATA CORAZON R.C Nº2 x1 00129","categoria":"Hogar-Bazar","subcategoria":"Moldes De Hojalata","precio":7110.21,"destacado":false,"descripcion":"","imagen":"assets/products/CA-000000027863.webp","tags":["molde","hojalata","corazon","nº2","00129"]},{"id":"CA-000000027864","nombre":"MOLDE HOJALATA CORAZON R.C Nº3 x1 00130","categoria":"Hogar-Bazar","subcategoria":"Moldes De Hojalata","precio":11115.31,"destacado":false,"descripcion":"","imagen":"assets/products/CA-000000027864.webp","tags":["molde","hojalata","corazon","nº3","00130"]},{"id":"CA-000000029108","nombre":"MOLDE HOJALATA CORAZON R.C Nº4 x1 00131","categoria":"Hogar-Bazar","subcategoria":"Moldes De Hojalata","precio":12723.77,"destacado":false,"descripcion":"","imagen":"assets/products/CA-000000029108.webp","tags":["molde","hojalata","corazon","nº4","00131"]},{"id":"CA-000000001005","nombre":"MOLDE HOJALATA CUADRADO ALTURA 10 Nº1 14x14cm x1","categoria":"Hogar-Bazar","subcategoria":"Moldes De Hojalata","precio":7692.68,"destacado":false,"descripcion":"","imagen":"assets/products/CA-000000001005.webp","tags":["molde","hojalata","cuadrado","altura","nº1","14x14cm"]},{"id":"CA-000000001006","nombre":"MOLDE HOJALATA CUADRADO ALTURA 10 Nº2 18x18cm x1","categoria":"Hogar-Bazar","subcategoria":"Moldes De Hojalata","precio":9410.9,"destacado":false,"descripcion":"","imagen":"assets/products/CA-000000001006.webp","tags":["molde","hojalata","cuadrado","altura","nº2","18x18cm"]},{"id":"CA-000000001007","nombre":"MOLDE HOJALATA CUADRADO ALTURA 10 Nº3 22x22cm x1","categoria":"Hogar-Bazar","subcategoria":"Moldes De Hojalata","precio":11733.03,"destacado":false,"descripcion":"","imagen":"assets/products/CA-000000001007.webp","tags":["molde","hojalata","cuadrado","altura","nº3","22x22cm"]},{"id":"CA-000000001008","nombre":"MOLDE HOJALATA CUADRADO ALTURA 10 Nº4 26x26cm x1","categoria":"Hogar-Bazar","subcategoria":"Moldes De Hojalata","precio":15036.38,"destacado":false,"descripcion":"","imagen":"assets/products/CA-000000001008.webp","tags":["molde","hojalata","cuadrado","altura","nº4","26x26cm"]},{"id":"CA-000000001009","nombre":"MOLDE HOJALATA CUADRADO ALTURA 10 Nº5 30x30cm x1","categoria":"Hogar-Bazar","subcategoria":"Moldes De Hojalata","precio":18663.18,"destacado":false,"descripcion":"","imagen":"assets/products/CA-000000001009.webp","tags":["molde","hojalata","cuadrado","altura","nº5","30x30cm"]},{"id":"CA-000000001016","nombre":"MOLDE HOJALATA CUADRADO ALTURA 6 Nº22 22x22cm x1","categoria":"Hogar-Bazar","subcategoria":"Moldes De Hojalata","precio":9137.51,"destacado":false,"descripcion":"","imagen":"assets/products/CA-000000001016.webp","tags":["molde","hojalata","cuadrado","altura","nº22","22x22cm"]},{"id":"CA-000000001017","nombre":"MOLDE HOJALATA CUADRADO ALTURA 6 Nº24 24x24cm x1","categoria":"Hogar-Bazar","subcategoria":"Moldes De Hojalata","precio":9900.03,"destacado":false,"descripcion":"","imagen":"assets/products/CA-000000001017.webp","tags":["molde","hojalata","cuadrado","altura","nº24","24x24cm"]},{"id":"CA-000000001018","nombre":"MOLDE HOJALATA CUADRADO ALTURA 6 Nº26 26x26cm x1","categoria":"Hogar-Bazar","subcategoria":"Moldes De Hojalata","precio":9900.74,"destacado":false,"descripcion":"","imagen":"assets/products/CA-000000001018.webp","tags":["molde","hojalata","cuadrado","altura","nº26","26x26cm"]},{"id":"CA-000000001019","nombre":"MOLDE HOJALATA CUADRADO ALTURA 6 Nº28 28x28cm x1","categoria":"Hogar-Bazar","subcategoria":"Moldes De Hojalata","precio":12187.62,"destacado":false,"descripcion":"","imagen":"assets/products/CA-000000001019.webp","tags":["molde","hojalata","cuadrado","altura","nº28","28x28cm"]},{"id":"CA-000000001020","nombre":"MOLDE HOJALATA CUADRADO ALTURA 6 Nº30 30x30cm x1","categoria":"Hogar-Bazar","subcategoria":"Moldes De Hojalata","precio":13569.7,"destacado":false,"descripcion":"","imagen":"assets/products/CA-000000001020.webp","tags":["molde","hojalata","cuadrado","altura","nº30","30x30cm"]},{"id":"CA-779329100182","nombre":"MOLDE HOJALATA CUADRADO DOÑA CLARA ALTURA 5 Nº2 24x24cm 182","categoria":"Hogar-Bazar","subcategoria":"Doña Clara","precio":11269.14,"destacado":false,"descripcion":"","imagen":"assets/products/CA-779329100182.webp","tags":["molde","hojalata","cuadrado","doña","clara","altura","nº2","24x24cm","182"]},{"id":"CA-779329100192","nombre":"MOLDE HOJALATA CUADRADO DOÑA CLARA ALTURA 9 Nº2 24x24cm 192","categoria":"Hogar-Bazar","subcategoria":"Doña Clara","precio":14326.32,"destacado":false,"descripcion":"","imagen":"assets/products/CA-779329100192.webp","tags":["molde","hojalata","cuadrado","doña","clara","altura","nº2","24x24cm","192"]},{"id":"CA-000000003659","nombre":"MOLDE HOJALATA PAN DE MIGA CON TAPA Nº1 26x9x10cm x1 R.C","categoria":"Hogar-Bazar","subcategoria":"Moldes De Hojalata","precio":14081.24,"destacado":false,"descripcion":"","imagen":"assets/products/CA-000000003659.webp","tags":["molde","hojalata","pan","miga","con","tapa","nº1","26x9x10cm"]},{"id":"CA-000000005647","nombre":"MOLDE HOJALATA PAN DE MIGA CON TAPA Nº2 30x9x10cm x1 R.C","categoria":"Hogar-Bazar","subcategoria":"Moldes De Hojalata","precio":15723.05,"destacado":false,"descripcion":"","imagen":"assets/products/CA-000000005647.webp","tags":["molde","hojalata","pan","miga","con","tapa","nº2","30x9x10cm"]},{"id":"CA-000000000377","nombre":"MOLDE HOJALATA PAN LACTAL CHICO 26x9x10cm x1","categoria":"Hogar-Bazar","subcategoria":"Moldes De Hojalata","precio":9759.88,"destacado":false,"descripcion":"","imagen":"assets/products/CA-000000000377.webp","tags":["molde","hojalata","pan","lactal","chico","26x9x10cm"]},{"id":"CA-000000006007","nombre":"MOLDE HOJALATA PAN LACTAL GRANDE 30x9x10cm x1","categoria":"Hogar-Bazar","subcategoria":"Moldes De Hojalata","precio":13744.54,"destacado":false,"descripcion":"","imagen":"assets/products/CA-000000006007.webp","tags":["molde","hojalata","pan","lactal","grande","30x9x10cm"]},{"id":"CA-000000000973","nombre":"MOLDE HOJALATA RECTANGULAR ALTURA 10 Nº1 24x14cm x1","categoria":"Hogar-Bazar","subcategoria":"Moldes De Hojalata","precio":9061.93,"destacado":false,"descripcion":"","imagen":"assets/products/CA-000000000973.webp","tags":["molde","hojalata","rectangular","altura","nº1","24x14cm"]},{"id":"CA-000000000974","nombre":"MOLDE HOJALATA RECTANGULAR ALTURA 10 Nº2 28x18cm x1","categoria":"Hogar-Bazar","subcategoria":"Moldes De Hojalata","precio":11244.61,"destacado":false,"descripcion":"","imagen":"assets/products/CA-000000000974.webp","tags":["molde","hojalata","rectangular","altura","nº2","28x18cm"]},{"id":"CA-000000000975","nombre":"MOLDE HOJALATA RECTANGULAR ALTURA 10 Nº3 32x22cm x1","categoria":"Hogar-Bazar","subcategoria":"Moldes De Hojalata","precio":14423.88,"destacado":false,"descripcion":"","imagen":"assets/products/CA-000000000975.webp","tags":["molde","hojalata","rectangular","altura","nº3","32x22cm"]},{"id":"CA-000000000977","nombre":"MOLDE HOJALATA RECTANGULAR ALTURA 10 Nº5 40x30cm x1","categoria":"Hogar-Bazar","subcategoria":"Moldes De Hojalata","precio":19871.55,"destacado":false,"descripcion":"","imagen":"assets/products/CA-000000000977.webp","tags":["molde","hojalata","rectangular","altura","nº5","40x30cm"]}]}