{"category_slug":"hogar_bazar","subcategory_slug":"","page":26,"page_size":48,"total":1839,"items":[{"id":"CA-000000045863","nombre":"MOLDE TORTERA ALUMINIO INDIVIDUAL DESFONDABLE ALT.4 cm. Nº20 COOPER x1","categoria":"Hogar-Bazar","subcategoria":"Cooper","precio":6626.17,"destacado":false,"descripcion":"","imagen":"assets/products/CA-000000045863.webp","tags":["molde","tortera","aluminio","individual","desfondable","alt","nº20","cooper"]},{"id":"CA-000000045864","nombre":"MOLDE TORTERA ALUMINIO INDIVIDUAL DESFONDABLE ALT.4 cm. Nº22 COOPER x1","categoria":"Hogar-Bazar","subcategoria":"Cooper","precio":7336.47,"destacado":false,"descripcion":"","imagen":"assets/products/CA-000000045864.webp","tags":["molde","tortera","aluminio","individual","desfondable","alt","nº22","cooper"]},{"id":"CA-000000045865","nombre":"MOLDE TORTERA ALUMINIO INDIVIDUAL DESFONDABLE ALT.4 cm. Nº24 COOPER x1","categoria":"Hogar-Bazar","subcategoria":"Cooper","precio":7738.32,"destacado":false,"descripcion":"","imagen":"assets/products/CA-000000045865.webp","tags":["molde","tortera","aluminio","individual","desfondable","alt","nº24","cooper"]},{"id":"CA-000000045866","nombre":"MOLDE TORTERA ALUMINIO INDIVIDUAL DESFONDABLE ALT.4 cm. Nº26 COOPER x1","categoria":"Hogar-Bazar","subcategoria":"Cooper","precio":8503.64,"destacado":false,"descripcion":"","imagen":"assets/products/CA-000000045866.webp","tags":["molde","tortera","aluminio","individual","desfondable","alt","nº26","cooper"]},{"id":"CA-779329101111","nombre":"MOLDE TORTERA/PAN DULCE DESARMABLE ALTURA 12 DOÑA CLARA Nº1 16cm x1 1111","categoria":"Hogar-Bazar","subcategoria":"Doña Clara","precio":12301.43,"destacado":false,"descripcion":"","imagen":"assets/products/CA-779329101111.webp","tags":["molde","tortera","pan","dulce","desarmable","altura","doña","clara","nº1","16cm","1111"]},{"id":"CA-779329101112","nombre":"MOLDE TORTERA/PAN DULCE DESARMABLE ALTURA 12 DOÑA CLARA Nº2 20cm x1 1112","categoria":"Hogar-Bazar","subcategoria":"Doña Clara","precio":13583.41,"destacado":false,"descripcion":"","imagen":"assets/products/CA-779329101112.webp","tags":["molde","tortera","pan","dulce","desarmable","altura","doña","clara","nº2","20cm","1112"]},{"id":"CA-489465320481","nombre":"MOLDE/CORTANTE CORAZON DE ACERO (SET x3) x1 AB-20481","categoria":"Hogar-Bazar","subcategoria":"Molde Cintura - Aros","precio":5852.0,"destacado":false,"descripcion":"","imagen":"assets/products/CA-489465320481.webp","tags":["molde","cortante","corazon","acero","set","20481"]},{"id":"CA-779813201243","nombre":"ORGANIZADOR COLGANTE x1 201243","categoria":"Hogar-Bazar","subcategoria":"Accesorios De Cocina","precio":1494.81,"destacado":false,"descripcion":"","imagen":"assets/products/CA-779813201243.webp","tags":["organizador","colgante","201243"]},{"id":"CA-200020032642","nombre":"ORGANIZADOR PLASTICO 30x21cm x1 32642","categoria":"Hogar-Bazar","subcategoria":"Accesorios De Cocina","precio":5691.6,"destacado":false,"descripcion":"","imagen":"assets/products/CA-200020032642.webp","tags":["organizador","plastico","30x21cm","32642"]},{"id":"CA-200020032641","nombre":"ORGANIZADOR PLASTICO 35,5x22cm x1 32641","categoria":"Hogar-Bazar","subcategoria":"Accesorios De Cocina","precio":7420.17,"destacado":false,"descripcion":"","imagen":"assets/products/CA-200020032641.webp","tags":["organizador","plastico","5x22cm","32641"]},{"id":"CA-200020032450","nombre":"ORGANIZADOR PLASTICO CON MANIJA x1 32450","categoria":"Hogar-Bazar","subcategoria":"Accesorios De Cocina","precio":3617.33,"destacado":false,"descripcion":"","imagen":"assets/products/CA-200020032450.webp","tags":["organizador","plastico","con","manija","32450"]},{"id":"CA-200020032451","nombre":"ORGANIZADOR PLASTICO CON MANIJA x1 32451","categoria":"Hogar-Bazar","subcategoria":"Accesorios De Cocina","precio":5027.56,"destacado":false,"descripcion":"","imagen":"assets/products/CA-200020032451.webp","tags":["organizador","plastico","con","manija","32451"]},{"id":"CA-779813202354","nombre":"ORGANIZADOR PLASTICO CON MANIJA x1 4 LITROS 202354","categoria":"Hogar-Bazar","subcategoria":"Accesorios De Cocina","precio":3524.95,"destacado":false,"descripcion":"","imagen":"assets/products/CA-779813202354.webp","tags":["organizador","plastico","con","manija","litros","202354"]},{"id":"CA-779329101161","nombre":"PALA MULTIUSO DOÑA CLARA (14x8cm) x1 316","categoria":"Hogar-Bazar","subcategoria":"Doña Clara","precio":6412.74,"destacado":false,"descripcion":"","imagen":"assets/products/CA-779329101161.webp","tags":["pala","multiuso","doña","clara","14x8cm","316"]},{"id":"CA-779329103282","nombre":"PALA PARA PORCION DE TORTA DOÑA CLARA  x1 3282","categoria":"Hogar-Bazar","subcategoria":"Doña Clara","precio":5824.8,"destacado":false,"descripcion":"","imagen":"assets/products/CA-779329103282.webp","tags":["pala","para","porcion","torta","doña","clara","3282"]},{"id":"CA-779836371076","nombre":"PALITO PARA CHUPETIN BLANCO 10cm. x36 PARPEN PPC10","categoria":"Hogar-Bazar","subcategoria":"Parpen","precio":1752.21,"destacado":false,"descripcion":"* (05/12/2025)","imagen":"assets/products/CA-779836371076.webp","tags":["palito","para","chupetin","blanco","10cm","x36","parpen","ppc10"]},{"id":"CA-779836371066","nombre":"PALITO PARA CHUPETIN BLANCO 13cm. x24 PARPEN PPC13","categoria":"Hogar-Bazar","subcategoria":"Parpen","precio":1842.54,"destacado":false,"descripcion":"* (05/12/2025)","imagen":"assets/products/CA-779836371066.webp","tags":["palito","para","chupetin","blanco","13cm","x24","parpen","ppc13"]},{"id":"CA-779836371104","nombre":"PALITO PARA CHUPETIN BLANCO 20cm.x12 PARPEN  PPC20","categoria":"Hogar-Bazar","subcategoria":"Parpen","precio":1985.91,"destacado":false,"descripcion":"* (05/12/2025)","imagen":"assets/products/CA-779836371104.webp","tags":["palito","para","chupetin","blanco","20cm","x12","parpen","ppc20"]},{"id":"CA-779836371077","nombre":"PALITO PARA CHUPETIN CRISTAL 10cm.x36 PARPEN  PPC10T","categoria":"Hogar-Bazar","subcategoria":"Parpen","precio":1752.21,"destacado":false,"descripcion":"* (05/12/2025)","imagen":"assets/products/CA-779836371077.webp","tags":["palito","para","chupetin","cristal","10cm","x36","parpen","ppc10t"]},{"id":"CA-779836371067","nombre":"PALITO PARA CHUPETIN CRISTAL 13cm. x24 PARPEN PPC13T","categoria":"Hogar-Bazar","subcategoria":"Parpen","precio":1842.54,"destacado":false,"descripcion":"* (05/12/2025)","imagen":"assets/products/CA-779836371067.webp","tags":["palito","para","chupetin","cristal","13cm","x24","parpen","ppc13t"]},{"id":"CA-779836371105","nombre":"PALITO PARA CHUPETIN CRISTAL 20cm x12 PARPEN PPC20T","categoria":"Hogar-Bazar","subcategoria":"Parpen","precio":1985.91,"destacado":false,"descripcion":"* (05/12/2025)","imagen":"assets/products/CA-779836371105.webp","tags":["palito","para","chupetin","cristal","20cm","x12","parpen","ppc20t"]},{"id":"CA-779836371058","nombre":"PALITOS STICKS PARA PALETAS BLANCOS 12.5CM X12 UNIDADES PARPEN PSP","categoria":"Hogar-Bazar","subcategoria":"Parpen","precio":1842.54,"destacado":false,"descripcion":"* (05/12/2025)","imagen":"assets/products/CA-779836371058.webp","tags":["palitos","sticks","para","paletas","blancos","5cm","x12","unidades","parpen","psp"]},{"id":"CA-779836371078","nombre":"PALITOS STICKS PARA PALETAS COLOR 12.5CM X12 UNIDADES PARPEN PSPC","categoria":"Hogar-Bazar","subcategoria":"Parpen","precio":1842.54,"destacado":false,"descripcion":"* (05/12/2025)","imagen":"assets/products/CA-779836371078.webp","tags":["palitos","sticks","para","paletas","color","5cm","x12","unidades","parpen","pspc"]},{"id":"CA-779836371059","nombre":"PALITOS STICKS PARA PALETAS TRANSPARENTES 12.5CM X12 UNIDADES PARPEN PSPT","categoria":"Hogar-Bazar","subcategoria":"Parpen","precio":1842.54,"destacado":false,"descripcion":"* (05/12/2025)","imagen":"assets/products/CA-779836371059.webp","tags":["palitos","sticks","para","paletas","transparentes","5cm","x12","unidades","parpen","pspt"]},{"id":"CA-779591300706","nombre":"PALO DE AMASAR 30cm x1 706 (FERPA)","categoria":"Hogar-Bazar","subcategoria":"Utensillos Varios","precio":3377.05,"destacado":false,"descripcion":"","imagen":"assets/products/CA-779591300706.webp","tags":["palo","amasar","30cm","706","ferpa"]},{"id":"CA-779591300813","nombre":"PALO DE AMASAR 40cm x1 707 (FERPA)","categoria":"Hogar-Bazar","subcategoria":"Utensillos Varios","precio":3609.95,"destacado":false,"descripcion":"","imagen":"assets/products/CA-779591300813.webp","tags":["palo","amasar","40cm","707","ferpa"]},{"id":"CA-779591300014","nombre":"PALO DE AMASAR 50cm x1 703 (FERPA)","categoria":"Hogar-Bazar","subcategoria":"Utensillos Varios","precio":6055.4,"destacado":false,"descripcion":"","imagen":"assets/products/CA-779591300014.webp","tags":["palo","amasar","50cm","703","ferpa"]},{"id":"CA-779591300716","nombre":"PALO DE AMASAR CON ARANDELAS NIVELADORAS x1 716 (FERPA)","categoria":"Hogar-Bazar","subcategoria":"Utensillos Varios","precio":16535.9,"destacado":false,"descripcion":"","imagen":"assets/products/CA-779591300716.webp","tags":["palo","amasar","con","arandelas","niveladoras","716","ferpa"]},{"id":"CA-779591300715","nombre":"PALO DE AMASAR CON VARILLAS NIVELADORAS x1 715 (FERPA)","categoria":"Hogar-Bazar","subcategoria":"Utensillos Varios","precio":7569.25,"destacado":false,"descripcion":"","imagen":"assets/products/CA-779591300715.webp","tags":["palo","amasar","con","varillas","niveladoras","715","ferpa"]},{"id":"CA-489413097101","nombre":"PALO DE AMASAR DE MADERA CON RODILLO DE SILICONA 44cm x1 YH537/359-2-P","categoria":"Hogar-Bazar","subcategoria":"Utensillos Varios","precio":9782.91,"destacado":false,"descripcion":"","imagen":"assets/products/CA-489413097101.webp","tags":["palo","amasar","madera","con","rodillo","silicona","44cm","yh537","359"]},{"id":"CA-489413097102","nombre":"PALO DE AMASAR PARA NIÑOS CON RODILLO DE SILICONA 22cm x1 YH537/359-7-P","categoria":"Hogar-Bazar","subcategoria":"Utensillos Varios","precio":3295.3,"destacado":false,"descripcion":"","imagen":"assets/products/CA-489413097102.webp","tags":["palo","amasar","para","niños","con","rodillo","silicona","22cm","yh537","359"]},{"id":"CA-779572208101","nombre":"PANQUEQUERA ANTIADHERENTE JOVIFEL LINEA RIVOLI 21cm x1 8101","categoria":"Hogar-Bazar","subcategoria":"Jovifel","precio":7550.46,"destacado":false,"descripcion":"","imagen":"assets/products/CA-779572208101.webp","tags":["panquequera","antiadherente","jovifel","linea","rivoli","21cm","8101"]},{"id":"CA-779572207511","nombre":"PANQUEQUERA ANTIADHERENTE JOVIFEL x1 21cm (7511)","categoria":"Hogar-Bazar","subcategoria":"Jovifel","precio":6998.94,"destacado":false,"descripcion":"","imagen":"assets/products/CA-779572207511.webp","tags":["panquequera","antiadherente","jovifel","21cm","7511"]},{"id":"CA-000000050059","nombre":"PAPEL ANTIADHERENTE PARA HORNO REUTILIZABLE 40x30cm x5 B0589","categoria":"Hogar-Bazar","subcategoria":"Antiadherente","precio":3452.63,"destacado":false,"descripcion":"","imagen":"assets/products/CA-000000050059.webp","tags":["papel","antiadherente","para","horno","reutilizable","40x30cm","b0589"]},{"id":"CA-000000040288","nombre":"PASTAFROLA CUADRADA HOJALATA DESFONDABLE 24cm","categoria":"Hogar-Bazar","subcategoria":"Moldes De Hojalata","precio":9660.83,"destacado":false,"descripcion":"","imagen":"assets/products/CA-000000040288.webp","tags":["pastafrola","cuadrada","hojalata","desfondable","24cm"]},{"id":"CA-000000035901","nombre":"PASTAFROLA DESFONDABLE ALUMINIO N1 24cm x1 R.C","categoria":"Hogar-Bazar","subcategoria":"Moldes De Aluminio","precio":5959.1,"destacado":false,"descripcion":"","imagen":"assets/products/CA-000000035901.webp","tags":["pastafrola","desfondable","aluminio","24cm"]},{"id":"CA-000000035902","nombre":"PASTAFROLA DESFONDABLE ALUMINIO N2 26cm x1 R.C","categoria":"Hogar-Bazar","subcategoria":"Moldes De Aluminio","precio":6279.39,"destacado":false,"descripcion":"","imagen":"assets/products/CA-000000035902.webp","tags":["pastafrola","desfondable","aluminio","26cm"]},{"id":"CA-000000035903","nombre":"PASTAFROLA DESFONDABLE ALUMINIO N3 28cm x1 R.C","categoria":"Hogar-Bazar","subcategoria":"Moldes De Aluminio","precio":6688.31,"destacado":false,"descripcion":"","imagen":"assets/products/CA-000000035903.webp","tags":["pastafrola","desfondable","aluminio","28cm"]},{"id":"CA-000000040801","nombre":"PASTAFROLA DESFONDABLE ALUMINIO N4 30cm x1 R.C","categoria":"Hogar-Bazar","subcategoria":"Moldes De Aluminio","precio":7180.58,"destacado":false,"descripcion":"","imagen":"assets/products/CA-000000040801.webp","tags":["pastafrola","desfondable","aluminio","30cm"]},{"id":"CA-000000035906","nombre":"PASTAFROLA DESFONDABLE ALUMINIO N5 32cm x1 R.C","categoria":"Hogar-Bazar","subcategoria":"Moldes De Aluminio","precio":7741.31,"destacado":false,"descripcion":"","imagen":"assets/products/CA-000000035906.webp","tags":["pastafrola","desfondable","aluminio","32cm"]},{"id":"CA-000000057467","nombre":"PASTAFROLA DESFONDABLE HOJALATA  18cm x1 R.C","categoria":"Hogar-Bazar","subcategoria":"Moldes De Hojalata","precio":3524.13,"destacado":false,"descripcion":"","imagen":"assets/products/CA-000000057467.webp","tags":["pastafrola","desfondable","hojalata","18cm"]},{"id":"CA-000000057468","nombre":"PASTAFROLA DESFONDABLE HOJALATA 20cm x1 R.C","categoria":"Hogar-Bazar","subcategoria":"Moldes De Hojalata","precio":3627.45,"destacado":false,"descripcion":"","imagen":"assets/products/CA-000000057468.webp","tags":["pastafrola","desfondable","hojalata","20cm"]},{"id":"CA-000000035502","nombre":"PASTAFROLA DESFONDABLE HOJALATA Nº1 24cm x1 R.C","categoria":"Hogar-Bazar","subcategoria":"Moldes De Hojalata","precio":4228.2,"destacado":false,"descripcion":"","imagen":"assets/products/CA-000000035502.webp","tags":["pastafrola","desfondable","hojalata","nº1","24cm"]},{"id":"CA-000000035504","nombre":"PASTAFROLA DESFONDABLE HOJALATA Nº2 26cm x1 R.C","categoria":"Hogar-Bazar","subcategoria":"Moldes De Hojalata","precio":4409.1,"destacado":false,"descripcion":"","imagen":"assets/products/CA-000000035504.webp","tags":["pastafrola","desfondable","hojalata","nº2","26cm"]},{"id":"CA-000000035506","nombre":"PASTAFROLA DESFONDABLE HOJALATA Nº3 28cm x1 R.C","categoria":"Hogar-Bazar","subcategoria":"Moldes De Hojalata","precio":4768.2,"destacado":false,"descripcion":"","imagen":"assets/products/CA-000000035506.webp","tags":["pastafrola","desfondable","hojalata","nº3","28cm"]},{"id":"CA-000000035508","nombre":"PASTAFROLA DESFONDABLE HOJALATA Nº4 30cm x1 R.C","categoria":"Hogar-Bazar","subcategoria":"Moldes De Hojalata","precio":5432.4,"destacado":false,"descripcion":"","imagen":"assets/products/CA-000000035508.webp","tags":["pastafrola","desfondable","hojalata","nº4","30cm"]},{"id":"CA-000000035509","nombre":"PASTAFROLA DESFONDABLE HOJALATA Nº5 32cm x1 R.C","categoria":"Hogar-Bazar","subcategoria":"Moldes De Hojalata","precio":5802.3,"destacado":false,"descripcion":"","imagen":"assets/products/CA-000000035509.webp","tags":["pastafrola","desfondable","hojalata","nº5","32cm"]},{"id":"CA-000000035492","nombre":"PASTAFROLA FIJA HOJALATA Nº1 24cm x1 R.C","categoria":"Hogar-Bazar","subcategoria":"Moldes De Hojalata","precio":3150.9,"destacado":false,"descripcion":"","imagen":"assets/products/CA-000000035492.webp","tags":["pastafrola","fija","hojalata","nº1","24cm"]}]}