{"category_slug":"hogar_bazar","subcategory_slug":"","page":14,"page_size":48,"total":1839,"items":[{"id":"CA-379000103613","nombre":"ESPATULA ALISADOR SILICONA 24cm x1 103613","categoria":"Hogar-Bazar","subcategoria":"Espatula/Batidor/Cuchara/Alisador","precio":1975.05,"destacado":false,"descripcion":"NUEVO 09/12/2025","imagen":"assets/products/CA-379000103613.webp","tags":["espatula","alisador","silicona","24cm","103613"]},{"id":"CA-000000044530","nombre":"ESPATULA ALISADORA PLASTICA LAUACU x1 (25cm)","categoria":"Hogar-Bazar","subcategoria":"Espatula/Batidor/Cuchara/Alisador","precio":1866.8,"destacado":false,"descripcion":"","imagen":"assets/products/CA-000000044530.webp","tags":["espatula","alisadora","plastica","lauacu","25cm"]},{"id":"CA-489413098026","nombre":"ESPATULA CON MANGO DE MADERA 35cm x1 BK5-14/KL23020-09","categoria":"Hogar-Bazar","subcategoria":"Espatula/Batidor/Cuchara/Alisador","precio":2522.96,"destacado":false,"descripcion":"","imagen":"assets/products/CA-489413098026.webp","tags":["espatula","con","mango","madera","35cm","bk5","kl23020"]},{"id":"CA-200020020099","nombre":"ESPATULA DE ACERO CON ESCALON 25 cm x1 20099","categoria":"Hogar-Bazar","subcategoria":"Espatula/Batidor/Cuchara/Alisador","precio":1771.67,"destacado":false,"descripcion":"","imagen":"assets/products/CA-200020020099.webp","tags":["espatula","acero","con","escalon","20099"]},{"id":"CA-000000058282","nombre":"ESPATULA DE ACERO CON ESCALON 26 cm x1 H1065","categoria":"Hogar-Bazar","subcategoria":"Espatula/Batidor/Cuchara/Alisador","precio":1401.98,"destacado":false,"descripcion":"","imagen":"assets/products/CA-000000058282.webp","tags":["espatula","acero","con","escalon","h1065"]},{"id":"CA-379004196673","nombre":"ESPATULA DE ACERO CON ESCALON MANGO DE MADERA 26,5cm x1 4196673","categoria":"Hogar-Bazar","subcategoria":"Espatula/Batidor/Cuchara/Alisador","precio":1652.81,"destacado":false,"descripcion":"","imagen":"assets/products/CA-379004196673.webp","tags":["espatula","acero","con","escalon","mango","madera","5cm","4196673"]},{"id":"CA-379004196674","nombre":"ESPATULA DE ACERO CON ESCALON MANGO DE MADERA 32cm x1 4196674","categoria":"Hogar-Bazar","subcategoria":"Espatula/Batidor/Cuchara/Alisador","precio":1964.66,"destacado":false,"descripcion":"","imagen":"assets/products/CA-379004196674.webp","tags":["espatula","acero","con","escalon","mango","madera","32cm","4196674"]},{"id":"CA-489413097053","nombre":"ESPATULA DE SILICONA 30cm VARIOS COLORES x1 YH-550-P","categoria":"Hogar-Bazar","subcategoria":"Espatula/Batidor/Cuchara/Alisador","precio":3726.0,"destacado":false,"descripcion":"","imagen":"assets/products/CA-489413097053.webp","tags":["espatula","silicona","30cm","varios","colores","550"]},{"id":"CA-779000015664","nombre":"ESPATULA DE SILICONA COLOR 23CM x1 DL8233","categoria":"Hogar-Bazar","subcategoria":"Espatula/Batidor/Cuchara/Alisador","precio":1973.4,"destacado":false,"descripcion":"","imagen":"assets/products/CA-779000015664.webp","tags":["espatula","silicona","color","23cm","dl8233"]},{"id":"CA-000000000743","nombre":"ESPATULA FONDANT J.J Nº24 33cm x1","categoria":"Hogar-Bazar","subcategoria":"Espatula/Batidor/Cuchara/Alisador","precio":5445.75,"destacado":false,"descripcion":"","imagen":"assets/products/CA-000000000743.webp","tags":["espatula","fondant","nº24","33cm"]},{"id":"CA-000000001054","nombre":"ESPATULA FONDANT J.J Nº28 37cm x1","categoria":"Hogar-Bazar","subcategoria":"Espatula/Batidor/Cuchara/Alisador","precio":5754.0,"destacado":false,"descripcion":"","imagen":"assets/products/CA-000000001054.webp","tags":["espatula","fondant","nº28","37cm"]},{"id":"CA-000000025199","nombre":"ESPATULA GLASE 22cm x6","categoria":"Hogar-Bazar","subcategoria":"Espatula/Batidor/Cuchara/Alisador","precio":4174.16,"destacado":false,"descripcion":"","imagen":"assets/products/CA-000000025199.webp","tags":["espatula","glase","22cm"]},{"id":"CA-779000013595","nombre":"ESPATULA METAL CON ESCALON 26cm x1 CN6301","categoria":"Hogar-Bazar","subcategoria":"Espatula/Batidor/Cuchara/Alisador","precio":1251.25,"destacado":false,"descripcion":"","imagen":"assets/products/CA-779000013595.webp","tags":["espatula","metal","con","escalon","26cm","cn6301"]},{"id":"CA-779000013596","nombre":"ESPATULA METAL CON ESCALON 32cm x1 CN6302","categoria":"Hogar-Bazar","subcategoria":"Espatula/Batidor/Cuchara/Alisador","precio":1429.35,"destacado":false,"descripcion":"","imagen":"assets/products/CA-779000013596.webp","tags":["espatula","metal","con","escalon","32cm","cn6302"]},{"id":"CA-200020020103","nombre":"ESPATULA METAL PLANA 25 cm x1 20103","categoria":"Hogar-Bazar","subcategoria":"Espatula/Batidor/Cuchara/Alisador","precio":1771.67,"destacado":false,"descripcion":"","imagen":"assets/products/CA-200020020103.webp","tags":["espatula","metal","plana","20103"]},{"id":"CA-200020020104","nombre":"ESPATULA METAL PLANA 30 cm x1 20104","categoria":"Hogar-Bazar","subcategoria":"Espatula/Batidor/Cuchara/Alisador","precio":2237.46,"destacado":false,"descripcion":"","imagen":"assets/products/CA-200020020104.webp","tags":["espatula","metal","plana","20104"]},{"id":"CA-000000056520","nombre":"ESPATULA METAL RECTA 25 cm x1","categoria":"Hogar-Bazar","subcategoria":"Espatula/Batidor/Cuchara/Alisador","precio":1732.06,"destacado":false,"descripcion":"","imagen":"assets/products/CA-000000056520.webp","tags":["espatula","metal","recta"]},{"id":"CA-379004196671","nombre":"ESPATULA PARA REPOSTERIA ACERO x1 4196671","categoria":"Hogar-Bazar","subcategoria":"Espatula/Batidor/Cuchara/Alisador","precio":6794.55,"destacado":false,"descripcion":"","imagen":"assets/products/CA-379004196671.webp","tags":["espatula","para","reposteria","acero","4196671"]},{"id":"CA-000000006729","nombre":"ESPATULA PUNTA RECTA J.J Nº8 (10x7cm aprox.) x1","categoria":"Hogar-Bazar","subcategoria":"Espatula/Batidor/Cuchara/Alisador","precio":5814.28,"destacado":false,"descripcion":"","imagen":"assets/products/CA-000000006729.webp","tags":["espatula","punta","recta","nº8","10x7cm","aprox"]},{"id":"CA-779000013597","nombre":"ESPATULA REPOSTERA DE ACERO CHICA 26cm x1 DL6307","categoria":"Hogar-Bazar","subcategoria":"Espatula/Batidor/Cuchara/Alisador","precio":1251.25,"destacado":false,"descripcion":"","imagen":"assets/products/CA-779000013597.webp","tags":["espatula","repostera","acero","chica","26cm","dl6307"]},{"id":"CA-779000013599","nombre":"ESPATULA REPOSTERA DE ACERO GRANDE 37cm x1 CN6309","categoria":"Hogar-Bazar","subcategoria":"Espatula/Batidor/Cuchara/Alisador","precio":1708.79,"destacado":false,"descripcion":"","imagen":"assets/products/CA-779000013599.webp","tags":["espatula","repostera","acero","grande","37cm","cn6309"]},{"id":"CA-779000013598","nombre":"ESPATULA REPOSTERA DE ACERO MEDIANA 32cm x1 CN6308","categoria":"Hogar-Bazar","subcategoria":"Espatula/Batidor/Cuchara/Alisador","precio":1479.37,"destacado":false,"descripcion":"","imagen":"assets/products/CA-779000013598.webp","tags":["espatula","repostera","acero","mediana","32cm","cn6308"]},{"id":"CA-692924201507","nombre":"ESPATULA REPOSTERA RECTA 25cm x1 YW20-150","categoria":"Hogar-Bazar","subcategoria":"Espatula/Batidor/Cuchara/Alisador","precio":1732.06,"destacado":false,"descripcion":"","imagen":"assets/products/CA-692924201507.webp","tags":["espatula","repostera","recta","25cm","yw20","150"]},{"id":"CA-779836371157","nombre":"ESPATULA SCRAPER ALISADORA PARPEN 25cm x1 ESAM","categoria":"Hogar-Bazar","subcategoria":"Parpen","precio":10733.75,"destacado":false,"descripcion":"* (05/12/2025)","imagen":"assets/products/CA-779836371157.webp","tags":["espatula","scraper","alisadora","parpen","25cm","esam"]},{"id":"CA-000000042606","nombre":"ESPATULA SCRAPER DE ACERO (24 x12 cm) x1  798","categoria":"Hogar-Bazar","subcategoria":"Espatula/Batidor/Cuchara/Alisador","precio":4035.06,"destacado":false,"descripcion":"","imagen":"assets/products/CA-000000042606.webp","tags":["espatula","scraper","acero","x12","798"]},{"id":"CA-000000045689","nombre":"ESPATULA SCRAPER DE ACERO COOPER N10 (20 x10.5 cm) x1","categoria":"Hogar-Bazar","subcategoria":"Cooper","precio":4041.73,"destacado":false,"descripcion":"","imagen":"assets/products/CA-000000045689.webp","tags":["espatula","scraper","acero","cooper","n10","x10"]},{"id":"CA-000000045688","nombre":"ESPATULA SCRAPER DE ACERO COOPER N11 (20 x10.5 cm) x1","categoria":"Hogar-Bazar","subcategoria":"Cooper","precio":4041.73,"destacado":false,"descripcion":"","imagen":"assets/products/CA-000000045688.webp","tags":["espatula","scraper","acero","cooper","n11","x10"]},{"id":"CA-000000045687","nombre":"ESPATULA SCRAPER DE ACERO COOPER N16 (20 x10.5 cm) x1","categoria":"Hogar-Bazar","subcategoria":"Cooper","precio":4041.73,"destacado":false,"descripcion":"","imagen":"assets/products/CA-000000045687.webp","tags":["espatula","scraper","acero","cooper","n16","x10"]},{"id":"CA-000000045690","nombre":"ESPATULA SCRAPER DE ACERO COOPER N6 (20 x10.5 cm) x1","categoria":"Hogar-Bazar","subcategoria":"Cooper","precio":4041.73,"destacado":false,"descripcion":"","imagen":"assets/products/CA-000000045690.webp","tags":["espatula","scraper","acero","cooper","x10"]},{"id":"CA-000000045686","nombre":"ESPATULA SCRAPER DE ACERO COOPER N9 (20 x10.5 cm) x1","categoria":"Hogar-Bazar","subcategoria":"Cooper","precio":4041.73,"destacado":false,"descripcion":"","imagen":"assets/products/CA-000000045686.webp","tags":["espatula","scraper","acero","cooper","x10"]},{"id":"CA-779329100335","nombre":"ESPATULA SCRAPER DE ACERO DOÑA CLARA Nº1 (22.5 x8cm) x1 335","categoria":"Hogar-Bazar","subcategoria":"Doña Clara","precio":3624.47,"destacado":false,"descripcion":"","imagen":"assets/products/CA-779329100335.webp","tags":["espatula","scraper","acero","doña","clara","nº1","x8cm","335"]},{"id":"CA-779329100336","nombre":"ESPATULA SCRAPER DE ACERO DOÑA CLARA Nº2 (22.5 x8cm) x1 336","categoria":"Hogar-Bazar","subcategoria":"Doña Clara","precio":3624.47,"destacado":false,"descripcion":"","imagen":"assets/products/CA-779329100336.webp","tags":["espatula","scraper","acero","doña","clara","nº2","x8cm","336"]},{"id":"CA-779329100337","nombre":"ESPATULA SCRAPER DE ACERO DOÑA CLARA Nº3 (22.5 x8cm) x1 337","categoria":"Hogar-Bazar","subcategoria":"Doña Clara","precio":3624.47,"destacado":false,"descripcion":"","imagen":"assets/products/CA-779329100337.webp","tags":["espatula","scraper","acero","doña","clara","nº3","x8cm","337"]},{"id":"CA-779329100338","nombre":"ESPATULA SCRAPER DE ACERO DOÑA CLARA Nº4 (22.5 x8cm) x1 338","categoria":"Hogar-Bazar","subcategoria":"Doña Clara","precio":3624.47,"destacado":false,"descripcion":"","imagen":"assets/products/CA-779329100338.webp","tags":["espatula","scraper","acero","doña","clara","nº4","x8cm","338"]},{"id":"CA-779329100339","nombre":"ESPATULA SCRAPER DE ACERO DOÑA CLARA Nº5 (22.5 x8cm) x1 339","categoria":"Hogar-Bazar","subcategoria":"Doña Clara","precio":3624.47,"destacado":false,"descripcion":"","imagen":"assets/products/CA-779329100339.webp","tags":["espatula","scraper","acero","doña","clara","nº5","x8cm","339"]},{"id":"CA-568483990307","nombre":"ESPATULA SCRAPER DE ACERO INOXIDABLE (22x8cm) LA BOTICA x 1 BOTI018B","categoria":"Hogar-Bazar","subcategoria":"La Botica","precio":7852.34,"destacado":false,"descripcion":"","imagen":"assets/products/CA-568483990307.webp","tags":["espatula","scraper","acero","inoxidable","22x8cm","botica","boti018b"]},{"id":"CA-639620710138","nombre":"ESPATULA SCRAPER DE ACERO INOXIDABLE (22x8cm) T138","categoria":"Hogar-Bazar","subcategoria":"Espatula/Batidor/Cuchara/Alisador","precio":362.82,"destacado":false,"descripcion":"","imagen":"assets/products/CA-639620710138.webp","tags":["espatula","scraper","acero","inoxidable","22x8cm","t138"]},{"id":"CA-779842192015","nombre":"ESPATULA SCRAPER PLASTICA MODELO N°1 (24x7.5cm) LA BOTICA  x1","categoria":"Hogar-Bazar","subcategoria":"La Botica","precio":2693.68,"destacado":false,"descripcion":"","imagen":"assets/products/CA-779842192015.webp","tags":["espatula","scraper","plastica","modelo","24x7","5cm","botica"]},{"id":"CA-056848399056","nombre":"ESPATULA SCRAPER PLASTICA MODELO N°1 (24x7.5cm) LA BOTICA x1","categoria":"Hogar-Bazar","subcategoria":"La Botica","precio":2693.68,"destacado":false,"descripcion":"","imagen":"assets/products/CA-056848399056.webp","tags":["espatula","scraper","plastica","modelo","24x7","5cm","botica"]},{"id":"CA-779842192016","nombre":"ESPATULA SCRAPER PLASTICA MODELO N°2 (24x7.5cm)LA BOTICA x1  BOTI052B","categoria":"Hogar-Bazar","subcategoria":"La Botica","precio":2693.68,"destacado":false,"descripcion":"","imagen":"assets/products/CA-779842192016.webp","tags":["espatula","scraper","plastica","modelo","24x7","5cm","botica","boti052b"]},{"id":"CA-056848399057","nombre":"ESPATULA SCRAPER PLASTICA MODELO N°2 (24x7.5cm)LA BOTICA x1 BOTI052B","categoria":"Hogar-Bazar","subcategoria":"La Botica","precio":2693.68,"destacado":false,"descripcion":"","imagen":"assets/products/CA-056848399057.webp","tags":["espatula","scraper","plastica","modelo","24x7","5cm","botica","boti052b"]},{"id":"CA-779842192017","nombre":"ESPATULA SCRAPER PLASTICA MODELO N°3 (24x7.5cm)LA BOTICA x1  BOTI053B","categoria":"Hogar-Bazar","subcategoria":"La Botica","precio":2693.68,"destacado":false,"descripcion":"","imagen":"assets/products/CA-779842192017.webp","tags":["espatula","scraper","plastica","modelo","24x7","5cm","botica","boti053b"]},{"id":"CA-056848399058","nombre":"ESPATULA SCRAPER PLASTICA MODELO N°3 (24x7.5cm)LA BOTICA x1 BOTI053B","categoria":"Hogar-Bazar","subcategoria":"La Botica","precio":2693.68,"destacado":false,"descripcion":"","imagen":"assets/products/CA-056848399058.webp","tags":["espatula","scraper","plastica","modelo","24x7","5cm","botica","boti053b"]},{"id":"CA-779842192018","nombre":"ESPATULA SCRAPER PLASTICA MODELO N°4 (24x7.5cm) LA BOTICA x1","categoria":"Hogar-Bazar","subcategoria":"La Botica","precio":2693.68,"destacado":false,"descripcion":"","imagen":"assets/products/CA-779842192018.webp","tags":["espatula","scraper","plastica","modelo","24x7","5cm","botica"]},{"id":"CA-200020052532","nombre":"ESPATULA SILICONA 100% COLOR NEGRO 27CM  x1 52532","categoria":"Hogar-Bazar","subcategoria":"Silicona","precio":1617.6,"destacado":false,"descripcion":"","imagen":"assets/products/CA-200020052532.webp","tags":["espatula","silicona","100","color","negro","27cm","52532"]},{"id":"CA-379000103614","nombre":"ESPATULA SILICONA 21cm x1 103614","categoria":"Hogar-Bazar","subcategoria":"Espatula/Batidor/Cuchara/Alisador","precio":1880.55,"destacado":false,"descripcion":"NUEVO 09/12/2025","imagen":"assets/products/CA-379000103614.webp","tags":["espatula","silicona","21cm","103614"]},{"id":"CA-379000103617","nombre":"ESPATULA SILICONA 21cm x1 103617","categoria":"Hogar-Bazar","subcategoria":"Espatula/Batidor/Cuchara/Alisador","precio":1691.55,"destacado":false,"descripcion":"NUEVO 09/12/2025","imagen":"assets/products/CA-379000103617.webp","tags":["espatula","silicona","21cm","103617"]},{"id":"CA-692924201590","nombre":"ESPATULA SILICONA CHICA 21cm x1 YW20-159","categoria":"Hogar-Bazar","subcategoria":"Espatula/Batidor/Cuchara/Alisador","precio":1015.54,"destacado":false,"descripcion":"","imagen":"assets/products/CA-692924201590.webp","tags":["espatula","silicona","chica","21cm","yw20","159"]}]}