{"category_slug":"hogar_bazar","subcategory_slug":"","page":33,"page_size":48,"total":1839,"items":[{"id":"CA-779813202123","nombre":"RALLADOR METAL CON BORDE PLASTICO 20 x10cm x1 202123","categoria":"Hogar-Bazar","subcategoria":"Utensillos Varios","precio":725.86,"destacado":false,"descripcion":"","imagen":"assets/products/CA-779813202123.webp","tags":["rallador","metal","con","borde","plastico","x10cm","202123"]},{"id":"CA-779000025141","nombre":"RALLADOR NUEZ MOSCADA 3 CARAS x1 CN17911","categoria":"Hogar-Bazar","subcategoria":"Accesorios De Cocina","precio":919.75,"destacado":false,"descripcion":"","imagen":"assets/products/CA-779000025141.webp","tags":["rallador","nuez","moscada","caras","cn17911"]},{"id":"CA-200020050648","nombre":"RALLADOR PIRAMIDE 4 CARAS 23cm x1 50648","categoria":"Hogar-Bazar","subcategoria":"Utensillos Varios","precio":5523.53,"destacado":false,"descripcion":"* (17/12/2025)","imagen":"assets/products/CA-200020050648.webp","tags":["rallador","piramide","caras","23cm","50648"]},{"id":"CA-000000042604","nombre":"RASQUETA DE ACERO (16 cm.) x1","categoria":"Hogar-Bazar","subcategoria":"Espatula/Batidor/Cuchara/Alisador","precio":4243.49,"destacado":false,"descripcion":"","imagen":"assets/products/CA-000000042604.webp","tags":["rasqueta","acero"]},{"id":"CA-000000042605","nombre":"RASQUETA DE ACERO (20 cm.) x1","categoria":"Hogar-Bazar","subcategoria":"Espatula/Batidor/Cuchara/Alisador","precio":4822.06,"destacado":false,"descripcion":"","imagen":"assets/products/CA-000000042605.webp","tags":["rasqueta","acero"]},{"id":"CA-000000053413","nombre":"RASQUETA METAL C/MANGO PLASTICO/CORTANTE PARA PAN x1 202150","categoria":"Hogar-Bazar","subcategoria":"Espatula/Batidor/Cuchara/Alisador","precio":3886.15,"destacado":false,"descripcion":"","imagen":"assets/products/CA-000000053413.webp","tags":["rasqueta","metal","mango","plastico","cortante","para","pan","202150"]},{"id":"CA-000000001052","nombre":"RASQUETA METAL CON MANGO MADERA J.J (11x7cm) x1","categoria":"Hogar-Bazar","subcategoria":"Espatula/Batidor/Cuchara/Alisador","precio":4932.0,"destacado":false,"descripcion":"","imagen":"assets/products/CA-000000001052.webp","tags":["rasqueta","metal","con","mango","madera","11x7cm"]},{"id":"CA-779329101201","nombre":"RASQUETA METALICA ERGONOMICA DOÑA CLARA x1 315","categoria":"Hogar-Bazar","subcategoria":"Doña Clara","precio":5028.68,"destacado":false,"descripcion":"","imagen":"assets/products/CA-779329101201.webp","tags":["rasqueta","metalica","ergonomica","doña","clara","315"]},{"id":"CA-000000023620","nombre":"RASQUETA PLASTICA (11,5x9cm)  x3","categoria":"Hogar-Bazar","subcategoria":"Cooper","precio":2332.98,"destacado":false,"descripcion":"","imagen":"assets/products/CA-000000023620.webp","tags":["rasqueta","plastica","5x9cm"]},{"id":"CA-779329102140","nombre":"RASQUETA PLASTICA DOÑA CLARA (15x11cm)  x1 123","categoria":"Hogar-Bazar","subcategoria":"Doña Clara","precio":2474.23,"destacado":false,"descripcion":"","imagen":"assets/products/CA-779329102140.webp","tags":["rasqueta","plastica","doña","clara","15x11cm","123"]},{"id":"CA-000000032686","nombre":"RASQUETA PLASTICA GRANDE RECTA COOPER x1","categoria":"Hogar-Bazar","subcategoria":"Espatula/Batidor/Cuchara/Alisador","precio":2078.49,"destacado":false,"descripcion":"","imagen":"assets/products/CA-000000032686.webp","tags":["rasqueta","plastica","grande","recta","cooper"]},{"id":"CA-779842192010","nombre":"RASQUETA PLASTICA LA BOTICA x1 (CORNET)  BOTI035B","categoria":"Hogar-Bazar","subcategoria":"La Botica","precio":1354.78,"destacado":false,"descripcion":"","imagen":"assets/products/CA-779842192010.webp","tags":["rasqueta","plastica","botica","cornet","boti035b"]},{"id":"CA-000000049531","nombre":"RASQUETA PLASTICA PARPEN 10 x14 cm x1 (CORNET) EM","categoria":"Hogar-Bazar","subcategoria":"Parpen","precio":2028.2,"destacado":false,"descripcion":"* (05/12/2025)","imagen":"assets/products/CA-000000049531.webp","tags":["rasqueta","plastica","parpen","x14","cornet"]},{"id":"CA-000000021508","nombre":"RASQUETA PLASTICA TRIANGULAR x1","categoria":"Hogar-Bazar","subcategoria":"Espatula/Batidor/Cuchara/Alisador","precio":2598.7,"destacado":false,"descripcion":"","imagen":"assets/products/CA-000000021508.webp","tags":["rasqueta","plastica","triangular"]},{"id":"CA-779429704047","nombre":"RASQUETA PROFESIONAL GRANDE (15x11cm) x1","categoria":"Hogar-Bazar","subcategoria":"Espatula/Batidor/Cuchara/Alisador","precio":963.37,"destacado":false,"descripcion":"","imagen":"assets/products/CA-779429704047.webp","tags":["rasqueta","profesional","grande","15x11cm"]},{"id":"CA-779429704020","nombre":"RASQUETA PROFESIONAL GRANDE (15x11cm) x1 4020","categoria":"Hogar-Bazar","subcategoria":"Espatula/Batidor/Cuchara/Alisador","precio":963.37,"destacado":false,"descripcion":"","imagen":"assets/products/CA-779429704020.webp","tags":["rasqueta","profesional","grande","15x11cm","4020"]},{"id":"CA-000000005743","nombre":"RAVIOLERA PLASTICA x32 083","categoria":"Hogar-Bazar","subcategoria":"Utensillos Varios","precio":1980.68,"destacado":false,"descripcion":"","imagen":"assets/products/CA-000000005743.webp","tags":["raviolera","plastica","x32","083"]},{"id":"CA-000000001373","nombre":"RAVIOLISTO CURVO x48 099","categoria":"Hogar-Bazar","subcategoria":"Utensillos Varios","precio":4200.4,"destacado":false,"descripcion":"","imagen":"assets/products/CA-000000001373.webp","tags":["raviolisto","curvo","x48","099"]},{"id":"CA-000000026091","nombre":"RAVIOLON PLASTICO CURVO x24 181","categoria":"Hogar-Bazar","subcategoria":"Utensillos Varios","precio":5042.76,"destacado":false,"descripcion":"","imagen":"assets/products/CA-000000026091.webp","tags":["raviolon","plastico","curvo","x24","181"]},{"id":"CA-000000005744","nombre":"RAVIOLON/PANZOTTI x8 086","categoria":"Hogar-Bazar","subcategoria":"Utensillos Varios","precio":1980.68,"destacado":false,"descripcion":"","imagen":"assets/products/CA-000000005744.webp","tags":["raviolon","panzotti","086"]},{"id":"CA-692232785629","nombre":"RECIPIENTE DECORATIVO MULTIUSO 25cm x1 20749A/B","categoria":"Hogar-Bazar","subcategoria":"Accesorios De Cocina","precio":4958.2,"destacado":false,"descripcion":"","imagen":"assets/products/CA-692232785629.webp","tags":["recipiente","decorativo","multiuso","25cm","20749a"]},{"id":"CA-692232786040","nombre":"RECIPIENTE DECORATIVO MULTIUSO 25cm x1 20749B","categoria":"Hogar-Bazar","subcategoria":"Accesorios De Cocina","precio":4958.2,"destacado":false,"descripcion":"","imagen":"assets/products/CA-692232786040.webp","tags":["recipiente","decorativo","multiuso","25cm","20749b"]},{"id":"CA-200020051243","nombre":"RECIPIENTE ORGANIZADOR HUEVERA PARA 15  x1 51243","categoria":"Hogar-Bazar","subcategoria":"Accesorios De Cocina","precio":2370.87,"destacado":false,"descripcion":"","imagen":"assets/products/CA-200020051243.webp","tags":["recipiente","organizador","huevera","para","51243"]},{"id":"CA-200020050132","nombre":"RECIPIENTES HERMETICOS DE VIDRIO x3 50132","categoria":"Hogar-Bazar","subcategoria":"Vidrio","precio":15805.92,"destacado":false,"descripcion":"","imagen":"assets/products/CA-200020050132.webp","tags":["recipientes","hermeticos","vidrio","50132"]},{"id":"CA-779000021182","nombre":"REJILLA PARA REPOSTERIA 25x40 cm x1 CN14873","categoria":"Hogar-Bazar","subcategoria":"Accesorios De Cocina","precio":4658.68,"destacado":false,"descripcion":"","imagen":"assets/products/CA-779000021182.webp","tags":["rejilla","para","reposteria","25x40","cn14873"]},{"id":"CA-200020024584","nombre":"REJILLA PARA REPOSTERIA 25X40cm x1 24584","categoria":"Hogar-Bazar","subcategoria":"Accesorios De Cocina","precio":4658.68,"destacado":false,"descripcion":"","imagen":"assets/products/CA-200020024584.webp","tags":["rejilla","para","reposteria","25x40cm","24584"]},{"id":"CA-692924200540","nombre":"REJILLA PARA REPOSTERIA 25X40CM X1 YW20-054","categoria":"Hogar-Bazar","subcategoria":"Accesorios De Cocina","precio":4658.68,"destacado":false,"descripcion":"","imagen":"assets/products/CA-692924200540.webp","tags":["rejilla","para","reposteria","25x40cm","yw20","054"]},{"id":"CA-779804703200","nombre":"REPUESTO GAS BUTANO F.D.M. 405ml  x1","categoria":"Hogar-Bazar","subcategoria":"Accesorios De Cocina","precio":1852.5,"destacado":false,"descripcion":"","imagen":"assets/products/CA-779804703200.webp","tags":["repuesto","gas","butano","405ml"]},{"id":"CA-779591300720","nombre":"RODILLO AMASADOR DE MANO CHICO 6cm x1 720 (FERPA)","categoria":"Hogar-Bazar","subcategoria":"Utensillos Varios","precio":7452.8,"destacado":false,"descripcion":"","imagen":"assets/products/CA-779591300720.webp","tags":["rodillo","amasador","mano","chico","6cm","720","ferpa"]},{"id":"CA-779591300722","nombre":"RODILLO AMASADOR DE MANO DOBLE 6 Y 10cm x1 722 (FERPA)","categoria":"Hogar-Bazar","subcategoria":"Utensillos Varios","precio":12925.95,"destacado":false,"descripcion":"","imagen":"assets/products/CA-779591300722.webp","tags":["rodillo","amasador","mano","doble","10cm","722","ferpa"]},{"id":"CA-779591300721","nombre":"RODILLO AMASADOR DE MANO GRANDE 10cm x1 721 (FERPA)","categoria":"Hogar-Bazar","subcategoria":"Utensillos Varios","precio":7569.25,"destacado":false,"descripcion":"","imagen":"assets/products/CA-779591300721.webp","tags":["rodillo","amasador","mano","grande","10cm","721","ferpa"]},{"id":"CA-000000043343","nombre":"RODILLO ESTIRADOR ANTIADHERENTE x1 COOPER","categoria":"Hogar-Bazar","subcategoria":"Cooper","precio":9078.89,"destacado":false,"descripcion":"","imagen":"assets/products/CA-000000043343.webp","tags":["rodillo","estirador","antiadherente","cooper"]},{"id":"CA-000000056041","nombre":"RODILLO TEXTURADOR ACRILICO FLOGUS CUPCAKE X1","categoria":"Hogar-Bazar","subcategoria":"Cortantes Flogus","precio":5759.6,"destacado":false,"descripcion":"","imagen":"assets/products/CA-000000056041.webp","tags":["rodillo","texturador","acrilico","flogus","cupcake"]},{"id":"CA-000000056037","nombre":"RODILLO TEXTURADOR ACRILICO FLOGUS TEJIDO X1","categoria":"Hogar-Bazar","subcategoria":"Cortantes Flogus","precio":5759.6,"destacado":false,"descripcion":"","imagen":"assets/products/CA-000000056037.webp","tags":["rodillo","texturador","acrilico","flogus","tejido"]},{"id":"CA-489413097275","nombre":"ROMPENUECES METAL 16cm x1 ZA3016","categoria":"Hogar-Bazar","subcategoria":"Utensillos Varios","precio":4958.2,"destacado":false,"descripcion":"","imagen":"assets/products/CA-489413097275.webp","tags":["rompenueces","metal","16cm","za3016"]},{"id":"CA-568483990303","nombre":"SACABOCADO PARA CUPCAKE LA BOTICA x1","categoria":"Hogar-Bazar","subcategoria":"La Botica","precio":1453.92,"destacado":false,"descripcion":"","imagen":"assets/products/CA-568483990303.webp","tags":["sacabocado","para","cupcake","botica"]},{"id":"CA-779558700520","nombre":"SACACORCHO T/MOZO LOEKEMEYER x1 520","categoria":"Hogar-Bazar","subcategoria":"Lokemeyer","precio":4153.98,"destacado":false,"descripcion":"","imagen":"assets/products/CA-779558700520.webp","tags":["sacacorcho","mozo","loekemeyer","520"]},{"id":"CA-779558700508","nombre":"SACAFUENTES LOEKEMEYER x1 508","categoria":"Hogar-Bazar","subcategoria":"Lokemeyer","precio":5793.06,"destacado":false,"descripcion":"","imagen":"assets/products/CA-779558700508.webp","tags":["sacafuentes","loekemeyer","508"]},{"id":"CA-489413098075","nombre":"SALSERO ACERO INOXIDABLE 150cc x1 GRAVY-5OZ","categoria":"Hogar-Bazar","subcategoria":"Accesorios De Cocina","precio":5921.24,"destacado":false,"descripcion":"","imagen":"assets/products/CA-489413098075.webp","tags":["salsero","acero","inoxidable","150cc","gravy","5oz"]},{"id":"CA-489413097461","nombre":"SANDWICHERA ELECTRICA ANTIADHERENTE x1 S6333","categoria":"Hogar-Bazar","subcategoria":"Antiadherente","precio":52169.2,"destacado":false,"descripcion":"","imagen":"assets/products/CA-489413097461.webp","tags":["sandwichera","electrica","antiadherente","s6333"]},{"id":"CA-200020050046","nombre":"SARTEN ANTIADHERENTE 4 ESPACIOS x1 50046","categoria":"Hogar-Bazar","subcategoria":"Antiadherente","precio":12687.5,"destacado":false,"descripcion":"","imagen":"assets/products/CA-200020050046.webp","tags":["sarten","antiadherente","espacios","50046"]},{"id":"CA-200020054218","nombre":"SARTEN ANTIADHERENTE 4 ESPACIOS x1 54218","categoria":"Hogar-Bazar","subcategoria":"Antiadherente","precio":14049.69,"destacado":false,"descripcion":"","imagen":"assets/products/CA-200020054218.webp","tags":["sarten","antiadherente","espacios","54218"]},{"id":"CA-779572208104","nombre":"SARTEN ANTIADHERENTE JOVIFEL LINEA RIVOLI 24cm x1 8104","categoria":"Hogar-Bazar","subcategoria":"Jovifel","precio":12873.48,"destacado":false,"descripcion":"","imagen":"assets/products/CA-779572208104.webp","tags":["sarten","antiadherente","jovifel","linea","rivoli","24cm","8104"]},{"id":"CA-779572208106","nombre":"SARTEN ANTIADHERENTE JOVIFEL LINEA RIVOLI 28cm x1 8106","categoria":"Hogar-Bazar","subcategoria":"Jovifel","precio":15759.22,"destacado":false,"descripcion":"","imagen":"assets/products/CA-779572208106.webp","tags":["sarten","antiadherente","jovifel","linea","rivoli","28cm","8106"]},{"id":"CA-000000014708","nombre":"SAVARIN ALUMINIO Nº22  x1","categoria":"Hogar-Bazar","subcategoria":"Moldes De Aluminio","precio":4374.38,"destacado":false,"descripcion":"","imagen":"assets/products/CA-000000014708.webp","tags":["savarin","aluminio","nº22"]},{"id":"CA-000000014709","nombre":"SAVARIN ALUMINIO Nº24  x1","categoria":"Hogar-Bazar","subcategoria":"Moldes De Aluminio","precio":4543.58,"destacado":false,"descripcion":"","imagen":"assets/products/CA-000000014709.webp","tags":["savarin","aluminio","nº24"]},{"id":"CA-000000014710","nombre":"SAVARIN ALUMINIO Nº26  x1","categoria":"Hogar-Bazar","subcategoria":"Moldes De Aluminio","precio":4963.43,"destacado":false,"descripcion":"","imagen":"assets/products/CA-000000014710.webp","tags":["savarin","aluminio","nº26"]},{"id":"CA-000000014711","nombre":"SAVARIN ALUMINIO Nº28  x1","categoria":"Hogar-Bazar","subcategoria":"Moldes De Aluminio","precio":5282.42,"destacado":false,"descripcion":"","imagen":"assets/products/CA-000000014711.webp","tags":["savarin","aluminio","nº28"]}]}