{"category_slug":"comunion_confirmacion","subcategory_slug":"","page":3,"page_size":48,"total":137,"items":[{"id":"CA-779905100922","nombre":"PINCHE PARA FOTO COMUNION x10(PROPS) 9185 GOLD MUNDO","categoria":"Comunion/Confirmacion","subcategoria":"Accesorios","precio":1423.44,"destacado":false,"descripcion":"","imagen":"assets/products/CA-779905100922.webp","tags":["pinche","para","foto","comunion","x10","props","9185","gold","mundo"]},{"id":"CA-000000029235","nombre":"PIROTIN CUPCAKE Nº10 COMUNION (CONVIDA) CAJA x500","categoria":"Comunion/Confirmacion","subcategoria":"Accesorios","precio":12593.6,"destacado":false,"descripcion":"","imagen":"assets/products/CA-000000029235.webp","tags":["pirotin","cupcake","nº10","comunion","convida","caja","x500"]},{"id":"CA-000000041302","nombre":"PLANCHA DE HOSTIA BLANCA X 5 UNIDADES","categoria":"Comunion/Confirmacion","subcategoria":"Accesorios","precio":6500.0,"destacado":false,"descripcion":"","imagen":"assets/products/CA-000000041302.webp","tags":["plancha","hostia","blanca","unidades"]},{"id":"CA-779905100586","nombre":"PLATO COMUNION CALIZ CON ESPIGA x8 GM 9158","categoria":"Comunion/Confirmacion","subcategoria":"Linea Caliz Con Espiga","precio":1379.03,"destacado":false,"descripcion":"","imagen":"assets/products/CA-779905100586.webp","tags":["plato","comunion","caliz","con","espiga","9158"]},{"id":"CA-779905100930","nombre":"PLATO COMUNION HOJAS DE OLIVO x8 GM 9178","categoria":"Comunion/Confirmacion","subcategoria":"Linea Comunion Hojas De Olivo","precio":1379.03,"destacado":false,"descripcion":"","imagen":"assets/products/CA-779905100930.webp","tags":["plato","comunion","hojas","olivo","9178"]},{"id":"CA-779812497746","nombre":"PLATO COMUNION ROSARIO x8 0728 GM","categoria":"Comunion/Confirmacion","subcategoria":"Linea Rosario","precio":1174.5,"destacado":false,"descripcion":"","imagen":"assets/products/CA-779812497746.webp","tags":["plato","comunion","rosario","0728"]},{"id":"CA-779813465670","nombre":"PLATO CONFIRMACION GM X8 ART.30578","categoria":"Comunion/Confirmacion","subcategoria":"Linea Confirmacion","precio":1174.5,"destacado":false,"descripcion":"","imagen":"assets/products/CA-779813465670.webp","tags":["plato","confirmacion","art","30578"]},{"id":"CA-779842285170","nombre":"PLATO CUADRADO COMUNION x8u. C.O","categoria":"Comunion/Confirmacion","subcategoria":"Linea Comunion/ C.O","precio":1236.5,"destacado":false,"descripcion":"","imagen":"assets/products/CA-779842285170.webp","tags":["plato","cuadrado","comunion","x8u"]},{"id":"CA-000000001527","nombre":"ROSARIO (DENARIO) ARROZ CRUZ DORADA x10 MARIELA","categoria":"Comunion/Confirmacion","subcategoria":"Accesorios","precio":13440.0,"destacado":false,"descripcion":"","imagen":"assets/products/CA-000000001527.webp","tags":["rosario","denario","arroz","cruz","dorada","x10","mariela"]},{"id":"CA-000000035987","nombre":"ROSARIO (DENARIO) ARROZ CRUZ PLATEADAx10 MARIELA","categoria":"Comunion/Confirmacion","subcategoria":"Accesorios","precio":13440.0,"destacado":false,"descripcion":"","imagen":"assets/products/CA-000000035987.webp","tags":["rosario","denario","arroz","cruz","plateadax10","mariela"]},{"id":"CA-000000040131","nombre":"ROSARIO (DENARIO) PERLADO PERLAS BLANCAS CRUZ PLATEADO x 4 MARIELA","categoria":"Comunion/Confirmacion","subcategoria":"Accesorios","precio":5824.0,"destacado":false,"descripcion":"","imagen":"assets/products/CA-000000040131.webp","tags":["rosario","denario","perlado","perlas","blancas","cruz","plateado","mariela"]},{"id":"CA-000000040130","nombre":"ROSARIO (DENARIO) PERLADO PERLAS CELESTES CRUZ PLATEADOx 4 MARIELA","categoria":"Comunion/Confirmacion","subcategoria":"Accesorios","precio":5824.0,"destacado":false,"descripcion":"","imagen":"assets/products/CA-000000040130.webp","tags":["rosario","denario","perlado","perlas","celestes","cruz","plateadox","mariela"]},{"id":"CA-000000040129","nombre":"ROSARIO (DENARIO) PERLADO PERLAS ROSA CRUZ PLATEADO x 4 MARIELA","categoria":"Comunion/Confirmacion","subcategoria":"Accesorios","precio":5824.0,"destacado":false,"descripcion":"","imagen":"assets/products/CA-000000040129.webp","tags":["rosario","denario","perlado","perlas","rosa","cruz","plateado","mariela"]},{"id":"CA-000000028799","nombre":"ROSARIO (DENARIO) PERLAS BLANCAS CHICAS CON CRUZ DORADA x10 MARIELA","categoria":"Comunion/Confirmacion","subcategoria":"Accesorios","precio":13440.0,"destacado":false,"descripcion":"","imagen":"assets/products/CA-000000028799.webp","tags":["rosario","denario","perlas","blancas","chicas","con","cruz","dorada","x10","mariela"]},{"id":"CA-000000035988","nombre":"ROSARIO (DENARIO) PERLAS BLANCAS CHICAS CON CRUZ PLATEADAx10 MARIELA","categoria":"Comunion/Confirmacion","subcategoria":"Accesorios","precio":13440.0,"destacado":false,"descripcion":"","imagen":"assets/products/CA-000000035988.webp","tags":["rosario","denario","perlas","blancas","chicas","con","cruz","plateadax10","mariela"]},{"id":"CA-000000040128","nombre":"ROSARIO (DENARIO) PERLAS CELESTE PASTEL CRUZ PLATEADO x 4 MARIELA","categoria":"Comunion/Confirmacion","subcategoria":"Accesorios","precio":5824.0,"destacado":false,"descripcion":"","imagen":"assets/products/CA-000000040128.webp","tags":["rosario","denario","perlas","celeste","pastel","cruz","plateado","mariela"]},{"id":"CA-000000040126","nombre":"ROSARIO (DENARIO) PERLAS ROSA PASTEL CRUZ PLATEADO x 4 MARIELA","categoria":"Comunion/Confirmacion","subcategoria":"Accesorios","precio":5824.0,"destacado":false,"descripcion":"","imagen":"assets/products/CA-000000040126.webp","tags":["rosario","denario","perlas","rosa","pastel","cruz","plateado","mariela"]},{"id":"CA-000000015754","nombre":"ROSARIO GRANDE BLANCO/OPALINA  x1u. GUSTAVO ARCELLA","categoria":"Comunion/Confirmacion","subcategoria":"Accesorios","precio":2044.0,"destacado":false,"descripcion":"","imagen":"assets/products/CA-000000015754.webp","tags":["rosario","grande","blanco","opalina","x1u","gustavo","arcella"]},{"id":"CA-000000015755","nombre":"ROSARIO GRANDE CRISTAL x1 GUSTAVO ARCELLA","categoria":"Comunion/Confirmacion","subcategoria":"Accesorios","precio":2044.0,"destacado":false,"descripcion":"","imagen":"assets/products/CA-000000015755.webp","tags":["rosario","grande","cristal","gustavo","arcella"]},{"id":"CA-000000056253","nombre":"ROSARIO(DENARIO) COMUNION PERL/CRUZ ACRILICA AMARILLA x10u.GA","categoria":"Comunion/Confirmacion","subcategoria":"Accesorios","precio":4634.0,"destacado":false,"descripcion":"","imagen":"assets/products/CA-000000056253.webp","tags":["rosario","denario","comunion","perl","cruz","acrilica","amarilla","x10u"]},{"id":"CA-000000056254","nombre":"ROSARIO(DENARIO) COMUNION PERLASC/CRUZ ACRILICO BLANCO/OPALINA x10u.G.A","categoria":"Comunion/Confirmacion","subcategoria":"Accesorios","precio":4634.0,"destacado":false,"descripcion":"","imagen":"assets/products/CA-000000056254.webp","tags":["rosario","denario","comunion","perlasc","cruz","acrilico","blanco","opalina","x10u"]},{"id":"CA-000000056255","nombre":"ROSARIO(DENARIO) COMUNION PERLASC/CRUZ ACRILICO CELESTE x10 G.A","categoria":"Comunion/Confirmacion","subcategoria":"Accesorios","precio":4634.0,"destacado":false,"descripcion":"","imagen":"assets/products/CA-000000056255.webp","tags":["rosario","denario","comunion","perlasc","cruz","acrilico","celeste","x10"]},{"id":"CA-000000056256","nombre":"ROSARIO(DENARIO) COMUNION PERLASC/CRUZ ACRILICO ROSA x10 G.A","categoria":"Comunion/Confirmacion","subcategoria":"Accesorios","precio":4634.0,"destacado":false,"descripcion":"","imagen":"assets/products/CA-000000056256.webp","tags":["rosario","denario","comunion","perlasc","cruz","acrilico","rosa","x10"]},{"id":"CA-779905100626","nombre":"SERVILLETA COMUNION CALIZ CON ESPIGA x20 GM 9159","categoria":"Comunion/Confirmacion","subcategoria":"Linea Caliz Con Espiga","precio":929.48,"destacado":false,"descripcion":"","imagen":"assets/products/CA-779905100626.webp","tags":["servilleta","comunion","caliz","con","espiga","x20","9159"]},{"id":"CA-779905100927","nombre":"SERVILLETA COMUNION HOJAS DE OLIVO x20 GM 9179","categoria":"Comunion/Confirmacion","subcategoria":"Linea Comunion Hojas De Olivo","precio":929.48,"destacado":false,"descripcion":"","imagen":"assets/products/CA-779905100927.webp","tags":["servilleta","comunion","hojas","olivo","x20","9179"]},{"id":"CA-779842285168","nombre":"SERVILLETA COMUNION x20u. C.O","categoria":"Comunion/Confirmacion","subcategoria":"Linea Comunion/ C.O","precio":1192.3,"destacado":false,"descripcion":"","imagen":"assets/products/CA-779842285168.webp","tags":["servilleta","comunion","x20u"]},{"id":"CA-000000051928","nombre":"SET MI COMUNION BANDERIN Y TOPPERS CALIZ x7u.(POMPI DU )","categoria":"Comunion/Confirmacion","subcategoria":"Adornos Y Complementos De Torta","precio":1330.0,"destacado":false,"descripcion":"","imagen":"assets/products/CA-000000051928.webp","tags":["set","comunion","banderin","toppers","caliz","x7u","pompi"]},{"id":"CA-000000051927","nombre":"SET MI COMUNION BANDERIN Y TOPPERS NENA x7u.(POMPI DU )","categoria":"Comunion/Confirmacion","subcategoria":"Adornos Y Complementos De Torta","precio":1330.0,"destacado":false,"descripcion":"","imagen":"assets/products/CA-000000051927.webp","tags":["set","comunion","banderin","toppers","nena","x7u","pompi"]},{"id":"CA-000000051926","nombre":"SET MI COMUNION BANDERIN Y TOPPERS NENE x7u.(POMPI DU )","categoria":"Comunion/Confirmacion","subcategoria":"Adornos Y Complementos De Torta","precio":1330.0,"destacado":false,"descripcion":"","imagen":"assets/products/CA-000000051926.webp","tags":["set","comunion","banderin","toppers","nene","x7u","pompi"]},{"id":"CA-779905100931","nombre":"STICKERS COMUNION HOJAS DE OLIVO x6 (6 planchas x 12 sticker) 9186 GM","categoria":"Comunion/Confirmacion","subcategoria":"Linea Comunion Hojas De Olivo","precio":1409.4,"destacado":false,"descripcion":"","imagen":"assets/products/CA-779905100931.webp","tags":["stickers","comunion","hojas","olivo","planchas","sticker","9186"]},{"id":"CA-000000052894","nombre":"TIARA VINCHA DOBLE PERLAS CON MOÑO ART.110 x1","categoria":"Comunion/Confirmacion","subcategoria":"Accesorios","precio":3442.5,"destacado":false,"descripcion":"","imagen":"assets/products/CA-000000052894.webp","tags":["tiara","vincha","doble","perlas","con","moño","art","110"]},{"id":"CA-000000032459","nombre":"TIRA GOMA EVA C/BRILLO GLOBITOS COMUNION x1","categoria":"Comunion/Confirmacion","subcategoria":"Decoracion","precio":2949.75,"destacado":false,"descripcion":"* (16/12/2025)","imagen":"assets/products/CA-000000032459.webp","tags":["tira","goma","eva","brillo","globitos","comunion"]},{"id":"CA-779813465937","nombre":"VASO COMUNION CALIZ CON MANDALA x10 GM","categoria":"Comunion/Confirmacion","subcategoria":"Linea Caliz Con Mandala","precio":974.03,"destacado":false,"descripcion":"","imagen":"assets/products/CA-779813465937.webp","tags":["vaso","comunion","caliz","con","mandala","x10"]},{"id":"CA-779905100928","nombre":"VASO COMUNION HOJAS DE OLIVOx10 9176 GM","categoria":"Comunion/Confirmacion","subcategoria":"Linea Comunion Hojas De Olivo","precio":974.03,"destacado":false,"descripcion":"","imagen":"assets/products/CA-779905100928.webp","tags":["vaso","comunion","hojas","olivox10","9176"]},{"id":"CA-779813465668","nombre":"VASO CONFIRMACION X10 ART.30576 GM","categoria":"Comunion/Confirmacion","subcategoria":"Linea Confirmacion","precio":974.03,"destacado":false,"descripcion":"","imagen":"assets/products/CA-779813465668.webp","tags":["vaso","confirmacion","x10","art","30576"]},{"id":"CA-779842285171","nombre":"VASO POLIPAPEL COMUNION 240cc x8 C.O","categoria":"Comunion/Confirmacion","subcategoria":"Linea Comunion/ C.O","precio":1217.71,"destacado":false,"descripcion":"","imagen":"assets/products/CA-779842285171.webp","tags":["vaso","polipapel","comunion","240cc"]},{"id":"CA-000000057508","nombre":"VELA NOCHE AMARILLA x12 (004J) ILUMINARTE","categoria":"Comunion/Confirmacion","subcategoria":"Accesorios","precio":1841.39,"destacado":false,"descripcion":"","imagen":"assets/products/CA-000000057508.webp","tags":["vela","noche","amarilla","x12","004j","iluminarte"]},{"id":"CA-695656916842","nombre":"VELON LUMINOSO LUZ AMARILLA (4x5cm aprox) x 24 1684","categoria":"Comunion/Confirmacion","subcategoria":"Accesorios","precio":8202.6,"destacado":false,"descripcion":"","imagen":"assets/products/CA-695656916842.webp","tags":["velon","luminoso","luz","amarilla","4x5cm","aprox","1684"]},{"id":"CA-693654316841","nombre":"VELON LUMINOSO LUZ BLANCA (4x 5cm aprox.) x 24 1684","categoria":"Comunion/Confirmacion","subcategoria":"Accesorios","precio":8202.6,"destacado":false,"descripcion":"","imagen":"assets/products/CA-693654316841.webp","tags":["velon","luminoso","luz","blanca","5cm","aprox","1684"]},{"id":"CA-000000042243","nombre":"VINCHA COMUNION PERLAS C/STRASS x1 ART 210 VS","categoria":"Comunion/Confirmacion","subcategoria":"Accesorios","precio":3064.5,"destacado":false,"descripcion":"","imagen":"assets/products/CA-000000042243.webp","tags":["vincha","comunion","perlas","strass","art","210"]},{"id":"CA-000000042242","nombre":"VINCHA COMUNION PERLAS FLORES C/STRASS x1 ART 200 VS","categoria":"Comunion/Confirmacion","subcategoria":"Accesorios","precio":3064.5,"destacado":false,"descripcion":"","imagen":"assets/products/CA-000000042242.webp","tags":["vincha","comunion","perlas","flores","strass","art","200"]}]}