{"category_slug":"comunion_confirmacion","subcategory_slug":"","page":1,"page_size":48,"total":137,"items":[{"id":"CA-000000058076","nombre":"ADORNO ANGELITO BLANCO 3D CON VELA LED x1u","categoria":"Comunion/Confirmacion","subcategoria":"Adornos Y Complementos De Torta","precio":3080.0,"destacado":false,"descripcion":"","imagen":"assets/products/CA-000000058076.webp","tags":["adorno","angelito","blanco","con","vela","led","x1u"]},{"id":"CA-000000051979","nombre":"ADORNO BASE BRILLO CAPILLA 3D CON NENA COMUNION DISTRIBUIDORA G x1u","categoria":"Comunion/Confirmacion","subcategoria":"Adornos Y Complementos De Torta","precio":2030.0,"destacado":false,"descripcion":"","imagen":"assets/products/CA-000000051979.webp","tags":["adorno","base","brillo","capilla","con","nena","comunion","distribuidora","x1u"]},{"id":"CA-000000051980","nombre":"ADORNO BASE BRILLO CAPILLA 3D CON NENE COMUNION DISTRIBUIDORA G x1u","categoria":"Comunion/Confirmacion","subcategoria":"Adornos Y Complementos De Torta","precio":2030.0,"destacado":false,"descripcion":"","imagen":"assets/products/CA-000000051980.webp","tags":["adorno","base","brillo","capilla","con","nene","comunion","distribuidora","x1u"]},{"id":"CA-000000051972","nombre":"ADORNO BASE BRILLO COMUNION CAPILLA 3D DISTRIBUIDORA G x1u","categoria":"Comunion/Confirmacion","subcategoria":"Adornos Y Complementos De Torta","precio":2310.0,"destacado":false,"descripcion":"","imagen":"assets/products/CA-000000051972.webp","tags":["adorno","base","brillo","comunion","capilla","distribuidora","x1u"]},{"id":"CA-000000052150","nombre":"ADORNO CENTRO DE MESA FIBROFACIL COMUNION CALIZ CALADO CON ESPIGAS DORADO X 1","categoria":"Comunion/Confirmacion","subcategoria":"Adornos Y Complementos De Torta","precio":1471.5,"destacado":false,"descripcion":"","imagen":"assets/products/CA-000000052150.webp","tags":["adorno","centro","mesa","fibrofacil","comunion","caliz","calado","con","espigas","dorado"]},{"id":"CA-000000052149","nombre":"ADORNO CENTRO DE MESA FIBROFACIL COMUNION CALIZ DORADO X 1","categoria":"Comunion/Confirmacion","subcategoria":"Adornos Y Complementos De Torta","precio":1471.5,"destacado":false,"descripcion":"","imagen":"assets/products/CA-000000052149.webp","tags":["adorno","centro","mesa","fibrofacil","comunion","caliz","dorado"]},{"id":"CA-000000052148","nombre":"ADORNO CENTRO DE MESA FIBROFACIL COMUNION MISAL CON CRUZ DORADO X 1","categoria":"Comunion/Confirmacion","subcategoria":"Adornos Y Complementos De Torta","precio":1471.5,"destacado":false,"descripcion":"","imagen":"assets/products/CA-000000052148.webp","tags":["adorno","centro","mesa","fibrofacil","comunion","misal","con","cruz","dorado"]},{"id":"CA-000000052147","nombre":"ADORNO CENTRO DE MESA FIBROFACIL COMUNION/BAUTISMO ANGELITO DORADO X 1","categoria":"Comunion/Confirmacion","subcategoria":"Adornos Y Complementos De Torta","precio":1471.5,"destacado":false,"descripcion":"","imagen":"assets/products/CA-000000052147.webp","tags":["adorno","centro","mesa","fibrofacil","comunion","bautismo","angelito","dorado"]},{"id":"CA-000000056571","nombre":"ADORNO COMUNION ALTAR CON BRILLO Y CALIZ CON ESPIGAS 2016 x1u.UPALALA","categoria":"Comunion/Confirmacion","subcategoria":"Adornos Y Complementos De Torta","precio":3273.2,"destacado":false,"descripcion":"","imagen":"assets/products/CA-000000056571.webp","tags":["adorno","comunion","altar","con","brillo","caliz","con","espigas","2016","x1u","upalala"]},{"id":"CA-000000040349","nombre":"ADORNO COMUNION BASE DOBLE CUADRADA CALIZ CON MOÑO x1 UPALALA","categoria":"Comunion/Confirmacion","subcategoria":"Adornos Y Complementos De Torta","precio":2940.0,"destacado":false,"descripcion":"","imagen":"assets/products/CA-000000040349.webp","tags":["adorno","comunion","base","doble","cuadrada","caliz","con","moño","upalala"]},{"id":"CA-000000056573","nombre":"ADORNO COMUNION CALIZ  CON BRILLO DORADO Y ESPIGA 2015 x1u.UPALALA","categoria":"Comunion/Confirmacion","subcategoria":"Adornos Y Complementos De Torta","precio":2804.2,"destacado":false,"descripcion":"","imagen":"assets/products/CA-000000056573.webp","tags":["adorno","comunion","caliz","con","brillo","dorado","espiga","2015","x1u","upalala"]},{"id":"CA-000000056572","nombre":"ADORNO COMUNION CAPILLA CON BRILO BASE DOBLE Y ESPIGA x1u.UPALALA","categoria":"Comunion/Confirmacion","subcategoria":"Adornos Y Complementos De Torta","precio":3273.2,"destacado":false,"descripcion":"","imagen":"assets/products/CA-000000056572.webp","tags":["adorno","comunion","capilla","con","brilo","base","doble","espiga","x1u","upalala"]},{"id":"CA-000000045433","nombre":"ADORNO SET 3D MI COMUNION CARTEL CON PALOMAS x3u UPALALA","categoria":"Comunion/Confirmacion","subcategoria":"Adornos Y Complementos De Torta","precio":1029.0,"destacado":false,"descripcion":"","imagen":"assets/products/CA-000000045433.webp","tags":["adorno","set","comunion","cartel","con","palomas","x3u","upalala"]},{"id":"CA-779905100606","nombre":"AFICHE COMUNION CALIZ CON ESPIGA x1 GM 9155","categoria":"Comunion/Confirmacion","subcategoria":"Linea Caliz Con Espiga","precio":1017.56,"destacado":false,"descripcion":"","imagen":"assets/products/CA-779905100606.webp","tags":["afiche","comunion","caliz","con","espiga","9155"]},{"id":"CA-779905100926","nombre":"AFICHE COMUNION HOJAS DE OLIVOx1 GM 9175","categoria":"Comunion/Confirmacion","subcategoria":"Linea Comunion Hojas De Olivo","precio":978.08,"destacado":false,"descripcion":"","imagen":"assets/products/CA-779905100926.webp","tags":["afiche","comunion","hojas","olivox1","9175"]},{"id":"CA-000020051001","nombre":"APLIQUE FIGURA DE GLASE FLUIDO CALIZ AMARILLO x12 (510)","categoria":"Comunion/Confirmacion","subcategoria":"Adornos Y Complementos De Torta","precio":2392.6,"destacado":false,"descripcion":"","imagen":"assets/products/CA-000020051001.webp","tags":["aplique","figura","glase","fluido","caliz","amarillo","x12","510"]},{"id":"CA-000029951801","nombre":"APLIQUE FIGURA DE GLASE FLUIDO X 12 PALOMA AMARILLA (518)","categoria":"Comunion/Confirmacion","subcategoria":"Adornos Y Complementos De Torta","precio":2631.86,"destacado":false,"descripcion":"","imagen":"assets/products/CA-000029951801.webp","tags":["aplique","figura","glase","fluido","paloma","amarilla","518"]},{"id":"CA-000029951800","nombre":"APLIQUE FIGURA DE GLASE FLUIDO X 12 PALOMA BLANCA (518)","categoria":"Comunion/Confirmacion","subcategoria":"Adornos Y Complementos De Torta","precio":2392.6,"destacado":false,"descripcion":"","imagen":"assets/products/CA-000029951800.webp","tags":["aplique","figura","glase","fluido","paloma","blanca","518"]},{"id":"CA-000000058267","nombre":"APLIQUE PARA TORTA 3D CRUZ DORADA x3u. CH","categoria":"Comunion/Confirmacion","subcategoria":"Adornos Y Complementos De Torta","precio":2800.0,"destacado":false,"descripcion":"","imagen":"assets/products/CA-000000058267.webp","tags":["aplique","para","torta","cruz","dorada","x3u"]},{"id":"CA-000000058271","nombre":"APLIQUE PARA TORTA 3D MI PRIMERA COMUNION DORADO x3u.CH","categoria":"Comunion/Confirmacion","subcategoria":"Adornos Y Complementos De Torta","precio":2800.0,"destacado":false,"descripcion":"","imagen":"assets/products/CA-000000058271.webp","tags":["aplique","para","torta","primera","comunion","dorado","x3u"]},{"id":"CA-779905100892","nombre":"BANDERIN AMARILLO Y BLANCO x1 GM 03345-9","categoria":"Comunion/Confirmacion","subcategoria":"Decoracion","precio":1173.49,"destacado":false,"descripcion":"","imagen":"assets/products/CA-779905100892.webp","tags":["banderin","amarillo","blanco","03345"]},{"id":"CA-779905100605","nombre":"BANDERIN CON STAMPING MI COMUNION CALIZ CON ESPIGA x1 GM9154","categoria":"Comunion/Confirmacion","subcategoria":"Linea Caliz Con Espiga","precio":1468.13,"destacado":false,"descripcion":"","imagen":"assets/products/CA-779905100605.webp","tags":["banderin","con","stamping","comunion","caliz","con","espiga","gm9154"]},{"id":"CA-779905100920","nombre":"BANDERIN CON STAMPING MI COMUNION HOJAS DE OLIVO x1 9174 GM","categoria":"Comunion/Confirmacion","subcategoria":"Linea Comunion Hojas De Olivo","precio":1468.13,"destacado":false,"descripcion":"","imagen":"assets/products/CA-779905100920.webp","tags":["banderin","con","stamping","comunion","hojas","olivo","9174"]},{"id":"CA-779905100569","nombre":"BANDERIN CON STAMPING MI COMUNION x1 3348/57 GM","categoria":"Comunion/Confirmacion","subcategoria":"Decoracion","precio":1468.13,"destacado":false,"descripcion":"","imagen":"assets/products/CA-779905100569.webp","tags":["banderin","con","stamping","comunion","3348"]},{"id":"CA-779905100570","nombre":"BANDERIN CON STAMPING MI CONFIRMACION x1 GM 3348-58","categoria":"Comunion/Confirmacion","subcategoria":"Linea Confirmacion","precio":1468.13,"destacado":false,"descripcion":"","imagen":"assets/products/CA-779905100570.webp","tags":["banderin","con","stamping","confirmacion","3348"]},{"id":"CA-000000006453","nombre":"BANDERIN PALABRA FELIZ COMUNION HOLOGRAFICO x1 art.(64)","categoria":"Comunion/Confirmacion","subcategoria":"Decoracion","precio":694.33,"destacado":false,"descripcion":"","imagen":"assets/products/CA-000000006453.webp","tags":["banderin","palabra","feliz","comunion","holografico","art"]},{"id":"CA-000000052898","nombre":"BANDOLERA LIMOSNERA DE TELA COMUNION ART.810 x1","categoria":"Comunion/Confirmacion","subcategoria":"Accesorios","precio":3307.5,"destacado":false,"descripcion":"","imagen":"assets/products/CA-000000052898.webp","tags":["bandolera","limosnera","tela","comunion","art","810"]},{"id":"CA-643131507448","nombre":"BOLSA CON FUELLE STAMPING COMUNION x10","categoria":"Comunion/Confirmacion","subcategoria":"Accesorios","precio":2114.64,"destacado":false,"descripcion":"","imagen":"assets/products/CA-643131507448.webp","tags":["bolsa","con","fuelle","stamping","comunion","x10"]},{"id":"CA-779905100610","nombre":"CAJITA POCHOCLERA/GOLOSINERA COMUNION CALIZ CON ESPIGA x10u. GM 9162","categoria":"Comunion/Confirmacion","subcategoria":"Linea Caliz Con Espiga","precio":1318.28,"destacado":false,"descripcion":"","imagen":"assets/products/CA-779905100610.webp","tags":["cajita","pochoclera","golosinera","comunion","caliz","con","espiga","x10u","9162"]},{"id":"CA-779905100921","nombre":"CAJITA POCHOCLERA/GOLOSINERA COMUNION HOJAS DE OLIVO x8u.GM 9182","categoria":"Comunion/Confirmacion","subcategoria":"Linea Comunion Hojas De Olivo","precio":1541.03,"destacado":false,"descripcion":"","imagen":"assets/products/CA-779905100921.webp","tags":["cajita","pochoclera","golosinera","comunion","hojas","olivo","x8u","9182"]},{"id":"CA-000000042477","nombre":"CALIZ CHATO CON HOSTIA Y STICKERS X 24 UNIDADES","categoria":"Comunion/Confirmacion","subcategoria":"Accesorios","precio":1646.96,"destacado":false,"descripcion":"","imagen":"assets/products/CA-000000042477.webp","tags":["caliz","chato","con","hostia","stickers","unidades"]},{"id":"CA-000000006835","nombre":"CALIZ CHICO DORADO x24","categoria":"Comunion/Confirmacion","subcategoria":"Accesorios","precio":2025.0,"destacado":false,"descripcion":"","imagen":"assets/products/CA-000000006835.webp","tags":["caliz","chico","dorado","x24"]},{"id":"CA-000000053814","nombre":"CALIZ CON HOSTIA x1u.","categoria":"Comunion/Confirmacion","subcategoria":"Accesorios","precio":607.5,"destacado":false,"descripcion":"","imagen":"assets/products/CA-000000053814.webp","tags":["caliz","con","hostia","x1u"]},{"id":"CA-000000000659","nombre":"CALIZ MINIx36","categoria":"Comunion/Confirmacion","subcategoria":"Accesorios","precio":1507.82,"destacado":false,"descripcion":"","imagen":"assets/products/CA-000000000659.webp","tags":["caliz","minix36"]},{"id":"CA-000000042235","nombre":"CANASTA COMUNION CORAZON PASAMANERIA Y FLORES C/STRASS x1 ART 650 VS","categoria":"Comunion/Confirmacion","subcategoria":"Accesorios","precio":4387.5,"destacado":false,"descripcion":"","imagen":"assets/products/CA-000000042235.webp","tags":["canasta","comunion","corazon","pasamaneria","flores","strass","art","650"]},{"id":"CA-000000042234","nombre":"CANASTA COMUNION RECTANGULAR C/TAPA FLORES C/STRASS x1 ART850 VS","categoria":"Comunion/Confirmacion","subcategoria":"Accesorios","precio":4657.5,"destacado":false,"descripcion":"","imagen":"assets/products/CA-000000042234.webp","tags":["canasta","comunion","rectangular","tapa","flores","strass","art850"]},{"id":"CA-000000042233","nombre":"CANASTA COMUNION RECTANGULAR PASAMANERIA Y FLORES C/STRASS x1 ART670 VS","categoria":"Comunion/Confirmacion","subcategoria":"Accesorios","precio":4387.5,"destacado":false,"descripcion":"","imagen":"assets/products/CA-000000042233.webp","tags":["canasta","comunion","rectangular","pasamaneria","flores","strass","art670"]},{"id":"CA-000000000295","nombre":"COPITA COMUNION DORADAx36","categoria":"Comunion/Confirmacion","subcategoria":"Accesorios","precio":1852.07,"destacado":false,"descripcion":"","imagen":"assets/products/CA-000000000295.webp","tags":["copita","comunion","doradax36"]},{"id":"CA-000000052893","nombre":"CORONA CON PERLAS DOBLE FLORES Y CINTAS COMUNION ART.105 x1u.","categoria":"Comunion/Confirmacion","subcategoria":"Accesorios","precio":3577.5,"destacado":false,"descripcion":"","imagen":"assets/products/CA-000000052893.webp","tags":["corona","con","perlas","doble","flores","cintas","comunion","art","105","x1u"]},{"id":"CA-000000052892","nombre":"CORONA CON PERLAS FLORES Y CINTA COMUNION ART.100 x1u.","categoria":"Comunion/Confirmacion","subcategoria":"Accesorios","precio":2997.0,"destacado":false,"descripcion":"","imagen":"assets/products/CA-000000052892.webp","tags":["corona","con","perlas","flores","cinta","comunion","art","100","x1u"]},{"id":"CA-000000003372","nombre":"CRUZ DORADA GRANDE SOL Y CALIZ x12","categoria":"Comunion/Confirmacion","subcategoria":"Accesorios","precio":2025.0,"destacado":false,"descripcion":"","imagen":"assets/products/CA-000000003372.webp","tags":["cruz","dorada","grande","sol","caliz","x12"]},{"id":"CA-000000053815","nombre":"CRUZ PLASTICA DORADAx100u.","categoria":"Comunion/Confirmacion","subcategoria":"Accesorios","precio":1647.0,"destacado":false,"descripcion":"","imagen":"assets/products/CA-000000053815.webp","tags":["cruz","plastica","doradax100u"]},{"id":"CA-779905100945","nombre":"ESTAMPA COMUNION  METALIZADA CELESTE 25292(6x10 u.) GM","categoria":"Comunion/Confirmacion","subcategoria":"Estampas","precio":2994.98,"destacado":false,"descripcion":"","imagen":"assets/products/CA-779905100945.webp","tags":["estampa","comunion","metalizada","celeste","25292","6x10"]},{"id":"CA-779905100946","nombre":"ESTAMPA COMUNION  METALIZADO ROSA GOLD 25293(6x10 u.) GM","categoria":"Comunion/Confirmacion","subcategoria":"Estampas","precio":2994.98,"destacado":false,"descripcion":"","imagen":"assets/products/CA-779905100946.webp","tags":["estampa","comunion","metalizado","rosa","gold","25293","6x10"]},{"id":"CA-779905100644","nombre":"ESTAMPA COMUNION CALIZ CON ESPIGA x10 u.GM 9152","categoria":"Comunion/Confirmacion","subcategoria":"Linea Caliz Con Espiga","precio":337.16,"destacado":false,"descripcion":"","imagen":"assets/products/CA-779905100644.webp","tags":["estampa","comunion","caliz","con","espiga","x10","9152"]},{"id":"CA-779905100924","nombre":"ESTAMPA COMUNION HOJAS DE OLIVO x10u.9172 GM","categoria":"Comunion/Confirmacion","subcategoria":"Linea Comunion Hojas De Olivo","precio":377.66,"destacado":false,"descripcion":"","imagen":"assets/products/CA-779905100924.webp","tags":["estampa","comunion","hojas","olivo","x10u","9172"]},{"id":"CA-779905100941","nombre":"ESTAMPA COMUNION OLIVO REDONDO x60 u.GM 25291","categoria":"Comunion/Confirmacion","subcategoria":"Estampas","precio":3859.65,"destacado":false,"descripcion":"","imagen":"assets/products/CA-779905100941.webp","tags":["estampa","comunion","olivo","redondo","x60","25291"]},{"id":"CA-779813465039","nombre":"ESTAMPA CONFIRMACION 25268 (6x10u.) GM","categoria":"Comunion/Confirmacion","subcategoria":"Estampas","precio":4061.14,"destacado":false,"descripcion":"","imagen":"assets/products/CA-779813465039.webp","tags":["estampa","confirmacion","25268","6x10u"]}]}