{"category_slug":"comunion_confirmacion","subcategory_slug":"","page":2,"page_size":48,"total":137,"items":[{"id":"CA-000000054893","nombre":"GLOBO 1ª COMUNION CELESTE/ROSA 18\" x5  U24-084","categoria":"Comunion/Confirmacion","subcategoria":"Decoracion","precio":2029.3,"destacado":false,"descripcion":"","imagen":"assets/products/CA-000000054893.webp","tags":["globo","comunion","celeste","rosa","u24","084"]},{"id":"CA-000000052277","nombre":"GLOBO CRUZ COMUNION BLANCO MATE x5 CL453-3/U22-815","categoria":"Comunion/Confirmacion","subcategoria":"Decoracion","precio":4277.0,"destacado":false,"descripcion":"","imagen":"assets/products/CA-000000052277.webp","tags":["globo","cruz","comunion","blanco","mate","cl453","u22","815"]},{"id":"CA-000000052274","nombre":"GLOBO CRUZ COMUNION DORADO x5 CL453-1/U22-815","categoria":"Comunion/Confirmacion","subcategoria":"Decoracion","precio":4277.0,"destacado":false,"descripcion":"","imagen":"assets/products/CA-000000052274.webp","tags":["globo","cruz","comunion","dorado","cl453","u22","815"]},{"id":"CA-000000052276","nombre":"GLOBO CRUZ COMUNION PLATEADO x5 CL453-2/U22-815","categoria":"Comunion/Confirmacion","subcategoria":"Decoracion","precio":4277.0,"destacado":false,"descripcion":"","imagen":"assets/products/CA-000000052276.webp","tags":["globo","cruz","comunion","plateado","cl453","u22","815"]},{"id":"CA-779810960033","nombre":"GLOBO GLOBOLANDIA COMUNION 10\" x50","categoria":"Comunion/Confirmacion","subcategoria":"Decoracion","precio":2582.01,"destacado":false,"descripcion":"","imagen":"assets/products/CA-779810960033.webp","tags":["globo","globolandia","comunion","x50"]},{"id":"CA-000000054858","nombre":"GLOBO PRIMERA COMUNION (VARIOS MODELOS) 43cm APROX x20 CL921/U24-084","categoria":"Comunion/Confirmacion","subcategoria":"Decoracion","precio":5187.0,"destacado":false,"descripcion":"","imagen":"assets/products/CA-000000054858.webp","tags":["globo","primera","comunion","varios","modelos","43cm","aprox","x20","cl921","u24","084"]},{"id":"CA-000000014404","nombre":"GUIRNALDA COLGANTE COMUNION CAMPANA CHICA x4 218","categoria":"Comunion/Confirmacion","subcategoria":"Decoracion","precio":3780.0,"destacado":false,"descripcion":"* (18/12/2025)","imagen":"assets/products/CA-000000014404.webp","tags":["guirnalda","colgante","comunion","campana","chica","218"]},{"id":"CA-000000026506","nombre":"GUIRNALDA COLGANTE COMUNION GLOBO x1 (216)","categoria":"Comunion/Confirmacion","subcategoria":"Decoracion","precio":1431.0,"destacado":false,"descripcion":"* (18/12/2025)","imagen":"assets/products/CA-000000026506.webp","tags":["guirnalda","colgante","comunion","globo","216"]},{"id":"CA-000000014399","nombre":"GUIRNALDA COLGANTE COMUNION MEDALLON MEDIANO x4 (212)","categoria":"Comunion/Confirmacion","subcategoria":"Decoracion","precio":2673.0,"destacado":false,"descripcion":"* (18/12/2025)","imagen":"assets/products/CA-000000014399.webp","tags":["guirnalda","colgante","comunion","medallon","mediano","212"]},{"id":"CA-000000014401","nombre":"GUIRNALDA COMUNION CUADRADA CHICA x4 (23)","categoria":"Comunion/Confirmacion","subcategoria":"Decoracion","precio":796.5,"destacado":false,"descripcion":"* (18/12/2025)","imagen":"assets/products/CA-000000014401.webp","tags":["guirnalda","comunion","cuadrada","chica"]},{"id":"CA-000000014416","nombre":"GUIRNALDA COMUNION PALOMA GRANDE x4 (80)","categoria":"Comunion/Confirmacion","subcategoria":"Decoracion","precio":1795.5,"destacado":false,"descripcion":"* (18/12/2025)","imagen":"assets/products/CA-000000014416.webp","tags":["guirnalda","comunion","paloma","grande"]},{"id":"CA-000000014415","nombre":"GUIRNALDA COMUNION PALOMA x4 (35)","categoria":"Comunion/Confirmacion","subcategoria":"Decoracion","precio":918.0,"destacado":false,"descripcion":"* (18/12/2025)","imagen":"assets/products/CA-000000014415.webp","tags":["guirnalda","comunion","paloma"]},{"id":"CA-000000042240","nombre":"HEBILLA CON FLORES CINTAS Y STRASS COMUNION ART30/40 VS x1u.","categoria":"Comunion/Confirmacion","subcategoria":"Accesorios","precio":2970.0,"destacado":false,"descripcion":"","imagen":"assets/products/CA-000000042240.webp","tags":["hebilla","con","flores","cintas","strass","comunion","art30","x1u"]},{"id":"CA-000000052074","nombre":"HOSTIAS AMARILLAS X 300  UNIDADES","categoria":"Comunion/Confirmacion","subcategoria":"Accesorios","precio":5265.0,"destacado":false,"descripcion":"","imagen":"assets/products/CA-000000052074.webp","tags":["hostias","amarillas","300","unidades"]},{"id":"CA-000000042246","nombre":"HOSTIAS BLANCAS X 300 UNIDADES","categoria":"Comunion/Confirmacion","subcategoria":"Accesorios","precio":4995.0,"destacado":false,"descripcion":"","imagen":"assets/products/CA-000000042246.webp","tags":["hostias","blancas","300","unidades"]},{"id":"CA-000000048110","nombre":"INVITACION COMUNION HOJAS /OLIVO x10u. KATU","categoria":"Comunion/Confirmacion","subcategoria":"Linea Comunion Hojas De Olivo","precio":300.0,"destacado":false,"descripcion":"","imagen":"assets/products/CA-000000048110.webp","tags":["invitacion","comunion","hojas","olivo","x10u","katu"]},{"id":"CA-000000057457","nombre":"LAMINA COMESTIBLE REDONDA COMUNION (FOTOTORTA) x1 LC","categoria":"Comunion/Confirmacion","subcategoria":"Adornos Y Complementos De Torta","precio":1147.5,"destacado":false,"descripcion":"* (19/12/2025)","imagen":"assets/products/CA-000000057457.webp","tags":["lamina","comestible","redonda","comunion","fototorta"]},{"id":"CA-000000052897","nombre":"LIMOSNERA CARTERITA DE COMUNION DE GASA CON PERLAS ART.410x1","categoria":"Comunion/Confirmacion","subcategoria":"Accesorios","precio":3307.5,"destacado":false,"descripcion":"","imagen":"assets/products/CA-000000052897.webp","tags":["limosnera","carterita","comunion","gasa","con","perlas","art","410x1"]},{"id":"CA-000000052896","nombre":"LIMOSNERA CARTERITA DE COMUNION DE TELA CON PUNTILLA ART.800 x1","categoria":"Comunion/Confirmacion","subcategoria":"Accesorios","precio":3307.5,"destacado":false,"descripcion":"","imagen":"assets/products/CA-000000052896.webp","tags":["limosnera","carterita","comunion","tela","con","puntilla","art","800"]},{"id":"CA-000000042237","nombre":"LIMOSNERA COMUNION FLORES C/STRASS x1 ART 300 VS","categoria":"Comunion/Confirmacion","subcategoria":"Accesorios","precio":3037.5,"destacado":false,"descripcion":"","imagen":"assets/products/CA-000000042237.webp","tags":["limosnera","comunion","flores","strass","art","300"]},{"id":"CA-000000042238","nombre":"LIMOSNERA COMUNION PASAMANERIA Y FLORES C/STRASS x1 ART 310 VS","categoria":"Comunion/Confirmacion","subcategoria":"Accesorios","precio":3307.5,"destacado":false,"descripcion":"","imagen":"assets/products/CA-000000042238.webp","tags":["limosnera","comunion","pasamaneria","flores","strass","art","310"]},{"id":"CA-779905100659","nombre":"MANTEL COMUNION CALIZ CON ESPIGA x1 GM 9157","categoria":"Comunion/Confirmacion","subcategoria":"Linea Caliz Con Espiga","precio":1645.31,"destacado":false,"descripcion":"","imagen":"assets/products/CA-779905100659.webp","tags":["mantel","comunion","caliz","con","espiga","9157"]},{"id":"CA-779813465938","nombre":"MANTEL COMUNION CALIZ CON MANDALA x1 GM","categoria":"Comunion/Confirmacion","subcategoria":"Linea Caliz Con Mandala","precio":1645.31,"destacado":false,"descripcion":"","imagen":"assets/products/CA-779813465938.webp","tags":["mantel","comunion","caliz","con","mandala"]},{"id":"CA-779905100929","nombre":"MANTEL COMUNION HOJAS DE OLIVO x1 GM 9177","categoria":"Comunion/Confirmacion","subcategoria":"Linea Comunion Hojas De Olivo","precio":1645.31,"destacado":false,"descripcion":"","imagen":"assets/products/CA-779905100929.webp","tags":["mantel","comunion","hojas","olivo","9177"]},{"id":"CA-779909003431","nombre":"MANTEL FISELINA RECTANGULAR MI COMUNION (1,20x1,80mtr) x1 CREACIONES TRIES","categoria":"Comunion/Confirmacion","subcategoria":"Decoracion","precio":3575.8,"destacado":false,"descripcion":"","imagen":"assets/products/CA-779909003431.webp","tags":["mantel","fiselina","rectangular","comunion","20x1","80mtr","creaciones","tries"]},{"id":"CA-000000009519","nombre":"MISAL PORTA ESTAMPA COMUNION 3033","categoria":"Comunion/Confirmacion","subcategoria":"Accesorios","precio":1677.2,"destacado":false,"descripcion":"","imagen":"assets/products/CA-000000009519.webp","tags":["misal","porta","estampa","comunion","3033"]},{"id":"CA-000000056786","nombre":"MOÑO BRAZAL COMUNION art.121 x1u.","categoria":"Comunion/Confirmacion","subcategoria":"Accesorios","precio":2700.0,"destacado":false,"descripcion":"","imagen":"assets/products/CA-000000056786.webp","tags":["moño","brazal","comunion","art","121","x1u"]},{"id":"CA-000000056793","nombre":"MOÑO BRAZAL COMUNION ESTAMPADO DORADO art.123 x1u.","categoria":"Comunion/Confirmacion","subcategoria":"Accesorios","precio":2970.0,"destacado":false,"descripcion":"","imagen":"assets/products/CA-000000056793.webp","tags":["moño","brazal","comunion","estampado","dorado","art","123","x1u"]},{"id":"CA-000000042239","nombre":"MOÑO DE RASO CON HEBILLA FLORES Y CINTA  x1 ART10/20 VS","categoria":"Comunion/Confirmacion","subcategoria":"Accesorios","precio":3064.5,"destacado":false,"descripcion":"","imagen":"assets/products/CA-000000042239.webp","tags":["moño","raso","con","hebilla","flores","cinta","art10"]},{"id":"CA-000000052895","nombre":"MOÑO RASO CON PERLAS COMUNION ART.460 x1u.","categoria":"Comunion/Confirmacion","subcategoria":"Accesorios","precio":2970.0,"destacado":false,"descripcion":"","imagen":"assets/products/CA-000000052895.webp","tags":["moño","raso","con","perlas","comunion","art","460","x1u"]},{"id":"CA-000000049924","nombre":"PINCHE 3D MI COMUNION CALIZ CON PALOMA x1u.UPALALA","categoria":"Comunion/Confirmacion","subcategoria":"Adornos Y Complementos De Torta","precio":1624.0,"destacado":false,"descripcion":"","imagen":"assets/products/CA-000000049924.webp","tags":["pinche","comunion","caliz","con","paloma","x1u","upalala"]},{"id":"CA-000000058273","nombre":"PINCHE 3D MI COMUNION DORADO CALIZ CON PALOMAS x3u.CH","categoria":"Comunion/Confirmacion","subcategoria":"Adornos Y Complementos De Torta","precio":3500.0,"destacado":false,"descripcion":"","imagen":"assets/products/CA-000000058273.webp","tags":["pinche","comunion","dorado","caliz","con","palomas","x3u"]},{"id":"CA-000000054018","nombre":"PINCHE ADORNO 3D CALIZ COMUNION x3u. (ANITA)","categoria":"Comunion/Confirmacion","subcategoria":"Adornos Y Complementos De Torta","precio":1582.0,"destacado":false,"descripcion":"","imagen":"assets/products/CA-000000054018.webp","tags":["pinche","adorno","caliz","comunion","x3u","anita"]},{"id":"CA-000000054016","nombre":"PINCHE ADORNO 3D CRUZ COMUNION CELESTE PASTEL x3u. (ANITA)","categoria":"Comunion/Confirmacion","subcategoria":"Adornos Y Complementos De Torta","precio":1624.0,"destacado":false,"descripcion":"","imagen":"assets/products/CA-000000054016.webp","tags":["pinche","adorno","cruz","comunion","celeste","pastel","x3u","anita"]},{"id":"CA-000000054015","nombre":"PINCHE ADORNO 3D CRUZ COMUNION NATURAL x3u. (ANITA)","categoria":"Comunion/Confirmacion","subcategoria":"Adornos Y Complementos De Torta","precio":1624.0,"destacado":false,"descripcion":"","imagen":"assets/products/CA-000000054015.webp","tags":["pinche","adorno","cruz","comunion","natural","x3u","anita"]},{"id":"CA-000000054017","nombre":"PINCHE ADORNO 3D CRUZ COMUNION ROSA PASTEL x3u. (ANITA)","categoria":"Comunion/Confirmacion","subcategoria":"Adornos Y Complementos De Torta","precio":1624.0,"destacado":false,"descripcion":"","imagen":"assets/products/CA-000000054017.webp","tags":["pinche","adorno","cruz","comunion","rosa","pastel","x3u","anita"]},{"id":"CA-000000047936","nombre":"PINCHE ADORNO BANDERIN MI COMUNION x3 u.EL COTI 10028","categoria":"Comunion/Confirmacion","subcategoria":"Adornos Y Complementos De Torta","precio":5852.0,"destacado":false,"descripcion":"","imagen":"assets/products/CA-000000047936.webp","tags":["pinche","adorno","banderin","comunion","coti","10028"]},{"id":"CA-000000058001","nombre":"PINCHE ADORNO MI COMUNION CALIZ CON CRUZ 3D x1u.UPALALA","categoria":"Comunion/Confirmacion","subcategoria":"Adornos Y Complementos De Torta","precio":1344.0,"destacado":false,"descripcion":"","imagen":"assets/products/CA-000000058001.webp","tags":["pinche","adorno","comunion","caliz","con","cruz","x1u","upalala"]},{"id":"CA-000000058088","nombre":"PINCHE ADORNO MI COMUNION CAPILLA 3D Y CALIZ x1u.UPALALA","categoria":"Comunion/Confirmacion","subcategoria":"Adornos Y Complementos De Torta","precio":1344.0,"destacado":false,"descripcion":"","imagen":"assets/products/CA-000000058088.webp","tags":["pinche","adorno","comunion","capilla","caliz","x1u","upalala"]},{"id":"CA-000000058002","nombre":"PINCHE ADORNO MI COMUNION NENA 3D x1u.UPALALA","categoria":"Comunion/Confirmacion","subcategoria":"Adornos Y Complementos De Torta","precio":1344.0,"destacado":false,"descripcion":"","imagen":"assets/products/CA-000000058002.webp","tags":["pinche","adorno","comunion","nena","x1u","upalala"]},{"id":"CA-000000058003","nombre":"PINCHE ADORNO MI COMUNION NENE 3D x1u.UPALALA","categoria":"Comunion/Confirmacion","subcategoria":"Adornos Y Complementos De Torta","precio":1344.0,"destacado":false,"descripcion":"","imagen":"assets/products/CA-000000058003.webp","tags":["pinche","adorno","comunion","nene","x1u","upalala"]},{"id":"CA-000000050360","nombre":"PINCHE ADORNO MI PRIMERA COMUNION CON HOJAS x3u.UPALALA","categoria":"Comunion/Confirmacion","subcategoria":"Adornos Y Complementos De Torta","precio":2065.0,"destacado":false,"descripcion":"","imagen":"assets/products/CA-000000050360.webp","tags":["pinche","adorno","primera","comunion","con","hojas","x3u","upalala"]},{"id":"CA-000000051755","nombre":"PINCHE ADORNO SET MI COMUNION CALIZ CON PALOMA Y CRUZ x3u.","categoria":"Comunion/Confirmacion","subcategoria":"Adornos Y Complementos De Torta","precio":1740.0,"destacado":false,"descripcion":"","imagen":"assets/products/CA-000000051755.webp","tags":["pinche","adorno","set","comunion","caliz","con","paloma","cruz","x3u"]},{"id":"CA-000000048488","nombre":"PINCHE ADORNO SET MI COMUNION CAPILLA CALUMI x3u.","categoria":"Comunion/Confirmacion","subcategoria":"Adornos Y Complementos De Torta","precio":1015.0,"destacado":false,"descripcion":"","imagen":"assets/products/CA-000000048488.webp","tags":["pinche","adorno","set","comunion","capilla","calumi","x3u"]},{"id":"CA-000000051756","nombre":"PINCHE ADORNO SET MI CONFIRMACION CALUMI x3u.","categoria":"Comunion/Confirmacion","subcategoria":"Adornos Y Complementos De Torta","precio":1015.0,"destacado":false,"descripcion":"","imagen":"assets/products/CA-000000051756.webp","tags":["pinche","adorno","set","confirmacion","calumi","x3u"]},{"id":"CA-000000042765","nombre":"PINCHE FIBROFACIL FRASE COMUNION DORADA CON CALIZ x1","categoria":"Comunion/Confirmacion","subcategoria":"Adornos Y Complementos De Torta","precio":1147.5,"destacado":false,"descripcion":"","imagen":"assets/products/CA-000000042765.webp","tags":["pinche","fibrofacil","frase","comunion","dorada","con","caliz"]},{"id":"CA-000000042766","nombre":"PINCHE FIBROFACIL FRASE COMUNION DORADA CON ESPIGA x1","categoria":"Comunion/Confirmacion","subcategoria":"Adornos Y Complementos De Torta","precio":1147.5,"destacado":false,"descripcion":"","imagen":"assets/products/CA-000000042766.webp","tags":["pinche","fibrofacil","frase","comunion","dorada","con","espiga"]},{"id":"CA-000000042958","nombre":"PINCHE FIBROFACIL FRASE CONFIRMACION PLATEADA x1","categoria":"Comunion/Confirmacion","subcategoria":"Adornos Y Complementos De Torta","precio":1147.5,"destacado":false,"descripcion":"","imagen":"assets/products/CA-000000042958.webp","tags":["pinche","fibrofacil","frase","confirmacion","plateada"]}]}