{"category_slug":"carnaval_carioca","subcategory_slug":"linea_luminosa","page":3,"page_size":48,"total":191,"items":[{"id":"CA-680088088809","nombre":"LUZ RED LED 96 BLANCA FRIA (8 FUNCIONES) 1.5x1.5 mts x1 SDD-89","categoria":"Carnaval Carioca","subcategoria":"Linea Luminosa","precio":6240.0,"destacado":false,"descripcion":"","imagen":"assets/products/CA-680088088809.webp","tags":["luz","red","led","blanca","fria","funciones","5x1","mts","sdd"]},{"id":"CA-000000056285","nombre":"LUZ TIRA LED BLANCA CALIDA (3mts) x12 ZLE-LPM-03-03CA","categoria":"Carnaval Carioca","subcategoria":"Linea Luminosa","precio":5449.28,"destacado":false,"descripcion":"","imagen":"assets/products/CA-000000056285.webp","tags":["luz","tira","led","blanca","calida","3mts","x12","zle","lpm","03ca"]},{"id":"CA-000000057504","nombre":"LUZ TIRA LED BLANCA CALIDA x2 mts x12 ZLE-LPM-02-03CA","categoria":"Carnaval Carioca","subcategoria":"Linea Luminosa","precio":4825.24,"destacado":false,"descripcion":"","imagen":"assets/products/CA-000000057504.webp","tags":["luz","tira","led","blanca","calida","mts","x12","zle","lpm","03ca"]},{"id":"CA-000000056286","nombre":"LUZ TIRA LED BLANCA FRIA (3mts) x12 ZLE-LPM-03-03BL","categoria":"Carnaval Carioca","subcategoria":"Linea Luminosa","precio":5449.28,"destacado":false,"descripcion":"","imagen":"assets/products/CA-000000056286.webp","tags":["luz","tira","led","blanca","fria","3mts","x12","zle","lpm","03bl"]},{"id":"CA-000000056326","nombre":"LUZ TIRA LED BLANCA FRIA 2 mts x50u GY-119","categoria":"Carnaval Carioca","subcategoria":"Linea Luminosa","precio":17653.87,"destacado":false,"descripcion":"","imagen":"assets/products/CA-000000056326.webp","tags":["luz","tira","led","blanca","fria","mts","x50u","119"]},{"id":"CA-000000057945","nombre":"LUZ TIRA LED BLANCA FRIA x2 mts x12 ZLE-LPM-02-03BL","categoria":"Carnaval Carioca","subcategoria":"Linea Luminosa","precio":4825.24,"destacado":false,"descripcion":"","imagen":"assets/products/CA-000000057945.webp","tags":["luz","tira","led","blanca","fria","mts","x12","zle","lpm","03bl"]},{"id":"CA-000000056284","nombre":"LUZ TIRA LED MULTICOLOR (3mts) x12 ZLE-LPM-03-03MU","categoria":"Carnaval Carioca","subcategoria":"Linea Luminosa","precio":5449.28,"destacado":false,"descripcion":"","imagen":"assets/products/CA-000000056284.webp","tags":["luz","tira","led","multicolor","3mts","x12","zle","lpm","03mu"]},{"id":"CA-000000056327","nombre":"LUZ TIRA LED MULTICOLOR 2 mts x50u GY-122","categoria":"Carnaval Carioca","subcategoria":"Linea Luminosa","precio":17653.87,"destacado":false,"descripcion":"","imagen":"assets/products/CA-000000056327.webp","tags":["luz","tira","led","multicolor","mts","x50u","122"]},{"id":"CA-000000055504","nombre":"LUZ TIRA LED MULTICOLOR x3 mts  x12 YJ0434","categoria":"Carnaval Carioca","subcategoria":"Linea Luminosa","precio":6561.0,"destacado":false,"descripcion":"","imagen":"assets/products/CA-000000055504.webp","tags":["luz","tira","led","multicolor","mts","x12","yj0434"]},{"id":"CA-313168003137","nombre":"MARACA CON LUZ  x12 DA3137A","categoria":"Carnaval Carioca","subcategoria":"Linea Luminosa","precio":9828.0,"destacado":false,"descripcion":"","imagen":"assets/products/CA-313168003137.webp","tags":["maraca","con","luz","x12","da3137a"]},{"id":"CA-202562000078","nombre":"MARACA VARIOS COLORES  CON LUZ  x6 FP0078-02","categoria":"Carnaval Carioca","subcategoria":"Linea Luminosa","precio":8070.3,"destacado":false,"descripcion":"","imagen":"assets/products/CA-202562000078.webp","tags":["maraca","varios","colores","con","luz","fp0078"]},{"id":"CA-803410700020","nombre":"MOÑO LENTEJUELA CON LUZx12  YJ0002","categoria":"Carnaval Carioca","subcategoria":"Linea Luminosa","precio":11664.0,"destacado":false,"descripcion":"","imagen":"assets/products/CA-803410700020.webp","tags":["moño","lentejuela","con","luzx12","yj0002"]},{"id":"CA-803410700243","nombre":"NARIZ PAYASO CON LUZ SMILE AMARILLA x12 YJ0359","categoria":"Carnaval Carioca","subcategoria":"Linea Luminosa","precio":5103.0,"destacado":false,"descripcion":"","imagen":"assets/products/CA-803410700243.webp","tags":["nariz","payaso","con","luz","smile","amarilla","x12","yj0359"]},{"id":"CA-803410700244","nombre":"NARIZ PAYASO ROJA  CON LUZ  x12 YJ0360","categoria":"Carnaval Carioca","subcategoria":"Linea Luminosa","precio":5103.0,"destacado":false,"descripcion":"","imagen":"assets/products/CA-803410700244.webp","tags":["nariz","payaso","roja","con","luz","x12","yj0360"]},{"id":"CA-690202407068","nombre":"PULSERA ACRILICA CON LUZ x40 MQ15-07","categoria":"Carnaval Carioca","subcategoria":"Linea Luminosa","precio":14560.0,"destacado":false,"descripcion":"","imagen":"assets/products/CA-690202407068.webp","tags":["pulsera","acrilica","con","luz","x40","mq15"]},{"id":"CA-803410700239","nombre":"PULSERA ACRILICO CON LUZ x12 YJ0354/Z620-SSS-6","categoria":"Carnaval Carioca","subcategoria":"Linea Luminosa","precio":4374.0,"destacado":false,"descripcion":"","imagen":"assets/products/CA-803410700239.webp","tags":["pulsera","acrilico","con","luz","x12","yj0354","z620","sss"]},{"id":"CA-803410700296","nombre":"PULSERA AUDIORITMICA CON LUZ x6 YJ0406","categoria":"Carnaval Carioca","subcategoria":"Linea Luminosa","precio":8019.0,"destacado":false,"descripcion":"","imagen":"assets/products/CA-803410700296.webp","tags":["pulsera","audioritmica","con","luz","yj0406"]},{"id":"CA-803410700584","nombre":"PULSERA DE GOMA HAPPY CON LUZ LED x6 YJ0711","categoria":"Carnaval Carioca","subcategoria":"Linea Luminosa","precio":4374.0,"destacado":false,"descripcion":"","imagen":"assets/products/CA-803410700584.webp","tags":["pulsera","goma","happy","con","luz","led","yj0711"]},{"id":"CA-202560000268","nombre":"PULSERA ESTRELLA BLANCA  CON LUZ FRIA  x4 FP0268-01","categoria":"Carnaval Carioca","subcategoria":"Linea Luminosa","precio":4246.83,"destacado":false,"descripcion":"","imagen":"assets/products/CA-202560000268.webp","tags":["pulsera","estrella","blanca","con","luz","fria","fp0268"]},{"id":"CA-202562000268","nombre":"PULSERA ESTRELLA VARIOS COLORES CON LUZ x4 FP0268-02","categoria":"Carnaval Carioca","subcategoria":"Linea Luminosa","precio":4246.83,"destacado":false,"descripcion":"","imagen":"assets/products/CA-202562000268.webp","tags":["pulsera","estrella","varios","colores","con","luz","fp0268"]},{"id":"CA-803410700581","nombre":"PULSERA NEON ANCHA x1 YJ0708","categoria":"Carnaval Carioca","subcategoria":"Linea Luminosa","precio":425.25,"destacado":false,"descripcion":"","imagen":"assets/products/CA-803410700581.webp","tags":["pulsera","neon","ancha","yj0708"]},{"id":"CA-779514000746","nombre":"PULSERA NEON LUMINOSA  x  50 ZB0041A/33305","categoria":"Carnaval Carioca","subcategoria":"Linea Luminosa","precio":3010.0,"destacado":false,"descripcion":"","imagen":"assets/products/CA-779514000746.webp","tags":["pulsera","neon","luminosa","zb0041a","33305"]},{"id":"CA-692412111303","nombre":"PULSERA NEON LUMINOSA x50 MQ13-03","categoria":"Carnaval Carioca","subcategoria":"Linea Luminosa","precio":2520.0,"destacado":false,"descripcion":"","imagen":"assets/products/CA-692412111303.webp","tags":["pulsera","neon","luminosa","x50","mq13"]},{"id":"CA-690163805159","nombre":"PULSERA SILICONA CON LUZ  LEDx12 5159A","categoria":"Carnaval Carioca","subcategoria":"Linea Luminosa","precio":9828.0,"destacado":false,"descripcion":"","imagen":"assets/products/CA-690163805159.webp","tags":["pulsera","silicona","con","luz","ledx12","5159a"]},{"id":"CA-803410700549","nombre":"PULSERA SILICONA CON LUZ LED x12 YJ0676","categoria":"Carnaval Carioca","subcategoria":"Linea Luminosa","precio":10206.0,"destacado":false,"descripcion":"* (11/12/2025)","imagen":"assets/products/CA-803410700549.webp","tags":["pulsera","silicona","con","luz","led","x12","yj0676"]},{"id":"CA-693353264375","nombre":"ROMPECOCO GOMA ESPUMA CON LUZ MULTICOLOR x10 DA121A","categoria":"Carnaval Carioca","subcategoria":"Linea Luminosa","precio":7980.0,"destacado":false,"descripcion":"","imagen":"assets/products/CA-693353264375.webp","tags":["rompecoco","goma","espuma","con","luz","multicolor","x10","da121a"]},{"id":"CA-202272100000","nombre":"ROMPECOCO GOMA ESPUMA CON LUZ MULTICOLOR x10 MM25-03","categoria":"Carnaval Carioca","subcategoria":"Linea Luminosa","precio":7980.0,"destacado":false,"descripcion":"","imagen":"assets/products/CA-202272100000.webp","tags":["rompecoco","goma","espuma","con","luz","multicolor","x10","mm25"]},{"id":"CA-803410700312","nombre":"SILBATO CARITAS SURTIDOS CON LUZ x12 YJ0435","categoria":"Carnaval Carioca","subcategoria":"Linea Luminosa","precio":7290.0,"destacado":false,"descripcion":"","imagen":"assets/products/CA-803410700312.webp","tags":["silbato","caritas","surtidos","con","luz","x12","yj0435"]},{"id":"CA-803410700247","nombre":"SILBATO CON LUZ  LED x12 YJ0363","categoria":"Carnaval Carioca","subcategoria":"Linea Luminosa","precio":6561.0,"destacado":false,"descripcion":"","imagen":"assets/products/CA-803410700247.webp","tags":["silbato","con","luz","led","x12","yj0363"]},{"id":"CA-803410700483","nombre":"TIRA LED BLANCA 2 mts  x12 YJ0610","categoria":"Carnaval Carioca","subcategoria":"Linea Luminosa","precio":2948.4,"destacado":false,"descripcion":"","imagen":"assets/products/CA-803410700483.webp","tags":["tira","led","blanca","mts","x12","yj0610"]},{"id":"CA-000000058143","nombre":"TIRA LED CALIDA 2 mts  x12 YJ0610","categoria":"Carnaval Carioca","subcategoria":"Linea Luminosa","precio":2948.4,"destacado":false,"descripcion":"","imagen":"assets/products/CA-000000058143.webp","tags":["tira","led","calida","mts","x12","yj0610"]},{"id":"CA-803410700129","nombre":"TRENZA FIBRA OPTICA x24 YJ0260","categoria":"Carnaval Carioca","subcategoria":"Linea Luminosa","precio":11664.0,"destacado":false,"descripcion":"","imagen":"assets/products/CA-803410700129.webp","tags":["trenza","fibra","optica","x24","yj0260"]},{"id":"CA-000000050411","nombre":"TURBANTE FLUO CON LUZ  x1 RM","categoria":"Carnaval Carioca","subcategoria":"Linea Luminosa","precio":4725.0,"destacado":false,"descripcion":"* (13/12/2025)","imagen":"assets/products/CA-000000050411.webp","tags":["turbante","fluo","con","luz"]},{"id":"CA-803410700603","nombre":"TUTU COLOR CON LUZ x10 YJ0730","categoria":"Carnaval Carioca","subcategoria":"Linea Luminosa","precio":19440.0,"destacado":false,"descripcion":"* (18/12/2025)","imagen":"assets/products/CA-803410700603.webp","tags":["tutu","color","con","luz","x10","yj0730"]},{"id":"CA-202562000080","nombre":"VARITA COLORES SURTIDOS CON LUZ  x6 FP0080-02","categoria":"Carnaval Carioca","subcategoria":"Linea Luminosa","precio":5521.32,"destacado":false,"descripcion":"","imagen":"assets/products/CA-202562000080.webp","tags":["varita","colores","surtidos","con","luz","fp0080"]},{"id":"CA-803410700032","nombre":"VARITA CON LUZ  x12 YJ0050","categoria":"Carnaval Carioca","subcategoria":"Linea Luminosa","precio":6561.0,"destacado":false,"descripcion":"","imagen":"assets/products/CA-803410700032.webp","tags":["varita","con","luz","x12","yj0050"]},{"id":"CA-202562000077","nombre":"VARITA CORAZON VARIOS COLORES CON LUZ  x6 FP0077-02","categoria":"Carnaval Carioca","subcategoria":"Linea Luminosa","precio":8070.3,"destacado":false,"descripcion":"","imagen":"assets/products/CA-202562000077.webp","tags":["varita","corazon","varios","colores","con","luz","fp0077"]},{"id":"CA-541497892188","nombre":"VARITA CORAZON Y CARITA CON LUZ  x1 PA0188-03","categoria":"Carnaval Carioca","subcategoria":"Linea Luminosa","precio":1330.0,"destacado":false,"descripcion":"","imagen":"assets/products/CA-541497892188.webp","tags":["varita","corazon","carita","con","luz","pa0188"]},{"id":"CA-202562000081","nombre":"VARITA ESTRELLA VARIOS COLORES  CON LUZ x6 FP0081-02","categoria":"Carnaval Carioca","subcategoria":"Linea Luminosa","precio":8070.3,"destacado":false,"descripcion":"","imagen":"assets/products/CA-202562000081.webp","tags":["varita","estrella","varios","colores","con","luz","fp0081"]},{"id":"CA-541497891188","nombre":"VARITA ESTRELLA Y CARITA CON LUZ  x1 PA0188-02","categoria":"Carnaval Carioca","subcategoria":"Linea Luminosa","precio":1330.0,"destacado":false,"descripcion":"","imagen":"assets/products/CA-541497891188.webp","tags":["varita","estrella","carita","con","luz","pa0188"]},{"id":"CA-541497890188","nombre":"VARITA FLOR Y CARITA CON LUZ  x1 PA0188-01","categoria":"Carnaval Carioca","subcategoria":"Linea Luminosa","precio":1330.0,"destacado":false,"descripcion":"","imagen":"assets/products/CA-541497890188.webp","tags":["varita","flor","carita","con","luz","pa0188"]},{"id":"CA-803410700495","nombre":"VARITA LED MULTICOLOR CON BURBUJAS PASTELES x12 YJ0622","categoria":"Carnaval Carioca","subcategoria":"Linea Luminosa","precio":8748.0,"destacado":false,"descripcion":"","imagen":"assets/products/CA-803410700495.webp","tags":["varita","led","multicolor","con","burbujas","pasteles","x12","yj0622"]},{"id":"CA-693325100302","nombre":"VARITA LUMINOSA AZUL 48cm x1 ILC2510-030B","categoria":"Carnaval Carioca","subcategoria":"Linea Luminosa","precio":913.68,"destacado":false,"descripcion":"","imagen":"assets/products/CA-693325100302.webp","tags":["varita","luminosa","azul","48cm","ilc2510","030b"]},{"id":"CA-690000510555","nombre":"VARITA LUMINOSA CIRCULO CON MOÑO COLORES SURTIDOS 34cm x1 510555","categoria":"Carnaval Carioca","subcategoria":"Linea Luminosa","precio":933.66,"destacado":false,"descripcion":"","imagen":"assets/products/CA-690000510555.webp","tags":["varita","luminosa","circulo","con","moño","colores","surtidos","34cm","510555"]},{"id":"CA-693325100301","nombre":"VARITA LUMINOSA ROJA 48cm x1 ILC2510-030A","categoria":"Carnaval Carioca","subcategoria":"Linea Luminosa","precio":913.68,"destacado":false,"descripcion":"","imagen":"assets/products/CA-693325100301.webp","tags":["varita","luminosa","roja","48cm","ilc2510","030a"]},{"id":"CA-693325100304","nombre":"VARITA LUMINOSA ROSA 48cm x1 ILC2510-030D","categoria":"Carnaval Carioca","subcategoria":"Linea Luminosa","precio":913.68,"destacado":false,"descripcion":"","imagen":"assets/products/CA-693325100304.webp","tags":["varita","luminosa","rosa","48cm","ilc2510","030d"]},{"id":"CA-693325100305","nombre":"VARITA LUMINOSA VARIOS COLORES 48cm x1 ILC2510-030E","categoria":"Carnaval Carioca","subcategoria":"Linea Luminosa","precio":1017.9,"destacado":false,"descripcion":"* (17/12/2025)","imagen":"assets/products/CA-693325100305.webp","tags":["varita","luminosa","varios","colores","48cm","ilc2510","030e"]},{"id":"CA-690202409119","nombre":"VARITA LUMINOSA VARIOS COLORES 48cm x1 MQ15-06","categoria":"Carnaval Carioca","subcategoria":"Linea Luminosa","precio":1017.9,"destacado":false,"descripcion":"","imagen":"assets/products/CA-690202409119.webp","tags":["varita","luminosa","varios","colores","48cm","mq15"]}]}