{"category_slug":"carnaval_carioca","subcategory_slug":"linea_luminosa","page":4,"page_size":48,"total":191,"items":[{"id":"CA-693325100303","nombre":"VARITA LUMINOSA VERDE 48cm x1 ILC2510-030C","categoria":"Carnaval Carioca","subcategoria":"Linea Luminosa","precio":913.68,"destacado":false,"descripcion":"","imagen":"assets/products/CA-693325100303.webp","tags":["varita","luminosa","verde","48cm","ilc2510","030c"]},{"id":"CA-000000057923","nombre":"VARITA PELOTITA BLANCA CON LUZ MULTICOLOR x5 DIS04-07","categoria":"Carnaval Carioca","subcategoria":"Linea Luminosa","precio":7257.6,"destacado":false,"descripcion":"","imagen":"assets/products/CA-000000057923.webp","tags":["varita","pelotita","blanca","con","luz","multicolor","dis04"]},{"id":"CA-692504290407","nombre":"VARITA PELOTITA CON LUZ MULTICOLOR x5 DIS04-07","categoria":"Carnaval Carioca","subcategoria":"Linea Luminosa","precio":7257.6,"destacado":false,"descripcion":"","imagen":"assets/products/CA-692504290407.webp","tags":["varita","pelotita","con","luz","multicolor","dis04"]},{"id":"CA-541497891276","nombre":"VARITA RESORTE ESTRELLA / CORAZON CON LUZ  x1 PA0276-02","categoria":"Carnaval Carioca","subcategoria":"Linea Luminosa","precio":1330.0,"destacado":false,"descripcion":"","imagen":"assets/products/CA-541497891276.webp","tags":["varita","resorte","estrella","corazon","con","luz","pa0276"]},{"id":"CA-541497893188","nombre":"VARITA SOL Y CARITA CON LUZ  x1 PA0188-04","categoria":"Carnaval Carioca","subcategoria":"Linea Luminosa","precio":1330.0,"destacado":false,"descripcion":"","imagen":"assets/products/CA-541497893188.webp","tags":["varita","sol","carita","con","luz","pa0188"]},{"id":"CA-202272100012","nombre":"VASO CON LUZ MULTICOLOR x6 MM25-06","categoria":"Carnaval Carioca","subcategoria":"Linea Luminosa","precio":6680.72,"destacado":false,"descripcion":"","imagen":"assets/products/CA-202272100012.webp","tags":["vaso","con","luz","multicolor","mm25"]},{"id":"CA-692504290405","nombre":"VASO LUMINOSO ALTO 14cm x1 DIS04-05","categoria":"Carnaval Carioca","subcategoria":"Linea Luminosa","precio":2124.36,"destacado":false,"descripcion":"","imagen":"assets/products/CA-692504290405.webp","tags":["vaso","luminoso","alto","14cm","dis04"]},{"id":"CA-202560000809","nombre":"VINCHA 2 CORAZONES CON LUZ x12 FP0809","categoria":"Carnaval Carioca","subcategoria":"Linea Luminosa","precio":10619.28,"destacado":false,"descripcion":"","imagen":"assets/products/CA-202560000809.webp","tags":["vincha","corazones","con","luz","x12","fp0809"]},{"id":"CA-803410700301","nombre":"VINCHA 4 FLORES CON LUZ x12 YJ0411","categoria":"Carnaval Carioca","subcategoria":"Linea Luminosa","precio":14580.0,"destacado":false,"descripcion":"* (18/12/2025)","imagen":"assets/products/CA-803410700301.webp","tags":["vincha","flores","con","luz","x12","yj0411"]},{"id":"CA-000000052507","nombre":"VINCHA AUREOLA DE ANGEL BLANCA CON LUZ x1 390D","categoria":"Carnaval Carioca","subcategoria":"Linea Luminosa","precio":2046.25,"destacado":false,"descripcion":"","imagen":"assets/products/CA-000000052507.webp","tags":["vincha","aureola","angel","blanca","con","luz","390d"]},{"id":"CA-000000049642","nombre":"VINCHA CARIOCA PRINCESA CON PLUMA Y LUZ x1 ART.7","categoria":"Carnaval Carioca","subcategoria":"Linea Luminosa","precio":6480.0,"destacado":false,"descripcion":"* (11/12/2025)","imagen":"assets/products/CA-000000049642.webp","tags":["vincha","carioca","princesa","con","pluma","luz","art"]},{"id":"CA-000000056389","nombre":"VINCHA CON LUZ LEVANTA OREJAS x1","categoria":"Carnaval Carioca","subcategoria":"Linea Luminosa","precio":4361.56,"destacado":false,"descripcion":"","imagen":"assets/products/CA-000000056389.webp","tags":["vincha","con","luz","levanta","orejas"]},{"id":"CA-779514000732","nombre":"VINCHA CORAZON NEON  x1 ZB90210","categoria":"Carnaval Carioca","subcategoria":"Linea Luminosa","precio":745.08,"destacado":false,"descripcion":"","imagen":"assets/products/CA-779514000732.webp","tags":["vincha","corazon","neon","zb90210"]},{"id":"CA-803410700595","nombre":"VINCHA CORONA FLECOS CON LUZ  x12 YJ0722","categoria":"Carnaval Carioca","subcategoria":"Linea Luminosa","precio":14580.0,"destacado":false,"descripcion":"* (18/12/2025)","imagen":"assets/products/CA-803410700595.webp","tags":["vincha","corona","flecos","con","luz","x12","yj0722"]},{"id":"CA-888060711788","nombre":"VINCHA CORONA PRINCESA CON LUZ x1 MM64-07","categoria":"Carnaval Carioca","subcategoria":"Linea Luminosa","precio":1728.53,"destacado":false,"descripcion":"","imagen":"assets/products/CA-888060711788.webp","tags":["vincha","corona","princesa","con","luz","mm64"]},{"id":"CA-000000058225","nombre":"VINCHA CRISTALES Y FLORES BLANCAS PREMIUM CON LUZ x1 BP","categoria":"Carnaval Carioca","subcategoria":"Linea Luminosa","precio":6075.0,"destacado":false,"descripcion":"","imagen":"assets/products/CA-000000058225.webp","tags":["vincha","cristales","flores","blancas","premium","con","luz"]},{"id":"CA-000000054608","nombre":"VINCHA CRISTALES Y GEMAS CON LUZ x1 BP","categoria":"Carnaval Carioca","subcategoria":"Linea Luminosa","precio":5535.0,"destacado":false,"descripcion":"","imagen":"assets/products/CA-000000054608.webp","tags":["vincha","cristales","gemas","con","luz"]},{"id":"CA-695024110246","nombre":"VINCHA CRYSTAL CON LUZ MOÑO x1 U2411-246","categoria":"Carnaval Carioca","subcategoria":"Linea Luminosa","precio":3230.5,"destacado":false,"descripcion":"","imagen":"assets/products/CA-695024110246.webp","tags":["vincha","crystal","con","luz","moño","u2411","246"]},{"id":"CA-679740820007","nombre":"VINCHA DIABLO CON LUZ x10 PA0007 CA","categoria":"Carnaval Carioca","subcategoria":"Linea Luminosa","precio":7840.0,"destacado":false,"descripcion":"","imagen":"assets/products/CA-679740820007.webp","tags":["vincha","diablo","con","luz","x10","pa0007"]},{"id":"CA-779514015411","nombre":"VINCHA ESTRELLA NEON x1 92302B","categoria":"Carnaval Carioca","subcategoria":"Linea Luminosa","precio":796.18,"destacado":false,"descripcion":"","imagen":"assets/products/CA-779514015411.webp","tags":["vincha","estrella","neon","92302b"]},{"id":"CA-202560000263","nombre":"VINCHA ESTRELLA Y PELITOS DORADOS CON LUZ  x1 FP0263-01","categoria":"Carnaval Carioca","subcategoria":"Linea Luminosa","precio":1803.69,"destacado":false,"descripcion":"","imagen":"assets/products/CA-202560000263.webp","tags":["vincha","estrella","pelitos","dorados","con","luz","fp0263"]},{"id":"CA-202562000263","nombre":"VINCHA ESTRELLA Y PELITOS PLATA CON LUZ  x1 FP0263-02","categoria":"Carnaval Carioca","subcategoria":"Linea Luminosa","precio":1803.69,"destacado":false,"descripcion":"","imagen":"assets/products/CA-202562000263.webp","tags":["vincha","estrella","pelitos","plata","con","luz","fp0263"]},{"id":"CA-202562000262","nombre":"VINCHA ESTRELLA Y TULL VARIOS COLORES CON LUZ  x1 FP0262-02","categoria":"Carnaval Carioca","subcategoria":"Linea Luminosa","precio":1803.69,"destacado":false,"descripcion":"","imagen":"assets/products/CA-202562000262.webp","tags":["vincha","estrella","tull","varios","colores","con","luz","fp0262"]},{"id":"CA-601001001121","nombre":"VINCHA FIBRA OPTICA LUMINOSA x1   MM126-01","categoria":"Carnaval Carioca","subcategoria":"Linea Luminosa","precio":1702.82,"destacado":false,"descripcion":"","imagen":"assets/products/CA-601001001121.webp","tags":["vincha","fibra","optica","luminosa","mm126"]},{"id":"CA-692504290406","nombre":"VINCHA FLORES CON LUZ VARIOS COLORES x12 DIS04-06","categoria":"Carnaval Carioca","subcategoria":"Linea Luminosa","precio":10214.4,"destacado":false,"descripcion":"","imagen":"assets/products/CA-692504290406.webp","tags":["vincha","flores","con","luz","varios","colores","x12","dis04"]},{"id":"CA-076357187902","nombre":"VINCHA FLORES SEDA  CON LUZ AMARILLA FLUO x1 FN601","categoria":"Carnaval Carioca","subcategoria":"Linea Luminosa","precio":3027.78,"destacado":false,"descripcion":"","imagen":"assets/products/CA-076357187902.webp","tags":["vincha","flores","seda","con","luz","amarilla","fluo","fn601"]},{"id":"CA-076357187884","nombre":"VINCHA FLORES SEDA  CON LUZ AZUL x1 FN601","categoria":"Carnaval Carioca","subcategoria":"Linea Luminosa","precio":3027.78,"destacado":false,"descripcion":"","imagen":"assets/products/CA-076357187884.webp","tags":["vincha","flores","seda","con","luz","azul","fn601"]},{"id":"CA-076357187880","nombre":"VINCHA FLORES SEDA  CON LUZ FUCSIA FLUO x1 FN601","categoria":"Carnaval Carioca","subcategoria":"Linea Luminosa","precio":3027.78,"destacado":false,"descripcion":"","imagen":"assets/products/CA-076357187880.webp","tags":["vincha","flores","seda","con","luz","fucsia","fluo","fn601"]},{"id":"CA-076357187914","nombre":"VINCHA FLORES SEDA  CON LUZ MULTICOLOR x1 FN601","categoria":"Carnaval Carioca","subcategoria":"Linea Luminosa","precio":3027.78,"destacado":false,"descripcion":"","imagen":"assets/products/CA-076357187914.webp","tags":["vincha","flores","seda","con","luz","multicolor","fn601"]},{"id":"CA-076357187899","nombre":"VINCHA FLORES SEDA  CON LUZ NARANJA FLUO x1 FN601","categoria":"Carnaval Carioca","subcategoria":"Linea Luminosa","precio":3027.78,"destacado":false,"descripcion":"","imagen":"assets/products/CA-076357187899.webp","tags":["vincha","flores","seda","con","luz","naranja","fluo","fn601"]},{"id":"CA-076357187878","nombre":"VINCHA FLORES SEDA  CON LUZ ROJA x1 FN601","categoria":"Carnaval Carioca","subcategoria":"Linea Luminosa","precio":3027.78,"destacado":false,"descripcion":"","imagen":"assets/products/CA-076357187878.webp","tags":["vincha","flores","seda","con","luz","roja","fn601"]},{"id":"CA-076357187876","nombre":"VINCHA FLORES SEDA  CON LUZ ROSAS x1 FN601","categoria":"Carnaval Carioca","subcategoria":"Linea Luminosa","precio":3027.78,"destacado":false,"descripcion":"","imagen":"assets/products/CA-076357187876.webp","tags":["vincha","flores","seda","con","luz","rosas","fn601"]},{"id":"CA-076357187892","nombre":"VINCHA FLORES SEDA  CON LUZ VERDE FLUO x1 FN601","categoria":"Carnaval Carioca","subcategoria":"Linea Luminosa","precio":3027.78,"destacado":false,"descripcion":"","imagen":"assets/products/CA-076357187892.webp","tags":["vincha","flores","seda","con","luz","verde","fluo","fn601"]},{"id":"CA-000000049697","nombre":"VINCHA FLORES Y STRASS CON LUZ  x1 ART.9","categoria":"Carnaval Carioca","subcategoria":"Linea Luminosa","precio":4940.0,"destacado":false,"descripcion":"* (11/12/2025)","imagen":"assets/products/CA-000000049697.webp","tags":["vincha","flores","strass","con","luz","art"]},{"id":"CA-000000054944","nombre":"VINCHA GLAMOUR CON LUZ 3 FLORES DORADA CON PLUMAS x1 ART.19","categoria":"Carnaval Carioca","subcategoria":"Linea Luminosa","precio":7150.0,"destacado":false,"descripcion":"* (11/12/2025)","imagen":"assets/products/CA-000000054944.webp","tags":["vincha","glamour","con","luz","flores","dorada","con","plumas","art"]},{"id":"CA-690202407198","nombre":"VINCHA MOÑO CON LUZ x1 MQ15-13","categoria":"Carnaval Carioca","subcategoria":"Linea Luminosa","precio":937.44,"destacado":false,"descripcion":"","imagen":"assets/products/CA-690202407198.webp","tags":["vincha","moño","con","luz","mq15"]},{"id":"CA-654256872616","nombre":"VINCHA OREJA CONEJA PELUCHE CON LUZ  x1  FJ2616","categoria":"Carnaval Carioca","subcategoria":"Linea Luminosa","precio":1482.36,"destacado":false,"descripcion":"","imagen":"assets/products/CA-654256872616.webp","tags":["vincha","oreja","coneja","peluche","con","luz","fj2616"]},{"id":"CA-779514000378","nombre":"VINCHA OREJA RATON NEON x1 ZB002","categoria":"Carnaval Carioca","subcategoria":"Linea Luminosa","precio":657.27,"destacado":false,"descripcion":"","imagen":"assets/products/CA-779514000378.webp","tags":["vincha","oreja","raton","neon","zb002"]},{"id":"CA-202560000261","nombre":"VINCHA PICOS TORNASOL CON FLECOS Y LUZ  x1 FP0261","categoria":"Carnaval Carioca","subcategoria":"Linea Luminosa","precio":3470.67,"destacado":false,"descripcion":"","imagen":"assets/products/CA-202560000261.webp","tags":["vincha","picos","tornasol","con","flecos","luz","fp0261"]},{"id":"CA-695024110245","nombre":"VINCHA PICOS TORNASOL CON FLECOS Y LUZ x1 U2411-245","categoria":"Carnaval Carioca","subcategoria":"Linea Luminosa","precio":6142.5,"destacado":false,"descripcion":"","imagen":"assets/products/CA-695024110245.webp","tags":["vincha","picos","tornasol","con","flecos","luz","u2411","245"]},{"id":"CA-803410700162","nombre":"VINCHA PLASTICA CORONA CON LUZ x12 YJ0287","categoria":"Carnaval Carioca","subcategoria":"Linea Luminosa","precio":12393.0,"destacado":false,"descripcion":"","imagen":"assets/products/CA-803410700162.webp","tags":["vincha","plastica","corona","con","luz","x12","yj0287"]},{"id":"CA-000000051721","nombre":"VINCHA PLUMAS ROSA CON LUZ x1 BP","categoria":"Carnaval Carioca","subcategoria":"Linea Luminosa","precio":5670.0,"destacado":false,"descripcion":"","imagen":"assets/products/CA-000000051721.webp","tags":["vincha","plumas","rosa","con","luz"]},{"id":"CA-000000051743","nombre":"VINCHA PREMIUM NEGRA CON LUZ STRASS DORADO PLUMAS Y FLOR CREACIONES MARIANA","categoria":"Carnaval Carioca","subcategoria":"Linea Luminosa","precio":5250.15,"destacado":false,"descripcion":"","imagen":"assets/products/CA-000000051743.webp","tags":["vincha","premium","negra","con","luz","strass","dorado","plumas","flor","creaciones","mariana"]},{"id":"CA-000000051740","nombre":"VINCHA PREMIUM NEGRA CON LUZ TULL Y MARIPOSAS x1 CREACIONES MARIANA","categoria":"Carnaval Carioca","subcategoria":"Linea Luminosa","precio":3800.0,"destacado":false,"descripcion":"","imagen":"assets/products/CA-000000051740.webp","tags":["vincha","premium","negra","con","luz","tull","mariposas","creaciones","mariana"]},{"id":"CA-000000051738","nombre":"VINCHA PREMIUM VERDE FLUO CON LUZ Y TULL x1 CREACIONES MARIANA","categoria":"Carnaval Carioca","subcategoria":"Linea Luminosa","precio":3800.0,"destacado":false,"descripcion":"","imagen":"assets/products/CA-000000051738.webp","tags":["vincha","premium","verde","fluo","con","luz","tull","creaciones","mariana"]},{"id":"CA-692024013203","nombre":"VINCHA RASTAS CON LUZ x1 MM132-03","categoria":"Carnaval Carioca","subcategoria":"Linea Luminosa","precio":2912.98,"destacado":false,"descripcion":"","imagen":"assets/products/CA-692024013203.webp","tags":["vincha","rastas","con","luz","mm132"]},{"id":"CA-000000051717","nombre":"VINCHA ROSAS NATURAL CON LUZ x1 BP","categoria":"Carnaval Carioca","subcategoria":"Linea Luminosa","precio":5940.0,"destacado":false,"descripcion":"","imagen":"assets/products/CA-000000051717.webp","tags":["vincha","rosas","natural","con","luz"]}]}