{"category_slug":"carnaval_carioca","subcategory_slug":"linea_luminosa","page":1,"page_size":48,"total":191,"items":[{"id":"CA-202560000861","nombre":"ANILLO MODELOS SURTIDOS PREMIUN CON LUZ 24pcs x1 FP0861-01","categoria":"Carnaval Carioca","subcategoria":"Linea Luminosa","precio":14438.34,"destacado":false,"descripcion":"","imagen":"assets/products/CA-202560000861.webp","tags":["anillo","modelos","surtidos","premiun","con","luz","24pcs","fp0861"]},{"id":"CA-202562000861","nombre":"ANILLO MODELOS SURTIDOS PREMIUN CON LUZ 24pcs x1 FP0861-02","categoria":"Carnaval Carioca","subcategoria":"Linea Luminosa","precio":14438.34,"destacado":false,"descripcion":"","imagen":"assets/products/CA-202562000861.webp","tags":["anillo","modelos","surtidos","premiun","con","luz","24pcs","fp0861"]},{"id":"CA-803410700546","nombre":"ANILLO NEON LUMINOSO x6 YJ0673","categoria":"Carnaval Carioca","subcategoria":"Linea Luminosa","precio":729.0,"destacado":false,"descripcion":"","imagen":"assets/products/CA-803410700546.webp","tags":["anillo","neon","luminoso","yj0673"]},{"id":"CA-000000050960","nombre":"ANILLO SILICONA CON LUZ x12 ( surtidos) YJ0333/2/1/0/583/4","categoria":"Carnaval Carioca","subcategoria":"Linea Luminosa","precio":5248.8,"destacado":false,"descripcion":"","imagen":"assets/products/CA-000000050960.webp","tags":["anillo","silicona","con","luz","x12","surtidos","yj0333","583"]},{"id":"CA-803410700274","nombre":"ANILLO SILICONA PIRATA CON LUZ  x36 YJ0388","categoria":"Carnaval Carioca","subcategoria":"Linea Luminosa","precio":13899.6,"destacado":false,"descripcion":"","imagen":"assets/products/CA-803410700274.webp","tags":["anillo","silicona","pirata","con","luz","x36","yj0388"]},{"id":"CA-803410700461","nombre":"ANILLOS CON LUZ RAYOS LASER x10  (40 unidades)  YJ0588","categoria":"Carnaval Carioca","subcategoria":"Linea Luminosa","precio":6075.0,"destacado":false,"descripcion":"","imagen":"assets/products/CA-803410700461.webp","tags":["anillos","con","luz","rayos","laser","x10","unidades","yj0588"]},{"id":"CA-692504250408","nombre":"ANTEOJO ACRILICO CON LUZ  x1 DIS04-08","categoria":"Carnaval Carioca","subcategoria":"Linea Luminosa","precio":4032.0,"destacado":false,"descripcion":"","imagen":"assets/products/CA-692504250408.webp","tags":["anteojo","acrilico","con","luz","dis04"]},{"id":"CA-000000054480","nombre":"ANTEOJO ACRILICO CON LUZ ROSA x1","categoria":"Carnaval Carioca","subcategoria":"Linea Luminosa","precio":2430.0,"destacado":false,"descripcion":"","imagen":"assets/products/CA-000000054480.webp","tags":["anteojo","acrilico","con","luz","rosa"]},{"id":"CA-696365412564","nombre":"ANTEOJO AUDIORITMICO CON LUZ x12 3547A","categoria":"Carnaval Carioca","subcategoria":"Linea Luminosa","precio":25200.0,"destacado":false,"descripcion":"","imagen":"assets/products/CA-696365412564.webp","tags":["anteojo","audioritmico","con","luz","x12","3547a"]},{"id":"CA-693501350429","nombre":"ANTEOJO CON DISPLAY BLUETOOTH USB x1 429","categoria":"Carnaval Carioca","subcategoria":"Linea Luminosa","precio":28531.13,"destacado":false,"descripcion":"","imagen":"assets/products/CA-693501350429.webp","tags":["anteojo","con","display","bluetooth","usb","429"]},{"id":"CA-803410700253","nombre":"ANTEOJO CON LUZ MODELOS SURTIDOS x12 YJ0371","categoria":"Carnaval Carioca","subcategoria":"Linea Luminosa","precio":9072.0,"destacado":false,"descripcion":"","imagen":"assets/products/CA-803410700253.webp","tags":["anteojo","con","luz","modelos","surtidos","x12","yj0371"]},{"id":"CA-803410700254","nombre":"ANTEOJO CON LUZ REJILLA SURTIDOS x12 YJ0372","categoria":"Carnaval Carioca","subcategoria":"Linea Luminosa","precio":7722.0,"destacado":false,"descripcion":"","imagen":"assets/products/CA-803410700254.webp","tags":["anteojo","con","luz","rejilla","surtidos","x12","yj0372"]},{"id":"CA-779514000381","nombre":"ANTEOJO CORAZON NEON x1 33307/ZB001-1","categoria":"Carnaval Carioca","subcategoria":"Linea Luminosa","precio":652.19,"destacado":false,"descripcion":"","imagen":"assets/products/CA-779514000381.webp","tags":["anteojo","corazon","neon","33307","zb001"]},{"id":"CA-779514015410","nombre":"ANTEOJO ESTRELLA NEON  x1 91717","categoria":"Carnaval Carioca","subcategoria":"Linea Luminosa","precio":704.7,"destacado":false,"descripcion":"","imagen":"assets/products/CA-779514015410.webp","tags":["anteojo","estrella","neon","91717"]},{"id":"CA-692504290404","nombre":"ANTEOJO GRANDE PSICODELICO VARIOS COLORES CON TIRA LEDx1 DIS04-04","categoria":"Carnaval Carioca","subcategoria":"Linea Luminosa","precio":4200.0,"destacado":false,"descripcion":"","imagen":"assets/products/CA-692504290404.webp","tags":["anteojo","grande","psicodelico","varios","colores","con","tira","ledx1","dis04"]},{"id":"CA-541497890396","nombre":"ANTEOJO PIXEL CON LED NEON x1 PA0396","categoria":"Carnaval Carioca","subcategoria":"Linea Luminosa","precio":6169.37,"destacado":false,"descripcion":"","imagen":"assets/products/CA-541497890396.webp","tags":["anteojo","pixel","con","led","neon","pa0396"]},{"id":"CA-803410700587","nombre":"ANTEOJO PIXEL CON LUZ LED  x12 YJ0714","categoria":"Carnaval Carioca","subcategoria":"Linea Luminosa","precio":8748.0,"destacado":false,"descripcion":"","imagen":"assets/products/CA-803410700587.webp","tags":["anteojo","pixel","con","luz","led","x12","yj0714"]},{"id":"CA-779908804730","nombre":"ANTEOJO RAYBAN CON LED AMARILLO x1 XLL17AM  PS","categoria":"Carnaval Carioca","subcategoria":"Linea Luminosa","precio":4190.83,"destacado":false,"descripcion":"","imagen":"assets/products/CA-779908804730.webp","tags":["anteojo","rayban","con","led","amarillo","xll17am"]},{"id":"CA-779908804725","nombre":"ANTEOJO RAYBAN CON LED CELESTE x1 XLL17CE  PS","categoria":"Carnaval Carioca","subcategoria":"Linea Luminosa","precio":4190.83,"destacado":false,"descripcion":"","imagen":"assets/products/CA-779908804725.webp","tags":["anteojo","rayban","con","led","celeste","xll17ce"]},{"id":"CA-779908804726","nombre":"ANTEOJO RAYBAN CON LED ROSA x1 XLL17RS  PS","categoria":"Carnaval Carioca","subcategoria":"Linea Luminosa","precio":4190.83,"destacado":false,"descripcion":"","imagen":"assets/products/CA-779908804726.webp","tags":["anteojo","rayban","con","led","rosa","xll17rs"]},{"id":"CA-779908804727","nombre":"ANTEOJO RAYBAN CON LED VERDE x1 XLL17VE  PS","categoria":"Carnaval Carioca","subcategoria":"Linea Luminosa","precio":4190.83,"destacado":false,"descripcion":"","imagen":"assets/products/CA-779908804727.webp","tags":["anteojo","rayban","con","led","verde","xll17ve"]},{"id":"CA-000000051472","nombre":"ANTEOJO RAYBAN REJILLA CON LUZ LED  x1 YJ0621","categoria":"Carnaval Carioca","subcategoria":"Linea Luminosa","precio":4252.5,"destacado":false,"descripcion":"","imagen":"assets/products/CA-000000051472.webp","tags":["anteojo","rayban","rejilla","con","luz","led","yj0621"]},{"id":"CA-779514000377","nombre":"ANTEOJO REDONDO NEON  x1 33302/ZB001","categoria":"Carnaval Carioca","subcategoria":"Linea Luminosa","precio":525.14,"destacado":false,"descripcion":"","imagen":"assets/products/CA-779514000377.webp","tags":["anteojo","redondo","neon","33302","zb001"]},{"id":"CA-202560000807","nombre":"ANTEOJO REJILLA BLANCO CON LUZ FRIA x12 FP0807","categoria":"Carnaval Carioca","subcategoria":"Linea Luminosa","precio":11042.64,"destacado":false,"descripcion":"","imagen":"assets/products/CA-202560000807.webp","tags":["anteojo","rejilla","blanco","con","luz","fria","x12","fp0807"]},{"id":"CA-803410700251","nombre":"ANTEOJOS CON LUZ ALARGADOS (varios colores) x12 YJ0369","categoria":"Carnaval Carioca","subcategoria":"Linea Luminosa","precio":9126.0,"destacado":false,"descripcion":"","imagen":"assets/products/CA-803410700251.webp","tags":["anteojos","con","luz","alargados","varios","colores","x12","yj0369"]},{"id":"CA-000000054481","nombre":"ANTIFAZ ACRILICO CON LUZ ROSA x1","categoria":"Carnaval Carioca","subcategoria":"Linea Luminosa","precio":2565.0,"destacado":false,"descripcion":"","imagen":"assets/products/CA-000000054481.webp","tags":["antifaz","acrilico","con","luz","rosa"]},{"id":"CA-803410700469","nombre":"ANTIFAZ NEON VARIOS MODELOS  x1 YJ0596","categoria":"Carnaval Carioca","subcategoria":"Linea Luminosa","precio":850.5,"destacado":false,"descripcion":"","imagen":"assets/products/CA-803410700469.webp","tags":["antifaz","neon","varios","modelos","yj0596"]},{"id":"CA-690202515350","nombre":"BASE EXHIBIDORA ARCO IRIS CON LUZ x1 MQ15-35","categoria":"Carnaval Carioca","subcategoria":"Linea Luminosa","precio":4340.0,"destacado":false,"descripcion":"","imagen":"assets/products/CA-690202515350.webp","tags":["base","exhibidora","arco","iris","con","luz","mq15"]},{"id":"CA-779834708549","nombre":"BLISTER PILA CANDELA ALCALINA AA x10u 7500","categoria":"Carnaval Carioca","subcategoria":"Linea Luminosa","precio":3943.68,"destacado":false,"descripcion":"* (06/12/2025)","imagen":"assets/products/CA-779834708549.webp","tags":["blister","pila","candela","alcalina","x10u","7500"]},{"id":"CA-779834708550","nombre":"BLISTER PILA CANDELA ALCALINA AAA  x10 7501","categoria":"Carnaval Carioca","subcategoria":"Linea Luminosa","precio":3943.68,"destacado":false,"descripcion":"* (06/12/2025)","imagen":"assets/products/CA-779834708550.webp","tags":["blister","pila","candela","alcalina","aaa","x10","7501"]},{"id":"CA-072737310028","nombre":"BOA FLORES SEDA CON LUZ AMARILLA FLUO 1,80 mts x1 FT908/1","categoria":"Carnaval Carioca","subcategoria":"Linea Luminosa","precio":10355.2,"destacado":false,"descripcion":"","imagen":"assets/products/CA-072737310028.webp","tags":["boa","flores","seda","con","luz","amarilla","fluo","mts","ft908"]},{"id":"CA-072737310033","nombre":"BOA FLORES SEDA CON LUZ AZUL 1,80 mts x1 FT908/1","categoria":"Carnaval Carioca","subcategoria":"Linea Luminosa","precio":10355.2,"destacado":false,"descripcion":"","imagen":"assets/products/CA-072737310033.webp","tags":["boa","flores","seda","con","luz","azul","mts","ft908"]},{"id":"CA-072737310026","nombre":"BOA FLORES SEDA CON LUZ FUCSIA FLUO 1,80 mts x1 FT908/1","categoria":"Carnaval Carioca","subcategoria":"Linea Luminosa","precio":10355.2,"destacado":false,"descripcion":"","imagen":"assets/products/CA-072737310026.webp","tags":["boa","flores","seda","con","luz","fucsia","fluo","mts","ft908"]},{"id":"CA-072737310030","nombre":"BOA FLORES SEDA CON LUZ MULTICOLOR 1,80 mts x1 FT908/1","categoria":"Carnaval Carioca","subcategoria":"Linea Luminosa","precio":10355.2,"destacado":false,"descripcion":"","imagen":"assets/products/CA-072737310030.webp","tags":["boa","flores","seda","con","luz","multicolor","mts","ft908"]},{"id":"CA-072737310039","nombre":"BOA FLORES SEDA CON LUZ NARANJA FLUO 1,80 mts x1 FT908/1","categoria":"Carnaval Carioca","subcategoria":"Linea Luminosa","precio":10355.2,"destacado":false,"descripcion":"","imagen":"assets/products/CA-072737310039.webp","tags":["boa","flores","seda","con","luz","naranja","fluo","mts","ft908"]},{"id":"CA-072737310084","nombre":"BOA FLORES SEDA CON LUZ NEGRA 1,80 mts x1 FT908/1","categoria":"Carnaval Carioca","subcategoria":"Linea Luminosa","precio":10355.2,"destacado":false,"descripcion":"","imagen":"assets/products/CA-072737310084.webp","tags":["boa","flores","seda","con","luz","negra","mts","ft908"]},{"id":"CA-072737310032","nombre":"BOA FLORES SEDA CON LUZ ROJA 1,80 mts x1 FT908/1","categoria":"Carnaval Carioca","subcategoria":"Linea Luminosa","precio":10355.2,"destacado":false,"descripcion":"","imagen":"assets/products/CA-072737310032.webp","tags":["boa","flores","seda","con","luz","roja","mts","ft908"]},{"id":"CA-072737310031","nombre":"BOA FLORES SEDA CON LUZ SEDA ROSA 1,80 mts x1 FT908/1","categoria":"Carnaval Carioca","subcategoria":"Linea Luminosa","precio":10355.2,"destacado":false,"descripcion":"","imagen":"assets/products/CA-072737310031.webp","tags":["boa","flores","seda","con","luz","seda","rosa","mts","ft908"]},{"id":"CA-072737310027","nombre":"BOA FLORES SEDA CON LUZ VERDE FLUO 1,80 mts x1 FT908/1","categoria":"Carnaval Carioca","subcategoria":"Linea Luminosa","precio":10355.2,"destacado":false,"descripcion":"","imagen":"assets/products/CA-072737310027.webp","tags":["boa","flores","seda","con","luz","verde","fluo","mts","ft908"]},{"id":"CA-779908805144","nombre":"CAPA ALA LED CHICA MULTICOLOR 2mts x 1mts x1 XLA29","categoria":"Carnaval Carioca","subcategoria":"Linea Luminosa","precio":36921.5,"destacado":false,"descripcion":"","imagen":"assets/products/CA-779908805144.webp","tags":["capa","ala","led","chica","multicolor","2mts","1mts","xla29"]},{"id":"CA-000000050352","nombre":"CETRO REY LUJO CON LUZ  x1 RM","categoria":"Carnaval Carioca","subcategoria":"Linea Luminosa","precio":6625.0,"destacado":false,"descripcion":"* (13/12/2025)","imagen":"assets/products/CA-000000050352.webp","tags":["cetro","rey","lujo","con","luz"]},{"id":"CA-690202424749","nombre":"COLGANTE LUMINOSO CORAZON  x36  749","categoria":"Carnaval Carioca","subcategoria":"Linea Luminosa","precio":19606.41,"destacado":false,"descripcion":"","imagen":"assets/products/CA-690202424749.webp","tags":["colgante","luminoso","corazon","x36","749"]},{"id":"CA-699978810748","nombre":"COLGANTE LUMINOSO ESTRELLA  x36   748","categoria":"Carnaval Carioca","subcategoria":"Linea Luminosa","precio":19606.41,"destacado":false,"descripcion":"","imagen":"assets/products/CA-699978810748.webp","tags":["colgante","luminoso","estrella","x36","748"]},{"id":"CA-000000052801","nombre":"COLITA PARA PELO LUMINOSA LENTEJUELAS  x6 6824A","categoria":"Carnaval Carioca","subcategoria":"Linea Luminosa","precio":4557.0,"destacado":false,"descripcion":"","imagen":"assets/products/CA-000000052801.webp","tags":["colita","para","pelo","luminosa","lentejuelas","6824a"]},{"id":"CA-000000052044","nombre":"COLLAR CORAZON CON LUZ  x12 YJ0326","categoria":"Carnaval Carioca","subcategoria":"Linea Luminosa","precio":6399.77,"destacado":false,"descripcion":"","imagen":"assets/products/CA-000000052044.webp","tags":["collar","corazon","con","luz","x12","yj0326"]},{"id":"CA-000000051443","nombre":"COLLAR CORONA CON LUZ x12 YJ00397","categoria":"Carnaval Carioca","subcategoria":"Linea Luminosa","precio":6399.77,"destacado":false,"descripcion":"","imagen":"assets/products/CA-000000051443.webp","tags":["collar","corona","con","luz","x12","yj00397"]},{"id":"CA-000000051444","nombre":"COLLAR ESTRELLA CON LUZ x12 YJ00329","categoria":"Carnaval Carioca","subcategoria":"Linea Luminosa","precio":6399.77,"destacado":false,"descripcion":"","imagen":"assets/products/CA-000000051444.webp","tags":["collar","estrella","con","luz","x12","yj00329"]},{"id":"CA-076357187946","nombre":"COLLAR FLORES SEDA  CON LUZ AMARILLO FLUO x1 FN612/1","categoria":"Carnaval Carioca","subcategoria":"Linea Luminosa","precio":4002.82,"destacado":false,"descripcion":"","imagen":"assets/products/CA-076357187946.webp","tags":["collar","flores","seda","con","luz","amarillo","fluo","fn612"]}]}