{"category_slug":"cotillon","subcategory_slug":"globos_metalizados_formas","page":4,"page_size":48,"total":172,"items":[{"id":"CA-779819415747","nombre":"GLOBO OVNI METALIZADO 18\" ESTRELLA ROSA PASTEL  x1 (APTO HELIO) 57473","categoria":"Cotillon","subcategoria":"Globos Metalizados Formas","precio":575.71,"destacado":false,"descripcion":"","imagen":"assets/products/CA-779819415747.webp","tags":["globo","ovni","metalizado","estrella","rosa","pastel","apto","helio","57473"]},{"id":"CA-779842097108","nombre":"GLOBO OVNI METALIZADO 20\" ESFERA 4D AZUL x5 71088","categoria":"Cotillon","subcategoria":"Globos Metalizados Formas","precio":4914.02,"destacado":false,"descripcion":"","imagen":"assets/products/CA-779842097108.webp","tags":["globo","ovni","metalizado","esfera","azul","71088"]},{"id":"CA-779842097107","nombre":"GLOBO OVNI METALIZADO 20\" ESFERA 4D DORADO x5 71071","categoria":"Cotillon","subcategoria":"Globos Metalizados Formas","precio":4914.02,"destacado":false,"descripcion":"","imagen":"assets/products/CA-779842097107.webp","tags":["globo","ovni","metalizado","esfera","dorado","71071"]},{"id":"CA-779842097109","nombre":"GLOBO OVNI METALIZADO 20\" ESFERA 4D FUCSIA x5 71095","categoria":"Cotillon","subcategoria":"Globos Metalizados Formas","precio":4914.02,"destacado":false,"descripcion":"","imagen":"assets/products/CA-779842097109.webp","tags":["globo","ovni","metalizado","esfera","fucsia","71095"]},{"id":"CA-779842097110","nombre":"GLOBO OVNI METALIZADO 20\" ESFERA 4D NEGRO x5 71101","categoria":"Cotillon","subcategoria":"Globos Metalizados Formas","precio":4914.02,"destacado":false,"descripcion":"","imagen":"assets/products/CA-779842097110.webp","tags":["globo","ovni","metalizado","esfera","negro","71101"]},{"id":"CA-779842097106","nombre":"GLOBO OVNI METALIZADO 20\" ESFERA 4D PLATA x5 71064","categoria":"Cotillon","subcategoria":"Globos Metalizados Formas","precio":4914.02,"destacado":false,"descripcion":"","imagen":"assets/products/CA-779842097106.webp","tags":["globo","ovni","metalizado","esfera","plata","71064"]},{"id":"CA-779842097121","nombre":"GLOBO OVNI METALIZADO 20\" ESFERA 4D ROSA GOLD x5 71217","categoria":"Cotillon","subcategoria":"Globos Metalizados Formas","precio":4914.02,"destacado":false,"descripcion":"","imagen":"assets/products/CA-779842097121.webp","tags":["globo","ovni","metalizado","esfera","rosa","gold","71217"]},{"id":"CA-779842097115","nombre":"GLOBO OVNI METALIZADO 22\" CUBO 4D AZUL x5 71156","categoria":"Cotillon","subcategoria":"Globos Metalizados Formas","precio":4914.02,"destacado":false,"descripcion":"","imagen":"assets/products/CA-779842097115.webp","tags":["globo","ovni","metalizado","cubo","azul","71156"]},{"id":"CA-779842097112","nombre":"GLOBO OVNI METALIZADO 22\" CUBO 4D DORADO x5 71125","categoria":"Cotillon","subcategoria":"Globos Metalizados Formas","precio":4914.02,"destacado":false,"descripcion":"","imagen":"assets/products/CA-779842097112.webp","tags":["globo","ovni","metalizado","cubo","dorado","71125"]},{"id":"CA-779842097114","nombre":"GLOBO OVNI METALIZADO 22\" CUBO 4D FUCSIA x5 71149","categoria":"Cotillon","subcategoria":"Globos Metalizados Formas","precio":4914.02,"destacado":false,"descripcion":"","imagen":"assets/products/CA-779842097114.webp","tags":["globo","ovni","metalizado","cubo","fucsia","71149"]},{"id":"CA-779842097113","nombre":"GLOBO OVNI METALIZADO 22\" CUBO 4D NEGRO x5 71132","categoria":"Cotillon","subcategoria":"Globos Metalizados Formas","precio":4914.02,"destacado":false,"descripcion":"","imagen":"assets/products/CA-779842097113.webp","tags":["globo","ovni","metalizado","cubo","negro","71132"]},{"id":"CA-779842097111","nombre":"GLOBO OVNI METALIZADO 22\" CUBO 4D PLATA x5 71118","categoria":"Cotillon","subcategoria":"Globos Metalizados Formas","precio":4914.02,"destacado":false,"descripcion":"","imagen":"assets/products/CA-779842097111.webp","tags":["globo","ovni","metalizado","cubo","plata","71118"]},{"id":"CA-779842097122","nombre":"GLOBO OVNI METALIZADO 22\" CUBO 4D ROSA GOLD x5 71224","categoria":"Cotillon","subcategoria":"Globos Metalizados Formas","precio":4914.02,"destacado":false,"descripcion":"","imagen":"assets/products/CA-779842097122.webp","tags":["globo","ovni","metalizado","cubo","rosa","gold","71224"]},{"id":"CA-779842097120","nombre":"GLOBO OVNI METALIZADO 22\" ESTRELLA EXPLOSIVA 4D AZUL x5 71200","categoria":"Cotillon","subcategoria":"Globos Metalizados Formas","precio":4914.02,"destacado":false,"descripcion":"","imagen":"assets/products/CA-779842097120.webp","tags":["globo","ovni","metalizado","estrella","explosiva","azul","71200"]},{"id":"CA-779842097117","nombre":"GLOBO OVNI METALIZADO 22\" ESTRELLA EXPLOSIVA 4D DORADO x5 71170","categoria":"Cotillon","subcategoria":"Globos Metalizados Formas","precio":4914.02,"destacado":false,"descripcion":"","imagen":"assets/products/CA-779842097117.webp","tags":["globo","ovni","metalizado","estrella","explosiva","dorado","71170"]},{"id":"CA-779842097118","nombre":"GLOBO OVNI METALIZADO 22\" ESTRELLA EXPLOSIVA 4D NEGRO x5 71187","categoria":"Cotillon","subcategoria":"Globos Metalizados Formas","precio":4914.02,"destacado":false,"descripcion":"","imagen":"assets/products/CA-779842097118.webp","tags":["globo","ovni","metalizado","estrella","explosiva","negro","71187"]},{"id":"CA-779842097116","nombre":"GLOBO OVNI METALIZADO 22\" ESTRELLA EXPLOSIVA 4D PLATA x5 71163","categoria":"Cotillon","subcategoria":"Globos Metalizados Formas","precio":4914.02,"destacado":false,"descripcion":"","imagen":"assets/products/CA-779842097116.webp","tags":["globo","ovni","metalizado","estrella","explosiva","plata","71163"]},{"id":"CA-779842097123","nombre":"GLOBO OVNI METALIZADO 22\" ESTRELLA EXPLOSIVA 4D ROSA GOLD x5 71231","categoria":"Cotillon","subcategoria":"Globos Metalizados Formas","precio":4914.02,"destacado":false,"descripcion":"","imagen":"assets/products/CA-779842097123.webp","tags":["globo","ovni","metalizado","estrella","explosiva","rosa","gold","71231"]},{"id":"CA-609819417268","nombre":"GLOBO OVNI METALIZADO CORONA PLATA 26\" x1 72683","categoria":"Cotillon","subcategoria":"Globos Metalizados Formas","precio":1344.37,"destacado":false,"descripcion":"","imagen":"assets/products/CA-609819417268.webp","tags":["globo","ovni","metalizado","corona","plata","72683"]},{"id":"CA-609819417267","nombre":"GLOBO OVNI METALIZADO CORONA ROSA GOLD 26\" x1 72676","categoria":"Cotillon","subcategoria":"Globos Metalizados Formas","precio":1344.37,"destacado":false,"descripcion":"","imagen":"assets/products/CA-609819417267.webp","tags":["globo","ovni","metalizado","corona","rosa","gold","72676"]},{"id":"CA-687565234510","nombre":"GLOBO PAREJA DE OSOS LOVE x1 HT-510","categoria":"Cotillon","subcategoria":"Globos Metalizados Formas","precio":3828.5,"destacado":false,"descripcion":"NUEVO 18/12/2025","imagen":"assets/products/CA-687565234510.webp","tags":["globo","pareja","osos","love","510"]},{"id":"CA-692503311284","nombre":"KIT GLOBOS DECO COLA SIRENA/OSTRA 5 PIEZAS x1 GY-1284","categoria":"Cotillon","subcategoria":"Globos Metalizados Formas","precio":2274.74,"destacado":false,"descripcion":"","imagen":"assets/products/CA-692503311284.webp","tags":["kit","globos","deco","cola","sirena","ostra","piezas","1284"]},{"id":"CA-202502251024","nombre":"KIT GLOBOS DECO COLA SIRENA/OSTRA/CORAZON 5 PIEZAS x1","categoria":"Cotillon","subcategoria":"Globos Metalizados Formas","precio":2340.8,"destacado":false,"descripcion":"","imagen":"assets/products/CA-202502251024.webp","tags":["kit","globos","deco","cola","sirena","ostra","corazon","piezas"]},{"id":"CA-692505190243","nombre":"KIT GLOBOS DECO FLOR GIRASOL/ESTRELLA/HOJAS 5 PIEZAS x1 SU-243","categoria":"Cotillon","subcategoria":"Globos Metalizados Formas","precio":2274.74,"destacado":false,"descripcion":"","imagen":"assets/products/CA-692505190243.webp","tags":["kit","globos","deco","flor","girasol","estrella","hojas","piezas","243"]},{"id":"CA-692505190248","nombre":"KIT GLOBOS DECO FLORES Y HOJAS 6 PIEZAS x1 SU-248","categoria":"Cotillon","subcategoria":"Globos Metalizados Formas","precio":2274.74,"destacado":false,"descripcion":"","imagen":"assets/products/CA-692505190248.webp","tags":["kit","globos","deco","flores","hojas","piezas","248"]},{"id":"CA-692505190244","nombre":"KIT GLOBOS DECO ROSA/CORAZON/HOJAS 5 PIEZAS x1 SU-244","categoria":"Cotillon","subcategoria":"Globos Metalizados Formas","precio":2274.74,"destacado":false,"descripcion":"","imagen":"assets/products/CA-692505190244.webp","tags":["kit","globos","deco","rosa","corazon","hojas","piezas","244"]},{"id":"CA-000000058327","nombre":"PANEL DE GLOBO CUADRADO BOLA DISCO PLATA 47cm x50 GY-50-23","categoria":"Cotillon","subcategoria":"Globos Metalizados Formas","precio":15112.5,"destacado":false,"descripcion":"","imagen":"assets/products/CA-000000058327.webp","tags":["panel","globo","cuadrado","bola","disco","plata","47cm","x50"]},{"id":"CA-202507211344","nombre":"PANEL DE GLOBO CUADRADO PLATEADO/DORADO 47cm x50 GY-50-21/22","categoria":"Cotillon","subcategoria":"Globos Metalizados Formas","precio":15112.5,"destacado":false,"descripcion":"","imagen":"assets/products/CA-202507211344.webp","tags":["panel","globo","cuadrado","plateado","dorado","47cm","x50"]}]}