{"category_slug":"cotillon","subcategory_slug":"globos_metalizados_formas","page":1,"page_size":48,"total":172,"items":[{"id":"CA-000000055753","nombre":"GLOBO ANIMALITO CONEJO 22\" VARIOS MODELOS x10","categoria":"Cotillon","subcategoria":"Globos Metalizados Formas","precio":12033.48,"destacado":false,"descripcion":"","imagen":"assets/products/CA-000000055753.webp","tags":["globo","animalito","conejo","varios","modelos","x10"]},{"id":"CA-000000055203","nombre":"GLOBO BOTELLA  CHAMPAGNE 34\" x1","categoria":"Cotillon","subcategoria":"Globos Metalizados Formas","precio":897.75,"destacado":false,"descripcion":"","imagen":"assets/products/CA-000000055203.webp","tags":["globo","botella","champagne"]},{"id":"CA-202562000625","nombre":"GLOBO BOTELLA CHAMPAGNE CELEBRATE X1 FP0625-02","categoria":"Cotillon","subcategoria":"Globos Metalizados Formas","precio":1148.0,"destacado":false,"descripcion":"","imagen":"assets/products/CA-202562000625.webp","tags":["globo","botella","champagne","celebrate","fp0625"]},{"id":"CA-202563000625","nombre":"GLOBO CERVEZA DE PIE X1 FP0625-03","categoria":"Cotillon","subcategoria":"Globos Metalizados Formas","precio":1146.6,"destacado":false,"descripcion":"","imagen":"assets/products/CA-202563000625.webp","tags":["globo","cerveza","pie","fp0625"]},{"id":"CA-692325468683","nombre":"GLOBO CORAZON 5\" METALIZADO PLATEADO x50 GY-131","categoria":"Cotillon","subcategoria":"Globos Metalizados Formas","precio":2018.25,"destacado":false,"descripcion":"","imagen":"assets/products/CA-692325468683.webp","tags":["globo","corazon","metalizado","plateado","x50","131"]},{"id":"CA-692325468615","nombre":"GLOBO CORAZON 5\" METALIZADO ROJO x50 GY-131","categoria":"Cotillon","subcategoria":"Globos Metalizados Formas","precio":2018.25,"destacado":false,"descripcion":"","imagen":"assets/products/CA-692325468615.webp","tags":["globo","corazon","metalizado","rojo","x50","131"]},{"id":"CA-202503121135","nombre":"GLOBO DECO FLOR CARITA x1 18\"","categoria":"Cotillon","subcategoria":"Globos Metalizados Formas","precio":582.54,"destacado":false,"descripcion":"","imagen":"assets/products/CA-202503121135.webp","tags":["globo","deco","flor","carita"]},{"id":"CA-000000055155","nombre":"GLOBO EGRESADITOS VARIOS MODELOS x10 HH1385-06","categoria":"Cotillon","subcategoria":"Globos Metalizados Formas","precio":2470.44,"destacado":false,"descripcion":"","imagen":"assets/products/CA-000000055155.webp","tags":["globo","egresaditos","varios","modelos","x10","hh1385"]},{"id":"CA-202509116080","nombre":"GLOBO ESFERA IRIDISCENTE 22\"TONOS PASTELES x20  YG-6080","categoria":"Cotillon","subcategoria":"Globos Metalizados Formas","precio":14105.0,"destacado":false,"descripcion":"NUEVO 18/12/2025","imagen":"assets/products/CA-202509116080.webp","tags":["globo","esfera","iridiscente","tonos","pasteles","x20","6080"]},{"id":"CA-699202502154","nombre":"GLOBO ESFERA LASER 22\" VARIOS COLORES x1 D2213","categoria":"Cotillon","subcategoria":"Globos Metalizados Formas","precio":1274.0,"destacado":false,"descripcion":"","imagen":"assets/products/CA-699202502154.webp","tags":["globo","esfera","laser","varios","colores","d2213"]},{"id":"CA-000000056099","nombre":"GLOBO ESFERA ORBS IRIDISCENTE 32\" x5 ORBS-32","categoria":"Cotillon","subcategoria":"Globos Metalizados Formas","precio":18597.21,"destacado":false,"descripcion":"","imagen":"assets/products/CA-000000056099.webp","tags":["globo","esfera","orbs","iridiscente","orbs"]},{"id":"CA-000000056100","nombre":"GLOBO ESFERA ORBS IRIDISCENTE 50\" x5 ORBS-50","categoria":"Cotillon","subcategoria":"Globos Metalizados Formas","precio":40476.27,"destacado":false,"descripcion":"","imagen":"assets/products/CA-000000056100.webp","tags":["globo","esfera","orbs","iridiscente","orbs"]},{"id":"CA-202489931032","nombre":"GLOBO FORMA 4D ESTRELLA 18\" MARRON MATE x20 89931MR","categoria":"Cotillon","subcategoria":"Globos Metalizados Formas","precio":17300.79,"destacado":false,"descripcion":"","imagen":"assets/products/CA-202489931032.webp","tags":["globo","forma","estrella","marron","mate","x20","89931mr"]},{"id":"CA-885879951946","nombre":"GLOBO FORMA 4D ESTRELLA 22\" COLOR x20 GY-946","categoria":"Cotillon","subcategoria":"Globos Metalizados Formas","precio":11838.5,"destacado":false,"descripcion":"","imagen":"assets/products/CA-885879951946.webp","tags":["globo","forma","estrella","color","x20","946"]},{"id":"CA-000000052262","nombre":"GLOBO FORMA 4D ESTRELLA 22\" NUDE BEIGE x5 CL447-2/U23-177","categoria":"Cotillon","subcategoria":"Globos Metalizados Formas","precio":7471.1,"destacado":false,"descripcion":"","imagen":"assets/products/CA-000000052262.webp","tags":["globo","forma","estrella","nude","beige","cl447","u23","177"]},{"id":"CA-000000058062","nombre":"GLOBO FORMA ANIMALITO CEBRA 38cm x50u FB7092","categoria":"Cotillon","subcategoria":"Globos Metalizados Formas","precio":13424.94,"destacado":false,"descripcion":"","imagen":"assets/products/CA-000000058062.webp","tags":["globo","forma","animalito","cebra","38cm","x50u","fb7092"]},{"id":"CA-000000058063","nombre":"GLOBO FORMA ANIMALITO JIRAFA 38cm x50u FB7091","categoria":"Cotillon","subcategoria":"Globos Metalizados Formas","precio":13424.94,"destacado":false,"descripcion":"","imagen":"assets/products/CA-000000058063.webp","tags":["globo","forma","animalito","jirafa","38cm","x50u","fb7091"]},{"id":"CA-245783472419","nombre":"GLOBO FORMA ANIMALITO TIGRE 38cm x50u FB7098","categoria":"Cotillon","subcategoria":"Globos Metalizados Formas","precio":13424.94,"destacado":false,"descripcion":"","imagen":"assets/products/CA-245783472419.webp","tags":["globo","forma","animalito","tigre","38cm","x50u","fb7098"]},{"id":"CA-970002506171","nombre":"GLOBO FORMA BOLA DISCO PLATA 22\" 52.5cm x20 SU-171","categoria":"Cotillon","subcategoria":"Globos Metalizados Formas","precio":14453.78,"destacado":false,"descripcion":"","imagen":"assets/products/CA-970002506171.webp","tags":["globo","forma","bola","disco","plata","5cm","x20","171"]},{"id":"CA-202503223192","nombre":"GLOBO FORMA BOLA DISCO PLATA 32\" 73cm x20 SU-192","categoria":"Cotillon","subcategoria":"Globos Metalizados Formas","precio":20187.88,"destacado":false,"descripcion":"","imagen":"assets/products/CA-202503223192.webp","tags":["globo","forma","bola","disco","plata","73cm","x20","192"]},{"id":"CA-202489942042","nombre":"GLOBO FORMA CORAZON 18\" NUDE MATE x50 89942ND","categoria":"Cotillon","subcategoria":"Globos Metalizados Formas","precio":13487.18,"destacado":false,"descripcion":"","imagen":"assets/products/CA-202489942042.webp","tags":["globo","forma","corazon","nude","mate","x50","89942nd"]},{"id":"CA-000000056515","nombre":"GLOBO FORMA CORAZON FUN MATE 22\" VARIOS COLORES x5 U22-806","categoria":"Cotillon","subcategoria":"Globos Metalizados Formas","precio":3822.0,"destacado":false,"descripcion":"","imagen":"assets/products/CA-000000056515.webp","tags":["globo","forma","corazon","fun","mate","varios","colores","u22","806"]},{"id":"CA-000000056516","nombre":"GLOBO FORMA CORAZON FUN PASTEL 22\" VARIOS COLORES x5 U21-372","categoria":"Cotillon","subcategoria":"Globos Metalizados Formas","precio":3822.0,"destacado":false,"descripcion":"","imagen":"assets/products/CA-000000056516.webp","tags":["globo","forma","corazon","fun","pastel","varios","colores","u21","372"]},{"id":"CA-000000053095","nombre":"GLOBO FORMA CORAZON GIGANTE LOVE YOU 60\" x1 U21-060","categoria":"Cotillon","subcategoria":"Globos Metalizados Formas","precio":5278.0,"destacado":false,"descripcion":"","imagen":"assets/products/CA-000000053095.webp","tags":["globo","forma","corazon","gigante","love","you","u21","060"]},{"id":"CA-000000058582","nombre":"GLOBO FORMA CORAZON GIGANTE TE QUIERO PARA SIEMPRE 164cm x1 U21-060","categoria":"Cotillon","subcategoria":"Globos Metalizados Formas","precio":5182.45,"destacado":false,"descripcion":"NUEVO 11/12/2025","imagen":"assets/products/CA-000000058582.webp","tags":["globo","forma","corazon","gigante","quiero","para","siempre","164cm","u21","060"]},{"id":"CA-705725022426","nombre":"GLOBO FORMA CORAZON IRIDISCENTE 18\" x5 U24-178","categoria":"Cotillon","subcategoria":"Globos Metalizados Formas","precio":3094.0,"destacado":false,"descripcion":"","imagen":"assets/products/CA-705725022426.webp","tags":["globo","forma","corazon","iridiscente","u24","178"]},{"id":"CA-000000055755","nombre":"GLOBO FORMA CORAZON MARMOLADO 45cm APROX x10 EZ217/U21-065","categoria":"Cotillon","subcategoria":"Globos Metalizados Formas","precio":2800.0,"destacado":false,"descripcion":"","imagen":"assets/products/CA-000000055755.webp","tags":["globo","forma","corazon","marmolado","45cm","aprox","x10","ez217","u21","065"]},{"id":"CA-691265572282","nombre":"GLOBO FORMA CORAZON METALIZADO C/FLORES TE AMO MAMA 45cm x10 JB FB7228-2","categoria":"Cotillon","subcategoria":"Globos Metalizados Formas","precio":2644.53,"destacado":false,"descripcion":"","imagen":"assets/products/CA-691265572282.webp","tags":["globo","forma","corazon","metalizado","flores","amo","mama","45cm","x10","fb7228"]},{"id":"CA-691265471741","nombre":"GLOBO FORMA CORAZON METALIZADO COLORES SURTIDOS 10\" 25cm x10 JB FB7174 (NO APTO HELIO)","categoria":"Cotillon","subcategoria":"Globos Metalizados Formas","precio":1260.0,"destacado":false,"descripcion":"* (19/12/2025)","imagen":"assets/products/CA-691265471741.webp","tags":["globo","forma","corazon","metalizado","colores","surtidos","25cm","x10","fb7174","apto","helio"]},{"id":"CA-691265570741","nombre":"GLOBO FORMA CORAZON METALIZADO DORADO 46cm x10 JB FB7074","categoria":"Cotillon","subcategoria":"Globos Metalizados Formas","precio":2520.0,"destacado":false,"descripcion":"* (19/12/2025)","imagen":"assets/products/CA-691265570741.webp","tags":["globo","forma","corazon","metalizado","dorado","46cm","x10","fb7074"]},{"id":"CA-691265572283","nombre":"GLOBO FORMA CORAZON METALIZADO FELIZ DIA MAMA 45cm x10  JB FB7228-3","categoria":"Cotillon","subcategoria":"Globos Metalizados Formas","precio":2809.17,"destacado":false,"descripcion":"","imagen":"assets/products/CA-691265572283.webp","tags":["globo","forma","corazon","metalizado","feliz","dia","mama","45cm","x10","fb7228"]},{"id":"CA-691265272289","nombre":"GLOBO FORMA CORAZON METALIZADO FELIZ DIA MAMA 45cm x10 JB FB7228-9","categoria":"Cotillon","subcategoria":"Globos Metalizados Formas","precio":2644.53,"destacado":false,"descripcion":"","imagen":"assets/products/CA-691265272289.webp","tags":["globo","forma","corazon","metalizado","feliz","dia","mama","45cm","x10","fb7228"]},{"id":"CA-000000057995","nombre":"GLOBO FORMA CORAZON METALIZADO FELIZ DIA MAMA 45cm x10u","categoria":"Cotillon","subcategoria":"Globos Metalizados Formas","precio":3149.05,"destacado":false,"descripcion":"","imagen":"assets/products/CA-000000057995.webp","tags":["globo","forma","corazon","metalizado","feliz","dia","mama","45cm","x10u"]},{"id":"CA-691265527255","nombre":"GLOBO FORMA CORAZON METALIZADO FRASES 25cm x12 JB FB7255","categoria":"Cotillon","subcategoria":"Globos Metalizados Formas","precio":2427.6,"destacado":false,"descripcion":"","imagen":"assets/products/CA-691265527255.webp","tags":["globo","forma","corazon","metalizado","frases","25cm","x12","fb7255"]},{"id":"CA-691265517185","nombre":"GLOBO FORMA CORAZON METALIZADO MULTICOLOR PASTEL 46cm x10 JB FB7185","categoria":"Cotillon","subcategoria":"Globos Metalizados Formas","precio":2871.4,"destacado":false,"descripcion":"","imagen":"assets/products/CA-691265517185.webp","tags":["globo","forma","corazon","metalizado","multicolor","pastel","46cm","x10","fb7185"]},{"id":"CA-691265570742","nombre":"GLOBO FORMA CORAZON METALIZADO PLATEADO 46cm x10 JB FB7074","categoria":"Cotillon","subcategoria":"Globos Metalizados Formas","precio":2520.0,"destacado":false,"descripcion":"* (19/12/2025)","imagen":"assets/products/CA-691265570742.webp","tags":["globo","forma","corazon","metalizado","plateado","46cm","x10","fb7074"]},{"id":"CA-691265570744","nombre":"GLOBO FORMA CORAZON METALIZADO ROJO 46cm x10 JB FB7074","categoria":"Cotillon","subcategoria":"Globos Metalizados Formas","precio":2520.0,"destacado":false,"descripcion":"* (19/12/2025)","imagen":"assets/products/CA-691265570744.webp","tags":["globo","forma","corazon","metalizado","rojo","46cm","x10","fb7074"]},{"id":"CA-691265570743","nombre":"GLOBO FORMA CORAZON METALIZADO ROSA GOLD 46cm x10 JB FB7074","categoria":"Cotillon","subcategoria":"Globos Metalizados Formas","precio":2520.0,"destacado":false,"descripcion":"* (19/12/2025)","imagen":"assets/products/CA-691265570743.webp","tags":["globo","forma","corazon","metalizado","rosa","gold","46cm","x10","fb7074"]},{"id":"CA-691265527250","nombre":"GLOBO FORMA CORAZON METALIZADO TE AMO 10\" 25cm x12 JB FB7250 (NO APTO HELIO)","categoria":"Cotillon","subcategoria":"Globos Metalizados Formas","precio":2427.6,"destacado":false,"descripcion":"","imagen":"assets/products/CA-691265527250.webp","tags":["globo","forma","corazon","metalizado","amo","25cm","x12","fb7250","apto","helio"]},{"id":"CA-691265517257","nombre":"GLOBO FORMA CORAZON METALIZADO TE QUIERO MUCHO 25cm x12 JB FB7257","categoria":"Cotillon","subcategoria":"Globos Metalizados Formas","precio":2427.6,"destacado":false,"descripcion":"","imagen":"assets/products/CA-691265517257.webp","tags":["globo","forma","corazon","metalizado","quiero","mucho","25cm","x12","fb7257"]},{"id":"CA-705725080326","nombre":"GLOBO FORMA CORAZON PASTEL MATE 18\" VARIOS COLORES x5 H463","categoria":"Cotillon","subcategoria":"Globos Metalizados Formas","precio":1820.0,"destacado":false,"descripcion":"NUEVO 18/12/2025","imagen":"assets/products/CA-705725080326.webp","tags":["globo","forma","corazon","pastel","mate","varios","colores","h463"]},{"id":"CA-691265517071","nombre":"GLOBO FORMA CORONA METALIZADO 36cm CELESTE x10 FB7071(NO APTO PARA HELIO)","categoria":"Cotillon","subcategoria":"Globos Metalizados Formas","precio":1988.84,"destacado":false,"descripcion":"","imagen":"assets/products/CA-691265517071.webp","tags":["globo","forma","corona","metalizado","36cm","celeste","x10","fb7071","apto","para","helio"]},{"id":"CA-609819417262","nombre":"GLOBO FORMA DILAX METALIZADO 18\" CORAZON PLATA x10 (APTO HELIO) 72621","categoria":"Cotillon","subcategoria":"Globos Metalizados Formas","precio":3184.03,"destacado":false,"descripcion":"","imagen":"assets/products/CA-609819417262.webp","tags":["globo","forma","dilax","metalizado","corazon","plata","x10","apto","helio","72621"]},{"id":"CA-779819415557","nombre":"GLOBO FORMA DILAX METALIZADO 18\" CORAZON ROJO x10 (APTO HELIO) 59484/55578","categoria":"Cotillon","subcategoria":"Globos Metalizados Formas","precio":3184.03,"destacado":false,"descripcion":"","imagen":"assets/products/CA-779819415557.webp","tags":["globo","forma","dilax","metalizado","corazon","rojo","x10","apto","helio","59484","55578"]},{"id":"CA-779819415555","nombre":"GLOBO FORMA DILAX METALIZADO 18\" CORAZON ROSA GOLD x10 (APTO HELIO)55554","categoria":"Cotillon","subcategoria":"Globos Metalizados Formas","precio":3184.03,"destacado":false,"descripcion":"","imagen":"assets/products/CA-779819415555.webp","tags":["globo","forma","dilax","metalizado","corazon","rosa","gold","x10","apto","helio","55554"]},{"id":"CA-609819417263","nombre":"GLOBO FORMA DILAX METALIZADO 18\" CORAZON ROSA x10 (APTO HELIO) 72638","categoria":"Cotillon","subcategoria":"Globos Metalizados Formas","precio":3184.03,"destacado":false,"descripcion":"","imagen":"assets/products/CA-609819417263.webp","tags":["globo","forma","dilax","metalizado","corazon","rosa","x10","apto","helio","72638"]},{"id":"CA-779819415823","nombre":"GLOBO FORMA DILAX METALIZADO 18\" ESTRELLA AZUL x10 (APTO HELIO)58234S","categoria":"Cotillon","subcategoria":"Globos Metalizados Formas","precio":3184.03,"destacado":false,"descripcion":"","imagen":"assets/products/CA-779819415823.webp","tags":["globo","forma","dilax","metalizado","estrella","azul","x10","apto","helio","58234s"]},{"id":"CA-609819417266","nombre":"GLOBO FORMA DILAX METALIZADO 18\" ESTRELLA BLANCA x10 (APTO HELIO) 72669","categoria":"Cotillon","subcategoria":"Globos Metalizados Formas","precio":3184.03,"destacado":false,"descripcion":"","imagen":"assets/products/CA-609819417266.webp","tags":["globo","forma","dilax","metalizado","estrella","blanca","x10","apto","helio","72669"]}]}