{"category_slug":"acontecimientos","subcategory_slug":"linea_bautismo","page":1,"page_size":48,"total":2,"items":[{"id":"CA-000000057458","nombre":"LAMINA COMESTIBLE REDONDA MI BAUTISMO NENA MODELOS SURT. (FOTOTORTA) x1 LC","categoria":"Acontecimientos","subcategoria":"Linea Bautismo","precio":1147.5,"destacado":false,"descripcion":"* (19/12/2025)","imagen":"assets/products/CA-000000057458.webp","tags":["lamina","comestible","redonda","bautismo","nena","modelos","surt","fototorta"]},{"id":"CA-000000057459","nombre":"LAMINA COMESTIBLE REDONDA MI BAUTISMO NENE MODELOS SURT. (FOTOTORTA) x1 LC","categoria":"Acontecimientos","subcategoria":"Linea Bautismo","precio":1147.5,"destacado":false,"descripcion":"* (19/12/2025)","imagen":"assets/products/CA-000000057459.webp","tags":["lamina","comestible","redonda","bautismo","nene","modelos","surt","fototorta"]}]}