{"category_slug":"cotillon","subcategory_slug":"complementos_para_fiestas","page":3,"page_size":48,"total":99,"items":[{"id":"CA-000000058579","nombre":"SOBRE PLATEADO PERLADO ART.1001PL (12.5x19) x10u. MEDORO","categoria":"Cotillon","subcategoria":"Complementos Para Fiestas","precio":2170.94,"destacado":false,"descripcion":"","imagen":"assets/products/CA-000000058579.webp","tags":["sobre","plateado","perlado","art","1001pl","5x19","x10u","medoro"]},{"id":"CA-000000043203","nombre":"TROFEO COPA CHAMPIONS METAL DORADO CON BASE x1","categoria":"Cotillon","subcategoria":"Complementos Para Fiestas","precio":3227.85,"destacado":false,"descripcion":"","imagen":"assets/products/CA-000000043203.webp","tags":["trofeo","copa","champions","metal","dorado","con","base"]},{"id":"CA-000000043204","nombre":"TROFEO COPA CHAMPIONS METAL PLATEADA CON BASE x1","categoria":"Cotillon","subcategoria":"Complementos Para Fiestas","precio":3227.85,"destacado":false,"descripcion":"","imagen":"assets/products/CA-000000043204.webp","tags":["trofeo","copa","champions","metal","plateada","con","base"]}]}