{"category_slug":"descartables","subcategory_slug":"bandejas_plasticas_microondas_picadas","page":1,"page_size":48,"total":30,"items":[{"id":"CA-000000043923","nombre":"BANDEJA CON DIVISION NEGRA PARA PICADAS (BULTO 12x25) B.P","categoria":"Descartables","subcategoria":"Bandejas Plasticas/Microondas/Picadas","precio":96749.43,"destacado":false,"descripcion":"* (12/12/2025)","imagen":"assets/products/CA-000000043923.webp","tags":["bandeja","con","division","negra","para","picadas","bulto","12x25"]},{"id":"CA-000000043924","nombre":"BANDEJA CON DIVISION NEGRA PARA PICADAS x25 B.P","categoria":"Descartables","subcategoria":"Bandejas Plasticas/Microondas/Picadas","precio":8707.45,"destacado":false,"descripcion":"* (12/12/2025)","imagen":"assets/products/CA-000000043924.webp","tags":["bandeja","con","division","negra","para","picadas","x25"]},{"id":"CA-779429701235","nombre":"BANDEJA COPETIN GRANDE 5 CAVIDADES 27cm x1 1235","categoria":"Descartables","subcategoria":"Bandejas Plasticas/Microondas/Picadas","precio":1780.22,"destacado":false,"descripcion":"","imagen":"assets/products/CA-779429701235.webp","tags":["bandeja","copetin","grande","cavidades","27cm","1235"]},{"id":"CA-000000033932","nombre":"BANDEJA MICROONDAS Nº 102 S RECTANGULAR (BULTO12x100) B.P \"NARAN-PP\"","categoria":"Descartables","subcategoria":"Bandejas Plasticas/Microondas/Picadas","precio":53289.99,"destacado":false,"descripcion":"* (12/12/2025)","imagen":"assets/products/CA-000000033932.webp","tags":["bandeja","microondas","102","rectangular","bulto12x100","naran"]},{"id":"CA-000000033936","nombre":"BANDEJA MICROONDAS Nº 102 S RECTANGULAR x100  B.P \"NARAN-PP\"","categoria":"Descartables","subcategoria":"Bandejas Plasticas/Microondas/Picadas","precio":4796.1,"destacado":false,"descripcion":"* (12/12/2025)","imagen":"assets/products/CA-000000033936.webp","tags":["bandeja","microondas","102","rectangular","x100","naran"]},{"id":"CA-000000033933","nombre":"BANDEJA MICROONDAS Nº 103 S RECTANGULAR  (BULTO6x100) B.P \"NARAN-PP\"","categoria":"Descartables","subcategoria":"Bandejas Plasticas/Microondas/Picadas","precio":38191.16,"destacado":false,"descripcion":"* (12/12/2025)","imagen":"assets/products/CA-000000033933.webp","tags":["bandeja","microondas","103","rectangular","bulto6x100","naran"]},{"id":"CA-000000033937","nombre":"BANDEJA MICROONDAS Nº 103 S RECTANGULAR x 100 B.P \"NARAN-PP\"","categoria":"Descartables","subcategoria":"Bandejas Plasticas/Microondas/Picadas","precio":6874.41,"destacado":false,"descripcion":"* (12/12/2025)","imagen":"assets/products/CA-000000033937.webp","tags":["bandeja","microondas","103","rectangular","100","naran"]},{"id":"CA-000000033934","nombre":"BANDEJA MICROONDAS Nº 105 S OVALADA  (BULTO6x100) B.P \"NARAN-PP\"","categoria":"Descartables","subcategoria":"Bandejas Plasticas/Microondas/Picadas","precio":51069.57,"destacado":false,"descripcion":"* (12/12/2025)","imagen":"assets/products/CA-000000033934.webp","tags":["bandeja","microondas","105","ovalada","bulto6x100","naran"]},{"id":"CA-000000033938","nombre":"BANDEJA MICROONDAS Nº 105 S OVALADA  x100 B.P \"NARAN-PP\"","categoria":"Descartables","subcategoria":"Bandejas Plasticas/Microondas/Picadas","precio":9192.52,"destacado":false,"descripcion":"* (12/12/2025)","imagen":"assets/products/CA-000000033938.webp","tags":["bandeja","microondas","105","ovalada","x100","naran"]},{"id":"CA-000000033935","nombre":"BANDEJA MICROONDAS Nº 107 S RECTANGULAR  (BULTO4x100) B.P \"NARAN-PP\"","categoria":"Descartables","subcategoria":"Bandejas Plasticas/Microondas/Picadas","precio":53882.1,"destacado":false,"descripcion":"* (12/12/2025)","imagen":"assets/products/CA-000000033935.webp","tags":["bandeja","microondas","107","rectangular","bulto4x100","naran"]},{"id":"CA-000000033939","nombre":"BANDEJA MICROONDAS Nº 107 S RECTANGULAR x100 B.P \"NARAN-PP\"","categoria":"Descartables","subcategoria":"Bandejas Plasticas/Microondas/Picadas","precio":14548.17,"destacado":false,"descripcion":"* (12/12/2025)","imagen":"assets/products/CA-000000033939.webp","tags":["bandeja","microondas","107","rectangular","x100","naran"]},{"id":"CA-000000033927","nombre":"BANDEJA PLASTICA Nº 102 L RECTANGULAR  x100 B.P STANDAR \"VER\"","categoria":"Descartables","subcategoria":"Bandejas Plasticas/Microondas/Picadas","precio":3638.16,"destacado":false,"descripcion":"* (12/12/2025)","imagen":"assets/products/CA-000000033927.webp","tags":["bandeja","plastica","102","rectangular","x100","standar","ver"]},{"id":"CA-000000033922","nombre":"BANDEJA PLASTICA Nº 102 L RECTANGULAR (BULTO12x100) B.P STANDAR \"VER\"","categoria":"Descartables","subcategoria":"Bandejas Plasticas/Microondas/Picadas","precio":40423.97,"destacado":false,"descripcion":"* (12/12/2025)","imagen":"assets/products/CA-000000033922.webp","tags":["bandeja","plastica","102","rectangular","bulto12x100","standar","ver"]},{"id":"CA-000000033928","nombre":"BANDEJA PLASTICA Nº 103 L RECTANGULAR  x100 B.P STANDAR \"VER\"","categoria":"Descartables","subcategoria":"Bandejas Plasticas/Microondas/Picadas","precio":4678.68,"destacado":false,"descripcion":"* (12/12/2025)","imagen":"assets/products/CA-000000033928.webp","tags":["bandeja","plastica","103","rectangular","x100","standar","ver"]},{"id":"CA-000000033923","nombre":"BANDEJA PLASTICA Nº 103 L RECTANGULAR (BULTO6x100) B.P STANDAR \"VER\"","categoria":"Descartables","subcategoria":"Bandejas Plasticas/Microondas/Picadas","precio":25992.69,"destacado":false,"descripcion":"* (12/12/2025)","imagen":"assets/products/CA-000000033923.webp","tags":["bandeja","plastica","103","rectangular","bulto6x100","standar","ver"]},{"id":"CA-000000033925","nombre":"BANDEJA PLASTICA Nº 105 L OVALADA  (BULTO6x100) B.P STANDAR \"VER\"","categoria":"Descartables","subcategoria":"Bandejas Plasticas/Microondas/Picadas","precio":35778.18,"destacado":false,"descripcion":"* (12/12/2025)","imagen":"assets/products/CA-000000033925.webp","tags":["bandeja","plastica","105","ovalada","bulto6x100","standar","ver"]},{"id":"CA-000000033930","nombre":"BANDEJA PLASTICA Nº 105 L OVALADA x100 B.P STANDAR \"VER\"","categoria":"Descartables","subcategoria":"Bandejas Plasticas/Microondas/Picadas","precio":6440.07,"destacado":false,"descripcion":"* (12/12/2025)","imagen":"assets/products/CA-000000033930.webp","tags":["bandeja","plastica","105","ovalada","x100","standar","ver"]},{"id":"CA-000000033931","nombre":"BANDEJA PLASTICA Nº 107 L RECTANGULAR  x100 B.P STANDAR \"VER\"","categoria":"Descartables","subcategoria":"Bandejas Plasticas/Microondas/Picadas","precio":12690.55,"destacado":false,"descripcion":"* (12/12/2025)","imagen":"assets/products/CA-000000033931.webp","tags":["bandeja","plastica","107","rectangular","x100","standar","ver"]},{"id":"CA-000000033926","nombre":"BANDEJA PLASTICA Nº 107 L RECTANGULAR (BULTO4x100) B.P STANDAR \"VER\"","categoria":"Descartables","subcategoria":"Bandejas Plasticas/Microondas/Picadas","precio":48252.04,"destacado":false,"descripcion":"* (12/12/2025)","imagen":"assets/products/CA-000000033926.webp","tags":["bandeja","plastica","107","rectangular","bulto4x100","standar","ver"]},{"id":"CA-789600591471","nombre":"BANDEJA PLATEADA LUJO RECTANGULAR 2kg x5 B70","categoria":"Descartables","subcategoria":"Bandejas Plasticas/Microondas/Picadas","precio":8950.5,"destacado":false,"descripcion":"","imagen":"assets/products/CA-789600591471.webp","tags":["bandeja","plateada","lujo","rectangular","2kg","b70"]},{"id":"CA-789600591472","nombre":"BANDEJA PLATEADA LUJO RECTANGULAR 3kg x5 B85","categoria":"Descartables","subcategoria":"Bandejas Plasticas/Microondas/Picadas","precio":13012.65,"destacado":false,"descripcion":"","imagen":"assets/products/CA-789600591472.webp","tags":["bandeja","plateada","lujo","rectangular","3kg","b85"]},{"id":"CA-779809870443","nombre":"BANDEJA RECTANGULAR PLASTICA BLANCA 20x28cm K.V x10 2120BB","categoria":"Descartables","subcategoria":"Bandejas Plasticas/Microondas/Picadas","precio":4043.25,"destacado":false,"descripcion":"","imagen":"assets/products/CA-779809870443.webp","tags":["bandeja","rectangular","plastica","blanca","20x28cm","x10","2120bb"]},{"id":"CA-779809870451","nombre":"BANDEJA RECTANGULAR PLASTICA ROJA 20x28cm K.V x10 2120RR","categoria":"Descartables","subcategoria":"Bandejas Plasticas/Microondas/Picadas","precio":4043.25,"destacado":false,"descripcion":"","imagen":"assets/products/CA-779809870451.webp","tags":["bandeja","rectangular","plastica","roja","20x28cm","x10","2120rr"]},{"id":"CA-779809870210","nombre":"BANDEJA REDONDA PLASTICA 22cm x10u.K.V 1122B/10","categoria":"Descartables","subcategoria":"Bandejas Plasticas/Microondas/Picadas","precio":2492.62,"destacado":false,"descripcion":"","imagen":"assets/products/CA-779809870210.webp","tags":["bandeja","redonda","plastica","22cm","x10u","1122b"]},{"id":"CA-779809870696","nombre":"BANDEJA REDONDA PLASTICA 29cm x10u. K.V 1129B/10","categoria":"Descartables","subcategoria":"Bandejas Plasticas/Microondas/Picadas","precio":5841.94,"destacado":false,"descripcion":"","imagen":"assets/products/CA-779809870696.webp","tags":["bandeja","redonda","plastica","29cm","x10u","1129b"]},{"id":"CA-000000044041","nombre":"BANDEJA TAPA BISAGRA MICROONDAS PP Nº 103 (BULTO 3x100) CP","categoria":"Descartables","subcategoria":"Bandejas Plasticas/Microondas/Picadas","precio":56234.38,"destacado":false,"descripcion":"","imagen":"assets/products/CA-000000044041.webp","tags":["bandeja","tapa","bisagra","microondas","103","bulto","3x100"]},{"id":"CA-000000044042","nombre":"BANDEJA TAPA BISAGRA MICROONDAS PP Nº 103 x100u. CP","categoria":"Descartables","subcategoria":"Bandejas Plasticas/Microondas/Picadas","precio":20244.38,"destacado":false,"descripcion":"","imagen":"assets/products/CA-000000044042.webp","tags":["bandeja","tapa","bisagra","microondas","103","x100u"]},{"id":"CA-000000044043","nombre":"BANDEJA TAPA BISAGRA MICROONDAS PP Nº 105 (BULTO 4x50) CP","categoria":"Descartables","subcategoria":"Bandejas Plasticas/Microondas/Picadas","precio":61346.66,"destacado":false,"descripcion":"","imagen":"assets/products/CA-000000044043.webp","tags":["bandeja","tapa","bisagra","microondas","105","bulto","4x50"]},{"id":"CA-000000044044","nombre":"BANDEJA TAPA BISAGRA MICROONDAS PP Nº 105 x50u. CP","categoria":"Descartables","subcategoria":"Bandejas Plasticas/Microondas/Picadas","precio":16563.6,"destacado":false,"descripcion":"","imagen":"assets/products/CA-000000044044.webp","tags":["bandeja","tapa","bisagra","microondas","105","x50u"]},{"id":"CA-779809870253","nombre":"BOWL CUADRADO NEGRO KV x10 2115N","categoria":"Descartables","subcategoria":"Bandejas Plasticas/Microondas/Picadas","precio":3515.0,"destacado":false,"descripcion":"","imagen":"assets/products/CA-779809870253.webp","tags":["bowl","cuadrado","negro","x10","2115n"]}]}