{"category_slug":"descartables","subcategory_slug":"sorbetes_polipapel_y_biodegradables","page":2,"page_size":48,"total":54,"items":[{"id":"CA-640120650066","nombre":"SORBETE POLIPAPEL METALIZADO IRIDISCENTE ROSA 20cm X 25","categoria":"Descartables","subcategoria":"Sorbetes Polipapel Y Biodegradables","precio":1107.76,"destacado":false,"descripcion":"","imagen":"assets/products/CA-640120650066.webp","tags":["sorbete","polipapel","metalizado","iridiscente","rosa","20cm"]},{"id":"CA-690000135703","nombre":"SORBETE POLIPAPEL METALIZADO VIOLETA 20cm x25 1357","categoria":"Descartables","subcategoria":"Sorbetes Polipapel Y Biodegradables","precio":937.25,"destacado":false,"descripcion":"","imagen":"assets/products/CA-690000135703.webp","tags":["sorbete","polipapel","metalizado","violeta","20cm","x25","1357"]},{"id":"CA-640120250999","nombre":"SORBETE POLIPAPEL MULTICOLOR LISOS/FLUO CBX Nº999 20cm x25","categoria":"Descartables","subcategoria":"Sorbetes Polipapel Y Biodegradables","precio":937.66,"destacado":false,"descripcion":"","imagen":"assets/products/CA-640120250999.webp","tags":["sorbete","polipapel","multicolor","lisos","fluo","cbx","nº999","20cm","x25"]},{"id":"CA-640120251140","nombre":"SORBETE POLIPAPEL RAYADO METAL NEGRO C/PLATEADO CBX Nº1140 20cm x25","categoria":"Descartables","subcategoria":"Sorbetes Polipapel Y Biodegradables","precio":937.66,"destacado":false,"descripcion":"","imagen":"assets/products/CA-640120251140.webp","tags":["sorbete","polipapel","rayado","metal","negro","plateado","cbx","nº1140","20cm","x25"]},{"id":"CA-640120252002","nombre":"SORBETE POLIPAPEL ROJO LUNAR BLANCO CBX Nº2002 20 x25","categoria":"Descartables","subcategoria":"Sorbetes Polipapel Y Biodegradables","precio":851.15,"destacado":false,"descripcion":"","imagen":"assets/products/CA-640120252002.webp","tags":["sorbete","polipapel","rojo","lunar","blanco","cbx","nº2002","x25"]},{"id":"CA-640120252006","nombre":"SORBETE POLIPAPEL ROSA LUNAR BLANCO CBX Nº2006 20cm x25","categoria":"Descartables","subcategoria":"Sorbetes Polipapel Y Biodegradables","precio":851.15,"destacado":false,"descripcion":"","imagen":"assets/products/CA-640120252006.webp","tags":["sorbete","polipapel","rosa","lunar","blanco","cbx","nº2006","20cm","x25"]}]}