{"category_slug":"descartables","subcategory_slug":"sorbetes_polipapel_y_biodegradables","page":1,"page_size":48,"total":54,"items":[{"id":"CA-000000042671","nombre":"SORBETE BIODEGRADABLE CON FUNDA A GRANEL SUR x1000 01","categoria":"Descartables","subcategoria":"Sorbetes Polipapel Y Biodegradables","precio":4894.5,"destacado":false,"descripcion":"","imagen":"assets/products/CA-000000042671.webp","tags":["sorbete","biodegradable","con","funda","granel","sur","x1000"]},{"id":"CA-072475102475","nombre":"SORBETE BIODEGRADABLE NEGRO SIN FUNDA A GRANEL SUR x1000 07","categoria":"Descartables","subcategoria":"Sorbetes Polipapel Y Biodegradables","precio":4687.2,"destacado":false,"descripcion":"","imagen":"assets/products/CA-072475102475.webp","tags":["sorbete","biodegradable","negro","sin","funda","granel","sur","x1000"]},{"id":"CA-000000057549","nombre":"SORBETE BIODEGRADABLE NEGRO SIN FUNDA A GRANEL x1000 7041","categoria":"Descartables","subcategoria":"Sorbetes Polipapel Y Biodegradables","precio":4847.85,"destacado":false,"descripcion":"","imagen":"assets/products/CA-000000057549.webp","tags":["sorbete","biodegradable","negro","sin","funda","granel","x1000","7041"]},{"id":"CA-779138800045","nombre":"SORBETE BIODEGRADABLE SIN FUNDA VARIOS COLORES X 100 35","categoria":"Descartables","subcategoria":"Sorbetes Polipapel Y Biodegradables","precio":708.75,"destacado":false,"descripcion":"","imagen":"assets/products/CA-779138800045.webp","tags":["sorbete","biodegradable","sin","funda","varios","colores","100"]},{"id":"CA-202562000949","nombre":"SORBETE CON FORMA ANIMALITOS SELVA   X5 FP0949-02","categoria":"Descartables","subcategoria":"Sorbetes Polipapel Y Biodegradables","precio":2926.0,"destacado":false,"descripcion":"","imagen":"assets/products/CA-202562000949.webp","tags":["sorbete","con","forma","animalitos","selva","fp0949"]},{"id":"CA-202563000949","nombre":"SORBETE CON FORMA AUTO CARRERA X5 FP0949-03","categoria":"Descartables","subcategoria":"Sorbetes Polipapel Y Biodegradables","precio":2926.0,"destacado":false,"descripcion":"","imagen":"assets/products/CA-202563000949.webp","tags":["sorbete","con","forma","auto","carrera","fp0949"]},{"id":"CA-202560600949","nombre":"SORBETE CON FORMA DINOSAURIOS SURTIDOS  X5 FP0949-06","categoria":"Descartables","subcategoria":"Sorbetes Polipapel Y Biodegradables","precio":2926.0,"destacado":false,"descripcion":"","imagen":"assets/products/CA-202560600949.webp","tags":["sorbete","con","forma","dinosaurios","surtidos","fp0949"]},{"id":"CA-779000021346","nombre":"SORBETE CON FORMA EMOJIS x4 CD26284","categoria":"Descartables","subcategoria":"Sorbetes Polipapel Y Biodegradables","precio":2340.0,"destacado":false,"descripcion":"","imagen":"assets/products/CA-779000021346.webp","tags":["sorbete","con","forma","emojis","cd26284"]},{"id":"CA-202560500949","nombre":"SORBETE CON FORMA FRUTAS  X5 FP0949-05","categoria":"Descartables","subcategoria":"Sorbetes Polipapel Y Biodegradables","precio":2926.0,"destacado":false,"descripcion":"","imagen":"assets/products/CA-202560500949.webp","tags":["sorbete","con","forma","frutas","fp0949"]},{"id":"CA-779000021347","nombre":"SORBETE CON FORMA FRUTAS x4 CD26285","categoria":"Descartables","subcategoria":"Sorbetes Polipapel Y Biodegradables","precio":2340.0,"destacado":false,"descripcion":"","imagen":"assets/products/CA-779000021347.webp","tags":["sorbete","con","forma","frutas","cd26285"]},{"id":"CA-779000021348","nombre":"SORBETE CON FORMA FRUTAS x4 CD26286","categoria":"Descartables","subcategoria":"Sorbetes Polipapel Y Biodegradables","precio":2340.0,"destacado":false,"descripcion":"","imagen":"assets/products/CA-779000021348.webp","tags":["sorbete","con","forma","frutas","cd26286"]},{"id":"CA-202560000949","nombre":"SORBETE CON FORMA NUBES Y ARCO IRIS X5 FP0949-01","categoria":"Descartables","subcategoria":"Sorbetes Polipapel Y Biodegradables","precio":2926.0,"destacado":false,"descripcion":"","imagen":"assets/products/CA-202560000949.webp","tags":["sorbete","con","forma","nubes","arco","iris","fp0949"]},{"id":"CA-202564000949","nombre":"SORBETE CON FORMA PECES SURTIDOS  X5 FP0949-04","categoria":"Descartables","subcategoria":"Sorbetes Polipapel Y Biodegradables","precio":2926.0,"destacado":false,"descripcion":"","imagen":"assets/products/CA-202564000949.webp","tags":["sorbete","con","forma","peces","surtidos","fp0949"]},{"id":"CA-000000028589","nombre":"SORBETE CON FUNDA A GRANEL FRESH x1000 art.7022","categoria":"Descartables","subcategoria":"Sorbetes Polipapel Y Biodegradables","precio":5925.15,"destacado":false,"descripcion":"","imagen":"assets/products/CA-000000028589.webp","tags":["sorbete","con","funda","granel","fresh","x1000","art","7022"]},{"id":"CA-000000048686","nombre":"SORBETE FLEXIBLE BIODEGRADABLE AMARILLO PASTEL X80 u. 5052","categoria":"Descartables","subcategoria":"Sorbetes Polipapel Y Biodegradables","precio":1646.73,"destacado":false,"descripcion":"","imagen":"assets/products/CA-000000048686.webp","tags":["sorbete","flexible","biodegradable","amarillo","pastel","x80","5052"]},{"id":"CA-000000048688","nombre":"SORBETE FLEXIBLE BIODEGRADABLE CELESTE PASTEL X80 u. 5052","categoria":"Descartables","subcategoria":"Sorbetes Polipapel Y Biodegradables","precio":1646.73,"destacado":false,"descripcion":"","imagen":"assets/products/CA-000000048688.webp","tags":["sorbete","flexible","biodegradable","celeste","pastel","x80","5052"]},{"id":"CA-000000048687","nombre":"SORBETE FLEXIBLE BIODEGRADABLE LILA PASTEL X80 u.5052","categoria":"Descartables","subcategoria":"Sorbetes Polipapel Y Biodegradables","precio":1646.73,"destacado":false,"descripcion":"","imagen":"assets/products/CA-000000048687.webp","tags":["sorbete","flexible","biodegradable","lila","pastel","x80","5052"]},{"id":"CA-000000048689","nombre":"SORBETE FLEXIBLE BIODEGRADABLE ROSA PASTEL X80 u. 5052","categoria":"Descartables","subcategoria":"Sorbetes Polipapel Y Biodegradables","precio":1646.73,"destacado":false,"descripcion":"","imagen":"assets/products/CA-000000048689.webp","tags":["sorbete","flexible","biodegradable","rosa","pastel","x80","5052"]},{"id":"CA-000000048690","nombre":"SORBETE FLEXIBLE BIODEGRADABLE VERDE AQUA PASTEL X80 u.5052","categoria":"Descartables","subcategoria":"Sorbetes Polipapel Y Biodegradables","precio":1646.73,"destacado":false,"descripcion":"","imagen":"assets/products/CA-000000048690.webp","tags":["sorbete","flexible","biodegradable","verde","aqua","pastel","x80","5052"]},{"id":"CA-000000041658","nombre":"SORBETE FLEXIBLE FLUO BIODEGRADABLE AMARILLO X80 u.ART.5050","categoria":"Descartables","subcategoria":"Sorbetes Polipapel Y Biodegradables","precio":1320.98,"destacado":false,"descripcion":"","imagen":"assets/products/CA-000000041658.webp","tags":["sorbete","flexible","fluo","biodegradable","amarillo","x80","art","5050"]},{"id":"CA-000000041661","nombre":"SORBETE FLEXIBLE FLUO BIODEGRADABLE FUCSIA/ROSA X80 u.ART.5050","categoria":"Descartables","subcategoria":"Sorbetes Polipapel Y Biodegradables","precio":1320.98,"destacado":false,"descripcion":"","imagen":"assets/products/CA-000000041661.webp","tags":["sorbete","flexible","fluo","biodegradable","fucsia","rosa","x80","art","5050"]},{"id":"CA-000000041659","nombre":"SORBETE FLEXIBLE FLUO BIODEGRADABLE NARANJA X80 u.ART.5050","categoria":"Descartables","subcategoria":"Sorbetes Polipapel Y Biodegradables","precio":1320.98,"destacado":false,"descripcion":"","imagen":"assets/products/CA-000000041659.webp","tags":["sorbete","flexible","fluo","biodegradable","naranja","x80","art","5050"]},{"id":"CA-000000041660","nombre":"SORBETE FLEXIBLE FLUO BIODEGRADABLE VERDE X80 u.ART.5050","categoria":"Descartables","subcategoria":"Sorbetes Polipapel Y Biodegradables","precio":1320.98,"destacado":false,"descripcion":"","imagen":"assets/products/CA-000000041660.webp","tags":["sorbete","flexible","fluo","biodegradable","verde","x80","art","5050"]},{"id":"CA-000000048910","nombre":"SORBETE MULTIUSO BIODEGRADABLE LILA PASTEL 22cm x40 (SORB.-AGITA.-CUCH.) 5002","categoria":"Descartables","subcategoria":"Sorbetes Polipapel Y Biodegradables","precio":1490.27,"destacado":false,"descripcion":"","imagen":"assets/products/CA-000000048910.webp","tags":["sorbete","multiuso","biodegradable","lila","pastel","22cm","x40","sorb","agita","cuch","5002"]},{"id":"CA-000000041662","nombre":"SORBETE MULTIUSO BIODEGRADABLE NEGRO 22cm x40 (SORB.-AGITA.-CUCH.) art.5000","categoria":"Descartables","subcategoria":"Sorbetes Polipapel Y Biodegradables","precio":1256.85,"destacado":false,"descripcion":"","imagen":"assets/products/CA-000000041662.webp","tags":["sorbete","multiuso","biodegradable","negro","22cm","x40","sorb","agita","cuch","art","5000"]},{"id":"CA-000000048906","nombre":"SORBETE MULTIUSO BIODEGRADABLE ROSA PASTEL 22cm x40 (SORB.-AGITA.-CUCH.) 5002","categoria":"Descartables","subcategoria":"Sorbetes Polipapel Y Biodegradables","precio":1490.27,"destacado":false,"descripcion":"","imagen":"assets/products/CA-000000048906.webp","tags":["sorbete","multiuso","biodegradable","rosa","pastel","22cm","x40","sorb","agita","cuch","5002"]},{"id":"CA-000000048908","nombre":"SORBETE MULTIUSO BIODEGRADABLE VERDE AQUA PASTEL 22cm x40 (SORB.-AGITA.-CUCH.)","categoria":"Descartables","subcategoria":"Sorbetes Polipapel Y Biodegradables","precio":1490.27,"destacado":false,"descripcion":"","imagen":"assets/products/CA-000000048908.webp","tags":["sorbete","multiuso","biodegradable","verde","aqua","pastel","22cm","x40","sorb","agita","cuch"]},{"id":"CA-640120252016","nombre":"SORBETE POLIPAPEL AMARILLO LUNAR BLANCO CBX Nº2016 20 x25","categoria":"Descartables","subcategoria":"Sorbetes Polipapel Y Biodegradables","precio":851.15,"destacado":false,"descripcion":"","imagen":"assets/products/CA-640120252016.webp","tags":["sorbete","polipapel","amarillo","lunar","blanco","cbx","nº2016","x25"]},{"id":"CA-640120251516","nombre":"SORBETE POLIPAPEL AZUL CON RAYAS AMARILLAS CBX Nº1516 20cm x25","categoria":"Descartables","subcategoria":"Sorbetes Polipapel Y Biodegradables","precio":851.15,"destacado":false,"descripcion":"","imagen":"assets/products/CA-640120251516.webp","tags":["sorbete","polipapel","azul","con","rayas","amarillas","cbx","nº1516","20cm","x25"]},{"id":"CA-640120251016","nombre":"SORBETE POLIPAPEL BLANCO CON RAYAS AMARILLAS CBX Nº12 20 cm x25","categoria":"Descartables","subcategoria":"Sorbetes Polipapel Y Biodegradables","precio":851.15,"destacado":false,"descripcion":"","imagen":"assets/products/CA-640120251016.webp","tags":["sorbete","polipapel","blanco","con","rayas","amarillas","cbx","nº12","x25"]},{"id":"CA-640120251003","nombre":"SORBETE POLIPAPEL BLANCO CON RAYAS CELESTE CBX Nº1003 20cm x25","categoria":"Descartables","subcategoria":"Sorbetes Polipapel Y Biodegradables","precio":851.15,"destacado":false,"descripcion":"","imagen":"assets/products/CA-640120251003.webp","tags":["sorbete","polipapel","blanco","con","rayas","celeste","cbx","nº1003","20cm","x25"]},{"id":"CA-640120251017","nombre":"SORBETE POLIPAPEL BLANCO CON RAYAS FUCSIA CBX Nº1017 20cm x25","categoria":"Descartables","subcategoria":"Sorbetes Polipapel Y Biodegradables","precio":851.15,"destacado":false,"descripcion":"","imagen":"assets/products/CA-640120251017.webp","tags":["sorbete","polipapel","blanco","con","rayas","fucsia","cbx","nº1017","20cm","x25"]},{"id":"CA-640120251013","nombre":"SORBETE POLIPAPEL BLANCO CON RAYAS LILA CBX Nº1013 20cm x25","categoria":"Descartables","subcategoria":"Sorbetes Polipapel Y Biodegradables","precio":851.15,"destacado":false,"descripcion":"","imagen":"assets/products/CA-640120251013.webp","tags":["sorbete","polipapel","blanco","con","rayas","lila","cbx","nº1013","20cm","x25"]},{"id":"CA-640120251002","nombre":"SORBETE POLIPAPEL BLANCO CON RAYAS ROJAS CBX Nº6 20 cm x25","categoria":"Descartables","subcategoria":"Sorbetes Polipapel Y Biodegradables","precio":851.15,"destacado":false,"descripcion":"","imagen":"assets/products/CA-640120251002.webp","tags":["sorbete","polipapel","blanco","con","rayas","rojas","cbx","nº6","x25"]},{"id":"CA-640120251006","nombre":"SORBETE POLIPAPEL BLANCO CON RAYAS ROSAS CBX Nº1006 20cm  x25","categoria":"Descartables","subcategoria":"Sorbetes Polipapel Y Biodegradables","precio":851.15,"destacado":false,"descripcion":"","imagen":"assets/products/CA-640120251006.webp","tags":["sorbete","polipapel","blanco","con","rayas","rosas","cbx","nº1006","20cm","x25"]},{"id":"CA-640120251020","nombre":"SORBETE POLIPAPEL BLANCO CON RAYAS V.MANZANA CBX Nº1020 20cm x25","categoria":"Descartables","subcategoria":"Sorbetes Polipapel Y Biodegradables","precio":851.15,"destacado":false,"descripcion":"","imagen":"assets/products/CA-640120251020.webp","tags":["sorbete","polipapel","blanco","con","rayas","manzana","cbx","nº1020","20cm","x25"]},{"id":"CA-640120252003","nombre":"SORBETE POLIPAPEL CELESTE LUNAR BLANCO CBX Nº2003 20 x25","categoria":"Descartables","subcategoria":"Sorbetes Polipapel Y Biodegradables","precio":851.15,"destacado":false,"descripcion":"","imagen":"assets/products/CA-640120252003.webp","tags":["sorbete","polipapel","celeste","lunar","blanco","cbx","nº2003","x25"]},{"id":"CA-000000051556","nombre":"SORBETE POLIPAPEL FANTASIA VARIOS MODELOS CBX 20 x25u.","categoria":"Descartables","subcategoria":"Sorbetes Polipapel Y Biodegradables","precio":756.58,"destacado":false,"descripcion":"","imagen":"assets/products/CA-000000051556.webp","tags":["sorbete","polipapel","fantasia","varios","modelos","cbx","x25u"]},{"id":"CA-640120252017","nombre":"SORBETE POLIPAPEL FUCSIA LUNAR BLANCO CBX Nº2017 20 x25","categoria":"Descartables","subcategoria":"Sorbetes Polipapel Y Biodegradables","precio":851.15,"destacado":false,"descripcion":"","imagen":"assets/products/CA-640120252017.webp","tags":["sorbete","polipapel","fucsia","lunar","blanco","cbx","nº2017","x25"]},{"id":"CA-640120550001","nombre":"SORBETE POLIPAPEL GOURMET BIODEGRADABLE BLANCO Nº1 CBX 20cm x 200 UNIDADES","categoria":"Descartables","subcategoria":"Sorbetes Polipapel Y Biodegradables","precio":4260.6,"destacado":false,"descripcion":"","imagen":"assets/products/CA-640120550001.webp","tags":["sorbete","polipapel","gourmet","biodegradable","blanco","nº1","cbx","20cm","200","unidades"]},{"id":"CA-640120380001","nombre":"SORBETE POLIPAPEL GOURMET BIODEGRADABLE BLANCO Nº1 CBX 20cm x200 UNIDADES","categoria":"Descartables","subcategoria":"Sorbetes Polipapel Y Biodegradables","precio":4260.6,"destacado":false,"descripcion":"","imagen":"assets/products/CA-640120380001.webp","tags":["sorbete","polipapel","gourmet","biodegradable","blanco","nº1","cbx","20cm","x200","unidades"]},{"id":"CA-640120570999","nombre":"SORBETE POLIPAPEL GOURMET BIODEGRADABLE MULTICOLOR CBX 20cm x 200 UNIDADES","categoria":"Descartables","subcategoria":"Sorbetes Polipapel Y Biodegradables","precio":4485.24,"destacado":false,"descripcion":"","imagen":"assets/products/CA-640120570999.webp","tags":["sorbete","polipapel","gourmet","biodegradable","multicolor","cbx","20cm","200","unidades"]},{"id":"CA-640120560014","nombre":"SORBETE POLIPAPEL GOURMET BIODEGRADABLE NEGRO CBX 20cm x200 UNIDADES","categoria":"Descartables","subcategoria":"Sorbetes Polipapel Y Biodegradables","precio":4257.36,"destacado":false,"descripcion":"","imagen":"assets/products/CA-640120560014.webp","tags":["sorbete","polipapel","gourmet","biodegradable","negro","cbx","20cm","x200","unidades"]},{"id":"CA-640120571999","nombre":"SORBETE POLIPAPEL GOURMET BIODEGRADABLE RAYADO MULTICOLOR CBX 20cm x200 UNIDADES","categoria":"Descartables","subcategoria":"Sorbetes Polipapel Y Biodegradables","precio":4485.24,"destacado":false,"descripcion":"","imagen":"assets/products/CA-640120571999.webp","tags":["sorbete","polipapel","gourmet","biodegradable","rayado","multicolor","cbx","20cm","x200","unidades"]},{"id":"CA-690000135711","nombre":"SORBETE POLIPAPEL IRIDISCENTE PLATEADO 20cm x25 1357","categoria":"Descartables","subcategoria":"Sorbetes Polipapel Y Biodegradables","precio":937.25,"destacado":false,"descripcion":"","imagen":"assets/products/CA-690000135711.webp","tags":["sorbete","polipapel","iridiscente","plateado","20cm","x25","1357"]},{"id":"CA-640120252013","nombre":"SORBETE POLIPAPEL LILA LUNAR BLANCO CBX Nº2013 20 x25","categoria":"Descartables","subcategoria":"Sorbetes Polipapel Y Biodegradables","precio":851.15,"destacado":false,"descripcion":"","imagen":"assets/products/CA-640120252013.webp","tags":["sorbete","polipapel","lila","lunar","blanco","cbx","nº2013","x25"]},{"id":"CA-690000135718","nombre":"SORBETE POLIPAPEL METALIZADO FUCSIA 20cm x25 1357","categoria":"Descartables","subcategoria":"Sorbetes Polipapel Y Biodegradables","precio":937.25,"destacado":false,"descripcion":"","imagen":"assets/products/CA-690000135718.webp","tags":["sorbete","polipapel","metalizado","fucsia","20cm","x25","1357"]},{"id":"CA-640120650000","nombre":"SORBETE POLIPAPEL METALIZADO IRIDISCENTE 20cm X 25","categoria":"Descartables","subcategoria":"Sorbetes Polipapel Y Biodegradables","precio":1107.76,"destacado":false,"descripcion":"","imagen":"assets/products/CA-640120650000.webp","tags":["sorbete","polipapel","metalizado","iridiscente","20cm"]}]}