{"category_slug":"descartables","subcategory_slug":"","page":22,"page_size":48,"total":1365,"items":[{"id":"CA-779842285091","nombre":"SERVILLETA FLUO FUCSIA x20u. C.O","categoria":"Descartables","subcategoria":"Servilletas/Servilletas Decoupage","precio":1192.3,"destacado":false,"descripcion":"","imagen":"assets/products/CA-779842285091.webp","tags":["servilleta","fluo","fucsia","x20u"]},{"id":"CA-779842285093","nombre":"SERVILLETA FLUO NARANJA x20u. C.O","categoria":"Descartables","subcategoria":"Servilletas/Servilletas Decoupage","precio":1192.3,"destacado":false,"descripcion":"","imagen":"assets/products/CA-779842285093.webp","tags":["servilleta","fluo","naranja","x20u"]},{"id":"CA-779842285092","nombre":"SERVILLETA FLUO VERDE x20u. C.O","categoria":"Descartables","subcategoria":"Servilletas/Servilletas Decoupage","precio":1192.3,"destacado":false,"descripcion":"","imagen":"assets/products/CA-779842285092.webp","tags":["servilleta","fluo","verde","x20u"]},{"id":"CA-698720257632","nombre":"SERVILLETA IMPORTADA ARABESCO NEGRA x20u GR76-32","categoria":"Descartables","subcategoria":"Servilletas/Servilletas Decoupage","precio":1451.25,"destacado":false,"descripcion":"","imagen":"assets/products/CA-698720257632.webp","tags":["servilleta","importada","arabesco","negra","x20u","gr76"]},{"id":"CA-698720257603","nombre":"SERVILLETA IMPORTADA CON STAMPING COMUNION x12u GR76-3","categoria":"Descartables","subcategoria":"Servilletas/Servilletas Decoupage","precio":1723.36,"destacado":false,"descripcion":"","imagen":"assets/products/CA-698720257603.webp","tags":["servilleta","importada","con","stamping","comunion","x12u","gr76"]},{"id":"CA-698720257622","nombre":"SERVILLETA IMPORTADA CON STAMPING FELIZ CUMPLE DORADA  x12u GR76-22","categoria":"Descartables","subcategoria":"Servilletas/Servilletas Decoupage","precio":1723.36,"destacado":false,"descripcion":"","imagen":"assets/products/CA-698720257622.webp","tags":["servilleta","importada","con","stamping","feliz","cumple","dorada","x12u","gr76"]},{"id":"CA-698720257601","nombre":"SERVILLETA IMPORTADA CON STAMPING FELIZ CUMPLE TORNASOLADA x12u GR76-1","categoria":"Descartables","subcategoria":"Servilletas/Servilletas Decoupage","precio":1814.06,"destacado":false,"descripcion":"","imagen":"assets/products/CA-698720257601.webp","tags":["servilleta","importada","con","stamping","feliz","cumple","tornasolada","x12u","gr76"]},{"id":"CA-698720257636","nombre":"SERVILLETA IMPORTADA HOJAS TROPICALES x20u GR76-36","categoria":"Descartables","subcategoria":"Servilletas/Servilletas Decoupage","precio":1451.25,"destacado":false,"descripcion":"","imagen":"assets/products/CA-698720257636.webp","tags":["servilleta","importada","hojas","tropicales","x20u","gr76"]},{"id":"CA-693571806102","nombre":"SERVILLETA IMPORTADA MARIPOSAS Y FLORES x20u GR76-46","categoria":"Descartables","subcategoria":"Servilletas/Servilletas Decoupage","precio":1587.3,"destacado":false,"descripcion":"","imagen":"assets/products/CA-693571806102.webp","tags":["servilleta","importada","mariposas","flores","x20u","gr76"]},{"id":"CA-779842285422","nombre":"SERVILLETA MOSTAZA x20u. C.O","categoria":"Descartables","subcategoria":"Servilletas/Servilletas Decoupage","precio":1192.3,"destacado":false,"descripcion":"","imagen":"assets/products/CA-779842285422.webp","tags":["servilleta","mostaza","x20u"]},{"id":"CA-779842285096","nombre":"SERVILLETA RAYADA DORADA x20u. C.O","categoria":"Descartables","subcategoria":"Servilletas/Servilletas Decoupage","precio":1192.3,"destacado":false,"descripcion":"","imagen":"assets/products/CA-779842285096.webp","tags":["servilleta","rayada","dorada","x20u"]},{"id":"CA-779842285097","nombre":"SERVILLETA RAYADA PLATEADA x20u. C.O","categoria":"Descartables","subcategoria":"Servilletas/Servilletas Decoupage","precio":1192.3,"destacado":false,"descripcion":"","imagen":"assets/products/CA-779842285097.webp","tags":["servilleta","rayada","plateada","x20u"]},{"id":"CA-779842285425","nombre":"SERVILLETA TERRACOTA x20u. C.O","categoria":"Descartables","subcategoria":"Servilletas/Servilletas Decoupage","precio":1192.3,"destacado":false,"descripcion":"","imagen":"assets/products/CA-779842285425.webp","tags":["servilleta","terracota","x20u"]},{"id":"CA-000000046599","nombre":"SERVILLETA TISSUE CORAZONES ROJOS NAPTRES 32x32 (BULTO 48x20u.)","categoria":"Descartables","subcategoria":"Servilletas/Servilletas Decoupage","precio":30600.13,"destacado":false,"descripcion":"","imagen":"assets/products/CA-000000046599.webp","tags":["servilleta","tissue","corazones","rojos","naptres","32x32","bulto","48x20u"]},{"id":"CA-000000043816","nombre":"SERVILLETA TISSUE CORAZONES ROJOS NAPTRES 32x32 x20u.","categoria":"Descartables","subcategoria":"Servilletas/Servilletas Decoupage","precio":688.5,"destacado":false,"descripcion":"","imagen":"assets/products/CA-000000043816.webp","tags":["servilleta","tissue","corazones","rojos","naptres","32x32","x20u"]},{"id":"CA-000000050465","nombre":"SERVILLETA TISSUE EGRESADOS NAPTRES 32x32 (BULTO 48x20u.)","categoria":"Descartables","subcategoria":"Servilletas/Servilletas Decoupage","precio":30600.13,"destacado":false,"descripcion":"","imagen":"assets/products/CA-000000050465.webp","tags":["servilleta","tissue","egresados","naptres","32x32","bulto","48x20u"]},{"id":"CA-000000050466","nombre":"SERVILLETA TISSUE EGRESADOS NAPTRES 32x32 x20u.","categoria":"Descartables","subcategoria":"Servilletas/Servilletas Decoupage","precio":688.5,"destacado":false,"descripcion":"","imagen":"assets/products/CA-000000050466.webp","tags":["servilleta","tissue","egresados","naptres","32x32","x20u"]},{"id":"CA-000000046605","nombre":"SERVILLETA TISSUE FELIZ CUMPLE MULTICOLOR NAPTRES 32x32 (BULTO 48x20u.)","categoria":"Descartables","subcategoria":"Servilletas/Servilletas Decoupage","precio":30600.13,"destacado":false,"descripcion":"","imagen":"assets/products/CA-000000046605.webp","tags":["servilleta","tissue","feliz","cumple","multicolor","naptres","32x32","bulto","48x20u"]},{"id":"CA-000000044005","nombre":"SERVILLETA TISSUE FELIZ CUMPLE MULTICOLOR NAPTRES 32x32 x20u.","categoria":"Descartables","subcategoria":"Servilletas/Servilletas Decoupage","precio":688.5,"destacado":false,"descripcion":"","imagen":"assets/products/CA-000000044005.webp","tags":["servilleta","tissue","feliz","cumple","multicolor","naptres","32x32","x20u"]},{"id":"CA-000000046614","nombre":"SERVILLETA TISSUE LISA AGUAMARINA NAPTRES 32x32 (BULTO 48x20u.)","categoria":"Descartables","subcategoria":"Servilletas/Servilletas Decoupage","precio":30600.13,"destacado":false,"descripcion":"","imagen":"assets/products/CA-000000046614.webp","tags":["servilleta","tissue","lisa","aguamarina","naptres","32x32","bulto","48x20u"]},{"id":"CA-000000043621","nombre":"SERVILLETA TISSUE LISA AGUAMARINA NAPTRES 32x32 x20","categoria":"Descartables","subcategoria":"Servilletas/Servilletas Decoupage","precio":688.5,"destacado":false,"descripcion":"","imagen":"assets/products/CA-000000043621.webp","tags":["servilleta","tissue","lisa","aguamarina","naptres","32x32","x20"]},{"id":"CA-000000050647","nombre":"SERVILLETA TISSUE LISA AMARILLA NAPTRES 32x32 (BULTO 48x20u.)","categoria":"Descartables","subcategoria":"Servilletas/Servilletas Decoupage","precio":30600.13,"destacado":false,"descripcion":"","imagen":"assets/products/CA-000000050647.webp","tags":["servilleta","tissue","lisa","amarilla","naptres","32x32","bulto","48x20u"]},{"id":"CA-000000050648","nombre":"SERVILLETA TISSUE LISA AMARILLA NAPTRES 32x32 x20u.","categoria":"Descartables","subcategoria":"Servilletas/Servilletas Decoupage","precio":688.5,"destacado":false,"descripcion":"","imagen":"assets/products/CA-000000050648.webp","tags":["servilleta","tissue","lisa","amarilla","naptres","32x32","x20u"]},{"id":"CA-000000046609","nombre":"SERVILLETA TISSUE LISA AZUL NAPTRES 32x32 (BULTO 48x20u.)","categoria":"Descartables","subcategoria":"Servilletas/Servilletas Decoupage","precio":30600.13,"destacado":false,"descripcion":"","imagen":"assets/products/CA-000000046609.webp","tags":["servilleta","tissue","lisa","azul","naptres","32x32","bulto","48x20u"]},{"id":"CA-000000043626","nombre":"SERVILLETA TISSUE LISA AZUL NAPTRES 32x32 x20","categoria":"Descartables","subcategoria":"Servilletas/Servilletas Decoupage","precio":688.5,"destacado":false,"descripcion":"","imagen":"assets/products/CA-000000043626.webp","tags":["servilleta","tissue","lisa","azul","naptres","32x32","x20"]},{"id":"CA-000000051490","nombre":"SERVILLETA TISSUE LISA CELESTE NAPTRES 32x32 (BULTO 48x20u.)","categoria":"Descartables","subcategoria":"Servilletas/Servilletas Decoupage","precio":30600.13,"destacado":false,"descripcion":"","imagen":"assets/products/CA-000000051490.webp","tags":["servilleta","tissue","lisa","celeste","naptres","32x32","bulto","48x20u"]},{"id":"CA-000000051491","nombre":"SERVILLETA TISSUE LISA CELESTE NAPTRES 32x32 x20","categoria":"Descartables","subcategoria":"Servilletas/Servilletas Decoupage","precio":688.5,"destacado":false,"descripcion":"","imagen":"assets/products/CA-000000051491.webp","tags":["servilleta","tissue","lisa","celeste","naptres","32x32","x20"]},{"id":"CA-000000046610","nombre":"SERVILLETA TISSUE LISA CORAL NAPTRES 32x32 (BULTO 48x20 u.)","categoria":"Descartables","subcategoria":"Servilletas/Servilletas Decoupage","precio":30600.13,"destacado":false,"descripcion":"","imagen":"assets/products/CA-000000046610.webp","tags":["servilleta","tissue","lisa","coral","naptres","32x32","bulto","48x20"]},{"id":"CA-000000043630","nombre":"SERVILLETA TISSUE LISA CORAL NAPTRES 32x32 x20","categoria":"Descartables","subcategoria":"Servilletas/Servilletas Decoupage","precio":688.5,"destacado":false,"descripcion":"","imagen":"assets/products/CA-000000043630.webp","tags":["servilleta","tissue","lisa","coral","naptres","32x32","x20"]},{"id":"CA-000000046611","nombre":"SERVILLETA TISSUE LISA FUCSIA NAPTRES 32x32 (BULTO 48x20u.)","categoria":"Descartables","subcategoria":"Servilletas/Servilletas Decoupage","precio":30600.13,"destacado":false,"descripcion":"","imagen":"assets/products/CA-000000046611.webp","tags":["servilleta","tissue","lisa","fucsia","naptres","32x32","bulto","48x20u"]},{"id":"CA-000000043617","nombre":"SERVILLETA TISSUE LISA FUCSIA NAPTRES 32x32 x20","categoria":"Descartables","subcategoria":"Servilletas/Servilletas Decoupage","precio":688.5,"destacado":false,"descripcion":"","imagen":"assets/products/CA-000000043617.webp","tags":["servilleta","tissue","lisa","fucsia","naptres","32x32","x20"]},{"id":"CA-000000047428","nombre":"SERVILLETA TISSUE LISA GRIS NAPTRES 32x32 (BULTO 48x20u.)","categoria":"Descartables","subcategoria":"Servilletas/Servilletas Decoupage","precio":30600.13,"destacado":false,"descripcion":"","imagen":"assets/products/CA-000000047428.webp","tags":["servilleta","tissue","lisa","gris","naptres","32x32","bulto","48x20u"]},{"id":"CA-000000047429","nombre":"SERVILLETA TISSUE LISA GRIS NAPTRES 32x32 x20u","categoria":"Descartables","subcategoria":"Servilletas/Servilletas Decoupage","precio":688.5,"destacado":false,"descripcion":"","imagen":"assets/products/CA-000000047429.webp","tags":["servilleta","tissue","lisa","gris","naptres","32x32","x20u"]},{"id":"CA-000000046612","nombre":"SERVILLETA TISSUE LISA NEGRA NAPTRES 32x32 (BULTO 48x20u.)","categoria":"Descartables","subcategoria":"Servilletas/Servilletas Decoupage","precio":30600.13,"destacado":false,"descripcion":"","imagen":"assets/products/CA-000000046612.webp","tags":["servilleta","tissue","lisa","negra","naptres","32x32","bulto","48x20u"]},{"id":"CA-000000043627","nombre":"SERVILLETA TISSUE LISA NEGRA NAPTRES 32x32 x20","categoria":"Descartables","subcategoria":"Servilletas/Servilletas Decoupage","precio":688.5,"destacado":false,"descripcion":"","imagen":"assets/products/CA-000000043627.webp","tags":["servilleta","tissue","lisa","negra","naptres","32x32","x20"]},{"id":"CA-000000046613","nombre":"SERVILLETA TISSUE LISA PAPEL KRAFT 32x32 (BULTO 48x20u.)","categoria":"Descartables","subcategoria":"Servilletas/Servilletas Decoupage","precio":30600.13,"destacado":false,"descripcion":"","imagen":"assets/products/CA-000000046613.webp","tags":["servilleta","tissue","lisa","papel","kraft","32x32","bulto","48x20u"]},{"id":"CA-000000046172","nombre":"SERVILLETA TISSUE LISA PAPEL KRAFT NAPTRES 32x32 x20","categoria":"Descartables","subcategoria":"Servilletas/Servilletas Decoupage","precio":688.5,"destacado":false,"descripcion":"","imagen":"assets/products/CA-000000046172.webp","tags":["servilleta","tissue","lisa","papel","kraft","naptres","32x32","x20"]},{"id":"CA-000000046617","nombre":"SERVILLETA TISSUE LISA PASTEL LILA NAPTRES 32x32 (BULTO 48x20u.)","categoria":"Descartables","subcategoria":"Servilletas/Servilletas Decoupage","precio":30600.13,"destacado":false,"descripcion":"","imagen":"assets/products/CA-000000046617.webp","tags":["servilleta","tissue","lisa","pastel","lila","naptres","32x32","bulto","48x20u"]},{"id":"CA-000000043622","nombre":"SERVILLETA TISSUE LISA PASTEL LILA NAPTRES 32x32 x20","categoria":"Descartables","subcategoria":"Servilletas/Servilletas Decoupage","precio":688.5,"destacado":false,"descripcion":"","imagen":"assets/products/CA-000000043622.webp","tags":["servilleta","tissue","lisa","pastel","lila","naptres","32x32","x20"]},{"id":"CA-000000046619","nombre":"SERVILLETA TISSUE LISA ROJA NAPTRES 32x32 (BULTO 48x20u.)","categoria":"Descartables","subcategoria":"Servilletas/Servilletas Decoupage","precio":30600.13,"destacado":false,"descripcion":"","imagen":"assets/products/CA-000000046619.webp","tags":["servilleta","tissue","lisa","roja","naptres","32x32","bulto","48x20u"]},{"id":"CA-000000043625","nombre":"SERVILLETA TISSUE LISA ROJA NAPTRES 32x32 x20","categoria":"Descartables","subcategoria":"Servilletas/Servilletas Decoupage","precio":688.5,"destacado":false,"descripcion":"","imagen":"assets/products/CA-000000043625.webp","tags":["servilleta","tissue","lisa","roja","naptres","32x32","x20"]},{"id":"CA-000000052660","nombre":"SERVILLETA TISSUE LISA ROSA NAPTRES 32x32 (BULTO 48x20u.)","categoria":"Descartables","subcategoria":"Servilletas/Servilletas Decoupage","precio":30600.13,"destacado":false,"descripcion":"","imagen":"assets/products/CA-000000052660.webp","tags":["servilleta","tissue","lisa","rosa","naptres","32x32","bulto","48x20u"]},{"id":"CA-000000052661","nombre":"SERVILLETA TISSUE LISA ROSA NAPTRES 32x32 x20","categoria":"Descartables","subcategoria":"Servilletas/Servilletas Decoupage","precio":688.5,"destacado":false,"descripcion":"","imagen":"assets/products/CA-000000052661.webp","tags":["servilleta","tissue","lisa","rosa","naptres","32x32","x20"]},{"id":"CA-000000046620","nombre":"SERVILLETA TISSUE LISA VERDE MANZANA NAPTRES 32x32 (BULTO 48x20u.)","categoria":"Descartables","subcategoria":"Servilletas/Servilletas Decoupage","precio":30600.13,"destacado":false,"descripcion":"","imagen":"assets/products/CA-000000046620.webp","tags":["servilleta","tissue","lisa","verde","manzana","naptres","32x32","bulto","48x20u"]},{"id":"CA-000000043629","nombre":"SERVILLETA TISSUE LISA VERDE MANZANA NAPTRES 32x32 x20u.","categoria":"Descartables","subcategoria":"Servilletas/Servilletas Decoupage","precio":688.5,"destacado":false,"descripcion":"","imagen":"assets/products/CA-000000043629.webp","tags":["servilleta","tissue","lisa","verde","manzana","naptres","32x32","x20u"]},{"id":"CA-000000046684","nombre":"SERVILLETA TISSUE LISA VERDE NAPTRES 32x32 (BULTO 48x20u.)","categoria":"Descartables","subcategoria":"Servilletas/Servilletas Decoupage","precio":30600.13,"destacado":false,"descripcion":"","imagen":"assets/products/CA-000000046684.webp","tags":["servilleta","tissue","lisa","verde","naptres","32x32","bulto","48x20u"]},{"id":"CA-000000044799","nombre":"SERVILLETA TISSUE LISA VERDE NAPTRES 32x32 x20u.","categoria":"Descartables","subcategoria":"Servilletas/Servilletas Decoupage","precio":688.5,"destacado":false,"descripcion":"","imagen":"assets/products/CA-000000044799.webp","tags":["servilleta","tissue","lisa","verde","naptres","32x32","x20u"]},{"id":"CA-000000046621","nombre":"SERVILLETA TISSUE LISA VIOLETA NAPTRES 32x32 (BULTO 48x20u.)","categoria":"Descartables","subcategoria":"Servilletas/Servilletas Decoupage","precio":30600.13,"destacado":false,"descripcion":"","imagen":"assets/products/CA-000000046621.webp","tags":["servilleta","tissue","lisa","violeta","naptres","32x32","bulto","48x20u"]}]}