{"category_slug":"descartables","subcategory_slug":"","page":21,"page_size":48,"total":1365,"items":[{"id":"CA-000000041294","nombre":"ROLLO PAPEL MANTECA ROLFLEX 30cm x5mts (BULTO x36)","categoria":"Descartables","subcategoria":"Rollo Cocina/Film/Aluminio Y Bolsas Freezer/Horno","precio":31590.0,"destacado":false,"descripcion":"","imagen":"assets/products/CA-000000041294.webp","tags":["rollo","papel","manteca","rolflex","30cm","x5mts","bulto","x36"]},{"id":"CA-779804382015","nombre":"ROLLO PAPEL MANTECA ROLFLEX 30cmx5mts x1","categoria":"Descartables","subcategoria":"Rollo Cocina/Film/Aluminio Y Bolsas Freezer/Horno","precio":947.7,"destacado":false,"descripcion":"","imagen":"assets/products/CA-779804382015.webp","tags":["rollo","papel","manteca","rolflex","30cmx5mts"]},{"id":"CA-000000058142","nombre":"SEPARADOR PARA FREEZER x100u. ALUMFLEX","categoria":"Descartables","subcategoria":"Rollo Cocina/Film/Aluminio Y Bolsas Freezer/Horno","precio":1574.1,"destacado":false,"descripcion":"","imagen":"assets/products/CA-000000058142.webp","tags":["separador","para","freezer","x100u","alumflex"]},{"id":"CA-779527716512","nombre":"SEPARADOR PARA FREEZER x50u.","categoria":"Descartables","subcategoria":"Rollo Cocina/Film/Aluminio Y Bolsas Freezer/Horno","precio":582.6,"destacado":false,"descripcion":"","imagen":"assets/products/CA-779527716512.webp","tags":["separador","para","freezer","x50u"]},{"id":"CA-779842285416","nombre":"SERVILLETA ARENA x20u. C.O","categoria":"Descartables","subcategoria":"Servilletas/Servilletas Decoupage","precio":1192.3,"destacado":false,"descripcion":"","imagen":"assets/products/CA-779842285416.webp","tags":["servilleta","arena","x20u"]},{"id":"CA-779908800796","nombre":"SERVILLETA BLANCA BORDE DORADO x12 PS DSE054/00796","categoria":"Descartables","subcategoria":"Servilletas/Servilletas Decoupage","precio":1822.1,"destacado":false,"descripcion":"","imagen":"assets/products/CA-779908800796.webp","tags":["servilleta","blanca","borde","dorado","x12","dse054","00796"]},{"id":"CA-779908800800","nombre":"SERVILLETA BLANCA BORDE PLATEADO x12 PS DSE055/00800","categoria":"Descartables","subcategoria":"Servilletas/Servilletas Decoupage","precio":1822.1,"destacado":false,"descripcion":"","imagen":"assets/products/CA-779908800800.webp","tags":["servilleta","blanca","borde","plateado","x12","dse055","00800"]},{"id":"CA-779905100336","nombre":"SERVILLETA BLANCA GRANELL 32x32 (BULTO x500u.) NAP.","categoria":"Descartables","subcategoria":"Servilletas/Servilletas Decoupage","precio":6630.0,"destacado":false,"descripcion":"","imagen":"assets/products/CA-779905100336.webp","tags":["servilleta","blanca","granell","32x32","bulto","x500u","nap"]},{"id":"CA-012345671181","nombre":"SERVILLETA CELESTE CON LUNARES DORADOS 90025 x20und","categoria":"Descartables","subcategoria":"Vasos Plasticos/Polipapel/Termicos Y Copas","precio":2055.63,"destacado":false,"descripcion":"","imagen":"assets/products/CA-012345671181.webp","tags":["servilleta","celeste","con","lunares","dorados","90025","x20und"]},{"id":"CA-698720257621","nombre":"SERVILLETA CON STAMPING LOVE DORADOS  x12u GR76-21","categoria":"Descartables","subcategoria":"Servilletas/Servilletas Decoupage","precio":1723.36,"destacado":false,"descripcion":"NUEVO 06/12/2025","imagen":"assets/products/CA-698720257621.webp","tags":["servilleta","con","stamping","love","dorados","x12u","gr76"]},{"id":"CA-000000051182","nombre":"SERVILLETA COUNTRY LISA DOBLADITAS AMARILLA 33x33 (CAJA 15x20u.)","categoria":"Descartables","subcategoria":"Servilletas/Servilletas Decoupage","precio":13617.5,"destacado":false,"descripcion":"","imagen":"assets/products/CA-000000051182.webp","tags":["servilleta","country","lisa","dobladitas","amarilla","33x33","caja","15x20u"]},{"id":"CA-020000000829","nombre":"SERVILLETA COUNTRY LISA DOBLADITAS AMARILLA 33x33 x20u.","categoria":"Descartables","subcategoria":"Servilletas/Servilletas Decoupage","precio":980.46,"destacado":false,"descripcion":"","imagen":"assets/products/CA-020000000829.webp","tags":["servilleta","country","lisa","dobladitas","amarilla","33x33","x20u"]},{"id":"CA-000000051184","nombre":"SERVILLETA COUNTRY LISA DOBLADITAS AZUL (CAJA 15x20u.) 33x33","categoria":"Descartables","subcategoria":"Servilletas/Servilletas Decoupage","precio":13617.5,"destacado":false,"descripcion":"","imagen":"assets/products/CA-000000051184.webp","tags":["servilleta","country","lisa","dobladitas","azul","caja","15x20u","33x33"]},{"id":"CA-020000001514","nombre":"SERVILLETA COUNTRY LISA DOBLADITAS AZUL 33x33 x20u.","categoria":"Descartables","subcategoria":"Servilletas/Servilletas Decoupage","precio":980.46,"destacado":false,"descripcion":"","imagen":"assets/products/CA-020000001514.webp","tags":["servilleta","country","lisa","dobladitas","azul","33x33","x20u"]},{"id":"CA-000000051186","nombre":"SERVILLETA COUNTRY LISA DOBLADITAS CELESTE 33x33 (CAJA 15x20u.)","categoria":"Descartables","subcategoria":"Servilletas/Servilletas Decoupage","precio":13617.5,"destacado":false,"descripcion":"","imagen":"assets/products/CA-000000051186.webp","tags":["servilleta","country","lisa","dobladitas","celeste","33x33","caja","15x20u"]},{"id":"CA-020000000828","nombre":"SERVILLETA COUNTRY LISA DOBLADITAS CELESTE 33x33 x20u.","categoria":"Descartables","subcategoria":"Servilletas/Servilletas Decoupage","precio":980.46,"destacado":false,"descripcion":"","imagen":"assets/products/CA-020000000828.webp","tags":["servilleta","country","lisa","dobladitas","celeste","33x33","x20u"]},{"id":"CA-000000051197","nombre":"SERVILLETA COUNTRY LISA DOBLADITAS NARANJA/SALMON 33x33 (CAJA 15x20u.)","categoria":"Descartables","subcategoria":"Servilletas/Servilletas Decoupage","precio":13617.5,"destacado":false,"descripcion":"","imagen":"assets/products/CA-000000051197.webp","tags":["servilleta","country","lisa","dobladitas","naranja","salmon","33x33","caja","15x20u"]},{"id":"CA-020000001483","nombre":"SERVILLETA COUNTRY LISA DOBLADITAS NARANJA/SALMON 33x33 x20u.","categoria":"Descartables","subcategoria":"Servilletas/Servilletas Decoupage","precio":980.46,"destacado":false,"descripcion":"","imagen":"assets/products/CA-020000001483.webp","tags":["servilleta","country","lisa","dobladitas","naranja","salmon","33x33","x20u"]},{"id":"CA-000000051188","nombre":"SERVILLETA COUNTRY LISA DOBLADITAS NEGRA 33x33 (CAJA 15x20u.)","categoria":"Descartables","subcategoria":"Servilletas/Servilletas Decoupage","precio":13617.5,"destacado":false,"descripcion":"","imagen":"assets/products/CA-000000051188.webp","tags":["servilleta","country","lisa","dobladitas","negra","33x33","caja","15x20u"]},{"id":"CA-020000000856","nombre":"SERVILLETA COUNTRY LISA DOBLADITAS NEGRA 33x33 x20u.","categoria":"Descartables","subcategoria":"Servilletas/Servilletas Decoupage","precio":980.46,"destacado":false,"descripcion":"","imagen":"assets/products/CA-020000000856.webp","tags":["servilleta","country","lisa","dobladitas","negra","33x33","x20u"]},{"id":"CA-000000051192","nombre":"SERVILLETA COUNTRY LISA DOBLADITAS ROSA 33x33 (CAJA 15x20u.)","categoria":"Descartables","subcategoria":"Servilletas/Servilletas Decoupage","precio":13617.5,"destacado":false,"descripcion":"","imagen":"assets/products/CA-000000051192.webp","tags":["servilleta","country","lisa","dobladitas","rosa","33x33","caja","15x20u"]},{"id":"CA-020000001486","nombre":"SERVILLETA COUNTRY LISA DOBLADITAS ROSA 33x33 x20u.","categoria":"Descartables","subcategoria":"Servilletas/Servilletas Decoupage","precio":980.46,"destacado":false,"descripcion":"","imagen":"assets/products/CA-020000001486.webp","tags":["servilleta","country","lisa","dobladitas","rosa","33x33","x20u"]},{"id":"CA-000000051201","nombre":"SERVILLETA COUNTRY LISA DOBLADITAS VERDE MANZANA 33x33 (CAJA 15x20u.)","categoria":"Descartables","subcategoria":"Servilletas/Servilletas Decoupage","precio":13617.5,"destacado":false,"descripcion":"","imagen":"assets/products/CA-000000051201.webp","tags":["servilleta","country","lisa","dobladitas","verde","manzana","33x33","caja","15x20u"]},{"id":"CA-020000000857","nombre":"SERVILLETA COUNTRY LISA DOBLADITAS VERDE MANZANA 33x33 x20u","categoria":"Descartables","subcategoria":"Servilletas/Servilletas Decoupage","precio":980.46,"destacado":false,"descripcion":"","imagen":"assets/products/CA-020000000857.webp","tags":["servilleta","country","lisa","dobladitas","verde","manzana","33x33","x20u"]},{"id":"CA-000000051203","nombre":"SERVILLETA COUNTRY LISA DOBLADITAS VIOLETA/LILA 33x33 (CAJA 15x20u.)","categoria":"Descartables","subcategoria":"Servilletas/Servilletas Decoupage","precio":13617.5,"destacado":false,"descripcion":"","imagen":"assets/products/CA-000000051203.webp","tags":["servilleta","country","lisa","dobladitas","violeta","lila","33x33","caja","15x20u"]},{"id":"CA-020000000850","nombre":"SERVILLETA COUNTRY LISA DOBLADITAS VIOLETA/LILA 33x33 x20u.","categoria":"Descartables","subcategoria":"Servilletas/Servilletas Decoupage","precio":980.46,"destacado":false,"descripcion":"","imagen":"assets/products/CA-020000000850.webp","tags":["servilleta","country","lisa","dobladitas","violeta","lila","33x33","x20u"]},{"id":"CA-379000326731","nombre":"SERVILLETA DECOUPAGE ARABESCO AZUL x20u. 326731","categoria":"Descartables","subcategoria":"Servilletas/Servilletas Decoupage","precio":1355.77,"destacado":false,"descripcion":"","imagen":"assets/products/CA-379000326731.webp","tags":["servilleta","decoupage","arabesco","azul","x20u","326731"]},{"id":"CA-379000326759","nombre":"SERVILLETA DECOUPAGE ARABESCO NEGRO 2 x20u. 326759","categoria":"Descartables","subcategoria":"Servilletas/Servilletas Decoupage","precio":1355.77,"destacado":false,"descripcion":"","imagen":"assets/products/CA-379000326759.webp","tags":["servilleta","decoupage","arabesco","negro","x20u","326759"]},{"id":"CA-379000326704","nombre":"SERVILLETA DECOUPAGE FLORES FUCSIA x20u. 326704","categoria":"Descartables","subcategoria":"Servilletas/Servilletas Decoupage","precio":1355.77,"destacado":false,"descripcion":"","imagen":"assets/products/CA-379000326704.webp","tags":["servilleta","decoupage","flores","fucsia","x20u","326704"]},{"id":"CA-379000326703","nombre":"SERVILLETA DECOUPAGE FLORES ROJAS x20u. 326703","categoria":"Descartables","subcategoria":"Servilletas/Servilletas Decoupage","precio":1355.77,"destacado":false,"descripcion":"","imagen":"assets/products/CA-379000326703.webp","tags":["servilleta","decoupage","flores","rojas","x20u","326703"]},{"id":"CA-379000326756","nombre":"SERVILLETA DECOUPAGE FLORES VINTAGE x20u. 326756","categoria":"Descartables","subcategoria":"Servilletas/Servilletas Decoupage","precio":1355.77,"destacado":false,"descripcion":"","imagen":"assets/products/CA-379000326756.webp","tags":["servilleta","decoupage","flores","vintage","x20u","326756"]},{"id":"CA-379000326714","nombre":"SERVILLETA DECOUPAGE FLORES y MARIPOSAS x20u. 326714","categoria":"Descartables","subcategoria":"Servilletas/Servilletas Decoupage","precio":1355.77,"destacado":false,"descripcion":"","imagen":"assets/products/CA-379000326714.webp","tags":["servilleta","decoupage","flores","mariposas","x20u","326714"]},{"id":"CA-379000326728","nombre":"SERVILLETA DECOUPAGE GUARDA CON FLORES  x20u. 326728","categoria":"Descartables","subcategoria":"Servilletas/Servilletas Decoupage","precio":1355.77,"destacado":false,"descripcion":"","imagen":"assets/products/CA-379000326728.webp","tags":["servilleta","decoupage","guarda","con","flores","x20u","326728"]},{"id":"CA-379000326782","nombre":"SERVILLETA DECOUPAGE GUARDA CON RAMO x20u. 326782","categoria":"Descartables","subcategoria":"Servilletas/Servilletas Decoupage","precio":1355.77,"destacado":false,"descripcion":"","imagen":"assets/products/CA-379000326782.webp","tags":["servilleta","decoupage","guarda","con","ramo","x20u","326782"]},{"id":"CA-379000326710","nombre":"SERVILLETA DECOUPAGE GUARDA FLORES Y MARIPOSAS x20u. 326710","categoria":"Descartables","subcategoria":"Servilletas/Servilletas Decoupage","precio":1355.77,"destacado":false,"descripcion":"","imagen":"assets/products/CA-379000326710.webp","tags":["servilleta","decoupage","guarda","flores","mariposas","x20u","326710"]},{"id":"CA-379000326717","nombre":"SERVILLETA DECOUPAGE HOJAS TROPICAL x20u. 326717","categoria":"Descartables","subcategoria":"Servilletas/Servilletas Decoupage","precio":1355.77,"destacado":false,"descripcion":"","imagen":"assets/products/CA-379000326717.webp","tags":["servilleta","decoupage","hojas","tropical","x20u","326717"]},{"id":"CA-379000326720","nombre":"SERVILLETA DECOUPAGE PARIS x20u. 326720","categoria":"Descartables","subcategoria":"Servilletas/Servilletas Decoupage","precio":1355.77,"destacado":false,"descripcion":"","imagen":"assets/products/CA-379000326720.webp","tags":["servilleta","decoupage","paris","x20u","326720"]},{"id":"CA-379000326784","nombre":"SERVILLETA DECOUPAGE ROSAS LUNARES NEGROS x20u. 326784","categoria":"Descartables","subcategoria":"Servilletas/Servilletas Decoupage","precio":1355.77,"destacado":false,"descripcion":"","imagen":"assets/products/CA-379000326784.webp","tags":["servilleta","decoupage","rosas","lunares","negros","x20u","326784"]},{"id":"CA-379000326716","nombre":"SERVILLETA DECOUPAGE TROPICAL FLORES NARANJAS x20u. 326716","categoria":"Descartables","subcategoria":"Servilletas/Servilletas Decoupage","precio":1355.77,"destacado":false,"descripcion":"","imagen":"assets/products/CA-379000326716.webp","tags":["servilleta","decoupage","tropical","flores","naranjas","x20u","326716"]},{"id":"CA-779908804355","nombre":"SERVILLETA DIA DE LOS ENAMORADOS FORMA DE BESO 04355 x12 DSE110-2 PS","categoria":"Descartables","subcategoria":"Servilletas/Servilletas Decoupage","precio":1246.7,"destacado":false,"descripcion":"NUEVO 18/12/2025","imagen":"assets/products/CA-779908804355.webp","tags":["servilleta","dia","los","enamorados","forma","beso","04355","x12","dse110"]},{"id":"CA-779908804353","nombre":"SERVILLETA DIA DE LOS ENAMORADOS FORMA DE CORAZON 04353 x12 DSE110-1 PS","categoria":"Descartables","subcategoria":"Servilletas/Servilletas Decoupage","precio":1246.7,"destacado":false,"descripcion":"NUEVO 18/12/2025","imagen":"assets/products/CA-779908804353.webp","tags":["servilleta","dia","los","enamorados","forma","corazon","04353","x12","dse110"]},{"id":"CA-779908804349","nombre":"SERVILLETA DIA DE LOS ENAMORADOS LOVE CON CORAZONES x20 DSECH 109 PS","categoria":"Descartables","subcategoria":"Servilletas/Servilletas Decoupage","precio":1126.83,"destacado":false,"descripcion":"NUEVO 18/12/2025","imagen":"assets/products/CA-779908804349.webp","tags":["servilleta","dia","los","enamorados","love","con","corazones","x20","dsech","109"]},{"id":"CA-779908800667","nombre":"SERVILLETA FELIZ CUMPLE x20u.","categoria":"Descartables","subcategoria":"Servilletas/Servilletas Decoupage","precio":1342.6,"destacado":false,"descripcion":"","imagen":"assets/products/CA-779908800667.webp","tags":["servilleta","feliz","cumple","x20u"]},{"id":"CA-779182800040","nombre":"SERVILLETA FELPITA BLANCA  33x30x40u.","categoria":"Descartables","subcategoria":"Servilletas/Servilletas Decoupage","precio":444.45,"destacado":false,"descripcion":"","imagen":"assets/products/CA-779182800040.webp","tags":["servilleta","felpita","blanca","33x30x40u"]},{"id":"CA-779182800042","nombre":"SERVILLETA FELPITA BLANCA  33x32x70u.","categoria":"Descartables","subcategoria":"Servilletas/Servilletas Decoupage","precio":723.39,"destacado":false,"descripcion":"","imagen":"assets/products/CA-779182800042.webp","tags":["servilleta","felpita","blanca","33x32x70u"]},{"id":"CA-47791828000426","nombre":"SERVILLETA FELPITA BLANCA (BULTO 24x70u.)","categoria":"Descartables","subcategoria":"Servilletas/Servilletas Decoupage","precio":16075.42,"destacado":false,"descripcion":"","imagen":"assets/products/CA-47791828000426.webp","tags":["servilleta","felpita","blanca","bulto","24x70u"]},{"id":"CA-57791828000409","nombre":"SERVILLETA FELPITA BLANCA (BULTO 42x40u.)","categoria":"Descartables","subcategoria":"Servilletas/Servilletas Decoupage","precio":17284.05,"destacado":false,"descripcion":"","imagen":"assets/products/CA-57791828000409.webp","tags":["servilleta","felpita","blanca","bulto","42x40u"]},{"id":"CA-779842285094","nombre":"SERVILLETA FLUO AMARILLA x20u. C.O","categoria":"Descartables","subcategoria":"Servilletas/Servilletas Decoupage","precio":1192.3,"destacado":false,"descripcion":"","imagen":"assets/products/CA-779842285094.webp","tags":["servilleta","fluo","amarilla","x20u"]}]}