{"category_slug":"descartables","subcategory_slug":"","page":25,"page_size":48,"total":1365,"items":[{"id":"CA-000000041962","nombre":"TENEDOR REFORZADO DORADO (19 Cm) x10","categoria":"Descartables","subcategoria":"Cubiertos","precio":716.85,"destacado":false,"descripcion":"","imagen":"assets/products/CA-000000041962.webp","tags":["tenedor","reforzado","dorado","x10"]},{"id":"CA-000000034776","nombre":"TENEDOR REFORZADO NEGRO (19 Cm) x10","categoria":"Descartables","subcategoria":"Cubiertos","precio":716.85,"destacado":false,"descripcion":"","imagen":"assets/products/CA-000000034776.webp","tags":["tenedor","reforzado","negro","x10"]},{"id":"CA-000000041963","nombre":"TENEDOR REFORZADO PLATEADO (19 Cm) x10","categoria":"Descartables","subcategoria":"Cubiertos","precio":716.85,"destacado":false,"descripcion":"","imagen":"assets/products/CA-000000041963.webp","tags":["tenedor","reforzado","plateado","x10"]},{"id":"CA-000000034774","nombre":"TENEDOR REFORZADO ROJO (19 Cm) x10","categoria":"Descartables","subcategoria":"Cubiertos","precio":716.85,"destacado":false,"descripcion":"","imagen":"assets/products/CA-000000034774.webp","tags":["tenedor","reforzado","rojo","x10"]},{"id":"CA-000000045760","nombre":"TORTERA PLASTICA ALTA T26A CON TAPA (BULTO x10) B.P","categoria":"Descartables","subcategoria":"Torteras Plasticas","precio":7841.69,"destacado":false,"descripcion":"* (12/12/2025)","imagen":"assets/products/CA-000000045760.webp","tags":["tortera","plastica","alta","t26a","con","tapa","bulto","x10"]},{"id":"CA-000000041967","nombre":"TORTERA PLASTICA ALTA T28A CON TAPA (BULTO x10) B.P","categoria":"Descartables","subcategoria":"Torteras Plasticas","precio":8782.84,"destacado":false,"descripcion":"* (12/12/2025)","imagen":"assets/products/CA-000000041967.webp","tags":["tortera","plastica","alta","t28a","con","tapa","bulto","x10"]},{"id":"CA-000000041957","nombre":"TORTERA PLASTICA ALTA T32A CON TAPA (BULTO x10) B.P","categoria":"Descartables","subcategoria":"Torteras Plasticas","precio":12390.3,"destacado":false,"descripcion":"* (12/12/2025)","imagen":"assets/products/CA-000000041957.webp","tags":["tortera","plastica","alta","t32a","con","tapa","bulto","x10"]},{"id":"CA-000000045761","nombre":"TORTERA PLASTICA BAJA T26B CON TAPA (BULTO x15) B.P","categoria":"Descartables","subcategoria":"Torteras Plasticas","precio":10822.21,"destacado":false,"descripcion":"* (12/12/2025)","imagen":"assets/products/CA-000000045761.webp","tags":["tortera","plastica","baja","t26b","con","tapa","bulto","x15"]},{"id":"CA-000000042490","nombre":"TORTERA PLASTICA BAJA T28B CON TAPA (BULTO x15) B.P","categoria":"Descartables","subcategoria":"Torteras Plasticas","precio":13079.49,"destacado":false,"descripcion":"* (12/12/2025)","imagen":"assets/products/CA-000000042490.webp","tags":["tortera","plastica","baja","t28b","con","tapa","bulto","x15"]},{"id":"CA-000000041958","nombre":"TORTERA PLASTICA CON TAPA RECTANGULAR ESPECIAL x5 G70M","categoria":"Descartables","subcategoria":"Torteras Plasticas","precio":17011.38,"destacado":false,"descripcion":"","imagen":"assets/products/CA-000000041958.webp","tags":["tortera","plastica","con","tapa","rectangular","especial","g70m"]},{"id":"CA-000000039533","nombre":"TULIPAS DE PAPEL BLANCA (MPACK) x50 TULPL12","categoria":"Descartables","subcategoria":"Pirotines","precio":3182.76,"destacado":false,"descripcion":"","imagen":"assets/products/CA-000000039533.webp","tags":["tulipas","papel","blanca","mpack","x50","tulpl12"]},{"id":"CA-000000039532","nombre":"TULIPAS DE PAPEL CELESTE (MPACK) x50 TULPL5","categoria":"Descartables","subcategoria":"Pirotines","precio":3182.76,"destacado":false,"descripcion":"","imagen":"assets/products/CA-000000039532.webp","tags":["tulipas","papel","celeste","mpack","x50","tulpl5"]},{"id":"CA-000000057779","nombre":"TULIPAS DE PAPEL FLORES  (MPACK) x25u. TUL503","categoria":"Descartables","subcategoria":"Pirotines","precio":4943.16,"destacado":false,"descripcion":"","imagen":"assets/products/CA-000000057779.webp","tags":["tulipas","papel","flores","mpack","x25u","tul503"]},{"id":"CA-000000057782","nombre":"TULIPAS DE PAPEL LUNARES FONDO BEIGE (MPACK) x25u. TUL 502","categoria":"Descartables","subcategoria":"Pirotines","precio":4943.16,"destacado":false,"descripcion":"","imagen":"assets/products/CA-000000057782.webp","tags":["tulipas","papel","lunares","fondo","beige","mpack","x25u","tul","502"]},{"id":"CA-000000058356","nombre":"TULIPAS DE PAPEL LUNARES FONDO MARRON (MPACK) x25u. TUL","categoria":"Descartables","subcategoria":"Pirotines","precio":4943.16,"destacado":false,"descripcion":"","imagen":"assets/products/CA-000000058356.webp","tags":["tulipas","papel","lunares","fondo","marron","mpack","x25u","tul"]},{"id":"CA-000000057781","nombre":"TULIPAS DE PAPEL LUNARES FONDO ROSA  (MPACK) x25u. TUL501","categoria":"Descartables","subcategoria":"Pirotines","precio":4943.16,"destacado":false,"descripcion":"","imagen":"assets/products/CA-000000057781.webp","tags":["tulipas","papel","lunares","fondo","rosa","mpack","x25u","tul501"]},{"id":"CA-000000043796","nombre":"TULIPAS DE PAPEL MARRON (MPACK) x50 TULPL4","categoria":"Descartables","subcategoria":"Pirotines","precio":3182.76,"destacado":false,"descripcion":"","imagen":"assets/products/CA-000000043796.webp","tags":["tulipas","papel","marron","mpack","x50","tulpl4"]},{"id":"CA-000000057778","nombre":"TULIPAS DE PAPEL MULTICOLOR PASTEL  (MPACK) x25u. TUL5009","categoria":"Descartables","subcategoria":"Pirotines","precio":4943.16,"destacado":false,"descripcion":"","imagen":"assets/products/CA-000000057778.webp","tags":["tulipas","papel","multicolor","pastel","mpack","x25u","tul5009"]},{"id":"CA-000000056857","nombre":"TULIPAS DE PAPEL MUTICOLOR (MPACK) x200 TUL5001","categoria":"Descartables","subcategoria":"Pirotines","precio":14830.56,"destacado":false,"descripcion":"","imagen":"assets/products/CA-000000056857.webp","tags":["tulipas","papel","muticolor","mpack","x200","tul5001"]},{"id":"CA-000000056852","nombre":"TULIPAS DE PAPEL NEGRA (MPACK) x50 TULPL02","categoria":"Descartables","subcategoria":"Pirotines","precio":3182.76,"destacado":false,"descripcion":"","imagen":"assets/products/CA-000000056852.webp","tags":["tulipas","papel","negra","mpack","x50","tulpl02"]},{"id":"CA-000000056854","nombre":"TULIPAS DE PAPEL ROJA (MPACK) x50 TULPL09","categoria":"Descartables","subcategoria":"Pirotines","precio":3182.76,"destacado":false,"descripcion":"","imagen":"assets/products/CA-000000056854.webp","tags":["tulipas","papel","roja","mpack","x50","tulpl09"]},{"id":"CA-000000039534","nombre":"TULIPAS DE PAPEL ROSA (MPACK) x50 TULPL10","categoria":"Descartables","subcategoria":"Pirotines","precio":3182.76,"destacado":false,"descripcion":"","imagen":"assets/products/CA-000000039534.webp","tags":["tulipas","papel","rosa","mpack","x50","tulpl10"]},{"id":"CA-000000056856","nombre":"TULIPAS DE PAPEL VERDE (MPACK) x50 TULPL06","categoria":"Descartables","subcategoria":"Pirotines","precio":3182.76,"destacado":false,"descripcion":"","imagen":"assets/products/CA-000000056856.webp","tags":["tulipas","papel","verde","mpack","x50","tulpl06"]},{"id":"CA-000000038860","nombre":"VASO 180cc AMARILLO (BULTO 30x100) BELLA CUP","categoria":"Descartables","subcategoria":"Vasos Plasticos/Polipapel/Termicos Y Copas","precio":68250.0,"destacado":false,"descripcion":"* (18/12/2025)","imagen":"assets/products/CA-000000038860.webp","tags":["vaso","180cc","amarillo","bulto","30x100","bella","cup"]},{"id":"CA-000000038861","nombre":"VASO 180cc AMARILLO x100 BELLA CUP","categoria":"Descartables","subcategoria":"Vasos Plasticos/Polipapel/Termicos Y Copas","precio":2457.0,"destacado":false,"descripcion":"* (18/12/2025)","imagen":"assets/products/CA-000000038861.webp","tags":["vaso","180cc","amarillo","x100","bella","cup"]},{"id":"CA-000000038858","nombre":"VASO 180cc AZUL  (BULTO 30x100) BELLA CUP","categoria":"Descartables","subcategoria":"Vasos Plasticos/Polipapel/Termicos Y Copas","precio":68250.0,"destacado":false,"descripcion":"* (18/12/2025)","imagen":"assets/products/CA-000000038858.webp","tags":["vaso","180cc","azul","bulto","30x100","bella","cup"]},{"id":"CA-000000038859","nombre":"VASO 180cc AZUL x100 BELLA CUP","categoria":"Descartables","subcategoria":"Vasos Plasticos/Polipapel/Termicos Y Copas","precio":2457.0,"destacado":false,"descripcion":"* (18/12/2025)","imagen":"assets/products/CA-000000038859.webp","tags":["vaso","180cc","azul","x100","bella","cup"]},{"id":"CA-000000038862","nombre":"VASO 180cc CELESTE (BULTO 30x100) BELLA CUP","categoria":"Descartables","subcategoria":"Vasos Plasticos/Polipapel/Termicos Y Copas","precio":68250.0,"destacado":false,"descripcion":"* (18/12/2025)","imagen":"assets/products/CA-000000038862.webp","tags":["vaso","180cc","celeste","bulto","30x100","bella","cup"]},{"id":"CA-000000038863","nombre":"VASO 180cc CELESTE x100 BELLA CUP","categoria":"Descartables","subcategoria":"Vasos Plasticos/Polipapel/Termicos Y Copas","precio":2457.0,"destacado":false,"descripcion":"* (18/12/2025)","imagen":"assets/products/CA-000000038863.webp","tags":["vaso","180cc","celeste","x100","bella","cup"]},{"id":"CA-779809870656","nombre":"VASO 180cc FLEXIBLE AMARILLO PASTEL (BULTO16x15u.) 4004PPAMP","categoria":"Descartables","subcategoria":"Vasos Plasticos/Polipapel/Termicos Y Copas","precio":23777.5,"destacado":false,"descripcion":"","imagen":"assets/products/CA-779809870656.webp","tags":["vaso","180cc","flexible","amarillo","pastel","bulto16x15u","4004ppamp"]},{"id":"CA-779809870661","nombre":"VASO 180cc FLEXIBLE AMARILLO PASTEL x15","categoria":"Descartables","subcategoria":"Vasos Plasticos/Polipapel/Termicos Y Copas","precio":1604.98,"destacado":false,"descripcion":"","imagen":"assets/products/CA-779809870661.webp","tags":["vaso","180cc","flexible","amarillo","pastel","x15"]},{"id":"CA-779809870356","nombre":"VASO 180cc FLEXIBLE AZUL (BULTO 16x15u.) 4004PPA","categoria":"Descartables","subcategoria":"Vasos Plasticos/Polipapel/Termicos Y Copas","precio":23777.5,"destacado":false,"descripcion":"","imagen":"assets/products/CA-779809870356.webp","tags":["vaso","180cc","flexible","azul","bulto","16x15u","4004ppa"]},{"id":"CA-779809870381","nombre":"VASO 180cc FLEXIBLE AZUL x15","categoria":"Descartables","subcategoria":"Vasos Plasticos/Polipapel/Termicos Y Copas","precio":1604.98,"destacado":false,"descripcion":"","imagen":"assets/products/CA-779809870381.webp","tags":["vaso","180cc","flexible","azul","x15"]},{"id":"CA-779809870657","nombre":"VASO 180cc FLEXIBLE CELESTE PASTEL (BULTO 16x15u.) 4004PPCP","categoria":"Descartables","subcategoria":"Vasos Plasticos/Polipapel/Termicos Y Copas","precio":23777.5,"destacado":false,"descripcion":"","imagen":"assets/products/CA-779809870657.webp","tags":["vaso","180cc","flexible","celeste","pastel","bulto","16x15u","4004ppcp"]},{"id":"CA-779809870662","nombre":"VASO 180cc FLEXIBLE CELESTE PASTEL x15u.","categoria":"Descartables","subcategoria":"Vasos Plasticos/Polipapel/Termicos Y Copas","precio":1604.98,"destacado":false,"descripcion":"","imagen":"assets/products/CA-779809870662.webp","tags":["vaso","180cc","flexible","celeste","pastel","x15u"]},{"id":"CA-779809870405","nombre":"VASO 180cc FLEXIBLE NEGRO (BULTO 16x15u.) 4004PPN","categoria":"Descartables","subcategoria":"Vasos Plasticos/Polipapel/Termicos Y Copas","precio":23777.5,"destacado":false,"descripcion":"","imagen":"assets/products/CA-779809870405.webp","tags":["vaso","180cc","flexible","negro","bulto","16x15u","4004ppn"]},{"id":"CA-779809870406","nombre":"VASO 180cc FLEXIBLE NEGRO x15","categoria":"Descartables","subcategoria":"Vasos Plasticos/Polipapel/Termicos Y Copas","precio":1604.98,"destacado":false,"descripcion":"","imagen":"assets/products/CA-779809870406.webp","tags":["vaso","180cc","flexible","negro","x15"]},{"id":"CA-779809870438","nombre":"VASO 180cc FLEXIBLE ROJO (BULTO 16x15u.) 4004PPR","categoria":"Descartables","subcategoria":"Vasos Plasticos/Polipapel/Termicos Y Copas","precio":23777.5,"destacado":false,"descripcion":"","imagen":"assets/products/CA-779809870438.webp","tags":["vaso","180cc","flexible","rojo","bulto","16x15u","4004ppr"]},{"id":"CA-779809870439","nombre":"VASO 180cc FLEXIBLE ROJO x15","categoria":"Descartables","subcategoria":"Vasos Plasticos/Polipapel/Termicos Y Copas","precio":1604.98,"destacado":false,"descripcion":"","imagen":"assets/products/CA-779809870439.webp","tags":["vaso","180cc","flexible","rojo","x15"]},{"id":"CA-779809870359","nombre":"VASO 180cc FLEXIBLE ROSA FLUO (BULTO 16x15u.) 4004PPMG","categoria":"Descartables","subcategoria":"Vasos Plasticos/Polipapel/Termicos Y Copas","precio":23777.5,"destacado":false,"descripcion":"","imagen":"assets/products/CA-779809870359.webp","tags":["vaso","180cc","flexible","rosa","fluo","bulto","16x15u","4004ppmg"]},{"id":"CA-779809870384","nombre":"VASO 180cc FLEXIBLE ROSA FLUO x15","categoria":"Descartables","subcategoria":"Vasos Plasticos/Polipapel/Termicos Y Copas","precio":1604.98,"destacado":false,"descripcion":"","imagen":"assets/products/CA-779809870384.webp","tags":["vaso","180cc","flexible","rosa","fluo","x15"]},{"id":"CA-779809870659","nombre":"VASO 180cc FLEXIBLE ROSA PASTEL (BULTO 16x15u.) 4004PPRSP","categoria":"Descartables","subcategoria":"Vasos Plasticos/Polipapel/Termicos Y Copas","precio":23777.5,"destacado":false,"descripcion":"","imagen":"assets/products/CA-779809870659.webp","tags":["vaso","180cc","flexible","rosa","pastel","bulto","16x15u","4004pprsp"]},{"id":"CA-779809870664","nombre":"VASO 180cc FLEXIBLE ROSA PASTEL x15u.","categoria":"Descartables","subcategoria":"Vasos Plasticos/Polipapel/Termicos Y Copas","precio":1604.98,"destacado":false,"descripcion":"","imagen":"assets/products/CA-779809870664.webp","tags":["vaso","180cc","flexible","rosa","pastel","x15u"]},{"id":"CA-779809870660","nombre":"VASO 180cc FLEXIBLE VERDE PASTEL (BULTO 16x15u.)","categoria":"Descartables","subcategoria":"Vasos Plasticos/Polipapel/Termicos Y Copas","precio":23777.5,"destacado":false,"descripcion":"","imagen":"assets/products/CA-779809870660.webp","tags":["vaso","180cc","flexible","verde","pastel","bulto","16x15u"]},{"id":"CA-779809870665","nombre":"VASO 180cc FLEXIBLE VERDE PASTEL x15u.","categoria":"Descartables","subcategoria":"Vasos Plasticos/Polipapel/Termicos Y Copas","precio":1604.98,"destacado":false,"descripcion":"","imagen":"assets/products/CA-779809870665.webp","tags":["vaso","180cc","flexible","verde","pastel","x15u"]},{"id":"CA-000000043791","nombre":"VASO 180cc FUCSIA (BULTO 35x100) S.A & P","categoria":"Descartables","subcategoria":"Vasos Plasticos/Polipapel/Termicos Y Copas","precio":105050.89,"destacado":false,"descripcion":"* (12/12/2025)","imagen":"assets/products/CA-000000043791.webp","tags":["vaso","180cc","fucsia","bulto","35x100"]},{"id":"CA-870411002074","nombre":"VASO 180cc FUCSIA x 100 S.A","categoria":"Descartables","subcategoria":"Vasos Plasticos/Polipapel/Termicos Y Copas","precio":3241.57,"destacado":false,"descripcion":"* (12/12/2025)","imagen":"assets/products/CA-870411002074.webp","tags":["vaso","180cc","fucsia","100"]},{"id":"CA-000000057677","nombre":"VASO 180cc NARANJA (BULTO 30x100) BELLA CUP","categoria":"Descartables","subcategoria":"Vasos Plasticos/Polipapel/Termicos Y Copas","precio":68250.0,"destacado":false,"descripcion":"* (18/12/2025)","imagen":"assets/products/CA-000000057677.webp","tags":["vaso","180cc","naranja","bulto","30x100","bella","cup"]}]}