{"category_slug":"descartables","subcategory_slug":"","page":6,"page_size":48,"total":1365,"items":[{"id":"CA-000011000024","nombre":"BLONDA REDONDA BLANCA 24 CM x100 BBB24 PACOLON","categoria":"Descartables","subcategoria":"Blondas De Papel","precio":2668.69,"destacado":false,"descripcion":"","imagen":"assets/products/CA-000011000024.webp","tags":["blonda","redonda","blanca","x100","bbb24","pacolon"]},{"id":"CA-000011000026","nombre":"BLONDA REDONDA BLANCA 26 CM x100 BBB26 PACOLON","categoria":"Descartables","subcategoria":"Blondas De Papel","precio":2940.98,"destacado":false,"descripcion":"","imagen":"assets/products/CA-000011000026.webp","tags":["blonda","redonda","blanca","x100","bbb26","pacolon"]},{"id":"CA-000011000028","nombre":"BLONDA REDONDA BLANCA 28 CM x100 BBB28 PACOLON","categoria":"Descartables","subcategoria":"Blondas De Papel","precio":3125.31,"destacado":false,"descripcion":"","imagen":"assets/products/CA-000011000028.webp","tags":["blonda","redonda","blanca","x100","bbb28","pacolon"]},{"id":"CA-000011000030","nombre":"BLONDA REDONDA BLANCA 30 CM x 100 BBB30 PACOLON","categoria":"Descartables","subcategoria":"Blondas De Papel","precio":3496.9,"destacado":false,"descripcion":"","imagen":"assets/products/CA-000011000030.webp","tags":["blonda","redonda","blanca","100","bbb30","pacolon"]},{"id":"CA-000011000032","nombre":"BLONDA REDONDA BLANCA 32 CM x100 BBB32 PACOLON","categoria":"Descartables","subcategoria":"Blondas De Papel","precio":3778.01,"destacado":false,"descripcion":"","imagen":"assets/products/CA-000011000032.webp","tags":["blonda","redonda","blanca","x100","bbb32","pacolon"]},{"id":"CA-000011000034","nombre":"BLONDA REDONDA BLANCA 34 CM x100 BBB34 PACOLON","categoria":"Descartables","subcategoria":"Blondas De Papel","precio":4249.66,"destacado":false,"descripcion":"","imagen":"assets/products/CA-000011000034.webp","tags":["blonda","redonda","blanca","x100","bbb34","pacolon"]},{"id":"CA-000011000036","nombre":"BLONDA REDONDA BLANCA 36 CM x100 BBB36 PACOLON","categoria":"Descartables","subcategoria":"Blondas De Papel","precio":4594.25,"destacado":false,"descripcion":"","imagen":"assets/products/CA-000011000036.webp","tags":["blonda","redonda","blanca","x100","bbb36","pacolon"]},{"id":"CA-000011000038","nombre":"BLONDA REDONDA BLANCA 38 CM x100 BBB38 PACOLON","categoria":"Descartables","subcategoria":"Blondas De Papel","precio":5039.38,"destacado":false,"descripcion":"","imagen":"assets/products/CA-000011000038.webp","tags":["blonda","redonda","blanca","x100","bbb38","pacolon"]},{"id":"CA-000011000040","nombre":"BLONDA REDONDA BLANCA 40 CM x100 BBB40 PACOLON","categoria":"Descartables","subcategoria":"Blondas De Papel","precio":5489.41,"destacado":false,"descripcion":"","imagen":"assets/products/CA-000011000040.webp","tags":["blonda","redonda","blanca","x100","bbb40","pacolon"]},{"id":"CA-000011000045","nombre":"BLONDA REDONDA BLANCA 45 CM x100 BBB45 PACOLON","categoria":"Descartables","subcategoria":"Blondas De Papel","precio":6616.42,"destacado":false,"descripcion":"","imagen":"assets/products/CA-000011000045.webp","tags":["blonda","redonda","blanca","x100","bbb45","pacolon"]},{"id":"CA-000161000015","nombre":"BLONDA REDONDA COLOR  AMARILLA 15 CM x100 BBCA15 PACOLON","categoria":"Descartables","subcategoria":"Blondas De Papel","precio":1943.92,"destacado":false,"descripcion":"","imagen":"assets/products/CA-000161000015.webp","tags":["blonda","redonda","color","amarilla","x100","bbca15","pacolon"]},{"id":"CA-000131000015","nombre":"BLONDA REDONDA COLOR  CELESTE 15 CM x100 BBCC15 PACOLON","categoria":"Descartables","subcategoria":"Blondas De Papel","precio":1943.92,"destacado":false,"descripcion":"","imagen":"assets/products/CA-000131000015.webp","tags":["blonda","redonda","color","celeste","x100","bbcc15","pacolon"]},{"id":"CA-000121000015","nombre":"BLONDA REDONDA COLOR  ROSA 15 CM x100 BBCR15 PACOLON","categoria":"Descartables","subcategoria":"Blondas De Papel","precio":1943.92,"destacado":false,"descripcion":"","imagen":"assets/products/CA-000121000015.webp","tags":["blonda","redonda","color","rosa","x100","bbcr15","pacolon"]},{"id":"CA-000161000010","nombre":"BLONDA REDONDA COLOR AMARILLA 10 CM x100 BBCA10 PACOLON","categoria":"Descartables","subcategoria":"Blondas De Papel","precio":879.1,"destacado":false,"descripcion":"","imagen":"assets/products/CA-000161000010.webp","tags":["blonda","redonda","color","amarilla","x100","bbca10","pacolon"]},{"id":"CA-000131000010","nombre":"BLONDA REDONDA COLOR CELESTE 10 CM x100 BBCC10 PACOLON","categoria":"Descartables","subcategoria":"Blondas De Papel","precio":879.1,"destacado":false,"descripcion":"","imagen":"assets/products/CA-000131000010.webp","tags":["blonda","redonda","color","celeste","x100","bbcc10","pacolon"]},{"id":"CA-000121000010","nombre":"BLONDA REDONDA COLOR ROSA 10 CM x100 BBCR10 PACOLON","categoria":"Descartables","subcategoria":"Blondas De Papel","precio":879.1,"destacado":false,"descripcion":"","imagen":"assets/products/CA-000121000010.webp","tags":["blonda","redonda","color","rosa","x100","bbcr10","pacolon"]},{"id":"CA-000141000010","nombre":"BLONDA REDONDA COLOR VERDE AGUA 10 CM x100 BBCV10 PACOLON","categoria":"Descartables","subcategoria":"Blondas De Papel","precio":879.1,"destacado":false,"descripcion":"","imagen":"assets/products/CA-000141000010.webp","tags":["blonda","redonda","color","verde","agua","x100","bbcv10","pacolon"]},{"id":"CA-000021000010","nombre":"BLONDA REDONDA DORADA 10 CM x100 BBO10 PACOLON","categoria":"Descartables","subcategoria":"Blondas De Papel","precio":2304.1,"destacado":false,"descripcion":"","imagen":"assets/products/CA-000021000010.webp","tags":["blonda","redonda","dorada","x100","bbo10","pacolon"]},{"id":"CA-000021000013","nombre":"BLONDA REDONDA DORADA 13 CM x100 PACOLON","categoria":"Descartables","subcategoria":"Blondas De Papel","precio":3649.42,"destacado":false,"descripcion":"","imagen":"assets/products/CA-000021000013.webp","tags":["blonda","redonda","dorada","x100","pacolon"]},{"id":"CA-000021000015","nombre":"BLONDA REDONDA DORADA 15 CM x100 PACOLON","categoria":"Descartables","subcategoria":"Blondas De Papel","precio":4576.51,"destacado":false,"descripcion":"","imagen":"assets/products/CA-000021000015.webp","tags":["blonda","redonda","dorada","x100","pacolon"]},{"id":"CA-000081000010","nombre":"BLONDA REDONDA KRAFT 10 CM x100 BBEC10 PACOLON","categoria":"Descartables","subcategoria":"Blondas De Papel","precio":649.44,"destacado":false,"descripcion":"","imagen":"assets/products/CA-000081000010.webp","tags":["blonda","redonda","kraft","x100","bbec10","pacolon"]},{"id":"CA-000081000015","nombre":"BLONDA REDONDA KRAFT 15 CM x100 BBEC15 PACOLON","categoria":"Descartables","subcategoria":"Blondas De Papel","precio":1845.18,"destacado":false,"descripcion":"","imagen":"assets/products/CA-000081000015.webp","tags":["blonda","redonda","kraft","x100","bbec15","pacolon"]},{"id":"CA-000031000010","nombre":"BLONDA REDONDA PLATEADA 10 CM x100 PACOLON","categoria":"Descartables","subcategoria":"Blondas De Papel","precio":2119.58,"destacado":false,"descripcion":"","imagen":"assets/products/CA-000031000010.webp","tags":["blonda","redonda","plateada","x100","pacolon"]},{"id":"CA-000031000013","nombre":"BLONDA REDONDA PLATEADA 13 CMx100 BBP13 PACOLON","categoria":"Descartables","subcategoria":"Blondas De Papel","precio":3044.78,"destacado":false,"descripcion":"","imagen":"assets/products/CA-000031000013.webp","tags":["blonda","redonda","plateada","cmx100","bbp13","pacolon"]},{"id":"CA-000031000015","nombre":"BLONDA REDONDA PLATEADA 15 CM  x100 PACOLON","categoria":"Descartables","subcategoria":"Blondas De Papel","precio":3839.79,"destacado":false,"descripcion":"","imagen":"assets/products/CA-000031000015.webp","tags":["blonda","redonda","plateada","x100","pacolon"]},{"id":"CA-202400051284","nombre":"BOLSA FELIZ CUMPLEAÑOS HOLOGRAFICA AZUL x12 PA1284-05","categoria":"Descartables","subcategoria":"Cajas, Bandejas, Estuches Multiuso","precio":7639.62,"destacado":false,"descripcion":"","imagen":"assets/products/CA-202400051284.webp","tags":["bolsa","feliz","cumpleaños","holografica","azul","x12","pa1284"]},{"id":"CA-202400011284","nombre":"BOLSA FELIZ CUMPLEAÑOS HOLOGRAFICA DORADA x12 PA1284-01","categoria":"Descartables","subcategoria":"Cajas, Bandejas, Estuches Multiuso","precio":7639.62,"destacado":false,"descripcion":"","imagen":"assets/products/CA-202400011284.webp","tags":["bolsa","feliz","cumpleaños","holografica","dorada","x12","pa1284"]},{"id":"CA-202400021284","nombre":"BOLSA FELIZ CUMPLEAÑOS HOLOGRAFICA PLATEADA x12 PA1284-02","categoria":"Descartables","subcategoria":"Cajas, Bandejas, Estuches Multiuso","precio":7639.62,"destacado":false,"descripcion":"","imagen":"assets/products/CA-202400021284.webp","tags":["bolsa","feliz","cumpleaños","holografica","plateada","x12","pa1284"]},{"id":"CA-202400041284","nombre":"BOLSA FELIZ CUMPLEAÑOS HOLOGRAFICA ROJA x12 PA1284-04","categoria":"Descartables","subcategoria":"Cajas, Bandejas, Estuches Multiuso","precio":7639.62,"destacado":false,"descripcion":"","imagen":"assets/products/CA-202400041284.webp","tags":["bolsa","feliz","cumpleaños","holografica","roja","x12","pa1284"]},{"id":"CA-202400031284","nombre":"BOLSA FELIZ CUMPLEAÑOS HOLOGRAFICA VIOLETA x12 PA1284-03","categoria":"Descartables","subcategoria":"Cajas, Bandejas, Estuches Multiuso","precio":7639.62,"destacado":false,"descripcion":"","imagen":"assets/products/CA-202400031284.webp","tags":["bolsa","feliz","cumpleaños","holografica","violeta","x12","pa1284"]},{"id":"CA-202400061284","nombre":"BOLSA FELIZ DIA HOLOGRAFICA DORADA x12 PA1284-06","categoria":"Descartables","subcategoria":"Cajas, Bandejas, Estuches Multiuso","precio":7639.62,"destacado":false,"descripcion":"","imagen":"assets/products/CA-202400061284.webp","tags":["bolsa","feliz","dia","holografica","dorada","x12","pa1284"]},{"id":"CA-202400071284","nombre":"BOLSA FELIZ DIA HOLOGRAFICA PLATEADA x12 PA1284-07","categoria":"Descartables","subcategoria":"Cajas, Bandejas, Estuches Multiuso","precio":7639.62,"destacado":false,"descripcion":"","imagen":"assets/products/CA-202400071284.webp","tags":["bolsa","feliz","dia","holografica","plateada","x12","pa1284"]},{"id":"CA-202400081284","nombre":"BOLSA FELIZ DIA HOLOGRAFICA VIOLETA x12 PA1284-08","categoria":"Descartables","subcategoria":"Cajas, Bandejas, Estuches Multiuso","precio":7639.62,"destacado":false,"descripcion":"","imagen":"assets/products/CA-202400081284.webp","tags":["bolsa","feliz","dia","holografica","violeta","x12","pa1284"]},{"id":"CA-779527715523","nombre":"BOLSA PARA FREEZERx50u. (25x35)","categoria":"Descartables","subcategoria":"Rollo Cocina/Film/Aluminio Y Bolsas Freezer/Horno","precio":724.21,"destacado":false,"descripcion":"","imagen":"assets/products/CA-779527715523.webp","tags":["bolsa","para","freezerx50u","25x35"]},{"id":"CA-779527715534","nombre":"BOLSA PARA FREEZERx50u. (30x40)","categoria":"Descartables","subcategoria":"Rollo Cocina/Film/Aluminio Y Bolsas Freezer/Horno","precio":991.85,"destacado":false,"descripcion":"","imagen":"assets/products/CA-779527715534.webp","tags":["bolsa","para","freezerx50u","30x40"]},{"id":"CA-779804382011","nombre":"BOLSA PARA HORNO Y FREEZER 30x45cm x10","categoria":"Descartables","subcategoria":"Rollo Cocina/Film/Aluminio Y Bolsas Freezer/Horno","precio":996.88,"destacado":false,"descripcion":"","imagen":"assets/products/CA-779804382011.webp","tags":["bolsa","para","horno","freezer","30x45cm","x10"]},{"id":"CA-202400091284","nombre":"BOLSA TE AMO HOLOGRAFICA DORADA x12 PA1284-09","categoria":"Descartables","subcategoria":"Cajas, Bandejas, Estuches Multiuso","precio":7639.62,"destacado":false,"descripcion":"","imagen":"assets/products/CA-202400091284.webp","tags":["bolsa","amo","holografica","dorada","x12","pa1284"]},{"id":"CA-202400101284","nombre":"BOLSA TE AMO HOLOGRAFICA PLATEADA x12 PA1284-10","categoria":"Descartables","subcategoria":"Cajas, Bandejas, Estuches Multiuso","precio":7639.62,"destacado":false,"descripcion":"","imagen":"assets/products/CA-202400101284.webp","tags":["bolsa","amo","holografica","plateada","x12","pa1284"]},{"id":"CA-202400121284","nombre":"BOLSA TE AMO HOLOGRAFICA ROJA x12 PA1284-12","categoria":"Descartables","subcategoria":"Cajas, Bandejas, Estuches Multiuso","precio":7639.62,"destacado":false,"descripcion":"","imagen":"assets/products/CA-202400121284.webp","tags":["bolsa","amo","holografica","roja","x12","pa1284"]},{"id":"CA-202400111284","nombre":"BOLSA TE AMO HOLOGRAFICA VIOLETA x12 PA1284-11","categoria":"Descartables","subcategoria":"Cajas, Bandejas, Estuches Multiuso","precio":7639.62,"destacado":false,"descripcion":"","imagen":"assets/products/CA-202400111284.webp","tags":["bolsa","amo","holografica","violeta","x12","pa1284"]},{"id":"CA-779809870253","nombre":"BOWL CUADRADO NEGRO KV x10 2115N","categoria":"Descartables","subcategoria":"Bandejas Plasticas/Microondas/Picadas","precio":3515.0,"destacado":false,"descripcion":"","imagen":"assets/products/CA-779809870253.webp","tags":["bowl","cuadrado","negro","x10","2115n"]},{"id":"CA-000000057612","nombre":"CAJA BANDEJA CON TAPA Y VISOR BOX DESAYUNO LINEA FLORECE (20x20x12) 9201 x10 u.SOLUEM SERVI","categoria":"Descartables","subcategoria":"Cajas, Bandejas, Estuches Multiuso","precio":13741.53,"destacado":false,"descripcion":"","imagen":"assets/products/CA-000000057612.webp","tags":["caja","bandeja","con","tapa","visor","box","desayuno","linea","florece","20x20x12","9201","x10"]},{"id":"CA-000000052503","nombre":"CAJA BANDEJA CON TAPA Y VISOR DIA DEL NIÑO BOX DESAYUNO FELIZ DIA (20x20x12) art.6001 A x10 u.SOLUEM SERVI","categoria":"Descartables","subcategoria":"Cajas, Bandejas, Estuches Multiuso","precio":13347.18,"destacado":false,"descripcion":"","imagen":"assets/products/CA-000000052503.webp","tags":["caja","bandeja","con","tapa","visor","dia","del","niño","box","desayuno","feliz","dia"]},{"id":"CA-000000056109","nombre":"CAJA BANDEJA CON TAPA Y VISOR KRAFT BOX 5078A (25x25x15cm)  x10 u.SOLUEM (G11)","categoria":"Descartables","subcategoria":"Cajas, Bandejas, Estuches Multiuso","precio":11534.91,"destacado":false,"descripcion":"","imagen":"assets/products/CA-000000056109.webp","tags":["caja","bandeja","con","tapa","visor","kraft","box","5078a","25x25x15cm","x10","soluem","g11"]},{"id":"CA-000000051679","nombre":"CAJA BANDEJA KRAFT CON TAPA BOX FELIZ DIA PAPA 2332x10 u.( 25x25x12cm) MORRONI","categoria":"Descartables","subcategoria":"Cajas, Bandejas, Estuches Multiuso","precio":9639.0,"destacado":false,"descripcion":"","imagen":"assets/products/CA-000000051679.webp","tags":["caja","bandeja","kraft","con","tapa","box","feliz","dia","papa","2332x10","25x25x12cm","morroni"]},{"id":"CA-779387694425","nombre":"CAJA BANDEJA KRAFT CON TAPA Y VISOR BOX DESAYUNO CMC25010 x10 u.( 25x25x12cm) MEDORO (G10)","categoria":"Descartables","subcategoria":"Cajas, Bandejas, Estuches Multiuso","precio":8648.78,"destacado":false,"descripcion":"","imagen":"assets/products/CA-779387694425.webp","tags":["caja","bandeja","kraft","con","tapa","visor","box","desayuno","cmc25010","x10","25x25x12cm","medoro"]},{"id":"CA-779387694430","nombre":"CAJA BANDEJA KRAFT CON TAPA Y VISOR BOX DESAYUNO CMC30010 x10 u.( 30x30x12cm) MEDORO (G16)","categoria":"Descartables","subcategoria":"Cajas, Bandejas, Estuches Multiuso","precio":9125.16,"destacado":false,"descripcion":"","imagen":"assets/products/CA-779387694430.webp","tags":["caja","bandeja","kraft","con","tapa","visor","box","desayuno","cmc30010","x10","30x30x12cm","medoro"]},{"id":"CA-000000049707","nombre":"CAJA BANDEJA KRAFT CON TAPA Y VISOR BOX x10 u.( 21x21x11cm) MORRONI (M10)","categoria":"Descartables","subcategoria":"Cajas, Bandejas, Estuches Multiuso","precio":8100.0,"destacado":false,"descripcion":"","imagen":"assets/products/CA-000000049707.webp","tags":["caja","bandeja","kraft","con","tapa","visor","box","x10","21x21x11cm","morroni","m10"]}]}