{"category_slug":"descartables","subcategory_slug":"","page":24,"page_size":48,"total":1365,"items":[{"id":"CA-640120550001","nombre":"SORBETE POLIPAPEL GOURMET BIODEGRADABLE BLANCO Nº1 CBX 20cm x 200 UNIDADES","categoria":"Descartables","subcategoria":"Sorbetes Polipapel Y Biodegradables","precio":4260.6,"destacado":false,"descripcion":"","imagen":"assets/products/CA-640120550001.webp","tags":["sorbete","polipapel","gourmet","biodegradable","blanco","nº1","cbx","20cm","200","unidades"]},{"id":"CA-640120380001","nombre":"SORBETE POLIPAPEL GOURMET BIODEGRADABLE BLANCO Nº1 CBX 20cm x200 UNIDADES","categoria":"Descartables","subcategoria":"Sorbetes Polipapel Y Biodegradables","precio":4260.6,"destacado":false,"descripcion":"","imagen":"assets/products/CA-640120380001.webp","tags":["sorbete","polipapel","gourmet","biodegradable","blanco","nº1","cbx","20cm","x200","unidades"]},{"id":"CA-640120570999","nombre":"SORBETE POLIPAPEL GOURMET BIODEGRADABLE MULTICOLOR CBX 20cm x 200 UNIDADES","categoria":"Descartables","subcategoria":"Sorbetes Polipapel Y Biodegradables","precio":4485.24,"destacado":false,"descripcion":"","imagen":"assets/products/CA-640120570999.webp","tags":["sorbete","polipapel","gourmet","biodegradable","multicolor","cbx","20cm","200","unidades"]},{"id":"CA-640120560014","nombre":"SORBETE POLIPAPEL GOURMET BIODEGRADABLE NEGRO CBX 20cm x200 UNIDADES","categoria":"Descartables","subcategoria":"Sorbetes Polipapel Y Biodegradables","precio":4257.36,"destacado":false,"descripcion":"","imagen":"assets/products/CA-640120560014.webp","tags":["sorbete","polipapel","gourmet","biodegradable","negro","cbx","20cm","x200","unidades"]},{"id":"CA-640120571999","nombre":"SORBETE POLIPAPEL GOURMET BIODEGRADABLE RAYADO MULTICOLOR CBX 20cm x200 UNIDADES","categoria":"Descartables","subcategoria":"Sorbetes Polipapel Y Biodegradables","precio":4485.24,"destacado":false,"descripcion":"","imagen":"assets/products/CA-640120571999.webp","tags":["sorbete","polipapel","gourmet","biodegradable","rayado","multicolor","cbx","20cm","x200","unidades"]},{"id":"CA-690000135711","nombre":"SORBETE POLIPAPEL IRIDISCENTE PLATEADO 20cm x25 1357","categoria":"Descartables","subcategoria":"Sorbetes Polipapel Y Biodegradables","precio":937.25,"destacado":false,"descripcion":"","imagen":"assets/products/CA-690000135711.webp","tags":["sorbete","polipapel","iridiscente","plateado","20cm","x25","1357"]},{"id":"CA-640120252013","nombre":"SORBETE POLIPAPEL LILA LUNAR BLANCO CBX Nº2013 20 x25","categoria":"Descartables","subcategoria":"Sorbetes Polipapel Y Biodegradables","precio":851.15,"destacado":false,"descripcion":"","imagen":"assets/products/CA-640120252013.webp","tags":["sorbete","polipapel","lila","lunar","blanco","cbx","nº2013","x25"]},{"id":"CA-690000135718","nombre":"SORBETE POLIPAPEL METALIZADO FUCSIA 20cm x25 1357","categoria":"Descartables","subcategoria":"Sorbetes Polipapel Y Biodegradables","precio":937.25,"destacado":false,"descripcion":"","imagen":"assets/products/CA-690000135718.webp","tags":["sorbete","polipapel","metalizado","fucsia","20cm","x25","1357"]},{"id":"CA-640120650000","nombre":"SORBETE POLIPAPEL METALIZADO IRIDISCENTE 20cm X 25","categoria":"Descartables","subcategoria":"Sorbetes Polipapel Y Biodegradables","precio":1107.76,"destacado":false,"descripcion":"","imagen":"assets/products/CA-640120650000.webp","tags":["sorbete","polipapel","metalizado","iridiscente","20cm"]},{"id":"CA-640120650066","nombre":"SORBETE POLIPAPEL METALIZADO IRIDISCENTE ROSA 20cm X 25","categoria":"Descartables","subcategoria":"Sorbetes Polipapel Y Biodegradables","precio":1107.76,"destacado":false,"descripcion":"","imagen":"assets/products/CA-640120650066.webp","tags":["sorbete","polipapel","metalizado","iridiscente","rosa","20cm"]},{"id":"CA-690000135703","nombre":"SORBETE POLIPAPEL METALIZADO VIOLETA 20cm x25 1357","categoria":"Descartables","subcategoria":"Sorbetes Polipapel Y Biodegradables","precio":937.25,"destacado":false,"descripcion":"","imagen":"assets/products/CA-690000135703.webp","tags":["sorbete","polipapel","metalizado","violeta","20cm","x25","1357"]},{"id":"CA-640120250999","nombre":"SORBETE POLIPAPEL MULTICOLOR LISOS/FLUO CBX Nº999 20cm x25","categoria":"Descartables","subcategoria":"Sorbetes Polipapel Y Biodegradables","precio":937.66,"destacado":false,"descripcion":"","imagen":"assets/products/CA-640120250999.webp","tags":["sorbete","polipapel","multicolor","lisos","fluo","cbx","nº999","20cm","x25"]},{"id":"CA-640120251140","nombre":"SORBETE POLIPAPEL RAYADO METAL NEGRO C/PLATEADO CBX Nº1140 20cm x25","categoria":"Descartables","subcategoria":"Sorbetes Polipapel Y Biodegradables","precio":937.66,"destacado":false,"descripcion":"","imagen":"assets/products/CA-640120251140.webp","tags":["sorbete","polipapel","rayado","metal","negro","plateado","cbx","nº1140","20cm","x25"]},{"id":"CA-640120252002","nombre":"SORBETE POLIPAPEL ROJO LUNAR BLANCO CBX Nº2002 20 x25","categoria":"Descartables","subcategoria":"Sorbetes Polipapel Y Biodegradables","precio":851.15,"destacado":false,"descripcion":"","imagen":"assets/products/CA-640120252002.webp","tags":["sorbete","polipapel","rojo","lunar","blanco","cbx","nº2002","x25"]},{"id":"CA-640120252006","nombre":"SORBETE POLIPAPEL ROSA LUNAR BLANCO CBX Nº2006 20cm x25","categoria":"Descartables","subcategoria":"Sorbetes Polipapel Y Biodegradables","precio":851.15,"destacado":false,"descripcion":"","imagen":"assets/products/CA-640120252006.webp","tags":["sorbete","polipapel","rosa","lunar","blanco","cbx","nº2006","20cm","x25"]},{"id":"CA-000000054206","nombre":"TAPA DOMO PARA VASO FRAPPE 98mm PP 480cc(16oz) (BULTO 10x100und) 1013626","categoria":"Descartables","subcategoria":"Vasos Plasticos/Polipapel/Termicos Y Copas","precio":70456.5,"destacado":false,"descripcion":"* (05/12/2025)","imagen":"assets/products/CA-000000054206.webp","tags":["tapa","domo","para","vaso","frappe","98mm","480cc","16oz","bulto","10x100und","1013626"]},{"id":"CA-000000054208","nombre":"TAPA DOMO PARA VASO FRAPPE 98mm PP 480cc(16oz) x100und 9015153","categoria":"Descartables","subcategoria":"Vasos Plasticos/Polipapel/Termicos Y Copas","precio":7609.3,"destacado":false,"descripcion":"* (05/12/2025)","imagen":"assets/products/CA-000000054208.webp","tags":["tapa","domo","para","vaso","frappe","98mm","480cc","16oz","x100und","9015153"]},{"id":"CA-000000046370","nombre":"TAPA DOMO PARA VASO FRAPPE 98mm PP 480cc(16oz) x100und. 9015153","categoria":"Descartables","subcategoria":"Vasos Plasticos/Polipapel/Termicos Y Copas","precio":7609.3,"destacado":false,"descripcion":"* (05/12/2025)","imagen":"assets/products/CA-000000046370.webp","tags":["tapa","domo","para","vaso","frappe","98mm","480cc","16oz","x100und","9015153"]},{"id":"CA-000000003687","nombre":"TAPA PARA POTE 1/2-1/4- (BULTO 24x50)","categoria":"Descartables","subcategoria":"Potes Y Tapas/Compoteras","precio":34672.79,"destacado":false,"descripcion":"* (12/12/2025)","imagen":"assets/products/CA-000000003687.webp","tags":["tapa","para","pote","bulto","24x50"]},{"id":"CA-000000005919","nombre":"TAPA PARA POTE 1/2-1/4-kg x50u.","categoria":"Descartables","subcategoria":"Potes Y Tapas/Compoteras","precio":1560.28,"destacado":false,"descripcion":"* (12/12/2025)","imagen":"assets/products/CA-000000005919.webp","tags":["tapa","para","pote","x50u"]},{"id":"CA-000000041833","nombre":"TAPA PARA POTE 1/8 y 1/2 kg PP (BULTO 20x50) BT0061  AMERICAN PLAST","categoria":"Descartables","subcategoria":"Potes Y Tapas/Compoteras","precio":35955.0,"destacado":false,"descripcion":"* (05/12/2025)","imagen":"assets/products/CA-000000041833.webp","tags":["tapa","para","pote","bulto","20x50","bt0061","american","plast"]},{"id":"CA-000000034009","nombre":"TAPA PARA POTE 1/8-1/2 kg PP x 50 BT0061 AMERICAN PLAST","categoria":"Descartables","subcategoria":"Potes Y Tapas/Compoteras","precio":1941.57,"destacado":false,"descripcion":"* (05/12/2025)","imagen":"assets/products/CA-000000034009.webp","tags":["tapa","para","pote","bt0061","american","plast"]},{"id":"CA-000000011226","nombre":"TAPA PARA POTE 1kg (BULTO 12x50)","categoria":"Descartables","subcategoria":"Potes Y Tapas/Compoteras","precio":29207.66,"destacado":false,"descripcion":"* (12/12/2025)","imagen":"assets/products/CA-000000011226.webp","tags":["tapa","para","pote","1kg","bulto","12x50"]},{"id":"CA-000000005921","nombre":"TAPA PARA POTE 1kgx50","categoria":"Descartables","subcategoria":"Potes Y Tapas/Compoteras","precio":2628.69,"destacado":false,"descripcion":"* (12/12/2025)","imagen":"assets/products/CA-000000005921.webp","tags":["tapa","para","pote","1kgx50"]},{"id":"CA-000000009250","nombre":"TARTA HORNAL P20 GRANEL (BULTO x600) AF","categoria":"Descartables","subcategoria":"Hornales","precio":68747.42,"destacado":false,"descripcion":"","imagen":"assets/products/CA-000000009250.webp","tags":["tarta","hornal","p20","granel","bulto","x600"]},{"id":"CA-000000038819","nombre":"TARTA HORNAL P20 x25 AF","categoria":"Descartables","subcategoria":"Hornales","precio":3139.47,"destacado":false,"descripcion":"","imagen":"assets/products/CA-000000038819.webp","tags":["tarta","hornal","p20","x25"]},{"id":"CA-000000011276","nombre":"TARTA HORNAL P23 GRANEL (BULTO x300) AF","categoria":"Descartables","subcategoria":"Hornales","precio":44917.53,"destacado":false,"descripcion":"","imagen":"assets/products/CA-000000011276.webp","tags":["tarta","hornal","p23","granel","bulto","x300"]},{"id":"CA-000000038820","nombre":"TARTA HORNAL P23 x25 AF","categoria":"Descartables","subcategoria":"Hornales","precio":4102.47,"destacado":false,"descripcion":"","imagen":"assets/products/CA-000000038820.webp","tags":["tarta","hornal","p23","x25"]},{"id":"CA-000000011188","nombre":"TARTA HORNAL P26 A GRANEL (BULTO x300) AF","categoria":"Descartables","subcategoria":"Hornales","precio":56927.0,"destacado":false,"descripcion":"","imagen":"assets/products/CA-000000011188.webp","tags":["tarta","hornal","p26","granel","bulto","x300"]},{"id":"CA-000000038822","nombre":"TARTA HORNAL P26 x25 AF","categoria":"Descartables","subcategoria":"Hornales","precio":5199.33,"destacado":false,"descripcion":"","imagen":"assets/products/CA-000000038822.webp","tags":["tarta","hornal","p26","x25"]},{"id":"CA-000000010529","nombre":"TARTA HORNAL P29 GRANEL (BULTOx150) AF","categoria":"Descartables","subcategoria":"Hornales","precio":41161.86,"destacado":false,"descripcion":"","imagen":"assets/products/CA-000000010529.webp","tags":["tarta","hornal","p29","granel","bultox150"]},{"id":"CA-000000038823","nombre":"TARTA HORNAL P29 x25 AF","categoria":"Descartables","subcategoria":"Hornales","precio":7518.9,"destacado":false,"descripcion":"","imagen":"assets/products/CA-000000038823.webp","tags":["tarta","hornal","p29","x25"]},{"id":"CA-000000009592","nombre":"TARTA HORNAL P33 A GRANEL (BULTO x150) AF","categoria":"Descartables","subcategoria":"Hornales","precio":52636.4,"destacado":false,"descripcion":"","imagen":"assets/products/CA-000000009592.webp","tags":["tarta","hornal","p33","granel","bulto","x150"]},{"id":"CA-000000038824","nombre":"TARTA HORNAL P33 x25 AF","categoria":"Descartables","subcategoria":"Hornales","precio":9614.92,"destacado":false,"descripcion":"","imagen":"assets/products/CA-000000038824.webp","tags":["tarta","hornal","p33","x25"]},{"id":"CA-000000033946","nombre":"TARTA HORNAL/PROVOLETA P14 A GRANEL  (BULTO x800) AF","categoria":"Descartables","subcategoria":"Hornales","precio":86566.28,"destacado":false,"descripcion":"","imagen":"assets/products/CA-000000033946.webp","tags":["tarta","hornal","provoleta","p14","granel","bulto","x800"]},{"id":"CA-000000038821","nombre":"TARTA HORNAL/PROVOLETA P14 x 25 AF","categoria":"Descartables","subcategoria":"Hornales","precio":2964.9,"destacado":false,"descripcion":"","imagen":"assets/products/CA-000000038821.webp","tags":["tarta","hornal","provoleta","p14"]},{"id":"CA-779809870505","nombre":"TENEDOR BLANCO FRACCIONADO (BULTO 20 x50) x1000 KV 6001B/50 (12)","categoria":"Descartables","subcategoria":"Cubiertos","precio":12976.25,"destacado":false,"descripcion":"","imagen":"assets/products/CA-779809870505.webp","tags":["tenedor","blanco","fraccionado","bulto","x50","x1000","6001b"]},{"id":"CA-779809870506","nombre":"TENEDOR BLANCO KV x50 6025B","categoria":"Descartables","subcategoria":"Cubiertos","precio":700.72,"destacado":false,"descripcion":"","imagen":"assets/products/CA-779809870506.webp","tags":["tenedor","blanco","x50","6025b"]},{"id":"CA-000000034020","nombre":"TENEDOR BLANCO REFORZADO A GRANEL (BULTO x1000) FF201 (10)","categoria":"Descartables","subcategoria":"Cubiertos","precio":15469.05,"destacado":false,"descripcion":"* (19/12/2025)","imagen":"assets/products/CA-000000034020.webp","tags":["tenedor","blanco","reforzado","granel","bulto","x1000","ff201"]},{"id":"CA-000000034027","nombre":"TENEDOR BLANCO REFORZADO FRACCIONADO (BULTO 10x100) FF201BL (11)","categoria":"Descartables","subcategoria":"Cubiertos","precio":17789.41,"destacado":false,"descripcion":"* (19/12/2025)","imagen":"assets/products/CA-000000034027.webp","tags":["tenedor","blanco","reforzado","fraccionado","bulto","10x100","ff201bl"]},{"id":"CA-000000034028","nombre":"TENEDOR BLANCO REFORZADO x100","categoria":"Descartables","subcategoria":"Cubiertos","precio":1921.25,"destacado":false,"descripcion":"* (19/12/2025)","imagen":"assets/products/CA-000000034028.webp","tags":["tenedor","blanco","reforzado","x100"]},{"id":"CA-779908803244","nombre":"TENEDOR DE MADERA 17cm x25 und. PAS6","categoria":"Descartables","subcategoria":"Cubiertos","precio":1074.08,"destacado":false,"descripcion":"","imagen":"assets/products/CA-779908803244.webp","tags":["tenedor","madera","17cm","x25","und","pas6"]},{"id":"CA-960100010000","nombre":"TENEDOR DE MADERA C.B.X (13cm) x50","categoria":"Descartables","subcategoria":"Cubiertos","precio":2368.55,"destacado":false,"descripcion":"","imagen":"assets/products/CA-960100010000.webp","tags":["tenedor","madera","13cm","x50"]},{"id":"CA-000000037452","nombre":"TENEDOR MINI DEGUSTACION BLANCO x50unid","categoria":"Descartables","subcategoria":"Linea Petit Gourmet Y Accesorios Copetin","precio":2570.4,"destacado":false,"descripcion":"","imagen":"assets/products/CA-000000037452.webp","tags":["tenedor","mini","degustacion","blanco","x50unid"]},{"id":"CA-000000037453","nombre":"TENEDOR MINI DEGUSTACION CRISTAL x50unid","categoria":"Descartables","subcategoria":"Linea Petit Gourmet Y Accesorios Copetin","precio":2570.4,"destacado":false,"descripcion":"","imagen":"assets/products/CA-000000037453.webp","tags":["tenedor","mini","degustacion","cristal","x50unid"]},{"id":"CA-000000037814","nombre":"TENEDOR MINI DEGUSTACION MULTICOLOR  x50und.","categoria":"Descartables","subcategoria":"Linea Petit Gourmet Y Accesorios Copetin","precio":2570.4,"destacado":false,"descripcion":"","imagen":"assets/products/CA-000000037814.webp","tags":["tenedor","mini","degustacion","multicolor","x50und"]},{"id":"CA-000000037454","nombre":"TENEDOR MINI DEGUSTACION NEGRO x50unid","categoria":"Descartables","subcategoria":"Linea Petit Gourmet Y Accesorios Copetin","precio":2570.4,"destacado":false,"descripcion":"","imagen":"assets/products/CA-000000037454.webp","tags":["tenedor","mini","degustacion","negro","x50unid"]},{"id":"CA-000000034777","nombre":"TENEDOR REFORZADO BLANCO (19 Cm) x10","categoria":"Descartables","subcategoria":"Cubiertos","precio":716.85,"destacado":false,"descripcion":"","imagen":"assets/products/CA-000000034777.webp","tags":["tenedor","reforzado","blanco","x10"]}]}