{"category_slug":"descartables","subcategory_slug":"","page":8,"page_size":48,"total":1365,"items":[{"id":"CA-000000057665","nombre":"CAJA MULTIUSO BEIGE DULZURA PARA COMPARTIR COOKIES/ALFAJORES/CHOCOLATES art541 x25 CHO","categoria":"Descartables","subcategoria":"Cajas, Bandejas, Estuches Multiuso","precio":10542.66,"destacado":false,"descripcion":"","imagen":"assets/products/CA-000000057665.webp","tags":["caja","multiuso","beige","dulzura","para","compartir","cookies","alfajores","chocolates","art541","x25","cho"]},{"id":"CA-000000056356","nombre":"CAJA MULTIUSO BEIGE MACARONS FELIZ DIA (21x5x5cm) art536 x25u.CHO(CH13)","categoria":"Descartables","subcategoria":"Cajas, Bandejas, Estuches Multiuso","precio":5421.94,"destacado":false,"descripcion":"","imagen":"assets/products/CA-000000056356.webp","tags":["caja","multiuso","beige","macarons","feliz","dia","21x5x5cm","art536","x25u","cho","ch13"]},{"id":"CA-000000056126","nombre":"CAJA MULTIUSO BLANCA CON VISOR ESTRELLA (10x10x5)1059x10 SOLUEM (CH3)","categoria":"Descartables","subcategoria":"Cajas, Bandejas, Estuches Multiuso","precio":4762.8,"destacado":false,"descripcion":"","imagen":"assets/products/CA-000000056126.webp","tags":["caja","multiuso","blanca","con","visor","estrella","10x10x5","1059x10","soluem","ch3"]},{"id":"CA-000000058607","nombre":"CAJA MULTIUSO BLANCA CON VISOR LOVE CON CORAZONES ROJOS COOKIE 1059 C x10 u.SOLUEM","categoria":"Descartables","subcategoria":"Cajas, Bandejas, Estuches Multiuso","precio":7047.0,"destacado":false,"descripcion":"NUEVO 17/12/2025","imagen":"assets/products/CA-000000058607.webp","tags":["caja","multiuso","blanca","con","visor","love","con","corazones","rojos","cookie","1059","x10"]},{"id":"CA-000000056115","nombre":"CAJA MULTIUSO BLANCA CON VISOR Y MANIJA CHICA 1105 x10 SOLUEM (CH8)","categoria":"Descartables","subcategoria":"Cajas, Bandejas, Estuches Multiuso","precio":7234.79,"destacado":false,"descripcion":"","imagen":"assets/products/CA-000000056115.webp","tags":["caja","multiuso","blanca","con","visor","manija","chica","1105","x10","soluem","ch8"]},{"id":"CA-000000056125","nombre":"CAJA MULTIUSO BLANCA CON VISOR Y MANIJA GRANDE 1107 x10 SOLUEM (G3)","categoria":"Descartables","subcategoria":"Cajas, Bandejas, Estuches Multiuso","precio":12658.56,"destacado":false,"descripcion":"","imagen":"assets/products/CA-000000056125.webp","tags":["caja","multiuso","blanca","con","visor","manija","grande","1107","x10","soluem"]},{"id":"CA-000000056123","nombre":"CAJA MULTIUSO BLANCA CON VISOR Y MANIJA MEDIANA 1106 x10 SOLUEM (M6)","categoria":"Descartables","subcategoria":"Cajas, Bandejas, Estuches Multiuso","precio":13945.5,"destacado":false,"descripcion":"","imagen":"assets/products/CA-000000056123.webp","tags":["caja","multiuso","blanca","con","visor","manija","mediana","1106","x10","soluem"]},{"id":"CA-000000057666","nombre":"CAJA MULTIUSO BLANCA COOKIES/ALFAJORES/CHOCOLATES art542 x25 CHO","categoria":"Descartables","subcategoria":"Cajas, Bandejas, Estuches Multiuso","precio":10542.66,"destacado":false,"descripcion":"","imagen":"assets/products/CA-000000057666.webp","tags":["caja","multiuso","blanca","cookies","alfajores","chocolates","art542","x25","cho"]},{"id":"CA-000000058178","nombre":"CAJA MULTIUSO BUDIN CON VISOR KRAFT CON RENOS BLANCOS 5021 x10u.SOLUEM SERVI","categoria":"Descartables","subcategoria":"Cajas, Bandejas, Estuches Multiuso","precio":9180.0,"destacado":false,"descripcion":"","imagen":"assets/products/CA-000000058178.webp","tags":["caja","multiuso","budin","con","visor","kraft","con","renos","blancos","5021","x10u","soluem"]},{"id":"CA-000000058170","nombre":"CAJA MULTIUSO BUDIN CON VISOR LINEA MAGIA 1102A x10u.SOLUEM SERVI","categoria":"Descartables","subcategoria":"Cajas, Bandejas, Estuches Multiuso","precio":11880.0,"destacado":false,"descripcion":"","imagen":"assets/products/CA-000000058170.webp","tags":["caja","multiuso","budin","con","visor","linea","magia","1102a","x10u","soluem","servi"]},{"id":"CA-000000058171","nombre":"CAJA MULTIUSO BUDIN CON VISOR LINEA NOEL1102 x10u.SOLUEM SERVI","categoria":"Descartables","subcategoria":"Cajas, Bandejas, Estuches Multiuso","precio":11880.0,"destacado":false,"descripcion":"","imagen":"assets/products/CA-000000058171.webp","tags":["caja","multiuso","budin","con","visor","linea","noel1102","x10u","soluem","servi"]},{"id":"CA-000000057659","nombre":"CAJA MULTIUSO CON MUCHO AMOR (26x26x10cm) art.534 x 25u.CHO","categoria":"Descartables","subcategoria":"Cajas, Bandejas, Estuches Multiuso","precio":20784.1,"destacado":false,"descripcion":"","imagen":"assets/products/CA-000000057659.webp","tags":["caja","multiuso","con","mucho","amor","26x26x10cm","art","534","25u","cho"]},{"id":"CA-000000056847","nombre":"CAJA MULTIUSO CON MUCHO AMOR FONDO DEL MAR (20x20x9.8cm) art.1017 x 25u.CHO","categoria":"Descartables","subcategoria":"Cajas, Bandejas, Estuches Multiuso","precio":18976.79,"destacado":false,"descripcion":"","imagen":"assets/products/CA-000000056847.webp","tags":["caja","multiuso","con","mucho","amor","fondo","del","mar","20x20x9","8cm","art","1017"]},{"id":"CA-000000051438","nombre":"CAJA MULTIUSO CON TAPA (27x27x15cm) art.1373 x6u.CARAMBIA (G8)","categoria":"Descartables","subcategoria":"Cajas, Bandejas, Estuches Multiuso","precio":10432.1,"destacado":false,"descripcion":"","imagen":"assets/products/CA-000000051438.webp","tags":["caja","multiuso","con","tapa","27x27x15cm","art","1373","x6u","carambia"]},{"id":"CA-000000051439","nombre":"CAJA MULTIUSO CON TAPA (30x30x15cm) art.1374 x6u.CARAMBIA (G14)","categoria":"Descartables","subcategoria":"Cajas, Bandejas, Estuches Multiuso","precio":11238.22,"destacado":false,"descripcion":"","imagen":"assets/products/CA-000000051439.webp","tags":["caja","multiuso","con","tapa","30x30x15cm","art","1374","x6u","carambia","g14"]},{"id":"CA-000000051437","nombre":"CAJA MULTIUSO CON VISOR 12 CUPCAKES art.1375 x6u.CARAMBIA (G18)","categoria":"Descartables","subcategoria":"Cajas, Bandejas, Estuches Multiuso","precio":10310.19,"destacado":false,"descripcion":"","imagen":"assets/products/CA-000000051437.webp","tags":["caja","multiuso","con","visor","cupcakes","art","1375","x6u","carambia","g18"]},{"id":"CA-000000057652","nombre":"CAJA MULTIUSO CON VISOR CORAZON FELIZ DIA ROSA CORAZONES DORADOS (24x24x9)CARAMBIA x10","categoria":"Descartables","subcategoria":"Cajas, Bandejas, Estuches Multiuso","precio":14862.49,"destacado":false,"descripcion":"","imagen":"assets/products/CA-000000057652.webp","tags":["caja","multiuso","con","visor","corazon","feliz","dia","rosa","corazones","dorados","24x24x9","carambia"]},{"id":"CA-779387691128","nombre":"CAJA MULTIUSO CON VISOR CUADRADA CTMCV001(25 x25 x10cm) x25 MEDORO (G1)","categoria":"Descartables","subcategoria":"Cajas, Bandejas, Estuches Multiuso","precio":17326.91,"destacado":false,"descripcion":"","imagen":"assets/products/CA-779387691128.webp","tags":["caja","multiuso","con","visor","cuadrada","ctmcv001","x25","x10cm","x25","medoro"]},{"id":"CA-000000057650","nombre":"CAJA MULTIUSO CON VISOR FLOR FELIZ DIA CON FLORES (19x19x8)CARAMBIA x10","categoria":"Descartables","subcategoria":"Cajas, Bandejas, Estuches Multiuso","precio":10136.97,"destacado":false,"descripcion":"","imagen":"assets/products/CA-000000057650.webp","tags":["caja","multiuso","con","visor","flor","feliz","dia","con","flores","19x19x8","carambia","x10"]},{"id":"CA-000000045451","nombre":"CAJA MULTIUSO CON VISOR ONDAS ROSA x10 (18 x11cm) CARAMBIA x10  (CH1)","categoria":"Descartables","subcategoria":"Cajas, Bandejas, Estuches Multiuso","precio":8051.55,"destacado":false,"descripcion":"","imagen":"assets/products/CA-000000045451.webp","tags":["caja","multiuso","con","visor","ondas","rosa","x10","x11cm","carambia","x10","ch1"]},{"id":"CA-779387694478","nombre":"CAJA MULTIUSO CON VISOR RECTANGULAR CMRV001(25x16x11cm) x25 MEDORO (M4)","categoria":"Descartables","subcategoria":"Cajas, Bandejas, Estuches Multiuso","precio":11646.53,"destacado":false,"descripcion":"","imagen":"assets/products/CA-779387694478.webp","tags":["caja","multiuso","con","visor","rectangular","cmrv001","25x16x11cm","x25","medoro"]},{"id":"CA-000000051436","nombre":"CAJA MULTIUSO CON VISOR RECTANGULAR(31x24x9.5cm) art.1371  x6u.CARAMBIA (G19)","categoria":"Descartables","subcategoria":"Cajas, Bandejas, Estuches Multiuso","precio":7947.79,"destacado":false,"descripcion":"","imagen":"assets/products/CA-000000051436.webp","tags":["caja","multiuso","con","visor","rectangular","31x24x9","5cm","art","1371","x6u","carambia","g19"]},{"id":"CA-000000047422","nombre":"CAJA MULTIUSO CON VISOR Y CORBATA DIA DEL PADREx10u.CARAMBIA","categoria":"Descartables","subcategoria":"Cajas, Bandejas, Estuches Multiuso","precio":9879.12,"destacado":false,"descripcion":"","imagen":"assets/products/CA-000000047422.webp","tags":["caja","multiuso","con","visor","corbata","dia","del","padrex10u","carambia"]},{"id":"CA-779387693028","nombre":"CAJA MULTIUSO CORAZON CON VENTANA 6 CUPCAKE CCCV010 x10u.(21x15x8cm) M10 (CH4)","categoria":"Descartables","subcategoria":"Cajas, Bandejas, Estuches Multiuso","precio":3516.29,"destacado":false,"descripcion":"","imagen":"assets/products/CA-779387693028.webp","tags":["caja","multiuso","corazon","con","ventana","cupcake","cccv010","x10u","21x15x8cm","m10","ch4"]},{"id":"CA-779387691127","nombre":"CAJA MULTIUSO CUADRADA MEDIANA CTMC001 (25 x25 x10cm) x25 M21 MEDORO (G20)","categoria":"Descartables","subcategoria":"Cajas, Bandejas, Estuches Multiuso","precio":13023.18,"destacado":false,"descripcion":"","imagen":"assets/products/CA-779387691127.webp","tags":["caja","multiuso","cuadrada","mediana","ctmc001","x25","x10cm","x25","m21","medoro","g20"]},{"id":"CA-000000056096","nombre":"CAJA MULTIUSO CUBO CON VISORES Y APLIQUE (BABY) x4u.CALUMI (M7)","categoria":"Descartables","subcategoria":"Cajas, Bandejas, Estuches Multiuso","precio":4698.0,"destacado":false,"descripcion":"","imagen":"assets/products/CA-000000056096.webp","tags":["caja","multiuso","cubo","con","visores","aplique","baby","x4u","calumi"]},{"id":"CA-000000049445","nombre":"CAJA MULTIUSO CUBO DIA DEL PADRE MODELOS SURTIDOS(12x12x12cm)x10u.CARAMBIA","categoria":"Descartables","subcategoria":"Cajas, Bandejas, Estuches Multiuso","precio":7752.31,"destacado":false,"descripcion":"","imagen":"assets/products/CA-000000049445.webp","tags":["caja","multiuso","cubo","dia","del","padre","modelos","surtidos","12x12x12cm","x10u","carambia"]},{"id":"CA-779387694934","nombre":"CAJA MULTIUSO DELIVERY KRAFT RECTANGULAR GRANDE CTADG025 (25 x17 x9cm) x25 MEDORO  (M1)","categoria":"Descartables","subcategoria":"Cajas, Bandejas, Estuches Multiuso","precio":6132.11,"destacado":false,"descripcion":"","imagen":"assets/products/CA-779387694934.webp","tags":["caja","multiuso","delivery","kraft","rectangular","grande","ctadg025","x17","x9cm","x25","medoro"]},{"id":"CA-000000058600","nombre":"CAJA MULTIUSO DIA DE LOS ENAMORADOS BLANCA CON CORAZONCITOS Y FRASE CON AMOR x10u.CARAMBIA","categoria":"Descartables","subcategoria":"Cajas, Bandejas, Estuches Multiuso","precio":9081.45,"destacado":false,"descripcion":"NUEVO 17/12/2025","imagen":"assets/products/CA-000000058600.webp","tags":["caja","multiuso","dia","los","enamorados","blanca","con","corazoncitos","frase","con","amor","x10u"]},{"id":"CA-000000050768","nombre":"CAJA MULTIUSO DIA DE LOS ENAMORADOS BLANCA CON CORAZONES Y VISOR x6u.CARAMBIA","categoria":"Descartables","subcategoria":"Cajas, Bandejas, Estuches Multiuso","precio":9930.74,"destacado":false,"descripcion":"* (15/12/2025)","imagen":"assets/products/CA-000000050768.webp","tags":["caja","multiuso","dia","los","enamorados","blanca","con","corazones","visor","x6u","carambia"]},{"id":"CA-000000050769","nombre":"CAJA MULTIUSO DIA DE LOS ENAMORADOS BOMBONES/CHOCOLATES CORAZONES CON FRASE n19 x6u.carambia","categoria":"Descartables","subcategoria":"Cajas, Bandejas, Estuches Multiuso","precio":3327.21,"destacado":false,"descripcion":"* (15/12/2025)","imagen":"assets/products/CA-000000050769.webp","tags":["caja","multiuso","dia","los","enamorados","bombones","chocolates","corazones","con","frase","n19","x6u"]},{"id":"CA-000000055268","nombre":"CAJA MULTIUSO DIA DE LOS ENAMORADOS CUBO ROJA CORAZONES CON VISOR n1 x10u.CARAMBIA","categoria":"Descartables","subcategoria":"Cajas, Bandejas, Estuches Multiuso","precio":8339.63,"destacado":false,"descripcion":"* (15/12/2025)","imagen":"assets/products/CA-000000055268.webp","tags":["caja","multiuso","dia","los","enamorados","cubo","roja","corazones","con","visor","x10u","carambia"]},{"id":"CA-000000055269","nombre":"CAJA MULTIUSO DIA DE LOS ENAMORADOS ROJA CON CORAZONES CON VISOR n3 x10u.CARAMBIA","categoria":"Descartables","subcategoria":"Cajas, Bandejas, Estuches Multiuso","precio":7089.66,"destacado":false,"descripcion":"* (15/12/2025)","imagen":"assets/products/CA-000000055269.webp","tags":["caja","multiuso","dia","los","enamorados","roja","con","corazones","con","visor","x10u","carambia"]},{"id":"CA-000000055267","nombre":"CAJA MULTIUSO DIA DE LOS ENAMORADOS ROJA CORAZON CON AMOR n6 x10u.CARAMBIA","categoria":"Descartables","subcategoria":"Cajas, Bandejas, Estuches Multiuso","precio":9132.08,"destacado":false,"descripcion":"* (15/12/2025)","imagen":"assets/products/CA-000000055267.webp","tags":["caja","multiuso","dia","los","enamorados","roja","corazon","con","amor","x10u","carambia"]},{"id":"CA-000000058601","nombre":"CAJA MULTIUSO DIA DE LOS ENAMORADOS ROJA HOLA(feliz dia) x10u.CARAMBIA","categoria":"Descartables","subcategoria":"Cajas, Bandejas, Estuches Multiuso","precio":3962.66,"destacado":false,"descripcion":"NUEVO 17/12/2025","imagen":"assets/products/CA-000000058601.webp","tags":["caja","multiuso","dia","los","enamorados","roja","hola","feliz","dia","x10u","carambia"]},{"id":"CA-000000056850","nombre":"CAJA MULTIUSO DIA DEL NIÑO CUBO CON VISORES Y APLIQUE FELIZ DIA x4u.CALUMI","categoria":"Descartables","subcategoria":"Cajas, Bandejas, Estuches Multiuso","precio":4536.0,"destacado":false,"descripcion":"","imagen":"assets/products/CA-000000056850.webp","tags":["caja","multiuso","dia","del","niño","cubo","con","visores","aplique","feliz","dia","x4u"]},{"id":"CA-000000056846","nombre":"CAJA MULTIUSO DIVERSION BOSQUE (20x20x9.8cm) art.1020 x 25u.CHO","categoria":"Descartables","subcategoria":"Cajas, Bandejas, Estuches Multiuso","precio":18976.79,"destacado":false,"descripcion":"","imagen":"assets/products/CA-000000056846.webp","tags":["caja","multiuso","diversion","bosque","20x20x9","8cm","art","1020","25u","cho"]},{"id":"CA-000000056113","nombre":"CAJA MULTIUSO DONNA KRAFT CON VISOR 5011 x10 SOLUEM (M3)","categoria":"Descartables","subcategoria":"Cajas, Bandejas, Estuches Multiuso","precio":8037.23,"destacado":false,"descripcion":"","imagen":"assets/products/CA-000000056113.webp","tags":["caja","multiuso","donna","kraft","con","visor","5011","x10","soluem"]},{"id":"CA-000000057663","nombre":"CAJA MULTIUSO FELICIDAD COOKIES/ALFAJORES/CHOCOLATES art539 x25 CHO","categoria":"Descartables","subcategoria":"Cajas, Bandejas, Estuches Multiuso","precio":10542.66,"destacado":false,"descripcion":"","imagen":"assets/products/CA-000000057663.webp","tags":["caja","multiuso","felicidad","cookies","alfajores","chocolates","art539","x25","cho"]},{"id":"CA-000000056848","nombre":"CAJA MULTIUSO FELIZ DIA BOSQUE (26x26x10cm) art.1019 x 25u.CHO","categoria":"Descartables","subcategoria":"Cajas, Bandejas, Estuches Multiuso","precio":21085.31,"destacado":false,"descripcion":"","imagen":"assets/products/CA-000000056848.webp","tags":["caja","multiuso","feliz","dia","bosque","26x26x10cm","art","1019","25u","cho"]},{"id":"CA-000000057661","nombre":"CAJA MULTIUSO FELIZ DIA ENTREGA ESPECIAL (26x26x10cm) art.1022 x 25u.CHO","categoria":"Descartables","subcategoria":"Cajas, Bandejas, Estuches Multiuso","precio":26046.56,"destacado":false,"descripcion":"","imagen":"assets/products/CA-000000057661.webp","tags":["caja","multiuso","feliz","dia","entrega","especial","26x26x10cm","art","1022","25u","cho"]},{"id":"CA-000000056849","nombre":"CAJA MULTIUSO FELIZ DIA FONDO DEL MAR (26x26x10cm) art.1016 x 25u.CHO","categoria":"Descartables","subcategoria":"Cajas, Bandejas, Estuches Multiuso","precio":21085.31,"destacado":false,"descripcion":"","imagen":"assets/products/CA-000000056849.webp","tags":["caja","multiuso","feliz","dia","fondo","del","mar","26x26x10cm","art","1016","25u","cho"]},{"id":"CA-000000057657","nombre":"CAJA MULTIUSO FELIZ DIA MAMA (20x20x9.8cm) art.1024x 25u.CHO","categoria":"Descartables","subcategoria":"Cajas, Bandejas, Estuches Multiuso","precio":22325.63,"destacado":false,"descripcion":"","imagen":"assets/products/CA-000000057657.webp","tags":["caja","multiuso","feliz","dia","mama","20x20x9","8cm","art","1024x","25u","cho"]},{"id":"CA-000000056350","nombre":"CAJA MULTIUSO FELIZ DIA PAPA CON RELIEVE (20x20x9.8cm) art.1011 x25u.CHO","categoria":"Descartables","subcategoria":"Cajas, Bandejas, Estuches Multiuso","precio":18976.79,"destacado":false,"descripcion":"","imagen":"assets/products/CA-000000056350.webp","tags":["caja","multiuso","feliz","dia","papa","con","relieve","20x20x9","8cm","art","1011","x25u"]},{"id":"CA-000000056349","nombre":"CAJA MULTIUSO FELIZ DIA PAPA POSTAL (26x26x10cm) art.1010x25u.CHO","categoria":"Descartables","subcategoria":"Cajas, Bandejas, Estuches Multiuso","precio":21085.31,"destacado":false,"descripcion":"","imagen":"assets/products/CA-000000056349.webp","tags":["caja","multiuso","feliz","dia","papa","postal","26x26x10cm","art","1010x25u","cho"]},{"id":"CA-000000057662","nombre":"CAJA MULTIUSO FLOR BEIGE MA (26x26x10cm) art.1023 x 25u.CHO","categoria":"Descartables","subcategoria":"Cajas, Bandejas, Estuches Multiuso","precio":26046.56,"destacado":false,"descripcion":"","imagen":"assets/products/CA-000000057662.webp","tags":["caja","multiuso","flor","beige","26x26x10cm","art","1023","25u","cho"]},{"id":"CA-000000051681","nombre":"CAJA MULTIUSO IMPRESA CON VISOR PAPA FELIZ DIA 9006 (26x17x9)x10 u.SOLUEM SERVI","categoria":"Descartables","subcategoria":"Cajas, Bandejas, Estuches Multiuso","precio":13041.0,"destacado":false,"descripcion":"","imagen":"assets/products/CA-000000051681.webp","tags":["caja","multiuso","impresa","con","visor","papa","feliz","dia","9006","26x17x9","x10","soluem"]},{"id":"CA-000000051682","nombre":"CAJA MULTIUSO IMPRESA DIA DEL PADRE ( 11x11) 9007x10 u.SOLUEM SERVI","categoria":"Descartables","subcategoria":"Cajas, Bandejas, Estuches Multiuso","precio":8405.78,"destacado":false,"descripcion":"","imagen":"assets/products/CA-000000051682.webp","tags":["caja","multiuso","impresa","dia","del","padre","11x11","9007x10","soluem","servi"]}]}