{"category_slug":"descartables","subcategory_slug":"","page":9,"page_size":48,"total":1365,"items":[{"id":"CA-000000056112","nombre":"CAJA MULTIUSO KRAFT DEGUSTACION TAPA DE ACETATO 5008 x10 u.SOLUEM (G2)","categoria":"Descartables","subcategoria":"Cajas, Bandejas, Estuches Multiuso","precio":11311.65,"destacado":false,"descripcion":"","imagen":"assets/products/CA-000000056112.webp","tags":["caja","multiuso","kraft","degustacion","tapa","acetato","5008","x10","soluem"]},{"id":"CA-000000051680","nombre":"CAJA MULTIUSO KRAFT FELIZ DIA PAPA 2333 x10 u.(32x25x10cm) MORRONI","categoria":"Descartables","subcategoria":"Cajas, Bandejas, Estuches Multiuso","precio":8788.5,"destacado":false,"descripcion":"","imagen":"assets/products/CA-000000051680.webp","tags":["caja","multiuso","kraft","feliz","dia","papa","2333","x10","32x25x10cm","morroni"]},{"id":"CA-000000051683","nombre":"CAJA MULTIUSO KRAFT PAPA 9023 (20x20x5)x10 u.SOLUEM SERVI","categoria":"Descartables","subcategoria":"Cajas, Bandejas, Estuches Multiuso","precio":9199.58,"destacado":false,"descripcion":"","imagen":"assets/products/CA-000000051683.webp","tags":["caja","multiuso","kraft","papa","9023","20x20x5","x10","soluem","servi"]},{"id":"CA-000000057613","nombre":"CAJA MULTIUSO LINEA FLORECE DEGUSTACION TAPA DE ACETATO 9209 x10 u.SOLUEM","categoria":"Descartables","subcategoria":"Cajas, Bandejas, Estuches Multiuso","precio":15167.25,"destacado":false,"descripcion":"","imagen":"assets/products/CA-000000057613.webp","tags":["caja","multiuso","linea","florece","degustacion","tapa","acetato","9209","x10","soluem"]},{"id":"CA-000000057617","nombre":"CAJA MULTIUSO LINEA FLORECE LOVE (10x10x5) 9222 C x10 SOLUEM","categoria":"Descartables","subcategoria":"Cajas, Bandejas, Estuches Multiuso","precio":5460.21,"destacado":false,"descripcion":"","imagen":"assets/products/CA-000000057617.webp","tags":["caja","multiuso","linea","florece","love","10x10x5","9222","x10","soluem"]},{"id":"CA-000000057614","nombre":"CAJA MULTIUSO LINEA FLORECE MACARONS CON VISOR 9223A x10 SOLUEM","categoria":"Descartables","subcategoria":"Cajas, Bandejas, Estuches Multiuso","precio":8615.0,"destacado":false,"descripcion":"","imagen":"assets/products/CA-000000057614.webp","tags":["caja","multiuso","linea","florece","macarons","con","visor","9223a","x10","soluem"]},{"id":"CA-000000057615","nombre":"CAJA MULTIUSO LINEA FLORECE MALETIN 9229 x10u.SOLUEM SERVI","categoria":"Descartables","subcategoria":"Cajas, Bandejas, Estuches Multiuso","precio":11982.13,"destacado":false,"descripcion":"","imagen":"assets/products/CA-000000057615.webp","tags":["caja","multiuso","linea","florece","maletin","9229","x10u","soluem","servi"]},{"id":"CA-000000057619","nombre":"CAJA MULTIUSO LINEA FLORECE MINI BOX 9207 A x10u.SOLUEM SERVI","categoria":"Descartables","subcategoria":"Cajas, Bandejas, Estuches Multiuso","precio":9600.88,"destacado":false,"descripcion":"","imagen":"assets/products/CA-000000057619.webp","tags":["caja","multiuso","linea","florece","mini","box","9207","x10u","soluem","servi"]},{"id":"CA-000000057616","nombre":"CAJA MULTIUSO LINEA FLORECE RECTANGULAR CON VISOR 9213x10 SOLUEM","categoria":"Descartables","subcategoria":"Cajas, Bandejas, Estuches Multiuso","precio":10617.08,"destacado":false,"descripcion":"","imagen":"assets/products/CA-000000057616.webp","tags":["caja","multiuso","linea","florece","rectangular","con","visor","9213x10","soluem"]},{"id":"CA-000000056355","nombre":"CAJA MULTIUSO MACARONS QUE LO DISFRUTES (21x5x5cm) art535x25 CHO (CH12)","categoria":"Descartables","subcategoria":"Cajas, Bandejas, Estuches Multiuso","precio":5421.94,"destacado":false,"descripcion":"","imagen":"assets/products/CA-000000056355.webp","tags":["caja","multiuso","macarons","que","disfrutes","21x5x5cm","art535x25","cho","ch12"]},{"id":"CA-779387697268","nombre":"CAJA MULTIUSO MALETIN BLANCO CON VISOR x25 CEMMGV001 MEDORO (G7)","categoria":"Descartables","subcategoria":"Cajas, Bandejas, Estuches Multiuso","precio":13023.18,"destacado":false,"descripcion":"","imagen":"assets/products/CA-779387697268.webp","tags":["caja","multiuso","maletin","blanco","con","visor","x25","cemmgv001","medoro"]},{"id":"CA-779387697966","nombre":"CAJA MULTIUSO MALETIN KRAFT CON MANIJA CEMM025 (19 x11 x11cm) x25 MEDORO (M11)","categoria":"Descartables","subcategoria":"Cajas, Bandejas, Estuches Multiuso","precio":3353.68,"destacado":false,"descripcion":"","imagen":"assets/products/CA-779387697966.webp","tags":["caja","multiuso","maletin","kraft","con","manija","cemm025","x11","x11cm","x25","medoro","m11"]},{"id":"CA-000000057658","nombre":"CAJA MULTIUSO MAMA' (20x20x9.8cm) art.1025x 25u.CHO","categoria":"Descartables","subcategoria":"Cajas, Bandejas, Estuches Multiuso","precio":22325.63,"destacado":false,"descripcion":"","imagen":"assets/products/CA-000000057658.webp","tags":["caja","multiuso","mama","20x20x9","8cm","art","1025x","25u","cho"]},{"id":"CA-000000056354","nombre":"CAJA MULTIUSO NEGRA (20x17x9.6cm) art521.x25 CHO (M8)","categoria":"Descartables","subcategoria":"Cajas, Bandejas, Estuches Multiuso","precio":13554.85,"destacado":false,"descripcion":"","imagen":"assets/products/CA-000000056354.webp","tags":["caja","multiuso","negra","20x17x9","6cm","art521","x25","cho"]},{"id":"CA-000000047781","nombre":"CAJA MULTIUSO PARA ALFAJORES BLANCA x10 CARAMBIA (M5)","categoria":"Descartables","subcategoria":"Cajas, Bandejas, Estuches Multiuso","precio":6722.5,"destacado":false,"descripcion":"","imagen":"assets/products/CA-000000047781.webp","tags":["caja","multiuso","para","alfajores","blanca","x10","carambia"]},{"id":"CA-000000047785","nombre":"CAJA MULTIUSO PARA MINI ALFAJOR/MACARRON CON VISOR BLANCA x10 CARAMBIA (CH2)","categoria":"Descartables","subcategoria":"Cajas, Bandejas, Estuches Multiuso","precio":4633.96,"destacado":false,"descripcion":"","imagen":"assets/products/CA-000000047785.webp","tags":["caja","multiuso","para","mini","alfajor","macarron","con","visor","blanca","x10","carambia","ch2"]},{"id":"CA-000000058606","nombre":"CAJA MULTIUSO ROJA CON CORAZONES BLANCOS COOKIE 7027 x10 u.SOLUEM","categoria":"Descartables","subcategoria":"Cajas, Bandejas, Estuches Multiuso","precio":6466.5,"destacado":false,"descripcion":"NUEVO 17/12/2025","imagen":"assets/products/CA-000000058606.webp","tags":["caja","multiuso","roja","con","corazones","blancos","cookie","7027","x10","soluem"]},{"id":"CA-000000057664","nombre":"CAJA MULTIUSO ROSA HECHO CON AMOR COOKIES/ALFAJORES/CHOCOLATES art540 x25 CHO","categoria":"Descartables","subcategoria":"Cajas, Bandejas, Estuches Multiuso","precio":10538.41,"destacado":false,"descripcion":"","imagen":"assets/products/CA-000000057664.webp","tags":["caja","multiuso","rosa","hecho","con","amor","cookies","alfajores","chocolates","art540","x25","cho"]},{"id":"CA-000000056908","nombre":"CAJA MULTIUSO SORPRESA FELIZ DIA DE LA NIÑEZ CON ANIMALITOS PARA COLOREAR x10u.MORRONI","categoria":"Descartables","subcategoria":"Cajas, Bandejas, Estuches Multiuso","precio":7087.5,"destacado":false,"descripcion":"","imagen":"assets/products/CA-000000056908.webp","tags":["caja","multiuso","sorpresa","feliz","dia","niñez","con","animalitos","para","colorear","x10u","morroni"]},{"id":"CA-000000057651","nombre":"CAJA MULTIUSO SORPRESA ROSA FELIZ DIA DE LA MADRE (17x17x10)CARAMBIA x10","categoria":"Descartables","subcategoria":"Cajas, Bandejas, Estuches Multiuso","precio":11337.88,"destacado":false,"descripcion":"","imagen":"assets/products/CA-000000057651.webp","tags":["caja","multiuso","sorpresa","rosa","feliz","dia","madre","17x17x10","carambia","x10"]},{"id":"CA-000000056352","nombre":"CAJA MULTIUSO TORTA CON VISOR VERDE PISTACHO (27x27x12cm) art.508 x25u.CHO (G4)","categoria":"Descartables","subcategoria":"Cajas, Bandejas, Estuches Multiuso","precio":21085.31,"destacado":false,"descripcion":"","imagen":"assets/products/CA-000000056352.webp","tags":["caja","multiuso","torta","con","visor","verde","pistacho","27x27x12cm","art","508","x25u","cho"]},{"id":"CA-000000035533","nombre":"CAJA PARA BOMBONES CON VISOR CORAZONES ROJOS 20cm x 11,5cm  x4u","categoria":"Descartables","subcategoria":"Cajas, Bandejas, Estuches Multiuso","precio":4106.5,"destacado":false,"descripcion":"","imagen":"assets/products/CA-000000035533.webp","tags":["caja","para","bombones","con","visor","corazones","rojos","20cm","5cm","x4u"]},{"id":"CA-000000036208","nombre":"CAJA PARA BOMBONES CON VISOR NEGRA 20cm x 11,5cm  x4u","categoria":"Descartables","subcategoria":"Cajas, Bandejas, Estuches Multiuso","precio":4106.5,"destacado":false,"descripcion":"","imagen":"assets/products/CA-000000036208.webp","tags":["caja","para","bombones","con","visor","negra","20cm","5cm","x4u"]},{"id":"CA-000000042317","nombre":"CAJA PARA BOMBONES DORADA 1/4 x4u","categoria":"Descartables","subcategoria":"Cajas, Bandejas, Estuches Multiuso","precio":2953.5,"destacado":false,"descripcion":"","imagen":"assets/products/CA-000000042317.webp","tags":["caja","para","bombones","dorada","x4u"]},{"id":"CA-000000042316","nombre":"CAJA PARA BOMBONES NEGRA 1/4 x4u","categoria":"Descartables","subcategoria":"Cajas, Bandejas, Estuches Multiuso","precio":2806.88,"destacado":false,"descripcion":"","imagen":"assets/products/CA-000000042316.webp","tags":["caja","para","bombones","negra","x4u"]},{"id":"CA-000000044877","nombre":"CAJA PARA BOMBONES ROJA 20cm x 11,5cm  x4u","categoria":"Descartables","subcategoria":"Cajas, Bandejas, Estuches Multiuso","precio":3254.51,"destacado":false,"descripcion":"","imagen":"assets/products/CA-000000044877.webp","tags":["caja","para","bombones","roja","20cm","5cm","x4u"]},{"id":"CA-000000047110","nombre":"CAJA PARA HUEVO N°10 VISOR LATERAL DISEÑO CONEJOS PASCUAS x10u. aCARAMBIA","categoria":"Descartables","subcategoria":"Cajas, Bandejas, Estuches Multiuso","precio":5049.63,"destacado":false,"descripcion":"","imagen":"assets/products/CA-000000047110.webp","tags":["caja","para","huevo","visor","lateral","diseño","conejos","pascuas","x10u","acarambia"]},{"id":"CA-000000051177","nombre":"CAJA PARA MEDIO HUEVO RELLENO CON VISOR BLANCA N°15 x10u. CARAMBIA","categoria":"Descartables","subcategoria":"Cajas, Bandejas, Estuches Multiuso","precio":7050.93,"destacado":false,"descripcion":"","imagen":"assets/products/CA-000000051177.webp","tags":["caja","para","medio","huevo","relleno","con","visor","blanca","x10u","carambia"]},{"id":"CA-000000051178","nombre":"CAJA PARA MEDIO HUEVO RELLENO CON VISOR KRAFT N°15 x10u. CARAMBIA","categoria":"Descartables","subcategoria":"Cajas, Bandejas, Estuches Multiuso","precio":7341.42,"destacado":false,"descripcion":"","imagen":"assets/products/CA-000000051178.webp","tags":["caja","para","medio","huevo","relleno","con","visor","kraft","x10u","carambia"]},{"id":"CA-000000044016","nombre":"CAJA PARA TORTA MULTIUSO (24 x24 x10cm) MOLPACK x6  (G13)","categoria":"Descartables","subcategoria":"Cajas, Bandejas, Estuches Multiuso","precio":8610.84,"destacado":false,"descripcion":"","imagen":"assets/products/CA-000000044016.webp","tags":["caja","para","torta","multiuso","x24","x10cm","molpack","g13"]},{"id":"CA-000000044017","nombre":"CAJA PARA TORTA MULTIUSO (27 x27 x12cm) MOLPACK x6 (G5)","categoria":"Descartables","subcategoria":"Cajas, Bandejas, Estuches Multiuso","precio":9849.6,"destacado":false,"descripcion":"","imagen":"assets/products/CA-000000044017.webp","tags":["caja","para","torta","multiuso","x27","x12cm","molpack"]},{"id":"CA-000000044018","nombre":"CAJA PARA TORTA MULTIUSO (30 x30 x10cm) MOLPACK x6  (G6)","categoria":"Descartables","subcategoria":"Cajas, Bandejas, Estuches Multiuso","precio":9849.6,"destacado":false,"descripcion":"","imagen":"assets/products/CA-000000044018.webp","tags":["caja","para","torta","multiuso","x30","x10cm","molpack"]},{"id":"CA-000000056111","nombre":"CAJA PARA TORTA MULTIUSO BLANCA (25x25x15)1076x10 SOLUEM (G23)","categoria":"Descartables","subcategoria":"Cajas, Bandejas, Estuches Multiuso","precio":14437.24,"destacado":false,"descripcion":"","imagen":"assets/products/CA-000000056111.webp","tags":["caja","para","torta","multiuso","blanca","25x25x15","1076x10","soluem","g23"]},{"id":"CA-000000056110","nombre":"CAJA PARA TORTA MULTIUSO KRAFT 5016 (25x25x15) x10 SOLUEM (G17)","categoria":"Descartables","subcategoria":"Cajas, Bandejas, Estuches Multiuso","precio":6920.95,"destacado":false,"descripcion":"","imagen":"assets/products/CA-000000056110.webp","tags":["caja","para","torta","multiuso","kraft","5016","25x25x15","x10","soluem","g17"]},{"id":"CA-000000051213","nombre":"CAJA PASCUA CANASTITA SWEET BUNNY CON VISOR art.8020Sx10 u.SOLUEM","categoria":"Descartables","subcategoria":"Cajas, Bandejas, Estuches Multiuso","precio":4701.85,"destacado":false,"descripcion":"","imagen":"assets/products/CA-000000051213.webp","tags":["caja","pascua","canastita","sweet","bunny","con","visor","art","8020sx10","soluem"]},{"id":"CA-000000051212","nombre":"CAJA PASCUA CASITA SWEET BUNNY PARA CHOCOLATES art.4026Sx10 u.SOLUEM","categoria":"Descartables","subcategoria":"Cajas, Bandejas, Estuches Multiuso","precio":5005.19,"destacado":false,"descripcion":"","imagen":"assets/products/CA-000000051212.webp","tags":["caja","pascua","casita","sweet","bunny","para","chocolates","art","4026sx10","soluem"]},{"id":"CA-000000051217","nombre":"CAJA PASCUA SWEET BUNNY C/VISOR PARA CHOCOLATES art.8022 x10 u.SOLUEM","categoria":"Descartables","subcategoria":"Cajas, Bandejas, Estuches Multiuso","precio":5005.19,"destacado":false,"descripcion":"","imagen":"assets/products/CA-000000051217.webp","tags":["caja","pascua","sweet","bunny","visor","para","chocolates","art","8022","x10","soluem"]},{"id":"CA-000000055780","nombre":"CAJA ROSCA DE PASCUAS CHOCO CON TAPA DE ACETATO art.8040 x10 u.SOLUEM","categoria":"Descartables","subcategoria":"Cajas, Bandejas, Estuches Multiuso","precio":15849.78,"destacado":false,"descripcion":"","imagen":"assets/products/CA-000000055780.webp","tags":["caja","rosca","pascuas","choco","con","tapa","acetato","art","8040","x10","soluem"]},{"id":"CA-000000058605","nombre":"CAJA SORPRESA FELIZ SAN VALENTIN ROJA CON CORAZON 7028x10u.SOLUEM","categoria":"Descartables","subcategoria":"Cajas, Bandejas, Estuches Multiuso","precio":12690.0,"destacado":false,"descripcion":"NUEVO 17/12/2025","imagen":"assets/products/CA-000000058605.webp","tags":["caja","sorpresa","feliz","san","valentin","roja","con","corazon","7028x10u","soluem"]},{"id":"CA-000000017427","nombre":"CAJITA DE ACRILICO CON TAPA MULTIUSO (8x4Cm) x9u.","categoria":"Descartables","subcategoria":"Cajas, Bandejas, Estuches Multiuso","precio":2807.57,"destacado":false,"descripcion":"","imagen":"assets/products/CA-000000017427.webp","tags":["cajita","acrilico","con","tapa","multiuso","8x4cm","x9u"]},{"id":"CA-000000018695","nombre":"CARTON RECTANGULAR 20x30Cm xkg","categoria":"Descartables","subcategoria":"Discos De Carton Y Bases De Fibrofacil","precio":3049.66,"destacado":false,"descripcion":"","imagen":"assets/products/CA-000000018695.webp","tags":["carton","rectangular","20x30cm","xkg"]},{"id":"CA-000000018696","nombre":"CARTON RECTANGULAR 25x35Cm xkg","categoria":"Descartables","subcategoria":"Discos De Carton Y Bases De Fibrofacil","precio":3049.66,"destacado":false,"descripcion":"","imagen":"assets/products/CA-000000018696.webp","tags":["carton","rectangular","25x35cm","xkg"]},{"id":"CA-000000018697","nombre":"CARTON RECTANGULAR 30x40Cm xkg","categoria":"Descartables","subcategoria":"Discos De Carton Y Bases De Fibrofacil","precio":3049.66,"destacado":false,"descripcion":"","imagen":"assets/products/CA-000000018697.webp","tags":["carton","rectangular","30x40cm","xkg"]},{"id":"CA-000000018698","nombre":"CARTON RECTANGULAR 35x45Cm xkg","categoria":"Descartables","subcategoria":"Discos De Carton Y Bases De Fibrofacil","precio":3049.66,"destacado":false,"descripcion":"","imagen":"assets/products/CA-000000018698.webp","tags":["carton","rectangular","35x45cm","xkg"]},{"id":"CA-000000018699","nombre":"CARTON RECTANGULAR 45x55Cm xkg","categoria":"Descartables","subcategoria":"Discos De Carton Y Bases De Fibrofacil","precio":3049.66,"destacado":false,"descripcion":"","imagen":"assets/products/CA-000000018699.webp","tags":["carton","rectangular","45x55cm","xkg"]},{"id":"CA-779809870582","nombre":"CAZUELA DIP CHICO NEGRO KV (6.5x3cm) x12u.1201N","categoria":"Descartables","subcategoria":"Platos / Platos Blonda","precio":4768.37,"destacado":false,"descripcion":"","imagen":"assets/products/CA-779809870582.webp","tags":["cazuela","dip","chico","negro","5x3cm","x12u","1201n"]},{"id":"CA-779809870590","nombre":"CAZUELA DIP GRANDE NEGRO KV (9x6cm) x12u.1203N","categoria":"Descartables","subcategoria":"Platos / Platos Blonda","precio":10167.53,"destacado":false,"descripcion":"","imagen":"assets/products/CA-779809870590.webp","tags":["cazuela","dip","grande","negro","9x6cm","x12u","1203n"]},{"id":"CA-779809870626","nombre":"CAZUELA DIP MEDIANO ACRILICO KV (8.5x3cm) x12u.1202","categoria":"Descartables","subcategoria":"Platos / Platos Blonda","precio":5610.6,"destacado":false,"descripcion":"","imagen":"assets/products/CA-779809870626.webp","tags":["cazuela","dip","mediano","acrilico","5x3cm","x12u","1202"]}]}