{"category_slug":"descartables","subcategory_slug":"","page":4,"page_size":48,"total":1365,"items":[{"id":"CA-000000033934","nombre":"BANDEJA MICROONDAS Nº 105 S OVALADA  (BULTO6x100) B.P \"NARAN-PP\"","categoria":"Descartables","subcategoria":"Bandejas Plasticas/Microondas/Picadas","precio":51069.57,"destacado":false,"descripcion":"* (12/12/2025)","imagen":"assets/products/CA-000000033934.webp","tags":["bandeja","microondas","105","ovalada","bulto6x100","naran"]},{"id":"CA-000000033938","nombre":"BANDEJA MICROONDAS Nº 105 S OVALADA  x100 B.P \"NARAN-PP\"","categoria":"Descartables","subcategoria":"Bandejas Plasticas/Microondas/Picadas","precio":9192.52,"destacado":false,"descripcion":"* (12/12/2025)","imagen":"assets/products/CA-000000033938.webp","tags":["bandeja","microondas","105","ovalada","x100","naran"]},{"id":"CA-000000033935","nombre":"BANDEJA MICROONDAS Nº 107 S RECTANGULAR  (BULTO4x100) B.P \"NARAN-PP\"","categoria":"Descartables","subcategoria":"Bandejas Plasticas/Microondas/Picadas","precio":53882.1,"destacado":false,"descripcion":"* (12/12/2025)","imagen":"assets/products/CA-000000033935.webp","tags":["bandeja","microondas","107","rectangular","bulto4x100","naran"]},{"id":"CA-000000033939","nombre":"BANDEJA MICROONDAS Nº 107 S RECTANGULAR x100 B.P \"NARAN-PP\"","categoria":"Descartables","subcategoria":"Bandejas Plasticas/Microondas/Picadas","precio":14548.17,"destacado":false,"descripcion":"* (12/12/2025)","imagen":"assets/products/CA-000000033939.webp","tags":["bandeja","microondas","107","rectangular","x100","naran"]},{"id":"CA-000000055925","nombre":"BANDEJA MULTIUSO DE FIBROFACIL FELIZ DIA 18X28cm X1 UNIDAD","categoria":"Descartables","subcategoria":"Discos De Carton Y Bases De Fibrofacil","precio":1485.0,"destacado":false,"descripcion":"","imagen":"assets/products/CA-000000055925.webp","tags":["bandeja","multiuso","fibrofacil","feliz","dia","18x28cm","unidad"]},{"id":"CA-000000055927","nombre":"BANDEJA MULTIUSO DE FIBROFACIL FELIZ DIA 25X35cm X1 UNIDAD","categoria":"Descartables","subcategoria":"Discos De Carton Y Bases De Fibrofacil","precio":2362.5,"destacado":false,"descripcion":"","imagen":"assets/products/CA-000000055927.webp","tags":["bandeja","multiuso","fibrofacil","feliz","dia","25x35cm","unidad"]},{"id":"CA-000000055924","nombre":"BANDEJA MULTIUSO DE FIBROFACIL LISA 18X28cm X1 UNIDAD","categoria":"Descartables","subcategoria":"Discos De Carton Y Bases De Fibrofacil","precio":1336.5,"destacado":false,"descripcion":"","imagen":"assets/products/CA-000000055924.webp","tags":["bandeja","multiuso","fibrofacil","lisa","18x28cm","unidad"]},{"id":"CA-000000055926","nombre":"BANDEJA MULTIUSO DE FIBROFACIL LISA 25X35cm X1 UNIDAD","categoria":"Descartables","subcategoria":"Discos De Carton Y Bases De Fibrofacil","precio":2160.0,"destacado":false,"descripcion":"","imagen":"assets/products/CA-000000055926.webp","tags":["bandeja","multiuso","fibrofacil","lisa","25x35cm","unidad"]},{"id":"CA-000000058400","nombre":"BANDEJA PIONONERA DORADA (34X19cm) x10u. RAF 7656","categoria":"Descartables","subcategoria":"Bandejas Rectangulares De Carton/Oro/Plata","precio":2147.11,"destacado":false,"descripcion":"","imagen":"assets/products/CA-000000058400.webp","tags":["bandeja","piononera","dorada","34x19cm","x10u","raf","7656"]},{"id":"CA-000000058401","nombre":"BANDEJA PIONONERA PLATA (34X19cm) x10u. RAF 7658","categoria":"Descartables","subcategoria":"Bandejas Rectangulares De Carton/Oro/Plata","precio":1734.88,"destacado":false,"descripcion":"","imagen":"assets/products/CA-000000058401.webp","tags":["bandeja","piononera","plata","34x19cm","x10u","raf","7658"]},{"id":"CA-000000033927","nombre":"BANDEJA PLASTICA Nº 102 L RECTANGULAR  x100 B.P STANDAR \"VER\"","categoria":"Descartables","subcategoria":"Bandejas Plasticas/Microondas/Picadas","precio":3638.16,"destacado":false,"descripcion":"* (12/12/2025)","imagen":"assets/products/CA-000000033927.webp","tags":["bandeja","plastica","102","rectangular","x100","standar","ver"]},{"id":"CA-000000033922","nombre":"BANDEJA PLASTICA Nº 102 L RECTANGULAR (BULTO12x100) B.P STANDAR \"VER\"","categoria":"Descartables","subcategoria":"Bandejas Plasticas/Microondas/Picadas","precio":40423.97,"destacado":false,"descripcion":"* (12/12/2025)","imagen":"assets/products/CA-000000033922.webp","tags":["bandeja","plastica","102","rectangular","bulto12x100","standar","ver"]},{"id":"CA-000000033928","nombre":"BANDEJA PLASTICA Nº 103 L RECTANGULAR  x100 B.P STANDAR \"VER\"","categoria":"Descartables","subcategoria":"Bandejas Plasticas/Microondas/Picadas","precio":4678.68,"destacado":false,"descripcion":"* (12/12/2025)","imagen":"assets/products/CA-000000033928.webp","tags":["bandeja","plastica","103","rectangular","x100","standar","ver"]},{"id":"CA-000000033923","nombre":"BANDEJA PLASTICA Nº 103 L RECTANGULAR (BULTO6x100) B.P STANDAR \"VER\"","categoria":"Descartables","subcategoria":"Bandejas Plasticas/Microondas/Picadas","precio":25992.69,"destacado":false,"descripcion":"* (12/12/2025)","imagen":"assets/products/CA-000000033923.webp","tags":["bandeja","plastica","103","rectangular","bulto6x100","standar","ver"]},{"id":"CA-000000033925","nombre":"BANDEJA PLASTICA Nº 105 L OVALADA  (BULTO6x100) B.P STANDAR \"VER\"","categoria":"Descartables","subcategoria":"Bandejas Plasticas/Microondas/Picadas","precio":35778.18,"destacado":false,"descripcion":"* (12/12/2025)","imagen":"assets/products/CA-000000033925.webp","tags":["bandeja","plastica","105","ovalada","bulto6x100","standar","ver"]},{"id":"CA-000000033930","nombre":"BANDEJA PLASTICA Nº 105 L OVALADA x100 B.P STANDAR \"VER\"","categoria":"Descartables","subcategoria":"Bandejas Plasticas/Microondas/Picadas","precio":6440.07,"destacado":false,"descripcion":"* (12/12/2025)","imagen":"assets/products/CA-000000033930.webp","tags":["bandeja","plastica","105","ovalada","x100","standar","ver"]},{"id":"CA-000000033931","nombre":"BANDEJA PLASTICA Nº 107 L RECTANGULAR  x100 B.P STANDAR \"VER\"","categoria":"Descartables","subcategoria":"Bandejas Plasticas/Microondas/Picadas","precio":12690.55,"destacado":false,"descripcion":"* (12/12/2025)","imagen":"assets/products/CA-000000033931.webp","tags":["bandeja","plastica","107","rectangular","x100","standar","ver"]},{"id":"CA-000000033926","nombre":"BANDEJA PLASTICA Nº 107 L RECTANGULAR (BULTO4x100) B.P STANDAR \"VER\"","categoria":"Descartables","subcategoria":"Bandejas Plasticas/Microondas/Picadas","precio":48252.04,"destacado":false,"descripcion":"* (12/12/2025)","imagen":"assets/products/CA-000000033926.webp","tags":["bandeja","plastica","107","rectangular","bulto4x100","standar","ver"]},{"id":"CA-789600591471","nombre":"BANDEJA PLATEADA LUJO RECTANGULAR 2kg x5 B70","categoria":"Descartables","subcategoria":"Bandejas Plasticas/Microondas/Picadas","precio":8950.5,"destacado":false,"descripcion":"","imagen":"assets/products/CA-789600591471.webp","tags":["bandeja","plateada","lujo","rectangular","2kg","b70"]},{"id":"CA-789600591472","nombre":"BANDEJA PLATEADA LUJO RECTANGULAR 3kg x5 B85","categoria":"Descartables","subcategoria":"Bandejas Plasticas/Microondas/Picadas","precio":13012.65,"destacado":false,"descripcion":"","imagen":"assets/products/CA-789600591472.webp","tags":["bandeja","plateada","lujo","rectangular","3kg","b85"]},{"id":"CA-779809870443","nombre":"BANDEJA RECTANGULAR PLASTICA BLANCA 20x28cm K.V x10 2120BB","categoria":"Descartables","subcategoria":"Bandejas Plasticas/Microondas/Picadas","precio":4043.25,"destacado":false,"descripcion":"","imagen":"assets/products/CA-779809870443.webp","tags":["bandeja","rectangular","plastica","blanca","20x28cm","x10","2120bb"]},{"id":"CA-779809870451","nombre":"BANDEJA RECTANGULAR PLASTICA ROJA 20x28cm K.V x10 2120RR","categoria":"Descartables","subcategoria":"Bandejas Plasticas/Microondas/Picadas","precio":4043.25,"destacado":false,"descripcion":"","imagen":"assets/products/CA-779809870451.webp","tags":["bandeja","rectangular","plastica","roja","20x28cm","x10","2120rr"]},{"id":"CA-779809870210","nombre":"BANDEJA REDONDA PLASTICA 22cm x10u.K.V 1122B/10","categoria":"Descartables","subcategoria":"Bandejas Plasticas/Microondas/Picadas","precio":2492.62,"destacado":false,"descripcion":"","imagen":"assets/products/CA-779809870210.webp","tags":["bandeja","redonda","plastica","22cm","x10u","1122b"]},{"id":"CA-779809870696","nombre":"BANDEJA REDONDA PLASTICA 29cm x10u. K.V 1129B/10","categoria":"Descartables","subcategoria":"Bandejas Plasticas/Microondas/Picadas","precio":5841.94,"destacado":false,"descripcion":"","imagen":"assets/products/CA-779809870696.webp","tags":["bandeja","redonda","plastica","29cm","x10u","1129b"]},{"id":"CA-000000044041","nombre":"BANDEJA TAPA BISAGRA MICROONDAS PP Nº 103 (BULTO 3x100) CP","categoria":"Descartables","subcategoria":"Bandejas Plasticas/Microondas/Picadas","precio":56234.38,"destacado":false,"descripcion":"","imagen":"assets/products/CA-000000044041.webp","tags":["bandeja","tapa","bisagra","microondas","103","bulto","3x100"]},{"id":"CA-000000044042","nombre":"BANDEJA TAPA BISAGRA MICROONDAS PP Nº 103 x100u. CP","categoria":"Descartables","subcategoria":"Bandejas Plasticas/Microondas/Picadas","precio":20244.38,"destacado":false,"descripcion":"","imagen":"assets/products/CA-000000044042.webp","tags":["bandeja","tapa","bisagra","microondas","103","x100u"]},{"id":"CA-000000044043","nombre":"BANDEJA TAPA BISAGRA MICROONDAS PP Nº 105 (BULTO 4x50) CP","categoria":"Descartables","subcategoria":"Bandejas Plasticas/Microondas/Picadas","precio":61346.66,"destacado":false,"descripcion":"","imagen":"assets/products/CA-000000044043.webp","tags":["bandeja","tapa","bisagra","microondas","105","bulto","4x50"]},{"id":"CA-000000044044","nombre":"BANDEJA TAPA BISAGRA MICROONDAS PP Nº 105 x50u. CP","categoria":"Descartables","subcategoria":"Bandejas Plasticas/Microondas/Picadas","precio":16563.6,"destacado":false,"descripcion":"","imagen":"assets/products/CA-000000044044.webp","tags":["bandeja","tapa","bisagra","microondas","105","x50u"]},{"id":"CA-000000058374","nombre":"BANDEJA TERMICA CON TAPA 1000cc (BULTO 7x25u.) ENPOLEX.","categoria":"Descartables","subcategoria":"Vasos Plasticos/Polipapel/Termicos Y Copas","precio":58561.52,"destacado":false,"descripcion":"","imagen":"assets/products/CA-000000058374.webp","tags":["bandeja","termica","con","tapa","1000cc","bulto","7x25u","enpolex"]},{"id":"CA-000000058375","nombre":"BANDEJA TERMICA CON TAPA 1000cc x25u. ENPOLEX.","categoria":"Descartables","subcategoria":"Vasos Plasticos/Polipapel/Termicos Y Copas","precio":9035.21,"destacado":false,"descripcion":"","imagen":"assets/products/CA-000000058375.webp","tags":["bandeja","termica","con","tapa","1000cc","x25u","enpolex"]},{"id":"CA-000000050581","nombre":"BASE CUADRADA FIBROFACIL 22x22cm BLANCO x4u.","categoria":"Descartables","subcategoria":"Discos De Carton Y Bases De Fibrofacil","precio":2781.0,"destacado":false,"descripcion":"","imagen":"assets/products/CA-000000050581.webp","tags":["base","cuadrada","fibrofacil","22x22cm","blanco","x4u"]},{"id":"CA-000000054087","nombre":"BASE CUADRADA FIBROFACIL 22x22cm BLANCO x4u. RF","categoria":"Descartables","subcategoria":"Discos De Carton Y Bases De Fibrofacil","precio":2781.0,"destacado":false,"descripcion":"","imagen":"assets/products/CA-000000054087.webp","tags":["base","cuadrada","fibrofacil","22x22cm","blanco","x4u"]},{"id":"CA-000000050582","nombre":"BASE CUADRADA FIBROFACIL 25x25cm BLANCO x4u.","categoria":"Descartables","subcategoria":"Discos De Carton Y Bases De Fibrofacil","precio":3574.8,"destacado":false,"descripcion":"","imagen":"assets/products/CA-000000050582.webp","tags":["base","cuadrada","fibrofacil","25x25cm","blanco","x4u"]},{"id":"CA-000000057325","nombre":"BASE CUADRADA FIBROFACIL 25x25cm BLANCO x4u. REC","categoria":"Descartables","subcategoria":"Discos De Carton Y Bases De Fibrofacil","precio":3574.8,"destacado":false,"descripcion":"","imagen":"assets/products/CA-000000057325.webp","tags":["base","cuadrada","fibrofacil","25x25cm","blanco","x4u","rec"]},{"id":"CA-000000054088","nombre":"BASE CUADRADA FIBROFACIL 25x25cm BLANCO x4u. RF","categoria":"Descartables","subcategoria":"Discos De Carton Y Bases De Fibrofacil","precio":3574.8,"destacado":false,"descripcion":"","imagen":"assets/products/CA-000000054088.webp","tags":["base","cuadrada","fibrofacil","25x25cm","blanco","x4u"]},{"id":"CA-000000050583","nombre":"BASE CUADRADA FIBROFACIL 27x27cm BLANCO x4u.","categoria":"Descartables","subcategoria":"Discos De Carton Y Bases De Fibrofacil","precio":4055.4,"destacado":false,"descripcion":"","imagen":"assets/products/CA-000000050583.webp","tags":["base","cuadrada","fibrofacil","27x27cm","blanco","x4u"]},{"id":"CA-000000057326","nombre":"BASE CUADRADA FIBROFACIL 27x27cm BLANCO x4u. REC","categoria":"Descartables","subcategoria":"Discos De Carton Y Bases De Fibrofacil","precio":4055.4,"destacado":false,"descripcion":"","imagen":"assets/products/CA-000000057326.webp","tags":["base","cuadrada","fibrofacil","27x27cm","blanco","x4u","rec"]},{"id":"CA-000000054090","nombre":"BASE CUADRADA FIBROFACIL 27x27cm BLANCO x4u. RF","categoria":"Descartables","subcategoria":"Discos De Carton Y Bases De Fibrofacil","precio":4055.4,"destacado":false,"descripcion":"","imagen":"assets/products/CA-000000054090.webp","tags":["base","cuadrada","fibrofacil","27x27cm","blanco","x4u"]},{"id":"CA-000000050584","nombre":"BASE CUADRADA FIBROFACIL 30x30cm BLANCO x4u.","categoria":"Descartables","subcategoria":"Discos De Carton Y Bases De Fibrofacil","precio":4779.0,"destacado":false,"descripcion":"","imagen":"assets/products/CA-000000050584.webp","tags":["base","cuadrada","fibrofacil","30x30cm","blanco","x4u"]},{"id":"CA-000000054089","nombre":"BASE CUADRADA FIBROFACIL 30x30cm BLANCO x4u. RF","categoria":"Descartables","subcategoria":"Discos De Carton Y Bases De Fibrofacil","precio":4779.0,"destacado":false,"descripcion":"","imagen":"assets/products/CA-000000054089.webp","tags":["base","cuadrada","fibrofacil","30x30cm","blanco","x4u"]},{"id":"CA-000000042734","nombre":"BASE DE CARTON PREMIUM CUADRADO DORADO (12x12) x10u","categoria":"Descartables","subcategoria":"Discos De Carton Y Bases De Fibrofacil","precio":1070.16,"destacado":false,"descripcion":"","imagen":"assets/products/CA-000000042734.webp","tags":["base","carton","premium","cuadrado","dorado","12x12","x10u"]},{"id":"CA-000000042736","nombre":"BASE DE CARTON PREMIUM CUADRADO DORADO (16x16) x10","categoria":"Descartables","subcategoria":"Discos De Carton Y Bases De Fibrofacil","precio":2032.16,"destacado":false,"descripcion":"","imagen":"assets/products/CA-000000042736.webp","tags":["base","carton","premium","cuadrado","dorado","16x16","x10"]},{"id":"CA-000000042735","nombre":"BASE DE CARTON PREMIUM CUADRADO DORADO (20x20) x10","categoria":"Descartables","subcategoria":"Discos De Carton Y Bases De Fibrofacil","precio":3287.44,"destacado":false,"descripcion":"","imagen":"assets/products/CA-000000042735.webp","tags":["base","carton","premium","cuadrado","dorado","20x20","x10"]},{"id":"CA-000000045427","nombre":"BASE DE CARTON PREMIUM RECTANGULAR PARA LINGOTE DORADO (14x6cm) x10","categoria":"Descartables","subcategoria":"Discos De Carton Y Bases De Fibrofacil","precio":1141.92,"destacado":false,"descripcion":"","imagen":"assets/products/CA-000000045427.webp","tags":["base","carton","premium","rectangular","para","lingote","dorado","14x6cm","x10"]},{"id":"CA-000000050607","nombre":"BASE FLOR FIBROFACIL 25cm BLANCO x4u.","categoria":"Descartables","subcategoria":"Discos De Carton Y Bases De Fibrofacil","precio":3877.2,"destacado":false,"descripcion":"","imagen":"assets/products/CA-000000050607.webp","tags":["base","flor","fibrofacil","25cm","blanco","x4u"]},{"id":"CA-000000057327","nombre":"BASE FLOR FIBROFACIL 25cm BLANCO x4u. REC","categoria":"Descartables","subcategoria":"Discos De Carton Y Bases De Fibrofacil","precio":3877.2,"destacado":false,"descripcion":"","imagen":"assets/products/CA-000000057327.webp","tags":["base","flor","fibrofacil","25cm","blanco","x4u","rec"]},{"id":"CA-000000050608","nombre":"BASE FLOR FIBROFACIL 30cm BLANCO x4u.","categoria":"Descartables","subcategoria":"Discos De Carton Y Bases De Fibrofacil","precio":5475.6,"destacado":false,"descripcion":"","imagen":"assets/products/CA-000000050608.webp","tags":["base","flor","fibrofacil","30cm","blanco","x4u"]},{"id":"CA-000000057328","nombre":"BASE FLOR FIBROFACIL 30cm BLANCO x4u. REC","categoria":"Descartables","subcategoria":"Discos De Carton Y Bases De Fibrofacil","precio":5475.6,"destacado":false,"descripcion":"","imagen":"assets/products/CA-000000057328.webp","tags":["base","flor","fibrofacil","30cm","blanco","x4u","rec"]}]}