{"category_slug":"descartables","subcategory_slug":"","page":3,"page_size":48,"total":1365,"items":[{"id":"CA-000000045981","nombre":"BANDEJA CARTON REDONDA PLATEADA 26cm x10u. RAF 6158/6208","categoria":"Descartables","subcategoria":"Bandejas Redondas De Carton/Oro/Plata","precio":1736.75,"destacado":false,"descripcion":"","imagen":"assets/products/CA-000000045981.webp","tags":["bandeja","carton","redonda","plateada","26cm","x10u","raf","6158","6208"]},{"id":"CA-000000052643","nombre":"BANDEJA CARTON REDONDA PLATEADA 28cm BULTO x50u. RAF 7050","categoria":"Descartables","subcategoria":"Bandejas Redondas De Carton/Oro/Plata","precio":10403.36,"destacado":false,"descripcion":"","imagen":"assets/products/CA-000000052643.webp","tags":["bandeja","carton","redonda","plateada","28cm","bulto","x50u","raf","7050"]},{"id":"CA-000000049098","nombre":"BANDEJA CARTON REDONDA PLATEADA 28cm x10u. RAF 7049/7050","categoria":"Descartables","subcategoria":"Bandejas Redondas De Carton/Oro/Plata","precio":2238.22,"destacado":false,"descripcion":"","imagen":"assets/products/CA-000000049098.webp","tags":["bandeja","carton","redonda","plateada","28cm","x10u","raf","7049","7050"]},{"id":"CA-000000052644","nombre":"BANDEJA CARTON REDONDA PLATEADA 30cm BULTOx50u. RAF 6159/6209","categoria":"Descartables","subcategoria":"Bandejas Redondas De Carton/Oro/Plata","precio":11441.46,"destacado":false,"descripcion":"","imagen":"assets/products/CA-000000052644.webp","tags":["bandeja","carton","redonda","plateada","30cm","bultox50u","raf","6159","6209"]},{"id":"CA-000000045982","nombre":"BANDEJA CARTON REDONDA PLATEADA 30cm x10u. RAF 6159/6209","categoria":"Descartables","subcategoria":"Bandejas Redondas De Carton/Oro/Plata","precio":2461.59,"destacado":false,"descripcion":"","imagen":"assets/products/CA-000000045982.webp","tags":["bandeja","carton","redonda","plateada","30cm","x10u","raf","6159","6209"]},{"id":"CA-000000045983","nombre":"BANDEJA CARTON REDONDA PLATEADA 33cm x10u. RAF 6160/6210","categoria":"Descartables","subcategoria":"Bandejas Redondas De Carton/Oro/Plata","precio":2779.98,"destacado":false,"descripcion":"","imagen":"assets/products/CA-000000045983.webp","tags":["bandeja","carton","redonda","plateada","33cm","x10u","raf","6160","6210"]},{"id":"CA-789117500341","nombre":"BANDEJA CARTON REDONDA PLATEADA PREMIUM Nº1 (15.5cm) x10u.","categoria":"Descartables","subcategoria":"Bandejas Redondas De Carton/Oro/Plata","precio":1935.32,"destacado":false,"descripcion":"","imagen":"assets/products/CA-789117500341.webp","tags":["bandeja","carton","redonda","plateada","premium","nº1","5cm","x10u"]},{"id":"CA-789117500342","nombre":"BANDEJA CARTON REDONDA PLATEADA PREMIUM Nº2 (18.5cm) x10u.","categoria":"Descartables","subcategoria":"Bandejas Redondas De Carton/Oro/Plata","precio":2702.06,"destacado":false,"descripcion":"","imagen":"assets/products/CA-789117500342.webp","tags":["bandeja","carton","redonda","plateada","premium","nº2","5cm","x10u"]},{"id":"CA-789117500343","nombre":"BANDEJA CARTON REDONDA PLATEADA PREMIUM Nº3 (21.5cm) x10u.","categoria":"Descartables","subcategoria":"Bandejas Redondas De Carton/Oro/Plata","precio":3558.54,"destacado":false,"descripcion":"","imagen":"assets/products/CA-789117500343.webp","tags":["bandeja","carton","redonda","plateada","premium","nº3","5cm","x10u"]},{"id":"CA-789117500344","nombre":"BANDEJA CARTON REDONDA PLATEADA PREMIUM Nº4 (25cm) x10u.","categoria":"Descartables","subcategoria":"Bandejas Redondas De Carton/Oro/Plata","precio":4018.47,"destacado":false,"descripcion":"","imagen":"assets/products/CA-789117500344.webp","tags":["bandeja","carton","redonda","plateada","premium","nº4","25cm","x10u"]},{"id":"CA-789117500345","nombre":"BANDEJA CARTON REDONDA PLATEADA PREMIUM Nº5 (28cm) x10u.","categoria":"Descartables","subcategoria":"Bandejas Redondas De Carton/Oro/Plata","precio":5435.79,"destacado":false,"descripcion":"","imagen":"assets/products/CA-789117500345.webp","tags":["bandeja","carton","redonda","plateada","premium","nº5","28cm","x10u"]},{"id":"CA-789117500346","nombre":"BANDEJA CARTON REDONDA PLATEADA PREMIUM Nº6 (33cm) x10u.","categoria":"Descartables","subcategoria":"Bandejas Redondas De Carton/Oro/Plata","precio":6388.62,"destacado":false,"descripcion":"","imagen":"assets/products/CA-789117500346.webp","tags":["bandeja","carton","redonda","plateada","premium","nº6","33cm","x10u"]},{"id":"CA-789117500348","nombre":"BANDEJA CARTON REDONDA PLATEADA PREMIUM REFORAZA Nº8 (39cm) x10u.","categoria":"Descartables","subcategoria":"Bandejas Redondas De Carton/Oro/Plata","precio":14226.0,"destacado":false,"descripcion":"","imagen":"assets/products/CA-789117500348.webp","tags":["bandeja","carton","redonda","plateada","premium","reforaza","nº8","39cm","x10u"]},{"id":"CA-789117500347","nombre":"BANDEJA CARTON REDONDA PLATEADA PREMIUM REFORZADA Nº7 (36cm) x10u.","categoria":"Descartables","subcategoria":"Bandejas Redondas De Carton/Oro/Plata","precio":10291.15,"destacado":false,"descripcion":"","imagen":"assets/products/CA-789117500347.webp","tags":["bandeja","carton","redonda","plateada","premium","reforzada","nº7","36cm","x10u"]},{"id":"CA-000000049099","nombre":"BANDEJA CARTON REDONDA PLATEADA REFORZADA 36cm x10u. RAF 7051","categoria":"Descartables","subcategoria":"Bandejas Redondas De Carton/Oro/Plata","precio":4348.5,"destacado":false,"descripcion":"","imagen":"assets/products/CA-000000049099.webp","tags":["bandeja","carton","redonda","plateada","reforzada","36cm","x10u","raf","7051"]},{"id":"CA-000000051032","nombre":"BANDEJA CARTON REDONDA REPOSTERA DORADA Nº12 (22cm) x10u RAF","categoria":"Descartables","subcategoria":"Bandejas Redondas De Carton/Oro/Plata","precio":1069.68,"destacado":false,"descripcion":"","imagen":"assets/products/CA-000000051032.webp","tags":["bandeja","carton","redonda","repostera","dorada","nº12","22cm","x10u","raf"]},{"id":"CA-000000051033","nombre":"BANDEJA CARTON REDONDA REPOSTERA DORADA Nº14 (26cm) x10u RAF 7413","categoria":"Descartables","subcategoria":"Bandejas Redondas De Carton/Oro/Plata","precio":1782.9,"destacado":false,"descripcion":"","imagen":"assets/products/CA-000000051033.webp","tags":["bandeja","carton","redonda","repostera","dorada","nº14","26cm","x10u","raf","7413"]},{"id":"CA-000000051034","nombre":"BANDEJA CARTON REDONDA REPOSTERA DORADA Nº15 (30cm) x10u RAF 7414","categoria":"Descartables","subcategoria":"Bandejas Redondas De Carton/Oro/Plata","precio":2139.46,"destacado":false,"descripcion":"","imagen":"assets/products/CA-000000051034.webp","tags":["bandeja","carton","redonda","repostera","dorada","nº15","30cm","x10u","raf","7414"]},{"id":"CA-000000051035","nombre":"BANDEJA CARTON REDONDA REPOSTERA PLATEADA Nº12 (22cm) x10u RAF 7420","categoria":"Descartables","subcategoria":"Bandejas Redondas De Carton/Oro/Plata","precio":791.89,"destacado":false,"descripcion":"","imagen":"assets/products/CA-000000051035.webp","tags":["bandeja","carton","redonda","repostera","plateada","nº12","22cm","x10u","raf","7420"]},{"id":"CA-000000051036","nombre":"BANDEJA CARTON REDONDA REPOSTERA PLATEADA Nº14 (26cm) x10u RAF 7421","categoria":"Descartables","subcategoria":"Bandejas Redondas De Carton/Oro/Plata","precio":1319.81,"destacado":false,"descripcion":"","imagen":"assets/products/CA-000000051036.webp","tags":["bandeja","carton","redonda","repostera","plateada","nº14","26cm","x10u","raf","7421"]},{"id":"CA-000000051037","nombre":"BANDEJA CARTON REDONDA REPOSTERA PLATEADA Nº15 (30cm) x10u RAF 7422","categoria":"Descartables","subcategoria":"Bandejas Redondas De Carton/Oro/Plata","precio":1588.21,"destacado":false,"descripcion":"","imagen":"assets/products/CA-000000051037.webp","tags":["bandeja","carton","redonda","repostera","plateada","nº15","30cm","x10u","raf","7422"]},{"id":"CA-000000034804","nombre":"BANDEJA CARTON ROJO x6u.","categoria":"Descartables","subcategoria":"Cajas, Bandejas, Estuches Multiuso","precio":2825.23,"destacado":false,"descripcion":"","imagen":"assets/products/CA-000000034804.webp","tags":["bandeja","carton","rojo","x6u"]},{"id":"CA-000000034803","nombre":"BANDEJA CARTON ROSA x6 (19x12)","categoria":"Descartables","subcategoria":"Cajas, Bandejas, Estuches Multiuso","precio":2825.23,"destacado":false,"descripcion":"","imagen":"assets/products/CA-000000034803.webp","tags":["bandeja","carton","rosa","19x12"]},{"id":"CA-000000043923","nombre":"BANDEJA CON DIVISION NEGRA PARA PICADAS (BULTO 12x25) B.P","categoria":"Descartables","subcategoria":"Bandejas Plasticas/Microondas/Picadas","precio":96749.43,"destacado":false,"descripcion":"* (12/12/2025)","imagen":"assets/products/CA-000000043923.webp","tags":["bandeja","con","division","negra","para","picadas","bulto","12x25"]},{"id":"CA-000000043924","nombre":"BANDEJA CON DIVISION NEGRA PARA PICADAS x25 B.P","categoria":"Descartables","subcategoria":"Bandejas Plasticas/Microondas/Picadas","precio":8707.45,"destacado":false,"descripcion":"* (12/12/2025)","imagen":"assets/products/CA-000000043924.webp","tags":["bandeja","con","division","negra","para","picadas","x25"]},{"id":"CA-779429701235","nombre":"BANDEJA COPETIN GRANDE 5 CAVIDADES 27cm x1 1235","categoria":"Descartables","subcategoria":"Bandejas Plasticas/Microondas/Picadas","precio":1780.22,"destacado":false,"descripcion":"","imagen":"assets/products/CA-779429701235.webp","tags":["bandeja","copetin","grande","cavidades","27cm","1235"]},{"id":"CA-000000050767","nombre":"BANDEJA DIA DE LOS ENAMORADOS LOVE CON CORAZONES x10u.carambia","categoria":"Descartables","subcategoria":"Bandejas Rectangulares De Carton/Oro/Plata","precio":11863.8,"destacado":false,"descripcion":"* (17/12/2025)","imagen":"assets/products/CA-000000050767.webp","tags":["bandeja","dia","los","enamorados","love","con","corazones","x10u","carambia"]},{"id":"CA-000000051850","nombre":"BANDEJA ECOLOGICA  CARTON RECTANGULAR Nº1 LA x100","categoria":"Descartables","subcategoria":"Bandejas Rectangulares De Carton/Oro/Plata","precio":1146.65,"destacado":false,"descripcion":"","imagen":"assets/products/CA-000000051850.webp","tags":["bandeja","ecologica","carton","rectangular","nº1","x100"]},{"id":"CA-000000051851","nombre":"BANDEJA ECOLOGICA CARTON RECTANGULAR Nº2 LA x100","categoria":"Descartables","subcategoria":"Bandejas Rectangulares De Carton/Oro/Plata","precio":1382.04,"destacado":false,"descripcion":"","imagen":"assets/products/CA-000000051851.webp","tags":["bandeja","ecologica","carton","rectangular","nº2","x100"]},{"id":"CA-000000051852","nombre":"BANDEJA ECOLOGICA CARTON RECTANGULAR Nº3 LA x100","categoria":"Descartables","subcategoria":"Bandejas Rectangulares De Carton/Oro/Plata","precio":1864.64,"destacado":false,"descripcion":"","imagen":"assets/products/CA-000000051852.webp","tags":["bandeja","ecologica","carton","rectangular","nº3","x100"]},{"id":"CA-000000051853","nombre":"BANDEJA ECOLOGICA CARTON RECTANGULAR Nº4 LA x100","categoria":"Descartables","subcategoria":"Bandejas Rectangulares De Carton/Oro/Plata","precio":2401.8,"destacado":false,"descripcion":"","imagen":"assets/products/CA-000000051853.webp","tags":["bandeja","ecologica","carton","rectangular","nº4","x100"]},{"id":"CA-000000051854","nombre":"BANDEJA ECOLOGICA CARTON RECTANGULAR Nº5 LA x100","categoria":"Descartables","subcategoria":"Bandejas Rectangulares De Carton/Oro/Plata","precio":2859.37,"destacado":false,"descripcion":"","imagen":"assets/products/CA-000000051854.webp","tags":["bandeja","ecologica","carton","rectangular","nº5","x100"]},{"id":"CA-000000051855","nombre":"BANDEJA ECOLOGICA CARTON RECTANGULAR Nº6 LA x100","categoria":"Descartables","subcategoria":"Bandejas Rectangulares De Carton/Oro/Plata","precio":3856.19,"destacado":false,"descripcion":"","imagen":"assets/products/CA-000000051855.webp","tags":["bandeja","ecologica","carton","rectangular","nº6","x100"]},{"id":"CA-000000051856","nombre":"BANDEJA ECOLOGICA CARTON REDONDA Nº13.5 LA (24cm) x100","categoria":"Descartables","subcategoria":"Bandejas Redondas De Carton/Oro/Plata","precio":2625.2,"destacado":false,"descripcion":"","imagen":"assets/products/CA-000000051856.webp","tags":["bandeja","ecologica","carton","redonda","nº13","24cm","x100"]},{"id":"CA-000000005585","nombre":"BANDEJA HORNAL B4/F200 A GRANEL (BULTO 150u) AF","categoria":"Descartables","subcategoria":"Hornales","precio":46784.37,"destacado":false,"descripcion":"","imagen":"assets/products/CA-000000005585.webp","tags":["bandeja","hornal","f200","granel","bulto","150u"]},{"id":"CA-000000038816","nombre":"BANDEJA HORNAL B4/F200 x25u. (28x18cm.) AF","categoria":"Descartables","subcategoria":"Hornales","precio":8545.95,"destacado":false,"descripcion":"","imagen":"assets/products/CA-000000038816.webp","tags":["bandeja","hornal","f200","x25u","28x18cm"]},{"id":"CA-000000009689","nombre":"BANDEJA HORNAL B5/F100 A GRANEL  (BULTO 300u.) AF","categoria":"Descartables","subcategoria":"Hornales","precio":42684.81,"destacado":false,"descripcion":"","imagen":"assets/products/CA-000000009689.webp","tags":["bandeja","hornal","f100","granel","bulto","300u"]},{"id":"CA-000000038817","nombre":"BANDEJA HORNAL B5/F100 x25u. (20x13cm) AF","categoria":"Descartables","subcategoria":"Hornales","precio":3898.55,"destacado":false,"descripcion":"","imagen":"assets/products/CA-000000038817.webp","tags":["bandeja","hornal","f100","x25u","20x13cm"]},{"id":"CA-000000035389","nombre":"BANDEJA HORNAL R3/F75 A GRANEL  (BULTO 800u.) AF","categoria":"Descartables","subcategoria":"Hornales","precio":82054.64,"destacado":false,"descripcion":"","imagen":"assets/products/CA-000000035389.webp","tags":["bandeja","hornal","f75","granel","bulto","800u"]},{"id":"CA-000000015006","nombre":"BANDEJA HORNAL R3/F75 x25u. (14,5x10cm)","categoria":"Descartables","subcategoria":"Hornales","precio":2810.37,"destacado":false,"descripcion":"","imagen":"assets/products/CA-000000015006.webp","tags":["bandeja","hornal","f75","x25u","5x10cm"]},{"id":"CA-000000014773","nombre":"BANDEJA HORNAL R6/C200 A GRANEL (BULTO x150u.) AF","categoria":"Descartables","subcategoria":"Hornales","precio":58368.77,"destacado":false,"descripcion":"","imagen":"assets/products/CA-000000014773.webp","tags":["bandeja","hornal","c200","granel","bulto","x150u"]},{"id":"CA-000000037262","nombre":"BANDEJA HORNAL R6/C200 x25u. (27x12cm) AF","categoria":"Descartables","subcategoria":"Hornales","precio":10662.03,"destacado":false,"descripcion":"","imagen":"assets/products/CA-000000037262.webp","tags":["bandeja","hornal","c200","x25u","27x12cm"]},{"id":"CA-779387694530","nombre":"BANDEJA MICROCORRUGADO KRAFT ( 30x30x6cm) x25 MEDORO (G15)","categoria":"Descartables","subcategoria":"Cajas, Bandejas, Estuches Multiuso","precio":9125.16,"destacado":false,"descripcion":"","imagen":"assets/products/CA-779387694530.webp","tags":["bandeja","microcorrugado","kraft","30x30x6cm","x25","medoro","g15"]},{"id":"CA-779387694525","nombre":"BANDEJA MICROCORRUGADO KRAFT (25x25x6cm) x25u.MEDORO (G9) CMC25025B","categoria":"Descartables","subcategoria":"Cajas, Bandejas, Estuches Multiuso","precio":8395.15,"destacado":false,"descripcion":"","imagen":"assets/products/CA-779387694525.webp","tags":["bandeja","microcorrugado","kraft","25x25x6cm","x25u","medoro","cmc25025b"]},{"id":"CA-000000033932","nombre":"BANDEJA MICROONDAS Nº 102 S RECTANGULAR (BULTO12x100) B.P \"NARAN-PP\"","categoria":"Descartables","subcategoria":"Bandejas Plasticas/Microondas/Picadas","precio":53289.99,"destacado":false,"descripcion":"* (12/12/2025)","imagen":"assets/products/CA-000000033932.webp","tags":["bandeja","microondas","102","rectangular","bulto12x100","naran"]},{"id":"CA-000000033936","nombre":"BANDEJA MICROONDAS Nº 102 S RECTANGULAR x100  B.P \"NARAN-PP\"","categoria":"Descartables","subcategoria":"Bandejas Plasticas/Microondas/Picadas","precio":4796.1,"destacado":false,"descripcion":"* (12/12/2025)","imagen":"assets/products/CA-000000033936.webp","tags":["bandeja","microondas","102","rectangular","x100","naran"]},{"id":"CA-000000033933","nombre":"BANDEJA MICROONDAS Nº 103 S RECTANGULAR  (BULTO6x100) B.P \"NARAN-PP\"","categoria":"Descartables","subcategoria":"Bandejas Plasticas/Microondas/Picadas","precio":38191.16,"destacado":false,"descripcion":"* (12/12/2025)","imagen":"assets/products/CA-000000033933.webp","tags":["bandeja","microondas","103","rectangular","bulto6x100","naran"]},{"id":"CA-000000033937","nombre":"BANDEJA MICROONDAS Nº 103 S RECTANGULAR x 100 B.P \"NARAN-PP\"","categoria":"Descartables","subcategoria":"Bandejas Plasticas/Microondas/Picadas","precio":6874.41,"destacado":false,"descripcion":"* (12/12/2025)","imagen":"assets/products/CA-000000033937.webp","tags":["bandeja","microondas","103","rectangular","100","naran"]}]}