{"category_slug":"descartables","subcategory_slug":"","page":20,"page_size":48,"total":1365,"items":[{"id":"CA-779834240252","nombre":"PLATO RAYADO DORADO CHICO 18 cm x8u. C.O","categoria":"Descartables","subcategoria":"Platos / Platos Blonda","precio":1236.5,"destacado":false,"descripcion":"","imagen":"assets/products/CA-779834240252.webp","tags":["plato","rayado","dorado","chico","x8u"]},{"id":"CA-779834240254","nombre":"PLATO RAYADO DORADO GRANDE 23cm x8u. C.O","categoria":"Descartables","subcategoria":"Platos / Platos Blonda","precio":2077.4,"destacado":false,"descripcion":"","imagen":"assets/products/CA-779834240254.webp","tags":["plato","rayado","dorado","grande","23cm","x8u"]},{"id":"CA-779834240253","nombre":"PLATO RAYADO PLATEADO CHICO 18 cm x8u. C.O","categoria":"Descartables","subcategoria":"Platos / Platos Blonda","precio":1236.5,"destacado":false,"descripcion":"","imagen":"assets/products/CA-779834240253.webp","tags":["plato","rayado","plateado","chico","x8u"]},{"id":"CA-779834240255","nombre":"PLATO RAYADO PLATEADO GRANDE 23cm x8u. C.O","categoria":"Descartables","subcategoria":"Platos / Platos Blonda","precio":2077.4,"destacado":false,"descripcion":"","imagen":"assets/products/CA-779834240255.webp","tags":["plato","rayado","plateado","grande","23cm","x8u"]},{"id":"CA-079075787998","nombre":"PLATO REDONDO POLIPAPEL BLANCO 18cm x8 ROMI PACK","categoria":"Descartables","subcategoria":"Vasos Plasticos/Polipapel/Termicos Y Copas","precio":698.61,"destacado":false,"descripcion":"","imagen":"assets/products/CA-079075787998.webp","tags":["plato","redondo","polipapel","blanco","18cm","romi","pack"]},{"id":"CA-079075787984","nombre":"PLATO REDONDO POLIPAPEL CELESTE 18cm x8 ROMI PACK","categoria":"Descartables","subcategoria":"Vasos Plasticos/Polipapel/Termicos Y Copas","precio":915.61,"destacado":false,"descripcion":"","imagen":"assets/products/CA-079075787984.webp","tags":["plato","redondo","polipapel","celeste","18cm","romi","pack"]},{"id":"CA-079075788000","nombre":"PLATO REDONDO POLIPAPEL KRAFT 18cm x8 ROMI PACK","categoria":"Descartables","subcategoria":"Vasos Plasticos/Polipapel/Termicos Y Copas","precio":698.61,"destacado":false,"descripcion":"","imagen":"assets/products/CA-079075788000.webp","tags":["plato","redondo","polipapel","kraft","18cm","romi","pack"]},{"id":"CA-071460413429","nombre":"PLATO REDONDO POLIPAPEL NEGRO 18cm x8 ROMI PACK","categoria":"Descartables","subcategoria":"Vasos Plasticos/Polipapel/Termicos Y Copas","precio":915.61,"destacado":false,"descripcion":"","imagen":"assets/products/CA-071460413429.webp","tags":["plato","redondo","polipapel","negro","18cm","romi","pack"]},{"id":"CA-071460413421","nombre":"PLATO REDONDO POLIPAPEL ROJO 18cm x8 ROMI PACK","categoria":"Descartables","subcategoria":"Vasos Plasticos/Polipapel/Termicos Y Copas","precio":915.61,"destacado":false,"descripcion":"","imagen":"assets/products/CA-071460413421.webp","tags":["plato","redondo","polipapel","rojo","18cm","romi","pack"]},{"id":"CA-079075787986","nombre":"PLATO REDONDO POLIPAPEL ROSA 18cm x8 ROMI PACK","categoria":"Descartables","subcategoria":"Vasos Plasticos/Polipapel/Termicos Y Copas","precio":915.61,"destacado":false,"descripcion":"","imagen":"assets/products/CA-079075787986.webp","tags":["plato","redondo","polipapel","rosa","18cm","romi","pack"]},{"id":"CA-079075787983","nombre":"PLATO REDONDO POLIPAPEL VERDE AGUA 18cm x8 ROMI PACK","categoria":"Descartables","subcategoria":"Vasos Plasticos/Polipapel/Termicos Y Copas","precio":915.61,"destacado":false,"descripcion":"","imagen":"assets/products/CA-079075787983.webp","tags":["plato","redondo","polipapel","verde","agua","18cm","romi","pack"]},{"id":"CA-779905100683","nombre":"PLATO/BANDEJA CARTON CUADRADO HALLOWEEN NEGRO TERROR x8 GM 635","categoria":"Descartables","subcategoria":"Platos / Platos Blonda","precio":1067.18,"destacado":false,"descripcion":"","imagen":"assets/products/CA-779905100683.webp","tags":["plato","bandeja","carton","cuadrado","halloween","negro","terror","635"]},{"id":"CA-779905100817","nombre":"PLATO/BANDEJA CARTON CUADRADO HALLOWEEN VIOLETA CON DISEÑO x88U GM 668-1","categoria":"Descartables","subcategoria":"Platos / Platos Blonda","precio":1067.18,"destacado":false,"descripcion":"","imagen":"assets/products/CA-779905100817.webp","tags":["plato","bandeja","carton","cuadrado","halloween","violeta","con","diseño","x88u","668"]},{"id":"CA-000000041767","nombre":"POTE 1/2kg  (BULTO 24x50)","categoria":"Descartables","subcategoria":"Potes Y Tapas/Compoteras","precio":85756.73,"destacado":false,"descripcion":"* (12/12/2025)","imagen":"assets/products/CA-000000041767.webp","tags":["pote","2kg","bulto","24x50"]},{"id":"CA-000000034001","nombre":"POTE 1/2kg PP (BULTO 20x50u.) BP0132 AMERICAN PLAST","categoria":"Descartables","subcategoria":"Potes Y Tapas/Compoteras","precio":88956.25,"destacado":false,"descripcion":"* (05/12/2025)","imagen":"assets/products/CA-000000034001.webp","tags":["pote","2kg","bulto","20x50u","bp0132","american","plast"]},{"id":"CA-000000034006","nombre":"POTE 1/2kg PP x50 BP0132 AMERICAN PLAST","categoria":"Descartables","subcategoria":"Potes Y Tapas/Compoteras","precio":4803.64,"destacado":false,"descripcion":"* (05/12/2025)","imagen":"assets/products/CA-000000034006.webp","tags":["pote","2kg","x50","bp0132","american","plast"]},{"id":"CA-000000041768","nombre":"POTE 1/2kg x50u.","categoria":"Descartables","subcategoria":"Potes Y Tapas/Compoteras","precio":3859.05,"destacado":false,"descripcion":"* (12/12/2025)","imagen":"assets/products/CA-000000041768.webp","tags":["pote","2kg","x50u"]},{"id":"CA-000000011452","nombre":"POTE 1/4kg (BULTO 24 x50)","categoria":"Descartables","subcategoria":"Potes Y Tapas/Compoteras","precio":55701.5,"destacado":false,"descripcion":"* (12/12/2025)","imagen":"assets/products/CA-000000011452.webp","tags":["pote","4kg","bulto","x50"]},{"id":"CA-000000003191","nombre":"POTE 1/4kgx50","categoria":"Descartables","subcategoria":"Potes Y Tapas/Compoteras","precio":2506.57,"destacado":false,"descripcion":"* (12/12/2025)","imagen":"assets/products/CA-000000003191.webp","tags":["pote","4kgx50"]},{"id":"CA-000000041831","nombre":"POTE 1/8kg (BULTO 20x50) BP0134  AMERICAN PLAST","categoria":"Descartables","subcategoria":"Potes Y Tapas/Compoteras","precio":49747.5,"destacado":false,"descripcion":"* (05/12/2025)","imagen":"assets/products/CA-000000041831.webp","tags":["pote","8kg","bulto","20x50","bp0134","american","plast"]},{"id":"CA-000000034008","nombre":"POTE 1/8kg x50u. BP0134 AMERICAN PLAST","categoria":"Descartables","subcategoria":"Potes Y Tapas/Compoteras","precio":2686.37,"destacado":false,"descripcion":"* (05/12/2025)","imagen":"assets/products/CA-000000034008.webp","tags":["pote","8kg","x50u","bp0134","american","plast"]},{"id":"CA-000000010234","nombre":"POTE 1kg (BULTO 12x50)","categoria":"Descartables","subcategoria":"Potes Y Tapas/Compoteras","precio":79807.69,"destacado":false,"descripcion":"* (12/12/2025)","imagen":"assets/products/CA-000000010234.webp","tags":["pote","1kg","bulto","12x50"]},{"id":"CA-000000005923","nombre":"POTE 1kgx50","categoria":"Descartables","subcategoria":"Potes Y Tapas/Compoteras","precio":7182.69,"destacado":false,"descripcion":"* (12/12/2025)","imagen":"assets/products/CA-000000005923.webp","tags":["pote","1kgx50"]},{"id":"CA-000000044619","nombre":"POTE CON BISAGRA CHICO LP403 (BULTO 10x60u.)","categoria":"Descartables","subcategoria":"Potes Y Tapas/Compoteras","precio":42244.31,"destacado":false,"descripcion":"","imagen":"assets/products/CA-000000044619.webp","tags":["pote","con","bisagra","chico","lp403","bulto","10x60u"]},{"id":"CA-000000044721","nombre":"POTE CON BISAGRA CHICO LP403 x60u.","categoria":"Descartables","subcategoria":"Potes Y Tapas/Compoteras","precio":4562.39,"destacado":false,"descripcion":"","imagen":"assets/products/CA-000000044721.webp","tags":["pote","con","bisagra","chico","lp403","x60u"]},{"id":"CA-000000044724","nombre":"POTE CON BISAGRA GRANDE LP401 (BULTO 10x60u.)","categoria":"Descartables","subcategoria":"Potes Y Tapas/Compoteras","precio":52892.13,"destacado":false,"descripcion":"","imagen":"assets/products/CA-000000044724.webp","tags":["pote","con","bisagra","grande","lp401","bulto","10x60u"]},{"id":"CA-000000044725","nombre":"POTE CON BISAGRA GRANDE LP401 x60u.","categoria":"Descartables","subcategoria":"Potes Y Tapas/Compoteras","precio":5712.35,"destacado":false,"descripcion":"","imagen":"assets/products/CA-000000044725.webp","tags":["pote","con","bisagra","grande","lp401","x60u"]},{"id":"CA-000000044722","nombre":"POTE CON BISAGRA MEDIANO LP402 (BULTO 10x60u.)","categoria":"Descartables","subcategoria":"Potes Y Tapas/Compoteras","precio":46607.44,"destacado":false,"descripcion":"","imagen":"assets/products/CA-000000044722.webp","tags":["pote","con","bisagra","mediano","lp402","bulto","10x60u"]},{"id":"CA-000000044723","nombre":"POTE CON BISAGRA MEDIANO LP402 x60u","categoria":"Descartables","subcategoria":"Potes Y Tapas/Compoteras","precio":5033.6,"destacado":false,"descripcion":"","imagen":"assets/products/CA-000000044723.webp","tags":["pote","con","bisagra","mediano","lp402","x60u"]},{"id":"CA-17798102570971","nombre":"ROLLO ALUMINIO PROLUMINIO 38cm x5mt (BULTOx20) B.P","categoria":"Descartables","subcategoria":"Rollo Cocina/Film/Aluminio Y Bolsas Freezer/Horno","precio":48679.04,"destacado":false,"descripcion":"* (12/12/2025)","imagen":"assets/products/CA-17798102570971.webp","tags":["rollo","aluminio","proluminio","38cm","x5mt","bultox20"]},{"id":"CA-779810257097","nombre":"ROLLO ALUMINIO PROLUMINIO 38cm x5mt X1 B.P","categoria":"Descartables","subcategoria":"Rollo Cocina/Film/Aluminio Y Bolsas Freezer/Horno","precio":2628.67,"destacado":false,"descripcion":"* (12/12/2025)","imagen":"assets/products/CA-779810257097.webp","tags":["rollo","aluminio","proluminio","38cm","x5mt"]},{"id":"CA-000000057543","nombre":"ROLLO ALUMINIO ROLFLEX 28cmx4mt (BULTOx36)","categoria":"Descartables","subcategoria":"Rollo Cocina/Film/Aluminio Y Bolsas Freezer/Horno","precio":22095.0,"destacado":false,"descripcion":"","imagen":"assets/products/CA-000000057543.webp","tags":["rollo","aluminio","rolflex","28cmx4mt","bultox36"]},{"id":"CA-779804382013","nombre":"ROLLO ALUMINIO ROLFLEX 28cmx4mt x1und.","categoria":"Descartables","subcategoria":"Rollo Cocina/Film/Aluminio Y Bolsas Freezer/Horno","precio":662.85,"destacado":false,"descripcion":"","imagen":"assets/products/CA-779804382013.webp","tags":["rollo","aluminio","rolflex","28cmx4mt","x1und"]},{"id":"CA-47791828000129","nombre":"ROLLO COCINA FELPITA BLANCO P10x3u.","categoria":"Descartables","subcategoria":"Rollo Cocina/Film/Aluminio Y Bolsas Freezer/Horno","precio":11314.48,"destacado":false,"descripcion":"","imagen":"assets/products/CA-47791828000129.webp","tags":["rollo","cocina","felpita","blanco","p10x3u"]},{"id":"CA-000000044748","nombre":"ROLLO FILM AUTOADHERENTE ESPECIAL P.V.C 38cmx80mts (BULTO x16u).","categoria":"Descartables","subcategoria":"Rollo Cocina/Film/Aluminio Y Bolsas Freezer/Horno","precio":46240.0,"destacado":false,"descripcion":"","imagen":"assets/products/CA-000000044748.webp","tags":["rollo","film","autoadherente","especial","38cmx80mts","bulto","x16u"]},{"id":"CA-779810488047","nombre":"ROLLO FILM AUTOADHERENTE ESPECIAL P.V.C 38cmx80mts aprox. x1u.","categoria":"Descartables","subcategoria":"Rollo Cocina/Film/Aluminio Y Bolsas Freezer/Horno","precio":3121.2,"destacado":false,"descripcion":"","imagen":"assets/products/CA-779810488047.webp","tags":["rollo","film","autoadherente","especial","38cmx80mts","aprox","x1u"]},{"id":"CA-000000057070","nombre":"ROLLO FILM AUTOADHERENTE ESPECIAL P.V.C ROLFLEX 28cm x20mts (BULTO x36)","categoria":"Descartables","subcategoria":"Rollo Cocina/Film/Aluminio Y Bolsas Freezer/Horno","precio":19125.0,"destacado":false,"descripcion":"","imagen":"assets/products/CA-000000057070.webp","tags":["rollo","film","autoadherente","especial","rolflex","28cm","x20mts","bulto","x36"]},{"id":"CA-779804382014","nombre":"ROLLO FILM AUTOADHERENTE ESPECIAL P.V.C ROLFLEX 28cm x20mts x1u.","categoria":"Descartables","subcategoria":"Rollo Cocina/Film/Aluminio Y Bolsas Freezer/Horno","precio":573.75,"destacado":false,"descripcion":"","imagen":"assets/products/CA-779804382014.webp","tags":["rollo","film","autoadherente","especial","rolflex","28cm","x20mts","x1u"]},{"id":"CA-17798102570353","nombre":"ROLLO FILM AUTOADHERENTE PROFILM 30cmx20mtr (BULTOx30) B.P","categoria":"Descartables","subcategoria":"Rollo Cocina/Film/Aluminio Y Bolsas Freezer/Horno","precio":14944.32,"destacado":false,"descripcion":"* (12/12/2025)","imagen":"assets/products/CA-17798102570353.webp","tags":["rollo","film","autoadherente","profilm","30cmx20mtr","bultox30"]},{"id":"CA-779810257035","nombre":"ROLLO FILM AUTOADHERENTE PROFILM 30cmx20mtr x1 B.P","categoria":"Descartables","subcategoria":"Rollo Cocina/Film/Aluminio Y Bolsas Freezer/Horno","precio":538.0,"destacado":false,"descripcion":"* (12/12/2025)","imagen":"assets/products/CA-779810257035.webp","tags":["rollo","film","autoadherente","profilm","30cmx20mtr"]},{"id":"CA-779810257039","nombre":"ROLLO FILM AUTOADHERENTE PROFILM ECONOMICO 38cmx100mtr  x1 B.P","categoria":"Descartables","subcategoria":"Rollo Cocina/Film/Aluminio Y Bolsas Freezer/Horno","precio":3274.93,"destacado":false,"descripcion":"* (12/12/2025)","imagen":"assets/products/CA-779810257039.webp","tags":["rollo","film","autoadherente","profilm","economico","38cmx100mtr"]},{"id":"CA-17798102570391","nombre":"ROLLO FILM AUTOADHERENTE PROFILM ECONOMICO 38cmx100mtr (BULTO x12) B.P","categoria":"Descartables","subcategoria":"Rollo Cocina/Film/Aluminio Y Bolsas Freezer/Horno","precio":36388.16,"destacado":false,"descripcion":"* (12/12/2025)","imagen":"assets/products/CA-17798102570391.webp","tags":["rollo","film","autoadherente","profilm","economico","38cmx100mtr","bulto","x12"]},{"id":"CA-17798102570421","nombre":"ROLLO FILM AUTOADHERENTE PROFILM ECONOMICO 38cmx300mts (BULTO x6)  B.P","categoria":"Descartables","subcategoria":"Rollo Cocina/Film/Aluminio Y Bolsas Freezer/Horno","precio":33410.23,"destacado":false,"descripcion":"* (12/12/2025)","imagen":"assets/products/CA-17798102570421.webp","tags":["rollo","film","autoadherente","profilm","economico","38cmx300mts","bulto"]},{"id":"CA-00000000038271","nombre":"ROLLO FILM AUTOADHERENTE PROFILM ECONOMICO 38cmx300mts (BULTO x6) B.P","categoria":"Descartables","subcategoria":"Rollo Cocina/Film/Aluminio Y Bolsas Freezer/Horno","precio":33410.23,"destacado":false,"descripcion":"* (12/12/2025)","imagen":"assets/products/CA-00000000038271.webp","tags":["rollo","film","autoadherente","profilm","economico","38cmx300mts","bulto"]},{"id":"CA-779810257042","nombre":"ROLLO FILM AUTOADHERENTE PROFILM ECONOMICO 38cmx300mts x1 B.P","categoria":"Descartables","subcategoria":"Rollo Cocina/Film/Aluminio Y Bolsas Freezer/Horno","precio":6013.84,"destacado":false,"descripcion":"* (12/12/2025)","imagen":"assets/products/CA-779810257042.webp","tags":["rollo","film","autoadherente","profilm","economico","38cmx300mts"]},{"id":"CA-779182890038","nombre":"ROLLO INDIVIDUALES FELPITA (42x30cm) x1 (70 unidades)","categoria":"Descartables","subcategoria":"Rollo Cocina/Film/Aluminio Y Bolsas Freezer/Horno","precio":2335.05,"destacado":false,"descripcion":"","imagen":"assets/products/CA-779182890038.webp","tags":["rollo","individuales","felpita","42x30cm","unidades"]},{"id":"CA-000000050928","nombre":"ROLLO PAPEL ALUMINIO ROLFLEX 40cm x25mts aprox. (BULTO x12u.)","categoria":"Descartables","subcategoria":"Rollo Cocina/Film/Aluminio Y Bolsas Freezer/Horno","precio":114510.0,"destacado":false,"descripcion":"","imagen":"assets/products/CA-000000050928.webp","tags":["rollo","papel","aluminio","rolflex","40cm","x25mts","aprox","bulto","x12u"]},{"id":"CA-000000050929","nombre":"ROLLO PAPEL ALUMINIO ROLFLEX 40cm x25mts aprox. x1u.","categoria":"Descartables","subcategoria":"Rollo Cocina/Film/Aluminio Y Bolsas Freezer/Horno","precio":10305.9,"destacado":false,"descripcion":"","imagen":"assets/products/CA-000000050929.webp","tags":["rollo","papel","aluminio","rolflex","40cm","x25mts","aprox","x1u"]}]}