{"category_slug":"descartables","subcategory_slug":"","page":13,"page_size":48,"total":1365,"items":[{"id":"CA-202560001055","nombre":"MANTEL METALIZADO PLATA CON ESTRELLA X1 FP1055-01","categoria":"Descartables","subcategoria":"Manteles / Individuales / Posavaso","precio":1697.85,"destacado":false,"descripcion":"","imagen":"assets/products/CA-202560001055.webp","tags":["mantel","metalizado","plata","con","estrella","fp1055"]},{"id":"CA-000000018250","nombre":"MANTEL PLASTICO RECTANGULAR EXTRA LARGO AMARILLO (1,20x3,60mtr) x5u.","categoria":"Descartables","subcategoria":"Manteles / Individuales / Posavaso","precio":6452.73,"destacado":false,"descripcion":"* (12/12/2025)","imagen":"assets/products/CA-000000018250.webp","tags":["mantel","plastico","rectangular","extra","largo","amarillo","20x3","60mtr","x5u"]},{"id":"CA-000000018251","nombre":"MANTEL PLASTICO RECTANGULAR EXTRA LARGO AZUL (1,20x3,60mtr) x5u.","categoria":"Descartables","subcategoria":"Manteles / Individuales / Posavaso","precio":6452.73,"destacado":false,"descripcion":"* (12/12/2025)","imagen":"assets/products/CA-000000018251.webp","tags":["mantel","plastico","rectangular","extra","largo","azul","20x3","60mtr","x5u"]},{"id":"CA-000000018252","nombre":"MANTEL PLASTICO RECTANGULAR EXTRA LARGO BLANCO (1,20x3,60mtr) x5u.","categoria":"Descartables","subcategoria":"Manteles / Individuales / Posavaso","precio":6452.73,"destacado":false,"descripcion":"* (12/12/2025)","imagen":"assets/products/CA-000000018252.webp","tags":["mantel","plastico","rectangular","extra","largo","blanco","20x3","60mtr","x5u"]},{"id":"CA-000000018253","nombre":"MANTEL PLASTICO RECTANGULAR EXTRA LARGO CELESTE (1,20x3,60mtr) x5u.","categoria":"Descartables","subcategoria":"Manteles / Individuales / Posavaso","precio":6452.73,"destacado":false,"descripcion":"* (12/12/2025)","imagen":"assets/products/CA-000000018253.webp","tags":["mantel","plastico","rectangular","extra","largo","celeste","20x3","60mtr","x5u"]},{"id":"CA-000000029519","nombre":"MANTEL PLASTICO RECTANGULAR EXTRA LARGO FUCSIA (1,20x3,60mtr) x5u.","categoria":"Descartables","subcategoria":"Manteles / Individuales / Posavaso","precio":8151.1,"destacado":false,"descripcion":"* (12/12/2025)","imagen":"assets/products/CA-000000029519.webp","tags":["mantel","plastico","rectangular","extra","largo","fucsia","20x3","60mtr","x5u"]},{"id":"CA-000000018254","nombre":"MANTEL PLASTICO RECTANGULAR EXTRA LARGO LILA (1,20x3,60mtr) x5u.","categoria":"Descartables","subcategoria":"Manteles / Individuales / Posavaso","precio":6452.73,"destacado":false,"descripcion":"* (12/12/2025)","imagen":"assets/products/CA-000000018254.webp","tags":["mantel","plastico","rectangular","extra","largo","lila","20x3","60mtr","x5u"]},{"id":"CA-000000018255","nombre":"MANTEL PLASTICO RECTANGULAR EXTRA LARGO NARANJA (1,20x3,60mtr) x5u.","categoria":"Descartables","subcategoria":"Manteles / Individuales / Posavaso","precio":6452.73,"destacado":false,"descripcion":"* (12/12/2025)","imagen":"assets/products/CA-000000018255.webp","tags":["mantel","plastico","rectangular","extra","largo","naranja","20x3","60mtr","x5u"]},{"id":"CA-000000046632","nombre":"MANTEL PLASTICO RECTANGULAR EXTRA LARGO NEGRO (1,20x3,60mtr) x5u.","categoria":"Descartables","subcategoria":"Manteles / Individuales / Posavaso","precio":6452.73,"destacado":false,"descripcion":"* (12/12/2025)","imagen":"assets/products/CA-000000046632.webp","tags":["mantel","plastico","rectangular","extra","largo","negro","20x3","60mtr","x5u"]},{"id":"CA-000000018256","nombre":"MANTEL PLASTICO RECTANGULAR EXTRA LARGO ROJO (1,20x3,60mtr) x5u.","categoria":"Descartables","subcategoria":"Manteles / Individuales / Posavaso","precio":6452.73,"destacado":false,"descripcion":"* (12/12/2025)","imagen":"assets/products/CA-000000018256.webp","tags":["mantel","plastico","rectangular","extra","largo","rojo","20x3","60mtr","x5u"]},{"id":"CA-000000018257","nombre":"MANTEL PLASTICO RECTANGULAR EXTRA LARGO ROSA (1,20x3,60mtr) x5u.","categoria":"Descartables","subcategoria":"Manteles / Individuales / Posavaso","precio":6452.73,"destacado":false,"descripcion":"* (12/12/2025)","imagen":"assets/products/CA-000000018257.webp","tags":["mantel","plastico","rectangular","extra","largo","rosa","20x3","60mtr","x5u"]},{"id":"CA-000000018258","nombre":"MANTEL PLASTICO RECTANGULAR EXTRA LARGO VERDE MANZANA (1,20x3,60mtr) x5u.","categoria":"Descartables","subcategoria":"Manteles / Individuales / Posavaso","precio":6452.73,"destacado":false,"descripcion":"* (12/12/2025)","imagen":"assets/products/CA-000000018258.webp","tags":["mantel","plastico","rectangular","extra","largo","verde","manzana","20x3","60mtr","x5u"]},{"id":"CA-000000018259","nombre":"MANTEL PLASTICO RECTANGULAR EXTRA LARGO VERDE OSCURO (1,20x3,60mtr) x5u.","categoria":"Descartables","subcategoria":"Manteles / Individuales / Posavaso","precio":6452.73,"destacado":false,"descripcion":"* (12/12/2025)","imagen":"assets/products/CA-000000018259.webp","tags":["mantel","plastico","rectangular","extra","largo","verde","oscuro","20x3","60mtr","x5u"]},{"id":"CA-000000018232","nombre":"MANTEL PLASTICO RECTANGULAR LISO AMARILLO (1,20x1,80) x5u.","categoria":"Descartables","subcategoria":"Manteles / Individuales / Posavaso","precio":3642.44,"destacado":false,"descripcion":"* (12/12/2025)","imagen":"assets/products/CA-000000018232.webp","tags":["mantel","plastico","rectangular","liso","amarillo","20x1","x5u"]},{"id":"CA-000000018233","nombre":"MANTEL PLASTICO RECTANGULAR LISO AZUL (1,20x1,80) x5u.","categoria":"Descartables","subcategoria":"Manteles / Individuales / Posavaso","precio":3642.44,"destacado":false,"descripcion":"* (12/12/2025)","imagen":"assets/products/CA-000000018233.webp","tags":["mantel","plastico","rectangular","liso","azul","20x1","x5u"]},{"id":"CA-000000018234","nombre":"MANTEL PLASTICO RECTANGULAR LISO BLANCO (1,20x1,80) x5u.","categoria":"Descartables","subcategoria":"Manteles / Individuales / Posavaso","precio":3642.44,"destacado":false,"descripcion":"* (12/12/2025)","imagen":"assets/products/CA-000000018234.webp","tags":["mantel","plastico","rectangular","liso","blanco","20x1","x5u"]},{"id":"CA-000000018235","nombre":"MANTEL PLASTICO RECTANGULAR LISO CELESTE (1,20x1,80) x5u.","categoria":"Descartables","subcategoria":"Manteles / Individuales / Posavaso","precio":3642.44,"destacado":false,"descripcion":"* (12/12/2025)","imagen":"assets/products/CA-000000018235.webp","tags":["mantel","plastico","rectangular","liso","celeste","20x1","x5u"]},{"id":"CA-000000029517","nombre":"MANTEL PLASTICO RECTANGULAR LISO FUCSIA (1,20x1,80) x5u.","categoria":"Descartables","subcategoria":"Manteles / Individuales / Posavaso","precio":4676.67,"destacado":false,"descripcion":"* (12/12/2025)","imagen":"assets/products/CA-000000029517.webp","tags":["mantel","plastico","rectangular","liso","fucsia","20x1","x5u"]},{"id":"CA-000000018236","nombre":"MANTEL PLASTICO RECTANGULAR LISO LILA (1,20x1,80) x5u.","categoria":"Descartables","subcategoria":"Manteles / Individuales / Posavaso","precio":3642.44,"destacado":false,"descripcion":"* (12/12/2025)","imagen":"assets/products/CA-000000018236.webp","tags":["mantel","plastico","rectangular","liso","lila","20x1","x5u"]},{"id":"CA-000000018237","nombre":"MANTEL PLASTICO RECTANGULAR LISO NARANJA (1,20x1,80) x5u.","categoria":"Descartables","subcategoria":"Manteles / Individuales / Posavaso","precio":3642.44,"destacado":false,"descripcion":"* (12/12/2025)","imagen":"assets/products/CA-000000018237.webp","tags":["mantel","plastico","rectangular","liso","naranja","20x1","x5u"]},{"id":"CA-000000046633","nombre":"MANTEL PLASTICO RECTANGULAR LISO NEGRO (1,20x1,80) x5u.","categoria":"Descartables","subcategoria":"Manteles / Individuales / Posavaso","precio":3642.44,"destacado":false,"descripcion":"* (12/12/2025)","imagen":"assets/products/CA-000000046633.webp","tags":["mantel","plastico","rectangular","liso","negro","20x1","x5u"]},{"id":"CA-000000018238","nombre":"MANTEL PLASTICO RECTANGULAR LISO ROJO (1,20x1,80) x5u.","categoria":"Descartables","subcategoria":"Manteles / Individuales / Posavaso","precio":3642.44,"destacado":false,"descripcion":"* (12/12/2025)","imagen":"assets/products/CA-000000018238.webp","tags":["mantel","plastico","rectangular","liso","rojo","20x1","x5u"]},{"id":"CA-000000018239","nombre":"MANTEL PLASTICO RECTANGULAR LISO ROSA (1,20x1,80) x5u.","categoria":"Descartables","subcategoria":"Manteles / Individuales / Posavaso","precio":3642.44,"destacado":false,"descripcion":"* (12/12/2025)","imagen":"assets/products/CA-000000018239.webp","tags":["mantel","plastico","rectangular","liso","rosa","20x1","x5u"]},{"id":"CA-000000018240","nombre":"MANTEL PLASTICO RECTANGULAR LISO VERDE MANZANA (1,20x1,80) x5u.","categoria":"Descartables","subcategoria":"Manteles / Individuales / Posavaso","precio":3642.44,"destacado":false,"descripcion":"* (12/12/2025)","imagen":"assets/products/CA-000000018240.webp","tags":["mantel","plastico","rectangular","liso","verde","manzana","20x1","x5u"]},{"id":"CA-000000018241","nombre":"MANTEL PLASTICO RECTANGULAR LISO VERDE OSCURO (1,20x1,80) x5u.","categoria":"Descartables","subcategoria":"Manteles / Individuales / Posavaso","precio":3642.44,"destacado":false,"descripcion":"* (12/12/2025)","imagen":"assets/products/CA-000000018241.webp","tags":["mantel","plastico","rectangular","liso","verde","oscuro","20x1","x5u"]},{"id":"CA-000000058317","nombre":"MANTEL RECTANGULAR METALIZADO DORADO X12 1465-20","categoria":"Descartables","subcategoria":"Manteles / Individuales / Posavaso","precio":12697.16,"destacado":false,"descripcion":"","imagen":"assets/products/CA-000000058317.webp","tags":["mantel","rectangular","metalizado","dorado","x12","1465"]},{"id":"CA-202560000758","nombre":"MANTEL RECTANGULAR METALIZADO DORADO1.37mts x1.83mts x12 FP0758-01","categoria":"Descartables","subcategoria":"Manteles / Individuales / Posavaso","precio":12697.16,"destacado":false,"descripcion":"","imagen":"assets/products/CA-202560000758.webp","tags":["mantel","rectangular","metalizado","dorado1","37mts","83mts","x12","fp0758"]},{"id":"CA-779813203882","nombre":"MANTEL RECTANGULAR METALIZADO FELIZ CUMPLEAÑOS COLOR x1 (137cm x183cm) 203882","categoria":"Descartables","subcategoria":"Manteles / Individuales / Posavaso","precio":1097.66,"destacado":false,"descripcion":"","imagen":"assets/products/CA-779813203882.webp","tags":["mantel","rectangular","metalizado","feliz","cumpleaños","color","137cm","x183cm","203882"]},{"id":"CA-202562000758","nombre":"MANTEL RECTANGULAR METALIZADO PLATEADO1.37mts x1.83mts x12 FP0758-02","categoria":"Descartables","subcategoria":"Manteles / Individuales / Posavaso","precio":12697.16,"destacado":false,"descripcion":"","imagen":"assets/products/CA-202562000758.webp","tags":["mantel","rectangular","metalizado","plateado1","37mts","83mts","x12","fp0758"]},{"id":"CA-000000058318","nombre":"MANTEL RECTANGULAR METALIZADO ROJO X12 1465-20","categoria":"Descartables","subcategoria":"Manteles / Individuales / Posavaso","precio":12697.16,"destacado":false,"descripcion":"","imagen":"assets/products/CA-000000058318.webp","tags":["mantel","rectangular","metalizado","rojo","x12","1465"]},{"id":"CA-202563000758","nombre":"MANTEL RECTANGULAR METALIZADO ROSA GOLD1.37mts x1.83mts x12 FP0758-03","categoria":"Descartables","subcategoria":"Manteles / Individuales / Posavaso","precio":12697.16,"destacado":false,"descripcion":"","imagen":"assets/products/CA-202563000758.webp","tags":["mantel","rectangular","metalizado","rosa","gold1","37mts","83mts","x12","fp0758"]},{"id":"CA-696264046101","nombre":"MANTEL RECTANGULAR METALIZADO VARIOS COLORES x1","categoria":"Descartables","subcategoria":"Manteles / Individuales / Posavaso","precio":1140.03,"destacado":false,"descripcion":"","imagen":"assets/products/CA-696264046101.webp","tags":["mantel","rectangular","metalizado","varios","colores"]},{"id":"CA-779813203881","nombre":"MANTEL RECTANGULAR METALIZADO x1( varios colores) 137cm x183cm 203881","categoria":"Descartables","subcategoria":"Manteles / Individuales / Posavaso","precio":1117.03,"destacado":false,"descripcion":"","imagen":"assets/products/CA-779813203881.webp","tags":["mantel","rectangular","metalizado","varios","colores","137cm","x183cm","203881"]},{"id":"CA-779813201110","nombre":"MANTEL RECTANGULAR PLASTICO (VARIOS DISEÑOS) 120x152cm x1 201110","categoria":"Descartables","subcategoria":"Manteles / Individuales / Posavaso","precio":2390.5,"destacado":false,"descripcion":"","imagen":"assets/products/CA-779813201110.webp","tags":["mantel","rectangular","plastico","varios","diseños","120x152cm","201110"]},{"id":"CA-779248942175","nombre":"MANTEL RECTANGULAR PREMIUM ALGODON/POLIESTER ESTAMPADO PINOS Y ROMBOS GRIS 1.50x2MTx1 V.H 4201-75","categoria":"Descartables","subcategoria":"Manteles / Individuales / Posavaso","precio":21060.0,"destacado":false,"descripcion":"","imagen":"assets/products/CA-779248942175.webp","tags":["mantel","rectangular","premium","algodon","poliester","estampado","pinos","rombos","gris","50x2mtx1","4201"]},{"id":"CA-000000021296","nombre":"MOLDE BUDIN HORNAL MINI R9 A GRANEL (BULTO 1400u.) AF","categoria":"Descartables","subcategoria":"Hornales","precio":113001.46,"destacado":false,"descripcion":"","imagen":"assets/products/CA-000000021296.webp","tags":["molde","budin","hornal","mini","granel","bulto","1400u"]},{"id":"CA-000000051883","nombre":"MOLDE BUDIN HORNAL MINI R9 x50 AF","categoria":"Descartables","subcategoria":"Hornales","precio":4423.2,"destacado":false,"descripcion":"","imagen":"assets/products/CA-000000051883.webp","tags":["molde","budin","hornal","mini","x50"]},{"id":"CA-000000044761","nombre":"MOLDE FLAN HORNAL H10/V230 A GRANEL (BULTO x600u.) AF","categoria":"Descartables","subcategoria":"Hornales","precio":46737.29,"destacado":false,"descripcion":"","imagen":"assets/products/CA-000000044761.webp","tags":["molde","flan","hornal","h10","v230","granel","bulto","x600u"]},{"id":"CA-000000051886","nombre":"MOLDE FLAN HORNAL H10/V230 x50 AF","categoria":"Descartables","subcategoria":"Hornales","precio":4268.67,"destacado":false,"descripcion":"","imagen":"assets/products/CA-000000051886.webp","tags":["molde","flan","hornal","h10","v230","x50"]},{"id":"CA-000000014561","nombre":"MOLDE FLAN HORNAL H9/V130 GRANEL (BULTO 1500u.) AF","categoria":"Descartables","subcategoria":"Hornales","precio":97281.37,"destacado":false,"descripcion":"","imagen":"assets/products/CA-000000014561.webp","tags":["molde","flan","hornal","v130","granel","bulto","1500u"]},{"id":"CA-000000051887","nombre":"MOLDE FLAN HORNAL H9/V130 x50 AF","categoria":"Descartables","subcategoria":"Hornales","precio":3554.01,"destacado":false,"descripcion":"","imagen":"assets/products/CA-000000051887.webp","tags":["molde","flan","hornal","v130","x50"]},{"id":"CA-000000058242","nombre":"MOLDE PAPEL BIZCOCHUELOx25 Nº18","categoria":"Descartables","subcategoria":"Moldes De Papel/Pan Dulce Y Budin","precio":4590.0,"destacado":false,"descripcion":"","imagen":"assets/products/CA-000000058242.webp","tags":["molde","papel","bizcochuelox25","nº18"]},{"id":"CA-000000058243","nombre":"MOLDE PAPEL BIZCOCHUELOx25 Nº20","categoria":"Descartables","subcategoria":"Moldes De Papel/Pan Dulce Y Budin","precio":4930.0,"destacado":false,"descripcion":"","imagen":"assets/products/CA-000000058243.webp","tags":["molde","papel","bizcochuelox25","nº20"]},{"id":"CA-000000005738","nombre":"MOLDE PAPEL BIZCOCHUELOx25 Nº24","categoria":"Descartables","subcategoria":"Moldes De Papel/Pan Dulce Y Budin","precio":5780.0,"destacado":false,"descripcion":"","imagen":"assets/products/CA-000000005738.webp","tags":["molde","papel","bizcochuelox25","nº24"]},{"id":"CA-779813201694","nombre":"MOLDE PAPEL FREIDORA AIRE CUADRADO AIR FRYER 160mm x50 201694","categoria":"Descartables","subcategoria":"Moldes De Papel/Pan Dulce Y Budin","precio":3086.78,"destacado":false,"descripcion":"","imagen":"assets/products/CA-779813201694.webp","tags":["molde","papel","freidora","aire","cuadrado","air","fryer","160mm","x50","201694"]},{"id":"CA-779000024377","nombre":"MOLDE PAPEL FREIDORA AIRE CUADRADO CHICO AIR FRYER 160mm x50 CN17722","categoria":"Descartables","subcategoria":"Moldes De Papel/Pan Dulce Y Budin","precio":3086.78,"destacado":false,"descripcion":"","imagen":"assets/products/CA-779000024377.webp","tags":["molde","papel","freidora","aire","cuadrado","chico","air","fryer","160mm","x50","cn17722"]},{"id":"CA-779813201696","nombre":"MOLDE PAPEL FREIDORA AIRE REDONDO CHICO AIR FRYER 160mm x50 201696","categoria":"Descartables","subcategoria":"Moldes De Papel/Pan Dulce Y Budin","precio":2197.65,"destacado":false,"descripcion":"","imagen":"assets/products/CA-779813201696.webp","tags":["molde","papel","freidora","aire","redondo","chico","air","fryer","160mm","x50","201696"]},{"id":"CA-779000022436","nombre":"MOLDE PAPEL FREIDORA AIRE REDONDO CHICO AIR FRYER 160mm x50 CN17065","categoria":"Descartables","subcategoria":"Moldes De Papel/Pan Dulce Y Budin","precio":2197.65,"destacado":false,"descripcion":"","imagen":"assets/products/CA-779000022436.webp","tags":["molde","papel","freidora","aire","redondo","chico","air","fryer","160mm","x50","cn17065"]}]}