{"category_slug":"descartables","subcategory_slug":"","page":1,"page_size":48,"total":1365,"items":[{"id":"CA-000000024425","nombre":"AGITADOR DE CAFE BLANCO/CRISTAL 10,5cm x1000 aprox.","categoria":"Descartables","subcategoria":"Cubiertos","precio":2492.72,"destacado":false,"descripcion":"","imagen":"assets/products/CA-000000024425.webp","tags":["agitador","cafe","blanco","cristal","5cm","x1000","aprox"]},{"id":"CA-960500010000","nombre":"AGITADOR DE CAFE MADERA C.B.X (11 cm) x100 und.","categoria":"Descartables","subcategoria":"Cubiertos","precio":667.98,"destacado":false,"descripcion":"","imagen":"assets/products/CA-960500010000.webp","tags":["agitador","cafe","madera","x100","und"]},{"id":"CA-000000050554","nombre":"BANDEJA CARTON BLANCA x6u.","categoria":"Descartables","subcategoria":"Cajas, Bandejas, Estuches Multiuso","precio":2546.18,"destacado":false,"descripcion":"","imagen":"assets/products/CA-000000050554.webp","tags":["bandeja","carton","blanca","x6u"]},{"id":"CA-000000034806","nombre":"BANDEJA CARTON CELESTE x6 (19x12)","categoria":"Descartables","subcategoria":"Cajas, Bandejas, Estuches Multiuso","precio":2825.23,"destacado":false,"descripcion":"","imagen":"assets/products/CA-000000034806.webp","tags":["bandeja","carton","celeste","19x12"]},{"id":"CA-000000039311","nombre":"BANDEJA CARTON CON MANIJA DORADA x6u.","categoria":"Descartables","subcategoria":"Bandejas Rectangulares De Carton/Oro/Plata","precio":5026.04,"destacado":false,"descripcion":"","imagen":"assets/products/CA-000000039311.webp","tags":["bandeja","carton","con","manija","dorada","x6u"]},{"id":"CA-000000039312","nombre":"BANDEJA CARTON CON MANIJA PLATEADA x6u.","categoria":"Descartables","subcategoria":"Bandejas Rectangulares De Carton/Oro/Plata","precio":5026.04,"destacado":false,"descripcion":"","imagen":"assets/products/CA-000000039312.webp","tags":["bandeja","carton","con","manija","plateada","x6u"]},{"id":"CA-789117519836","nombre":"BANDEJA CARTON PIONONO DORADA PREMIUM (19.5x33.5 cm) x10u.","categoria":"Descartables","subcategoria":"Bandejas Rectangulares De Carton/Oro/Plata","precio":4318.16,"destacado":false,"descripcion":"","imagen":"assets/products/CA-789117519836.webp","tags":["bandeja","carton","pionono","dorada","premium","5x33","x10u"]},{"id":"CA-789117500069","nombre":"BANDEJA CARTON PIONONO PLATEADA PREMIUM (19.5x33.5cm) x10u.","categoria":"Descartables","subcategoria":"Bandejas Rectangulares De Carton/Oro/Plata","precio":4203.21,"destacado":false,"descripcion":"","imagen":"assets/products/CA-789117500069.webp","tags":["bandeja","carton","pionono","plateada","premium","5x33","5cm","x10u"]},{"id":"CA-000000045984","nombre":"BANDEJA CARTON RECTANGULAR DORADA Nº1 (13X18cm) x10u. RAF 6151/6201","categoria":"Descartables","subcategoria":"Bandejas Rectangulares De Carton/Oro/Plata","precio":682.32,"destacado":false,"descripcion":"","imagen":"assets/products/CA-000000045984.webp","tags":["bandeja","carton","rectangular","dorada","nº1","13x18cm","x10u","raf","6151","6201"]},{"id":"CA-000000045985","nombre":"BANDEJA CARTON RECTANGULAR DORADA Nº2 1/4kg (15X20cm) x10u. RAF 6202","categoria":"Descartables","subcategoria":"Bandejas Rectangulares De Carton/Oro/Plata","precio":941.23,"destacado":false,"descripcion":"","imagen":"assets/products/CA-000000045985.webp","tags":["bandeja","carton","rectangular","dorada","nº2","4kg","15x20cm","x10u","raf","6202"]},{"id":"CA-000000045988","nombre":"BANDEJA CARTON RECTANGULAR DORADA Nº3 1/2kg (18X26cm) x10u. RAF 6203","categoria":"Descartables","subcategoria":"Bandejas Rectangulares De Carton/Oro/Plata","precio":1699.39,"destacado":false,"descripcion":"","imagen":"assets/products/CA-000000045988.webp","tags":["bandeja","carton","rectangular","dorada","nº3","2kg","18x26cm","x10u","raf","6203"]},{"id":"CA-000000052526","nombre":"BANDEJA CARTON RECTANGULAR DORADA Nº4 1kg (23X28cm) BULTO x50u. RAF 6154/6204","categoria":"Descartables","subcategoria":"Bandejas Rectangulares De Carton/Oro/Plata","precio":9898.64,"destacado":false,"descripcion":"","imagen":"assets/products/CA-000000052526.webp","tags":["bandeja","carton","rectangular","dorada","nº4","1kg","23x28cm","bulto","x50u","raf","6154","6204"]},{"id":"CA-000000045991","nombre":"BANDEJA CARTON RECTANGULAR DORADA Nº4 1kg (23X28cm) x10u. RAF 6154/6204","categoria":"Descartables","subcategoria":"Bandejas Rectangulares De Carton/Oro/Plata","precio":2129.67,"destacado":false,"descripcion":"","imagen":"assets/products/CA-000000045991.webp","tags":["bandeja","carton","rectangular","dorada","nº4","1kg","23x28cm","x10u","raf","6154","6204"]},{"id":"CA-000000052527","nombre":"BANDEJA CARTON RECTANGULAR DORADA Nº5 (28x30cm) BULTO x50u. RAF 6155/6205","categoria":"Descartables","subcategoria":"Bandejas Rectangulares De Carton/Oro/Plata","precio":13118.35,"destacado":false,"descripcion":"","imagen":"assets/products/CA-000000052527.webp","tags":["bandeja","carton","rectangular","dorada","nº5","28x30cm","bulto","x50u","raf","6155","6205"]},{"id":"CA-000000045993","nombre":"BANDEJA CARTON RECTANGULAR DORADA Nº5 (28x30cm) x10u. RAF 6155/6205","categoria":"Descartables","subcategoria":"Bandejas Rectangulares De Carton/Oro/Plata","precio":2822.39,"destacado":false,"descripcion":"","imagen":"assets/products/CA-000000045993.webp","tags":["bandeja","carton","rectangular","dorada","nº5","28x30cm","x10u","raf","6155","6205"]},{"id":"CA-000000052528","nombre":"BANDEJA CARTON RECTANGULAR DORADA Nº6  2 1/2kg (30X40cm) BULTO x25u. RAF7093","categoria":"Descartables","subcategoria":"Bandejas Rectangulares De Carton/Oro/Plata","precio":10794.65,"destacado":false,"descripcion":"","imagen":"assets/products/CA-000000052528.webp","tags":["bandeja","carton","rectangular","dorada","nº6","2kg","30x40cm","bulto","x25u","raf7093"]},{"id":"CA-000000049100","nombre":"BANDEJA CARTON RECTANGULAR DORADA Nº6  2 1/2kg (30X40cm) x10u. RAF7093","categoria":"Descartables","subcategoria":"Bandejas Rectangulares De Carton/Oro/Plata","precio":4644.78,"destacado":false,"descripcion":"","imagen":"assets/products/CA-000000049100.webp","tags":["bandeja","carton","rectangular","dorada","nº6","2kg","30x40cm","x10u","raf7093"]},{"id":"CA-000000052529","nombre":"BANDEJA CARTON RECTANGULAR DORADA Nº7 3kg (35X45cm) BULTOx25u. RAF 7095","categoria":"Descartables","subcategoria":"Bandejas Rectangulares De Carton/Oro/Plata","precio":21589.54,"destacado":false,"descripcion":"","imagen":"assets/products/CA-000000052529.webp","tags":["bandeja","carton","rectangular","dorada","nº7","3kg","35x45cm","bultox25u","raf","7095"]},{"id":"CA-000000049101","nombre":"BANDEJA CARTON RECTANGULAR DORADA Nº7 3kg (35X45cm) x10u. RAF 7095","categoria":"Descartables","subcategoria":"Bandejas Rectangulares De Carton/Oro/Plata","precio":9289.76,"destacado":false,"descripcion":"","imagen":"assets/products/CA-000000049101.webp","tags":["bandeja","carton","rectangular","dorada","nº7","3kg","35x45cm","x10u","raf","7095"]},{"id":"CA-789117519827","nombre":"BANDEJA CARTON RECTANGULAR DORADA PREMIUM Nº2 (17.5x22.5cm) x10u.","categoria":"Descartables","subcategoria":"Bandejas Rectangulares De Carton/Oro/Plata","precio":2851.9,"destacado":false,"descripcion":"","imagen":"assets/products/CA-789117519827.webp","tags":["bandeja","carton","rectangular","dorada","premium","nº2","5x22","5cm","x10u"]},{"id":"CA-789117519829","nombre":"BANDEJA CARTON RECTANGULAR DORADA PREMIUM Nº3 (22.5x27.5cm) x10u.","categoria":"Descartables","subcategoria":"Bandejas Rectangulares De Carton/Oro/Plata","precio":4405.79,"destacado":false,"descripcion":"","imagen":"assets/products/CA-789117519829.webp","tags":["bandeja","carton","rectangular","dorada","premium","nº3","5x27","5cm","x10u"]},{"id":"CA-789117519831","nombre":"BANDEJA CARTON RECTANGULAR DORADA PREMIUM Nº4 (27x33cm) x10u.","categoria":"Descartables","subcategoria":"Bandejas Rectangulares De Carton/Oro/Plata","precio":6165.29,"destacado":false,"descripcion":"","imagen":"assets/products/CA-789117519831.webp","tags":["bandeja","carton","rectangular","dorada","premium","nº4","27x33cm","x10u"]},{"id":"CA-789117519833","nombre":"BANDEJA CARTON RECTANGULAR DORADA PREMIUM Nº5 (33.5x40cm) x10u.","categoria":"Descartables","subcategoria":"Bandejas Rectangulares De Carton/Oro/Plata","precio":9555.35,"destacado":false,"descripcion":"","imagen":"assets/products/CA-789117519833.webp","tags":["bandeja","carton","rectangular","dorada","premium","nº5","5x40cm","x10u"]},{"id":"CA-789117519834","nombre":"BANDEJA CARTON RECTANGULAR DORADA PREMIUM Nº6 (38x47cm) x10u.","categoria":"Descartables","subcategoria":"Bandejas Rectangulares De Carton/Oro/Plata","precio":12113.36,"destacado":false,"descripcion":"","imagen":"assets/products/CA-789117519834.webp","tags":["bandeja","carton","rectangular","dorada","premium","nº6","38x47cm","x10u"]},{"id":"CA-789117519835","nombre":"BANDEJA CARTON RECTANGULAR DORADA PREMIUM REFORZADA Nº7 (43x51cm) x10u.","categoria":"Descartables","subcategoria":"Bandejas Rectangulares De Carton/Oro/Plata","precio":24656.54,"destacado":false,"descripcion":"","imagen":"assets/products/CA-789117519835.webp","tags":["bandeja","carton","rectangular","dorada","premium","reforzada","nº7","43x51cm","x10u"]},{"id":"CA-779807629052","nombre":"BANDEJA CARTON RECTANGULAR Nº1 LV x100u.","categoria":"Descartables","subcategoria":"Bandejas Rectangulares De Carton/Oro/Plata","precio":1507.62,"destacado":false,"descripcion":"","imagen":"assets/products/CA-779807629052.webp","tags":["bandeja","carton","rectangular","nº1","x100u"]},{"id":"CA-779807629053","nombre":"BANDEJA CARTON RECTANGULAR Nº2 LV x100u.","categoria":"Descartables","subcategoria":"Bandejas Rectangulares De Carton/Oro/Plata","precio":1876.08,"destacado":false,"descripcion":"","imagen":"assets/products/CA-779807629053.webp","tags":["bandeja","carton","rectangular","nº2","x100u"]},{"id":"CA-779807629054","nombre":"BANDEJA CARTON RECTANGULAR Nº3 LV x100u.","categoria":"Descartables","subcategoria":"Bandejas Rectangulares De Carton/Oro/Plata","precio":2406.01,"destacado":false,"descripcion":"","imagen":"assets/products/CA-779807629054.webp","tags":["bandeja","carton","rectangular","nº3","x100u"]},{"id":"CA-779807629055","nombre":"BANDEJA CARTON RECTANGULAR Nº4 LV x100u.","categoria":"Descartables","subcategoria":"Bandejas Rectangulares De Carton/Oro/Plata","precio":3073.03,"destacado":false,"descripcion":"","imagen":"assets/products/CA-779807629055.webp","tags":["bandeja","carton","rectangular","nº4","x100u"]},{"id":"CA-779807629056","nombre":"BANDEJA CARTON RECTANGULAR Nº5 LV x100u.","categoria":"Descartables","subcategoria":"Bandejas Rectangulares De Carton/Oro/Plata","precio":3828.34,"destacado":false,"descripcion":"","imagen":"assets/products/CA-779807629056.webp","tags":["bandeja","carton","rectangular","nº5","x100u"]},{"id":"CA-779807629006","nombre":"BANDEJA CARTON RECTANGULAR Nº6 LR PAQUETE x100","categoria":"Descartables","subcategoria":"Bandejas Rectangulares De Carton/Oro/Plata","precio":5418.93,"destacado":false,"descripcion":"","imagen":"assets/products/CA-779807629006.webp","tags":["bandeja","carton","rectangular","nº6","paquete","x100"]},{"id":"CA-779807629007","nombre":"BANDEJA CARTON RECTANGULAR Nº7 LR PAQUETE x100u.","categoria":"Descartables","subcategoria":"Bandejas Rectangulares De Carton/Oro/Plata","precio":8389.64,"destacado":false,"descripcion":"","imagen":"assets/products/CA-779807629007.webp","tags":["bandeja","carton","rectangular","nº7","paquete","x100u"]},{"id":"CA-779807629008","nombre":"BANDEJA CARTON RECTANGULAR Nº8 LR PAQUETE x100u.","categoria":"Descartables","subcategoria":"Bandejas Rectangulares De Carton/Oro/Plata","precio":9354.15,"destacado":false,"descripcion":"","imagen":"assets/products/CA-779807629008.webp","tags":["bandeja","carton","rectangular","nº8","paquete","x100u"]},{"id":"CA-000000045998","nombre":"BANDEJA CARTON RECTANGULAR PLATEADA Nº1 (13X18cm) x10u. RAF 6161/6211","categoria":"Descartables","subcategoria":"Bandejas Rectangulares De Carton/Oro/Plata","precio":561.15,"destacado":false,"descripcion":"","imagen":"assets/products/CA-000000045998.webp","tags":["bandeja","carton","rectangular","plateada","nº1","13x18cm","x10u","raf","6161","6211"]},{"id":"CA-000000045999","nombre":"BANDEJA CARTON RECTANGULAR PLATEADA Nº2 1/4kg (15X20cm) x10u. RAF 6162/6212","categoria":"Descartables","subcategoria":"Bandejas Rectangulares De Carton/Oro/Plata","precio":776.13,"destacado":false,"descripcion":"","imagen":"assets/products/CA-000000045999.webp","tags":["bandeja","carton","rectangular","plateada","nº2","4kg","15x20cm","x10u","raf","6162","6212"]},{"id":"CA-000000046000","nombre":"BANDEJA CARTON RECTANGULAR PLATEADA Nº3 1/2kg (18X26cm) x10u. RAF 6163/6213","categoria":"Descartables","subcategoria":"Bandejas Rectangulares De Carton/Oro/Plata","precio":1394.74,"destacado":false,"descripcion":"","imagen":"assets/products/CA-000000046000.webp","tags":["bandeja","carton","rectangular","plateada","nº3","2kg","18x26cm","x10u","raf","6163","6213"]},{"id":"CA-000000052636","nombre":"BANDEJA CARTON RECTANGULAR PLATEADA Nº4 1kg (23X28cm) BULTO x50u. RAF 6164/6214","categoria":"Descartables","subcategoria":"Bandejas Rectangulares De Carton/Oro/Plata","precio":8119.73,"destacado":false,"descripcion":"","imagen":"assets/products/CA-000000052636.webp","tags":["bandeja","carton","rectangular","plateada","nº4","1kg","23x28cm","bulto","x50u","raf","6164","6214"]},{"id":"CA-000000046001","nombre":"BANDEJA CARTON RECTANGULAR PLATEADA Nº4 1kg (23X28cm) x10u. RAF 6164/6214","categoria":"Descartables","subcategoria":"Bandejas Rectangulares De Carton/Oro/Plata","precio":1746.95,"destacado":false,"descripcion":"","imagen":"assets/products/CA-000000046001.webp","tags":["bandeja","carton","rectangular","plateada","nº4","1kg","23x28cm","x10u","raf","6164","6214"]},{"id":"CA-000000052637","nombre":"BANDEJA CARTON RECTANGULAR PLATEADA Nº5 (28x30cm) BULTO x50u. RAF 6165/6215","categoria":"Descartables","subcategoria":"Bandejas Rectangulares De Carton/Oro/Plata","precio":10800.24,"destacado":false,"descripcion":"","imagen":"assets/products/CA-000000052637.webp","tags":["bandeja","carton","rectangular","plateada","nº5","28x30cm","bulto","x50u","raf","6165","6215"]},{"id":"CA-000000046002","nombre":"BANDEJA CARTON RECTANGULAR PLATEADA Nº5 (28x30cm) x10u. RAF 6165/6215","categoria":"Descartables","subcategoria":"Bandejas Rectangulares De Carton/Oro/Plata","precio":2323.55,"destacado":false,"descripcion":"","imagen":"assets/products/CA-000000046002.webp","tags":["bandeja","carton","rectangular","plateada","nº5","28x30cm","x10u","raf","6165","6215"]},{"id":"CA-000000052638","nombre":"BANDEJA CARTON RECTANGULAR PLATEADA Nº6  2 1/2kg (30X40cm) BULTOx25u. RAF7094","categoria":"Descartables","subcategoria":"Bandejas Rectangulares De Carton/Oro/Plata","precio":9666.92,"destacado":false,"descripcion":"","imagen":"assets/products/CA-000000052638.webp","tags":["bandeja","carton","rectangular","plateada","nº6","2kg","30x40cm","bultox25u","raf7094"]},{"id":"CA-000000049102","nombre":"BANDEJA CARTON RECTANGULAR PLATEADA Nº6  2 1/2kg (30X40cm) x10u. RAF7094","categoria":"Descartables","subcategoria":"Bandejas Rectangulares De Carton/Oro/Plata","precio":4159.57,"destacado":false,"descripcion":"","imagen":"assets/products/CA-000000049102.webp","tags":["bandeja","carton","rectangular","plateada","nº6","2kg","30x40cm","x10u","raf7094"]},{"id":"CA-000000052639","nombre":"BANDEJA CARTON RECTANGULAR PLATEADA Nº7 3kg (35X45cm) BULTO x25u. RAF 7096","categoria":"Descartables","subcategoria":"Bandejas Rectangulares De Carton/Oro/Plata","precio":19332.87,"destacado":false,"descripcion":"","imagen":"assets/products/CA-000000052639.webp","tags":["bandeja","carton","rectangular","plateada","nº7","3kg","35x45cm","bulto","x25u","raf","7096"]},{"id":"CA-000000049103","nombre":"BANDEJA CARTON RECTANGULAR PLATEADA Nº7 3kg (35X45cm) x10u. RAF 7096","categoria":"Descartables","subcategoria":"Bandejas Rectangulares De Carton/Oro/Plata","precio":8318.73,"destacado":false,"descripcion":"","imagen":"assets/products/CA-000000049103.webp","tags":["bandeja","carton","rectangular","plateada","nº7","3kg","35x45cm","x10u","raf","7096"]},{"id":"CA-789117500064","nombre":"BANDEJA CARTON RECTANGULAR PLATEADA PREMIUM Nº2 (17.5x22.5cm) x10u.","categoria":"Descartables","subcategoria":"Bandejas Rectangulares De Carton/Oro/Plata","precio":2728.45,"destacado":false,"descripcion":"","imagen":"assets/products/CA-789117500064.webp","tags":["bandeja","carton","rectangular","plateada","premium","nº2","5x22","5cm","x10u"]},{"id":"CA-789117500065","nombre":"BANDEJA CARTON RECTANGULAR PLATEADA PREMIUM Nº3 (22.5x27.5 cm) x10u.","categoria":"Descartables","subcategoria":"Bandejas Rectangulares De Carton/Oro/Plata","precio":4275.8,"destacado":false,"descripcion":"","imagen":"assets/products/CA-789117500065.webp","tags":["bandeja","carton","rectangular","plateada","premium","nº3","5x27","x10u"]},{"id":"CA-789117500066","nombre":"BANDEJA CARTON RECTANGULAR PLATEADA PREMIUM Nº4 (27x33cm) x10u.","categoria":"Descartables","subcategoria":"Bandejas Rectangulares De Carton/Oro/Plata","precio":5972.27,"destacado":false,"descripcion":"","imagen":"assets/products/CA-789117500066.webp","tags":["bandeja","carton","rectangular","plateada","premium","nº4","27x33cm","x10u"]},{"id":"CA-789117500067","nombre":"BANDEJA CARTON RECTANGULAR PLATEADA PREMIUM Nº5 (33.5x40cm)  x10u.","categoria":"Descartables","subcategoria":"Bandejas Rectangulares De Carton/Oro/Plata","precio":9282.04,"destacado":false,"descripcion":"","imagen":"assets/products/CA-789117500067.webp","tags":["bandeja","carton","rectangular","plateada","premium","nº5","5x40cm","x10u"]}]}