{"category_slug":"descartables","subcategory_slug":"","page":5,"page_size":48,"total":1365,"items":[{"id":"CA-000000050609","nombre":"BASE FLOR FIBROFACIL 32cm BLANCO x4u.","categoria":"Descartables","subcategoria":"Discos De Carton Y Bases De Fibrofacil","precio":6625.8,"destacado":false,"descripcion":"","imagen":"assets/products/CA-000000050609.webp","tags":["base","flor","fibrofacil","32cm","blanco","x4u"]},{"id":"CA-000000050610","nombre":"BASE RECTANGULAR FIBROFACIL 30X40cm BLANCO x4u.","categoria":"Descartables","subcategoria":"Discos De Carton Y Bases De Fibrofacil","precio":6507.0,"destacado":false,"descripcion":"","imagen":"assets/products/CA-000000050610.webp","tags":["base","rectangular","fibrofacil","30x40cm","blanco","x4u"]},{"id":"CA-000000051377","nombre":"BASE RECTANGULAR PIONONERA FIBROFACIL 30x15cm BLANCO x4u.","categoria":"Descartables","subcategoria":"Discos De Carton Y Bases De Fibrofacil","precio":2802.6,"destacado":false,"descripcion":"","imagen":"assets/products/CA-000000051377.webp","tags":["base","rectangular","piononera","fibrofacil","30x15cm","blanco","x4u"]},{"id":"CA-000000050585","nombre":"BASE REDONDA FIBROFACIL 20cm BLANCO x4u.","categoria":"Descartables","subcategoria":"Discos De Carton Y Bases De Fibrofacil","precio":2354.4,"destacado":false,"descripcion":"","imagen":"assets/products/CA-000000050585.webp","tags":["base","redonda","fibrofacil","20cm","blanco","x4u"]},{"id":"CA-000000053488","nombre":"BASE REDONDA FIBROFACIL 20cm BLANCO x4u. RF","categoria":"Descartables","subcategoria":"Discos De Carton Y Bases De Fibrofacil","precio":2354.4,"destacado":false,"descripcion":"","imagen":"assets/products/CA-000000053488.webp","tags":["base","redonda","fibrofacil","20cm","blanco","x4u"]},{"id":"CA-000000050586","nombre":"BASE REDONDA FIBROFACIL 22cm BLANCO x4u.","categoria":"Descartables","subcategoria":"Discos De Carton Y Bases De Fibrofacil","precio":2862.0,"destacado":false,"descripcion":"","imagen":"assets/products/CA-000000050586.webp","tags":["base","redonda","fibrofacil","22cm","blanco","x4u"]},{"id":"CA-000000057320","nombre":"BASE REDONDA FIBROFACIL 22cm BLANCO x4u. REC","categoria":"Descartables","subcategoria":"Discos De Carton Y Bases De Fibrofacil","precio":2862.0,"destacado":false,"descripcion":"","imagen":"assets/products/CA-000000057320.webp","tags":["base","redonda","fibrofacil","22cm","blanco","x4u","rec"]},{"id":"CA-000000053489","nombre":"BASE REDONDA FIBROFACIL 22cm BLANCO x4u. RF","categoria":"Descartables","subcategoria":"Discos De Carton Y Bases De Fibrofacil","precio":2862.0,"destacado":false,"descripcion":"","imagen":"assets/products/CA-000000053489.webp","tags":["base","redonda","fibrofacil","22cm","blanco","x4u"]},{"id":"CA-000000050587","nombre":"BASE REDONDA FIBROFACIL 25cm BLANCO x4u.","categoria":"Descartables","subcategoria":"Discos De Carton Y Bases De Fibrofacil","precio":3574.8,"destacado":false,"descripcion":"","imagen":"assets/products/CA-000000050587.webp","tags":["base","redonda","fibrofacil","25cm","blanco","x4u"]},{"id":"CA-000000057321","nombre":"BASE REDONDA FIBROFACIL 25cm BLANCO x4u. REC","categoria":"Descartables","subcategoria":"Discos De Carton Y Bases De Fibrofacil","precio":3574.8,"destacado":false,"descripcion":"","imagen":"assets/products/CA-000000057321.webp","tags":["base","redonda","fibrofacil","25cm","blanco","x4u","rec"]},{"id":"CA-000000053490","nombre":"BASE REDONDA FIBROFACIL 25cm BLANCO x4u. RF","categoria":"Descartables","subcategoria":"Discos De Carton Y Bases De Fibrofacil","precio":3574.8,"destacado":false,"descripcion":"","imagen":"assets/products/CA-000000053490.webp","tags":["base","redonda","fibrofacil","25cm","blanco","x4u"]},{"id":"CA-000000050588","nombre":"BASE REDONDA FIBROFACIL 27cm BLANCO x4u.","categoria":"Descartables","subcategoria":"Discos De Carton Y Bases De Fibrofacil","precio":4055.4,"destacado":false,"descripcion":"","imagen":"assets/products/CA-000000050588.webp","tags":["base","redonda","fibrofacil","27cm","blanco","x4u"]},{"id":"CA-000000057322","nombre":"BASE REDONDA FIBROFACIL 27cm BLANCO x4u. REC","categoria":"Descartables","subcategoria":"Discos De Carton Y Bases De Fibrofacil","precio":4055.4,"destacado":false,"descripcion":"","imagen":"assets/products/CA-000000057322.webp","tags":["base","redonda","fibrofacil","27cm","blanco","x4u","rec"]},{"id":"CA-000000053491","nombre":"BASE REDONDA FIBROFACIL 27cm BLANCO x4u. RF","categoria":"Descartables","subcategoria":"Discos De Carton Y Bases De Fibrofacil","precio":4055.4,"destacado":false,"descripcion":"","imagen":"assets/products/CA-000000053491.webp","tags":["base","redonda","fibrofacil","27cm","blanco","x4u"]},{"id":"CA-000000050589","nombre":"BASE REDONDA FIBROFACIL 30cm BLANCO x4u.","categoria":"Descartables","subcategoria":"Discos De Carton Y Bases De Fibrofacil","precio":4779.0,"destacado":false,"descripcion":"","imagen":"assets/products/CA-000000050589.webp","tags":["base","redonda","fibrofacil","30cm","blanco","x4u"]},{"id":"CA-000000057323","nombre":"BASE REDONDA FIBROFACIL 30cm BLANCO x4u. REC","categoria":"Descartables","subcategoria":"Discos De Carton Y Bases De Fibrofacil","precio":4779.0,"destacado":false,"descripcion":"","imagen":"assets/products/CA-000000057323.webp","tags":["base","redonda","fibrofacil","30cm","blanco","x4u","rec"]},{"id":"CA-000000053492","nombre":"BASE REDONDA FIBROFACIL 30cm BLANCO x4u. RF","categoria":"Descartables","subcategoria":"Discos De Carton Y Bases De Fibrofacil","precio":4779.0,"destacado":false,"descripcion":"","imagen":"assets/products/CA-000000053492.webp","tags":["base","redonda","fibrofacil","30cm","blanco","x4u"]},{"id":"CA-000000056080","nombre":"BASE REDONDA FIBROFACIL 32cm BLANCO x4u.","categoria":"Descartables","subcategoria":"Discos De Carton Y Bases De Fibrofacil","precio":5562.0,"destacado":false,"descripcion":"","imagen":"assets/products/CA-000000056080.webp","tags":["base","redonda","fibrofacil","32cm","blanco","x4u"]},{"id":"CA-000000057941","nombre":"BASE REDONDA FIBROFACIL 32cm BLANCO x4u. REC","categoria":"Descartables","subcategoria":"Discos De Carton Y Bases De Fibrofacil","precio":5562.0,"destacado":false,"descripcion":"","imagen":"assets/products/CA-000000057941.webp","tags":["base","redonda","fibrofacil","32cm","blanco","x4u","rec"]},{"id":"CA-000000051832","nombre":"BASE REDONDA FIBROFACIL 35cm BLANCO x4u.","categoria":"Descartables","subcategoria":"Discos De Carton Y Bases De Fibrofacil","precio":7101.0,"destacado":false,"descripcion":"","imagen":"assets/products/CA-000000051832.webp","tags":["base","redonda","fibrofacil","35cm","blanco","x4u"]},{"id":"CA-000000057324","nombre":"BASE REDONDA FIBROFACIL 35cm BLANCO x4u. REC","categoria":"Descartables","subcategoria":"Discos De Carton Y Bases De Fibrofacil","precio":7101.0,"destacado":false,"descripcion":"","imagen":"assets/products/CA-000000057324.webp","tags":["base","redonda","fibrofacil","35cm","blanco","x4u","rec"]},{"id":"CA-000000053493","nombre":"BASE REDONDA FIBROFACIL 35cm BLANCO x4u. RF","categoria":"Descartables","subcategoria":"Discos De Carton Y Bases De Fibrofacil","precio":7101.0,"destacado":false,"descripcion":"","imagen":"assets/products/CA-000000053493.webp","tags":["base","redonda","fibrofacil","35cm","blanco","x4u"]},{"id":"CA-000041000010","nombre":"BLONDA CORAZON BLANCA 10 CMx100 BBBC10 PACOLON","categoria":"Descartables","subcategoria":"Blondas De Papel","precio":807.55,"destacado":false,"descripcion":"","imagen":"assets/products/CA-000041000010.webp","tags":["blonda","corazon","blanca","cmx100","bbbc10","pacolon"]},{"id":"CA-000191000010","nombre":"BLONDA CORAZON COLOR AMARILLO 10 CM x100 BBCCA10 PACOLON","categoria":"Descartables","subcategoria":"Blondas De Papel","precio":916.51,"destacado":false,"descripcion":"","imagen":"assets/products/CA-000191000010.webp","tags":["blonda","corazon","color","amarillo","x100","bbcca10","pacolon"]},{"id":"CA-000181000010","nombre":"BLONDA CORAZON COLOR CELESTE 10 CM x100 BBCCC10 PACOLON","categoria":"Descartables","subcategoria":"Blondas De Papel","precio":916.51,"destacado":false,"descripcion":"","imagen":"assets/products/CA-000181000010.webp","tags":["blonda","corazon","color","celeste","x100","bbccc10","pacolon"]},{"id":"CA-000111000010","nombre":"BLONDA CORAZON COLOR ROSA 10 CM x100 BBCCR10 PACOLON","categoria":"Descartables","subcategoria":"Blondas De Papel","precio":916.51,"destacado":false,"descripcion":"","imagen":"assets/products/CA-000111000010.webp","tags":["blonda","corazon","color","rosa","x100","bbccr10","pacolon"]},{"id":"CA-000061000010","nombre":"BLONDA CORAZON DORADA 10 CM x100 BBOC10 PACOLON","categoria":"Descartables","subcategoria":"Blondas De Papel","precio":2607.13,"destacado":false,"descripcion":"","imagen":"assets/products/CA-000061000010.webp","tags":["blonda","corazon","dorada","x100","bboc10","pacolon"]},{"id":"CA-000101000010","nombre":"BLONDA CORAZON KRAFT 10 CMx100 BBECC10 PACOLON","categoria":"Descartables","subcategoria":"Blondas De Papel","precio":976.38,"destacado":false,"descripcion":"","imagen":"assets/products/CA-000101000010.webp","tags":["blonda","corazon","kraft","cmx100","bbecc10","pacolon"]},{"id":"CA-000071000010","nombre":"BLONDA CORAZON PLATEADA 10 CMx100 BBPC10 PACOLON","categoria":"Descartables","subcategoria":"Blondas De Papel","precio":2389.89,"destacado":false,"descripcion":"","imagen":"assets/products/CA-000071000010.webp","tags":["blonda","corazon","plateada","cmx100","bbpc10","pacolon"]},{"id":"CA-000311001313","nombre":"BLONDA CUADRADA BLANCA 13x13 CM x100 BCUA13 PACOLON","categoria":"Descartables","subcategoria":"Blondas De Papel","precio":1225.7,"destacado":false,"descripcion":"","imagen":"assets/products/CA-000311001313.webp","tags":["blonda","cuadrada","blanca","13x13","x100","bcua13","pacolon"]},{"id":"CA-000421000909","nombre":"BLONDA CUADRADA BLANCA 9x9 CM x100 BCUA9 PACOLON","categoria":"Descartables","subcategoria":"Blondas De Papel","precio":598.5,"destacado":false,"descripcion":"","imagen":"assets/products/CA-000421000909.webp","tags":["blonda","cuadrada","blanca","9x9","x100","bcua9","pacolon"]},{"id":"CA-000411000909","nombre":"BLONDA CUADRADA COLOR AMARILLO 9x9 CM x100 BCUA9A PACOLON","categoria":"Descartables","subcategoria":"Blondas De Papel","precio":696.05,"destacado":false,"descripcion":"","imagen":"assets/products/CA-000411000909.webp","tags":["blonda","cuadrada","color","amarillo","9x9","x100","bcua9a","pacolon"]},{"id":"CA-000401000909","nombre":"BLONDA CUADRADA COLOR CELESTE 9x9 CM x100 BCUA9C PACOLON","categoria":"Descartables","subcategoria":"Blondas De Papel","precio":696.05,"destacado":false,"descripcion":"","imagen":"assets/products/CA-000401000909.webp","tags":["blonda","cuadrada","color","celeste","9x9","x100","bcua9c","pacolon"]},{"id":"CA-000381000909","nombre":"BLONDA CUADRADA COLOR ROSA 9x9 CM x100 BCUA9R PACOLON","categoria":"Descartables","subcategoria":"Blondas De Papel","precio":696.05,"destacado":false,"descripcion":"","imagen":"assets/products/CA-000381000909.webp","tags":["blonda","cuadrada","color","rosa","9x9","x100","bcua9r","pacolon"]},{"id":"CA-000391000909","nombre":"BLONDA CUADRADA COLOR VERDE AGUA 9x9 CM x100 BCUA9V PACOLON","categoria":"Descartables","subcategoria":"Blondas De Papel","precio":696.05,"destacado":false,"descripcion":"","imagen":"assets/products/CA-000391000909.webp","tags":["blonda","cuadrada","color","verde","agua","9x9","x100","bcua9v","pacolon"]},{"id":"CA-000431000909","nombre":"BLONDA CUADRADA DORADA 9x9 CM x100 BCUA9D PACOLON","categoria":"Descartables","subcategoria":"Blondas De Papel","precio":2605.93,"destacado":false,"descripcion":"","imagen":"assets/products/CA-000431000909.webp","tags":["blonda","cuadrada","dorada","9x9","x100","bcua9d","pacolon"]},{"id":"CA-000441000909","nombre":"BLONDA CUADRADA PLATEADA 9x9 CM x100 BCUA9P PACOLON","categoria":"Descartables","subcategoria":"Blondas De Papel","precio":2397.74,"destacado":false,"descripcion":"","imagen":"assets/products/CA-000441000909.webp","tags":["blonda","cuadrada","plateada","9x9","x100","bcua9p","pacolon"]},{"id":"CA-000011001825","nombre":"BLONDA RECTANGULAR BLANCA 18x25 CM x100 (1/2) BBB1825 PACOLON","categoria":"Descartables","subcategoria":"Blondas De Papel","precio":2537.34,"destacado":false,"descripcion":"","imagen":"assets/products/CA-000011001825.webp","tags":["blonda","rectangular","blanca","18x25","x100","bbb1825","pacolon"]},{"id":"CA-000011002127","nombre":"BLONDA RECTANGULAR BLANCA 21x27 CM x100 (1k) BBB2127 PACOLON","categoria":"Descartables","subcategoria":"Blondas De Papel","precio":2978.12,"destacado":false,"descripcion":"","imagen":"assets/products/CA-000011002127.webp","tags":["blonda","rectangular","blanca","21x27","x100","bbb2127","pacolon"]},{"id":"CA-000011002632","nombre":"BLONDA RECTANGULAR BLANCA 26x32 CM x100 (2K) BBBR2632 PACOLON","categoria":"Descartables","subcategoria":"Blondas De Papel","precio":3992.86,"destacado":false,"descripcion":"","imagen":"assets/products/CA-000011002632.webp","tags":["blonda","rectangular","blanca","26x32","x100","bbbr2632","pacolon"]},{"id":"CA-000011003137","nombre":"BLONDA RECTANGULAR BLANCA 31x37 CM x100  BBBR3137 PACOLON","categoria":"Descartables","subcategoria":"Blondas De Papel","precio":4618.98,"destacado":false,"descripcion":"","imagen":"assets/products/CA-000011003137.webp","tags":["blonda","rectangular","blanca","31x37","x100","bbbr3137","pacolon"]},{"id":"CA-000011003545","nombre":"BLONDA RECTANGULAR BLANCA 35x45 x100 BBBR3545 PACOLON","categoria":"Descartables","subcategoria":"Blondas De Papel","precio":6043.68,"destacado":false,"descripcion":"","imagen":"assets/products/CA-000011003545.webp","tags":["blonda","rectangular","blanca","35x45","x100","bbbr3545","pacolon"]},{"id":"CA-000011004050","nombre":"BLONDA RECTANGULAR BLANCA 40x50 CM x100 BBB4050 PACOLON","categoria":"Descartables","subcategoria":"Blondas De Papel","precio":6855.89,"destacado":false,"descripcion":"","imagen":"assets/products/CA-000011004050.webp","tags":["blonda","rectangular","blanca","40x50","x100","bbb4050","pacolon"]},{"id":"CA-000011000010","nombre":"BLONDA REDONDA BLANCA 10 CM x100 BBB10 PACOLON","categoria":"Descartables","subcategoria":"Blondas De Papel","precio":642.17,"destacado":false,"descripcion":"","imagen":"assets/products/CA-000011000010.webp","tags":["blonda","redonda","blanca","x100","bbb10","pacolon"]},{"id":"CA-000011000013","nombre":"BLONDA REDONDA BLANCA 13 CM x100 BBB13 PACOLON","categoria":"Descartables","subcategoria":"Blondas De Papel","precio":921.22,"destacado":false,"descripcion":"","imagen":"assets/products/CA-000011000013.webp","tags":["blonda","redonda","blanca","x100","bbb13","pacolon"]},{"id":"CA-000011000015","nombre":"BLONDA REDONDA BLANCA 15 CM x100 BBB15 PACOLON","categoria":"Descartables","subcategoria":"Blondas De Papel","precio":1285.57,"destacado":false,"descripcion":"","imagen":"assets/products/CA-000011000015.webp","tags":["blonda","redonda","blanca","x100","bbb15","pacolon"]},{"id":"CA-000011000018","nombre":"BLONDA REDONDA BLANCA 18 CM x100 BBB18 PACOLON","categoria":"Descartables","subcategoria":"Blondas De Papel","precio":1591.35,"destacado":false,"descripcion":"","imagen":"assets/products/CA-000011000018.webp","tags":["blonda","redonda","blanca","x100","bbb18","pacolon"]},{"id":"CA-000011000020","nombre":"BLONDA REDONDA BLANCA 20 CM x100 BBB20 PACOLON","categoria":"Descartables","subcategoria":"Blondas De Papel","precio":2054.94,"destacado":false,"descripcion":"","imagen":"assets/products/CA-000011000020.webp","tags":["blonda","redonda","blanca","x100","bbb20","pacolon"]}]}