{"category_slug":"descartables","subcategory_slug":"","page":28,"page_size":48,"total":1365,"items":[{"id":"CA-690764821725","nombre":"VASO POLIPAPEL FELIZ CUMPLE MULTICOLOR x10 U23-341","categoria":"Descartables","subcategoria":"Platos / Platos Blonda","precio":2275.0,"destacado":false,"descripcion":"","imagen":"assets/products/CA-690764821725.webp","tags":["vaso","polipapel","feliz","cumple","multicolor","x10","u23","341"]},{"id":"CA-690764821716","nombre":"VASO POLIPAPEL FELIZ CUMPLE SPRINKLES MULTICOLOR x10 U23-327","categoria":"Descartables","subcategoria":"Platos / Platos Blonda","precio":1911.0,"destacado":false,"descripcion":"","imagen":"assets/products/CA-690764821716.webp","tags":["vaso","polipapel","feliz","cumple","sprinkles","multicolor","x10","u23","327"]},{"id":"CA-779834240883","nombre":"VASO POLIPAPEL FLUO AMARILLO 240cc x8 C.O","categoria":"Descartables","subcategoria":"Otero/ Linea Polipapel","precio":1217.71,"destacado":false,"descripcion":"","imagen":"assets/products/CA-779834240883.webp","tags":["vaso","polipapel","fluo","amarillo","240cc"]},{"id":"CA-779834240887","nombre":"VASO POLIPAPEL FLUO FUCSIA 240cc x8 C.O","categoria":"Descartables","subcategoria":"Otero/ Linea Polipapel","precio":1217.71,"destacado":false,"descripcion":"","imagen":"assets/products/CA-779834240887.webp","tags":["vaso","polipapel","fluo","fucsia","240cc"]},{"id":"CA-779834240891","nombre":"VASO POLIPAPEL FLUO NARANJA 240cc x8 C.O","categoria":"Descartables","subcategoria":"Otero/ Linea Polipapel","precio":1217.71,"destacado":false,"descripcion":"","imagen":"assets/products/CA-779834240891.webp","tags":["vaso","polipapel","fluo","naranja","240cc"]},{"id":"CA-779834240895","nombre":"VASO POLIPAPEL FLUO VERDE 240cc x8 C.O","categoria":"Descartables","subcategoria":"Otero/ Linea Polipapel","precio":1217.71,"destacado":false,"descripcion":"","imagen":"assets/products/CA-779834240895.webp","tags":["vaso","polipapel","fluo","verde","240cc"]},{"id":"CA-779834240466","nombre":"VASO POLIPAPEL LISO AMARILLO 240 cc x8 C.O","categoria":"Descartables","subcategoria":"Otero/ Linea Polipapel","precio":1108.32,"destacado":false,"descripcion":"","imagen":"assets/products/CA-779834240466.webp","tags":["vaso","polipapel","liso","amarillo","240"]},{"id":"CA-065675078135","nombre":"VASO POLIPAPEL LISO AMARILLO PASTEL 240 cc x8 ROMI PACK","categoria":"Descartables","subcategoria":"Vasos Plasticos/Polipapel/Termicos Y Copas","precio":976.82,"destacado":false,"descripcion":"","imagen":"assets/products/CA-065675078135.webp","tags":["vaso","polipapel","liso","amarillo","pastel","240","romi","pack"]},{"id":"CA-779842285417","nombre":"VASO POLIPAPEL LISO ARENA 240 cc x8 C.O","categoria":"Descartables","subcategoria":"Otero/ Linea Polipapel","precio":1217.71,"destacado":false,"descripcion":"","imagen":"assets/products/CA-779842285417.webp","tags":["vaso","polipapel","liso","arena","240"]},{"id":"CA-779834240473","nombre":"VASO POLIPAPEL LISO AZUL 240 cc x8 C.O","categoria":"Descartables","subcategoria":"Otero/ Linea Polipapel","precio":1108.32,"destacado":false,"descripcion":"","imagen":"assets/products/CA-779834240473.webp","tags":["vaso","polipapel","liso","azul","240"]},{"id":"CA-779834240214","nombre":"VASO POLIPAPEL LISO CELESTE PASTEL 240 cc x8 C.O","categoria":"Descartables","subcategoria":"Otero/ Linea Polipapel","precio":1108.32,"destacado":false,"descripcion":"","imagen":"assets/products/CA-779834240214.webp","tags":["vaso","polipapel","liso","celeste","pastel","240"]},{"id":"CA-065675078133","nombre":"VASO POLIPAPEL LISO CELESTE PASTEL 240 cc x8 ROMI PACK","categoria":"Descartables","subcategoria":"Vasos Plasticos/Polipapel/Termicos Y Copas","precio":1108.32,"destacado":false,"descripcion":"","imagen":"assets/products/CA-065675078133.webp","tags":["vaso","polipapel","liso","celeste","pastel","240","romi","pack"]},{"id":"CA-072354054894","nombre":"VASO POLIPAPEL LISO FUCSIA 240 cc x8 ROMI PACK","categoria":"Descartables","subcategoria":"Vasos Plasticos/Polipapel/Termicos Y Copas","precio":976.82,"destacado":false,"descripcion":"","imagen":"assets/products/CA-072354054894.webp","tags":["vaso","polipapel","liso","fucsia","240","romi","pack"]},{"id":"CA-072066591308","nombre":"VASO POLIPAPEL LISO KRAFT 240 cc x8 ROMI PACK","categoria":"Descartables","subcategoria":"Vasos Plasticos/Polipapel/Termicos Y Copas","precio":562.42,"destacado":false,"descripcion":"* (19/12/2025)","imagen":"assets/products/CA-072066591308.webp","tags":["vaso","polipapel","liso","kraft","240","romi","pack"]},{"id":"CA-072354056180","nombre":"VASO POLIPAPEL LISO LILA PASTEL 240 cc x8 ROMI PACK","categoria":"Descartables","subcategoria":"Vasos Plasticos/Polipapel/Termicos Y Copas","precio":976.82,"destacado":false,"descripcion":"","imagen":"assets/products/CA-072354056180.webp","tags":["vaso","polipapel","liso","lila","pastel","240","romi","pack"]},{"id":"CA-779842285423","nombre":"VASO POLIPAPEL LISO MOSTAZA 240 cc x8 C.O","categoria":"Descartables","subcategoria":"Otero/ Linea Polipapel","precio":1217.71,"destacado":false,"descripcion":"","imagen":"assets/products/CA-779842285423.webp","tags":["vaso","polipapel","liso","mostaza","240"]},{"id":"CA-072354054891","nombre":"VASO POLIPAPEL LISO NARANJA 240 cc x8 ROMI PACK","categoria":"Descartables","subcategoria":"Vasos Plasticos/Polipapel/Termicos Y Copas","precio":976.82,"destacado":false,"descripcion":"","imagen":"assets/products/CA-072354054891.webp","tags":["vaso","polipapel","liso","naranja","240","romi","pack"]},{"id":"CA-779834240487","nombre":"VASO POLIPAPEL LISO NEGRO 240 cc x8 C.O","categoria":"Descartables","subcategoria":"Otero/ Linea Polipapel","precio":1108.32,"destacado":false,"descripcion":"","imagen":"assets/products/CA-779834240487.webp","tags":["vaso","polipapel","liso","negro","240"]},{"id":"CA-779834240494","nombre":"VASO POLIPAPEL LISO ROJO 240 cc x8 C.O","categoria":"Descartables","subcategoria":"Otero/ Linea Polipapel","precio":1108.32,"destacado":false,"descripcion":"","imagen":"assets/products/CA-779834240494.webp","tags":["vaso","polipapel","liso","rojo","240"]},{"id":"CA-779834240220","nombre":"VASO POLIPAPEL LISO ROSA PASTEL 240cc x8 C.O","categoria":"Descartables","subcategoria":"Otero/ Linea Polipapel","precio":1108.32,"destacado":false,"descripcion":"","imagen":"assets/products/CA-779834240220.webp","tags":["vaso","polipapel","liso","rosa","pastel","240cc"]},{"id":"CA-779842285426","nombre":"VASO POLIPAPEL LISO TERRACOTA 240 cc x8 C.O","categoria":"Descartables","subcategoria":"Otero/ Linea Polipapel","precio":1217.71,"destacado":false,"descripcion":"","imagen":"assets/products/CA-779842285426.webp","tags":["vaso","polipapel","liso","terracota","240"]},{"id":"CA-779834240501","nombre":"VASO POLIPAPEL LISO VERDE 240 cc x8 C.O","categoria":"Descartables","subcategoria":"Otero/ Linea Polipapel","precio":1108.32,"destacado":false,"descripcion":"","imagen":"assets/products/CA-779834240501.webp","tags":["vaso","polipapel","liso","verde","240"]},{"id":"CA-072354056183","nombre":"VASO POLIPAPEL LISO VERDE AGUA 240 cc x8 ROMI  PACK","categoria":"Descartables","subcategoria":"Vasos Plasticos/Polipapel/Termicos Y Copas","precio":976.82,"destacado":false,"descripcion":"","imagen":"assets/products/CA-072354056183.webp","tags":["vaso","polipapel","liso","verde","agua","240","romi","pack"]},{"id":"CA-779842285420","nombre":"VASO POLIPAPEL LISO VERDE MUSGO 240 cc x8 C.O","categoria":"Descartables","subcategoria":"Otero/ Linea Polipapel","precio":1217.71,"destacado":false,"descripcion":"","imagen":"assets/products/CA-779842285420.webp","tags":["vaso","polipapel","liso","verde","musgo","240"]},{"id":"CA-072354054897","nombre":"VASO POLIPAPEL LISO VIOLETA 240 cc x8 ROMI PACK","categoria":"Descartables","subcategoria":"Vasos Plasticos/Polipapel/Termicos Y Copas","precio":976.82,"destacado":false,"descripcion":"","imagen":"assets/products/CA-072354054897.webp","tags":["vaso","polipapel","liso","violeta","240","romi","pack"]},{"id":"CA-779834240250","nombre":"VASO POLIPAPEL RAYADO DORADO 240cc x8u. C.O","categoria":"Descartables","subcategoria":"Vasos Plasticos/Polipapel/Termicos Y Copas","precio":1217.71,"destacado":false,"descripcion":"","imagen":"assets/products/CA-779834240250.webp","tags":["vaso","polipapel","rayado","dorado","240cc","x8u"]},{"id":"CA-779834240251","nombre":"VASO POLIPAPEL RAYADO PLATEADO 240cc x8u. C.O","categoria":"Descartables","subcategoria":"Vasos Plasticos/Polipapel/Termicos Y Copas","precio":1217.71,"destacado":false,"descripcion":"","imagen":"assets/products/CA-779834240251.webp","tags":["vaso","polipapel","rayado","plateado","240cc","x8u"]},{"id":"CA-000000046586","nombre":"VASO SHOT AMERICANO ROJO (BULTO 16x50u.) S.A & P","categoria":"Descartables","subcategoria":"Vasos Plasticos/Polipapel/Termicos Y Copas","precio":28811.35,"destacado":false,"descripcion":"* (12/12/2025)","imagen":"assets/products/CA-000000046586.webp","tags":["vaso","shot","americano","rojo","bulto","16x50u"]},{"id":"CA-000000046587","nombre":"VASO SHOT AMERICANO ROJO x50u. S.A & P","categoria":"Descartables","subcategoria":"Vasos Plasticos/Polipapel/Termicos Y Copas","precio":1944.77,"destacado":false,"descripcion":"* (12/12/2025)","imagen":"assets/products/CA-000000046587.webp","tags":["vaso","shot","americano","rojo","x50u"]},{"id":"CA-07366842787008","nombre":"VASO TERMICO 120cc CAFE (BULTO 40x25u.) ENPOLEX.","categoria":"Descartables","subcategoria":"Vasos Plasticos/Polipapel/Termicos Y Copas","precio":30933.41,"destacado":false,"descripcion":"","imagen":"assets/products/CA-07366842787008.webp","tags":["vaso","termico","120cc","cafe","bulto","40x25u","enpolex"]},{"id":"CA-073668427870","nombre":"VASO TERMICO 120cc CAFE x25u. ENPOLEX","categoria":"Descartables","subcategoria":"Vasos Plasticos/Polipapel/Termicos Y Copas","precio":804.27,"destacado":false,"descripcion":"","imagen":"assets/products/CA-073668427870.webp","tags":["vaso","termico","120cc","cafe","x25u","enpolex"]},{"id":"CA-779835336366","nombre":"VASO TERMICO 120cc CAFE x25u. WELL CUP","categoria":"Descartables","subcategoria":"Vasos Plasticos/Polipapel/Termicos Y Copas","precio":305.09,"destacado":false,"descripcion":"","imagen":"assets/products/CA-779835336366.webp","tags":["vaso","termico","120cc","cafe","x25u","well","cup"]},{"id":"CA-07366842787176","nombre":"VASO TERMICO 180cc (BULTO 40x25u.) ENPOLEX.","categoria":"Descartables","subcategoria":"Vasos Plasticos/Polipapel/Termicos Y Copas","precio":37661.39,"destacado":false,"descripcion":"","imagen":"assets/products/CA-07366842787176.webp","tags":["vaso","termico","180cc","bulto","40x25u","enpolex"]},{"id":"CA-073668427871","nombre":"VASO TERMICO 180cc x25u. ENPOLEX","categoria":"Descartables","subcategoria":"Vasos Plasticos/Polipapel/Termicos Y Copas","precio":979.2,"destacado":false,"descripcion":"","imagen":"assets/products/CA-073668427871.webp","tags":["vaso","termico","180cc","x25u","enpolex"]},{"id":"CA-07366842787244","nombre":"VASO TERMICO 240cc (BULTO 40x25u.) ENPOLEX.","categoria":"Descartables","subcategoria":"Vasos Plasticos/Polipapel/Termicos Y Copas","precio":42985.06,"destacado":false,"descripcion":"","imagen":"assets/products/CA-07366842787244.webp","tags":["vaso","termico","240cc","bulto","40x25u","enpolex"]},{"id":"CA-073668427872","nombre":"VASO TERMICO 240cc x25u. ENPOLEX.","categoria":"Descartables","subcategoria":"Vasos Plasticos/Polipapel/Termicos Y Copas","precio":1117.61,"destacado":false,"descripcion":"","imagen":"assets/products/CA-073668427872.webp","tags":["vaso","termico","240cc","x25u","enpolex"]},{"id":"CA-07366842787312","nombre":"VASO TERMICO 300cc (BULTO 40x25u.) ENPOLEX.","categoria":"Descartables","subcategoria":"Vasos Plasticos/Polipapel/Termicos Y Copas","precio":51540.86,"destacado":false,"descripcion":"","imagen":"assets/products/CA-07366842787312.webp","tags":["vaso","termico","300cc","bulto","40x25u","enpolex"]},{"id":"CA-073668427873","nombre":"VASO TERMICO 300cc x25u. ENPOLEX.","categoria":"Descartables","subcategoria":"Vasos Plasticos/Polipapel/Termicos Y Copas","precio":1340.06,"destacado":false,"descripcion":"","imagen":"assets/products/CA-073668427873.webp","tags":["vaso","termico","300cc","x25u","enpolex"]},{"id":"CA-779835336369","nombre":"VASO TERMICO 300cc x25u. WELL CUP","categoria":"Descartables","subcategoria":"Vasos Plasticos/Polipapel/Termicos Y Copas","precio":1367.42,"destacado":false,"descripcion":"","imagen":"assets/products/CA-779835336369.webp","tags":["vaso","termico","300cc","x25u","well","cup"]},{"id":"CA-000000024338","nombre":"VASO TRAGO LARGO CRISTAL 011  (BULTO x60u.)","categoria":"Descartables","subcategoria":"Vasos Plasticos/Polipapel/Termicos Y Copas","precio":8652.26,"destacado":false,"descripcion":"","imagen":"assets/products/CA-000000024338.webp","tags":["vaso","trago","largo","cristal","011","bulto","x60u"]},{"id":"CA-000000024422","nombre":"VASO TRAGO LARGO CRISTAL 011 AMARILLO (BULTO x60u.)","categoria":"Descartables","subcategoria":"Vasos Plasticos/Polipapel/Termicos Y Copas","precio":8652.26,"destacado":false,"descripcion":"","imagen":"assets/products/CA-000000024422.webp","tags":["vaso","trago","largo","cristal","011","amarillo","bulto","x60u"]},{"id":"CA-000000034807","nombre":"VASO TRAGO LARGO CRISTAL 011 AZUL (BULTO x60u.)","categoria":"Descartables","subcategoria":"Vasos Plasticos/Polipapel/Termicos Y Copas","precio":8652.26,"destacado":false,"descripcion":"","imagen":"assets/products/CA-000000034807.webp","tags":["vaso","trago","largo","cristal","011","azul","bulto","x60u"]},{"id":"CA-000000024421","nombre":"VASO TRAGO LARGO CRISTAL 011 FUCSIA (BULTOx60u.)","categoria":"Descartables","subcategoria":"Vasos Plasticos/Polipapel/Termicos Y Copas","precio":8652.26,"destacado":false,"descripcion":"","imagen":"assets/products/CA-000000024421.webp","tags":["vaso","trago","largo","cristal","011","fucsia","bultox60u"]},{"id":"CA-000000022305","nombre":"VASO TRAGO LARGO CRISTAL 011 ROJO (BULTO x60u.)","categoria":"Descartables","subcategoria":"Vasos Plasticos/Polipapel/Termicos Y Copas","precio":8652.26,"destacado":false,"descripcion":"","imagen":"assets/products/CA-000000022305.webp","tags":["vaso","trago","largo","cristal","011","rojo","bulto","x60u"]},{"id":"CA-000000008937","nombre":"VASO TRAGO LARGO CRISTAL 011 ULTRAVIOLETA (BULTO x60u.)","categoria":"Descartables","subcategoria":"Vasos Plasticos/Polipapel/Termicos Y Copas","precio":8652.26,"destacado":false,"descripcion":"","imagen":"assets/products/CA-000000008937.webp","tags":["vaso","trago","largo","cristal","011","ultravioleta","bulto","x60u"]},{"id":"CA-000000022304","nombre":"VASO TRAGO LARGO CRISTAL 011 VERDE (BULTO x60u.)","categoria":"Descartables","subcategoria":"Vasos Plasticos/Polipapel/Termicos Y Copas","precio":8652.26,"destacado":false,"descripcion":"","imagen":"assets/products/CA-000000022304.webp","tags":["vaso","trago","largo","cristal","011","verde","bulto","x60u"]},{"id":"CA-000000022307","nombre":"VASO TRAGO LARGO CRISTAL 011 VIOLETA (BULTO x60u.)","categoria":"Descartables","subcategoria":"Vasos Plasticos/Polipapel/Termicos Y Copas","precio":8652.26,"destacado":false,"descripcion":"","imagen":"assets/products/CA-000000022307.webp","tags":["vaso","trago","largo","cristal","011","violeta","bulto","x60u"]},{"id":"CA-779809870669","nombre":"VASO TRAGO LARGO CRISTAL KV  (BULTO 15 x10u) 4001/10","categoria":"Descartables","subcategoria":"Vasos Plasticos/Polipapel/Termicos Y Copas","precio":18167.5,"destacado":false,"descripcion":"","imagen":"assets/products/CA-779809870669.webp","tags":["vaso","trago","largo","cristal","bulto","x10u","4001"]}]}