{"category_slug":"descartables","subcategory_slug":"","page":7,"page_size":48,"total":1365,"items":[{"id":"CA-000000058602","nombre":"CAJA BANDEJA MESA DIA DE LOS ENAMORADOS ROSA CON CORAZONES ROJOS x10 u. MORRONI","categoria":"Descartables","subcategoria":"Cajas, Bandejas, Estuches Multiuso","precio":13702.5,"destacado":false,"descripcion":"NUEVO 17/12/2025","imagen":"assets/products/CA-000000058602.webp","tags":["caja","bandeja","mesa","dia","los","enamorados","rosa","con","corazones","rojos","x10","morroni"]},{"id":"CA-000000057653","nombre":"CAJA BANDEJA MESA FELIZ DIA MAMA CON FLORCITAS x10 u. MORRONI","categoria":"Descartables","subcategoria":"Cajas, Bandejas, Estuches Multiuso","precio":13466.25,"destacado":false,"descripcion":"","imagen":"assets/products/CA-000000057653.webp","tags":["caja","bandeja","mesa","feliz","dia","mama","con","florcitas","x10","morroni"]},{"id":"CA-000000057654","nombre":"CAJA BUZON CON BANDEJA FELIZ DIA MAMA CON FLORCITAS x10 u. MORRONI","categoria":"Descartables","subcategoria":"Cajas, Bandejas, Estuches Multiuso","precio":12757.5,"destacado":false,"descripcion":"","imagen":"assets/products/CA-000000057654.webp","tags":["caja","buzon","con","bandeja","feliz","dia","mama","con","florcitas","x10","morroni"]},{"id":"CA-000000055776","nombre":"CAJA CANASTITA FELICES PASCUAS CHOCO CON VISOR art.8020Ax10 u.SERVI","categoria":"Descartables","subcategoria":"Cajas, Bandejas, Estuches Multiuso","precio":4701.85,"destacado":false,"descripcion":"","imagen":"assets/products/CA-000000055776.webp","tags":["caja","canastita","felices","pascuas","choco","con","visor","art","8020ax10","servi"]},{"id":"CA-000000050151","nombre":"CAJA CHOCOLATE CON VISOR CORAZON ROSA N4 x10u (carambia) (CH9)","categoria":"Descartables","subcategoria":"Cajas, Bandejas, Estuches Multiuso","precio":6286.61,"destacado":false,"descripcion":"","imagen":"assets/products/CA-000000050151.webp","tags":["caja","chocolate","con","visor","corazon","rosa","x10u","carambia","ch9"]},{"id":"CA-000000048722","nombre":"CAJA CHOCOLATE CON VISOR CORAZONES TONOS ROSA Y DORADO x10u art.13(carambia) (CH10)","categoria":"Descartables","subcategoria":"Cajas, Bandejas, Estuches Multiuso","precio":6934.92,"destacado":false,"descripcion":"","imagen":"assets/products/CA-000000048722.webp","tags":["caja","chocolate","con","visor","corazones","tonos","rosa","dorado","x10u","art","carambia","ch10"]},{"id":"CA-000000047078","nombre":"CAJA CON VISOR CORAZON BLANCA MULTIUSO (10x10x5cm)x10u.MORRONI  (CH6)","categoria":"Descartables","subcategoria":"Cajas, Bandejas, Estuches Multiuso","precio":3402.0,"destacado":false,"descripcion":"","imagen":"assets/products/CA-000000047078.webp","tags":["caja","con","visor","corazon","blanca","multiuso","10x10x5cm","x10u","morroni","ch6"]},{"id":"CA-000000047072","nombre":"CAJA CON VISOR CORAZON ROSA 10x10x5cm x10u.MORRONI  (CH5)","categoria":"Descartables","subcategoria":"Cajas, Bandejas, Estuches Multiuso","precio":3402.0,"destacado":false,"descripcion":"","imagen":"assets/products/CA-000000047072.webp","tags":["caja","con","visor","corazon","rosa","10x10x5cm","x10u","morroni","ch5"]},{"id":"CA-000000048785","nombre":"CAJA CON VISOR PARA HUEVO n8/10/12 DISEÑO ZANAHORIASx10u.MORRONI","categoria":"Descartables","subcategoria":"Cajas, Bandejas, Estuches Multiuso","precio":4252.5,"destacado":false,"descripcion":"","imagen":"assets/products/CA-000000048785.webp","tags":["caja","con","visor","para","huevo","diseño","zanahoriasx10u","morroni"]},{"id":"CA-202400031283","nombre":"CAJA CUADRADA TE AMO (15cmX15cm) x12 un. PA1283-03","categoria":"Descartables","subcategoria":"Cajas, Bandejas, Estuches Multiuso","precio":15425.65,"destacado":false,"descripcion":"","imagen":"assets/products/CA-202400031283.webp","tags":["caja","cuadrada","amo","15cmx15cm","x12","pa1283"]},{"id":"CA-000000056114","nombre":"CAJA CUPCAKES BLANCA TAPA PVC 1046Bx10 SOLUEM (M9)","categoria":"Descartables","subcategoria":"Cajas, Bandejas, Estuches Multiuso","precio":14065.15,"destacado":false,"descripcion":"","imagen":"assets/products/CA-000000056114.webp","tags":["caja","cupcakes","blanca","tapa","pvc","1046bx10","soluem"]},{"id":"CA-200020051900","nombre":"CAJA DE JOYERIA x12 51900","categoria":"Descartables","subcategoria":"Cajas, Bandejas, Estuches Multiuso","precio":10537.1,"destacado":false,"descripcion":"","imagen":"assets/products/CA-200020051900.webp","tags":["caja","joyeria","x12","51900"]},{"id":"CA-200020051901","nombre":"CAJA DE JOYERIA x12 51901","categoria":"Descartables","subcategoria":"Cajas, Bandejas, Estuches Multiuso","precio":10167.88,"destacado":false,"descripcion":"","imagen":"assets/products/CA-200020051901.webp","tags":["caja","joyeria","x12","51901"]},{"id":"CA-200020051927","nombre":"CAJA DE JOYERIA x6 51927","categoria":"Descartables","subcategoria":"Cajas, Bandejas, Estuches Multiuso","precio":7114.5,"destacado":false,"descripcion":"","imagen":"assets/products/CA-200020051927.webp","tags":["caja","joyeria","51927"]},{"id":"CA-200020042415","nombre":"CAJA DE REGALO CORAZON SET x3 42415","categoria":"Descartables","subcategoria":"Cajas, Bandejas, Estuches Multiuso","precio":9485.99,"destacado":false,"descripcion":"","imagen":"assets/products/CA-200020042415.webp","tags":["caja","regalo","corazon","set","42415"]},{"id":"CA-200020051917","nombre":"CAJA DE REGALO CORAZON SET x3 51917","categoria":"Descartables","subcategoria":"Cajas, Bandejas, Estuches Multiuso","precio":8341.87,"destacado":false,"descripcion":"NUEVO 16/12/2025","imagen":"assets/products/CA-200020051917.webp","tags":["caja","regalo","corazon","set","51917"]},{"id":"CA-200020051919","nombre":"CAJA DE REGALO CORAZON SET x3 51919","categoria":"Descartables","subcategoria":"Cajas, Bandejas, Estuches Multiuso","precio":8341.87,"destacado":false,"descripcion":"NUEVO 16/12/2025","imagen":"assets/products/CA-200020051919.webp","tags":["caja","regalo","corazon","set","51919"]},{"id":"CA-779813200065","nombre":"CAJA DE REGALO CUADRADA CORAZONES/MOÑO ROJO (SET x3) 200065","categoria":"Descartables","subcategoria":"Cajas, Bandejas, Estuches Multiuso","precio":8449.15,"destacado":false,"descripcion":"","imagen":"assets/products/CA-779813200065.webp","tags":["caja","regalo","cuadrada","corazones","moño","rojo","set","200065"]},{"id":"CA-779813200063","nombre":"CAJA DE REGALO CUADRADA LOVE VARIOS COLORES (SET x3) 200063","categoria":"Descartables","subcategoria":"Cajas, Bandejas, Estuches Multiuso","precio":9150.5,"destacado":false,"descripcion":"","imagen":"assets/products/CA-779813200063.webp","tags":["caja","regalo","cuadrada","love","varios","colores","set","200063"]},{"id":"CA-200020042426","nombre":"CAJA DE REGALO CUADRADA SET x3 42426","categoria":"Descartables","subcategoria":"Cajas, Bandejas, Estuches Multiuso","precio":10559.76,"destacado":false,"descripcion":"* (16/12/2025)","imagen":"assets/products/CA-200020042426.webp","tags":["caja","regalo","cuadrada","set","42426"]},{"id":"CA-200020051885","nombre":"CAJA DE REGALO CUADRADA SET x3 51885","categoria":"Descartables","subcategoria":"Cajas, Bandejas, Estuches Multiuso","precio":9219.96,"destacado":false,"descripcion":"* (16/12/2025)","imagen":"assets/products/CA-200020051885.webp","tags":["caja","regalo","cuadrada","set","51885"]},{"id":"CA-200020051893","nombre":"CAJA DE REGALO CUADRADA SET x3 51893","categoria":"Descartables","subcategoria":"Cajas, Bandejas, Estuches Multiuso","precio":7910.97,"destacado":false,"descripcion":"","imagen":"assets/products/CA-200020051893.webp","tags":["caja","regalo","cuadrada","set","51893"]},{"id":"CA-200020051892","nombre":"CAJA DE REGALO CUADRADO CON BRILLO SET x3 51892","categoria":"Descartables","subcategoria":"Cajas, Bandejas, Estuches Multiuso","precio":10703.1,"destacado":false,"descripcion":"","imagen":"assets/products/CA-200020051892.webp","tags":["caja","regalo","cuadrado","con","brillo","set","51892"]},{"id":"CA-200020051879","nombre":"CAJA DE REGALO CUADRADO SET x3 51879","categoria":"Descartables","subcategoria":"Cajas, Bandejas, Estuches Multiuso","precio":8841.69,"destacado":false,"descripcion":"","imagen":"assets/products/CA-200020051879.webp","tags":["caja","regalo","cuadrado","set","51879"]},{"id":"CA-200020051888","nombre":"CAJA DE REGALO CUADRADO SET x3 51888","categoria":"Descartables","subcategoria":"Cajas, Bandejas, Estuches Multiuso","precio":9659.01,"destacado":false,"descripcion":"NUEVO 16/12/2025","imagen":"assets/products/CA-200020051888.webp","tags":["caja","regalo","cuadrado","set","51888"]},{"id":"CA-000000056931","nombre":"CAJA DE REGALO RECTANGULAR CHICA MOÑO/CORAZONES 7x9x3cm x12 (200061)","categoria":"Descartables","subcategoria":"Cajas, Bandejas, Estuches Multiuso","precio":5820.36,"destacado":false,"descripcion":"","imagen":"assets/products/CA-000000056931.webp","tags":["caja","regalo","rectangular","chica","moño","corazones","7x9x3cm","x12","200061"]},{"id":"CA-200020051891","nombre":"CAJA DE REGALO RECTANGULAR CON BRILLO SET x3 51891","categoria":"Descartables","subcategoria":"Cajas, Bandejas, Estuches Multiuso","precio":10703.1,"destacado":false,"descripcion":"","imagen":"assets/products/CA-200020051891.webp","tags":["caja","regalo","rectangular","con","brillo","set","51891"]},{"id":"CA-779813200064","nombre":"CAJA DE REGALO RECTANGULAR LOVE VARIOS COLORES (SET x3) 200064","categoria":"Descartables","subcategoria":"Cajas, Bandejas, Estuches Multiuso","precio":9150.5,"destacado":false,"descripcion":"","imagen":"assets/products/CA-779813200064.webp","tags":["caja","regalo","rectangular","love","varios","colores","set","200064"]},{"id":"CA-200020051882","nombre":"CAJA DE REGALO RECTANGULAR SET x3 51882","categoria":"Descartables","subcategoria":"Cajas, Bandejas, Estuches Multiuso","precio":9861.62,"destacado":false,"descripcion":"* (16/12/2025)","imagen":"assets/products/CA-200020051882.webp","tags":["caja","regalo","rectangular","set","51882"]},{"id":"CA-200020051886","nombre":"CAJA DE REGALO RECTANGULAR SET x3 51886","categoria":"Descartables","subcategoria":"Cajas, Bandejas, Estuches Multiuso","precio":10537.1,"destacado":false,"descripcion":"","imagen":"assets/products/CA-200020051886.webp","tags":["caja","regalo","rectangular","set","51886"]},{"id":"CA-000000055069","nombre":"CAJA DIA DE LOS ENAMORADOS CUBO CON VISORES Y APLIQUES LOVE-CORAZONES CALUMI x1u.","categoria":"Descartables","subcategoria":"Cajas, Bandejas, Estuches Multiuso","precio":1174.5,"destacado":false,"descripcion":"* (17/12/2025)","imagen":"assets/products/CA-000000055069.webp","tags":["caja","dia","los","enamorados","cubo","con","visores","apliques","love","corazones","calumi","x1u"]},{"id":"CA-000000057386","nombre":"CAJA DIA DEL NIÑO FELIZ DIA COLORIDA x10u.CARAMBIA","categoria":"Descartables","subcategoria":"Cajas, Bandejas, Estuches Multiuso","precio":5770.79,"destacado":false,"descripcion":"","imagen":"assets/products/CA-000000057386.webp","tags":["caja","dia","del","niño","feliz","dia","colorida","x10u","carambia"]},{"id":"CA-000000057385","nombre":"CAJA DIA DEL NIÑO MALETIN FELIZ DIA COLORIDO x10u.CARAMBIA","categoria":"Descartables","subcategoria":"Cajas, Bandejas, Estuches Multiuso","precio":6140.33,"destacado":false,"descripcion":"","imagen":"assets/products/CA-000000057385.webp","tags":["caja","dia","del","niño","maletin","feliz","dia","colorido","x10u","carambia"]},{"id":"CA-000000056107","nombre":"CAJA DRIP CAKE BLANCA CON TAPA PVC 25x25x25cm) 1080x10 u.SOLUEM (G21)","categoria":"Descartables","subcategoria":"Cajas, Bandejas, Estuches Multiuso","precio":25853.08,"destacado":false,"descripcion":"","imagen":"assets/products/CA-000000056107.webp","tags":["caja","drip","cake","blanca","con","tapa","pvc","25x25x25cm","1080x10","soluem","g21"]},{"id":"CA-000000056097","nombre":"CAJA DRIP CAKE KRAFT CON TAPA PVC 25x25x25cm) 5023 x10 u.SOLUEM (G24)","categoria":"Descartables","subcategoria":"Cajas, Bandejas, Estuches Multiuso","precio":18753.53,"destacado":false,"descripcion":"","imagen":"assets/products/CA-000000056097.webp","tags":["caja","drip","cake","kraft","con","tapa","pvc","25x25x25cm","5023","x10","soluem","g24"]},{"id":"CA-000000057667","nombre":"CAJA ESTUCHE BOTELLA FELIZ DIA art.544 x 25u.CHO","categoria":"Descartables","subcategoria":"Cajas, Bandejas, Estuches Multiuso","precio":14307.89,"destacado":false,"descripcion":"","imagen":"assets/products/CA-000000057667.webp","tags":["caja","estuche","botella","feliz","dia","art","544","25u","cho"]},{"id":"CA-000000048784","nombre":"CAJA ESTUCHE PORTA HUEVO N°6 FELICES PASCUAS x12 MORRONI","categoria":"Descartables","subcategoria":"Cajas, Bandejas, Estuches Multiuso","precio":1190.7,"destacado":false,"descripcion":"","imagen":"assets/products/CA-000000048784.webp","tags":["caja","estuche","porta","huevo","felices","pascuas","x12","morroni"]},{"id":"CA-000000047120","nombre":"CAJA ESTUCHE PORTA HUEVO N°8 FELICES PASCUAS x12 MORRONI","categoria":"Descartables","subcategoria":"Cajas, Bandejas, Estuches Multiuso","precio":1445.85,"destacado":false,"descripcion":"","imagen":"assets/products/CA-000000047120.webp","tags":["caja","estuche","porta","huevo","felices","pascuas","x12","morroni"]},{"id":"CA-000000055779","nombre":"CAJA FELICES PASCUAS CARA DE CONEJO CHOCO/COOKIES art.8021A x10 u.SOLUEM","categoria":"Descartables","subcategoria":"Cajas, Bandejas, Estuches Multiuso","precio":4777.69,"destacado":false,"descripcion":"","imagen":"assets/products/CA-000000055779.webp","tags":["caja","felices","pascuas","cara","conejo","choco","cookies","art","8021a","x10","soluem"]},{"id":"CA-000000055777","nombre":"CAJA FELICES PASCUAS CHOCO CON VISOR art.8022A x10 u.SOLUEM","categoria":"Descartables","subcategoria":"Cajas, Bandejas, Estuches Multiuso","precio":5005.19,"destacado":false,"descripcion":"","imagen":"assets/products/CA-000000055777.webp","tags":["caja","felices","pascuas","choco","con","visor","art","8022a","x10","soluem"]},{"id":"CA-000000051209","nombre":"CAJA FELICES PASCUAS SWEET BUNNY CON VISOR PARA MEDIO HUEVO RELLENO N°12/18 art.8004Sx10 u.SERVI","categoria":"Descartables","subcategoria":"Cajas, Bandejas, Estuches Multiuso","precio":15025.5,"destacado":false,"descripcion":"","imagen":"assets/products/CA-000000051209.webp","tags":["caja","felices","pascuas","sweet","bunny","con","visor","para","medio","huevo","relleno","art"]},{"id":"CA-000000055775","nombre":"CAJA FELIZ FELICES PASCUAS CHOCO CON VISOR Y CUNA art.8012B x10 u.SOLUEM","categoria":"Descartables","subcategoria":"Cajas, Bandejas, Estuches Multiuso","precio":8569.5,"destacado":false,"descripcion":"","imagen":"assets/products/CA-000000055775.webp","tags":["caja","feliz","felices","pascuas","choco","con","visor","cuna","art","8012b","x10","soluem"]},{"id":"CA-000000051215","nombre":"CAJA FELIZ FELICES PASCUAS SWEET BUNNY CON VISOR Y CUNA N°10 art.8012A x10 u.SERVI","categoria":"Descartables","subcategoria":"Cajas, Bandejas, Estuches Multiuso","precio":8569.5,"destacado":false,"descripcion":"","imagen":"assets/products/CA-000000051215.webp","tags":["caja","feliz","felices","pascuas","sweet","bunny","con","visor","cuna","art","8012a","x10"]},{"id":"CA-000000056845","nombre":"CAJA MULTIUSO BANDEJA DESAYUNADOR CON AMOR FONDO DEL MAR (26x17x8cm) art.1018 x 25u.CHO","categoria":"Descartables","subcategoria":"Cajas, Bandejas, Estuches Multiuso","precio":22290.19,"destacado":false,"descripcion":"","imagen":"assets/products/CA-000000056845.webp","tags":["caja","multiuso","bandeja","desayunador","con","amor","fondo","del","mar","26x17x8cm","art","1018"]},{"id":"CA-000000056844","nombre":"CAJA MULTIUSO BANDEJA DESAYUNADOR CON MUCHO AMOR BOSQUE (26x17x8cm) art.1021 x 25u.CHO","categoria":"Descartables","subcategoria":"Cajas, Bandejas, Estuches Multiuso","precio":22290.19,"destacado":false,"descripcion":"","imagen":"assets/products/CA-000000056844.webp","tags":["caja","multiuso","bandeja","desayunador","con","mucho","amor","bosque","26x17x8cm","art","1021","25u"]},{"id":"CA-000000057656","nombre":"CAJA MULTIUSO BANDEJA DESAYUNADOR CORAZON FELIZ DIA MA (26x17x8cm) art.1027 x 25u.CHO","categoria":"Descartables","subcategoria":"Cajas, Bandejas, Estuches Multiuso","precio":26223.75,"destacado":false,"descripcion":"","imagen":"assets/products/CA-000000057656.webp","tags":["caja","multiuso","bandeja","desayunador","corazon","feliz","dia","26x17x8cm","art","1027","25u","cho"]},{"id":"CA-000000056351","nombre":"CAJA MULTIUSO BANDEJA DESAYUNADOR FELIZ DIA PA (26x17x8cm) art.1014 x25u.CHO","categoria":"Descartables","subcategoria":"Cajas, Bandejas, Estuches Multiuso","precio":22290.19,"destacado":false,"descripcion":"","imagen":"assets/products/CA-000000056351.webp","tags":["caja","multiuso","bandeja","desayunador","feliz","dia","26x17x8cm","art","1014","x25u","cho"]},{"id":"CA-000000057655","nombre":"CAJA MULTIUSO BANDEJA DESAYUNADOR ROSA MAMA (26x17x8cm) art.1026 x 25u.CHO","categoria":"Descartables","subcategoria":"Cajas, Bandejas, Estuches Multiuso","precio":26223.75,"destacado":false,"descripcion":"","imagen":"assets/products/CA-000000057655.webp","tags":["caja","multiuso","bandeja","desayunador","rosa","mama","26x17x8cm","art","1026","25u","cho"]}]}