{"category_slug":"descartables","subcategory_slug":"","page":10,"page_size":48,"total":1365,"items":[{"id":"CA-779809870586","nombre":"CAZUELA DIP MEDIANO NEGRO KV (8.5x3cm) x12u.1202N","categoria":"Descartables","subcategoria":"Platos / Platos Blonda","precio":5610.6,"destacado":false,"descripcion":"","imagen":"assets/products/CA-779809870586.webp","tags":["cazuela","dip","mediano","negro","5x3cm","x12u","1202n"]},{"id":"CA-000000040885","nombre":"COMPOTERA CRISTAL (BULTO 9x50) AMERICAN PLAST","categoria":"Descartables","subcategoria":"Potes Y Tapas/Compoteras","precio":43131.21,"destacado":false,"descripcion":"* (05/12/2025)","imagen":"assets/products/CA-000000040885.webp","tags":["compotera","cristal","bulto","9x50","american","plast"]},{"id":"CA-000000033976","nombre":"COMPOTERA CRISTAL x50 AMERICAN PLAST","categoria":"Descartables","subcategoria":"Potes Y Tapas/Compoteras","precio":5175.74,"destacado":false,"descripcion":"* (05/12/2025)","imagen":"assets/products/CA-000000033976.webp","tags":["compotera","cristal","x50","american","plast"]},{"id":"CA-000000049636","nombre":"COMPOTERA PLASTICA ROMA DORADA (900245) x6u.","categoria":"Descartables","subcategoria":"Potes Y Tapas/Compoteras","precio":3651.05,"destacado":false,"descripcion":"","imagen":"assets/products/CA-000000049636.webp","tags":["compotera","plastica","roma","dorada","900245","x6u"]},{"id":"CA-07366842787558","nombre":"COMPOTERA TERMICA 360cc (BULTO 20x25u.) ENPOLEX.","categoria":"Descartables","subcategoria":"Vasos Plasticos/Polipapel/Termicos Y Copas","precio":39732.15,"destacado":false,"descripcion":"","imagen":"assets/products/CA-07366842787558.webp","tags":["compotera","termica","360cc","bulto","20x25u","enpolex"]},{"id":"CA-073668427875","nombre":"COMPOTERA TERMICA 360cc x25u. ENPOLEX.","categoria":"Descartables","subcategoria":"Vasos Plasticos/Polipapel/Termicos Y Copas","precio":2066.07,"destacado":false,"descripcion":"","imagen":"assets/products/CA-073668427875.webp","tags":["compotera","termica","360cc","x25u","enpolex"]},{"id":"CA-000000051498","nombre":"COMPOTERA/PLATO HONDO PLASTICA BLANCA (BULTO 20x25aprox) B.P","categoria":"Descartables","subcategoria":"Potes Y Tapas/Compoteras","precio":38407.5,"destacado":false,"descripcion":"* (15/12/2025)","imagen":"assets/products/CA-000000051498.webp","tags":["compotera","plato","hondo","plastica","blanca","bulto","20x25aprox"]},{"id":"CA-000000051497","nombre":"COMPOTERA/PLATO HONDO PLASTICA BLANCA x25aprox. B.P","categoria":"Descartables","subcategoria":"Potes Y Tapas/Compoteras","precio":2074.01,"destacado":false,"descripcion":"* (15/12/2025)","imagen":"assets/products/CA-000000051497.webp","tags":["compotera","plato","hondo","plastica","blanca","x25aprox"]},{"id":"CA-000000051502","nombre":"COMPOTERA/PLATO HONDO PLASTICA DORADA (BULTO 20x25aprox) B.P","categoria":"Descartables","subcategoria":"Potes Y Tapas/Compoteras","precio":38407.5,"destacado":false,"descripcion":"* (15/12/2025)","imagen":"assets/products/CA-000000051502.webp","tags":["compotera","plato","hondo","plastica","dorada","bulto","20x25aprox"]},{"id":"CA-000000051501","nombre":"COMPOTERA/PLATO HONDO PLASTICA DORADA x25aprox. B.P","categoria":"Descartables","subcategoria":"Potes Y Tapas/Compoteras","precio":2074.01,"destacado":false,"descripcion":"* (15/12/2025)","imagen":"assets/products/CA-000000051501.webp","tags":["compotera","plato","hondo","plastica","dorada","x25aprox"]},{"id":"CA-000000051504","nombre":"COMPOTERA/PLATO HONDO PLASTICA NEGRA (BULTO 20x25aprox) B.P","categoria":"Descartables","subcategoria":"Potes Y Tapas/Compoteras","precio":38407.5,"destacado":false,"descripcion":"* (15/12/2025)","imagen":"assets/products/CA-000000051504.webp","tags":["compotera","plato","hondo","plastica","negra","bulto","20x25aprox"]},{"id":"CA-000000051503","nombre":"COMPOTERA/PLATO HONDO PLASTICA NEGRA x25aprox. B.P","categoria":"Descartables","subcategoria":"Potes Y Tapas/Compoteras","precio":2074.01,"destacado":false,"descripcion":"* (15/12/2025)","imagen":"assets/products/CA-000000051503.webp","tags":["compotera","plato","hondo","plastica","negra","x25aprox"]},{"id":"CA-000000051510","nombre":"COMPOTERA/PLATO HONDO PLASTICA PLATEADA (BULTO 20x25aprox) B.P","categoria":"Descartables","subcategoria":"Potes Y Tapas/Compoteras","precio":38407.5,"destacado":false,"descripcion":"* (15/12/2025)","imagen":"assets/products/CA-000000051510.webp","tags":["compotera","plato","hondo","plastica","plateada","bulto","20x25aprox"]},{"id":"CA-000000051509","nombre":"COMPOTERA/PLATO HONDO PLASTICA PLATEADA x25aprox. B.P","categoria":"Descartables","subcategoria":"Potes Y Tapas/Compoteras","precio":2074.01,"destacado":false,"descripcion":"* (15/12/2025)","imagen":"assets/products/CA-000000051509.webp","tags":["compotera","plato","hondo","plastica","plateada","x25aprox"]},{"id":"CA-000000055398","nombre":"CONEJA BABY SURTIDA x6u.UPALALA","categoria":"Descartables","subcategoria":"Cajas, Bandejas, Estuches Multiuso","precio":2835.0,"destacado":false,"descripcion":"","imagen":"assets/products/CA-000000055398.webp","tags":["coneja","baby","surtida","x6u","upalala"]},{"id":"CA-000000055399","nombre":"CONEJO PORTA HUEVOS DE PASCUA CHICO COLORES SURTIDOS x6u.UPALALA","categoria":"Descartables","subcategoria":"Cajas, Bandejas, Estuches Multiuso","precio":2835.0,"destacado":false,"descripcion":"","imagen":"assets/products/CA-000000055399.webp","tags":["conejo","porta","huevos","pascua","chico","colores","surtidos","x6u","upalala"]},{"id":"CA-000000051639","nombre":"COPA CON PIE PETIT POSTRE DEGUSTACION CRISTAL 100cc (BULTO x54u.)","categoria":"Descartables","subcategoria":"Linea Petit Gourmet Y Accesorios Copetin","precio":7435.73,"destacado":false,"descripcion":"","imagen":"assets/products/CA-000000051639.webp","tags":["copa","con","pie","petit","postre","degustacion","cristal","100cc","bulto","x54u"]},{"id":"CA-000000047593","nombre":"COPA CUCURUCHO PLASTICA CRISTAL(900201)x3u.","categoria":"Descartables","subcategoria":"Vasos Plasticos/Polipapel/Termicos Y Copas","precio":3412.26,"destacado":false,"descripcion":"","imagen":"assets/products/CA-000000047593.webp","tags":["copa","cucurucho","plastica","cristal","900201","x3u"]},{"id":"CA-000000036832","nombre":"COPA TROPICAL / MARGARITA CRISTAL 025 x48u.","categoria":"Descartables","subcategoria":"Vasos Plasticos/Polipapel/Termicos Y Copas","precio":18162.45,"destacado":false,"descripcion":"","imagen":"assets/products/CA-000000036832.webp","tags":["copa","tropical","margarita","cristal","025","x48u"]},{"id":"CA-000000044569","nombre":"COPITA PETIT POSTRE DEGUSTACION CRISTAL 70cc (BULTO 200u.)","categoria":"Descartables","subcategoria":"Linea Petit Gourmet Y Accesorios Copetin","precio":19196.72,"destacado":false,"descripcion":"","imagen":"assets/products/CA-000000044569.webp","tags":["copita","petit","postre","degustacion","cristal","70cc","bulto","200u"]},{"id":"CA-000000039155","nombre":"CUCHARA  MINI DEGUSTACION BLANCAS x50unid","categoria":"Descartables","subcategoria":"Linea Petit Gourmet Y Accesorios Copetin","precio":2570.4,"destacado":false,"descripcion":"","imagen":"assets/products/CA-000000039155.webp","tags":["cuchara","mini","degustacion","blancas","x50unid"]},{"id":"CA-000000038951","nombre":"CUCHARA  MINI DEGUSTACION CRISTAL x50unid","categoria":"Descartables","subcategoria":"Linea Petit Gourmet Y Accesorios Copetin","precio":2570.4,"destacado":false,"descripcion":"","imagen":"assets/products/CA-000000038951.webp","tags":["cuchara","mini","degustacion","cristal","x50unid"]},{"id":"CA-000000039157","nombre":"CUCHARA  MINI DEGUSTACION MULTICOLOR x50unid","categoria":"Descartables","subcategoria":"Linea Petit Gourmet Y Accesorios Copetin","precio":2570.4,"destacado":false,"descripcion":"","imagen":"assets/products/CA-000000039157.webp","tags":["cuchara","mini","degustacion","multicolor","x50unid"]},{"id":"CA-000000039156","nombre":"CUCHARA  MINI DEGUSTACION NEGRO x50unid","categoria":"Descartables","subcategoria":"Linea Petit Gourmet Y Accesorios Copetin","precio":2570.4,"destacado":false,"descripcion":"","imagen":"assets/products/CA-000000039156.webp","tags":["cuchara","mini","degustacion","negro","x50unid"]},{"id":"CA-000000027936","nombre":"CUCHARA  TRAGO LARGO FLUO COLONOx100 FF208","categoria":"Descartables","subcategoria":"Cubiertos","precio":2127.79,"destacado":false,"descripcion":"* (19/12/2025)","imagen":"assets/products/CA-000000027936.webp","tags":["cuchara","trago","largo","fluo","colonox100","ff208"]},{"id":"CA-000000034019","nombre":"CUCHARA CAFE A GRANEL (BULTO x1500) FF213 (4)","categoria":"Descartables","subcategoria":"Cubiertos","precio":12095.88,"destacado":false,"descripcion":"* (19/12/2025)","imagen":"assets/products/CA-000000034019.webp","tags":["cuchara","cafe","granel","bulto","x1500","ff213"]},{"id":"CA-000000008903","nombre":"CUCHARA CAFE FRACCIONADA (BULTO 15x100) FF213B (5)","categoria":"Descartables","subcategoria":"Cubiertos","precio":15944.84,"destacado":false,"descripcion":"* (19/12/2025)","imagen":"assets/products/CA-000000008903.webp","tags":["cuchara","cafe","fraccionada","bulto","15x100","ff213b"]},{"id":"CA-000000008904","nombre":"CUCHARA CAFEx100","categoria":"Descartables","subcategoria":"Cubiertos","precio":1148.03,"destacado":false,"descripcion":"* (19/12/2025)","imagen":"assets/products/CA-000000008904.webp","tags":["cuchara","cafex100"]},{"id":"CA-960300010000","nombre":"CUCHARA DE MADERA C.B.X (13 cm) x50und.","categoria":"Descartables","subcategoria":"Cubiertos","precio":2831.54,"destacado":false,"descripcion":"","imagen":"assets/products/CA-960300010000.webp","tags":["cuchara","madera","x50und"]},{"id":"CA-779908803238","nombre":"CUCHARA DE MADERA CHICA 11cm x25 und. PAS3.","categoria":"Descartables","subcategoria":"Cubiertos","precio":911.05,"destacado":false,"descripcion":"","imagen":"assets/products/CA-779908803238.webp","tags":["cuchara","madera","chica","11cm","x25","und","pas3"]},{"id":"CA-779809870577","nombre":"CUCHARA POSTRE FRACCIONADA (BULTO 20x50u.) KV 6003B/50c (3)","categoria":"Descartables","subcategoria":"Cubiertos","precio":25197.5,"destacado":false,"descripcion":"","imagen":"assets/products/CA-779809870577.webp","tags":["cuchara","postre","fraccionada","bulto","20x50u","6003b","50c"]},{"id":"CA-779809870578","nombre":"CUCHARA POSTRE KV x50u.","categoria":"Descartables","subcategoria":"Cubiertos","precio":1360.67,"destacado":false,"descripcion":"","imagen":"assets/products/CA-779809870578.webp","tags":["cuchara","postre","x50u"]},{"id":"CA-000000034023","nombre":"CUCHARA POSTRE REFORZADA FRACCIONADA (BULTO 10x100)  205BL (2)","categoria":"Descartables","subcategoria":"Cubiertos","precio":25481.18,"destacado":false,"descripcion":"* (19/12/2025)","imagen":"assets/products/CA-000000034023.webp","tags":["cuchara","postre","reforzada","fraccionada","bulto","10x100","205bl"]},{"id":"CA-000000032529","nombre":"CUCHARA POSTRE REFORZADA GRANEL BULTO x1000 FF205 (1)","categoria":"Descartables","subcategoria":"Cubiertos","precio":22157.54,"destacado":false,"descripcion":"* (19/12/2025)","imagen":"assets/products/CA-000000032529.webp","tags":["cuchara","postre","reforzada","granel","bulto","x1000","ff205"]},{"id":"CA-000000034024","nombre":"CUCHARA POSTRE REFORZADA x100 206B","categoria":"Descartables","subcategoria":"Cubiertos","precio":2751.97,"destacado":false,"descripcion":"* (19/12/2025)","imagen":"assets/products/CA-000000034024.webp","tags":["cuchara","postre","reforzada","x100","206b"]},{"id":"CA-779809870532","nombre":"CUCHARA POSTRE x50u.","categoria":"Descartables","subcategoria":"Cubiertos","precio":1360.67,"destacado":false,"descripcion":"","imagen":"assets/products/CA-779809870532.webp","tags":["cuchara","postre","x50u"]},{"id":"CA-000000034783","nombre":"CUCHARA REFORZADA BLANCA (16 Cm) x10","categoria":"Descartables","subcategoria":"Cubiertos","precio":716.85,"destacado":false,"descripcion":"","imagen":"assets/products/CA-000000034783.webp","tags":["cuchara","reforzada","blanca","x10"]},{"id":"CA-000003471090","nombre":"CUCHARA REFORZADA DORADA (16 Cm) x10","categoria":"Descartables","subcategoria":"Cubiertos","precio":716.85,"destacado":false,"descripcion":"","imagen":"assets/products/CA-000003471090.webp","tags":["cuchara","reforzada","dorada","x10"]},{"id":"CA-000000041892","nombre":"CUCHARA REFORZADA NEGRA (16 Cm) x10","categoria":"Descartables","subcategoria":"Cubiertos","precio":716.85,"destacado":false,"descripcion":"","imagen":"assets/products/CA-000000041892.webp","tags":["cuchara","reforzada","negra","x10"]},{"id":"CA-000003471095","nombre":"CUCHARA REFORZADA PLATEADA (16 Cm) x10","categoria":"Descartables","subcategoria":"Cubiertos","precio":716.85,"destacado":false,"descripcion":"","imagen":"assets/products/CA-000003471095.webp","tags":["cuchara","reforzada","plateada","x10"]},{"id":"CA-000000034779","nombre":"CUCHARA REFORZADA ROJO (16 Cm) x10","categoria":"Descartables","subcategoria":"Cubiertos","precio":716.85,"destacado":false,"descripcion":"","imagen":"assets/products/CA-000000034779.webp","tags":["cuchara","reforzada","rojo","x10"]},{"id":"CA-000000025832","nombre":"CUCHARA SUNDAE COLOR A GRANEL (BULTO x1000) PH104 (6)","categoria":"Descartables","subcategoria":"Cubiertos","precio":11743.56,"destacado":false,"descripcion":"* (19/12/2025)","imagen":"assets/products/CA-000000025832.webp","tags":["cuchara","sundae","color","granel","bulto","x1000","ph104"]},{"id":"CA-000000050375","nombre":"CUCHARA SUNDAE COLOR AMARILLO PASTEL (BULTO 10x50) B.P.","categoria":"Descartables","subcategoria":"Cubiertos","precio":9024.98,"destacado":false,"descripcion":"* (12/12/2025)","imagen":"assets/products/CA-000000050375.webp","tags":["cuchara","sundae","color","amarillo","pastel","bulto","10x50"]},{"id":"CA-000000050376","nombre":"CUCHARA SUNDAE COLOR AMARILLO PASTEL x50u. B.P.","categoria":"Descartables","subcategoria":"Cubiertos","precio":974.7,"destacado":false,"descripcion":"* (12/12/2025)","imagen":"assets/products/CA-000000050376.webp","tags":["cuchara","sundae","color","amarillo","pastel","x50u"]},{"id":"CA-000000050377","nombre":"CUCHARA SUNDAE COLOR CELESTE PASTEL (BULTO 10x50) B.P.","categoria":"Descartables","subcategoria":"Cubiertos","precio":9024.98,"destacado":false,"descripcion":"* (12/12/2025)","imagen":"assets/products/CA-000000050377.webp","tags":["cuchara","sundae","color","celeste","pastel","bulto","10x50"]},{"id":"CA-000000050378","nombre":"CUCHARA SUNDAE COLOR CELESTE PASTEL x50u. B.P.","categoria":"Descartables","subcategoria":"Cubiertos","precio":974.7,"destacado":false,"descripcion":"* (12/12/2025)","imagen":"assets/products/CA-000000050378.webp","tags":["cuchara","sundae","color","celeste","pastel","x50u"]},{"id":"CA-000000050379","nombre":"CUCHARA SUNDAE COLOR DORADA (BULTO 10x50) B.P.","categoria":"Descartables","subcategoria":"Cubiertos","precio":9024.98,"destacado":false,"descripcion":"* (12/12/2025)","imagen":"assets/products/CA-000000050379.webp","tags":["cuchara","sundae","color","dorada","bulto","10x50"]},{"id":"CA-000000050380","nombre":"CUCHARA SUNDAE COLOR DORADA x50u. B.P.","categoria":"Descartables","subcategoria":"Cubiertos","precio":974.7,"destacado":false,"descripcion":"* (12/12/2025)","imagen":"assets/products/CA-000000050380.webp","tags":["cuchara","sundae","color","dorada","x50u"]}]}