{"category_slug":"halloween","subcategory_slug":"disfraces_adulto","page":1,"page_size":48,"total":34,"items":[{"id":"CA-779908804872","nombre":"DISFRAZ ADULTO DIABLITA TALLE M x1 DI003M","categoria":"Halloween","subcategoria":"Disfraces Adulto","precio":16926.35,"destacado":false,"descripcion":"","imagen":"assets/products/CA-779908804872.webp","tags":["disfraz","adulto","diablita","talle","di003m"]},{"id":"CA-779908804871","nombre":"DISFRAZ ADULTO DIABLITA TALLE S x1 DI003S","categoria":"Halloween","subcategoria":"Disfraces Adulto","precio":16926.35,"destacado":false,"descripcion":"","imagen":"assets/products/CA-779908804871.webp","tags":["disfraz","adulto","diablita","talle","di003s"]},{"id":"CA-779908804889","nombre":"DISFRAZ ADULTO JOKER TALLE M x1 DI028M","categoria":"Halloween","subcategoria":"Disfraces Adulto","precio":36921.5,"destacado":false,"descripcion":"","imagen":"assets/products/CA-779908804889.webp","tags":["disfraz","adulto","joker","talle","di028m"]},{"id":"CA-779908805125","nombre":"DISFRAZ ADULTO PAYASO MALVADO TALLE L x1 DI045L","categoria":"Halloween","subcategoria":"Disfraces Adulto","precio":25557.35,"destacado":false,"descripcion":"","imagen":"assets/products/CA-779908805125.webp","tags":["disfraz","adulto","payaso","malvado","talle","di045l"]},{"id":"CA-779908805124","nombre":"DISFRAZ ADULTO PAYASO MALVADO TALLE M x1 DI045M","categoria":"Halloween","subcategoria":"Disfraces Adulto","precio":25557.35,"destacado":false,"descripcion":"","imagen":"assets/products/CA-779908805124.webp","tags":["disfraz","adulto","payaso","malvado","talle","di045m"]},{"id":"CA-779908805117","nombre":"DISFRAZ ADULTO PESADILLA HOMBRE TALLE L x1 DI041L","categoria":"Halloween","subcategoria":"Disfraces Adulto","precio":12826.63,"destacado":false,"descripcion":"","imagen":"assets/products/CA-779908805117.webp","tags":["disfraz","adulto","pesadilla","hombre","talle","di041l"]},{"id":"CA-779908805116","nombre":"DISFRAZ ADULTO PESADILLA HOMBRE TALLE M x1 DI041M","categoria":"Halloween","subcategoria":"Disfraces Adulto","precio":12826.63,"destacado":false,"descripcion":"","imagen":"assets/products/CA-779908805116.webp","tags":["disfraz","adulto","pesadilla","hombre","talle","di041m"]},{"id":"CA-779908805115","nombre":"DISFRAZ ADULTO PESADILLA MUJER TALLE M x1 DI040M","categoria":"Halloween","subcategoria":"Disfraces Adulto","precio":16398.9,"destacado":false,"descripcion":"","imagen":"assets/products/CA-779908805115.webp","tags":["disfraz","adulto","pesadilla","mujer","talle","di040m"]},{"id":"CA-779908805114","nombre":"DISFRAZ ADULTO PESADILLA MUJER TALLE S x1 DI040S","categoria":"Halloween","subcategoria":"Disfraces Adulto","precio":16398.9,"destacado":false,"descripcion":"","imagen":"assets/products/CA-779908805114.webp","tags":["disfraz","adulto","pesadilla","mujer","talle","di040s"]},{"id":"CA-779908804839","nombre":"DISFRAZ ADULTO POLICIA MUJER TALLE S x1 DI015S","categoria":"Halloween","subcategoria":"Disfraces Adulto","precio":30208.5,"destacado":false,"descripcion":"","imagen":"assets/products/CA-779908804839.webp","tags":["disfraz","adulto","policia","mujer","talle","di015s"]},{"id":"CA-779908805127","nombre":"DISFRAZ ADULTO PRISIONERA TALLE M x1 DI046M","categoria":"Halloween","subcategoria":"Disfraces Adulto","precio":20139.0,"destacado":false,"descripcion":"","imagen":"assets/products/CA-779908805127.webp","tags":["disfraz","adulto","prisionera","talle","di046m"]},{"id":"CA-779908805126","nombre":"DISFRAZ ADULTO PRISIONERA TALLE S x1 DI046S","categoria":"Halloween","subcategoria":"Disfraces Adulto","precio":20139.0,"destacado":false,"descripcion":"","imagen":"assets/products/CA-779908805126.webp","tags":["disfraz","adulto","prisionera","talle","di046s"]},{"id":"CA-779908804888","nombre":"DISFRAZ ADULTO THRILLER TALLE L x1 DI027L","categoria":"Halloween","subcategoria":"Disfraces Adulto","precio":31647.0,"destacado":false,"descripcion":"","imagen":"assets/products/CA-779908804888.webp","tags":["disfraz","adulto","thriller","talle","di027l"]},{"id":"CA-779908804887","nombre":"DISFRAZ ADULTO THRILLER TALLE M x1 DI027M","categoria":"Halloween","subcategoria":"Disfraces Adulto","precio":31647.0,"destacado":false,"descripcion":"","imagen":"assets/products/CA-779908804887.webp","tags":["disfraz","adulto","thriller","talle","di027m"]},{"id":"CA-779814781110","nombre":"DISFRAZ ADULTO/ADOLESCENTE BRUJA NARANJA C/GORRO ESPECIAL CANDELA T1 N130","categoria":"Halloween","subcategoria":"Disfraces Adulto","precio":16961.06,"destacado":false,"descripcion":"","imagen":"assets/products/CA-779814781110.webp","tags":["disfraz","adulto","adolescente","bruja","naranja","gorro","especial","candela","n130"]},{"id":"CA-779814781723","nombre":"DISFRAZ ADULTO/ADOLESCENTE CALACA (MUERTE MEXICANA) T1 CANDELA","categoria":"Halloween","subcategoria":"Disfraces Adulto","precio":18929.7,"destacado":false,"descripcion":"","imagen":"assets/products/CA-779814781723.webp","tags":["disfraz","adulto","adolescente","calaca","muerte","mexicana","candela"]},{"id":"CA-779814781724","nombre":"DISFRAZ ADULTO/ADOLESCENTE CALACA (MUERTE MEXICANA) T2 CANDELA","categoria":"Halloween","subcategoria":"Disfraces Adulto","precio":18929.7,"destacado":false,"descripcion":"","imagen":"assets/products/CA-779814781724.webp","tags":["disfraz","adulto","adolescente","calaca","muerte","mexicana","candela"]},{"id":"CA-000000032078","nombre":"DISFRAZ ADULTO/ADOLESCENTE DOCTOR ZOMBIE x1 CROSTI art.73","categoria":"Halloween","subcategoria":"Disfraces Adulto","precio":12825.0,"destacado":false,"descripcion":"","imagen":"assets/products/CA-000000032078.webp","tags":["disfraz","adulto","adolescente","doctor","zombie","crosti","art"]},{"id":"CA-000000032656","nombre":"DISFRAZ ADULTO/ADOLESCENTE LA PARKA  x1 CROSTI art.81","categoria":"Halloween","subcategoria":"Disfraces Adulto","precio":9382.5,"destacado":false,"descripcion":"","imagen":"assets/products/CA-000000032656.webp","tags":["disfraz","adulto","adolescente","parka","crosti","art"]},{"id":"CA-000000039114","nombre":"DISFRAZ ADULTO/ADOLESCENTE MUÑECO MALDITO x1 CROSTI art.88","categoria":"Halloween","subcategoria":"Disfraces Adulto","precio":10057.5,"destacado":false,"descripcion":"","imagen":"assets/products/CA-000000039114.webp","tags":["disfraz","adulto","adolescente","muñeco","maldito","crosti","art"]},{"id":"CA-000000057927","nombre":"DISFRAZ ADULTO/ADOLESCENTE PRISIONERO NARANJA  x1 CROSTI ART.236","categoria":"Halloween","subcategoria":"Disfraces Adulto","precio":9450.0,"destacado":false,"descripcion":"","imagen":"assets/products/CA-000000057927.webp","tags":["disfraz","adulto","adolescente","prisionero","naranja","crosti","art","236"]},{"id":"CA-779814781010","nombre":"DISFRAZ HALLOWEEN ADULTO/ADOLESCENTE PIRATA HOMBRE  CANDELA T1x1","categoria":"Halloween","subcategoria":"Disfraces Adulto","precio":16361.49,"destacado":false,"descripcion":"","imagen":"assets/products/CA-779814781010.webp","tags":["disfraz","halloween","adulto","adolescente","pirata","hombre","candela","t1x1"]},{"id":"CA-779814781434","nombre":"DISFRAZ HALLOWEEN ADULTO/ADOLESCENTE PIRATA HOMBRE CANDELA T2x1","categoria":"Halloween","subcategoria":"Disfraces Adulto","precio":16361.49,"destacado":false,"descripcion":"","imagen":"assets/products/CA-779814781434.webp","tags":["disfraz","halloween","adulto","adolescente","pirata","hombre","candela","t2x1"]},{"id":"CA-000000057528","nombre":"DISFRAZ HALLOWEEN MAMELUCO ADOLESCENTE/ADULTO BLANCO ECHYZOS x1","categoria":"Halloween","subcategoria":"Disfraces Adulto","precio":12792.6,"destacado":false,"descripcion":"","imagen":"assets/products/CA-000000057528.webp","tags":["disfraz","halloween","mameluco","adolescente","adulto","blanco","echyzos"]},{"id":"CA-000000057530","nombre":"DISFRAZ HALLOWEEN MAMELUCO ADOLESCENTE/ADULTO MARRON CLARO ECHYZOS x1","categoria":"Halloween","subcategoria":"Disfraces Adulto","precio":12792.6,"destacado":false,"descripcion":"","imagen":"assets/products/CA-000000057530.webp","tags":["disfraz","halloween","mameluco","adolescente","adulto","marron","claro","echyzos"]},{"id":"CA-000000057529","nombre":"DISFRAZ HALLOWEEN MAMELUCO ADOLESCENTE/ADULTO NEGRO ECHYZOS x1","categoria":"Halloween","subcategoria":"Disfraces Adulto","precio":12792.6,"destacado":false,"descripcion":"","imagen":"assets/products/CA-000000057529.webp","tags":["disfraz","halloween","mameluco","adolescente","adulto","negro","echyzos"]},{"id":"CA-000000057531","nombre":"DISFRAZ HALLOWEEN MAMELUCO ADULTO BLANCO ECHYZOS x1","categoria":"Halloween","subcategoria":"Disfraces Adulto","precio":15156.45,"destacado":false,"descripcion":"","imagen":"assets/products/CA-000000057531.webp","tags":["disfraz","halloween","mameluco","adulto","blanco","echyzos"]},{"id":"CA-000000057533","nombre":"DISFRAZ HALLOWEEN MAMELUCO ADULTO MARRON CLARO ECHYZOS x1","categoria":"Halloween","subcategoria":"Disfraces Adulto","precio":15156.45,"destacado":false,"descripcion":"","imagen":"assets/products/CA-000000057533.webp","tags":["disfraz","halloween","mameluco","adulto","marron","claro","echyzos"]},{"id":"CA-000000057532","nombre":"DISFRAZ HALLOWEEN MAMELUCO ADULTO NEGRO ECHYZOS x1","categoria":"Halloween","subcategoria":"Disfraces Adulto","precio":15156.45,"destacado":false,"descripcion":"","imagen":"assets/products/CA-000000057532.webp","tags":["disfraz","halloween","mameluco","adulto","negro","echyzos"]},{"id":"CA-000000057520","nombre":"DISFRAZ HALLOWEEN PAYASO IT PREMIUM ADULTO/ADOLESCENTE ECHYZOS x1","categoria":"Halloween","subcategoria":"Disfraces Adulto","precio":13626.9,"destacado":false,"descripcion":"","imagen":"assets/products/CA-000000057520.webp","tags":["disfraz","halloween","payaso","premium","adulto","adolescente","echyzos"]},{"id":"CA-000000053667","nombre":"DISFRAZ MONJA ADULTO/ADOLESCENTE CROSTI x1 art.205","categoria":"Halloween","subcategoria":"Disfraces Adulto","precio":15862.5,"destacado":false,"descripcion":"","imagen":"assets/products/CA-000000053667.webp","tags":["disfraz","monja","adulto","adolescente","crosti","art","205"]},{"id":"CA-000000053668","nombre":"DISFRAZ MONJA MALVADA ADULTO/ADOLESCENTE CROSTI x1 art.206","categoria":"Halloween","subcategoria":"Disfraces Adulto","precio":15862.5,"destacado":false,"descripcion":"","imagen":"assets/products/CA-000000053668.webp","tags":["disfraz","monja","malvada","adulto","adolescente","crosti","art","206"]},{"id":"CA-000000053670","nombre":"DISFRAZ PAYASA SANGRIENTA ADULTO/ADOLESCENTE CROSTI x1 art.222","categoria":"Halloween","subcategoria":"Disfraces Adulto","precio":11542.5,"destacado":false,"descripcion":"","imagen":"assets/products/CA-000000053670.webp","tags":["disfraz","payasa","sangrienta","adulto","adolescente","crosti","art","222"]},{"id":"CA-000000053669","nombre":"DISFRAZ PAYASO SANGRIENTO ADULTO/ADOLESCENTE CROSTI x1 art.221","categoria":"Halloween","subcategoria":"Disfraces Adulto","precio":16470.0,"destacado":false,"descripcion":"","imagen":"assets/products/CA-000000053669.webp","tags":["disfraz","payaso","sangriento","adulto","adolescente","crosti","art","221"]}]}