{"category_slug":"descartables","subcategory_slug":"cajas_bandejas_estuches_multiuso","page":4,"page_size":48,"total":167,"items":[{"id":"CA-000000042317","nombre":"CAJA PARA BOMBONES DORADA 1/4 x4u","categoria":"Descartables","subcategoria":"Cajas, Bandejas, Estuches Multiuso","precio":2953.5,"destacado":false,"descripcion":"","imagen":"assets/products/CA-000000042317.webp","tags":["caja","para","bombones","dorada","x4u"]},{"id":"CA-000000042316","nombre":"CAJA PARA BOMBONES NEGRA 1/4 x4u","categoria":"Descartables","subcategoria":"Cajas, Bandejas, Estuches Multiuso","precio":2806.88,"destacado":false,"descripcion":"","imagen":"assets/products/CA-000000042316.webp","tags":["caja","para","bombones","negra","x4u"]},{"id":"CA-000000044877","nombre":"CAJA PARA BOMBONES ROJA 20cm x 11,5cm  x4u","categoria":"Descartables","subcategoria":"Cajas, Bandejas, Estuches Multiuso","precio":3254.51,"destacado":false,"descripcion":"","imagen":"assets/products/CA-000000044877.webp","tags":["caja","para","bombones","roja","20cm","5cm","x4u"]},{"id":"CA-000000047110","nombre":"CAJA PARA HUEVO N°10 VISOR LATERAL DISEÑO CONEJOS PASCUAS x10u. aCARAMBIA","categoria":"Descartables","subcategoria":"Cajas, Bandejas, Estuches Multiuso","precio":5049.63,"destacado":false,"descripcion":"","imagen":"assets/products/CA-000000047110.webp","tags":["caja","para","huevo","visor","lateral","diseño","conejos","pascuas","x10u","acarambia"]},{"id":"CA-000000051177","nombre":"CAJA PARA MEDIO HUEVO RELLENO CON VISOR BLANCA N°15 x10u. CARAMBIA","categoria":"Descartables","subcategoria":"Cajas, Bandejas, Estuches Multiuso","precio":7050.93,"destacado":false,"descripcion":"","imagen":"assets/products/CA-000000051177.webp","tags":["caja","para","medio","huevo","relleno","con","visor","blanca","x10u","carambia"]},{"id":"CA-000000051178","nombre":"CAJA PARA MEDIO HUEVO RELLENO CON VISOR KRAFT N°15 x10u. CARAMBIA","categoria":"Descartables","subcategoria":"Cajas, Bandejas, Estuches Multiuso","precio":7341.42,"destacado":false,"descripcion":"","imagen":"assets/products/CA-000000051178.webp","tags":["caja","para","medio","huevo","relleno","con","visor","kraft","x10u","carambia"]},{"id":"CA-000000044016","nombre":"CAJA PARA TORTA MULTIUSO (24 x24 x10cm) MOLPACK x6  (G13)","categoria":"Descartables","subcategoria":"Cajas, Bandejas, Estuches Multiuso","precio":8610.84,"destacado":false,"descripcion":"","imagen":"assets/products/CA-000000044016.webp","tags":["caja","para","torta","multiuso","x24","x10cm","molpack","g13"]},{"id":"CA-000000044017","nombre":"CAJA PARA TORTA MULTIUSO (27 x27 x12cm) MOLPACK x6 (G5)","categoria":"Descartables","subcategoria":"Cajas, Bandejas, Estuches Multiuso","precio":9849.6,"destacado":false,"descripcion":"","imagen":"assets/products/CA-000000044017.webp","tags":["caja","para","torta","multiuso","x27","x12cm","molpack"]},{"id":"CA-000000044018","nombre":"CAJA PARA TORTA MULTIUSO (30 x30 x10cm) MOLPACK x6  (G6)","categoria":"Descartables","subcategoria":"Cajas, Bandejas, Estuches Multiuso","precio":9849.6,"destacado":false,"descripcion":"","imagen":"assets/products/CA-000000044018.webp","tags":["caja","para","torta","multiuso","x30","x10cm","molpack"]},{"id":"CA-000000056111","nombre":"CAJA PARA TORTA MULTIUSO BLANCA (25x25x15)1076x10 SOLUEM (G23)","categoria":"Descartables","subcategoria":"Cajas, Bandejas, Estuches Multiuso","precio":14437.24,"destacado":false,"descripcion":"","imagen":"assets/products/CA-000000056111.webp","tags":["caja","para","torta","multiuso","blanca","25x25x15","1076x10","soluem","g23"]},{"id":"CA-000000056110","nombre":"CAJA PARA TORTA MULTIUSO KRAFT 5016 (25x25x15) x10 SOLUEM (G17)","categoria":"Descartables","subcategoria":"Cajas, Bandejas, Estuches Multiuso","precio":6920.95,"destacado":false,"descripcion":"","imagen":"assets/products/CA-000000056110.webp","tags":["caja","para","torta","multiuso","kraft","5016","25x25x15","x10","soluem","g17"]},{"id":"CA-000000051213","nombre":"CAJA PASCUA CANASTITA SWEET BUNNY CON VISOR art.8020Sx10 u.SOLUEM","categoria":"Descartables","subcategoria":"Cajas, Bandejas, Estuches Multiuso","precio":4701.85,"destacado":false,"descripcion":"","imagen":"assets/products/CA-000000051213.webp","tags":["caja","pascua","canastita","sweet","bunny","con","visor","art","8020sx10","soluem"]},{"id":"CA-000000051212","nombre":"CAJA PASCUA CASITA SWEET BUNNY PARA CHOCOLATES art.4026Sx10 u.SOLUEM","categoria":"Descartables","subcategoria":"Cajas, Bandejas, Estuches Multiuso","precio":5005.19,"destacado":false,"descripcion":"","imagen":"assets/products/CA-000000051212.webp","tags":["caja","pascua","casita","sweet","bunny","para","chocolates","art","4026sx10","soluem"]},{"id":"CA-000000051217","nombre":"CAJA PASCUA SWEET BUNNY C/VISOR PARA CHOCOLATES art.8022 x10 u.SOLUEM","categoria":"Descartables","subcategoria":"Cajas, Bandejas, Estuches Multiuso","precio":5005.19,"destacado":false,"descripcion":"","imagen":"assets/products/CA-000000051217.webp","tags":["caja","pascua","sweet","bunny","visor","para","chocolates","art","8022","x10","soluem"]},{"id":"CA-000000055780","nombre":"CAJA ROSCA DE PASCUAS CHOCO CON TAPA DE ACETATO art.8040 x10 u.SOLUEM","categoria":"Descartables","subcategoria":"Cajas, Bandejas, Estuches Multiuso","precio":15849.78,"destacado":false,"descripcion":"","imagen":"assets/products/CA-000000055780.webp","tags":["caja","rosca","pascuas","choco","con","tapa","acetato","art","8040","x10","soluem"]},{"id":"CA-000000058605","nombre":"CAJA SORPRESA FELIZ SAN VALENTIN ROJA CON CORAZON 7028x10u.SOLUEM","categoria":"Descartables","subcategoria":"Cajas, Bandejas, Estuches Multiuso","precio":12690.0,"destacado":false,"descripcion":"NUEVO 17/12/2025","imagen":"assets/products/CA-000000058605.webp","tags":["caja","sorpresa","feliz","san","valentin","roja","con","corazon","7028x10u","soluem"]},{"id":"CA-000000017427","nombre":"CAJITA DE ACRILICO CON TAPA MULTIUSO (8x4Cm) x9u.","categoria":"Descartables","subcategoria":"Cajas, Bandejas, Estuches Multiuso","precio":2807.57,"destacado":false,"descripcion":"","imagen":"assets/products/CA-000000017427.webp","tags":["cajita","acrilico","con","tapa","multiuso","8x4cm","x9u"]},{"id":"CA-000000055398","nombre":"CONEJA BABY SURTIDA x6u.UPALALA","categoria":"Descartables","subcategoria":"Cajas, Bandejas, Estuches Multiuso","precio":2835.0,"destacado":false,"descripcion":"","imagen":"assets/products/CA-000000055398.webp","tags":["coneja","baby","surtida","x6u","upalala"]},{"id":"CA-000000055399","nombre":"CONEJO PORTA HUEVOS DE PASCUA CHICO COLORES SURTIDOS x6u.UPALALA","categoria":"Descartables","subcategoria":"Cajas, Bandejas, Estuches Multiuso","precio":2835.0,"destacado":false,"descripcion":"","imagen":"assets/products/CA-000000055399.webp","tags":["conejo","porta","huevos","pascua","chico","colores","surtidos","x6u","upalala"]},{"id":"CA-000000051216","nombre":"ESTUCHE PASCUA SWEET BUNNY PORTA HUEVO N°3/4 art.8023A x10 u.SOLUEM","categoria":"Descartables","subcategoria":"Cajas, Bandejas, Estuches Multiuso","precio":3336.8,"destacado":false,"descripcion":"","imagen":"assets/products/CA-000000051216.webp","tags":["estuche","pascua","sweet","bunny","porta","huevo","art","8023a","x10","soluem"]},{"id":"CA-000000056841","nombre":"MALETIN DIA DEL NIÑO FELIZ DIA ARCO IRIS (16x17x9.7) art.6007 x10 u.SOLUEM SERVI","categoria":"Descartables","subcategoria":"Cajas, Bandejas, Estuches Multiuso","precio":9252.02,"destacado":false,"descripcion":"","imagen":"assets/products/CA-000000056841.webp","tags":["maletin","dia","del","niño","feliz","dia","arco","iris","16x17x9","art","6007","x10"]},{"id":"CA-000000056842","nombre":"MALETIN FELICIDADES EN TU DIA FONDO DEL MAR (14x10x10)art.6008 C x10 u.SOLUEM SERVI","categoria":"Descartables","subcategoria":"Cajas, Bandejas, Estuches Multiuso","precio":8493.66,"destacado":false,"descripcion":"","imagen":"assets/products/CA-000000056842.webp","tags":["maletin","felicidades","dia","fondo","del","mar","14x10x10","art","6008","x10","soluem","servi"]},{"id":"CA-000000056843","nombre":"MALETIN FELIZ DIA DEL NIÑO OSITO EN EL BOSQUE(14x10x10)art.6008 x10 u.SOLUEM SERVI","categoria":"Descartables","subcategoria":"Cajas, Bandejas, Estuches Multiuso","precio":8334.9,"destacado":false,"descripcion":"","imagen":"assets/products/CA-000000056843.webp","tags":["maletin","feliz","dia","del","niño","osito","bosque","14x10x10","art","6008","x10","soluem"]}]}