{"category_slug":"descartables","subcategory_slug":"cajas_bandejas_estuches_multiuso","page":3,"page_size":48,"total":167,"items":[{"id":"CA-779387693028","nombre":"CAJA MULTIUSO CORAZON CON VENTANA 6 CUPCAKE CCCV010 x10u.(21x15x8cm) M10 (CH4)","categoria":"Descartables","subcategoria":"Cajas, Bandejas, Estuches Multiuso","precio":3516.29,"destacado":false,"descripcion":"","imagen":"assets/products/CA-779387693028.webp","tags":["caja","multiuso","corazon","con","ventana","cupcake","cccv010","x10u","21x15x8cm","m10","ch4"]},{"id":"CA-779387691127","nombre":"CAJA MULTIUSO CUADRADA MEDIANA CTMC001 (25 x25 x10cm) x25 M21 MEDORO (G20)","categoria":"Descartables","subcategoria":"Cajas, Bandejas, Estuches Multiuso","precio":13023.18,"destacado":false,"descripcion":"","imagen":"assets/products/CA-779387691127.webp","tags":["caja","multiuso","cuadrada","mediana","ctmc001","x25","x10cm","x25","m21","medoro","g20"]},{"id":"CA-000000056096","nombre":"CAJA MULTIUSO CUBO CON VISORES Y APLIQUE (BABY) x4u.CALUMI (M7)","categoria":"Descartables","subcategoria":"Cajas, Bandejas, Estuches Multiuso","precio":4698.0,"destacado":false,"descripcion":"","imagen":"assets/products/CA-000000056096.webp","tags":["caja","multiuso","cubo","con","visores","aplique","baby","x4u","calumi"]},{"id":"CA-000000049445","nombre":"CAJA MULTIUSO CUBO DIA DEL PADRE MODELOS SURTIDOS(12x12x12cm)x10u.CARAMBIA","categoria":"Descartables","subcategoria":"Cajas, Bandejas, Estuches Multiuso","precio":7752.31,"destacado":false,"descripcion":"","imagen":"assets/products/CA-000000049445.webp","tags":["caja","multiuso","cubo","dia","del","padre","modelos","surtidos","12x12x12cm","x10u","carambia"]},{"id":"CA-779387694934","nombre":"CAJA MULTIUSO DELIVERY KRAFT RECTANGULAR GRANDE CTADG025 (25 x17 x9cm) x25 MEDORO  (M1)","categoria":"Descartables","subcategoria":"Cajas, Bandejas, Estuches Multiuso","precio":6132.11,"destacado":false,"descripcion":"","imagen":"assets/products/CA-779387694934.webp","tags":["caja","multiuso","delivery","kraft","rectangular","grande","ctadg025","x17","x9cm","x25","medoro"]},{"id":"CA-000000058600","nombre":"CAJA MULTIUSO DIA DE LOS ENAMORADOS BLANCA CON CORAZONCITOS Y FRASE CON AMOR x10u.CARAMBIA","categoria":"Descartables","subcategoria":"Cajas, Bandejas, Estuches Multiuso","precio":9081.45,"destacado":false,"descripcion":"NUEVO 17/12/2025","imagen":"assets/products/CA-000000058600.webp","tags":["caja","multiuso","dia","los","enamorados","blanca","con","corazoncitos","frase","con","amor","x10u"]},{"id":"CA-000000050768","nombre":"CAJA MULTIUSO DIA DE LOS ENAMORADOS BLANCA CON CORAZONES Y VISOR x6u.CARAMBIA","categoria":"Descartables","subcategoria":"Cajas, Bandejas, Estuches Multiuso","precio":9930.74,"destacado":false,"descripcion":"* (15/12/2025)","imagen":"assets/products/CA-000000050768.webp","tags":["caja","multiuso","dia","los","enamorados","blanca","con","corazones","visor","x6u","carambia"]},{"id":"CA-000000050769","nombre":"CAJA MULTIUSO DIA DE LOS ENAMORADOS BOMBONES/CHOCOLATES CORAZONES CON FRASE n19 x6u.carambia","categoria":"Descartables","subcategoria":"Cajas, Bandejas, Estuches Multiuso","precio":3327.21,"destacado":false,"descripcion":"* (15/12/2025)","imagen":"assets/products/CA-000000050769.webp","tags":["caja","multiuso","dia","los","enamorados","bombones","chocolates","corazones","con","frase","n19","x6u"]},{"id":"CA-000000055268","nombre":"CAJA MULTIUSO DIA DE LOS ENAMORADOS CUBO ROJA CORAZONES CON VISOR n1 x10u.CARAMBIA","categoria":"Descartables","subcategoria":"Cajas, Bandejas, Estuches Multiuso","precio":8339.63,"destacado":false,"descripcion":"* (15/12/2025)","imagen":"assets/products/CA-000000055268.webp","tags":["caja","multiuso","dia","los","enamorados","cubo","roja","corazones","con","visor","x10u","carambia"]},{"id":"CA-000000055269","nombre":"CAJA MULTIUSO DIA DE LOS ENAMORADOS ROJA CON CORAZONES CON VISOR n3 x10u.CARAMBIA","categoria":"Descartables","subcategoria":"Cajas, Bandejas, Estuches Multiuso","precio":7089.66,"destacado":false,"descripcion":"* (15/12/2025)","imagen":"assets/products/CA-000000055269.webp","tags":["caja","multiuso","dia","los","enamorados","roja","con","corazones","con","visor","x10u","carambia"]},{"id":"CA-000000055267","nombre":"CAJA MULTIUSO DIA DE LOS ENAMORADOS ROJA CORAZON CON AMOR n6 x10u.CARAMBIA","categoria":"Descartables","subcategoria":"Cajas, Bandejas, Estuches Multiuso","precio":9132.08,"destacado":false,"descripcion":"* (15/12/2025)","imagen":"assets/products/CA-000000055267.webp","tags":["caja","multiuso","dia","los","enamorados","roja","corazon","con","amor","x10u","carambia"]},{"id":"CA-000000058601","nombre":"CAJA MULTIUSO DIA DE LOS ENAMORADOS ROJA HOLA(feliz dia) x10u.CARAMBIA","categoria":"Descartables","subcategoria":"Cajas, Bandejas, Estuches Multiuso","precio":3962.66,"destacado":false,"descripcion":"NUEVO 17/12/2025","imagen":"assets/products/CA-000000058601.webp","tags":["caja","multiuso","dia","los","enamorados","roja","hola","feliz","dia","x10u","carambia"]},{"id":"CA-000000056850","nombre":"CAJA MULTIUSO DIA DEL NIÑO CUBO CON VISORES Y APLIQUE FELIZ DIA x4u.CALUMI","categoria":"Descartables","subcategoria":"Cajas, Bandejas, Estuches Multiuso","precio":4536.0,"destacado":false,"descripcion":"","imagen":"assets/products/CA-000000056850.webp","tags":["caja","multiuso","dia","del","niño","cubo","con","visores","aplique","feliz","dia","x4u"]},{"id":"CA-000000056846","nombre":"CAJA MULTIUSO DIVERSION BOSQUE (20x20x9.8cm) art.1020 x 25u.CHO","categoria":"Descartables","subcategoria":"Cajas, Bandejas, Estuches Multiuso","precio":18976.79,"destacado":false,"descripcion":"","imagen":"assets/products/CA-000000056846.webp","tags":["caja","multiuso","diversion","bosque","20x20x9","8cm","art","1020","25u","cho"]},{"id":"CA-000000056113","nombre":"CAJA MULTIUSO DONNA KRAFT CON VISOR 5011 x10 SOLUEM (M3)","categoria":"Descartables","subcategoria":"Cajas, Bandejas, Estuches Multiuso","precio":8037.23,"destacado":false,"descripcion":"","imagen":"assets/products/CA-000000056113.webp","tags":["caja","multiuso","donna","kraft","con","visor","5011","x10","soluem"]},{"id":"CA-000000057663","nombre":"CAJA MULTIUSO FELICIDAD COOKIES/ALFAJORES/CHOCOLATES art539 x25 CHO","categoria":"Descartables","subcategoria":"Cajas, Bandejas, Estuches Multiuso","precio":10542.66,"destacado":false,"descripcion":"","imagen":"assets/products/CA-000000057663.webp","tags":["caja","multiuso","felicidad","cookies","alfajores","chocolates","art539","x25","cho"]},{"id":"CA-000000056848","nombre":"CAJA MULTIUSO FELIZ DIA BOSQUE (26x26x10cm) art.1019 x 25u.CHO","categoria":"Descartables","subcategoria":"Cajas, Bandejas, Estuches Multiuso","precio":21085.31,"destacado":false,"descripcion":"","imagen":"assets/products/CA-000000056848.webp","tags":["caja","multiuso","feliz","dia","bosque","26x26x10cm","art","1019","25u","cho"]},{"id":"CA-000000057661","nombre":"CAJA MULTIUSO FELIZ DIA ENTREGA ESPECIAL (26x26x10cm) art.1022 x 25u.CHO","categoria":"Descartables","subcategoria":"Cajas, Bandejas, Estuches Multiuso","precio":26046.56,"destacado":false,"descripcion":"","imagen":"assets/products/CA-000000057661.webp","tags":["caja","multiuso","feliz","dia","entrega","especial","26x26x10cm","art","1022","25u","cho"]},{"id":"CA-000000056849","nombre":"CAJA MULTIUSO FELIZ DIA FONDO DEL MAR (26x26x10cm) art.1016 x 25u.CHO","categoria":"Descartables","subcategoria":"Cajas, Bandejas, Estuches Multiuso","precio":21085.31,"destacado":false,"descripcion":"","imagen":"assets/products/CA-000000056849.webp","tags":["caja","multiuso","feliz","dia","fondo","del","mar","26x26x10cm","art","1016","25u","cho"]},{"id":"CA-000000057657","nombre":"CAJA MULTIUSO FELIZ DIA MAMA (20x20x9.8cm) art.1024x 25u.CHO","categoria":"Descartables","subcategoria":"Cajas, Bandejas, Estuches Multiuso","precio":22325.63,"destacado":false,"descripcion":"","imagen":"assets/products/CA-000000057657.webp","tags":["caja","multiuso","feliz","dia","mama","20x20x9","8cm","art","1024x","25u","cho"]},{"id":"CA-000000056350","nombre":"CAJA MULTIUSO FELIZ DIA PAPA CON RELIEVE (20x20x9.8cm) art.1011 x25u.CHO","categoria":"Descartables","subcategoria":"Cajas, Bandejas, Estuches Multiuso","precio":18976.79,"destacado":false,"descripcion":"","imagen":"assets/products/CA-000000056350.webp","tags":["caja","multiuso","feliz","dia","papa","con","relieve","20x20x9","8cm","art","1011","x25u"]},{"id":"CA-000000056349","nombre":"CAJA MULTIUSO FELIZ DIA PAPA POSTAL (26x26x10cm) art.1010x25u.CHO","categoria":"Descartables","subcategoria":"Cajas, Bandejas, Estuches Multiuso","precio":21085.31,"destacado":false,"descripcion":"","imagen":"assets/products/CA-000000056349.webp","tags":["caja","multiuso","feliz","dia","papa","postal","26x26x10cm","art","1010x25u","cho"]},{"id":"CA-000000057662","nombre":"CAJA MULTIUSO FLOR BEIGE MA (26x26x10cm) art.1023 x 25u.CHO","categoria":"Descartables","subcategoria":"Cajas, Bandejas, Estuches Multiuso","precio":26046.56,"destacado":false,"descripcion":"","imagen":"assets/products/CA-000000057662.webp","tags":["caja","multiuso","flor","beige","26x26x10cm","art","1023","25u","cho"]},{"id":"CA-000000051681","nombre":"CAJA MULTIUSO IMPRESA CON VISOR PAPA FELIZ DIA 9006 (26x17x9)x10 u.SOLUEM SERVI","categoria":"Descartables","subcategoria":"Cajas, Bandejas, Estuches Multiuso","precio":13041.0,"destacado":false,"descripcion":"","imagen":"assets/products/CA-000000051681.webp","tags":["caja","multiuso","impresa","con","visor","papa","feliz","dia","9006","26x17x9","x10","soluem"]},{"id":"CA-000000051682","nombre":"CAJA MULTIUSO IMPRESA DIA DEL PADRE ( 11x11) 9007x10 u.SOLUEM SERVI","categoria":"Descartables","subcategoria":"Cajas, Bandejas, Estuches Multiuso","precio":8405.78,"destacado":false,"descripcion":"","imagen":"assets/products/CA-000000051682.webp","tags":["caja","multiuso","impresa","dia","del","padre","11x11","9007x10","soluem","servi"]},{"id":"CA-000000056112","nombre":"CAJA MULTIUSO KRAFT DEGUSTACION TAPA DE ACETATO 5008 x10 u.SOLUEM (G2)","categoria":"Descartables","subcategoria":"Cajas, Bandejas, Estuches Multiuso","precio":11311.65,"destacado":false,"descripcion":"","imagen":"assets/products/CA-000000056112.webp","tags":["caja","multiuso","kraft","degustacion","tapa","acetato","5008","x10","soluem"]},{"id":"CA-000000051680","nombre":"CAJA MULTIUSO KRAFT FELIZ DIA PAPA 2333 x10 u.(32x25x10cm) MORRONI","categoria":"Descartables","subcategoria":"Cajas, Bandejas, Estuches Multiuso","precio":8788.5,"destacado":false,"descripcion":"","imagen":"assets/products/CA-000000051680.webp","tags":["caja","multiuso","kraft","feliz","dia","papa","2333","x10","32x25x10cm","morroni"]},{"id":"CA-000000051683","nombre":"CAJA MULTIUSO KRAFT PAPA 9023 (20x20x5)x10 u.SOLUEM SERVI","categoria":"Descartables","subcategoria":"Cajas, Bandejas, Estuches Multiuso","precio":9199.58,"destacado":false,"descripcion":"","imagen":"assets/products/CA-000000051683.webp","tags":["caja","multiuso","kraft","papa","9023","20x20x5","x10","soluem","servi"]},{"id":"CA-000000057613","nombre":"CAJA MULTIUSO LINEA FLORECE DEGUSTACION TAPA DE ACETATO 9209 x10 u.SOLUEM","categoria":"Descartables","subcategoria":"Cajas, Bandejas, Estuches Multiuso","precio":15167.25,"destacado":false,"descripcion":"","imagen":"assets/products/CA-000000057613.webp","tags":["caja","multiuso","linea","florece","degustacion","tapa","acetato","9209","x10","soluem"]},{"id":"CA-000000057617","nombre":"CAJA MULTIUSO LINEA FLORECE LOVE (10x10x5) 9222 C x10 SOLUEM","categoria":"Descartables","subcategoria":"Cajas, Bandejas, Estuches Multiuso","precio":5460.21,"destacado":false,"descripcion":"","imagen":"assets/products/CA-000000057617.webp","tags":["caja","multiuso","linea","florece","love","10x10x5","9222","x10","soluem"]},{"id":"CA-000000057614","nombre":"CAJA MULTIUSO LINEA FLORECE MACARONS CON VISOR 9223A x10 SOLUEM","categoria":"Descartables","subcategoria":"Cajas, Bandejas, Estuches Multiuso","precio":8615.0,"destacado":false,"descripcion":"","imagen":"assets/products/CA-000000057614.webp","tags":["caja","multiuso","linea","florece","macarons","con","visor","9223a","x10","soluem"]},{"id":"CA-000000057615","nombre":"CAJA MULTIUSO LINEA FLORECE MALETIN 9229 x10u.SOLUEM SERVI","categoria":"Descartables","subcategoria":"Cajas, Bandejas, Estuches Multiuso","precio":11982.13,"destacado":false,"descripcion":"","imagen":"assets/products/CA-000000057615.webp","tags":["caja","multiuso","linea","florece","maletin","9229","x10u","soluem","servi"]},{"id":"CA-000000057619","nombre":"CAJA MULTIUSO LINEA FLORECE MINI BOX 9207 A x10u.SOLUEM SERVI","categoria":"Descartables","subcategoria":"Cajas, Bandejas, Estuches Multiuso","precio":9600.88,"destacado":false,"descripcion":"","imagen":"assets/products/CA-000000057619.webp","tags":["caja","multiuso","linea","florece","mini","box","9207","x10u","soluem","servi"]},{"id":"CA-000000057616","nombre":"CAJA MULTIUSO LINEA FLORECE RECTANGULAR CON VISOR 9213x10 SOLUEM","categoria":"Descartables","subcategoria":"Cajas, Bandejas, Estuches Multiuso","precio":10617.08,"destacado":false,"descripcion":"","imagen":"assets/products/CA-000000057616.webp","tags":["caja","multiuso","linea","florece","rectangular","con","visor","9213x10","soluem"]},{"id":"CA-000000056355","nombre":"CAJA MULTIUSO MACARONS QUE LO DISFRUTES (21x5x5cm) art535x25 CHO (CH12)","categoria":"Descartables","subcategoria":"Cajas, Bandejas, Estuches Multiuso","precio":5421.94,"destacado":false,"descripcion":"","imagen":"assets/products/CA-000000056355.webp","tags":["caja","multiuso","macarons","que","disfrutes","21x5x5cm","art535x25","cho","ch12"]},{"id":"CA-779387697268","nombre":"CAJA MULTIUSO MALETIN BLANCO CON VISOR x25 CEMMGV001 MEDORO (G7)","categoria":"Descartables","subcategoria":"Cajas, Bandejas, Estuches Multiuso","precio":13023.18,"destacado":false,"descripcion":"","imagen":"assets/products/CA-779387697268.webp","tags":["caja","multiuso","maletin","blanco","con","visor","x25","cemmgv001","medoro"]},{"id":"CA-779387697966","nombre":"CAJA MULTIUSO MALETIN KRAFT CON MANIJA CEMM025 (19 x11 x11cm) x25 MEDORO (M11)","categoria":"Descartables","subcategoria":"Cajas, Bandejas, Estuches Multiuso","precio":3353.68,"destacado":false,"descripcion":"","imagen":"assets/products/CA-779387697966.webp","tags":["caja","multiuso","maletin","kraft","con","manija","cemm025","x11","x11cm","x25","medoro","m11"]},{"id":"CA-000000057658","nombre":"CAJA MULTIUSO MAMA' (20x20x9.8cm) art.1025x 25u.CHO","categoria":"Descartables","subcategoria":"Cajas, Bandejas, Estuches Multiuso","precio":22325.63,"destacado":false,"descripcion":"","imagen":"assets/products/CA-000000057658.webp","tags":["caja","multiuso","mama","20x20x9","8cm","art","1025x","25u","cho"]},{"id":"CA-000000056354","nombre":"CAJA MULTIUSO NEGRA (20x17x9.6cm) art521.x25 CHO (M8)","categoria":"Descartables","subcategoria":"Cajas, Bandejas, Estuches Multiuso","precio":13554.85,"destacado":false,"descripcion":"","imagen":"assets/products/CA-000000056354.webp","tags":["caja","multiuso","negra","20x17x9","6cm","art521","x25","cho"]},{"id":"CA-000000047781","nombre":"CAJA MULTIUSO PARA ALFAJORES BLANCA x10 CARAMBIA (M5)","categoria":"Descartables","subcategoria":"Cajas, Bandejas, Estuches Multiuso","precio":6722.5,"destacado":false,"descripcion":"","imagen":"assets/products/CA-000000047781.webp","tags":["caja","multiuso","para","alfajores","blanca","x10","carambia"]},{"id":"CA-000000047785","nombre":"CAJA MULTIUSO PARA MINI ALFAJOR/MACARRON CON VISOR BLANCA x10 CARAMBIA (CH2)","categoria":"Descartables","subcategoria":"Cajas, Bandejas, Estuches Multiuso","precio":4633.96,"destacado":false,"descripcion":"","imagen":"assets/products/CA-000000047785.webp","tags":["caja","multiuso","para","mini","alfajor","macarron","con","visor","blanca","x10","carambia","ch2"]},{"id":"CA-000000058606","nombre":"CAJA MULTIUSO ROJA CON CORAZONES BLANCOS COOKIE 7027 x10 u.SOLUEM","categoria":"Descartables","subcategoria":"Cajas, Bandejas, Estuches Multiuso","precio":6466.5,"destacado":false,"descripcion":"NUEVO 17/12/2025","imagen":"assets/products/CA-000000058606.webp","tags":["caja","multiuso","roja","con","corazones","blancos","cookie","7027","x10","soluem"]},{"id":"CA-000000057664","nombre":"CAJA MULTIUSO ROSA HECHO CON AMOR COOKIES/ALFAJORES/CHOCOLATES art540 x25 CHO","categoria":"Descartables","subcategoria":"Cajas, Bandejas, Estuches Multiuso","precio":10538.41,"destacado":false,"descripcion":"","imagen":"assets/products/CA-000000057664.webp","tags":["caja","multiuso","rosa","hecho","con","amor","cookies","alfajores","chocolates","art540","x25","cho"]},{"id":"CA-000000056908","nombre":"CAJA MULTIUSO SORPRESA FELIZ DIA DE LA NIÑEZ CON ANIMALITOS PARA COLOREAR x10u.MORRONI","categoria":"Descartables","subcategoria":"Cajas, Bandejas, Estuches Multiuso","precio":7087.5,"destacado":false,"descripcion":"","imagen":"assets/products/CA-000000056908.webp","tags":["caja","multiuso","sorpresa","feliz","dia","niñez","con","animalitos","para","colorear","x10u","morroni"]},{"id":"CA-000000057651","nombre":"CAJA MULTIUSO SORPRESA ROSA FELIZ DIA DE LA MADRE (17x17x10)CARAMBIA x10","categoria":"Descartables","subcategoria":"Cajas, Bandejas, Estuches Multiuso","precio":11337.88,"destacado":false,"descripcion":"","imagen":"assets/products/CA-000000057651.webp","tags":["caja","multiuso","sorpresa","rosa","feliz","dia","madre","17x17x10","carambia","x10"]},{"id":"CA-000000056352","nombre":"CAJA MULTIUSO TORTA CON VISOR VERDE PISTACHO (27x27x12cm) art.508 x25u.CHO (G4)","categoria":"Descartables","subcategoria":"Cajas, Bandejas, Estuches Multiuso","precio":21085.31,"destacado":false,"descripcion":"","imagen":"assets/products/CA-000000056352.webp","tags":["caja","multiuso","torta","con","visor","verde","pistacho","27x27x12cm","art","508","x25u","cho"]},{"id":"CA-000000035533","nombre":"CAJA PARA BOMBONES CON VISOR CORAZONES ROJOS 20cm x 11,5cm  x4u","categoria":"Descartables","subcategoria":"Cajas, Bandejas, Estuches Multiuso","precio":4106.5,"destacado":false,"descripcion":"","imagen":"assets/products/CA-000000035533.webp","tags":["caja","para","bombones","con","visor","corazones","rojos","20cm","5cm","x4u"]},{"id":"CA-000000036208","nombre":"CAJA PARA BOMBONES CON VISOR NEGRA 20cm x 11,5cm  x4u","categoria":"Descartables","subcategoria":"Cajas, Bandejas, Estuches Multiuso","precio":4106.5,"destacado":false,"descripcion":"","imagen":"assets/products/CA-000000036208.webp","tags":["caja","para","bombones","con","visor","negra","20cm","5cm","x4u"]}]}