{"category_slug":"golosinas","subcategory_slug":"galletitas_turrones_pochoclos_barritas_varios","page":1,"page_size":48,"total":39,"items":[{"id":"CA-779038001984","nombre":"ALMOHADITAS RELLENAS MANTECOL x180gr 1984","categoria":"Golosinas","subcategoria":"Galletitas/Turrones/Pochoclos/Barritas/Varios","precio":2154.57,"destacado":false,"descripcion":"* (19/12/2025)","imagen":"assets/products/CA-779038001984.webp","tags":["almohaditas","rellenas","mantecol","x180gr","1984"]},{"id":"CA-779038041619","nombre":"BARRITA DE CEREAL CON YOGUR GEORGALOSx20uni 2004","categoria":"Golosinas","subcategoria":"Galletitas/Turrones/Pochoclos/Barritas/Varios","precio":10055.11,"destacado":false,"descripcion":"* (19/12/2025)","imagen":"assets/products/CA-779038041619.webp","tags":["barrita","cereal","con","yogur","georgalosx20uni","2004"]},{"id":"CA-779038042017","nombre":"BARRITA DE CEREAL FRUTOS DEL BOSQUE CON YOGUR LIGHT GEORGALOSx20uni 2017","categoria":"Golosinas","subcategoria":"Galletitas/Turrones/Pochoclos/Barritas/Varios","precio":10055.11,"destacado":false,"descripcion":"* (19/12/2025)","imagen":"assets/products/CA-779038042017.webp","tags":["barrita","cereal","frutos","del","bosque","con","yogur","light","georgalosx20uni","2017"]},{"id":"CA-779038004828","nombre":"BARRITA DE CEREAL LIGHT MANZANA GEORGALOSx20uni 2005","categoria":"Golosinas","subcategoria":"Galletitas/Turrones/Pochoclos/Barritas/Varios","precio":10055.11,"destacado":false,"descripcion":"* (19/12/2025)","imagen":"assets/products/CA-779038004828.webp","tags":["barrita","cereal","light","manzana","georgalosx20uni","2005"]},{"id":"CA-779038042000","nombre":"BARRITA DE GRANOLA CON CHOCOLATE GEORGALOSx20uni 2000","categoria":"Golosinas","subcategoria":"Galletitas/Turrones/Pochoclos/Barritas/Varios","precio":10055.11,"destacado":false,"descripcion":"* (19/12/2025)","imagen":"assets/products/CA-779038042000.webp","tags":["barrita","granola","con","chocolate","georgalosx20uni","2000"]},{"id":"CA-762220174560","nombre":"GALLETITA OREO MILKA BAÑADA CHOCOLATE BLANCO  x119grs.","categoria":"Golosinas","subcategoria":"Galletitas/Turrones/Pochoclos/Barritas/Varios","precio":2774.96,"destacado":false,"descripcion":"","imagen":"assets/products/CA-762220174560.webp","tags":["galletita","oreo","milka","bañada","chocolate","blanco","x119grs"]},{"id":"CA-762220174036","nombre":"GALLETITA OREO MILKA BAÑADA CHOCOLATE CON LECHE x119grs.","categoria":"Golosinas","subcategoria":"Galletitas/Turrones/Pochoclos/Barritas/Varios","precio":2774.96,"destacado":false,"descripcion":"","imagen":"assets/products/CA-762220174036.webp","tags":["galletita","oreo","milka","bañada","chocolate","con","leche","x119grs"]},{"id":"CA-17790040142982","nombre":"GALLETITAS CHOCOLINAS SABOR CHOCOLATE BLANCO x245 grs (BULTO 25x245grs.)  1014298","categoria":"Golosinas","subcategoria":"Galletitas/Turrones/Pochoclos/Barritas/Varios","precio":37699.69,"destacado":false,"descripcion":"* (19/12/2025)","imagen":"assets/products/CA-17790040142982.webp","tags":["galletitas","chocolinas","sabor","chocolate","blanco","x245","grs","bulto","25x245grs","1014298"]},{"id":"CA-779004014298","nombre":"GALLETITAS CHOCOLINAS SABOR CHOCOLATE BLANCO x245 grs 1014298","categoria":"Golosinas","subcategoria":"Galletitas/Turrones/Pochoclos/Barritas/Varios","precio":1507.99,"destacado":false,"descripcion":"* (19/12/2025)","imagen":"assets/products/CA-779004014298.webp","tags":["galletitas","chocolinas","sabor","chocolate","blanco","x245","grs","1014298"]},{"id":"CA-17790040142999","nombre":"GALLETITAS CHOCOLINAS SABOR NEGRO INTENSO x258 grs (BULTO 25x258grs.)  1014299","categoria":"Golosinas","subcategoria":"Galletitas/Turrones/Pochoclos/Barritas/Varios","precio":37699.69,"destacado":false,"descripcion":"* (19/12/2025)","imagen":"assets/products/CA-17790040142999.webp","tags":["galletitas","chocolinas","sabor","negro","intenso","x258","grs","bulto","25x258grs","1014299"]},{"id":"CA-779004014299","nombre":"GALLETITAS CHOCOLINAS SABOR NEGRO INTENSO x258grs 1014299","categoria":"Golosinas","subcategoria":"Galletitas/Turrones/Pochoclos/Barritas/Varios","precio":1507.99,"destacado":false,"descripcion":"* (19/12/2025)","imagen":"assets/products/CA-779004014299.webp","tags":["galletitas","chocolinas","sabor","negro","intenso","x258grs","1014299"]},{"id":"CA-779004014323","nombre":"GALLETITAS CHOCOLINAS x250 grs. 14323","categoria":"Golosinas","subcategoria":"Galletitas/Turrones/Pochoclos/Barritas/Varios","precio":1507.99,"destacado":false,"descripcion":"* (19/12/2025)","imagen":"assets/products/CA-779004014323.webp","tags":["galletitas","chocolinas","x250","grs","14323"]},{"id":"CA-17790040143231","nombre":"GALLETITAS CHOCOLINAS x250 grs.(BULTO 25x250grs.)  14323","categoria":"Golosinas","subcategoria":"Galletitas/Turrones/Pochoclos/Barritas/Varios","precio":37699.69,"destacado":false,"descripcion":"* (19/12/2025)","imagen":"assets/products/CA-17790040143231.webp","tags":["galletitas","chocolinas","x250","grs","bulto","25x250grs","14323"]},{"id":"CA-762230081909","nombre":"GALLETITAS MINI OREO x600grs","categoria":"Golosinas","subcategoria":"Galletitas/Turrones/Pochoclos/Barritas/Varios","precio":4990.91,"destacado":false,"descripcion":"","imagen":"assets/products/CA-762230081909.webp","tags":["galletitas","mini","oreo","x600grs"]},{"id":"CA-17622300819085","nombre":"GALLETITAS MINI OREO x600grs (BULTO x10paq)","categoria":"Golosinas","subcategoria":"Galletitas/Turrones/Pochoclos/Barritas/Varios","precio":49152.87,"destacado":false,"descripcion":"","imagen":"assets/products/CA-17622300819085.webp","tags":["galletitas","mini","oreo","x600grs","bulto","x10paq"]},{"id":"CA-762220173527","nombre":"GALLETITAS OREO  x118 grs","categoria":"Golosinas","subcategoria":"Galletitas/Turrones/Pochoclos/Barritas/Varios","precio":1357.38,"destacado":false,"descripcion":"","imagen":"assets/products/CA-762220173527.webp","tags":["galletitas","oreo","x118","grs"]},{"id":"CA-762220173529","nombre":"GALLETITAS OREO  x118grs","categoria":"Golosinas","subcategoria":"Galletitas/Turrones/Pochoclos/Barritas/Varios","precio":1357.38,"destacado":false,"descripcion":"","imagen":"assets/products/CA-762220173529.webp","tags":["galletitas","oreo","x118grs"]},{"id":"CA-17622201735286","nombre":"GALLETITAS OREO  x118grs  (BULTO x36paq)","categoria":"Golosinas","subcategoria":"Galletitas/Turrones/Pochoclos/Barritas/Varios","precio":48096.0,"destacado":false,"descripcion":"","imagen":"assets/products/CA-17622201735286.webp","tags":["galletitas","oreo","x118grs","bulto","x36paq"]},{"id":"CA-17622201735262","nombre":"GALLETITAS OREO  x118grs (BULTO x36paq)","categoria":"Golosinas","subcategoria":"Galletitas/Turrones/Pochoclos/Barritas/Varios","precio":48096.0,"destacado":false,"descripcion":"","imagen":"assets/products/CA-17622201735262.webp","tags":["galletitas","oreo","x118grs","bulto","x36paq"]},{"id":"CA-762220173525","nombre":"GALLETITAS OREO TRIPACK x354gr","categoria":"Golosinas","subcategoria":"Galletitas/Turrones/Pochoclos/Barritas/Varios","precio":3668.62,"destacado":false,"descripcion":"","imagen":"assets/products/CA-762220173525.webp","tags":["galletitas","oreo","tripack","x354gr"]},{"id":"CA-17622201735248","nombre":"GALLETITAS OREO TRIPACK x354gr  (BULTO x12paq)","categoria":"Golosinas","subcategoria":"Galletitas/Turrones/Pochoclos/Barritas/Varios","precio":43330.1,"destacado":false,"descripcion":"","imagen":"assets/products/CA-17622201735248.webp","tags":["galletitas","oreo","tripack","x354gr","bulto","x12paq"]},{"id":"CA-779814911108","nombre":"GALLINITAS PLIN PLAN PLUN x25","categoria":"Golosinas","subcategoria":"Galletitas/Turrones/Pochoclos/Barritas/Varios","precio":3511.27,"destacado":false,"descripcion":"* (09/12/2025)","imagen":"assets/products/CA-779814911108.webp","tags":["gallinitas","plin","plan","plun","x25"]},{"id":"CA-779814911110","nombre":"HELADITOS PLIN PLAN PLUN x25","categoria":"Golosinas","subcategoria":"Galletitas/Turrones/Pochoclos/Barritas/Varios","precio":3074.89,"destacado":false,"descripcion":"* (09/12/2025)","imagen":"assets/products/CA-779814911110.webp","tags":["heladitos","plin","plan","plun","x25"]},{"id":"CA-000000999167","nombre":"MIELCITA CHICA  x50","categoria":"Golosinas","subcategoria":"Galletitas/Turrones/Pochoclos/Barritas/Varios","precio":2803.02,"destacado":false,"descripcion":"","imagen":"assets/products/CA-000000999167.webp","tags":["mielcita","chica","x50"]},{"id":"CA-779814911045","nombre":"MIELCITA GRANDE PLIN PLAN PLUN x50 uni.","categoria":"Golosinas","subcategoria":"Galletitas/Turrones/Pochoclos/Barritas/Varios","precio":3837.22,"destacado":false,"descripcion":"* (09/12/2025)","imagen":"assets/products/CA-779814911045.webp","tags":["mielcita","grande","plin","plan","plun","x50","uni"]},{"id":"CA-779806858194","nombre":"POCHOCLO DULCE MAXI FIESTA READY POP x280grs","categoria":"Golosinas","subcategoria":"Galletitas/Turrones/Pochoclos/Barritas/Varios","precio":2980.12,"destacado":false,"descripcion":"","imagen":"assets/products/CA-779806858194.webp","tags":["pochoclo","dulce","maxi","fiesta","ready","pop","x280grs"]},{"id":"CA-17798068581943","nombre":"POCHOCLO DULCE MAXI FIESTA READY POP x280grs  (BULTOx10)","categoria":"Golosinas","subcategoria":"Galletitas/Turrones/Pochoclos/Barritas/Varios","precio":28655.0,"destacado":false,"descripcion":"","imagen":"assets/products/CA-17798068581943.webp","tags":["pochoclo","dulce","maxi","fiesta","ready","pop","x280grs","bultox10"]},{"id":"CA-17790040152806","nombre":"TUPPER CHOCOLINA ESPECIAL CHOCOTORTA 3x170gr (BULTO x6) 5280","categoria":"Golosinas","subcategoria":"Galletitas/Turrones/Pochoclos/Barritas/Varios","precio":75399.45,"destacado":false,"descripcion":"","imagen":"assets/products/CA-17790040152806.webp","tags":["tupper","chocolina","especial","chocotorta","3x170gr","bulto","5280"]},{"id":"CA-779004015280","nombre":"TUPPER CHOCOLINA ESPECIAL CHOCOTORTA 3x170gr x1 5280","categoria":"Golosinas","subcategoria":"Galletitas/Turrones/Pochoclos/Barritas/Varios","precio":12566.58,"destacado":false,"descripcion":"","imagen":"assets/products/CA-779004015280.webp","tags":["tupper","chocolina","especial","chocotorta","3x170gr","5280"]},{"id":"CA-17798186032921","nombre":"TURRON BILLIKEN SIN TACC 25gr. x 50u 378526","categoria":"Golosinas","subcategoria":"Galletitas/Turrones/Pochoclos/Barritas/Varios","precio":8236.68,"destacado":false,"descripcion":"","imagen":"assets/products/CA-17798186032921.webp","tags":["turron","billiken","sin","tacc","25gr","50u","378526"]},{"id":"CA-17790580401310","nombre":"TURRON MANI ARCOR 25gr x50 4013","categoria":"Golosinas","subcategoria":"Galletitas/Turrones/Pochoclos/Barritas/Varios","precio":10487.18,"destacado":false,"descripcion":"* (19/12/2025)","imagen":"assets/products/CA-17790580401310.webp","tags":["turron","mani","arcor","25gr","x50","4013"]},{"id":"CA-77790580401305","nombre":"TURRON MANI ARCOR x25gr (BULTO 4x50) 4013","categoria":"Golosinas","subcategoria":"Galletitas/Turrones/Pochoclos/Barritas/Varios","precio":41948.69,"destacado":false,"descripcion":"* (19/12/2025)","imagen":"assets/products/CA-77790580401305.webp","tags":["turron","mani","arcor","x25gr","bulto","4x50","4013"]},{"id":"CA-17790580401402","nombre":"TURRON MISKY (ARCOR) 25gr x50uni 4014","categoria":"Golosinas","subcategoria":"Galletitas/Turrones/Pochoclos/Barritas/Varios","precio":6998.6,"destacado":false,"descripcion":"* (19/12/2025)","imagen":"assets/products/CA-17790580401402.webp","tags":["turron","misky","arcor","25gr","x50uni","4014"]},{"id":"CA-77790580401404","nombre":"TURRON MISKY (ARCOR) BULTO (4 x50uni)  4014","categoria":"Golosinas","subcategoria":"Galletitas/Turrones/Pochoclos/Barritas/Varios","precio":27994.38,"destacado":false,"descripcion":"* (19/12/2025)","imagen":"assets/products/CA-77790580401404.webp","tags":["turron","misky","arcor","bulto","x50uni","4014"]},{"id":"CA-17793123010208","nombre":"TURRON TURROC RELLENO CON MARROC OBLITA x48u 1020","categoria":"Golosinas","subcategoria":"Galletitas/Turrones/Pochoclos/Barritas/Varios","precio":5621.17,"destacado":false,"descripcion":"","imagen":"assets/products/CA-17793123010208.webp","tags":["turron","turroc","relleno","con","marroc","oblita","x48u","1020"]},{"id":"CA-779814911103","nombre":"TURRONCITO DE ARROZ INFLADO PLIN PLAN PLUN x20","categoria":"Golosinas","subcategoria":"Galletitas/Turrones/Pochoclos/Barritas/Varios","precio":3154.97,"destacado":false,"descripcion":"* (09/12/2025)","imagen":"assets/products/CA-779814911103.webp","tags":["turroncito","arroz","inflado","plin","plan","plun","x20"]},{"id":"CA-779552240515","nombre":"TURRONITO DE OBLEA PALMESANO x200g (16un.x12.5g)","categoria":"Golosinas","subcategoria":"Galletitas/Turrones/Pochoclos/Barritas/Varios","precio":1848.94,"destacado":false,"descripcion":"","imagen":"assets/products/CA-779552240515.webp","tags":["turronito","oblea","palmesano","x200g","16un","x12"]},{"id":"CA-779814911217","nombre":"TUTUCA PLIN PLAN PLUN 20x15grs.","categoria":"Golosinas","subcategoria":"Galletitas/Turrones/Pochoclos/Barritas/Varios","precio":2376.4,"destacado":false,"descripcion":"","imagen":"assets/products/CA-779814911217.webp","tags":["tutuca","plin","plan","plun","20x15grs"]},{"id":"CA-779814911188","nombre":"TUTUCA PLIN PLAN PLUN x700grs.","categoria":"Golosinas","subcategoria":"Galletitas/Turrones/Pochoclos/Barritas/Varios","precio":4431.48,"destacado":false,"descripcion":"","imagen":"assets/products/CA-779814911188.webp","tags":["tutuca","plin","plan","plun","x700grs"]}]}