{"category_slug":"comunion_confirmacion","subcategory_slug":"accesorios","page":1,"page_size":48,"total":50,"items":[{"id":"CA-000000052898","nombre":"BANDOLERA LIMOSNERA DE TELA COMUNION ART.810 x1","categoria":"Comunion/Confirmacion","subcategoria":"Accesorios","precio":3307.5,"destacado":false,"descripcion":"","imagen":"assets/products/CA-000000052898.webp","tags":["bandolera","limosnera","tela","comunion","art","810"]},{"id":"CA-643131507448","nombre":"BOLSA CON FUELLE STAMPING COMUNION x10","categoria":"Comunion/Confirmacion","subcategoria":"Accesorios","precio":2114.64,"destacado":false,"descripcion":"","imagen":"assets/products/CA-643131507448.webp","tags":["bolsa","con","fuelle","stamping","comunion","x10"]},{"id":"CA-000000042477","nombre":"CALIZ CHATO CON HOSTIA Y STICKERS X 24 UNIDADES","categoria":"Comunion/Confirmacion","subcategoria":"Accesorios","precio":1646.96,"destacado":false,"descripcion":"","imagen":"assets/products/CA-000000042477.webp","tags":["caliz","chato","con","hostia","stickers","unidades"]},{"id":"CA-000000006835","nombre":"CALIZ CHICO DORADO x24","categoria":"Comunion/Confirmacion","subcategoria":"Accesorios","precio":2025.0,"destacado":false,"descripcion":"","imagen":"assets/products/CA-000000006835.webp","tags":["caliz","chico","dorado","x24"]},{"id":"CA-000000053814","nombre":"CALIZ CON HOSTIA x1u.","categoria":"Comunion/Confirmacion","subcategoria":"Accesorios","precio":607.5,"destacado":false,"descripcion":"","imagen":"assets/products/CA-000000053814.webp","tags":["caliz","con","hostia","x1u"]},{"id":"CA-000000000659","nombre":"CALIZ MINIx36","categoria":"Comunion/Confirmacion","subcategoria":"Accesorios","precio":1507.82,"destacado":false,"descripcion":"","imagen":"assets/products/CA-000000000659.webp","tags":["caliz","minix36"]},{"id":"CA-000000042235","nombre":"CANASTA COMUNION CORAZON PASAMANERIA Y FLORES C/STRASS x1 ART 650 VS","categoria":"Comunion/Confirmacion","subcategoria":"Accesorios","precio":4387.5,"destacado":false,"descripcion":"","imagen":"assets/products/CA-000000042235.webp","tags":["canasta","comunion","corazon","pasamaneria","flores","strass","art","650"]},{"id":"CA-000000042234","nombre":"CANASTA COMUNION RECTANGULAR C/TAPA FLORES C/STRASS x1 ART850 VS","categoria":"Comunion/Confirmacion","subcategoria":"Accesorios","precio":4657.5,"destacado":false,"descripcion":"","imagen":"assets/products/CA-000000042234.webp","tags":["canasta","comunion","rectangular","tapa","flores","strass","art850"]},{"id":"CA-000000042233","nombre":"CANASTA COMUNION RECTANGULAR PASAMANERIA Y FLORES C/STRASS x1 ART670 VS","categoria":"Comunion/Confirmacion","subcategoria":"Accesorios","precio":4387.5,"destacado":false,"descripcion":"","imagen":"assets/products/CA-000000042233.webp","tags":["canasta","comunion","rectangular","pasamaneria","flores","strass","art670"]},{"id":"CA-000000000295","nombre":"COPITA COMUNION DORADAx36","categoria":"Comunion/Confirmacion","subcategoria":"Accesorios","precio":1852.07,"destacado":false,"descripcion":"","imagen":"assets/products/CA-000000000295.webp","tags":["copita","comunion","doradax36"]},{"id":"CA-000000052893","nombre":"CORONA CON PERLAS DOBLE FLORES Y CINTAS COMUNION ART.105 x1u.","categoria":"Comunion/Confirmacion","subcategoria":"Accesorios","precio":3577.5,"destacado":false,"descripcion":"","imagen":"assets/products/CA-000000052893.webp","tags":["corona","con","perlas","doble","flores","cintas","comunion","art","105","x1u"]},{"id":"CA-000000052892","nombre":"CORONA CON PERLAS FLORES Y CINTA COMUNION ART.100 x1u.","categoria":"Comunion/Confirmacion","subcategoria":"Accesorios","precio":2997.0,"destacado":false,"descripcion":"","imagen":"assets/products/CA-000000052892.webp","tags":["corona","con","perlas","flores","cinta","comunion","art","100","x1u"]},{"id":"CA-000000003372","nombre":"CRUZ DORADA GRANDE SOL Y CALIZ x12","categoria":"Comunion/Confirmacion","subcategoria":"Accesorios","precio":2025.0,"destacado":false,"descripcion":"","imagen":"assets/products/CA-000000003372.webp","tags":["cruz","dorada","grande","sol","caliz","x12"]},{"id":"CA-000000053815","nombre":"CRUZ PLASTICA DORADAx100u.","categoria":"Comunion/Confirmacion","subcategoria":"Accesorios","precio":1647.0,"destacado":false,"descripcion":"","imagen":"assets/products/CA-000000053815.webp","tags":["cruz","plastica","doradax100u"]},{"id":"CA-000000042240","nombre":"HEBILLA CON FLORES CINTAS Y STRASS COMUNION ART30/40 VS x1u.","categoria":"Comunion/Confirmacion","subcategoria":"Accesorios","precio":2970.0,"destacado":false,"descripcion":"","imagen":"assets/products/CA-000000042240.webp","tags":["hebilla","con","flores","cintas","strass","comunion","art30","x1u"]},{"id":"CA-000000052074","nombre":"HOSTIAS AMARILLAS X 300  UNIDADES","categoria":"Comunion/Confirmacion","subcategoria":"Accesorios","precio":5265.0,"destacado":false,"descripcion":"","imagen":"assets/products/CA-000000052074.webp","tags":["hostias","amarillas","300","unidades"]},{"id":"CA-000000042246","nombre":"HOSTIAS BLANCAS X 300 UNIDADES","categoria":"Comunion/Confirmacion","subcategoria":"Accesorios","precio":4995.0,"destacado":false,"descripcion":"","imagen":"assets/products/CA-000000042246.webp","tags":["hostias","blancas","300","unidades"]},{"id":"CA-000000052897","nombre":"LIMOSNERA CARTERITA DE COMUNION DE GASA CON PERLAS ART.410x1","categoria":"Comunion/Confirmacion","subcategoria":"Accesorios","precio":3307.5,"destacado":false,"descripcion":"","imagen":"assets/products/CA-000000052897.webp","tags":["limosnera","carterita","comunion","gasa","con","perlas","art","410x1"]},{"id":"CA-000000052896","nombre":"LIMOSNERA CARTERITA DE COMUNION DE TELA CON PUNTILLA ART.800 x1","categoria":"Comunion/Confirmacion","subcategoria":"Accesorios","precio":3307.5,"destacado":false,"descripcion":"","imagen":"assets/products/CA-000000052896.webp","tags":["limosnera","carterita","comunion","tela","con","puntilla","art","800"]},{"id":"CA-000000042237","nombre":"LIMOSNERA COMUNION FLORES C/STRASS x1 ART 300 VS","categoria":"Comunion/Confirmacion","subcategoria":"Accesorios","precio":3037.5,"destacado":false,"descripcion":"","imagen":"assets/products/CA-000000042237.webp","tags":["limosnera","comunion","flores","strass","art","300"]},{"id":"CA-000000042238","nombre":"LIMOSNERA COMUNION PASAMANERIA Y FLORES C/STRASS x1 ART 310 VS","categoria":"Comunion/Confirmacion","subcategoria":"Accesorios","precio":3307.5,"destacado":false,"descripcion":"","imagen":"assets/products/CA-000000042238.webp","tags":["limosnera","comunion","pasamaneria","flores","strass","art","310"]},{"id":"CA-000000009519","nombre":"MISAL PORTA ESTAMPA COMUNION 3033","categoria":"Comunion/Confirmacion","subcategoria":"Accesorios","precio":1677.2,"destacado":false,"descripcion":"","imagen":"assets/products/CA-000000009519.webp","tags":["misal","porta","estampa","comunion","3033"]},{"id":"CA-000000056786","nombre":"MOÑO BRAZAL COMUNION art.121 x1u.","categoria":"Comunion/Confirmacion","subcategoria":"Accesorios","precio":2700.0,"destacado":false,"descripcion":"","imagen":"assets/products/CA-000000056786.webp","tags":["moño","brazal","comunion","art","121","x1u"]},{"id":"CA-000000056793","nombre":"MOÑO BRAZAL COMUNION ESTAMPADO DORADO art.123 x1u.","categoria":"Comunion/Confirmacion","subcategoria":"Accesorios","precio":2970.0,"destacado":false,"descripcion":"","imagen":"assets/products/CA-000000056793.webp","tags":["moño","brazal","comunion","estampado","dorado","art","123","x1u"]},{"id":"CA-000000042239","nombre":"MOÑO DE RASO CON HEBILLA FLORES Y CINTA  x1 ART10/20 VS","categoria":"Comunion/Confirmacion","subcategoria":"Accesorios","precio":3064.5,"destacado":false,"descripcion":"","imagen":"assets/products/CA-000000042239.webp","tags":["moño","raso","con","hebilla","flores","cinta","art10"]},{"id":"CA-000000052895","nombre":"MOÑO RASO CON PERLAS COMUNION ART.460 x1u.","categoria":"Comunion/Confirmacion","subcategoria":"Accesorios","precio":2970.0,"destacado":false,"descripcion":"","imagen":"assets/products/CA-000000052895.webp","tags":["moño","raso","con","perlas","comunion","art","460","x1u"]},{"id":"CA-779905100922","nombre":"PINCHE PARA FOTO COMUNION x10(PROPS) 9185 GOLD MUNDO","categoria":"Comunion/Confirmacion","subcategoria":"Accesorios","precio":1423.44,"destacado":false,"descripcion":"","imagen":"assets/products/CA-779905100922.webp","tags":["pinche","para","foto","comunion","x10","props","9185","gold","mundo"]},{"id":"CA-000000029235","nombre":"PIROTIN CUPCAKE Nº10 COMUNION (CONVIDA) CAJA x500","categoria":"Comunion/Confirmacion","subcategoria":"Accesorios","precio":12593.6,"destacado":false,"descripcion":"","imagen":"assets/products/CA-000000029235.webp","tags":["pirotin","cupcake","nº10","comunion","convida","caja","x500"]},{"id":"CA-000000041302","nombre":"PLANCHA DE HOSTIA BLANCA X 5 UNIDADES","categoria":"Comunion/Confirmacion","subcategoria":"Accesorios","precio":6500.0,"destacado":false,"descripcion":"","imagen":"assets/products/CA-000000041302.webp","tags":["plancha","hostia","blanca","unidades"]},{"id":"CA-000000001527","nombre":"ROSARIO (DENARIO) ARROZ CRUZ DORADA x10 MARIELA","categoria":"Comunion/Confirmacion","subcategoria":"Accesorios","precio":13440.0,"destacado":false,"descripcion":"","imagen":"assets/products/CA-000000001527.webp","tags":["rosario","denario","arroz","cruz","dorada","x10","mariela"]},{"id":"CA-000000035987","nombre":"ROSARIO (DENARIO) ARROZ CRUZ PLATEADAx10 MARIELA","categoria":"Comunion/Confirmacion","subcategoria":"Accesorios","precio":13440.0,"destacado":false,"descripcion":"","imagen":"assets/products/CA-000000035987.webp","tags":["rosario","denario","arroz","cruz","plateadax10","mariela"]},{"id":"CA-000000040131","nombre":"ROSARIO (DENARIO) PERLADO PERLAS BLANCAS CRUZ PLATEADO x 4 MARIELA","categoria":"Comunion/Confirmacion","subcategoria":"Accesorios","precio":5824.0,"destacado":false,"descripcion":"","imagen":"assets/products/CA-000000040131.webp","tags":["rosario","denario","perlado","perlas","blancas","cruz","plateado","mariela"]},{"id":"CA-000000040130","nombre":"ROSARIO (DENARIO) PERLADO PERLAS CELESTES CRUZ PLATEADOx 4 MARIELA","categoria":"Comunion/Confirmacion","subcategoria":"Accesorios","precio":5824.0,"destacado":false,"descripcion":"","imagen":"assets/products/CA-000000040130.webp","tags":["rosario","denario","perlado","perlas","celestes","cruz","plateadox","mariela"]},{"id":"CA-000000040129","nombre":"ROSARIO (DENARIO) PERLADO PERLAS ROSA CRUZ PLATEADO x 4 MARIELA","categoria":"Comunion/Confirmacion","subcategoria":"Accesorios","precio":5824.0,"destacado":false,"descripcion":"","imagen":"assets/products/CA-000000040129.webp","tags":["rosario","denario","perlado","perlas","rosa","cruz","plateado","mariela"]},{"id":"CA-000000028799","nombre":"ROSARIO (DENARIO) PERLAS BLANCAS CHICAS CON CRUZ DORADA x10 MARIELA","categoria":"Comunion/Confirmacion","subcategoria":"Accesorios","precio":13440.0,"destacado":false,"descripcion":"","imagen":"assets/products/CA-000000028799.webp","tags":["rosario","denario","perlas","blancas","chicas","con","cruz","dorada","x10","mariela"]},{"id":"CA-000000035988","nombre":"ROSARIO (DENARIO) PERLAS BLANCAS CHICAS CON CRUZ PLATEADAx10 MARIELA","categoria":"Comunion/Confirmacion","subcategoria":"Accesorios","precio":13440.0,"destacado":false,"descripcion":"","imagen":"assets/products/CA-000000035988.webp","tags":["rosario","denario","perlas","blancas","chicas","con","cruz","plateadax10","mariela"]},{"id":"CA-000000040128","nombre":"ROSARIO (DENARIO) PERLAS CELESTE PASTEL CRUZ PLATEADO x 4 MARIELA","categoria":"Comunion/Confirmacion","subcategoria":"Accesorios","precio":5824.0,"destacado":false,"descripcion":"","imagen":"assets/products/CA-000000040128.webp","tags":["rosario","denario","perlas","celeste","pastel","cruz","plateado","mariela"]},{"id":"CA-000000040126","nombre":"ROSARIO (DENARIO) PERLAS ROSA PASTEL CRUZ PLATEADO x 4 MARIELA","categoria":"Comunion/Confirmacion","subcategoria":"Accesorios","precio":5824.0,"destacado":false,"descripcion":"","imagen":"assets/products/CA-000000040126.webp","tags":["rosario","denario","perlas","rosa","pastel","cruz","plateado","mariela"]},{"id":"CA-000000015754","nombre":"ROSARIO GRANDE BLANCO/OPALINA  x1u. GUSTAVO ARCELLA","categoria":"Comunion/Confirmacion","subcategoria":"Accesorios","precio":2044.0,"destacado":false,"descripcion":"","imagen":"assets/products/CA-000000015754.webp","tags":["rosario","grande","blanco","opalina","x1u","gustavo","arcella"]},{"id":"CA-000000015755","nombre":"ROSARIO GRANDE CRISTAL x1 GUSTAVO ARCELLA","categoria":"Comunion/Confirmacion","subcategoria":"Accesorios","precio":2044.0,"destacado":false,"descripcion":"","imagen":"assets/products/CA-000000015755.webp","tags":["rosario","grande","cristal","gustavo","arcella"]},{"id":"CA-000000056253","nombre":"ROSARIO(DENARIO) COMUNION PERL/CRUZ ACRILICA AMARILLA x10u.GA","categoria":"Comunion/Confirmacion","subcategoria":"Accesorios","precio":4634.0,"destacado":false,"descripcion":"","imagen":"assets/products/CA-000000056253.webp","tags":["rosario","denario","comunion","perl","cruz","acrilica","amarilla","x10u"]},{"id":"CA-000000056254","nombre":"ROSARIO(DENARIO) COMUNION PERLASC/CRUZ ACRILICO BLANCO/OPALINA x10u.G.A","categoria":"Comunion/Confirmacion","subcategoria":"Accesorios","precio":4634.0,"destacado":false,"descripcion":"","imagen":"assets/products/CA-000000056254.webp","tags":["rosario","denario","comunion","perlasc","cruz","acrilico","blanco","opalina","x10u"]},{"id":"CA-000000056255","nombre":"ROSARIO(DENARIO) COMUNION PERLASC/CRUZ ACRILICO CELESTE x10 G.A","categoria":"Comunion/Confirmacion","subcategoria":"Accesorios","precio":4634.0,"destacado":false,"descripcion":"","imagen":"assets/products/CA-000000056255.webp","tags":["rosario","denario","comunion","perlasc","cruz","acrilico","celeste","x10"]},{"id":"CA-000000056256","nombre":"ROSARIO(DENARIO) COMUNION PERLASC/CRUZ ACRILICO ROSA x10 G.A","categoria":"Comunion/Confirmacion","subcategoria":"Accesorios","precio":4634.0,"destacado":false,"descripcion":"","imagen":"assets/products/CA-000000056256.webp","tags":["rosario","denario","comunion","perlasc","cruz","acrilico","rosa","x10"]},{"id":"CA-000000052894","nombre":"TIARA VINCHA DOBLE PERLAS CON MOÑO ART.110 x1","categoria":"Comunion/Confirmacion","subcategoria":"Accesorios","precio":3442.5,"destacado":false,"descripcion":"","imagen":"assets/products/CA-000000052894.webp","tags":["tiara","vincha","doble","perlas","con","moño","art","110"]},{"id":"CA-000000057508","nombre":"VELA NOCHE AMARILLA x12 (004J) ILUMINARTE","categoria":"Comunion/Confirmacion","subcategoria":"Accesorios","precio":1841.39,"destacado":false,"descripcion":"","imagen":"assets/products/CA-000000057508.webp","tags":["vela","noche","amarilla","x12","004j","iluminarte"]},{"id":"CA-695656916842","nombre":"VELON LUMINOSO LUZ AMARILLA (4x5cm aprox) x 24 1684","categoria":"Comunion/Confirmacion","subcategoria":"Accesorios","precio":8202.6,"destacado":false,"descripcion":"","imagen":"assets/products/CA-695656916842.webp","tags":["velon","luminoso","luz","amarilla","4x5cm","aprox","1684"]},{"id":"CA-693654316841","nombre":"VELON LUMINOSO LUZ BLANCA (4x 5cm aprox.) x 24 1684","categoria":"Comunion/Confirmacion","subcategoria":"Accesorios","precio":8202.6,"destacado":false,"descripcion":"","imagen":"assets/products/CA-693654316841.webp","tags":["velon","luminoso","luz","blanca","5cm","aprox","1684"]}]}