{"category_slug":"hogar_bazar","subcategory_slug":"accesorios_de_cocina","page":2,"page_size":48,"total":192,"items":[{"id":"CA-779000025187","nombre":"CONTENEDOR ACRILICO TAPA HERMETICA 10.5x9.5CM x1 CN18278","categoria":"Hogar-Bazar","subcategoria":"Accesorios De Cocina","precio":3061.5,"destacado":false,"descripcion":"","imagen":"assets/products/CA-779000025187.webp","tags":["contenedor","acrilico","tapa","hermetica","5x9","5cm","cn18278"]},{"id":"CA-779000025186","nombre":"CONTENEDOR ACRILICO TAPA HERMETICA 12.5x10.5CM x1 CN18277","categoria":"Hogar-Bazar","subcategoria":"Accesorios De Cocina","precio":3727.75,"destacado":false,"descripcion":"","imagen":"assets/products/CA-779000025186.webp","tags":["contenedor","acrilico","tapa","hermetica","5x10","5cm","cn18277"]},{"id":"CA-779000025185","nombre":"CONTENEDOR ACRILICO TAPA HERMETICA 19x10.5CM x1 CN18276","categoria":"Hogar-Bazar","subcategoria":"Accesorios De Cocina","precio":4595.5,"destacado":false,"descripcion":"","imagen":"assets/products/CA-779000025185.webp","tags":["contenedor","acrilico","tapa","hermetica","19x10","5cm","cn18276"]},{"id":"CA-779000025184","nombre":"CONTENEDOR ACRILICO TAPA HERMETICA 25x10.5CM x1 CN18275","categoria":"Hogar-Bazar","subcategoria":"Accesorios De Cocina","precio":5515.25,"destacado":false,"descripcion":"","imagen":"assets/products/CA-779000025184.webp","tags":["contenedor","acrilico","tapa","hermetica","25x10","5cm","cn18275"]},{"id":"CA-779000025139","nombre":"COPETINERO/SALSERO DOBLE DE ACERO 15x8.5 CM x1 CN17803","categoria":"Hogar-Bazar","subcategoria":"Accesorios De Cocina","precio":2554.5,"destacado":false,"descripcion":"","imagen":"assets/products/CA-779000025139.webp","tags":["copetinero","salsero","doble","acero","15x8","cn17803"]},{"id":"CA-779000025242","nombre":"CUBOS DE HIELO COLOR REUTILIZABLE x10 CN19133","categoria":"Hogar-Bazar","subcategoria":"Accesorios De Cocina","precio":1494.35,"destacado":false,"descripcion":"","imagen":"assets/products/CA-779000025242.webp","tags":["cubos","hielo","color","reutilizable","x10","cn19133"]},{"id":"CA-200020023131","nombre":"CUBOS DE HIELO REUTILIZABLE x10 23131","categoria":"Hogar-Bazar","subcategoria":"Accesorios De Cocina","precio":1030.33,"destacado":false,"descripcion":"","imagen":"assets/products/CA-200020023131.webp","tags":["cubos","hielo","reutilizable","x10","23131"]},{"id":"CA-690130002103","nombre":"CUCHILLO CORTA TORTA DENTADO MANGO MADERA 48cm x1 H52-003B20","categoria":"Hogar-Bazar","subcategoria":"Accesorios De Cocina","precio":2216.5,"destacado":false,"descripcion":"","imagen":"assets/products/CA-690130002103.webp","tags":["cuchillo","corta","torta","dentado","mango","madera","48cm","h52","003b20"]},{"id":"CA-201631000000","nombre":"DELANTAL DE COCINA 72x66cm x1 201631","categoria":"Hogar-Bazar","subcategoria":"Accesorios De Cocina","precio":2956.66,"destacado":false,"descripcion":"","imagen":"assets/products/CA-201631000000.webp","tags":["delantal","cocina","72x66cm","201631"]},{"id":"CA-201632000000","nombre":"DELANTAL DE COCINA 72x66cm x1 201632","categoria":"Hogar-Bazar","subcategoria":"Accesorios De Cocina","precio":2956.66,"destacado":false,"descripcion":"","imagen":"assets/products/CA-201632000000.webp","tags":["delantal","cocina","72x66cm","201632"]},{"id":"CA-379000199184","nombre":"DELANTAL DE COCINA x1 199184","categoria":"Hogar-Bazar","subcategoria":"Accesorios De Cocina","precio":10385.55,"destacado":false,"descripcion":"","imagen":"assets/products/CA-379000199184.webp","tags":["delantal","cocina","199184"]},{"id":"CA-800436004078","nombre":"ENSALADERA MR. CHEF 17cm x1","categoria":"Hogar-Bazar","subcategoria":"Accesorios De Cocina","precio":12395.5,"destacado":false,"descripcion":"","imagen":"assets/products/CA-800436004078.webp","tags":["ensaladera","chef","17cm"]},{"id":"CA-800436004079","nombre":"ENSALADERA MR. CHEF 22cm x1","categoria":"Hogar-Bazar","subcategoria":"Accesorios De Cocina","precio":14874.6,"destacado":false,"descripcion":"","imagen":"assets/products/CA-800436004079.webp","tags":["ensaladera","chef","22cm"]},{"id":"CA-200020034629","nombre":"ESFERAS DE HIELO MULTICOLOR REUTILIZABLE x10 34629","categoria":"Hogar-Bazar","subcategoria":"Accesorios De Cocina","precio":1030.33,"destacado":false,"descripcion":"","imagen":"assets/products/CA-200020034629.webp","tags":["esferas","hielo","multicolor","reutilizable","x10","34629"]},{"id":"CA-200020054375","nombre":"ESPATULA 100% SILICONA GRIS 27cm x1 54375","categoria":"Hogar-Bazar","subcategoria":"Accesorios De Cocina","precio":1735.58,"destacado":false,"descripcion":"","imagen":"assets/products/CA-200020054375.webp","tags":["espatula","100","silicona","gris","27cm","54375"]},{"id":"CA-200020154375","nombre":"ESPATULA 100% SILICONA NEGRO 27cm x1 54375-N","categoria":"Hogar-Bazar","subcategoria":"Accesorios De Cocina","precio":1735.58,"destacado":false,"descripcion":"","imagen":"assets/products/CA-200020154375.webp","tags":["espatula","100","silicona","negro","27cm","54375"]},{"id":"CA-698855480001","nombre":"ESPATULA SILICONADA CON MANGO ACRILICO 25cm   x1 MM28-08","categoria":"Hogar-Bazar","subcategoria":"Accesorios De Cocina","precio":860.06,"destacado":false,"descripcion":"","imagen":"assets/products/CA-698855480001.webp","tags":["espatula","siliconada","con","mango","acrilico","25cm","mm28"]},{"id":"CA-200020054252","nombre":"FRUTERA MULTIFUNCIONAL METAL NEGRO x1 54252","categoria":"Hogar-Bazar","subcategoria":"Accesorios De Cocina","precio":6673.59,"destacado":false,"descripcion":"","imagen":"assets/products/CA-200020054252.webp","tags":["frutera","multifuncional","metal","negro","54252"]},{"id":"CA-200020054253","nombre":"FRUTERA MULTIFUNCIONAL METAL NEGRO x1 54253","categoria":"Hogar-Bazar","subcategoria":"Accesorios De Cocina","precio":6673.59,"destacado":false,"descripcion":"","imagen":"assets/products/CA-200020054253.webp","tags":["frutera","multifuncional","metal","negro","54253"]},{"id":"CA-779000025194","nombre":"FUENTE OVAL DE ACERO 30.5CM x1 CN18300","categoria":"Hogar-Bazar","subcategoria":"Accesorios De Cocina","precio":3981.25,"destacado":false,"descripcion":"","imagen":"assets/products/CA-779000025194.webp","tags":["fuente","oval","acero","5cm","cn18300"]},{"id":"CA-779000025192","nombre":"FUENTE OVAL DE ACERO 30CM x1 CN18298","categoria":"Hogar-Bazar","subcategoria":"Accesorios De Cocina","precio":2349.75,"destacado":false,"descripcion":"","imagen":"assets/products/CA-779000025192.webp","tags":["fuente","oval","acero","30cm","cn18298"]},{"id":"CA-779813202142","nombre":"FUENTE PARA HORNO DE ACERO 45x35x4 cm x1 202142","categoria":"Hogar-Bazar","subcategoria":"Accesorios De Cocina","precio":3645.33,"destacado":false,"descripcion":"","imagen":"assets/products/CA-779813202142.webp","tags":["fuente","para","horno","acero","45x35x4","202142"]},{"id":"CA-779000025188","nombre":"FUENTE RECTANGULAR DE ACERO 32x22CM x1 CN18284","categoria":"Hogar-Bazar","subcategoria":"Accesorios De Cocina","precio":2349.75,"destacado":false,"descripcion":"","imagen":"assets/products/CA-779000025188.webp","tags":["fuente","rectangular","acero","32x22cm","cn18284"]},{"id":"CA-779000025190","nombre":"FUENTE RECTANGULAR DE ACERO 40x30CM x1 CN18286","categoria":"Hogar-Bazar","subcategoria":"Accesorios De Cocina","precio":3776.5,"destacado":false,"descripcion":"","imagen":"assets/products/CA-779000025190.webp","tags":["fuente","rectangular","acero","40x30cm","cn18286"]},{"id":"CA-779000025191","nombre":"FUENTE RECTANGULAR DE ACERO 45x35CM x1 CN18287","categoria":"Hogar-Bazar","subcategoria":"Accesorios De Cocina","precio":5206.5,"destacado":false,"descripcion":"","imagen":"assets/products/CA-779000025191.webp","tags":["fuente","rectangular","acero","45x35cm","cn18287"]},{"id":"CA-779000025136","nombre":"HIELERA / FRAPERA DE ACERO 14 cm x1","categoria":"Hogar-Bazar","subcategoria":"Accesorios De Cocina","precio":8193.9,"destacado":false,"descripcion":"NUEVO 15/12/2025","imagen":"assets/products/CA-779000025136.webp","tags":["hielera","frapera","acero"]},{"id":"CA-779000025138","nombre":"HIELERA / FRAPERA DE ACERO 18cm x1","categoria":"Hogar-Bazar","subcategoria":"Accesorios De Cocina","precio":8980.4,"destacado":false,"descripcion":"NUEVO 15/12/2025","imagen":"assets/products/CA-779000025138.webp","tags":["hielera","frapera","acero","18cm"]},{"id":"CA-200020033685","nombre":"HIELERA BASE SILICONA COLOR PASTEL x1 33685","categoria":"Hogar-Bazar","subcategoria":"Accesorios De Cocina","precio":1624.5,"destacado":false,"descripcion":"","imagen":"assets/products/CA-200020033685.webp","tags":["hielera","base","silicona","color","pastel","33685"]},{"id":"CA-200020033686","nombre":"HIELERA CIRCULOS BASE SILICONA COLOR PASTEL x1 33686","categoria":"Hogar-Bazar","subcategoria":"Accesorios De Cocina","precio":1624.5,"destacado":false,"descripcion":"","imagen":"assets/products/CA-200020033686.webp","tags":["hielera","circulos","base","silicona","color","pastel","33686"]},{"id":"CA-200020053107","nombre":"HUEVERA APILABLE 3 NIVELES x1 53107","categoria":"Hogar-Bazar","subcategoria":"Accesorios De Cocina","precio":9255.47,"destacado":false,"descripcion":"","imagen":"assets/products/CA-200020053107.webp","tags":["huevera","apilable","niveles","53107"]},{"id":"CA-200020051245","nombre":"HUEVERA ORGANIZADOR PARA 18 HUEVOS x1 51245","categoria":"Hogar-Bazar","subcategoria":"Accesorios De Cocina","precio":3863.65,"destacado":false,"descripcion":"","imagen":"assets/products/CA-200020051245.webp","tags":["huevera","organizador","para","huevos","51245"]},{"id":"CA-200020050237","nombre":"HUEVERA ORGANIZADOR PARA 24 HUEVOS x1 50237","categoria":"Hogar-Bazar","subcategoria":"Accesorios De Cocina","precio":4576.66,"destacado":false,"descripcion":"","imagen":"assets/products/CA-200020050237.webp","tags":["huevera","organizador","para","huevos","50237"]},{"id":"CA-200020053238","nombre":"INDIVIDUAL REDONDO COLOR 38 CM x1 53238","categoria":"Hogar-Bazar","subcategoria":"Accesorios De Cocina","precio":2897.72,"destacado":false,"descripcion":"","imagen":"assets/products/CA-200020053238.webp","tags":["individual","redondo","color","53238"]},{"id":"CA-200020054697","nombre":"INDIVIDUAL REDONDO ESTAMPADO YUTE Y FLECOS 38cm x1 54697","categoria":"Hogar-Bazar","subcategoria":"Accesorios De Cocina","precio":2370.87,"destacado":false,"descripcion":"","imagen":"assets/products/CA-200020054697.webp","tags":["individual","redondo","estampado","yute","flecos","38cm","54697"]},{"id":"CA-200020050088","nombre":"INDIVIDUAL REDONDO TRENZADO ALGODON Y YUTE 38cm x1 50088","categoria":"Hogar-Bazar","subcategoria":"Accesorios De Cocina","precio":6221.61,"destacado":false,"descripcion":"","imagen":"assets/products/CA-200020050088.webp","tags":["individual","redondo","trenzado","algodon","yute","38cm","50088"]},{"id":"CA-200020053360","nombre":"INDIVIDUAL REDONDO TRENZADO ALGODON Y YUTE 38cm x1 53360","categoria":"Hogar-Bazar","subcategoria":"Accesorios De Cocina","precio":4829.54,"destacado":false,"descripcion":"","imagen":"assets/products/CA-200020053360.webp","tags":["individual","redondo","trenzado","algodon","yute","38cm","53360"]},{"id":"CA-200020050087","nombre":"INDIVIDUAL REDONDOTRENZADO ALGODON Y YUTE 38cm x1 50087","categoria":"Hogar-Bazar","subcategoria":"Accesorios De Cocina","precio":6221.61,"destacado":false,"descripcion":"","imagen":"assets/products/CA-200020050087.webp","tags":["individual","redondotrenzado","algodon","yute","38cm","50087"]},{"id":"CA-691634605712","nombre":"JERINGA INYECTORA IMPORTADA x1 WB002/H39-016A20","categoria":"Hogar-Bazar","subcategoria":"Accesorios De Cocina","precio":3203.85,"destacado":false,"descripcion":"","imagen":"assets/products/CA-691634605712.webp","tags":["jeringa","inyectora","importada","wb002","h39","016a20"]},{"id":"CA-200020041227","nombre":"LUNCHERA DE PLASTICO DOBLE CON CUBIERTOS x1 41227","categoria":"Hogar-Bazar","subcategoria":"Accesorios De Cocina","precio":5707.68,"destacado":false,"descripcion":"","imagen":"assets/products/CA-200020041227.webp","tags":["lunchera","plastico","doble","con","cubiertos","41227"]},{"id":"CA-779813201050","nombre":"MACETA CON PLANTA ARTIFICIAL BORDE DORADO 7.5x7.5cm x1 201050","categoria":"Hogar-Bazar","subcategoria":"Accesorios De Cocina","precio":3750.96,"destacado":false,"descripcion":"","imagen":"assets/products/CA-779813201050.webp","tags":["maceta","con","planta","artificial","borde","dorado","5x7","5cm","201050"]},{"id":"CA-779813201051","nombre":"MACETA CON PLANTA ARTIFICIAL CON PIE COLOR 8x8.5cm x1 201051","categoria":"Hogar-Bazar","subcategoria":"Accesorios De Cocina","precio":3750.96,"destacado":false,"descripcion":"","imagen":"assets/products/CA-779813201051.webp","tags":["maceta","con","planta","artificial","con","pie","color","8x8","5cm","201051"]},{"id":"CA-000000058102","nombre":"MACETA CON PLANTA ARTIFICIAL DECO x1 54775","categoria":"Hogar-Bazar","subcategoria":"Accesorios De Cocina","precio":18879.13,"destacado":false,"descripcion":"","imagen":"assets/products/CA-000000058102.webp","tags":["maceta","con","planta","artificial","deco","54775"]},{"id":"CA-200020054804","nombre":"MACETA CON PLANTA ARTIFICIAL DECO x1 54804","categoria":"Hogar-Bazar","subcategoria":"Accesorios De Cocina","precio":7024.78,"destacado":false,"descripcion":"","imagen":"assets/products/CA-200020054804.webp","tags":["maceta","con","planta","artificial","deco","54804"]},{"id":"CA-779813201049","nombre":"MACETA CON PLANTA ARTIFICIAL DISEÑO DORADO 8x7.5cm x1 201049","categoria":"Hogar-Bazar","subcategoria":"Accesorios De Cocina","precio":3750.96,"destacado":false,"descripcion":"","imagen":"assets/products/CA-779813201049.webp","tags":["maceta","con","planta","artificial","diseño","dorado","8x7","5cm","201049"]},{"id":"CA-200020054862","nombre":"MACETA CON PLANTA ARTIFICIAL HOJAS DECO x1 54862","categoria":"Hogar-Bazar","subcategoria":"Accesorios De Cocina","precio":5444.23,"destacado":false,"descripcion":"","imagen":"assets/products/CA-200020054862.webp","tags":["maceta","con","planta","artificial","hojas","deco","54862"]},{"id":"CA-779813200816","nombre":"MACETA CON PLANTA ARTIFICIAL LAVANDA COLOR 8x21cm  x1 200816","categoria":"Hogar-Bazar","subcategoria":"Accesorios De Cocina","precio":3632.65,"destacado":false,"descripcion":"","imagen":"assets/products/CA-779813200816.webp","tags":["maceta","con","planta","artificial","lavanda","color","8x21cm","200816"]},{"id":"CA-779813201048","nombre":"MACETA VERDE CON PLANTA ARTIFICIAL DECO DORADA 8x7.5cm x1 201048","categoria":"Hogar-Bazar","subcategoria":"Accesorios De Cocina","precio":3548.16,"destacado":false,"descripcion":"","imagen":"assets/products/CA-779813201048.webp","tags":["maceta","verde","con","planta","artificial","deco","dorada","8x7","5cm","201048"]},{"id":"CA-779813202873","nombre":"MANDOLINA 25x5x10x8 cm x1 202873","categoria":"Hogar-Bazar","subcategoria":"Accesorios De Cocina","precio":4477.65,"destacado":false,"descripcion":"","imagen":"assets/products/CA-779813202873.webp","tags":["mandolina","25x5x10x8","202873"]}]}