{"category_slug":"hogar_bazar","subcategory_slug":"accesorios_de_cocina","page":1,"page_size":48,"total":192,"items":[{"id":"CA-200020052090","nombre":"AFILADOR DE CUCHILLOS 3 EN 1 x1 52090","categoria":"Hogar-Bazar","subcategoria":"Accesorios De Cocina","precio":1888.91,"destacado":false,"descripcion":"","imagen":"assets/products/CA-200020052090.webp","tags":["afilador","cuchillos","52090"]},{"id":"CA-779813202328","nombre":"AFILADOR DE CUCHILLOS PROFESIONAL SHARPENER x1 202328","categoria":"Hogar-Bazar","subcategoria":"Accesorios De Cocina","precio":1689.15,"destacado":false,"descripcion":"","imagen":"assets/products/CA-779813202328.webp","tags":["afilador","cuchillos","profesional","sharpener","202328"]},{"id":"CA-379000104359","nombre":"BALANZA DE COCINA x1 104359","categoria":"Hogar-Bazar","subcategoria":"Accesorios De Cocina","precio":15582.29,"destacado":false,"descripcion":"","imagen":"assets/products/CA-379000104359.webp","tags":["balanza","cocina","104359"]},{"id":"CA-202410100002","nombre":"BALANZA DIGITAL DE COCINA 10 KILOS x1 AW-92","categoria":"Hogar-Bazar","subcategoria":"Accesorios De Cocina","precio":6045.0,"destacado":false,"descripcion":"","imagen":"assets/products/CA-202410100002.webp","tags":["balanza","digital","cocina","kilos"]},{"id":"CA-779813201602","nombre":"BALANZA DIGITAL DISEÑO PARA COCINA max.7kg. x1 201602","categoria":"Hogar-Bazar","subcategoria":"Accesorios De Cocina","precio":9251.9,"destacado":false,"descripcion":"","imagen":"assets/products/CA-779813201602.webp","tags":["balanza","digital","diseño","para","cocina","max","7kg","201602"]},{"id":"CA-200020052015","nombre":"BALANZA DIGITAL PARA COCINA capacidad max.10kg x1 52015","categoria":"Hogar-Bazar","subcategoria":"Accesorios De Cocina","precio":6899.88,"destacado":false,"descripcion":"","imagen":"assets/products/CA-200020052015.webp","tags":["balanza","digital","para","cocina","capacidad","max","10kg","52015"]},{"id":"CA-200020053856","nombre":"BALANZA DIGITAL PARA COCINA capacidad max.10kg x1 53856","categoria":"Hogar-Bazar","subcategoria":"Accesorios De Cocina","precio":5401.86,"destacado":false,"descripcion":"","imagen":"assets/products/CA-200020053856.webp","tags":["balanza","digital","para","cocina","capacidad","max","10kg","53856"]},{"id":"CA-779813201601","nombre":"BALANZA DIGITAL PARA COCINA max.5kg. x1 201601","categoria":"Hogar-Bazar","subcategoria":"Accesorios De Cocina","precio":5460.0,"destacado":false,"descripcion":"","imagen":"assets/products/CA-779813201601.webp","tags":["balanza","digital","para","cocina","max","5kg","201601"]},{"id":"CA-200020041989","nombre":"BANDEJA DE BAMBU MULTIUSO 30x30cm x1 41989","categoria":"Hogar-Bazar","subcategoria":"Accesorios De Cocina","precio":8473.23,"destacado":false,"descripcion":"","imagen":"assets/products/CA-200020041989.webp","tags":["bandeja","bambu","multiuso","30x30cm","41989"]},{"id":"CA-200020041990","nombre":"BANDEJA DE BAMBU MULTIUSO 36x24cm x1 41990","categoria":"Hogar-Bazar","subcategoria":"Accesorios De Cocina","precio":9243.52,"destacado":false,"descripcion":"","imagen":"assets/products/CA-200020041990.webp","tags":["bandeja","bambu","multiuso","36x24cm","41990"]},{"id":"CA-200020041991","nombre":"BANDEJA DE BAMBU MULTIUSO 40x30cm x1 41991","categoria":"Hogar-Bazar","subcategoria":"Accesorios De Cocina","precio":10784.1,"destacado":false,"descripcion":"","imagen":"assets/products/CA-200020041991.webp","tags":["bandeja","bambu","multiuso","40x30cm","41991"]},{"id":"CA-200020050575","nombre":"BANDEJA DE MADERA OVALADA 35x15x1.5 CM x1 50575","categoria":"Hogar-Bazar","subcategoria":"Accesorios De Cocina","precio":6316.41,"destacado":false,"descripcion":"","imagen":"assets/products/CA-200020050575.webp","tags":["bandeja","madera","ovalada","35x15x1","50575"]},{"id":"CA-200020050576","nombre":"BANDEJA DE MADERA OVALADA 40x15x1.5 CM x1 50576","categoria":"Hogar-Bazar","subcategoria":"Accesorios De Cocina","precio":6932.63,"destacado":false,"descripcion":"","imagen":"assets/products/CA-200020050576.webp","tags":["bandeja","madera","ovalada","40x15x1","50576"]},{"id":"CA-200020050579","nombre":"BANDEJA DE MADERA RECTANGULAR 33x13x1.5 CM x1 50579","categoria":"Hogar-Bazar","subcategoria":"Accesorios De Cocina","precio":5238.01,"destacado":false,"descripcion":"","imagen":"assets/products/CA-200020050579.webp","tags":["bandeja","madera","rectangular","33x13x1","50579"]},{"id":"CA-200020050580","nombre":"BANDEJA DE MADERA RECTANGULAR 36x12x1.5 CM x1 50580","categoria":"Hogar-Bazar","subcategoria":"Accesorios De Cocina","precio":5392.05,"destacado":false,"descripcion":"","imagen":"assets/products/CA-200020050580.webp","tags":["bandeja","madera","rectangular","36x12x1","50580"]},{"id":"CA-379000104226","nombre":"BANDEJA DE METAL RECTANGULAR CHICA x1 104226","categoria":"Hogar-Bazar","subcategoria":"Accesorios De Cocina","precio":2258.55,"destacado":false,"descripcion":"NUEVO 09/12/2025","imagen":"assets/products/CA-379000104226.webp","tags":["bandeja","metal","rectangular","chica","104226"]},{"id":"CA-379000104227","nombre":"BANDEJA DE METAL RECTANGULAR GRANDE x1 104227","categoria":"Hogar-Bazar","subcategoria":"Accesorios De Cocina","precio":3109.05,"destacado":false,"descripcion":"NUEVO 09/12/2025","imagen":"assets/products/CA-379000104227.webp","tags":["bandeja","metal","rectangular","grande","104227"]},{"id":"CA-779429703006","nombre":"BANDEJA FAST FOOD 45x31.5cm (varios colores) x1 3006","categoria":"Hogar-Bazar","subcategoria":"Accesorios De Cocina","precio":2404.61,"destacado":false,"descripcion":"","imagen":"assets/products/CA-779429703006.webp","tags":["bandeja","fast","food","45x31","5cm","varios","colores","3006"]},{"id":"CA-379000109113","nombre":"BANDEJA MELAMINA 30x19cm x1 109113","categoria":"Hogar-Bazar","subcategoria":"Accesorios De Cocina","precio":5660.55,"destacado":false,"descripcion":"","imagen":"assets/products/CA-379000109113.webp","tags":["bandeja","melamina","30x19cm","109113"]},{"id":"CA-379000109114","nombre":"BANDEJA MELAMINA 35x23cm x1 109114","categoria":"Hogar-Bazar","subcategoria":"Accesorios De Cocina","precio":7550.55,"destacado":false,"descripcion":"","imagen":"assets/products/CA-379000109114.webp","tags":["bandeja","melamina","35x23cm","109114"]},{"id":"CA-692232786934","nombre":"BANDEJA PLASTICA 37x26cm x1 34935-1-M","categoria":"Hogar-Bazar","subcategoria":"Accesorios De Cocina","precio":1699.14,"destacado":false,"descripcion":"","imagen":"assets/products/CA-692232786934.webp","tags":["bandeja","plastica","37x26cm","34935"]},{"id":"CA-379000109139","nombre":"BANDEJA PLASTICA OVALADA TIPO MARMOL 20x38  x1 109139","categoria":"Hogar-Bazar","subcategoria":"Accesorios De Cocina","precio":6605.55,"destacado":false,"descripcion":"","imagen":"assets/products/CA-379000109139.webp","tags":["bandeja","plastica","ovalada","tipo","marmol","20x38","109139"]},{"id":"CA-379000109136","nombre":"BANDEJA PLASTICA RECTANGULAR TIPO MARMOL 23x35  x1 109136","categoria":"Hogar-Bazar","subcategoria":"Accesorios De Cocina","precio":11330.55,"destacado":false,"descripcion":"","imagen":"assets/products/CA-379000109136.webp","tags":["bandeja","plastica","rectangular","tipo","marmol","23x35","109136"]},{"id":"CA-379000109137","nombre":"BANDEJA PLASTICA RECTANGULAR TIPO MARMOL 27x39  x1 109136","categoria":"Hogar-Bazar","subcategoria":"Accesorios De Cocina","precio":15110.55,"destacado":false,"descripcion":"","imagen":"assets/products/CA-379000109137.webp","tags":["bandeja","plastica","rectangular","tipo","marmol","27x39","109136"]},{"id":"CA-779000019775","nombre":"BIFERA ANTIADHERENTE 26cm x1 14449","categoria":"Hogar-Bazar","subcategoria":"Accesorios De Cocina","precio":8715.85,"destacado":false,"descripcion":"","imagen":"assets/products/CA-779000019775.webp","tags":["bifera","antiadherente","26cm","14449"]},{"id":"CA-379000104221","nombre":"BOWL DE METAL CHICO x1 104221","categoria":"Hogar-Bazar","subcategoria":"Accesorios De Cocina","precio":1975.05,"destacado":false,"descripcion":"NUEVO 09/12/2025","imagen":"assets/products/CA-379000104221.webp","tags":["bowl","metal","chico","104221"]},{"id":"CA-379000104223","nombre":"BOWL DE METAL GRANDE x1 104223","categoria":"Hogar-Bazar","subcategoria":"Accesorios De Cocina","precio":2447.55,"destacado":false,"descripcion":"NUEVO 09/12/2025","imagen":"assets/products/CA-379000104223.webp","tags":["bowl","metal","grande","104223"]},{"id":"CA-379000104222","nombre":"BOWL DE METAL MEDIANO x1 104222","categoria":"Hogar-Bazar","subcategoria":"Accesorios De Cocina","precio":2258.55,"destacado":false,"descripcion":"NUEVO 09/12/2025","imagen":"assets/products/CA-379000104222.webp","tags":["bowl","metal","mediano","104222"]},{"id":"CA-779000022154","nombre":"CAFETERA MOKA EXPRESS COLOR 150ml x1 CN16447","categoria":"Hogar-Bazar","subcategoria":"Accesorios De Cocina","precio":21377.76,"destacado":false,"descripcion":"","imagen":"assets/products/CA-779000022154.webp","tags":["cafetera","moka","express","color","150ml","cn16447"]},{"id":"CA-200020042410","nombre":"CAJA DE REGALO CORAZON SET x3 42410","categoria":"Hogar-Bazar","subcategoria":"Accesorios De Cocina","precio":8841.69,"destacado":false,"descripcion":"","imagen":"assets/products/CA-200020042410.webp","tags":["caja","regalo","corazon","set","42410"]},{"id":"CA-779429703088","nombre":"CAMPANA CRISTAL GASTRONOMICA REDONDA CON PLATO x1 3088","categoria":"Hogar-Bazar","subcategoria":"Accesorios De Cocina","precio":4317.14,"destacado":false,"descripcion":"","imagen":"assets/products/CA-779429703088.webp","tags":["campana","cristal","gastronomica","redonda","con","plato","3088"]},{"id":"CA-779000025233","nombre":"CAMPANA CRISTAL REDONDA CON BASE DE BAMBOO 19CM x1 CN18859-A","categoria":"Hogar-Bazar","subcategoria":"Accesorios De Cocina","precio":6327.75,"destacado":false,"descripcion":"","imagen":"assets/products/CA-779000025233.webp","tags":["campana","cristal","redonda","con","base","bamboo","19cm","cn18859"]},{"id":"CA-779000025231","nombre":"CAMPANA CRISTAL REDONDA CON BASE DE BAMBOO 27.5CM x1 CN18857-A","categoria":"Hogar-Bazar","subcategoria":"Accesorios De Cocina","precio":10003.5,"destacado":false,"descripcion":"","imagen":"assets/products/CA-779000025231.webp","tags":["campana","cristal","redonda","con","base","bamboo","5cm","cn18857"]},{"id":"CA-779429703083","nombre":"CAMPANA RECTANGULAR CON PLATO (varios colores) 41x30x12cm x1 3083","categoria":"Hogar-Bazar","subcategoria":"Accesorios De Cocina","precio":4585.05,"destacado":false,"descripcion":"","imagen":"assets/products/CA-779429703083.webp","tags":["campana","rectangular","con","plato","varios","colores","41x30x12cm","3083"]},{"id":"CA-779429703085","nombre":"CAMPANA TORTERA CRISTAL REDONDA CON PLATO 28.5cm x1 3085","categoria":"Hogar-Bazar","subcategoria":"Accesorios De Cocina","precio":3926.76,"destacado":false,"descripcion":"","imagen":"assets/products/CA-779429703085.webp","tags":["campana","tortera","cristal","redonda","con","plato","5cm","3085"]},{"id":"CA-000000056305","nombre":"CHISPERO RECARGABLE SURTIDOS x10  ZY-7BL","categoria":"Hogar-Bazar","subcategoria":"Accesorios De Cocina","precio":13387.14,"destacado":false,"descripcion":"","imagen":"assets/products/CA-000000056305.webp","tags":["chispero","recargable","surtidos","x10","7bl"]},{"id":"CA-000000056601","nombre":"CHISPERO RECARGABLE SURTIDOS x6 ZY-3894","categoria":"Hogar-Bazar","subcategoria":"Accesorios De Cocina","precio":12975.23,"destacado":false,"descripcion":"","imagen":"assets/products/CA-000000056601.webp","tags":["chispero","recargable","surtidos","3894"]},{"id":"CA-000000058120","nombre":"CHISPERO RECARGABLE x6 ZY-3884","categoria":"Hogar-Bazar","subcategoria":"Accesorios De Cocina","precio":11007.2,"destacado":false,"descripcion":"","imagen":"assets/products/CA-000000058120.webp","tags":["chispero","recargable","3884"]},{"id":"CA-779429704100","nombre":"CIERRA BOLSA MEDIANO 7cm x6 4100","categoria":"Hogar-Bazar","subcategoria":"Accesorios De Cocina","precio":828.87,"destacado":false,"descripcion":"","imagen":"assets/products/CA-779429704100.webp","tags":["cierra","bolsa","mediano","7cm","4100"]},{"id":"CA-779813202097","nombre":"CIERRA BOLSA PLASTICO (varias medidas) x12 202097","categoria":"Hogar-Bazar","subcategoria":"Accesorios De Cocina","precio":1689.15,"destacado":false,"descripcion":"","imagen":"assets/products/CA-779813202097.webp","tags":["cierra","bolsa","plastico","varias","medidas","x12","202097"]},{"id":"CA-200020041208","nombre":"CIERRE BOLSA COLOR 9cm x4 41208","categoria":"Hogar-Bazar","subcategoria":"Accesorios De Cocina","precio":729.8,"destacado":false,"descripcion":"","imagen":"assets/products/CA-200020041208.webp","tags":["cierre","bolsa","color","9cm","41208"]},{"id":"CA-862006790177","nombre":"COLADOR DE METAL ALAMBRE 8cmx20cm x1 QB177/BA702A25","categoria":"Hogar-Bazar","subcategoria":"Accesorios De Cocina","precio":862.88,"destacado":false,"descripcion":"","imagen":"assets/products/CA-862006790177.webp","tags":["colador","metal","alambre","8cmx20cm","qb177","ba702a25"]},{"id":"CA-200020054189","nombre":"COLADOR NEGRO 20cm x1 54189","categoria":"Hogar-Bazar","subcategoria":"Accesorios De Cocina","precio":7463.77,"destacado":false,"descripcion":"","imagen":"assets/products/CA-200020054189.webp","tags":["colador","negro","20cm","54189"]},{"id":"CA-200020054190","nombre":"COLADOR NEGRO 23cm x1 54190","categoria":"Hogar-Bazar","subcategoria":"Accesorios De Cocina","precio":8605.31,"destacado":false,"descripcion":"","imagen":"assets/products/CA-200020054190.webp","tags":["colador","negro","23cm","54190"]},{"id":"CA-779000024422","nombre":"COLADOR PLEGABLE DE SILICONA COLOR x1 CN18343","categoria":"Hogar-Bazar","subcategoria":"Accesorios De Cocina","precio":2896.57,"destacado":false,"descripcion":"","imagen":"assets/products/CA-779000024422.webp","tags":["colador","plegable","silicona","color","cn18343"]},{"id":"CA-489413091469","nombre":"COMPOTERA ACERO 14cm x1 S1314","categoria":"Hogar-Bazar","subcategoria":"Accesorios De Cocina","precio":446.24,"destacado":false,"descripcion":"","imagen":"assets/products/CA-489413091469.webp","tags":["compotera","acero","14cm","s1314"]},{"id":"CA-779000024423","nombre":"CONTENEDOR ACRILICO RECTANGULAR x3 COLOR CN18681","categoria":"Hogar-Bazar","subcategoria":"Accesorios De Cocina","precio":15024.75,"destacado":false,"descripcion":"","imagen":"assets/products/CA-779000024423.webp","tags":["contenedor","acrilico","rectangular","color","cn18681"]},{"id":"CA-779000024424","nombre":"CONTENEDOR ACRILICO REDONDO x3 COLOR CN18682","categoria":"Hogar-Bazar","subcategoria":"Accesorios De Cocina","precio":15024.75,"destacado":false,"descripcion":"","imagen":"assets/products/CA-779000024424.webp","tags":["contenedor","acrilico","redondo","color","cn18682"]}]}