{"category_slug":"hogar_bazar","subcategory_slug":"accesorios_de_cocina","page":3,"page_size":48,"total":192,"items":[{"id":"CA-200020052378","nombre":"MANDOLINA CON 5 CUCHILLAS INTERCAMBIABLES x1 52378","categoria":"Hogar-Bazar","subcategoria":"Accesorios De Cocina","precio":4637.61,"destacado":false,"descripcion":"","imagen":"assets/products/CA-200020052378.webp","tags":["mandolina","con","cuchillas","intercambiables","52378"]},{"id":"CA-200020053349","nombre":"MANDOLINA MULTIPLE CON ESCURRIDOR x1 53349","categoria":"Hogar-Bazar","subcategoria":"Accesorios De Cocina","precio":12293.46,"destacado":false,"descripcion":"","imagen":"assets/products/CA-200020053349.webp","tags":["mandolina","multiple","con","escurridor","53349"]},{"id":"CA-200020054264","nombre":"MANOPLA DE SILICONA TERMICA PARA HORNO x1 54264","categoria":"Hogar-Bazar","subcategoria":"Accesorios De Cocina","precio":5444.23,"destacado":false,"descripcion":"","imagen":"assets/products/CA-200020054264.webp","tags":["manopla","silicona","termica","para","horno","54264"]},{"id":"CA-200020050264","nombre":"MANTEL INDIVIDUAL 38 cm x1 50264","categoria":"Hogar-Bazar","subcategoria":"Accesorios De Cocina","precio":2458.65,"destacado":false,"descripcion":"","imagen":"assets/products/CA-200020050264.webp","tags":["mantel","individual","50264"]},{"id":"CA-200020051126","nombre":"MANTEL INDIVIDUAL 38 cm x1 51126","categoria":"Hogar-Bazar","subcategoria":"Accesorios De Cocina","precio":2370.9,"destacado":false,"descripcion":"","imagen":"assets/products/CA-200020051126.webp","tags":["mantel","individual","51126"]},{"id":"CA-200020040408","nombre":"MANTEL INDIVIDUAL 38cm x1 40408","categoria":"Hogar-Bazar","subcategoria":"Accesorios De Cocina","precio":1756.19,"destacado":false,"descripcion":"","imagen":"assets/products/CA-200020040408.webp","tags":["mantel","individual","38cm","40408"]},{"id":"CA-200020040409","nombre":"MANTEL INDIVIDUAL 38cm x1 40409","categoria":"Hogar-Bazar","subcategoria":"Accesorios De Cocina","precio":1756.19,"destacado":false,"descripcion":"","imagen":"assets/products/CA-200020040409.webp","tags":["mantel","individual","38cm","40409"]},{"id":"CA-200020041192","nombre":"MANTEL INDIVIDUAL DORADO Y PLATEADO 38cm x1 41192","categoria":"Hogar-Bazar","subcategoria":"Accesorios De Cocina","precio":1580.59,"destacado":false,"descripcion":"","imagen":"assets/products/CA-200020041192.webp","tags":["mantel","individual","dorado","plateado","38cm","41192"]},{"id":"CA-200020041200","nombre":"MANTEL INDIVIDUAL RECTANGULAR DORADO Y PLATEADO x1 BNB41200","categoria":"Hogar-Bazar","subcategoria":"Accesorios De Cocina","precio":1332.95,"destacado":false,"descripcion":"","imagen":"assets/products/CA-200020041200.webp","tags":["mantel","individual","rectangular","dorado","plateado","bnb41200"]},{"id":"CA-379000104509","nombre":"MARTILLO TIERNIZADOR DE CARNE 22cm x1 104509","categoria":"Hogar-Bazar","subcategoria":"Accesorios De Cocina","precio":4715.55,"destacado":false,"descripcion":"","imagen":"assets/products/CA-379000104509.webp","tags":["martillo","tiernizador","carne","22cm","104509"]},{"id":"CA-779834708615","nombre":"MINI SOPLETE PARA REPOSTERIA CANDELA x1 (FLAMEADOR) 7596","categoria":"Hogar-Bazar","subcategoria":"Accesorios De Cocina","precio":3381.0,"destacado":false,"descripcion":"","imagen":"assets/products/CA-779834708615.webp","tags":["mini","soplete","para","reposteria","candela","flameador","7596"]},{"id":"CA-379000103006","nombre":"MOLDE ASADERA 30x20x5cm x1 103006","categoria":"Hogar-Bazar","subcategoria":"Accesorios De Cocina","precio":4337.55,"destacado":false,"descripcion":"","imagen":"assets/products/CA-379000103006.webp","tags":["molde","asadera","30x20x5cm","103006"]},{"id":"CA-379000103007","nombre":"MOLDE ASADERA 34x24x5.5cm x1 103007","categoria":"Hogar-Bazar","subcategoria":"Accesorios De Cocina","precio":5282.55,"destacado":false,"descripcion":"","imagen":"assets/products/CA-379000103007.webp","tags":["molde","asadera","34x24x5","5cm","103007"]},{"id":"CA-379000103008","nombre":"MOLDE ASADERA 36x22x5cm x1 103008","categoria":"Hogar-Bazar","subcategoria":"Accesorios De Cocina","precio":4526.55,"destacado":false,"descripcion":"","imagen":"assets/products/CA-379000103008.webp","tags":["molde","asadera","36x22x5cm","103008"]},{"id":"CA-379000103009","nombre":"MOLDE ASADERA 39x26x5cm x1 103009","categoria":"Hogar-Bazar","subcategoria":"Accesorios De Cocina","precio":5471.55,"destacado":false,"descripcion":"","imagen":"assets/products/CA-379000103009.webp","tags":["molde","asadera","39x26x5cm","103009"]},{"id":"CA-379000103004","nombre":"MOLDE BUDINERA 28x15x6cm x1 103004","categoria":"Hogar-Bazar","subcategoria":"Accesorios De Cocina","precio":3298.05,"destacado":false,"descripcion":"","imagen":"assets/products/CA-379000103004.webp","tags":["molde","budinera","28x15x6cm","103004"]},{"id":"CA-379000103047","nombre":"MOLDE BUDINERA 30x13x6cm 103047","categoria":"Hogar-Bazar","subcategoria":"Accesorios De Cocina","precio":4054.05,"destacado":false,"descripcion":"","imagen":"assets/products/CA-379000103047.webp","tags":["molde","budinera","30x13x6cm","103047"]},{"id":"CA-379000103005","nombre":"MOLDE BUDINERA 38x14x7cm x1 103005","categoria":"Hogar-Bazar","subcategoria":"Accesorios De Cocina","precio":4337.55,"destacado":false,"descripcion":"","imagen":"assets/products/CA-379000103005.webp","tags":["molde","budinera","38x14x7cm","103005"]},{"id":"CA-379000103035","nombre":"MOLDE MINI CUPCAKES 24 UNIDADES 35x26x1.5cm x1 103035","categoria":"Hogar-Bazar","subcategoria":"Accesorios De Cocina","precio":6227.55,"destacado":false,"descripcion":"","imagen":"assets/products/CA-379000103035.webp","tags":["molde","mini","cupcakes","unidades","35x26x1","5cm","103035"]},{"id":"CA-379000103027","nombre":"MOLDE MINI TORTERA 12x5cm x1 103027","categoria":"Hogar-Bazar","subcategoria":"Accesorios De Cocina","precio":4715.55,"destacado":false,"descripcion":"","imagen":"assets/products/CA-379000103027.webp","tags":["molde","mini","tortera","12x5cm","103027"]},{"id":"CA-379000104372","nombre":"MOLDE PAPEL FREIDORA AIRE REDONDO AIR FRYER x50 104372","categoria":"Hogar-Bazar","subcategoria":"Accesorios De Cocina","precio":3298.05,"destacado":false,"descripcion":"","imagen":"assets/products/CA-379000104372.webp","tags":["molde","papel","freidora","aire","redondo","air","fryer","x50","104372"]},{"id":"CA-379000104373","nombre":"MOLDE PAPEL FREIDORA DE AIRE CUADRADO AIR FRYER x50 104373","categoria":"Hogar-Bazar","subcategoria":"Accesorios De Cocina","precio":3086.78,"destacado":false,"descripcion":"","imagen":"assets/products/CA-379000104373.webp","tags":["molde","papel","freidora","aire","cuadrado","air","fryer","x50","104373"]},{"id":"CA-779000024399","nombre":"MOLDE PARA HELADO (SET x4) x1 CN18200","categoria":"Hogar-Bazar","subcategoria":"Accesorios De Cocina","precio":2840.5,"destacado":false,"descripcion":"","imagen":"assets/products/CA-779000024399.webp","tags":["molde","para","helado","set","cn18200"]},{"id":"CA-379000104308","nombre":"MOLDE PARA HELADO x1 104308","categoria":"Hogar-Bazar","subcategoria":"Accesorios De Cocina","precio":7058.39,"destacado":false,"descripcion":"","imagen":"assets/products/CA-379000104308.webp","tags":["molde","para","helado","104308"]},{"id":"CA-779000011567","nombre":"MOLDE SILICONA FLANERA 24cm APROX x1 DL5382","categoria":"Hogar-Bazar","subcategoria":"Accesorios De Cocina","precio":4302.73,"destacado":false,"descripcion":"","imagen":"assets/products/CA-779000011567.webp","tags":["molde","silicona","flanera","24cm","aprox","dl5382"]},{"id":"CA-779813201243","nombre":"ORGANIZADOR COLGANTE x1 201243","categoria":"Hogar-Bazar","subcategoria":"Accesorios De Cocina","precio":1494.81,"destacado":false,"descripcion":"","imagen":"assets/products/CA-779813201243.webp","tags":["organizador","colgante","201243"]},{"id":"CA-200020032642","nombre":"ORGANIZADOR PLASTICO 30x21cm x1 32642","categoria":"Hogar-Bazar","subcategoria":"Accesorios De Cocina","precio":5691.6,"destacado":false,"descripcion":"","imagen":"assets/products/CA-200020032642.webp","tags":["organizador","plastico","30x21cm","32642"]},{"id":"CA-200020032641","nombre":"ORGANIZADOR PLASTICO 35,5x22cm x1 32641","categoria":"Hogar-Bazar","subcategoria":"Accesorios De Cocina","precio":7420.17,"destacado":false,"descripcion":"","imagen":"assets/products/CA-200020032641.webp","tags":["organizador","plastico","5x22cm","32641"]},{"id":"CA-200020032450","nombre":"ORGANIZADOR PLASTICO CON MANIJA x1 32450","categoria":"Hogar-Bazar","subcategoria":"Accesorios De Cocina","precio":3617.33,"destacado":false,"descripcion":"","imagen":"assets/products/CA-200020032450.webp","tags":["organizador","plastico","con","manija","32450"]},{"id":"CA-200020032451","nombre":"ORGANIZADOR PLASTICO CON MANIJA x1 32451","categoria":"Hogar-Bazar","subcategoria":"Accesorios De Cocina","precio":5027.56,"destacado":false,"descripcion":"","imagen":"assets/products/CA-200020032451.webp","tags":["organizador","plastico","con","manija","32451"]},{"id":"CA-779813202354","nombre":"ORGANIZADOR PLASTICO CON MANIJA x1 4 LITROS 202354","categoria":"Hogar-Bazar","subcategoria":"Accesorios De Cocina","precio":3524.95,"destacado":false,"descripcion":"","imagen":"assets/products/CA-779813202354.webp","tags":["organizador","plastico","con","manija","litros","202354"]},{"id":"CA-779813201109","nombre":"PAÑO DE COCINA ABSORBENTE 38x50cm x1 ( varios colores) 201109","categoria":"Hogar-Bazar","subcategoria":"Accesorios De Cocina","precio":2646.72,"destacado":false,"descripcion":"","imagen":"assets/products/CA-779813201109.webp","tags":["paño","cocina","absorbente","38x50cm","varios","colores","201109"]},{"id":"CA-779000024390","nombre":"PAÑO ESCURRIDOR CON SOPORTE PARA PLATOS 59x42 x1 CN18063","categoria":"Hogar-Bazar","subcategoria":"Accesorios De Cocina","precio":11974.95,"destacado":false,"descripcion":"","imagen":"assets/products/CA-779000024390.webp","tags":["paño","escurridor","con","soporte","para","platos","59x42","cn18063"]},{"id":"CA-379000104294","nombre":"PICADOR DE AJO DE MANO x1 104294","categoria":"Hogar-Bazar","subcategoria":"Accesorios De Cocina","precio":7550.55,"destacado":false,"descripcion":"","imagen":"assets/products/CA-379000104294.webp","tags":["picador","ajo","mano","104294"]},{"id":"CA-379000104203","nombre":"PICADOR DE MANO x1 104203","categoria":"Hogar-Bazar","subcategoria":"Accesorios De Cocina","precio":6605.55,"destacado":false,"descripcion":"","imagen":"assets/products/CA-379000104203.webp","tags":["picador","mano","104203"]},{"id":"CA-779813202877","nombre":"PICADOR MANUAL x1 202877","categoria":"Hogar-Bazar","subcategoria":"Accesorios De Cocina","precio":3294.66,"destacado":false,"descripcion":"","imagen":"assets/products/CA-779813202877.webp","tags":["picador","manual","202877"]},{"id":"CA-200020054374","nombre":"PINCEL SILICONADO GRIS 25cm x1 54374","categoria":"Hogar-Bazar","subcategoria":"Accesorios De Cocina","precio":1735.58,"destacado":false,"descripcion":"","imagen":"assets/products/CA-200020054374.webp","tags":["pincel","siliconado","gris","25cm","54374"]},{"id":"CA-200020154374","nombre":"PINCEL SILICONADO NEGRO 25cm x1 54374-N","categoria":"Hogar-Bazar","subcategoria":"Accesorios De Cocina","precio":1735.58,"destacado":false,"descripcion":"","imagen":"assets/products/CA-200020154374.webp","tags":["pincel","siliconado","negro","25cm","54374"]},{"id":"CA-779000025144","nombre":"PISA AJO ACERO MANGO PLASTICO COLOR 18x4.5 CN17914","categoria":"Hogar-Bazar","subcategoria":"Accesorios De Cocina","precio":3981.25,"destacado":false,"descripcion":"","imagen":"assets/products/CA-779000025144.webp","tags":["pisa","ajo","acero","mango","plastico","color","18x4","cn17914"]},{"id":"CA-779000025229","nombre":"PLACA ANTIADHERENTE GRIS PARA 12 CUPCAKE x1 CN18834","categoria":"Hogar-Bazar","subcategoria":"Accesorios De Cocina","precio":6838.0,"destacado":false,"descripcion":"","imagen":"assets/products/CA-779000025229.webp","tags":["placa","antiadherente","gris","para","cupcake","cn18834"]},{"id":"CA-692924202730","nombre":"PLACA ANTIADHERENTE PARA 6 CUPCAKES x1 YW20-273","categoria":"Hogar-Bazar","subcategoria":"Accesorios De Cocina","precio":3581.55,"destacado":false,"descripcion":"","imagen":"assets/products/CA-692924202730.webp","tags":["placa","antiadherente","para","cupcakes","yw20","273"]},{"id":"CA-200020052139","nombre":"PORTAROLLO DE COCINA CON MADERA x1 52139","categoria":"Hogar-Bazar","subcategoria":"Accesorios De Cocina","precio":5971.12,"destacado":false,"descripcion":"","imagen":"assets/products/CA-200020052139.webp","tags":["portarollo","cocina","con","madera","52139"]},{"id":"CA-379004186453","nombre":"PORTAROLLO DE COCINA NEGRO 15x30cm x1 4186453","categoria":"Hogar-Bazar","subcategoria":"Accesorios De Cocina","precio":3934.7,"destacado":false,"descripcion":"","imagen":"assets/products/CA-379004186453.webp","tags":["portarollo","cocina","negro","15x30cm","4186453"]},{"id":"CA-200020040147","nombre":"PORTAROLLO DE COCINA NEGRO 27x13.5cm x1 40147","categoria":"Hogar-Bazar","subcategoria":"Accesorios De Cocina","precio":970.23,"destacado":false,"descripcion":"","imagen":"assets/products/CA-200020040147.webp","tags":["portarollo","cocina","negro","27x13","5cm","40147"]},{"id":"CA-200020050647","nombre":"RALLADOR 6 CARAS NEGRO x1 50647","categoria":"Hogar-Bazar","subcategoria":"Accesorios De Cocina","precio":5531.98,"destacado":false,"descripcion":"NUEVO 17/12/2025","imagen":"assets/products/CA-200020050647.webp","tags":["rallador","caras","negro","50647"]},{"id":"CA-779000025141","nombre":"RALLADOR NUEZ MOSCADA 3 CARAS x1 CN17911","categoria":"Hogar-Bazar","subcategoria":"Accesorios De Cocina","precio":919.75,"destacado":false,"descripcion":"","imagen":"assets/products/CA-779000025141.webp","tags":["rallador","nuez","moscada","caras","cn17911"]},{"id":"CA-692232785629","nombre":"RECIPIENTE DECORATIVO MULTIUSO 25cm x1 20749A/B","categoria":"Hogar-Bazar","subcategoria":"Accesorios De Cocina","precio":4958.2,"destacado":false,"descripcion":"","imagen":"assets/products/CA-692232785629.webp","tags":["recipiente","decorativo","multiuso","25cm","20749a"]},{"id":"CA-692232786040","nombre":"RECIPIENTE DECORATIVO MULTIUSO 25cm x1 20749B","categoria":"Hogar-Bazar","subcategoria":"Accesorios De Cocina","precio":4958.2,"destacado":false,"descripcion":"","imagen":"assets/products/CA-692232786040.webp","tags":["recipiente","decorativo","multiuso","25cm","20749b"]}]}