{"category_slug":"descartables","subcategory_slug":"pirotines","page":2,"page_size":48,"total":77,"items":[{"id":"CA-000000035588","nombre":"PIROTIN CUPCAKE Nº10 SURTIDO ROSA (CONVIDA) CAJA x500","categoria":"Descartables","subcategoria":"Pirotines","precio":12593.6,"destacado":false,"descripcion":"","imagen":"assets/products/CA-000000035588.webp","tags":["pirotin","cupcake","nº10","surtido","rosa","convida","caja","x500"]},{"id":"CA-000000036491","nombre":"PIROTIN CUPCAKE Nº10 SURTIDO VERDE AGUA (CONVIDA) CAJA x500","categoria":"Descartables","subcategoria":"Pirotines","precio":12593.6,"destacado":false,"descripcion":"","imagen":"assets/products/CA-000000036491.webp","tags":["pirotin","cupcake","nº10","surtido","verde","agua","convida","caja","x500"]},{"id":"CA-000000031046","nombre":"PIROTIN CUPCAKE Nº8 DISEÑOS SURTIDO (CONVIDA) CAJA x1000","categoria":"Descartables","subcategoria":"Pirotines","precio":15300.0,"destacado":false,"descripcion":"","imagen":"assets/products/CA-000000031046.webp","tags":["pirotin","cupcake","nº8","diseños","surtido","convida","caja","x1000"]},{"id":"CA-000000032826","nombre":"PIROTIN CUPCAKE Nº8 LISO MULTICOLOR (CONVIDA) CAJA x1000","categoria":"Descartables","subcategoria":"Pirotines","precio":14892.0,"destacado":false,"descripcion":"","imagen":"assets/products/CA-000000032826.webp","tags":["pirotin","cupcake","nº8","liso","multicolor","convida","caja","x1000"]},{"id":"CA-000000043296","nombre":"PIROTIN CUPCAKE Nº8 LUNAR SURTIDO PASTEL (CONVIDA) CAJA x1000","categoria":"Descartables","subcategoria":"Pirotines","precio":14892.0,"destacado":false,"descripcion":"","imagen":"assets/products/CA-000000043296.webp","tags":["pirotin","cupcake","nº8","lunar","surtido","pastel","convida","caja","x1000"]},{"id":"CA-000000039239","nombre":"PIROTIN CUPCAKE Nº8 SURTIDO CELESTE (CONVIDA) CAJA x1000","categoria":"Descartables","subcategoria":"Pirotines","precio":14892.0,"destacado":false,"descripcion":"","imagen":"assets/products/CA-000000039239.webp","tags":["pirotin","cupcake","nº8","surtido","celeste","convida","caja","x1000"]},{"id":"CA-000000039240","nombre":"PIROTIN CUPCAKE Nº8 SURTIDO ROJO (CONVIDA) CAJA x1000","categoria":"Descartables","subcategoria":"Pirotines","precio":14892.0,"destacado":false,"descripcion":"","imagen":"assets/products/CA-000000039240.webp","tags":["pirotin","cupcake","nº8","surtido","rojo","convida","caja","x1000"]},{"id":"CA-000000039238","nombre":"PIROTIN CUPCAKE Nº8 SURTIDO ROSA (CONVIDA) CAJA x1000","categoria":"Descartables","subcategoria":"Pirotines","precio":14892.0,"destacado":false,"descripcion":"","imagen":"assets/products/CA-000000039238.webp","tags":["pirotin","cupcake","nº8","surtido","rosa","convida","caja","x1000"]},{"id":"CA-000000112010","nombre":"PIROTIN PARA CUPCAKE BLANCO Nº10 CAJA x1000","categoria":"Descartables","subcategoria":"Pirotines","precio":10730.93,"destacado":false,"descripcion":"","imagen":"assets/products/CA-000000112010.webp","tags":["pirotin","para","cupcake","blanco","nº10","caja","x1000"]},{"id":"CA-000000111010","nombre":"PIROTIN PARA CUPCAKE COMUN Nº10 CAJA x1000","categoria":"Descartables","subcategoria":"Pirotines","precio":10730.93,"destacado":false,"descripcion":"","imagen":"assets/products/CA-000000111010.webp","tags":["pirotin","para","cupcake","comun","nº10","caja","x1000"]},{"id":"CA-000000111004","nombre":"PIROTIN PARA CUPCAKE COMUN Nº4 CAJA  x1000","categoria":"Descartables","subcategoria":"Pirotines","precio":2971.75,"destacado":false,"descripcion":"","imagen":"assets/products/CA-000000111004.webp","tags":["pirotin","para","cupcake","comun","nº4","caja","x1000"]},{"id":"CA-000000111005","nombre":"PIROTIN PARA CUPCAKE COMUN Nº5 CAJA  x1000","categoria":"Descartables","subcategoria":"Pirotines","precio":3635.49,"destacado":false,"descripcion":"","imagen":"assets/products/CA-000000111005.webp","tags":["pirotin","para","cupcake","comun","nº5","caja","x1000"]},{"id":"CA-000000111007","nombre":"PIROTIN PARA CUPCAKE COMUN Nº7 CAJA x 1000","categoria":"Descartables","subcategoria":"Pirotines","precio":4943.12,"destacado":false,"descripcion":"","imagen":"assets/products/CA-000000111007.webp","tags":["pirotin","para","cupcake","comun","nº7","caja","1000"]},{"id":"CA-000000111008","nombre":"PIROTIN PARA CUPCAKE COMUN Nº8 CAJA   x1000","categoria":"Descartables","subcategoria":"Pirotines","precio":5963.21,"destacado":false,"descripcion":"","imagen":"assets/products/CA-000000111008.webp","tags":["pirotin","para","cupcake","comun","nº8","caja","x1000"]},{"id":"CA-000000112009","nombre":"PIROTIN PARA CUPCAKE COMUN Nº9 CAJA  x1000","categoria":"Descartables","subcategoria":"Pirotines","precio":6058.77,"destacado":false,"descripcion":"","imagen":"assets/products/CA-000000112009.webp","tags":["pirotin","para","cupcake","comun","nº9","caja","x1000"]},{"id":"CA-000000111009","nombre":"PIROTIN PARA CUPCAKE COMUN Nº9 CAJA x 1000","categoria":"Descartables","subcategoria":"Pirotines","precio":6058.77,"destacado":false,"descripcion":"","imagen":"assets/products/CA-000000111009.webp","tags":["pirotin","para","cupcake","comun","nº9","caja","1000"]},{"id":"CA-000000039533","nombre":"TULIPAS DE PAPEL BLANCA (MPACK) x50 TULPL12","categoria":"Descartables","subcategoria":"Pirotines","precio":3182.76,"destacado":false,"descripcion":"","imagen":"assets/products/CA-000000039533.webp","tags":["tulipas","papel","blanca","mpack","x50","tulpl12"]},{"id":"CA-000000039532","nombre":"TULIPAS DE PAPEL CELESTE (MPACK) x50 TULPL5","categoria":"Descartables","subcategoria":"Pirotines","precio":3182.76,"destacado":false,"descripcion":"","imagen":"assets/products/CA-000000039532.webp","tags":["tulipas","papel","celeste","mpack","x50","tulpl5"]},{"id":"CA-000000057779","nombre":"TULIPAS DE PAPEL FLORES  (MPACK) x25u. TUL503","categoria":"Descartables","subcategoria":"Pirotines","precio":4943.16,"destacado":false,"descripcion":"","imagen":"assets/products/CA-000000057779.webp","tags":["tulipas","papel","flores","mpack","x25u","tul503"]},{"id":"CA-000000057782","nombre":"TULIPAS DE PAPEL LUNARES FONDO BEIGE (MPACK) x25u. TUL 502","categoria":"Descartables","subcategoria":"Pirotines","precio":4943.16,"destacado":false,"descripcion":"","imagen":"assets/products/CA-000000057782.webp","tags":["tulipas","papel","lunares","fondo","beige","mpack","x25u","tul","502"]},{"id":"CA-000000058356","nombre":"TULIPAS DE PAPEL LUNARES FONDO MARRON (MPACK) x25u. TUL","categoria":"Descartables","subcategoria":"Pirotines","precio":4943.16,"destacado":false,"descripcion":"","imagen":"assets/products/CA-000000058356.webp","tags":["tulipas","papel","lunares","fondo","marron","mpack","x25u","tul"]},{"id":"CA-000000057781","nombre":"TULIPAS DE PAPEL LUNARES FONDO ROSA  (MPACK) x25u. TUL501","categoria":"Descartables","subcategoria":"Pirotines","precio":4943.16,"destacado":false,"descripcion":"","imagen":"assets/products/CA-000000057781.webp","tags":["tulipas","papel","lunares","fondo","rosa","mpack","x25u","tul501"]},{"id":"CA-000000043796","nombre":"TULIPAS DE PAPEL MARRON (MPACK) x50 TULPL4","categoria":"Descartables","subcategoria":"Pirotines","precio":3182.76,"destacado":false,"descripcion":"","imagen":"assets/products/CA-000000043796.webp","tags":["tulipas","papel","marron","mpack","x50","tulpl4"]},{"id":"CA-000000057778","nombre":"TULIPAS DE PAPEL MULTICOLOR PASTEL  (MPACK) x25u. TUL5009","categoria":"Descartables","subcategoria":"Pirotines","precio":4943.16,"destacado":false,"descripcion":"","imagen":"assets/products/CA-000000057778.webp","tags":["tulipas","papel","multicolor","pastel","mpack","x25u","tul5009"]},{"id":"CA-000000056857","nombre":"TULIPAS DE PAPEL MUTICOLOR (MPACK) x200 TUL5001","categoria":"Descartables","subcategoria":"Pirotines","precio":14830.56,"destacado":false,"descripcion":"","imagen":"assets/products/CA-000000056857.webp","tags":["tulipas","papel","muticolor","mpack","x200","tul5001"]},{"id":"CA-000000056852","nombre":"TULIPAS DE PAPEL NEGRA (MPACK) x50 TULPL02","categoria":"Descartables","subcategoria":"Pirotines","precio":3182.76,"destacado":false,"descripcion":"","imagen":"assets/products/CA-000000056852.webp","tags":["tulipas","papel","negra","mpack","x50","tulpl02"]},{"id":"CA-000000056854","nombre":"TULIPAS DE PAPEL ROJA (MPACK) x50 TULPL09","categoria":"Descartables","subcategoria":"Pirotines","precio":3182.76,"destacado":false,"descripcion":"","imagen":"assets/products/CA-000000056854.webp","tags":["tulipas","papel","roja","mpack","x50","tulpl09"]},{"id":"CA-000000039534","nombre":"TULIPAS DE PAPEL ROSA (MPACK) x50 TULPL10","categoria":"Descartables","subcategoria":"Pirotines","precio":3182.76,"destacado":false,"descripcion":"","imagen":"assets/products/CA-000000039534.webp","tags":["tulipas","papel","rosa","mpack","x50","tulpl10"]},{"id":"CA-000000056856","nombre":"TULIPAS DE PAPEL VERDE (MPACK) x50 TULPL06","categoria":"Descartables","subcategoria":"Pirotines","precio":3182.76,"destacado":false,"descripcion":"","imagen":"assets/products/CA-000000056856.webp","tags":["tulipas","papel","verde","mpack","x50","tulpl06"]}]}