{"category_slug":"descartables","subcategory_slug":"pirotines","page":1,"page_size":48,"total":77,"items":[{"id":"CA-000000053584","nombre":"PIROTIN CUPCAKE KRAFT Nº10 (M-PACK) x1000 3610","categoria":"Descartables","subcategoria":"Pirotines","precio":11359.44,"destacado":false,"descripcion":"","imagen":"assets/products/CA-000000053584.webp","tags":["pirotin","cupcake","kraft","nº10","pack","x1000","3610"]},{"id":"CA-000000054330","nombre":"PIROTIN CUPCAKE KRAFT Nº5 (M-PACK) x1000","categoria":"Descartables","subcategoria":"Pirotines","precio":4545.72,"destacado":false,"descripcion":"","imagen":"assets/products/CA-000000054330.webp","tags":["pirotin","cupcake","kraft","nº5","pack","x1000"]},{"id":"CA-000000054329","nombre":"PIROTIN CUPCAKE KRAFT Nº8 (M-PACK) x1000 PL12","categoria":"Descartables","subcategoria":"Pirotines","precio":7000.56,"destacado":false,"descripcion":"","imagen":"assets/products/CA-000000054329.webp","tags":["pirotin","cupcake","kraft","nº8","pack","x1000","pl12"]},{"id":"CA-000000027060","nombre":"PIROTIN CUPCAKE Nº 8 (M-PACK) LISO AMARILLO LIMON CAJA x500 APROX.PL1","categoria":"Descartables","subcategoria":"Pirotines","precio":8155.08,"destacado":false,"descripcion":"","imagen":"assets/products/CA-000000027060.webp","tags":["pirotin","cupcake","pack","liso","amarillo","limon","caja","x500","aprox","pl1"]},{"id":"CA-000000027064","nombre":"PIROTIN CUPCAKE Nº 8 (M-PACK) LISO CELESTE CAJA x500 APROX.PL5","categoria":"Descartables","subcategoria":"Pirotines","precio":8155.08,"destacado":false,"descripcion":"","imagen":"assets/products/CA-000000027064.webp","tags":["pirotin","cupcake","pack","liso","celeste","caja","x500","aprox","pl5"]},{"id":"CA-000000027080","nombre":"PIROTIN CUPCAKE Nº 8 (M-PACK) LISO FUCSIA CAJA x500 APROX. PL8","categoria":"Descartables","subcategoria":"Pirotines","precio":8155.08,"destacado":false,"descripcion":"","imagen":"assets/products/CA-000000027080.webp","tags":["pirotin","cupcake","pack","liso","fucsia","caja","x500","aprox","pl8"]},{"id":"CA-000000057993","nombre":"PIROTIN CUPCAKE Nº 8 (M-PACK) LISO MODELOS SURTIDOS CAJA x100 PIR5014","categoria":"Descartables","subcategoria":"Pirotines","precio":3059.1,"destacado":false,"descripcion":"","imagen":"assets/products/CA-000000057993.webp","tags":["pirotin","cupcake","pack","liso","modelos","surtidos","caja","x100","pir5014"]},{"id":"CA-000000027061","nombre":"PIROTIN CUPCAKE Nº 8 (M-PACK) LISO NEGRO CAJA x500 APROX.PL2","categoria":"Descartables","subcategoria":"Pirotines","precio":8155.08,"destacado":false,"descripcion":"","imagen":"assets/products/CA-000000027061.webp","tags":["pirotin","cupcake","pack","liso","negro","caja","x500","aprox","pl2"]},{"id":"CA-000000027091","nombre":"PIROTIN CUPCAKE Nº 8 (M-PACK) LISO ROJO CAJA x500 APROX PL9","categoria":"Descartables","subcategoria":"Pirotines","precio":8155.08,"destacado":false,"descripcion":"","imagen":"assets/products/CA-000000027091.webp","tags":["pirotin","cupcake","pack","liso","rojo","caja","x500","aprox","pl9"]},{"id":"CA-000000058277","nombre":"PIROTIN CUPCAKE Nº 8 (M-PACK) LISO ROSA CAJA x500 APROX PL10","categoria":"Descartables","subcategoria":"Pirotines","precio":8155.08,"destacado":false,"descripcion":"","imagen":"assets/products/CA-000000058277.webp","tags":["pirotin","cupcake","pack","liso","rosa","caja","x500","aprox","pl10"]},{"id":"CA-000000027065","nombre":"PIROTIN CUPCAKE Nº 8 (M-PACK) LISO VERDE MANZANA CAJA x500 APROX PL6","categoria":"Descartables","subcategoria":"Pirotines","precio":8155.08,"destacado":false,"descripcion":"","imagen":"assets/products/CA-000000027065.webp","tags":["pirotin","cupcake","pack","liso","verde","manzana","caja","x500","aprox","pl6"]},{"id":"CA-000000027062","nombre":"PIROTIN CUPCAKE Nº 8 (M-PACK) LISO VIOLETA CAJA x500 APROX PL3","categoria":"Descartables","subcategoria":"Pirotines","precio":8155.08,"destacado":false,"descripcion":"","imagen":"assets/products/CA-000000027062.webp","tags":["pirotin","cupcake","pack","liso","violeta","caja","x500","aprox","pl3"]},{"id":"CA-000000039831","nombre":"PIROTIN CUPCAKE Nº 8 (M-PACK) LUNAR SURTIDO CAJA x 500","categoria":"Descartables","subcategoria":"Pirotines","precio":10960.92,"destacado":false,"descripcion":"","imagen":"assets/products/CA-000000039831.webp","tags":["pirotin","cupcake","pack","lunar","surtido","caja","500"]},{"id":"CA-000000027143","nombre":"PIROTIN CUPCAKE Nº 8 (M-PACK) METALIZADO DORADO CAJA x200 PM1","categoria":"Descartables","subcategoria":"Pirotines","precio":13092.84,"destacado":false,"descripcion":"","imagen":"assets/products/CA-000000027143.webp","tags":["pirotin","cupcake","pack","metalizado","dorado","caja","x200","pm1"]},{"id":"CA-000000027145","nombre":"PIROTIN CUPCAKE Nº 8 (M-PACK) METALIZADO PLATEADO CAJA x200 PM2","categoria":"Descartables","subcategoria":"Pirotines","precio":13092.84,"destacado":false,"descripcion":"","imagen":"assets/products/CA-000000027145.webp","tags":["pirotin","cupcake","pack","metalizado","plateado","caja","x200","pm2"]},{"id":"CA-000000043986","nombre":"PIROTIN CUPCAKE Nº 8 (M-PACK) METALIZADO ROSA GOLD CAJA x200 PM1","categoria":"Descartables","subcategoria":"Pirotines","precio":13092.84,"destacado":false,"descripcion":"","imagen":"assets/products/CA-000000043986.webp","tags":["pirotin","cupcake","pack","metalizado","rosa","gold","caja","x200","pm1"]},{"id":"CA-000000041968","nombre":"PIROTIN CUPCAKE Nº 8 (M-PACK) MULTICOLOR PASTELES CAJA x 500 PIR 5009.8","categoria":"Descartables","subcategoria":"Pirotines","precio":10960.92,"destacado":false,"descripcion":"","imagen":"assets/products/CA-000000041968.webp","tags":["pirotin","cupcake","pack","multicolor","pasteles","caja","500","pir","5009"]},{"id":"CA-000000039830","nombre":"PIROTIN CUPCAKE Nº10 (M-PACK) BASE COLOR LUNAR SURTIDO x510 PIR 5001","categoria":"Descartables","subcategoria":"Pirotines","precio":16248.6,"destacado":false,"descripcion":"","imagen":"assets/products/CA-000000039830.webp","tags":["pirotin","cupcake","nº10","pack","base","color","lunar","surtido","x510","pir","5001"]},{"id":"CA-000000057991","nombre":"PIROTIN CUPCAKE Nº10 (M-PACK) FLORES CAJA x255u.PIR0503","categoria":"Descartables","subcategoria":"Pirotines","precio":7341.84,"destacado":false,"descripcion":"","imagen":"assets/products/CA-000000057991.webp","tags":["pirotin","cupcake","nº10","pack","flores","caja","x255u","pir0503"]},{"id":"CA-000000049986","nombre":"PIROTIN CUPCAKE Nº10 (M-PACK) FLUO SURTIDO x210 PIR5013","categoria":"Descartables","subcategoria":"Pirotines","precio":24569.77,"destacado":false,"descripcion":"","imagen":"assets/products/CA-000000049986.webp","tags":["pirotin","cupcake","nº10","pack","fluo","surtido","x210","pir5013"]},{"id":"CA-000000057992","nombre":"PIROTIN CUPCAKE Nº10 (M-PACK) FUTBOL CAJA x255u.PIR0504","categoria":"Descartables","subcategoria":"Pirotines","precio":7341.84,"destacado":false,"descripcion":"","imagen":"assets/products/CA-000000057992.webp","tags":["pirotin","cupcake","nº10","pack","futbol","caja","x255u","pir0504"]},{"id":"CA-000000026264","nombre":"PIROTIN CUPCAKE Nº10 (M-PACK) LISO AMARILLO LIMON CAJA x510 PL1","categoria":"Descartables","subcategoria":"Pirotines","precio":12050.64,"destacado":false,"descripcion":"","imagen":"assets/products/CA-000000026264.webp","tags":["pirotin","cupcake","nº10","pack","liso","amarillo","limon","caja","x510","pl1"]},{"id":"CA-000000026352","nombre":"PIROTIN CUPCAKE Nº10 (M-PACK) LISO AZUL CAJA x510 PL11","categoria":"Descartables","subcategoria":"Pirotines","precio":12050.64,"destacado":false,"descripcion":"","imagen":"assets/products/CA-000000026352.webp","tags":["pirotin","cupcake","nº10","pack","liso","azul","caja","x510","pl11"]},{"id":"CA-000000035908","nombre":"PIROTIN CUPCAKE Nº10 (M-PACK) LISO BLANCO CAJA x510 PL12","categoria":"Descartables","subcategoria":"Pirotines","precio":11145.6,"destacado":false,"descripcion":"","imagen":"assets/products/CA-000000035908.webp","tags":["pirotin","cupcake","nº10","pack","liso","blanco","caja","x510","pl12"]},{"id":"CA-000000026266","nombre":"PIROTIN CUPCAKE Nº10 (M-PACK) LISO CELESTE CAJA x510 PL5","categoria":"Descartables","subcategoria":"Pirotines","precio":12050.64,"destacado":false,"descripcion":"","imagen":"assets/products/CA-000000026266.webp","tags":["pirotin","cupcake","nº10","pack","liso","celeste","caja","x510","pl5"]},{"id":"CA-000000026329","nombre":"PIROTIN CUPCAKE Nº10 (M-PACK) LISO FUCSIA CAJA x510 PL8","categoria":"Descartables","subcategoria":"Pirotines","precio":12050.64,"destacado":false,"descripcion":"","imagen":"assets/products/CA-000000026329.webp","tags":["pirotin","cupcake","nº10","pack","liso","fucsia","caja","x510","pl8"]},{"id":"CA-000000042024","nombre":"PIROTIN CUPCAKE Nº10 (M-PACK) LISO MULTICOLOR CAJA x510 PIR-5010","categoria":"Descartables","subcategoria":"Pirotines","precio":16248.6,"destacado":false,"descripcion":"","imagen":"assets/products/CA-000000042024.webp","tags":["pirotin","cupcake","nº10","pack","liso","multicolor","caja","x510","pir","5010"]},{"id":"CA-000000046658","nombre":"PIROTIN CUPCAKE Nº10 (M-PACK) LISO NARANJA CAJA x510 PL7","categoria":"Descartables","subcategoria":"Pirotines","precio":12050.64,"destacado":false,"descripcion":"","imagen":"assets/products/CA-000000046658.webp","tags":["pirotin","cupcake","nº10","pack","liso","naranja","caja","x510","pl7"]},{"id":"CA-000000026353","nombre":"PIROTIN CUPCAKE Nº10 (M-PACK) LISO NEGRO CAJA x510 PL2","categoria":"Descartables","subcategoria":"Pirotines","precio":12050.64,"destacado":false,"descripcion":"","imagen":"assets/products/CA-000000026353.webp","tags":["pirotin","cupcake","nº10","pack","liso","negro","caja","x510","pl2"]},{"id":"CA-000000026330","nombre":"PIROTIN CUPCAKE Nº10 (M-PACK) LISO ROJO CAJA x510 PL9","categoria":"Descartables","subcategoria":"Pirotines","precio":12050.64,"destacado":false,"descripcion":"","imagen":"assets/products/CA-000000026330.webp","tags":["pirotin","cupcake","nº10","pack","liso","rojo","caja","x510","pl9"]},{"id":"CA-000000026351","nombre":"PIROTIN CUPCAKE Nº10 (M-PACK) LISO ROSA CAJA x510  PL10","categoria":"Descartables","subcategoria":"Pirotines","precio":12050.64,"destacado":false,"descripcion":"","imagen":"assets/products/CA-000000026351.webp","tags":["pirotin","cupcake","nº10","pack","liso","rosa","caja","x510","pl10"]},{"id":"CA-000000026328","nombre":"PIROTIN CUPCAKE Nº10 (M-PACK) LISO VERDE MANZANA CAJA x510 PL6","categoria":"Descartables","subcategoria":"Pirotines","precio":12050.64,"destacado":false,"descripcion":"","imagen":"assets/products/CA-000000026328.webp","tags":["pirotin","cupcake","nº10","pack","liso","verde","manzana","caja","x510","pl6"]},{"id":"CA-000000036425","nombre":"PIROTIN CUPCAKE Nº10 (M-PACK) LISO VIOLETA CAJA x510 PL3","categoria":"Descartables","subcategoria":"Pirotines","precio":12050.64,"destacado":false,"descripcion":"","imagen":"assets/products/CA-000000036425.webp","tags":["pirotin","cupcake","nº10","pack","liso","violeta","caja","x510","pl3"]},{"id":"CA-000000037446","nombre":"PIROTIN CUPCAKE Nº10 (M-PACK) LUNARES MULTICOLOR CAJA x510 PIR-310","categoria":"Descartables","subcategoria":"Pirotines","precio":12050.64,"destacado":false,"descripcion":"","imagen":"assets/products/CA-000000037446.webp","tags":["pirotin","cupcake","nº10","pack","lunares","multicolor","caja","x510","pir","310"]},{"id":"CA-000000026910","nombre":"PIROTIN CUPCAKE Nº10 (M-PACK) METALIZADO DORADO x200 PM1","categoria":"Descartables","subcategoria":"Pirotines","precio":16497.0,"destacado":false,"descripcion":"","imagen":"assets/products/CA-000000026910.webp","tags":["pirotin","cupcake","nº10","pack","metalizado","dorado","x200","pm1"]},{"id":"CA-000000040461","nombre":"PIROTIN CUPCAKE Nº10 (M-PACK) METALIZADO NEGRO CAJA x200","categoria":"Descartables","subcategoria":"Pirotines","precio":16497.0,"destacado":false,"descripcion":"","imagen":"assets/products/CA-000000040461.webp","tags":["pirotin","cupcake","nº10","pack","metalizado","negro","caja","x200"]},{"id":"CA-000000026936","nombre":"PIROTIN CUPCAKE Nº10 (M-PACK) METALIZADO PLATEADO x200 PM2","categoria":"Descartables","subcategoria":"Pirotines","precio":16497.0,"destacado":false,"descripcion":"","imagen":"assets/products/CA-000000026936.webp","tags":["pirotin","cupcake","nº10","pack","metalizado","plateado","x200","pm2"]},{"id":"CA-000000043985","nombre":"PIROTIN CUPCAKE Nº10 (M-PACK) METALIZADO ROSA GOLD x200 PM1","categoria":"Descartables","subcategoria":"Pirotines","precio":16497.0,"destacado":false,"descripcion":"","imagen":"assets/products/CA-000000043985.webp","tags":["pirotin","cupcake","nº10","pack","metalizado","rosa","gold","x200","pm1"]},{"id":"CA-000000040320","nombre":"PIROTIN CUPCAKE Nº10 (M-PACK) MULTICOLOR PASTELES CAJA x510 PIR5009","categoria":"Descartables","subcategoria":"Pirotines","precio":16248.6,"destacado":false,"descripcion":"","imagen":"assets/products/CA-000000040320.webp","tags":["pirotin","cupcake","nº10","pack","multicolor","pasteles","caja","x510","pir5009"]},{"id":"CA-000000056586","nombre":"PIROTIN CUPCAKE Nº10 CAPIBARA (CONVIDA) CAJA x500","categoria":"Descartables","subcategoria":"Pirotines","precio":12593.6,"destacado":false,"descripcion":"","imagen":"assets/products/CA-000000056586.webp","tags":["pirotin","cupcake","nº10","capibara","convida","caja","x500"]},{"id":"CA-000000043770","nombre":"PIROTIN CUPCAKE Nº10 COLORES PASTEL SURTIDO (CONVIDA) x500","categoria":"Descartables","subcategoria":"Pirotines","precio":14164.4,"destacado":false,"descripcion":"","imagen":"assets/products/CA-000000043770.webp","tags":["pirotin","cupcake","nº10","colores","pastel","surtido","convida","x500"]},{"id":"CA-000000035225","nombre":"PIROTIN CUPCAKE Nº10 CORAZONES COMPOSE (CONVIDA) CAJA x500","categoria":"Descartables","subcategoria":"Pirotines","precio":12593.6,"destacado":false,"descripcion":"","imagen":"assets/products/CA-000000035225.webp","tags":["pirotin","cupcake","nº10","corazones","compose","convida","caja","x500"]},{"id":"CA-000000041570","nombre":"PIROTIN CUPCAKE Nº10 FRASES SURTIDAS (CONVIDA) CAJA x500","categoria":"Descartables","subcategoria":"Pirotines","precio":12593.6,"destacado":false,"descripcion":"","imagen":"assets/products/CA-000000041570.webp","tags":["pirotin","cupcake","nº10","frases","surtidas","convida","caja","x500"]},{"id":"CA-000000037129","nombre":"PIROTIN CUPCAKE Nº10 GRANJA (CONVIDA) CAJA x500","categoria":"Descartables","subcategoria":"Pirotines","precio":12593.6,"destacado":false,"descripcion":"","imagen":"assets/products/CA-000000037129.webp","tags":["pirotin","cupcake","nº10","granja","convida","caja","x500"]},{"id":"CA-000000032825","nombre":"PIROTIN CUPCAKE Nº10 LISO MULTICOLOR (CONVIDA) CAJAx1000","categoria":"Descartables","subcategoria":"Pirotines","precio":23664.0,"destacado":false,"descripcion":"","imagen":"assets/products/CA-000000032825.webp","tags":["pirotin","cupcake","nº10","liso","multicolor","convida","cajax1000"]},{"id":"CA-000000039468","nombre":"PIROTIN CUPCAKE Nº10 LUNAR SURTIDO PASTEL (CONVIDA) CAJA x500","categoria":"Descartables","subcategoria":"Pirotines","precio":12593.6,"destacado":false,"descripcion":"","imagen":"assets/products/CA-000000039468.webp","tags":["pirotin","cupcake","nº10","lunar","surtido","pastel","convida","caja","x500"]},{"id":"CA-000000035589","nombre":"PIROTIN CUPCAKE Nº10 SURTIDO CELESTE (CONVIDA) CAJA x500","categoria":"Descartables","subcategoria":"Pirotines","precio":12593.6,"destacado":false,"descripcion":"","imagen":"assets/products/CA-000000035589.webp","tags":["pirotin","cupcake","nº10","surtido","celeste","convida","caja","x500"]},{"id":"CA-000000035591","nombre":"PIROTIN CUPCAKE Nº10 SURTIDO ROJO (CONVIDA) CAJA x500","categoria":"Descartables","subcategoria":"Pirotines","precio":12593.6,"destacado":false,"descripcion":"","imagen":"assets/products/CA-000000035591.webp","tags":["pirotin","cupcake","nº10","surtido","rojo","convida","caja","x500"]}]}