{"category_slug":"adornos_y_complementos_para_torta","subcategory_slug":"complementos_de_azucar_glace_pastillaje","page":1,"page_size":48,"total":29,"items":[{"id":"CA-000000050825","nombre":"APLIQUE ANIMALITO GLASE PARA HUEVO CARITAS DE CONEJO SURTIDOS x10u.","categoria":"Adornos Y Complementos Para Torta","subcategoria":"Complementos De Azucar / Glace / Pastillaje","precio":2279.2,"destacado":false,"descripcion":"","imagen":"assets/products/CA-000000050825.webp","tags":["aplique","animalito","glase","para","huevo","caritas","conejo","surtidos","x10u"]},{"id":"CA-000000053424","nombre":"APLIQUE ANIMALITO PASTILLAJE CONEJITO MINI BLANCO x20u.","categoria":"Adornos Y Complementos Para Torta","subcategoria":"Complementos De Azucar / Glace / Pastillaje","precio":2279.2,"destacado":false,"descripcion":"","imagen":"assets/products/CA-000000053424.webp","tags":["aplique","animalito","pastillaje","conejito","mini","blanco","x20u"]},{"id":"CA-000000055139","nombre":"APLIQUE ANIMALITO PASTILLAJE PARA HUEVO CISNE AMARILLO x8 UNIDADES","categoria":"Adornos Y Complementos Para Torta","subcategoria":"Complementos De Azucar / Glace / Pastillaje","precio":1778.0,"destacado":false,"descripcion":"","imagen":"assets/products/CA-000000055139.webp","tags":["aplique","animalito","pastillaje","para","huevo","cisne","amarillo","unidades"]},{"id":"CA-000000055143","nombre":"APLIQUE ANIMALITO PASTILLAJE PARA HUEVO CISNE ARCOIRIS x8 UNIDADES","categoria":"Adornos Y Complementos Para Torta","subcategoria":"Complementos De Azucar / Glace / Pastillaje","precio":1778.0,"destacado":false,"descripcion":"","imagen":"assets/products/CA-000000055143.webp","tags":["aplique","animalito","pastillaje","para","huevo","cisne","arcoiris","unidades"]},{"id":"CA-000000055140","nombre":"APLIQUE ANIMALITO PASTILLAJE PARA HUEVO CISNE BLANCO x8 UNIDADES","categoria":"Adornos Y Complementos Para Torta","subcategoria":"Complementos De Azucar / Glace / Pastillaje","precio":1778.0,"destacado":false,"descripcion":"","imagen":"assets/products/CA-000000055140.webp","tags":["aplique","animalito","pastillaje","para","huevo","cisne","blanco","unidades"]},{"id":"CA-000000055142","nombre":"APLIQUE ANIMALITO PASTILLAJE PARA HUEVO CISNE CELESTE x8 UNIDADES","categoria":"Adornos Y Complementos Para Torta","subcategoria":"Complementos De Azucar / Glace / Pastillaje","precio":1778.0,"destacado":false,"descripcion":"","imagen":"assets/products/CA-000000055142.webp","tags":["aplique","animalito","pastillaje","para","huevo","cisne","celeste","unidades"]},{"id":"CA-000000055141","nombre":"APLIQUE ANIMALITO PASTILLAJE PARA HUEVO CISNE ROSA x8 UNIDADES","categoria":"Adornos Y Complementos Para Torta","subcategoria":"Complementos De Azucar / Glace / Pastillaje","precio":1778.0,"destacado":false,"descripcion":"","imagen":"assets/products/CA-000000055141.webp","tags":["aplique","animalito","pastillaje","para","huevo","cisne","rosa","unidades"]},{"id":"CA-000000050822","nombre":"APLIQUE ANIMALITO PASTILLAJE PATITO AMARILLO x20u.","categoria":"Adornos Y Complementos Para Torta","subcategoria":"Complementos De Azucar / Glace / Pastillaje","precio":2279.2,"destacado":false,"descripcion":"","imagen":"assets/products/CA-000000050822.webp","tags":["aplique","animalito","pastillaje","patito","amarillo","x20u"]},{"id":"CA-000000050823","nombre":"APLIQUE ANIMALITO PASTILLAJE PATITO BLANCO x20u.","categoria":"Adornos Y Complementos Para Torta","subcategoria":"Complementos De Azucar / Glace / Pastillaje","precio":2279.2,"destacado":false,"descripcion":"","imagen":"assets/products/CA-000000050823.webp","tags":["aplique","animalito","pastillaje","patito","blanco","x20u"]},{"id":"CA-000000050812","nombre":"APLIQUE FIGURA CARAS DE CONEJOS GRANDE SURTIDOS COMESTIBL x5u.SPRINK","categoria":"Adornos Y Complementos Para Torta","subcategoria":"Complementos De Azucar / Glace / Pastillaje","precio":2146.5,"destacado":false,"descripcion":"","imagen":"assets/products/CA-000000050812.webp","tags":["aplique","figura","caras","conejos","grande","surtidos","comestibl","x5u","sprink"]},{"id":"CA-000000050814","nombre":"APLIQUE FIGURA CONEJO DE ESPALDA BLANCO COMESTIBLE x15u.SPRINK","categoria":"Adornos Y Complementos Para Torta","subcategoria":"Complementos De Azucar / Glace / Pastillaje","precio":2281.5,"destacado":false,"descripcion":"","imagen":"assets/products/CA-000000050814.webp","tags":["aplique","figura","conejo","espalda","blanco","comestible","x15u","sprink"]},{"id":"CA-000000048791","nombre":"APLIQUE FIGURA COPA DEL MUNDO x6u.SPRINK","categoria":"Adornos Y Complementos Para Torta","subcategoria":"Complementos De Azucar / Glace / Pastillaje","precio":290.0,"destacado":false,"descripcion":"","imagen":"assets/products/CA-000000048791.webp","tags":["aplique","figura","copa","del","mundo","x6u","sprink"]},{"id":"CA-000020050809","nombre":"APLIQUE FIGURA DE GLASE FLUIDO CORAZONES MULTICOLOR x12 (508)","categoria":"Adornos Y Complementos Para Torta","subcategoria":"Complementos De Azucar / Glace / Pastillaje","precio":2392.6,"destacado":false,"descripcion":"","imagen":"assets/products/CA-000020050809.webp","tags":["aplique","figura","glase","fluido","corazones","multicolor","x12","508"]},{"id":"CA-000029950804","nombre":"APLIQUE FIGURA DE GLASE FLUIDO CORAZONES ROJOS x12 (508)","categoria":"Adornos Y Complementos Para Torta","subcategoria":"Complementos De Azucar / Glace / Pastillaje","precio":2392.6,"destacado":false,"descripcion":"","imagen":"assets/products/CA-000029950804.webp","tags":["aplique","figura","glase","fluido","corazones","rojos","x12","508"]},{"id":"CA-000029951300","nombre":"APLIQUE FIGURA DE GLASE FLUIDO DINOSAURIOS x6 (513)","categoria":"Adornos Y Complementos Para Torta","subcategoria":"Complementos De Azucar / Glace / Pastillaje","precio":2631.86,"destacado":false,"descripcion":"","imagen":"assets/products/CA-000029951300.webp","tags":["aplique","figura","glase","fluido","dinosaurios","513"]},{"id":"CA-000029953809","nombre":"APLIQUE FIGURA DE GLASE FLUIDO NUBES CON ARCO IRIS x6 (538)","categoria":"Adornos Y Complementos Para Torta","subcategoria":"Complementos De Azucar / Glace / Pastillaje","precio":2392.6,"destacado":false,"descripcion":"","imagen":"assets/products/CA-000029953809.webp","tags":["aplique","figura","glase","fluido","nubes","con","arco","iris","538"]},{"id":"CA-000029956600","nombre":"APLIQUE FIGURA DE GLASE FLUIDO PELOTA DE FUTBOL x8 (566)","categoria":"Adornos Y Complementos Para Torta","subcategoria":"Complementos De Azucar / Glace / Pastillaje","precio":2631.86,"destacado":false,"descripcion":"","imagen":"assets/products/CA-000029956600.webp","tags":["aplique","figura","glase","fluido","pelota","futbol","566"]},{"id":"CA-000029951418","nombre":"APLIQUE FIGURA DE PASTILLAJE ESTRELLAS DORADAS x12 (514)","categoria":"Adornos Y Complementos Para Torta","subcategoria":"Complementos De Azucar / Glace / Pastillaje","precio":2631.86,"destacado":false,"descripcion":"","imagen":"assets/products/CA-000029951418.webp","tags":["aplique","figura","pastillaje","estrellas","doradas","x12","514"]},{"id":"CA-000000055138","nombre":"APLIQUE PASTILLAJE PARA HUEVO ZANAHORIA CHICA x25 UNIDADES","categoria":"Adornos Y Complementos Para Torta","subcategoria":"Complementos De Azucar / Glace / Pastillaje","precio":1750.0,"destacado":false,"descripcion":"","imagen":"assets/products/CA-000000055138.webp","tags":["aplique","pastillaje","para","huevo","zanahoria","chica","x25","unidades"]},{"id":"CA-000000042711","nombre":"COPO DE NIEVE DE PASTILLAJE X 20 UNIDADES","categoria":"Adornos Y Complementos Para Torta","subcategoria":"Complementos De Azucar / Glace / Pastillaje","precio":2279.2,"destacado":false,"descripcion":"","imagen":"assets/products/CA-000000042711.webp","tags":["copo","nieve","pastillaje","unidades"]},{"id":"CA-000000035169","nombre":"CORAZON DE PASTILLAJE GRANDE ROSA-FUCSIA-LILA-BLANCO-ROJO x20u. GABRIELA","categoria":"Adornos Y Complementos Para Torta","subcategoria":"Complementos De Azucar / Glace / Pastillaje","precio":2590.0,"destacado":false,"descripcion":"","imagen":"assets/products/CA-000000035169.webp","tags":["corazon","pastillaje","grande","rosa","fucsia","lila","blanco","rojo","x20u","gabriela"]},{"id":"CA-000000055137","nombre":"CORAZONCITO DE PASTILLAJE ROJO RAYADO X 25 UNIDADES","categoria":"Adornos Y Complementos Para Torta","subcategoria":"Complementos De Azucar / Glace / Pastillaje","precio":1750.0,"destacado":false,"descripcion":"","imagen":"assets/products/CA-000000055137.webp","tags":["corazoncito","pastillaje","rojo","rayado","unidades"]},{"id":"CA-000000040866","nombre":"CORAZONCITO DE PASTILLAJE ROJO X 25 UNIDADES","categoria":"Adornos Y Complementos Para Torta","subcategoria":"Complementos De Azucar / Glace / Pastillaje","precio":1750.0,"destacado":false,"descripcion":"","imagen":"assets/products/CA-000000040866.webp","tags":["corazoncito","pastillaje","rojo","unidades"]},{"id":"CA-000000055281","nombre":"ESTRELLA PASTILLAJE GRANDE AMARILLA x15u.","categoria":"Adornos Y Complementos Para Torta","subcategoria":"Complementos De Azucar / Glace / Pastillaje","precio":2590.0,"destacado":false,"descripcion":"","imagen":"assets/products/CA-000000055281.webp","tags":["estrella","pastillaje","grande","amarilla","x15u"]},{"id":"CA-000000055282","nombre":"ESTRELLA PASTILLAJE GRANDE AZULx15u.","categoria":"Adornos Y Complementos Para Torta","subcategoria":"Complementos De Azucar / Glace / Pastillaje","precio":2590.0,"destacado":false,"descripcion":"","imagen":"assets/products/CA-000000055282.webp","tags":["estrella","pastillaje","grande","azulx15u"]},{"id":"CA-000000055283","nombre":"ESTRELLA PASTILLAJE GRANDE BLANCAx15u.","categoria":"Adornos Y Complementos Para Torta","subcategoria":"Complementos De Azucar / Glace / Pastillaje","precio":2590.0,"destacado":false,"descripcion":"","imagen":"assets/products/CA-000000055283.webp","tags":["estrella","pastillaje","grande","blancax15u"]},{"id":"CA-000000055284","nombre":"ESTRELLA PASTILLAJE GRANDE CELESTE x15u.","categoria":"Adornos Y Complementos Para Torta","subcategoria":"Complementos De Azucar / Glace / Pastillaje","precio":2590.0,"destacado":false,"descripcion":"","imagen":"assets/products/CA-000000055284.webp","tags":["estrella","pastillaje","grande","celeste","x15u"]},{"id":"CA-000000055285","nombre":"ESTRELLA PASTILLAJE GRANDE ROJO x15u.","categoria":"Adornos Y Complementos Para Torta","subcategoria":"Complementos De Azucar / Glace / Pastillaje","precio":2590.0,"destacado":false,"descripcion":"","imagen":"assets/products/CA-000000055285.webp","tags":["estrella","pastillaje","grande","rojo","x15u"]},{"id":"CA-000000055286","nombre":"ESTRELLA PASTILLAJE GRANDE ROSA x15u.","categoria":"Adornos Y Complementos Para Torta","subcategoria":"Complementos De Azucar / Glace / Pastillaje","precio":2590.0,"destacado":false,"descripcion":"","imagen":"assets/products/CA-000000055286.webp","tags":["estrella","pastillaje","grande","rosa","x15u"]}]}