{"category_slug":"golosinas","subcategory_slug":"malvaviscos","page":1,"page_size":48,"total":32,"items":[{"id":"CA-779817880188","nombre":"BOLSON MALVAVISCO BUFFYS CORAZON FRESA 36unx20gr. 1887","categoria":"Golosinas","subcategoria":"Malvaviscos","precio":7125.7,"destacado":false,"descripcion":"","imagen":"assets/products/CA-779817880188.webp","tags":["bolson","malvavisco","buffys","corazon","fresa","36unx20gr","1887"]},{"id":"CA-779817880185","nombre":"BOLSON MALVAVISCO BUFFYS TWISTER FRUTAL 36un x20gr 1856","categoria":"Golosinas","subcategoria":"Malvaviscos","precio":7125.7,"destacado":false,"descripcion":"","imagen":"assets/products/CA-779817880185.webp","tags":["bolson","malvavisco","buffys","twister","frutal","36un","x20gr","1856"]},{"id":"CA-779817880211","nombre":"BOLSON MALVAVISCO TWISTER FRESA 32un x12gr 2112","categoria":"Golosinas","subcategoria":"Malvaviscos","precio":7125.7,"destacado":false,"descripcion":"","imagen":"assets/products/CA-779817880211.webp","tags":["bolson","malvavisco","twister","fresa","32un","x12gr","2112"]},{"id":"CA-779817880210","nombre":"BOLSON MALVAVISCO TWISTER FRUTAL 32un x12gr 2105","categoria":"Golosinas","subcategoria":"Malvaviscos","precio":7125.7,"destacado":false,"descripcion":"","imagen":"assets/products/CA-779817880210.webp","tags":["bolson","malvavisco","twister","frutal","32un","x12gr","2105"]},{"id":"CA-779817880134","nombre":"MALVAVISCO BUFFYS CHURRO FRESA x200grs 1344","categoria":"Golosinas","subcategoria":"Malvaviscos","precio":2359.27,"destacado":false,"descripcion":"","imagen":"assets/products/CA-779817880134.webp","tags":["malvavisco","buffys","churro","fresa","x200grs","1344"]},{"id":"CA-779817880135","nombre":"MALVAVISCO BUFFYS CHURRO FRESA x450g 1351","categoria":"Golosinas","subcategoria":"Malvaviscos","precio":5119.01,"destacado":false,"descripcion":"","imagen":"assets/products/CA-779817880135.webp","tags":["malvavisco","buffys","churro","fresa","x450g","1351"]},{"id":"CA-779817880136","nombre":"MALVAVISCO BUFFYS CHURRO FRUTAL x200grs 1368","categoria":"Golosinas","subcategoria":"Malvaviscos","precio":2359.27,"destacado":false,"descripcion":"","imagen":"assets/products/CA-779817880136.webp","tags":["malvavisco","buffys","churro","frutal","x200grs","1368"]},{"id":"CA-779817880137","nombre":"MALVAVISCO BUFFYS CHURRO FRUTAL x450grs 1375","categoria":"Golosinas","subcategoria":"Malvaviscos","precio":5119.01,"destacado":false,"descripcion":"","imagen":"assets/products/CA-779817880137.webp","tags":["malvavisco","buffys","churro","frutal","x450grs","1375"]},{"id":"CA-779817880074","nombre":"MALVAVISCO BUFFYS CORAZON FRESA x200grs. 743","categoria":"Golosinas","subcategoria":"Malvaviscos","precio":2359.27,"destacado":false,"descripcion":"","imagen":"assets/products/CA-779817880074.webp","tags":["malvavisco","buffys","corazon","fresa","x200grs","743"]},{"id":"CA-779817880068","nombre":"MALVAVISCO BUFFYS CORAZON FRESA x450grs. 800682","categoria":"Golosinas","subcategoria":"Malvaviscos","precio":5119.01,"destacado":false,"descripcion":"","imagen":"assets/products/CA-779817880068.webp","tags":["malvavisco","buffys","corazon","fresa","x450grs","800682"]},{"id":"CA-779817880167","nombre":"MALVAVISCO BUFFYS FLOR FRESAS x200grs. 1672","categoria":"Golosinas","subcategoria":"Malvaviscos","precio":2359.27,"destacado":false,"descripcion":"","imagen":"assets/products/CA-779817880167.webp","tags":["malvavisco","buffys","flor","fresas","x200grs","1672"]},{"id":"CA-779817880062","nombre":"MALVAVISCO BUFFYS FORMAS FRUTAL x200grs. 620","categoria":"Golosinas","subcategoria":"Malvaviscos","precio":2359.27,"destacado":false,"descripcion":"","imagen":"assets/products/CA-779817880062.webp","tags":["malvavisco","buffys","formas","frutal","x200grs","620"]},{"id":"CA-779817880162","nombre":"MALVAVISCO BUFFYS FRESA ENVASADOS INDIVIDUALMENTE x200grs. 1627","categoria":"Golosinas","subcategoria":"Malvaviscos","precio":3981.28,"destacado":false,"descripcion":"","imagen":"assets/products/CA-779817880162.webp","tags":["malvavisco","buffys","fresa","envasados","individualmente","x200grs","1627"]},{"id":"CA-779817880160","nombre":"MALVAVISCO BUFFYS FRUTAL ENVASADOS INDIVIDUALMENTE x200grs. 1603","categoria":"Golosinas","subcategoria":"Malvaviscos","precio":3981.28,"destacado":false,"descripcion":"","imagen":"assets/products/CA-779817880160.webp","tags":["malvavisco","buffys","frutal","envasados","individualmente","x200grs","1603"]},{"id":"CA-779817880083","nombre":"MALVAVISCO BUFFYS TRADICIONAL BLANCO x200grs. 835","categoria":"Golosinas","subcategoria":"Malvaviscos","precio":2359.27,"destacado":false,"descripcion":"","imagen":"assets/products/CA-779817880083.webp","tags":["malvavisco","buffys","tradicional","blanco","x200grs","835"]},{"id":"CA-779817880084","nombre":"MALVAVISCO BUFFYS TRADICIONAL BLANCO x450grs. 842","categoria":"Golosinas","subcategoria":"Malvaviscos","precio":5119.01,"destacado":false,"descripcion":"","imagen":"assets/products/CA-779817880084.webp","tags":["malvavisco","buffys","tradicional","blanco","x450grs","842"]},{"id":"CA-779817880138","nombre":"MALVAVISCO BUFFYS TWISTER BLANQUICELESTE FRUTAL x200grs. 1382","categoria":"Golosinas","subcategoria":"Malvaviscos","precio":2359.27,"destacado":false,"descripcion":"","imagen":"assets/products/CA-779817880138.webp","tags":["malvavisco","buffys","twister","blanquiceleste","frutal","x200grs","1382"]},{"id":"CA-779817880077","nombre":"MALVAVISCO BUFFYS TWISTER FRESAS x200grs. 774","categoria":"Golosinas","subcategoria":"Malvaviscos","precio":2359.27,"destacado":false,"descripcion":"","imagen":"assets/products/CA-779817880077.webp","tags":["malvavisco","buffys","twister","fresas","x200grs","774"]},{"id":"CA-779817880065","nombre":"MALVAVISCO BUFFYS TWISTER FRUTAL x200grs. 651","categoria":"Golosinas","subcategoria":"Malvaviscos","precio":2359.27,"destacado":false,"descripcion":"","imagen":"assets/products/CA-779817880065.webp","tags":["malvavisco","buffys","twister","frutal","x200grs","651"]},{"id":"CA-779817880059","nombre":"MALVAVISCO BUFFYS TWISTER FRUTAL x450grs. 590","categoria":"Golosinas","subcategoria":"Malvaviscos","precio":5119.01,"destacado":false,"descripcion":"","imagen":"assets/products/CA-779817880059.webp","tags":["malvavisco","buffys","twister","frutal","x450grs","590"]},{"id":"CA-779817880109","nombre":"MALVAVISCO BUFFYS TWISTER NAVIDEÑOS  x200grs. 1092","categoria":"Golosinas","subcategoria":"Malvaviscos","precio":2359.27,"destacado":false,"descripcion":"","imagen":"assets/products/CA-779817880109.webp","tags":["malvavisco","buffys","twister","navideños","x200grs","1092"]},{"id":"CA-779818603533","nombre":"MALVAVISCO GONGYS DISPLAY (18unid.x12grs.) x1 78906","categoria":"Golosinas","subcategoria":"Malvaviscos","precio":2924.8,"destacado":false,"descripcion":"","imagen":"assets/products/CA-779818603533.webp","tags":["malvavisco","gongys","display","18unid","x12grs","78906"]},{"id":"CA-17798186033614","nombre":"MALVAVISCO GONGYS PALITOS (BULTO 12x200grs) 78905","categoria":"Golosinas","subcategoria":"Malvaviscos","precio":19714.19,"destacado":false,"descripcion":"","imagen":"assets/products/CA-17798186033614.webp","tags":["malvavisco","gongys","palitos","bulto","12x200grs","78905"]},{"id":"CA-779818603361","nombre":"MALVAVISCO GONGYS PALITOS x200gr 78905","categoria":"Golosinas","subcategoria":"Malvaviscos","precio":1706.04,"destacado":false,"descripcion":"","imagen":"assets/products/CA-779818603361.webp","tags":["malvavisco","gongys","palitos","x200gr","78905"]},{"id":"CA-87798186030599","nombre":"MALVAVISCO GONGYS TRENZADO (BULTO 48x28grs.) 78588","categoria":"Golosinas","subcategoria":"Malvaviscos","precio":12654.19,"destacado":false,"descripcion":"","imagen":"assets/products/CA-87798186030599.webp","tags":["malvavisco","gongys","trenzado","bulto","48x28grs","78588"]},{"id":"CA-27798186032379","nombre":"MALVAVISCO GONGYS TRENZADO MULTICOLOR (BULTO12x200grs) 78593","categoria":"Golosinas","subcategoria":"Malvaviscos","precio":19714.19,"destacado":false,"descripcion":"","imagen":"assets/products/CA-27798186032379.webp","tags":["malvavisco","gongys","trenzado","multicolor","bulto12x200grs","78593"]},{"id":"CA-779818603237","nombre":"MALVAVISCO GONGYS TRENZADO MULTICOLOR x200grs. 78593","categoria":"Golosinas","subcategoria":"Malvaviscos","precio":1706.04,"destacado":false,"descripcion":"","imagen":"assets/products/CA-779818603237.webp","tags":["malvavisco","gongys","trenzado","multicolor","x200grs","78593"]},{"id":"CA-27798186032362","nombre":"MALVAVISCO GONGYS VAINILLA (BULTO12x200grs) 78596","categoria":"Golosinas","subcategoria":"Malvaviscos","precio":19714.19,"destacado":false,"descripcion":"","imagen":"assets/products/CA-27798186032362.webp","tags":["malvavisco","gongys","vainilla","bulto12x200grs","78596"]},{"id":"CA-779818603236","nombre":"MALVAVISCO GONGYS VAINILLA x200grs 78596","categoria":"Golosinas","subcategoria":"Malvaviscos","precio":1706.04,"destacado":false,"descripcion":"","imagen":"assets/products/CA-779818603236.webp","tags":["malvavisco","gongys","vainilla","x200grs","78596"]},{"id":"CA-27798186033017","nombre":"MALVAVISCO MINI GONGYS  MULTICOLOR (BULTO 12x200grs) 78598","categoria":"Golosinas","subcategoria":"Malvaviscos","precio":19714.19,"destacado":false,"descripcion":"","imagen":"assets/products/CA-27798186033017.webp","tags":["malvavisco","mini","gongys","multicolor","bulto","12x200grs","78598"]},{"id":"CA-779818603301","nombre":"MALVAVISCO MINI GONGYS  MULTICOLOR x200gr 78598","categoria":"Golosinas","subcategoria":"Malvaviscos","precio":1706.04,"destacado":false,"descripcion":"","imagen":"assets/products/CA-779818603301.webp","tags":["malvavisco","mini","gongys","multicolor","x200gr","78598"]},{"id":"CA-779038045808","nombre":"PALITO DE LA SELVA MARSHMALLOW 24x12g 25808","categoria":"Golosinas","subcategoria":"Malvaviscos","precio":6280.67,"destacado":false,"descripcion":"","imagen":"assets/products/CA-779038045808.webp","tags":["palito","selva","marshmallow","24x12g","25808"]}]}