{"category_slug":"halloween","subcategory_slug":"gorros_galeras_vinchas","page":1,"page_size":48,"total":125,"items":[{"id":"CA-000000035278","nombre":"BOLSON GORRO PIRATA NEGRO x5","categoria":"Halloween","subcategoria":"Gorros - Galeras / Vinchas","precio":5530.0,"destacado":false,"descripcion":"","imagen":"assets/products/CA-000000035278.webp","tags":["bolson","gorro","pirata","negro"]},{"id":"CA-971003134234","nombre":"CASCO PIRATA DORADO IMPORTADO x1  MM134-23D","categoria":"Halloween","subcategoria":"Gorros - Galeras / Vinchas","precio":2023.72,"destacado":false,"descripcion":"","imagen":"assets/products/CA-971003134234.webp","tags":["casco","pirata","dorado","importado","mm134","23d"]},{"id":"CA-971003134233","nombre":"CASCO PIRATA PLATA  IMPORTADO x1 MM134-23P","categoria":"Halloween","subcategoria":"Gorros - Galeras / Vinchas","precio":2023.72,"destacado":false,"descripcion":"","imagen":"assets/products/CA-971003134233.webp","tags":["casco","pirata","plata","importado","mm134","23p"]},{"id":"CA-202590000151","nombre":"GALERA BLANCA  DE TELA MOSNTRUO x1 DC151 CA","categoria":"Halloween","subcategoria":"Gorros - Galeras / Vinchas","precio":3927.86,"destacado":false,"descripcion":"","imagen":"assets/products/CA-202590000151.webp","tags":["galera","blanca","tela","mosntruo","dc151"]},{"id":"CA-202540000341","nombre":"GALERA BLANCA CON SANGRE x1 FP341-04 CA","categoria":"Halloween","subcategoria":"Gorros - Galeras / Vinchas","precio":4554.5,"destacado":false,"descripcion":"","imagen":"assets/products/CA-202540000341.webp","tags":["galera","blanca","con","sangre","fp341"]},{"id":"CA-000000057767","nombre":"GALERA CON FUEGO TERROR x1 ALE","categoria":"Halloween","subcategoria":"Gorros - Galeras / Vinchas","precio":2295.0,"destacado":false,"descripcion":"","imagen":"assets/products/CA-000000057767.webp","tags":["galera","con","fuego","terror","ale"]},{"id":"CA-000000057766","nombre":"GALERA FLUO CON CARAS TERROR x1 ALE","categoria":"Halloween","subcategoria":"Gorros - Galeras / Vinchas","precio":2295.0,"destacado":false,"descripcion":"","imagen":"assets/products/CA-000000057766.webp","tags":["galera","fluo","con","caras","terror","ale"]},{"id":"CA-202500000341","nombre":"GALERA NEGRA CON SANGRE x1 FP341-03 CA","categoria":"Halloween","subcategoria":"Gorros - Galeras / Vinchas","precio":4554.5,"destacado":false,"descripcion":"","imagen":"assets/products/CA-202500000341.webp","tags":["galera","negra","con","sangre","fp341"]},{"id":"CA-000000058190","nombre":"GORRO BRUJA CON ESTAMPADO VARIOS COLORES x1 DC012 CA","categoria":"Halloween","subcategoria":"Gorros - Galeras / Vinchas","precio":1609.06,"destacado":false,"descripcion":"","imagen":"assets/products/CA-000000058190.webp","tags":["gorro","bruja","con","estampado","varios","colores","dc012"]},{"id":"CA-202590000012","nombre":"GORRO BRUJA CON ESTAMPADO VARIOS COLORES x12 DC012 CA","categoria":"Halloween","subcategoria":"Gorros - Galeras / Vinchas","precio":19308.66,"destacado":false,"descripcion":"","imagen":"assets/products/CA-202590000012.webp","tags":["gorro","bruja","con","estampado","varios","colores","x12","dc012"]},{"id":"CA-000000058191","nombre":"GORRO BRUJA CON PELO x1 DC090 CA","categoria":"Halloween","subcategoria":"Gorros - Galeras / Vinchas","precio":2430.6,"destacado":false,"descripcion":"","imagen":"assets/products/CA-000000058191.webp","tags":["gorro","bruja","con","pelo","dc090"]},{"id":"CA-202590000090","nombre":"GORRO BRUJA CON PELO x12 DC090 CA","categoria":"Halloween","subcategoria":"Gorros - Galeras / Vinchas","precio":29167.18,"destacado":false,"descripcion":"","imagen":"assets/products/CA-202590000090.webp","tags":["gorro","bruja","con","pelo","x12","dc090"]},{"id":"CA-000000058263","nombre":"GORRO BRUJA DE TUL ESTAMPADO VARIOS COLORES x1 DC066 CA","categoria":"Halloween","subcategoria":"Gorros - Galeras / Vinchas","precio":904.79,"destacado":false,"descripcion":"","imagen":"assets/products/CA-000000058263.webp","tags":["gorro","bruja","tul","estampado","varios","colores","dc066"]},{"id":"CA-202590000066","nombre":"GORRO BRUJA DE TUL ESTAMPADO VARIOS COLORES x12 DC066 CA","categoria":"Halloween","subcategoria":"Gorros - Galeras / Vinchas","precio":10857.44,"destacado":false,"descripcion":"","imagen":"assets/products/CA-202590000066.webp","tags":["gorro","bruja","tul","estampado","varios","colores","x12","dc066"]},{"id":"CA-202530000381","nombre":"GORRO BRUJA DORADO CON ESTRELLAS DORADAS x6 FP381-03 CA","categoria":"Halloween","subcategoria":"Gorros - Galeras / Vinchas","precio":19776.94,"destacado":false,"descripcion":"","imagen":"assets/products/CA-202530000381.webp","tags":["gorro","bruja","dorado","con","estrellas","doradas","fp381"]},{"id":"CA-202590000155","nombre":"GORRO BRUJA ESTRELLA Y LUNA x1 DC155 CA","categoria":"Halloween","subcategoria":"Gorros - Galeras / Vinchas","precio":3668.04,"destacado":false,"descripcion":"","imagen":"assets/products/CA-202590000155.webp","tags":["gorro","bruja","estrella","luna","dc155"]},{"id":"CA-202500000386","nombre":"GORRO BRUJA ESTRELLAS DORADO/PLATA x6 FP386 CA","categoria":"Halloween","subcategoria":"Gorros - Galeras / Vinchas","precio":10359.2,"destacado":false,"descripcion":"","imagen":"assets/products/CA-202500000386.webp","tags":["gorro","bruja","estrellas","dorado","plata","fp386"]},{"id":"CA-679749900662","nombre":"GORRO BRUJA FLOR Y TULL x3 DA0662 CA","categoria":"Halloween","subcategoria":"Gorros - Galeras / Vinchas","precio":7660.12,"destacado":false,"descripcion":"","imagen":"assets/products/CA-679749900662.webp","tags":["gorro","bruja","flor","tull","da0662"]},{"id":"CA-000000048010","nombre":"GORRO BRUJA FLUO  x1 ALE","categoria":"Halloween","subcategoria":"Gorros - Galeras / Vinchas","precio":2592.0,"destacado":false,"descripcion":"","imagen":"assets/products/CA-000000048010.webp","tags":["gorro","bruja","fluo","ale"]},{"id":"CA-000000057765","nombre":"GORRO BRUJA FLUO CON CARAS TERROR x1 ALE","categoria":"Halloween","subcategoria":"Gorros - Galeras / Vinchas","precio":2724.0,"destacado":false,"descripcion":"","imagen":"assets/products/CA-000000057765.webp","tags":["gorro","bruja","fluo","con","caras","terror","ale"]},{"id":"CA-202590000068","nombre":"GORRO BRUJA HARAPOS CON ARAÑA x1 DC068 CA","categoria":"Halloween","subcategoria":"Gorros - Galeras / Vinchas","precio":3981.69,"destacado":false,"descripcion":"","imagen":"assets/products/CA-202590000068.webp","tags":["gorro","bruja","harapos","con","araña","dc068"]},{"id":"CA-202520000353","nombre":"GORRO BRUJA HARAPOS DORADO x1 FP353-01 CA","categoria":"Halloween","subcategoria":"Gorros - Galeras / Vinchas","precio":5575.44,"destacado":false,"descripcion":"","imagen":"assets/products/CA-202520000353.webp","tags":["gorro","bruja","harapos","dorado","fp353"]},{"id":"CA-202510000353","nombre":"GORRO BRUJA HARAPOS PLATEADO x1 FP353-02 CA","categoria":"Halloween","subcategoria":"Gorros - Galeras / Vinchas","precio":5575.44,"destacado":false,"descripcion":"","imagen":"assets/products/CA-202510000353.webp","tags":["gorro","bruja","harapos","plateado","fp353"]},{"id":"CA-000000058152","nombre":"GORRO BRUJA JERSEY CON LAZO Y HEBILLA x1 540","categoria":"Halloween","subcategoria":"Gorros - Galeras / Vinchas","precio":2362.5,"destacado":false,"descripcion":"","imagen":"assets/products/CA-000000058152.webp","tags":["gorro","bruja","jersey","con","lazo","hebilla","540"]},{"id":"CA-202500000373","nombre":"GORRO BRUJA MARRON CON STRASS x1 FP373 CA","categoria":"Halloween","subcategoria":"Gorros - Galeras / Vinchas","precio":6122.6,"destacado":false,"descripcion":"","imagen":"assets/products/CA-202500000373.webp","tags":["gorro","bruja","marron","con","strass","fp373"]},{"id":"CA-000000057570","nombre":"GORRO BRUJA METALIZADO DORADO x1 U2411-979","categoria":"Halloween","subcategoria":"Gorros - Galeras / Vinchas","precio":2235.87,"destacado":false,"descripcion":"","imagen":"assets/products/CA-000000057570.webp","tags":["gorro","bruja","metalizado","dorado","u2411","979"]},{"id":"CA-000000057569","nombre":"GORRO BRUJA METALIZADO ROJO x1 U2411-979","categoria":"Halloween","subcategoria":"Gorros - Galeras / Vinchas","precio":2235.87,"destacado":false,"descripcion":"","imagen":"assets/products/CA-000000057569.webp","tags":["gorro","bruja","metalizado","rojo","u2411","979"]},{"id":"CA-000000048011","nombre":"GORRO BRUJA NEGRO  x1 ALE","categoria":"Halloween","subcategoria":"Gorros - Galeras / Vinchas","precio":2592.0,"destacado":false,"descripcion":"","imagen":"assets/products/CA-000000048011.webp","tags":["gorro","bruja","negro","ale"]},{"id":"CA-202500000387","nombre":"GORRO BRUJA NEGRO ECONOMICO x12 FP387 CA","categoria":"Halloween","subcategoria":"Gorros - Galeras / Vinchas","precio":11328.18,"destacado":false,"descripcion":"","imagen":"assets/products/CA-202500000387.webp","tags":["gorro","bruja","negro","economico","x12","fp387"]},{"id":"CA-202500000372","nombre":"GORRO BRUJA NEGRO GIGANTE x1 FP372 CA","categoria":"Halloween","subcategoria":"Gorros - Galeras / Vinchas","precio":8638.26,"destacado":false,"descripcion":"","imagen":"assets/products/CA-202500000372.webp","tags":["gorro","bruja","negro","gigante","fp372"]},{"id":"CA-000000038998","nombre":"GORRO BRUJA NEGRO TIRA FLUO JERSEY  x1 ALE","categoria":"Halloween","subcategoria":"Gorros - Galeras / Vinchas","precio":2835.0,"destacado":false,"descripcion":"","imagen":"assets/products/CA-000000038998.webp","tags":["gorro","bruja","negro","tira","fluo","jersey","ale"]},{"id":"CA-202500000382","nombre":"GORRO BRUJA NEGRO TULL Y BRILLO x6 FP382 CA","categoria":"Halloween","subcategoria":"Gorros - Galeras / Vinchas","precio":23564.18,"destacado":false,"descripcion":"","imagen":"assets/products/CA-202500000382.webp","tags":["gorro","bruja","negro","tull","brillo","fp382"]},{"id":"CA-202530000385","nombre":"GORRO BRUJA NEGRO TULL Y HEBILLA x6 FP385-03 CA","categoria":"Halloween","subcategoria":"Gorros - Galeras / Vinchas","precio":19309.24,"destacado":false,"descripcion":"","imagen":"assets/products/CA-202530000385.webp","tags":["gorro","bruja","negro","tull","hebilla","fp385"]},{"id":"CA-202520000381","nombre":"GORRO BRUJA PLATA CON ESTRELLAS DORADAS x6 FP381-02 CA","categoria":"Halloween","subcategoria":"Gorros - Galeras / Vinchas","precio":19776.94,"destacado":false,"descripcion":"","imagen":"assets/products/CA-202520000381.webp","tags":["gorro","bruja","plata","con","estrellas","doradas","fp381"]},{"id":"CA-000000058193","nombre":"GORRO BRUJA ROJO TULL Y HEBILLA x1 FP385-01 CA","categoria":"Halloween","subcategoria":"Gorros - Galeras / Vinchas","precio":3218.21,"destacado":false,"descripcion":"","imagen":"assets/products/CA-000000058193.webp","tags":["gorro","bruja","rojo","tull","hebilla","fp385"]},{"id":"CA-202500000385","nombre":"GORRO BRUJA ROJO TULL Y HEBILLA x6 FP385-01 CA","categoria":"Halloween","subcategoria":"Gorros - Galeras / Vinchas","precio":19309.24,"destacado":false,"descripcion":"","imagen":"assets/products/CA-202500000385.webp","tags":["gorro","bruja","rojo","tull","hebilla","fp385"]},{"id":"CA-000000058192","nombre":"GORRO BRUJA TELA DE ARAÑA Y FLOR x1 FP380 CA","categoria":"Halloween","subcategoria":"Gorros - Galeras / Vinchas","precio":2904.9,"destacado":false,"descripcion":"","imagen":"assets/products/CA-000000058192.webp","tags":["gorro","bruja","tela","araña","flor","fp380"]},{"id":"CA-202500000380","nombre":"GORRO BRUJA TELA DE ARAÑA Y FLOR x6 FP380 CA","categoria":"Halloween","subcategoria":"Gorros - Galeras / Vinchas","precio":17429.38,"destacado":false,"descripcion":"","imagen":"assets/products/CA-202500000380.webp","tags":["gorro","bruja","tela","araña","flor","fp380"]},{"id":"CA-202500000354","nombre":"GORRO BRUJA TORNASOL ROSAS Y TULL DELUXE  x1 FP354 CA","categoria":"Halloween","subcategoria":"Gorros - Galeras / Vinchas","precio":9420.78,"destacado":false,"descripcion":"","imagen":"assets/products/CA-202500000354.webp","tags":["gorro","bruja","tornasol","rosas","tull","deluxe","fp354"]},{"id":"CA-202590000070","nombre":"GORRO BRUJA TULL Y HEBILLA VARIOS COLORES  x1 DC070","categoria":"Halloween","subcategoria":"Gorros - Galeras / Vinchas","precio":4083.78,"destacado":false,"descripcion":"","imagen":"assets/products/CA-202590000070.webp","tags":["gorro","bruja","tull","hebilla","varios","colores","dc070"]},{"id":"CA-202500000376","nombre":"GORRO BRUJA VERDE PLUSH Y PUNTILLA  x1 FP376 CA","categoria":"Halloween","subcategoria":"Gorros - Galeras / Vinchas","precio":5593.79,"destacado":false,"descripcion":"","imagen":"assets/products/CA-202500000376.webp","tags":["gorro","bruja","verde","plush","puntilla","fp376"]},{"id":"CA-202520000385","nombre":"GORRO BRUJA VIOLETA TULL Y HEBILLA x6 FP385-02 CA","categoria":"Halloween","subcategoria":"Gorros - Galeras / Vinchas","precio":19309.24,"destacado":false,"descripcion":"","imagen":"assets/products/CA-202520000385.webp","tags":["gorro","bruja","violeta","tull","hebilla","fp385"]},{"id":"CA-720998801552","nombre":"GORRO PIRATA BORDE PLATA / DORADO x1 T552","categoria":"Halloween","subcategoria":"Gorros - Galeras / Vinchas","precio":2282.71,"destacado":false,"descripcion":"","imagen":"assets/products/CA-720998801552.webp","tags":["gorro","pirata","borde","plata","dorado","t552"]},{"id":"CA-779814797882","nombre":"GORRO PIRATA DE CUERO x1 GO048  PS","categoria":"Halloween","subcategoria":"Gorros - Galeras / Vinchas","precio":5130.65,"destacado":false,"descripcion":"","imagen":"assets/products/CA-779814797882.webp","tags":["gorro","pirata","cuero","go048"]},{"id":"CA-803410700557","nombre":"GORRO PIRATA IMPORTADO CHICO x1 YJ0684","categoria":"Halloween","subcategoria":"Gorros - Galeras / Vinchas","precio":1458.0,"destacado":false,"descripcion":"","imagen":"assets/products/CA-803410700557.webp","tags":["gorro","pirata","importado","chico","yj0684"]},{"id":"CA-779814797880","nombre":"GORRO PIRATA PAÑO CON BORDE DORADO x1 GO046  PS","categoria":"Halloween","subcategoria":"Gorros - Galeras / Vinchas","precio":2666.02,"destacado":false,"descripcion":"","imagen":"assets/products/CA-779814797880.webp","tags":["gorro","pirata","paño","con","borde","dorado","go046"]},{"id":"CA-202500000545","nombre":"GORRO PIRATA SPARROW CON ACCESORIOS x1 FP545 CA","categoria":"Halloween","subcategoria":"Gorros - Galeras / Vinchas","precio":16487.9,"destacado":false,"descripcion":"","imagen":"assets/products/CA-202500000545.webp","tags":["gorro","pirata","sparrow","con","accesorios","fp545"]},{"id":"CA-202590000393","nombre":"VINCHA ARAÑA GRANDE NEGRA PELITOS x1 DC393","categoria":"Halloween","subcategoria":"Gorros - Galeras / Vinchas","precio":4890.74,"destacado":false,"descripcion":"","imagen":"assets/products/CA-202590000393.webp","tags":["vincha","araña","grande","negra","pelitos","dc393"]}]}