{"category_slug":"carnaval_carioca","subcategory_slug":"sonido","page":2,"page_size":48,"total":82,"items":[{"id":"CA-000003007885","nombre":"CORNETON STASIO CONO CANCHA BLANCO Y CELESTE 35cm x1 7885-CB","categoria":"Carnaval Carioca","subcategoria":"Sonido","precio":1259.24,"destacado":false,"descripcion":"","imagen":"assets/products/CA-000003007885.webp","tags":["corneton","stasio","cono","cancha","blanco","celeste","35cm","7885"]},{"id":"CA-000000039624","nombre":"KIT SONIDO ARGENTINA x24 (corneta-pito-matraca-maraca)","categoria":"Carnaval Carioca","subcategoria":"Sonido","precio":4376.7,"destacado":false,"descripcion":"","imagen":"assets/products/CA-000000039624.webp","tags":["kit","sonido","argentina","x24","corneta","pito","matraca","maraca"]},{"id":"CA-000000040196","nombre":"KIT SONIDO CARIOCA FLUO x24u. (corneta-pito-matraca-maraca)","categoria":"Carnaval Carioca","subcategoria":"Sonido","precio":4376.7,"destacado":false,"descripcion":"","imagen":"assets/products/CA-000000040196.webp","tags":["kit","sonido","carioca","fluo","x24u","corneta","pito","matraca","maraca"]},{"id":"CA-000003008002","nombre":"MANITO TAKA-TAKA ARGENTINA STASIOx6 8002CB","categoria":"Carnaval Carioca","subcategoria":"Sonido","precio":2692.73,"destacado":false,"descripcion":"","imagen":"assets/products/CA-000003008002.webp","tags":["manito","taka","taka","argentina","stasiox6","8002cb"]},{"id":"CA-779812617150","nombre":"MANITO TAKA-TAKA PIERROT x6","categoria":"Carnaval Carioca","subcategoria":"Sonido","precio":1620.0,"destacado":false,"descripcion":"","imagen":"assets/products/CA-779812617150.webp","tags":["manito","taka","taka","pierrot"]},{"id":"CA-000000047251","nombre":"MARACA ANANA GIGANTE x4u.","categoria":"Carnaval Carioca","subcategoria":"Sonido","precio":1890.0,"destacado":false,"descripcion":"","imagen":"assets/products/CA-000000047251.webp","tags":["maraca","anana","gigante","x4u"]},{"id":"CA-000000016317","nombre":"MARACA BANANA GIGANTE x6u.","categoria":"Carnaval Carioca","subcategoria":"Sonido","precio":2423.89,"destacado":false,"descripcion":"","imagen":"assets/products/CA-000000016317.webp","tags":["maraca","banana","gigante","x6u"]},{"id":"CA-000000031886","nombre":"MARACA FLUO PREFA-PLAST x6u","categoria":"Carnaval Carioca","subcategoria":"Sonido","precio":2031.75,"destacado":false,"descripcion":"","imagen":"assets/products/CA-000000031886.webp","tags":["maraca","fluo","prefa","plast","x6u"]},{"id":"CA-000000016320","nombre":"MARACA GARROTE CON PORRA x6u. (Colores surtidos)","categoria":"Carnaval Carioca","subcategoria":"Sonido","precio":3081.0,"destacado":false,"descripcion":"","imagen":"assets/products/CA-000000016320.webp","tags":["maraca","garrote","con","porra","x6u","colores","surtidos"]},{"id":"CA-000000016319","nombre":"MARACA GARROTE x6u. (Colores surtidos)","categoria":"Carnaval Carioca","subcategoria":"Sonido","precio":3885.56,"destacado":false,"descripcion":"","imagen":"assets/products/CA-000000016319.webp","tags":["maraca","garrote","x6u","colores","surtidos"]},{"id":"CA-000000016318","nombre":"MARACA ZANAHORIA GIGANTE x6u.","categoria":"Carnaval Carioca","subcategoria":"Sonido","precio":2574.0,"destacado":false,"descripcion":"","imagen":"assets/products/CA-000000016318.webp","tags":["maraca","zanahoria","gigante","x6u"]},{"id":"CA-779812557522","nombre":"MARACON RAYADO ARGENTINA  x4 522","categoria":"Carnaval Carioca","subcategoria":"Sonido","precio":2088.5,"destacado":false,"descripcion":"","imagen":"assets/products/CA-779812557522.webp","tags":["maracon","rayado","argentina","522"]},{"id":"CA-000000002334","nombre":"MATRACA ECONOMICA PATRIMARx12 (Colores surtidos)","categoria":"Carnaval Carioca","subcategoria":"Sonido","precio":1409.81,"destacado":false,"descripcion":"","imagen":"assets/products/CA-000000002334.webp","tags":["matraca","economica","patrimarx12","colores","surtidos"]},{"id":"CA-000000007000","nombre":"MATRACA ECONOMICA STASIO x12u. 7000 (Colores surtidos)","categoria":"Carnaval Carioca","subcategoria":"Sonido","precio":2001.4,"destacado":false,"descripcion":"","imagen":"assets/products/CA-000000007000.webp","tags":["matraca","economica","stasio","x12u","7000","colores","surtidos"]},{"id":"CA-779812617120","nombre":"MATRACA MINI PIERROT MULTICOLORx12","categoria":"Carnaval Carioca","subcategoria":"Sonido","precio":1154.25,"destacado":false,"descripcion":"","imagen":"assets/products/CA-779812617120.webp","tags":["matraca","mini","pierrot","multicolorx12"]},{"id":"CA-000000004720","nombre":"MATRACA PATRIMARx12 (BULTO x25)","categoria":"Carnaval Carioca","subcategoria":"Sonido","precio":35244.6,"destacado":false,"descripcion":"","imagen":"assets/products/CA-000000004720.webp","tags":["matraca","patrimarx12","bulto","x25"]},{"id":"CA-779812617119","nombre":"MATRACA PIERROT MULTICOLORx12","categoria":"Carnaval Carioca","subcategoria":"Sonido","precio":1579.5,"destacado":false,"descripcion":"","imagen":"assets/products/CA-779812617119.webp","tags":["matraca","pierrot","multicolorx12"]},{"id":"CA-000003007000","nombre":"MATRACA STASIO ARGENTINA/ACADEMIA  x12 7000 CB","categoria":"Carnaval Carioca","subcategoria":"Sonido","precio":2001.4,"destacado":false,"descripcion":"","imagen":"assets/products/CA-000003007000.webp","tags":["matraca","stasio","argentina","academia","x12","7000"]},{"id":"CA-000000047333","nombre":"MATRACON PLASTICO ARGENTINA x1","categoria":"Carnaval Carioca","subcategoria":"Sonido","precio":2470.0,"destacado":false,"descripcion":"","imagen":"assets/products/CA-000000047333.webp","tags":["matracon","plastico","argentina"]},{"id":"CA-000000500125","nombre":"PANDERETA FANTASIA CON PARCHE  PATRIMARx1","categoria":"Carnaval Carioca","subcategoria":"Sonido","precio":2054.44,"destacado":false,"descripcion":"","imagen":"assets/products/CA-000000500125.webp","tags":["pandereta","fantasia","con","parche","patrimarx1"]},{"id":"CA-000000040140","nombre":"PANDERETA MANOPLA CON BRILLO PATRIMAR x1","categoria":"Carnaval Carioca","subcategoria":"Sonido","precio":2268.35,"destacado":false,"descripcion":"","imagen":"assets/products/CA-000000040140.webp","tags":["pandereta","manopla","con","brillo","patrimar"]},{"id":"CA-000000008144","nombre":"PITO MULTICOLOR PREFA-PLAST x144","categoria":"Carnaval Carioca","subcategoria":"Sonido","precio":5990.96,"destacado":false,"descripcion":"","imagen":"assets/products/CA-000000008144.webp","tags":["pito","multicolor","prefa","plast","x144"]},{"id":"CA-803410700468","nombre":"PITO REFERI COLOR  x24 YJ0595","categoria":"Carnaval Carioca","subcategoria":"Sonido","precio":1755.0,"destacado":false,"descripcion":"","imagen":"assets/products/CA-803410700468.webp","tags":["pito","referi","color","x24","yj0595"]},{"id":"CA-779812617103","nombre":"PITO SIN BOLITA PIERROT x36","categoria":"Carnaval Carioca","subcategoria":"Sonido","precio":1215.0,"destacado":false,"descripcion":"","imagen":"assets/products/CA-779812617103.webp","tags":["pito","sin","bolita","pierrot","x36"]},{"id":"CA-532567891311","nombre":"SILBATO DE METAL x12 JB 1311","categoria":"Carnaval Carioca","subcategoria":"Sonido","precio":5167.8,"destacado":false,"descripcion":"* (15/12/2025)","imagen":"assets/products/CA-532567891311.webp","tags":["silbato","metal","x12","1311"]},{"id":"CA-541497890051","nombre":"SILBATO FLAUTA  x12 PA0051","categoria":"Carnaval Carioca","subcategoria":"Sonido","precio":1467.63,"destacado":false,"descripcion":"","imagen":"assets/products/CA-541497890051.webp","tags":["silbato","flauta","x12","pa0051"]},{"id":"CA-000000007011","nombre":"SILBATO FLUO STASIO x24u. 7011","categoria":"Carnaval Carioca","subcategoria":"Sonido","precio":1062.79,"destacado":false,"descripcion":"","imagen":"assets/products/CA-000000007011.webp","tags":["silbato","fluo","stasio","x24u","7011"]},{"id":"CA-803410700056","nombre":"SILBATO PLASTICO CARITA IMPORTADO x100 YJ0057","categoria":"Carnaval Carioca","subcategoria":"Sonido","precio":10327.5,"destacado":false,"descripcion":"","imagen":"assets/products/CA-803410700056.webp","tags":["silbato","plastico","carita","importado","x100","yj0057"]},{"id":"CA-803410700057","nombre":"SILBATO PLASTICO PELOTA IMPORTADO x100  YJ0058","categoria":"Carnaval Carioca","subcategoria":"Sonido","precio":10327.5,"destacado":false,"descripcion":"","imagen":"assets/products/CA-803410700057.webp","tags":["silbato","plastico","pelota","importado","x100","yj0058"]},{"id":"CA-779812617143","nombre":"SONIDOS SURTIDOS CARIOCA  PIERROT x36","categoria":"Carnaval Carioca","subcategoria":"Sonido","precio":3064.5,"destacado":false,"descripcion":"","imagen":"assets/products/CA-779812617143.webp","tags":["sonidos","surtidos","carioca","pierrot","x36"]},{"id":"CA-779804703009","nombre":"TROMPETA AIRE (TROMPETAZO) x1","categoria":"Carnaval Carioca","subcategoria":"Sonido","precio":2600.0,"destacado":false,"descripcion":"","imagen":"assets/products/CA-779804703009.webp","tags":["trompeta","aire","trompetazo"]},{"id":"CA-779908804577","nombre":"TROMPETA AIRE MANUAL CHICA x1 RR BOCCH","categoria":"Carnaval Carioca","subcategoria":"Sonido","precio":1630.3,"destacado":false,"descripcion":"","imagen":"assets/products/CA-779908804577.webp","tags":["trompeta","aire","manual","chica","bocch"]},{"id":"CA-779908804578","nombre":"TROMPETA AIRE MANUAL GRANDE x1 RR BOCGRNY","categoria":"Carnaval Carioca","subcategoria":"Sonido","precio":2589.3,"destacado":false,"descripcion":"","imagen":"assets/products/CA-779908804578.webp","tags":["trompeta","aire","manual","grande","bocgrny"]},{"id":"CA-720998801331","nombre":"TROMPETA DOBLE CON SILBATO ARGENTINAx6 T331","categoria":"Carnaval Carioca","subcategoria":"Sonido","precio":1801.32,"destacado":false,"descripcion":"","imagen":"assets/products/CA-720998801331.webp","tags":["trompeta","doble","con","silbato","argentinax6","t331"]}]}