{"category_slug":"halloween","subcategory_slug":"mascaras_de_latex_goma_eva_caretas_plasticas","page":2,"page_size":48,"total":121,"items":[{"id":"CA-237187603367","nombre":"CARETA PLASTICA FREDDY x6 3367","categoria":"Halloween","subcategoria":"Mascaras De Latex - Goma Eva / Caretas Plasticas","precio":3083.02,"destacado":false,"descripcion":"","imagen":"assets/products/CA-237187603367.webp","tags":["careta","plastica","freddy","3367"]},{"id":"CA-237187603372","nombre":"CARETA PLASTICA GORILA TERROR x6 3372","categoria":"Halloween","subcategoria":"Mascaras De Latex - Goma Eva / Caretas Plasticas","precio":3083.02,"destacado":false,"descripcion":"","imagen":"assets/products/CA-237187603372.webp","tags":["careta","plastica","gorila","terror","3372"]},{"id":"CA-237187603368","nombre":"CARETA PLASTICA GUASON x6 3368","categoria":"Halloween","subcategoria":"Mascaras De Latex - Goma Eva / Caretas Plasticas","precio":3083.02,"destacado":false,"descripcion":"","imagen":"assets/products/CA-237187603368.webp","tags":["careta","plastica","guason","3368"]},{"id":"CA-237187603227","nombre":"CARETA PLASTICA JUEGO DEL MIEDOx6 3227","categoria":"Halloween","subcategoria":"Mascaras De Latex - Goma Eva / Caretas Plasticas","precio":2564.78,"destacado":false,"descripcion":"","imagen":"assets/products/CA-237187603227.webp","tags":["careta","plastica","juego","del","miedox6","3227"]},{"id":"CA-237187603336","nombre":"CARETA PLASTICA MARTES 13x6 3336","categoria":"Halloween","subcategoria":"Mascaras De Latex - Goma Eva / Caretas Plasticas","precio":2533.03,"destacado":false,"descripcion":"","imagen":"assets/products/CA-237187603336.webp","tags":["careta","plastica","martes","13x6","3336"]},{"id":"CA-237187603376","nombre":"CARETA PLASTICA MICHAEL MYERS  x6 3376","categoria":"Halloween","subcategoria":"Mascaras De Latex - Goma Eva / Caretas Plasticas","precio":3083.02,"destacado":false,"descripcion":"","imagen":"assets/products/CA-237187603376.webp","tags":["careta","plastica","michael","myers","3376"]},{"id":"CA-237187603538","nombre":"CARETA PLASTICA MIMOx6 2221/3538","categoria":"Halloween","subcategoria":"Mascaras De Latex - Goma Eva / Caretas Plasticas","precio":2557.98,"destacado":false,"descripcion":"","imagen":"assets/products/CA-237187603538.webp","tags":["careta","plastica","mimox6","2221","3538"]},{"id":"CA-237187603352","nombre":"CARETA PLASTICA MONJA ZOMBIE EL CONJURO x6 3352","categoria":"Halloween","subcategoria":"Mascaras De Latex - Goma Eva / Caretas Plasticas","precio":3083.02,"destacado":false,"descripcion":"","imagen":"assets/products/CA-237187603352.webp","tags":["careta","plastica","monja","zombie","conjuro","3352"]},{"id":"CA-237187643370","nombre":"CARETA PLASTICA NEGRA ESPECTRO TOTAL BLACK x6 3370B","categoria":"Halloween","subcategoria":"Mascaras De Latex - Goma Eva / Caretas Plasticas","precio":2564.78,"destacado":false,"descripcion":"","imagen":"assets/products/CA-237187643370.webp","tags":["careta","plastica","negra","espectro","total","black","3370b"]},{"id":"CA-237187643538","nombre":"CARETA PLASTICA NEGRA LISA TOTAL BLACK x6 3538B","categoria":"Halloween","subcategoria":"Mascaras De Latex - Goma Eva / Caretas Plasticas","precio":2564.78,"destacado":false,"descripcion":"","imagen":"assets/products/CA-237187643538.webp","tags":["careta","plastica","negra","lisa","total","black","3538b"]},{"id":"CA-237187603369","nombre":"CARETA PLASTICA PAYASO IT x6 3369","categoria":"Halloween","subcategoria":"Mascaras De Latex - Goma Eva / Caretas Plasticas","precio":3083.02,"destacado":false,"descripcion":"","imagen":"assets/products/CA-237187603369.webp","tags":["careta","plastica","payaso","3369"]},{"id":"CA-237187603373","nombre":"CARETA PLASTICA PAYASO TERRIFIER x6 3373","categoria":"Halloween","subcategoria":"Mascaras De Latex - Goma Eva / Caretas Plasticas","precio":3083.02,"destacado":false,"descripcion":"","imagen":"assets/products/CA-237187603373.webp","tags":["careta","plastica","payaso","terrifier","3373"]},{"id":"CA-237187623264","nombre":"CARETA PLASTICA PAYASO TERROR CON PELO x6 3264P","categoria":"Halloween","subcategoria":"Mascaras De Latex - Goma Eva / Caretas Plasticas","precio":4345.81,"destacado":false,"descripcion":"","imagen":"assets/products/CA-237187623264.webp","tags":["careta","plastica","payaso","terror","con","pelo","3264p"]},{"id":"CA-237187603264","nombre":"CARETA PLASTICA PAYASO TERROR x6 3264","categoria":"Halloween","subcategoria":"Mascaras De Latex - Goma Eva / Caretas Plasticas","precio":2564.78,"destacado":false,"descripcion":"","imagen":"assets/products/CA-237187603264.webp","tags":["careta","plastica","payaso","terror","3264"]},{"id":"CA-237187603356","nombre":"CARETA PLASTICA PURGA CROSS x6 3356","categoria":"Halloween","subcategoria":"Mascaras De Latex - Goma Eva / Caretas Plasticas","precio":3083.02,"destacado":false,"descripcion":"","imagen":"assets/products/CA-237187603356.webp","tags":["careta","plastica","purga","cross","3356"]},{"id":"CA-237187603355","nombre":"CARETA PLASTICA PURGA MUJER x6 3355","categoria":"Halloween","subcategoria":"Mascaras De Latex - Goma Eva / Caretas Plasticas","precio":3083.02,"destacado":false,"descripcion":"","imagen":"assets/products/CA-237187603355.webp","tags":["careta","plastica","purga","mujer","3355"]},{"id":"CA-237187603343","nombre":"CARETA PLASTICA SCREAM MOVIEx6 3343","categoria":"Halloween","subcategoria":"Mascaras De Latex - Goma Eva / Caretas Plasticas","precio":3083.02,"destacado":false,"descripcion":"","imagen":"assets/products/CA-237187603343.webp","tags":["careta","plastica","scream","moviex6","3343"]},{"id":"CA-237187603325","nombre":"CARETA PLASTICA SCREAMx6 3325","categoria":"Halloween","subcategoria":"Mascaras De Latex - Goma Eva / Caretas Plasticas","precio":2564.78,"destacado":false,"descripcion":"","imagen":"assets/products/CA-237187603325.webp","tags":["careta","plastica","screamx6","3325"]},{"id":"CA-237185603233","nombre":"CARETA PLASTICA VENDETTA / ANONIMOUS x6 3233","categoria":"Halloween","subcategoria":"Mascaras De Latex - Goma Eva / Caretas Plasticas","precio":2564.78,"destacado":false,"descripcion":"","imagen":"assets/products/CA-237185603233.webp","tags":["careta","plastica","vendetta","anonimous","3233"]},{"id":"CA-237185603216","nombre":"CARETA PLASTICA VENNON x6 3216","categoria":"Halloween","subcategoria":"Mascaras De Latex - Goma Eva / Caretas Plasticas","precio":4353.75,"destacado":false,"descripcion":"","imagen":"assets/products/CA-237185603216.webp","tags":["careta","plastica","vennon","3216"]},{"id":"CA-202500000223","nombre":"CARETA RIGIDA CALABAZA TERROR CON LED x1 FP0223 CA","categoria":"Halloween","subcategoria":"Mascaras De Latex - Goma Eva / Caretas Plasticas","precio":6478.7,"destacado":false,"descripcion":"","imagen":"assets/products/CA-202500000223.webp","tags":["careta","rigida","calabaza","terror","con","led","fp0223"]},{"id":"CA-202500000184","nombre":"CARETA RIGIDA CALAVERA CON LED x1 FP0184 CA","categoria":"Halloween","subcategoria":"Mascaras De Latex - Goma Eva / Caretas Plasticas","precio":6180.68,"destacado":false,"descripcion":"","imagen":"assets/products/CA-202500000184.webp","tags":["careta","rigida","calavera","con","led","fp0184"]},{"id":"CA-202500000186","nombre":"CARETA RIGIDA CALAVERA CON LED x1 FP0186 CA","categoria":"Halloween","subcategoria":"Mascaras De Latex - Goma Eva / Caretas Plasticas","precio":6180.68,"destacado":false,"descripcion":"","imagen":"assets/products/CA-202500000186.webp","tags":["careta","rigida","calavera","con","led","fp0186"]},{"id":"CA-202500000222","nombre":"CARETA RIGIDA CALAVERA GRIS CON LED x1 FP0222 CA","categoria":"Halloween","subcategoria":"Mascaras De Latex - Goma Eva / Caretas Plasticas","precio":6478.7,"destacado":false,"descripcion":"","imagen":"assets/products/CA-202500000222.webp","tags":["careta","rigida","calavera","gris","con","led","fp0222"]},{"id":"CA-202500000225","nombre":"CARETA RIGIDA CALAVERA VIBORA CON LED x1 FP0225 CA","categoria":"Halloween","subcategoria":"Mascaras De Latex - Goma Eva / Caretas Plasticas","precio":6478.7,"destacado":false,"descripcion":"","imagen":"assets/products/CA-202500000225.webp","tags":["careta","rigida","calavera","vibora","con","led","fp0225"]},{"id":"CA-202500000187","nombre":"CARETA RIGIDA CONEJO DIABOLICO CON LED x1 FP0187 CA","categoria":"Halloween","subcategoria":"Mascaras De Latex - Goma Eva / Caretas Plasticas","precio":7359.03,"destacado":false,"descripcion":"","imagen":"assets/products/CA-202500000187.webp","tags":["careta","rigida","conejo","diabolico","con","led","fp0187"]},{"id":"CA-202500000219","nombre":"CARETA RIGIDA DEMONIO CON LED x1 FP0219 CA","categoria":"Halloween","subcategoria":"Mascaras De Latex - Goma Eva / Caretas Plasticas","precio":6478.05,"destacado":false,"descripcion":"","imagen":"assets/products/CA-202500000219.webp","tags":["careta","rigida","demonio","con","led","fp0219"]},{"id":"CA-202500000221","nombre":"CARETA RIGIDA DRACULA CON LED x1 FP0221 CA","categoria":"Halloween","subcategoria":"Mascaras De Latex - Goma Eva / Caretas Plasticas","precio":6478.7,"destacado":false,"descripcion":"","imagen":"assets/products/CA-202500000221.webp","tags":["careta","rigida","dracula","con","led","fp0221"]},{"id":"CA-679740820520","nombre":"CARETA RIGIDA PAYASO CON TELA x3u. PA0520 CA","categoria":"Halloween","subcategoria":"Mascaras De Latex - Goma Eva / Caretas Plasticas","precio":8386.1,"destacado":false,"descripcion":"","imagen":"assets/products/CA-679740820520.webp","tags":["careta","rigida","payaso","con","tela","x3u","pa0520"]},{"id":"CA-202500000185","nombre":"CARETA RIGIDA PAYASO DIABOLICO CON LED x1 FP0185 CA","categoria":"Halloween","subcategoria":"Mascaras De Latex - Goma Eva / Caretas Plasticas","precio":6772.14,"destacado":false,"descripcion":"","imagen":"assets/products/CA-202500000185.webp","tags":["careta","rigida","payaso","diabolico","con","led","fp0185"]},{"id":"CA-202500000153","nombre":"CARETA RIGIDA PAYASO TERROR CON LUZ x2u. FP0153 CA","categoria":"Halloween","subcategoria":"Mascaras De Latex - Goma Eva / Caretas Plasticas","precio":6357.96,"destacado":false,"descripcion":"","imagen":"assets/products/CA-202500000153.webp","tags":["careta","rigida","payaso","terror","con","luz","x2u","fp0153"]},{"id":"CA-679740820321","nombre":"CARETA RIGIDA PAYASO TERROR x3u. PA0321 CA","categoria":"Halloween","subcategoria":"Mascaras De Latex - Goma Eva / Caretas Plasticas","precio":7540.92,"destacado":false,"descripcion":"","imagen":"assets/products/CA-679740820321.webp","tags":["careta","rigida","payaso","terror","x3u","pa0321"]},{"id":"CA-202500000220","nombre":"CARETA RIGIDA SONRISA MALVADA CON LED x1 FP0220 CA","categoria":"Halloween","subcategoria":"Mascaras De Latex - Goma Eva / Caretas Plasticas","precio":6478.7,"destacado":false,"descripcion":"","imagen":"assets/products/CA-202500000220.webp","tags":["careta","rigida","sonrisa","malvada","con","led","fp0220"]},{"id":"CA-202500000183","nombre":"CARETA RIGIDA VENNON CON LED x1 FP0183 CA","categoria":"Halloween","subcategoria":"Mascaras De Latex - Goma Eva / Caretas Plasticas","precio":7065.59,"destacado":false,"descripcion":"","imagen":"assets/products/CA-202500000183.webp","tags":["careta","rigida","vennon","con","led","fp0183"]},{"id":"CA-202500000216","nombre":"CARETA RIGIDA VENNON LENGUA CON LED x1 FP0216 CA","categoria":"Halloween","subcategoria":"Mascaras De Latex - Goma Eva / Caretas Plasticas","precio":6478.7,"destacado":false,"descripcion":"","imagen":"assets/products/CA-202500000216.webp","tags":["careta","rigida","vennon","lengua","con","led","fp0216"]},{"id":"CA-691566401524","nombre":"CARETA SCREAM CON LED  x1 MM15-24","categoria":"Halloween","subcategoria":"Mascaras De Latex - Goma Eva / Caretas Plasticas","precio":6213.63,"destacado":false,"descripcion":"","imagen":"assets/products/CA-691566401524.webp","tags":["careta","scream","con","led","mm15"]},{"id":"CA-803410700778","nombre":"MASCARA  NEON CALABAZA HALLOWEEN x1 JY0905","categoria":"Halloween","subcategoria":"Mascaras De Latex - Goma Eva / Caretas Plasticas","precio":911.25,"destacado":false,"descripcion":"","imagen":"assets/products/CA-803410700778.webp","tags":["mascara","neon","calabaza","halloween","jy0905"]},{"id":"CA-000000058131","nombre":"MASCARA DE TELA TERROR VARIOS MODELOS x1 FP0143","categoria":"Halloween","subcategoria":"Mascaras De Latex - Goma Eva / Caretas Plasticas","precio":1336.0,"destacado":false,"descripcion":"","imagen":"assets/products/CA-000000058131.webp","tags":["mascara","tela","terror","varios","modelos","fp0143"]},{"id":"CA-202500000143","nombre":"MASCARA DE TELA TERROR VARIOS MODELOS x6 FP0143","categoria":"Halloween","subcategoria":"Mascaras De Latex - Goma Eva / Caretas Plasticas","precio":8011.64,"destacado":false,"descripcion":"","imagen":"assets/products/CA-202500000143.webp","tags":["mascara","tela","terror","varios","modelos","fp0143"]},{"id":"CA-000000050256","nombre":"MASCARA GOMA EVA GATUBELAx1","categoria":"Halloween","subcategoria":"Mascaras De Latex - Goma Eva / Caretas Plasticas","precio":1830.27,"destacado":false,"descripcion":"","imagen":"assets/products/CA-000000050256.webp","tags":["mascara","goma","eva","gatubelax1"]},{"id":"CA-000000053993","nombre":"MASCARA GOMA EVA HALLOWEEN ANONIMUS x1u.","categoria":"Halloween","subcategoria":"Mascaras De Latex - Goma Eva / Caretas Plasticas","precio":1329.75,"destacado":false,"descripcion":"","imagen":"assets/products/CA-000000053993.webp","tags":["mascara","goma","eva","halloween","anonimus","x1u"]},{"id":"CA-000000050246","nombre":"MASCARA GOMA EVA HALLOWEEN ANONIMUSx1","categoria":"Halloween","subcategoria":"Mascaras De Latex - Goma Eva / Caretas Plasticas","precio":1830.27,"destacado":false,"descripcion":"","imagen":"assets/products/CA-000000050246.webp","tags":["mascara","goma","eva","halloween","anonimusx1"]},{"id":"CA-000000053975","nombre":"MASCARA GOMA EVA HALLOWEEN CALAVERA MISFITS x1u.","categoria":"Halloween","subcategoria":"Mascaras De Latex - Goma Eva / Caretas Plasticas","precio":1329.75,"destacado":false,"descripcion":"","imagen":"assets/products/CA-000000053975.webp","tags":["mascara","goma","eva","halloween","calavera","misfits","x1u"]},{"id":"CA-000000050250","nombre":"MASCARA GOMA EVA HALLOWEEN CALAVERA PUNISHERx1","categoria":"Halloween","subcategoria":"Mascaras De Latex - Goma Eva / Caretas Plasticas","precio":1830.27,"destacado":false,"descripcion":"","imagen":"assets/products/CA-000000050250.webp","tags":["mascara","goma","eva","halloween","calavera","punisherx1"]},{"id":"CA-000000010383","nombre":"MASCARA GOMA EVA HALLOWEEN CALAVERAx1 2407","categoria":"Halloween","subcategoria":"Mascaras De Latex - Goma Eva / Caretas Plasticas","precio":1830.27,"destacado":false,"descripcion":"","imagen":"assets/products/CA-000000010383.webp","tags":["mascara","goma","eva","halloween","calaverax1","2407"]},{"id":"CA-000000053979","nombre":"MASCARA GOMA EVA HALLOWEEN CHUCKY x1u.","categoria":"Halloween","subcategoria":"Mascaras De Latex - Goma Eva / Caretas Plasticas","precio":1329.75,"destacado":false,"descripcion":"","imagen":"assets/products/CA-000000053979.webp","tags":["mascara","goma","eva","halloween","chucky","x1u"]},{"id":"CA-000000011209","nombre":"MASCARA GOMA EVA HALLOWEEN DIABLO SATANICO x1 2413","categoria":"Halloween","subcategoria":"Mascaras De Latex - Goma Eva / Caretas Plasticas","precio":1830.27,"destacado":false,"descripcion":"","imagen":"assets/products/CA-000000011209.webp","tags":["mascara","goma","eva","halloween","diablo","satanico","2413"]},{"id":"CA-000000010387","nombre":"MASCARA GOMA EVA HALLOWEEN FRANKESTEIN x1 2420","categoria":"Halloween","subcategoria":"Mascaras De Latex - Goma Eva / Caretas Plasticas","precio":1830.27,"destacado":false,"descripcion":"","imagen":"assets/products/CA-000000010387.webp","tags":["mascara","goma","eva","halloween","frankestein","2420"]}]}