{"category_slug":"descartables","subcategory_slug":"manteles_individuales_posavaso","page":2,"page_size":48,"total":60,"items":[{"id":"CA-000000018240","nombre":"MANTEL PLASTICO RECTANGULAR LISO VERDE MANZANA (1,20x1,80) x5u.","categoria":"Descartables","subcategoria":"Manteles / Individuales / Posavaso","precio":3642.44,"destacado":false,"descripcion":"* (12/12/2025)","imagen":"assets/products/CA-000000018240.webp","tags":["mantel","plastico","rectangular","liso","verde","manzana","20x1","x5u"]},{"id":"CA-000000018241","nombre":"MANTEL PLASTICO RECTANGULAR LISO VERDE OSCURO (1,20x1,80) x5u.","categoria":"Descartables","subcategoria":"Manteles / Individuales / Posavaso","precio":3642.44,"destacado":false,"descripcion":"* (12/12/2025)","imagen":"assets/products/CA-000000018241.webp","tags":["mantel","plastico","rectangular","liso","verde","oscuro","20x1","x5u"]},{"id":"CA-000000058317","nombre":"MANTEL RECTANGULAR METALIZADO DORADO X12 1465-20","categoria":"Descartables","subcategoria":"Manteles / Individuales / Posavaso","precio":12697.16,"destacado":false,"descripcion":"","imagen":"assets/products/CA-000000058317.webp","tags":["mantel","rectangular","metalizado","dorado","x12","1465"]},{"id":"CA-202560000758","nombre":"MANTEL RECTANGULAR METALIZADO DORADO1.37mts x1.83mts x12 FP0758-01","categoria":"Descartables","subcategoria":"Manteles / Individuales / Posavaso","precio":12697.16,"destacado":false,"descripcion":"","imagen":"assets/products/CA-202560000758.webp","tags":["mantel","rectangular","metalizado","dorado1","37mts","83mts","x12","fp0758"]},{"id":"CA-779813203882","nombre":"MANTEL RECTANGULAR METALIZADO FELIZ CUMPLEAÑOS COLOR x1 (137cm x183cm) 203882","categoria":"Descartables","subcategoria":"Manteles / Individuales / Posavaso","precio":1097.66,"destacado":false,"descripcion":"","imagen":"assets/products/CA-779813203882.webp","tags":["mantel","rectangular","metalizado","feliz","cumpleaños","color","137cm","x183cm","203882"]},{"id":"CA-202562000758","nombre":"MANTEL RECTANGULAR METALIZADO PLATEADO1.37mts x1.83mts x12 FP0758-02","categoria":"Descartables","subcategoria":"Manteles / Individuales / Posavaso","precio":12697.16,"destacado":false,"descripcion":"","imagen":"assets/products/CA-202562000758.webp","tags":["mantel","rectangular","metalizado","plateado1","37mts","83mts","x12","fp0758"]},{"id":"CA-000000058318","nombre":"MANTEL RECTANGULAR METALIZADO ROJO X12 1465-20","categoria":"Descartables","subcategoria":"Manteles / Individuales / Posavaso","precio":12697.16,"destacado":false,"descripcion":"","imagen":"assets/products/CA-000000058318.webp","tags":["mantel","rectangular","metalizado","rojo","x12","1465"]},{"id":"CA-202563000758","nombre":"MANTEL RECTANGULAR METALIZADO ROSA GOLD1.37mts x1.83mts x12 FP0758-03","categoria":"Descartables","subcategoria":"Manteles / Individuales / Posavaso","precio":12697.16,"destacado":false,"descripcion":"","imagen":"assets/products/CA-202563000758.webp","tags":["mantel","rectangular","metalizado","rosa","gold1","37mts","83mts","x12","fp0758"]},{"id":"CA-696264046101","nombre":"MANTEL RECTANGULAR METALIZADO VARIOS COLORES x1","categoria":"Descartables","subcategoria":"Manteles / Individuales / Posavaso","precio":1140.03,"destacado":false,"descripcion":"","imagen":"assets/products/CA-696264046101.webp","tags":["mantel","rectangular","metalizado","varios","colores"]},{"id":"CA-779813203881","nombre":"MANTEL RECTANGULAR METALIZADO x1( varios colores) 137cm x183cm 203881","categoria":"Descartables","subcategoria":"Manteles / Individuales / Posavaso","precio":1117.03,"destacado":false,"descripcion":"","imagen":"assets/products/CA-779813203881.webp","tags":["mantel","rectangular","metalizado","varios","colores","137cm","x183cm","203881"]},{"id":"CA-779813201110","nombre":"MANTEL RECTANGULAR PLASTICO (VARIOS DISEÑOS) 120x152cm x1 201110","categoria":"Descartables","subcategoria":"Manteles / Individuales / Posavaso","precio":2390.5,"destacado":false,"descripcion":"","imagen":"assets/products/CA-779813201110.webp","tags":["mantel","rectangular","plastico","varios","diseños","120x152cm","201110"]},{"id":"CA-779248942175","nombre":"MANTEL RECTANGULAR PREMIUM ALGODON/POLIESTER ESTAMPADO PINOS Y ROMBOS GRIS 1.50x2MTx1 V.H 4201-75","categoria":"Descartables","subcategoria":"Manteles / Individuales / Posavaso","precio":21060.0,"destacado":false,"descripcion":"","imagen":"assets/products/CA-779248942175.webp","tags":["mantel","rectangular","premium","algodon","poliester","estampado","pinos","rombos","gris","50x2mtx1","4201"]}]}