{"category_slug":"cotillon","subcategory_slug":"velas","page":5,"page_size":48,"total":820,"items":[{"id":"CA-202489875423","nombre":"BLISTER VELA NUMERO GLOBITO METALIZADA PLATA N°4 X 1 UNIDAD ART. 89875","categoria":"Cotillon","subcategoria":"Velas","precio":582.4,"destacado":false,"descripcion":"","imagen":"assets/products/CA-202489875423.webp","tags":["blister","vela","numero","globito","metalizada","plata","unidad","art","89875"]},{"id":"CA-202489875522","nombre":"BLISTER VELA NUMERO GLOBITO METALIZADA PLATA N°5 CAJA X 12 UNIDADES ART. 89875","categoria":"Cotillon","subcategoria":"Velas","precio":6739.2,"destacado":false,"descripcion":"","imagen":"assets/products/CA-202489875522.webp","tags":["blister","vela","numero","globito","metalizada","plata","caja","unidades","art","89875"]},{"id":"CA-692925193014","nombre":"BLISTER VELA NUMERO GLOBITO METALIZADA PLATA N°5 CAJA X 12 UNIDADES ART. YW19-301","categoria":"Cotillon","subcategoria":"Velas","precio":6141.1,"destacado":false,"descripcion":"","imagen":"assets/products/CA-692925193014.webp","tags":["blister","vela","numero","globito","metalizada","plata","caja","unidades","art","yw19","301"]},{"id":"CA-202489875523","nombre":"BLISTER VELA NUMERO GLOBITO METALIZADA PLATA N°5 X 1 UNIDAD ART. 89875","categoria":"Cotillon","subcategoria":"Velas","precio":582.4,"destacado":false,"descripcion":"","imagen":"assets/products/CA-202489875523.webp","tags":["blister","vela","numero","globito","metalizada","plata","unidad","art","89875"]},{"id":"CA-202489875622","nombre":"BLISTER VELA NUMERO GLOBITO METALIZADA PLATA N°6 CAJA X 12 UNIDADES ART. 89875","categoria":"Cotillon","subcategoria":"Velas","precio":6739.2,"destacado":false,"descripcion":"","imagen":"assets/products/CA-202489875622.webp","tags":["blister","vela","numero","globito","metalizada","plata","caja","unidades","art","89875"]},{"id":"CA-692925193015","nombre":"BLISTER VELA NUMERO GLOBITO METALIZADA PLATA N°6 CAJA X 12 UNIDADES ART. YW19-301","categoria":"Cotillon","subcategoria":"Velas","precio":6141.1,"destacado":false,"descripcion":"","imagen":"assets/products/CA-692925193015.webp","tags":["blister","vela","numero","globito","metalizada","plata","caja","unidades","art","yw19","301"]},{"id":"CA-202489875623","nombre":"BLISTER VELA NUMERO GLOBITO METALIZADA PLATA N°6 X 1 UNIDAD ART. 89875","categoria":"Cotillon","subcategoria":"Velas","precio":582.4,"destacado":false,"descripcion":"","imagen":"assets/products/CA-202489875623.webp","tags":["blister","vela","numero","globito","metalizada","plata","unidad","art","89875"]},{"id":"CA-202489875722","nombre":"BLISTER VELA NUMERO GLOBITO METALIZADA PLATA N°7 CAJA X 12 UNIDADES ART. 89875","categoria":"Cotillon","subcategoria":"Velas","precio":6739.2,"destacado":false,"descripcion":"","imagen":"assets/products/CA-202489875722.webp","tags":["blister","vela","numero","globito","metalizada","plata","caja","unidades","art","89875"]},{"id":"CA-692925193016","nombre":"BLISTER VELA NUMERO GLOBITO METALIZADA PLATA N°7 CAJA X 12 UNIDADES ART. YW19-301","categoria":"Cotillon","subcategoria":"Velas","precio":6141.1,"destacado":false,"descripcion":"","imagen":"assets/products/CA-692925193016.webp","tags":["blister","vela","numero","globito","metalizada","plata","caja","unidades","art","yw19","301"]},{"id":"CA-202489875723","nombre":"BLISTER VELA NUMERO GLOBITO METALIZADA PLATA N°7 X 1 UNIDAD ART. 89875","categoria":"Cotillon","subcategoria":"Velas","precio":582.4,"destacado":false,"descripcion":"","imagen":"assets/products/CA-202489875723.webp","tags":["blister","vela","numero","globito","metalizada","plata","unidad","art","89875"]},{"id":"CA-202489875822","nombre":"BLISTER VELA NUMERO GLOBITO METALIZADA PLATA N°8 CAJA X 12 UNIDADES ART. 89875","categoria":"Cotillon","subcategoria":"Velas","precio":6739.2,"destacado":false,"descripcion":"","imagen":"assets/products/CA-202489875822.webp","tags":["blister","vela","numero","globito","metalizada","plata","caja","unidades","art","89875"]},{"id":"CA-692925193017","nombre":"BLISTER VELA NUMERO GLOBITO METALIZADA PLATA N°8 CAJA X 12 UNIDADES ART. YW19-301","categoria":"Cotillon","subcategoria":"Velas","precio":6141.1,"destacado":false,"descripcion":"","imagen":"assets/products/CA-692925193017.webp","tags":["blister","vela","numero","globito","metalizada","plata","caja","unidades","art","yw19","301"]},{"id":"CA-202489875823","nombre":"BLISTER VELA NUMERO GLOBITO METALIZADA PLATA N°8 X 1 UNIDAD ART. 89875","categoria":"Cotillon","subcategoria":"Velas","precio":582.4,"destacado":false,"descripcion":"","imagen":"assets/products/CA-202489875823.webp","tags":["blister","vela","numero","globito","metalizada","plata","unidad","art","89875"]},{"id":"CA-202489875922","nombre":"BLISTER VELA NUMERO GLOBITO METALIZADA PLATA N°9 CAJA X 12 UNIDADES ART. 89875","categoria":"Cotillon","subcategoria":"Velas","precio":6739.2,"destacado":false,"descripcion":"","imagen":"assets/products/CA-202489875922.webp","tags":["blister","vela","numero","globito","metalizada","plata","caja","unidades","art","89875"]},{"id":"CA-692925193018","nombre":"BLISTER VELA NUMERO GLOBITO METALIZADA PLATA N°9 CAJA X 12 UNIDADES ART. YW19-301","categoria":"Cotillon","subcategoria":"Velas","precio":6141.1,"destacado":false,"descripcion":"","imagen":"assets/products/CA-692925193018.webp","tags":["blister","vela","numero","globito","metalizada","plata","caja","unidades","art","yw19","301"]},{"id":"CA-202489875923","nombre":"BLISTER VELA NUMERO GLOBITO METALIZADA PLATA N°9 X 1 UNIDAD ART. 89875","categoria":"Cotillon","subcategoria":"Velas","precio":582.4,"destacado":false,"descripcion":"","imagen":"assets/products/CA-202489875923.webp","tags":["blister","vela","numero","globito","metalizada","plata","unidad","art","89875"]},{"id":"CA-000000045303","nombre":"BLISTER VELA NUMERO LUMINOSA CON BORDE BLANCO X1 Nº0 LUCA PLASTIC","categoria":"Cotillon","subcategoria":"Velas","precio":2065.5,"destacado":false,"descripcion":"","imagen":"assets/products/CA-000000045303.webp","tags":["blister","vela","numero","luminosa","con","borde","blanco","nº0","luca","plastic"]},{"id":"CA-200388200000","nombre":"BLISTER VELA NUMERO LUMINOSA CON BORDE BLANCO X1 Nº1 LUCA  PLASTIC","categoria":"Cotillon","subcategoria":"Velas","precio":2065.5,"destacado":false,"descripcion":"","imagen":"assets/products/CA-200388200000.webp","tags":["blister","vela","numero","luminosa","con","borde","blanco","nº1","luca","plastic"]},{"id":"CA-000000045304","nombre":"BLISTER VELA NUMERO LUMINOSA CON BORDE BLANCO X1 Nº1 LUCA PLASTIC","categoria":"Cotillon","subcategoria":"Velas","precio":2065.5,"destacado":false,"descripcion":"","imagen":"assets/products/CA-000000045304.webp","tags":["blister","vela","numero","luminosa","con","borde","blanco","nº1","luca","plastic"]},{"id":"CA-000000045305","nombre":"BLISTER VELA NUMERO LUMINOSA CON BORDE BLANCO X1 Nº2 LUCA PLASTIC","categoria":"Cotillon","subcategoria":"Velas","precio":2065.5,"destacado":false,"descripcion":"","imagen":"assets/products/CA-000000045305.webp","tags":["blister","vela","numero","luminosa","con","borde","blanco","nº2","luca","plastic"]},{"id":"CA-000000045306","nombre":"BLISTER VELA NUMERO LUMINOSA CON BORDE BLANCO X1 Nº3 LUCA PLASTIC","categoria":"Cotillon","subcategoria":"Velas","precio":2065.5,"destacado":false,"descripcion":"","imagen":"assets/products/CA-000000045306.webp","tags":["blister","vela","numero","luminosa","con","borde","blanco","nº3","luca","plastic"]},{"id":"CA-000000045307","nombre":"BLISTER VELA NUMERO LUMINOSA CON BORDE BLANCO X1 Nº4 LUCA PLASTIC","categoria":"Cotillon","subcategoria":"Velas","precio":2065.5,"destacado":false,"descripcion":"","imagen":"assets/products/CA-000000045307.webp","tags":["blister","vela","numero","luminosa","con","borde","blanco","nº4","luca","plastic"]},{"id":"CA-000000045308","nombre":"BLISTER VELA NUMERO LUMINOSA CON BORDE BLANCO X1 Nº5 LUCA PLASTIC","categoria":"Cotillon","subcategoria":"Velas","precio":2065.5,"destacado":false,"descripcion":"","imagen":"assets/products/CA-000000045308.webp","tags":["blister","vela","numero","luminosa","con","borde","blanco","nº5","luca","plastic"]},{"id":"CA-000000045309","nombre":"BLISTER VELA NUMERO LUMINOSA CON BORDE BLANCO X1 Nº6 LUCA PLASTIC","categoria":"Cotillon","subcategoria":"Velas","precio":2065.5,"destacado":false,"descripcion":"","imagen":"assets/products/CA-000000045309.webp","tags":["blister","vela","numero","luminosa","con","borde","blanco","nº6","luca","plastic"]},{"id":"CA-000000045310","nombre":"BLISTER VELA NUMERO LUMINOSA CON BORDE BLANCO X1 Nº7 LUCA PLASTIC","categoria":"Cotillon","subcategoria":"Velas","precio":2065.5,"destacado":false,"descripcion":"","imagen":"assets/products/CA-000000045310.webp","tags":["blister","vela","numero","luminosa","con","borde","blanco","nº7","luca","plastic"]},{"id":"CA-000000045311","nombre":"BLISTER VELA NUMERO LUMINOSA CON BORDE BLANCO X1 Nº8 LUCA PLASTIC","categoria":"Cotillon","subcategoria":"Velas","precio":2065.5,"destacado":false,"descripcion":"","imagen":"assets/products/CA-000000045311.webp","tags":["blister","vela","numero","luminosa","con","borde","blanco","nº8","luca","plastic"]},{"id":"CA-000000045312","nombre":"BLISTER VELA NUMERO LUMINOSA CON BORDE BLANCO X1 Nº9 LUCA PLASTIC","categoria":"Cotillon","subcategoria":"Velas","precio":2065.5,"destacado":false,"descripcion":"","imagen":"assets/products/CA-000000045312.webp","tags":["blister","vela","numero","luminosa","con","borde","blanco","nº9","luca","plastic"]},{"id":"CA-779832235354","nombre":"BLISTER VELA NUMERO LUMINOSA LED CON 4 VELITAS X1 Nº0","categoria":"Cotillon","subcategoria":"Velas","precio":1822.1,"destacado":false,"descripcion":"","imagen":"assets/products/CA-779832235354.webp","tags":["blister","vela","numero","luminosa","led","con","velitas","nº0"]},{"id":"CA-779832235355","nombre":"BLISTER VELA NUMERO LUMINOSA LED CON 4 VELITAS X1 Nº1","categoria":"Cotillon","subcategoria":"Velas","precio":1822.1,"destacado":false,"descripcion":"","imagen":"assets/products/CA-779832235355.webp","tags":["blister","vela","numero","luminosa","led","con","velitas","nº1"]},{"id":"CA-779832235356","nombre":"BLISTER VELA NUMERO LUMINOSA LED CON 4 VELITAS X1 Nº2","categoria":"Cotillon","subcategoria":"Velas","precio":1822.1,"destacado":false,"descripcion":"","imagen":"assets/products/CA-779832235356.webp","tags":["blister","vela","numero","luminosa","led","con","velitas","nº2"]},{"id":"CA-779832235357","nombre":"BLISTER VELA NUMERO LUMINOSA LED CON 4 VELITAS X1 Nº3","categoria":"Cotillon","subcategoria":"Velas","precio":1822.1,"destacado":false,"descripcion":"","imagen":"assets/products/CA-779832235357.webp","tags":["blister","vela","numero","luminosa","led","con","velitas","nº3"]},{"id":"CA-779832235358","nombre":"BLISTER VELA NUMERO LUMINOSA LED CON 4 VELITAS X1 Nº4","categoria":"Cotillon","subcategoria":"Velas","precio":1822.1,"destacado":false,"descripcion":"","imagen":"assets/products/CA-779832235358.webp","tags":["blister","vela","numero","luminosa","led","con","velitas","nº4"]},{"id":"CA-779832235359","nombre":"BLISTER VELA NUMERO LUMINOSA LED CON 4 VELITAS X1 Nº5","categoria":"Cotillon","subcategoria":"Velas","precio":1822.1,"destacado":false,"descripcion":"","imagen":"assets/products/CA-779832235359.webp","tags":["blister","vela","numero","luminosa","led","con","velitas","nº5"]},{"id":"CA-779832235360","nombre":"BLISTER VELA NUMERO LUMINOSA LED CON 4 VELITAS X1 Nº6","categoria":"Cotillon","subcategoria":"Velas","precio":1822.1,"destacado":false,"descripcion":"","imagen":"assets/products/CA-779832235360.webp","tags":["blister","vela","numero","luminosa","led","con","velitas","nº6"]},{"id":"CA-779832235361","nombre":"BLISTER VELA NUMERO LUMINOSA LED CON 4 VELITAS X1 Nº7","categoria":"Cotillon","subcategoria":"Velas","precio":1822.1,"destacado":false,"descripcion":"","imagen":"assets/products/CA-779832235361.webp","tags":["blister","vela","numero","luminosa","led","con","velitas","nº7"]},{"id":"CA-779832235362","nombre":"BLISTER VELA NUMERO LUMINOSA LED CON 4 VELITAS X1 Nº8","categoria":"Cotillon","subcategoria":"Velas","precio":1822.1,"destacado":false,"descripcion":"","imagen":"assets/products/CA-779832235362.webp","tags":["blister","vela","numero","luminosa","led","con","velitas","nº8"]},{"id":"CA-779832235363","nombre":"BLISTER VELA NUMERO LUMINOSA LED CON 4 VELITAS X1 Nº9","categoria":"Cotillon","subcategoria":"Velas","precio":1822.1,"destacado":false,"descripcion":"","imagen":"assets/products/CA-779832235363.webp","tags":["blister","vela","numero","luminosa","led","con","velitas","nº9"]},{"id":"CA-000000056731","nombre":"BLISTER VELA NUMERO PINCHE CON GIBRE CELESTE N°0 X 6 UNIDADES","categoria":"Cotillon","subcategoria":"Velas","precio":2974.32,"destacado":false,"descripcion":"","imagen":"assets/products/CA-000000056731.webp","tags":["blister","vela","numero","pinche","con","gibre","celeste","unidades"]},{"id":"CA-000000051084","nombre":"BLISTER VELA NUMERO PINCHE CON GIBRE CELESTE N°0 X1 UNIDAD","categoria":"Cotillon","subcategoria":"Velas","precio":514.08,"destacado":false,"descripcion":"","imagen":"assets/products/CA-000000051084.webp","tags":["blister","vela","numero","pinche","con","gibre","celeste","unidad"]},{"id":"CA-000000056732","nombre":"BLISTER VELA NUMERO PINCHE CON GIBRE CELESTE N°1 X 6 UNIDADES","categoria":"Cotillon","subcategoria":"Velas","precio":2974.32,"destacado":false,"descripcion":"","imagen":"assets/products/CA-000000056732.webp","tags":["blister","vela","numero","pinche","con","gibre","celeste","unidades"]},{"id":"CA-000000051085","nombre":"BLISTER VELA NUMERO PINCHE CON GIBRE CELESTE N°1 X1 UNIDAD","categoria":"Cotillon","subcategoria":"Velas","precio":514.08,"destacado":false,"descripcion":"","imagen":"assets/products/CA-000000051085.webp","tags":["blister","vela","numero","pinche","con","gibre","celeste","unidad"]},{"id":"CA-000000056733","nombre":"BLISTER VELA NUMERO PINCHE CON GIBRE CELESTE N°2 X 6 UNIDADES","categoria":"Cotillon","subcategoria":"Velas","precio":2974.32,"destacado":false,"descripcion":"","imagen":"assets/products/CA-000000056733.webp","tags":["blister","vela","numero","pinche","con","gibre","celeste","unidades"]},{"id":"CA-000000051086","nombre":"BLISTER VELA NUMERO PINCHE CON GIBRE CELESTE N°2 X1 UNIDAD","categoria":"Cotillon","subcategoria":"Velas","precio":514.08,"destacado":false,"descripcion":"","imagen":"assets/products/CA-000000051086.webp","tags":["blister","vela","numero","pinche","con","gibre","celeste","unidad"]},{"id":"CA-000000056734","nombre":"BLISTER VELA NUMERO PINCHE CON GIBRE CELESTE N°3 X 6 UNIDADES","categoria":"Cotillon","subcategoria":"Velas","precio":2974.32,"destacado":false,"descripcion":"","imagen":"assets/products/CA-000000056734.webp","tags":["blister","vela","numero","pinche","con","gibre","celeste","unidades"]},{"id":"CA-000000051087","nombre":"BLISTER VELA NUMERO PINCHE CON GIBRE CELESTE N°3 X1 UNIDAD","categoria":"Cotillon","subcategoria":"Velas","precio":514.08,"destacado":false,"descripcion":"","imagen":"assets/products/CA-000000051087.webp","tags":["blister","vela","numero","pinche","con","gibre","celeste","unidad"]},{"id":"CA-000000056735","nombre":"BLISTER VELA NUMERO PINCHE CON GIBRE CELESTE N°4 X 6 UNIDADES","categoria":"Cotillon","subcategoria":"Velas","precio":2974.32,"destacado":false,"descripcion":"","imagen":"assets/products/CA-000000056735.webp","tags":["blister","vela","numero","pinche","con","gibre","celeste","unidades"]},{"id":"CA-000000051088","nombre":"BLISTER VELA NUMERO PINCHE CON GIBRE CELESTE N°4 X1 UNIDAD","categoria":"Cotillon","subcategoria":"Velas","precio":514.08,"destacado":false,"descripcion":"","imagen":"assets/products/CA-000000051088.webp","tags":["blister","vela","numero","pinche","con","gibre","celeste","unidad"]},{"id":"CA-000000056736","nombre":"BLISTER VELA NUMERO PINCHE CON GIBRE CELESTE N°5 X 6 UNIDADES","categoria":"Cotillon","subcategoria":"Velas","precio":2974.32,"destacado":false,"descripcion":"","imagen":"assets/products/CA-000000056736.webp","tags":["blister","vela","numero","pinche","con","gibre","celeste","unidades"]}]}