{"category_slug":"cotillon","subcategory_slug":"velas","page":4,"page_size":48,"total":820,"items":[{"id":"CA-779814797604","nombre":"BLISTER VELA NUMERO BRILLITOS ROSA Nº7 x1 VNGRS7","categoria":"Cotillon","subcategoria":"Velas","precio":791.18,"destacado":false,"descripcion":"","imagen":"assets/products/CA-779814797604.webp","tags":["blister","vela","numero","brillitos","rosa","nº7","vngrs7"]},{"id":"CA-779814797605","nombre":"BLISTER VELA NUMERO BRILLITOS ROSA Nº8 x1 VNGRS8","categoria":"Cotillon","subcategoria":"Velas","precio":791.18,"destacado":false,"descripcion":"","imagen":"assets/products/CA-779814797605.webp","tags":["blister","vela","numero","brillitos","rosa","nº8","vngrs8"]},{"id":"CA-779814797606","nombre":"BLISTER VELA NUMERO BRILLITOS ROSA Nº9 x1 VNGRS9","categoria":"Cotillon","subcategoria":"Velas","precio":791.18,"destacado":false,"descripcion":"","imagen":"assets/products/CA-779814797606.webp","tags":["blister","vela","numero","brillitos","rosa","nº9","vngrs9"]},{"id":"CA-202489875012","nombre":"BLISTER VELA NUMERO GLOBITO METALIZADA ORO N°0 CAJA X 12 UNIDADES ART. 89875","categoria":"Cotillon","subcategoria":"Velas","precio":6739.2,"destacado":false,"descripcion":"","imagen":"assets/products/CA-202489875012.webp","tags":["blister","vela","numero","globito","metalizada","oro","caja","unidades","art","89875"]},{"id":"CA-692924193019","nombre":"BLISTER VELA NUMERO GLOBITO METALIZADA ORO N°0 CAJA X 12 UNIDADES ART. YW19-301","categoria":"Cotillon","subcategoria":"Velas","precio":6141.1,"destacado":false,"descripcion":"","imagen":"assets/products/CA-692924193019.webp","tags":["blister","vela","numero","globito","metalizada","oro","caja","unidades","art","yw19","301"]},{"id":"CA-202489875013","nombre":"BLISTER VELA NUMERO GLOBITO METALIZADA ORO N°0 X 1 UNIDAD ART. 89875","categoria":"Cotillon","subcategoria":"Velas","precio":582.4,"destacado":false,"descripcion":"","imagen":"assets/products/CA-202489875013.webp","tags":["blister","vela","numero","globito","metalizada","oro","unidad","art","89875"]},{"id":"CA-202489875112","nombre":"BLISTER VELA NUMERO GLOBITO METALIZADA ORO N°1 CAJA X 12 UNIDADES ART. 89875","categoria":"Cotillon","subcategoria":"Velas","precio":6739.2,"destacado":false,"descripcion":"","imagen":"assets/products/CA-202489875112.webp","tags":["blister","vela","numero","globito","metalizada","oro","caja","unidades","art","89875"]},{"id":"CA-692924193010","nombre":"BLISTER VELA NUMERO GLOBITO METALIZADA ORO N°1 CAJA X 12 UNIDADES ART. YW19-301","categoria":"Cotillon","subcategoria":"Velas","precio":6141.1,"destacado":false,"descripcion":"","imagen":"assets/products/CA-692924193010.webp","tags":["blister","vela","numero","globito","metalizada","oro","caja","unidades","art","yw19","301"]},{"id":"CA-202489875113","nombre":"BLISTER VELA NUMERO GLOBITO METALIZADA ORO N°1 X 1 UNIDAD ART. 89875","categoria":"Cotillon","subcategoria":"Velas","precio":582.4,"destacado":false,"descripcion":"","imagen":"assets/products/CA-202489875113.webp","tags":["blister","vela","numero","globito","metalizada","oro","unidad","art","89875"]},{"id":"CA-202489875212","nombre":"BLISTER VELA NUMERO GLOBITO METALIZADA ORO N°2 CAJA X 12 UNIDADES ART. 89875","categoria":"Cotillon","subcategoria":"Velas","precio":6739.2,"destacado":false,"descripcion":"","imagen":"assets/products/CA-202489875212.webp","tags":["blister","vela","numero","globito","metalizada","oro","caja","unidades","art","89875"]},{"id":"CA-692924193011","nombre":"BLISTER VELA NUMERO GLOBITO METALIZADA ORO N°2 CAJA X 12 UNIDADES ART. YW19-301","categoria":"Cotillon","subcategoria":"Velas","precio":6141.1,"destacado":false,"descripcion":"","imagen":"assets/products/CA-692924193011.webp","tags":["blister","vela","numero","globito","metalizada","oro","caja","unidades","art","yw19","301"]},{"id":"CA-202489875213","nombre":"BLISTER VELA NUMERO GLOBITO METALIZADA ORO N°2 X 1 UNIDAD ART. 89875","categoria":"Cotillon","subcategoria":"Velas","precio":582.4,"destacado":false,"descripcion":"","imagen":"assets/products/CA-202489875213.webp","tags":["blister","vela","numero","globito","metalizada","oro","unidad","art","89875"]},{"id":"CA-202489875312","nombre":"BLISTER VELA NUMERO GLOBITO METALIZADA ORO N°3 CAJA X 12 UNIDADES ART. 89875","categoria":"Cotillon","subcategoria":"Velas","precio":6739.2,"destacado":false,"descripcion":"","imagen":"assets/products/CA-202489875312.webp","tags":["blister","vela","numero","globito","metalizada","oro","caja","unidades","art","89875"]},{"id":"CA-692924193012","nombre":"BLISTER VELA NUMERO GLOBITO METALIZADA ORO N°3 CAJA X 12 UNIDADES ART. YW19-301","categoria":"Cotillon","subcategoria":"Velas","precio":6141.1,"destacado":false,"descripcion":"","imagen":"assets/products/CA-692924193012.webp","tags":["blister","vela","numero","globito","metalizada","oro","caja","unidades","art","yw19","301"]},{"id":"CA-202489875313","nombre":"BLISTER VELA NUMERO GLOBITO METALIZADA ORO N°3 X 1 UNIDAD ART. 89875","categoria":"Cotillon","subcategoria":"Velas","precio":582.4,"destacado":false,"descripcion":"","imagen":"assets/products/CA-202489875313.webp","tags":["blister","vela","numero","globito","metalizada","oro","unidad","art","89875"]},{"id":"CA-202489875412","nombre":"BLISTER VELA NUMERO GLOBITO METALIZADA ORO N°4 CAJA X 12 UNIDADES ART. 89875","categoria":"Cotillon","subcategoria":"Velas","precio":6739.2,"destacado":false,"descripcion":"","imagen":"assets/products/CA-202489875412.webp","tags":["blister","vela","numero","globito","metalizada","oro","caja","unidades","art","89875"]},{"id":"CA-692924193013","nombre":"BLISTER VELA NUMERO GLOBITO METALIZADA ORO N°4 CAJA X 12 UNIDADES ART. YW19-301","categoria":"Cotillon","subcategoria":"Velas","precio":6141.1,"destacado":false,"descripcion":"","imagen":"assets/products/CA-692924193013.webp","tags":["blister","vela","numero","globito","metalizada","oro","caja","unidades","art","yw19","301"]},{"id":"CA-202489875413","nombre":"BLISTER VELA NUMERO GLOBITO METALIZADA ORO N°4 X 1 UNIDAD ART. 89875","categoria":"Cotillon","subcategoria":"Velas","precio":582.4,"destacado":false,"descripcion":"","imagen":"assets/products/CA-202489875413.webp","tags":["blister","vela","numero","globito","metalizada","oro","unidad","art","89875"]},{"id":"CA-202489875512","nombre":"BLISTER VELA NUMERO GLOBITO METALIZADA ORO N°5 CAJA X 12 UNIDADES ART. 89875","categoria":"Cotillon","subcategoria":"Velas","precio":6739.2,"destacado":false,"descripcion":"","imagen":"assets/products/CA-202489875512.webp","tags":["blister","vela","numero","globito","metalizada","oro","caja","unidades","art","89875"]},{"id":"CA-692924193014","nombre":"BLISTER VELA NUMERO GLOBITO METALIZADA ORO N°5 CAJA X 12 UNIDADES ART. YW19-301","categoria":"Cotillon","subcategoria":"Velas","precio":6141.1,"destacado":false,"descripcion":"","imagen":"assets/products/CA-692924193014.webp","tags":["blister","vela","numero","globito","metalizada","oro","caja","unidades","art","yw19","301"]},{"id":"CA-202489875513","nombre":"BLISTER VELA NUMERO GLOBITO METALIZADA ORO N°5 X 1 UNIDAD ART. 89875","categoria":"Cotillon","subcategoria":"Velas","precio":582.4,"destacado":false,"descripcion":"","imagen":"assets/products/CA-202489875513.webp","tags":["blister","vela","numero","globito","metalizada","oro","unidad","art","89875"]},{"id":"CA-202489875612","nombre":"BLISTER VELA NUMERO GLOBITO METALIZADA ORO N°6 CAJA X 12 UNIDADES ART. 89875","categoria":"Cotillon","subcategoria":"Velas","precio":6739.2,"destacado":false,"descripcion":"","imagen":"assets/products/CA-202489875612.webp","tags":["blister","vela","numero","globito","metalizada","oro","caja","unidades","art","89875"]},{"id":"CA-692924193015","nombre":"BLISTER VELA NUMERO GLOBITO METALIZADA ORO N°6 CAJA X 12 UNIDADES ART. YW19-301","categoria":"Cotillon","subcategoria":"Velas","precio":6141.1,"destacado":false,"descripcion":"","imagen":"assets/products/CA-692924193015.webp","tags":["blister","vela","numero","globito","metalizada","oro","caja","unidades","art","yw19","301"]},{"id":"CA-202489875613","nombre":"BLISTER VELA NUMERO GLOBITO METALIZADA ORO N°6 X 1 UNIDAD ART. 89875","categoria":"Cotillon","subcategoria":"Velas","precio":582.4,"destacado":false,"descripcion":"","imagen":"assets/products/CA-202489875613.webp","tags":["blister","vela","numero","globito","metalizada","oro","unidad","art","89875"]},{"id":"CA-202489875712","nombre":"BLISTER VELA NUMERO GLOBITO METALIZADA ORO N°7 CAJA X 12 UNIDADES ART. 89875","categoria":"Cotillon","subcategoria":"Velas","precio":6739.2,"destacado":false,"descripcion":"","imagen":"assets/products/CA-202489875712.webp","tags":["blister","vela","numero","globito","metalizada","oro","caja","unidades","art","89875"]},{"id":"CA-692924193016","nombre":"BLISTER VELA NUMERO GLOBITO METALIZADA ORO N°7 CAJA X 12 UNIDADES ART. YW19-301","categoria":"Cotillon","subcategoria":"Velas","precio":6141.1,"destacado":false,"descripcion":"","imagen":"assets/products/CA-692924193016.webp","tags":["blister","vela","numero","globito","metalizada","oro","caja","unidades","art","yw19","301"]},{"id":"CA-202489875713","nombre":"BLISTER VELA NUMERO GLOBITO METALIZADA ORO N°7 X 1 UNIDAD ART. 89875","categoria":"Cotillon","subcategoria":"Velas","precio":582.4,"destacado":false,"descripcion":"","imagen":"assets/products/CA-202489875713.webp","tags":["blister","vela","numero","globito","metalizada","oro","unidad","art","89875"]},{"id":"CA-202489875812","nombre":"BLISTER VELA NUMERO GLOBITO METALIZADA ORO N°8 CAJA X 12 UNIDADES ART. 89875","categoria":"Cotillon","subcategoria":"Velas","precio":6739.2,"destacado":false,"descripcion":"","imagen":"assets/products/CA-202489875812.webp","tags":["blister","vela","numero","globito","metalizada","oro","caja","unidades","art","89875"]},{"id":"CA-692924193017","nombre":"BLISTER VELA NUMERO GLOBITO METALIZADA ORO N°8 CAJA X 12 UNIDADES ART. YW19-301","categoria":"Cotillon","subcategoria":"Velas","precio":6141.1,"destacado":false,"descripcion":"","imagen":"assets/products/CA-692924193017.webp","tags":["blister","vela","numero","globito","metalizada","oro","caja","unidades","art","yw19","301"]},{"id":"CA-202489875813","nombre":"BLISTER VELA NUMERO GLOBITO METALIZADA ORO N°8 X 1 UNIDAD ART. 89875","categoria":"Cotillon","subcategoria":"Velas","precio":582.4,"destacado":false,"descripcion":"","imagen":"assets/products/CA-202489875813.webp","tags":["blister","vela","numero","globito","metalizada","oro","unidad","art","89875"]},{"id":"CA-202489875912","nombre":"BLISTER VELA NUMERO GLOBITO METALIZADA ORO N°9 CAJA X 12 UNIDADES ART. 89875","categoria":"Cotillon","subcategoria":"Velas","precio":6739.2,"destacado":false,"descripcion":"","imagen":"assets/products/CA-202489875912.webp","tags":["blister","vela","numero","globito","metalizada","oro","caja","unidades","art","89875"]},{"id":"CA-692924193018","nombre":"BLISTER VELA NUMERO GLOBITO METALIZADA ORO N°9 CAJA X 12 UNIDADES ART. YW19-301","categoria":"Cotillon","subcategoria":"Velas","precio":6141.1,"destacado":false,"descripcion":"","imagen":"assets/products/CA-692924193018.webp","tags":["blister","vela","numero","globito","metalizada","oro","caja","unidades","art","yw19","301"]},{"id":"CA-202489875913","nombre":"BLISTER VELA NUMERO GLOBITO METALIZADA ORO N°9 X 1 UNIDAD ART. 89875","categoria":"Cotillon","subcategoria":"Velas","precio":582.4,"destacado":false,"descripcion":"","imagen":"assets/products/CA-202489875913.webp","tags":["blister","vela","numero","globito","metalizada","oro","unidad","art","89875"]},{"id":"CA-697210595025","nombre":"BLISTER VELA NUMERO GLOBITO METALIZADA ORO/PLATA x1 YW19-301","categoria":"Cotillon","subcategoria":"Velas","precio":530.71,"destacado":false,"descripcion":"","imagen":"assets/products/CA-697210595025.webp","tags":["blister","vela","numero","globito","metalizada","oro","plata","yw19","301"]},{"id":"CA-202489875022","nombre":"BLISTER VELA NUMERO GLOBITO METALIZADA PLATA N°0 CAJA X 12 UNIDADES ART. 89875","categoria":"Cotillon","subcategoria":"Velas","precio":6739.2,"destacado":false,"descripcion":"","imagen":"assets/products/CA-202489875022.webp","tags":["blister","vela","numero","globito","metalizada","plata","caja","unidades","art","89875"]},{"id":"CA-692925193019","nombre":"BLISTER VELA NUMERO GLOBITO METALIZADA PLATA N°0 CAJA X 12 UNIDADES ART. YW19-301","categoria":"Cotillon","subcategoria":"Velas","precio":6141.1,"destacado":false,"descripcion":"","imagen":"assets/products/CA-692925193019.webp","tags":["blister","vela","numero","globito","metalizada","plata","caja","unidades","art","yw19","301"]},{"id":"CA-202489875023","nombre":"BLISTER VELA NUMERO GLOBITO METALIZADA PLATA N°0 X 1 UNIDAD ART. 89875","categoria":"Cotillon","subcategoria":"Velas","precio":582.4,"destacado":false,"descripcion":"","imagen":"assets/products/CA-202489875023.webp","tags":["blister","vela","numero","globito","metalizada","plata","unidad","art","89875"]},{"id":"CA-202489875122","nombre":"BLISTER VELA NUMERO GLOBITO METALIZADA PLATA N°1 CAJA X 12 UNIDADES ART. 89875","categoria":"Cotillon","subcategoria":"Velas","precio":6739.2,"destacado":false,"descripcion":"","imagen":"assets/products/CA-202489875122.webp","tags":["blister","vela","numero","globito","metalizada","plata","caja","unidades","art","89875"]},{"id":"CA-692925193010","nombre":"BLISTER VELA NUMERO GLOBITO METALIZADA PLATA N°1 CAJA X 12 UNIDADES ART. YW19-301","categoria":"Cotillon","subcategoria":"Velas","precio":6141.1,"destacado":false,"descripcion":"","imagen":"assets/products/CA-692925193010.webp","tags":["blister","vela","numero","globito","metalizada","plata","caja","unidades","art","yw19","301"]},{"id":"CA-202489875123","nombre":"BLISTER VELA NUMERO GLOBITO METALIZADA PLATA N°1 X 1 UNIDAD ART. 89875","categoria":"Cotillon","subcategoria":"Velas","precio":582.4,"destacado":false,"descripcion":"","imagen":"assets/products/CA-202489875123.webp","tags":["blister","vela","numero","globito","metalizada","plata","unidad","art","89875"]},{"id":"CA-202489875222","nombre":"BLISTER VELA NUMERO GLOBITO METALIZADA PLATA N°2 CAJA X 12 UNIDADES ART. 89875","categoria":"Cotillon","subcategoria":"Velas","precio":6739.2,"destacado":false,"descripcion":"","imagen":"assets/products/CA-202489875222.webp","tags":["blister","vela","numero","globito","metalizada","plata","caja","unidades","art","89875"]},{"id":"CA-692925193011","nombre":"BLISTER VELA NUMERO GLOBITO METALIZADA PLATA N°2 CAJA X 12 UNIDADES ART. YW19-301","categoria":"Cotillon","subcategoria":"Velas","precio":6141.1,"destacado":false,"descripcion":"","imagen":"assets/products/CA-692925193011.webp","tags":["blister","vela","numero","globito","metalizada","plata","caja","unidades","art","yw19","301"]},{"id":"CA-202489875223","nombre":"BLISTER VELA NUMERO GLOBITO METALIZADA PLATA N°2 X 1 UNIDAD ART. 89875","categoria":"Cotillon","subcategoria":"Velas","precio":582.4,"destacado":false,"descripcion":"","imagen":"assets/products/CA-202489875223.webp","tags":["blister","vela","numero","globito","metalizada","plata","unidad","art","89875"]},{"id":"CA-202489875322","nombre":"BLISTER VELA NUMERO GLOBITO METALIZADA PLATA N°3 CAJA X 12 UNIDADES ART. 89875","categoria":"Cotillon","subcategoria":"Velas","precio":6739.2,"destacado":false,"descripcion":"","imagen":"assets/products/CA-202489875322.webp","tags":["blister","vela","numero","globito","metalizada","plata","caja","unidades","art","89875"]},{"id":"CA-692925193012","nombre":"BLISTER VELA NUMERO GLOBITO METALIZADA PLATA N°3 CAJA X 12 UNIDADES ART. YW19-301","categoria":"Cotillon","subcategoria":"Velas","precio":6141.1,"destacado":false,"descripcion":"","imagen":"assets/products/CA-692925193012.webp","tags":["blister","vela","numero","globito","metalizada","plata","caja","unidades","art","yw19","301"]},{"id":"CA-202489875323","nombre":"BLISTER VELA NUMERO GLOBITO METALIZADA PLATA N°3 X 1 UNIDAD ART. 89875","categoria":"Cotillon","subcategoria":"Velas","precio":582.4,"destacado":false,"descripcion":"","imagen":"assets/products/CA-202489875323.webp","tags":["blister","vela","numero","globito","metalizada","plata","unidad","art","89875"]},{"id":"CA-202489875422","nombre":"BLISTER VELA NUMERO GLOBITO METALIZADA PLATA N°4 CAJA X 12 UNIDADES ART. 89875","categoria":"Cotillon","subcategoria":"Velas","precio":6739.2,"destacado":false,"descripcion":"","imagen":"assets/products/CA-202489875422.webp","tags":["blister","vela","numero","globito","metalizada","plata","caja","unidades","art","89875"]},{"id":"CA-692925193013","nombre":"BLISTER VELA NUMERO GLOBITO METALIZADA PLATA N°4 CAJA X 12 UNIDADES ART. YW19-301","categoria":"Cotillon","subcategoria":"Velas","precio":6141.1,"destacado":false,"descripcion":"","imagen":"assets/products/CA-692925193013.webp","tags":["blister","vela","numero","globito","metalizada","plata","caja","unidades","art","yw19","301"]}]}