{"category_slug":"cotillon","subcategory_slug":"velas","page":1,"page_size":48,"total":820,"items":[{"id":"CA-000000052083","nombre":"BLISTER VELA BASE PLATEADA METALIZADA ORO 15 cm x 8 Y733-VE38","categoria":"Cotillon","subcategoria":"Velas","precio":514.23,"destacado":false,"descripcion":"","imagen":"assets/products/CA-000000052083.webp","tags":["blister","vela","base","plateada","metalizada","oro","y733","ve38"]},{"id":"CA-779908805141","nombre":"BLISTER VELA BENGALA TORNEADA (\"2 EN 1\") DORADA X 3 UNIDADES P.S.ART.VBTDO","categoria":"Cotillon","subcategoria":"Velas","precio":1663.87,"destacado":false,"descripcion":"","imagen":"assets/products/CA-779908805141.webp","tags":["blister","vela","bengala","torneada","dorada","unidades","art","vbtdo"]},{"id":"CA-779908805142","nombre":"BLISTER VELA BENGALA TORNEADA (\"2 EN 1\") PLATEADA X 3 UNIDADES P.S.ART.VBTPL","categoria":"Cotillon","subcategoria":"Velas","precio":1663.87,"destacado":false,"descripcion":"","imagen":"assets/products/CA-779908805142.webp","tags":["blister","vela","bengala","torneada","plateada","unidades","art","vbtpl"]},{"id":"CA-694024110582","nombre":"BLISTER VELA BURBUJAS CON PORTAVELAS PERLADAS PASTEL 10 cm x6 U2411-582","categoria":"Cotillon","subcategoria":"Velas","precio":1183.0,"destacado":false,"descripcion":"","imagen":"assets/products/CA-694024110582.webp","tags":["blister","vela","burbujas","con","portavelas","perladas","pastel","u2411","582"]},{"id":"CA-779908802079","nombre":"BLISTER VELA CHISPITA CORAZON DORADO 16 cm x1 P.S.VNEDOCO","categoria":"Cotillon","subcategoria":"Velas","precio":594.58,"destacado":false,"descripcion":"","imagen":"assets/products/CA-779908802079.webp","tags":["blister","vela","chispita","corazon","dorado","vnedoco"]},{"id":"CA-020201368213","nombre":"BLISTER VELA CHISPITA CORAZON PLATEADO 16 cm x1 1368-2 MULTICOLOR","categoria":"Cotillon","subcategoria":"Velas","precio":596.7,"destacado":false,"descripcion":"","imagen":"assets/products/CA-020201368213.webp","tags":["blister","vela","chispita","corazon","plateado","1368","multicolor"]},{"id":"CA-779908805860","nombre":"BLISTER VELA CHISPITA CORAZON PLATEADO 16 cm x1 P.S.","categoria":"Cotillon","subcategoria":"Velas","precio":594.58,"destacado":false,"descripcion":"","imagen":"assets/products/CA-779908805860.webp","tags":["blister","vela","chispita","corazon","plateado"]},{"id":"CA-779908802127","nombre":"BLISTER VELA CHISPITA CORAZON ROSA 16 cm x1 P.S.VNERSCO","categoria":"Cotillon","subcategoria":"Velas","precio":594.58,"destacado":false,"descripcion":"","imagen":"assets/products/CA-779908802127.webp","tags":["blister","vela","chispita","corazon","rosa","vnersco"]},{"id":"CA-020201368233","nombre":"BLISTER VELA CHISPITA CORAZON ROSA GOLD 16 cm x1 1368-2 MULTICOLOR","categoria":"Cotillon","subcategoria":"Velas","precio":596.7,"destacado":false,"descripcion":"","imagen":"assets/products/CA-020201368233.webp","tags":["blister","vela","chispita","corazon","rosa","gold","1368","multicolor"]},{"id":"CA-779908802101","nombre":"BLISTER VELA CHISPITA ESTRELLA AZUL16 cm x1 P.S.VNECEES","categoria":"Cotillon","subcategoria":"Velas","precio":594.58,"destacado":false,"descripcion":"","imagen":"assets/products/CA-779908802101.webp","tags":["blister","vela","chispita","estrella","azul16","vnecees"]},{"id":"CA-779908802077","nombre":"BLISTER VELA CHISPITA ESTRELLA DORADA 16 cm x1 P.S.VNEDOES","categoria":"Cotillon","subcategoria":"Velas","precio":594.58,"destacado":false,"descripcion":"","imagen":"assets/products/CA-779908802077.webp","tags":["blister","vela","chispita","estrella","dorada","vnedoes"]},{"id":"CA-020201368113","nombre":"BLISTER VELA CHISPITA ESTRELLA PLATEADA 16 cm x1 1368-1 MULTICOLOR","categoria":"Cotillon","subcategoria":"Velas","precio":596.7,"destacado":false,"descripcion":"","imagen":"assets/products/CA-020201368113.webp","tags":["blister","vela","chispita","estrella","plateada","1368","multicolor"]},{"id":"CA-779908805861","nombre":"BLISTER VELA CHISPITA ESTRELLA PLATEADA 16 cm x1 P.S.","categoria":"Cotillon","subcategoria":"Velas","precio":596.7,"destacado":false,"descripcion":"","imagen":"assets/products/CA-779908805861.webp","tags":["blister","vela","chispita","estrella","plateada"]},{"id":"CA-779908802125","nombre":"BLISTER VELA CHISPITA ESTRELLA ROSA 16 cm x1 P.S.VNERSES","categoria":"Cotillon","subcategoria":"Velas","precio":594.58,"destacado":false,"descripcion":"","imagen":"assets/products/CA-779908802125.webp","tags":["blister","vela","chispita","estrella","rosa","vnerses"]},{"id":"CA-020201368133","nombre":"BLISTER VELA CHISPITA ESTRELLA ROSA GOLD 16 cm x1 1368-1 MULTICOLOR","categoria":"Cotillon","subcategoria":"Velas","precio":596.7,"destacado":false,"descripcion":"","imagen":"assets/products/CA-020201368133.webp","tags":["blister","vela","chispita","estrella","rosa","gold","1368","multicolor"]},{"id":"CA-779908802081","nombre":"BLISTER VELA CHISPITA NUMERO AZUL PARA TORTA N°0 x1 P.S.","categoria":"Cotillon","subcategoria":"Velas","precio":594.58,"destacado":false,"descripcion":"","imagen":"assets/products/CA-779908802081.webp","tags":["blister","vela","chispita","numero","azul","para","torta"]},{"id":"CA-779908802083","nombre":"BLISTER VELA CHISPITA NUMERO AZUL PARA TORTA N°1 x1 P.S.","categoria":"Cotillon","subcategoria":"Velas","precio":594.58,"destacado":false,"descripcion":"","imagen":"assets/products/CA-779908802083.webp","tags":["blister","vela","chispita","numero","azul","para","torta"]},{"id":"CA-779908802085","nombre":"BLISTER VELA CHISPITA NUMERO AZUL PARA TORTA N°2 x1 P.S.","categoria":"Cotillon","subcategoria":"Velas","precio":594.58,"destacado":false,"descripcion":"","imagen":"assets/products/CA-779908802085.webp","tags":["blister","vela","chispita","numero","azul","para","torta"]},{"id":"CA-779908802087","nombre":"BLISTER VELA CHISPITA NUMERO AZUL PARA TORTA N°3 x1 P.S.","categoria":"Cotillon","subcategoria":"Velas","precio":594.58,"destacado":false,"descripcion":"","imagen":"assets/products/CA-779908802087.webp","tags":["blister","vela","chispita","numero","azul","para","torta"]},{"id":"CA-779908802089","nombre":"BLISTER VELA CHISPITA NUMERO AZUL PARA TORTA N°4 x1 P.S.","categoria":"Cotillon","subcategoria":"Velas","precio":594.58,"destacado":false,"descripcion":"","imagen":"assets/products/CA-779908802089.webp","tags":["blister","vela","chispita","numero","azul","para","torta"]},{"id":"CA-779908802091","nombre":"BLISTER VELA CHISPITA NUMERO AZUL PARA TORTA N°5 x1 P.ST.","categoria":"Cotillon","subcategoria":"Velas","precio":594.58,"destacado":false,"descripcion":"","imagen":"assets/products/CA-779908802091.webp","tags":["blister","vela","chispita","numero","azul","para","torta"]},{"id":"CA-779908802093","nombre":"BLISTER VELA CHISPITA NUMERO AZUL PARA TORTA N°6 x1 P.S.","categoria":"Cotillon","subcategoria":"Velas","precio":594.58,"destacado":false,"descripcion":"","imagen":"assets/products/CA-779908802093.webp","tags":["blister","vela","chispita","numero","azul","para","torta"]},{"id":"CA-779908802095","nombre":"BLISTER VELA CHISPITA NUMERO AZUL PARA TORTA N°7 x1 P.S.","categoria":"Cotillon","subcategoria":"Velas","precio":594.58,"destacado":false,"descripcion":"","imagen":"assets/products/CA-779908802095.webp","tags":["blister","vela","chispita","numero","azul","para","torta"]},{"id":"CA-779908802097","nombre":"BLISTER VELA CHISPITA NUMERO AZUL PARA TORTA N°8 x1 P.S.","categoria":"Cotillon","subcategoria":"Velas","precio":594.58,"destacado":false,"descripcion":"","imagen":"assets/products/CA-779908802097.webp","tags":["blister","vela","chispita","numero","azul","para","torta"]},{"id":"CA-779908802099","nombre":"BLISTER VELA CHISPITA NUMERO AZUL PARA TORTA N°9 x1 P.S.","categoria":"Cotillon","subcategoria":"Velas","precio":594.58,"destacado":false,"descripcion":"","imagen":"assets/products/CA-779908802099.webp","tags":["blister","vela","chispita","numero","azul","para","torta"]},{"id":"CA-779908802057","nombre":"BLISTER VELA CHISPITA NUMERO DORADA PARA TORTA N°0 x1 P.S.","categoria":"Cotillon","subcategoria":"Velas","precio":594.58,"destacado":false,"descripcion":"","imagen":"assets/products/CA-779908802057.webp","tags":["blister","vela","chispita","numero","dorada","para","torta"]},{"id":"CA-779908802059","nombre":"BLISTER VELA CHISPITA NUMERO DORADA PARA TORTA N°1 x1 P.S.","categoria":"Cotillon","subcategoria":"Velas","precio":594.58,"destacado":false,"descripcion":"","imagen":"assets/products/CA-779908802059.webp","tags":["blister","vela","chispita","numero","dorada","para","torta"]},{"id":"CA-779908802061","nombre":"BLISTER VELA CHISPITA NUMERO DORADA PARA TORTA N°2 x1 P.S.","categoria":"Cotillon","subcategoria":"Velas","precio":594.58,"destacado":false,"descripcion":"","imagen":"assets/products/CA-779908802061.webp","tags":["blister","vela","chispita","numero","dorada","para","torta"]},{"id":"CA-779908802063","nombre":"BLISTER VELA CHISPITA NUMERO DORADA PARA TORTA N°3 x1 P.S.","categoria":"Cotillon","subcategoria":"Velas","precio":594.58,"destacado":false,"descripcion":"","imagen":"assets/products/CA-779908802063.webp","tags":["blister","vela","chispita","numero","dorada","para","torta"]},{"id":"CA-779908802065","nombre":"BLISTER VELA CHISPITA NUMERO DORADA PARA TORTA N°4 x1 P.S.","categoria":"Cotillon","subcategoria":"Velas","precio":594.58,"destacado":false,"descripcion":"","imagen":"assets/products/CA-779908802065.webp","tags":["blister","vela","chispita","numero","dorada","para","torta"]},{"id":"CA-779908802067","nombre":"BLISTER VELA CHISPITA NUMERO DORADA PARA TORTA N°5 x1 P.S.","categoria":"Cotillon","subcategoria":"Velas","precio":594.58,"destacado":false,"descripcion":"","imagen":"assets/products/CA-779908802067.webp","tags":["blister","vela","chispita","numero","dorada","para","torta"]},{"id":"CA-779908802069","nombre":"BLISTER VELA CHISPITA NUMERO DORADA PARA TORTA N°6 x1 P.S.","categoria":"Cotillon","subcategoria":"Velas","precio":594.58,"destacado":false,"descripcion":"","imagen":"assets/products/CA-779908802069.webp","tags":["blister","vela","chispita","numero","dorada","para","torta"]},{"id":"CA-779908802071","nombre":"BLISTER VELA CHISPITA NUMERO DORADA PARA TORTA N°7 x1 P.S.","categoria":"Cotillon","subcategoria":"Velas","precio":594.58,"destacado":false,"descripcion":"","imagen":"assets/products/CA-779908802071.webp","tags":["blister","vela","chispita","numero","dorada","para","torta"]},{"id":"CA-779908802073","nombre":"BLISTER VELA CHISPITA NUMERO DORADA PARA TORTA N°8 x1 P.S.","categoria":"Cotillon","subcategoria":"Velas","precio":594.58,"destacado":false,"descripcion":"","imagen":"assets/products/CA-779908802073.webp","tags":["blister","vela","chispita","numero","dorada","para","torta"]},{"id":"CA-779908802075","nombre":"BLISTER VELA CHISPITA NUMERO DORADA PARA TORTA N°9 x1 P.S.","categoria":"Cotillon","subcategoria":"Velas","precio":594.58,"destacado":false,"descripcion":"","imagen":"assets/products/CA-779908802075.webp","tags":["blister","vela","chispita","numero","dorada","para","torta"]},{"id":"CA-779908805850","nombre":"BLISTER VELA CHISPITA NUMERO PLATEADA PARA TORTA N°0 x1 1367 P.S","categoria":"Cotillon","subcategoria":"Velas","precio":594.58,"destacado":false,"descripcion":"","imagen":"assets/products/CA-779908805850.webp","tags":["blister","vela","chispita","numero","plateada","para","torta","1367"]},{"id":"CA-779908805851","nombre":"BLISTER VELA CHISPITA NUMERO PLATEADA PARA TORTA N°1 x1 1367 P.S","categoria":"Cotillon","subcategoria":"Velas","precio":594.58,"destacado":false,"descripcion":"","imagen":"assets/products/CA-779908805851.webp","tags":["blister","vela","chispita","numero","plateada","para","torta","1367"]},{"id":"CA-779908805852","nombre":"BLISTER VELA CHISPITA NUMERO PLATEADA PARA TORTA N°2 x1 1367 P.S","categoria":"Cotillon","subcategoria":"Velas","precio":594.58,"destacado":false,"descripcion":"","imagen":"assets/products/CA-779908805852.webp","tags":["blister","vela","chispita","numero","plateada","para","torta","1367"]},{"id":"CA-779908805853","nombre":"BLISTER VELA CHISPITA NUMERO PLATEADA PARA TORTA N°3 x1 1367 P.S","categoria":"Cotillon","subcategoria":"Velas","precio":594.58,"destacado":false,"descripcion":"","imagen":"assets/products/CA-779908805853.webp","tags":["blister","vela","chispita","numero","plateada","para","torta","1367"]},{"id":"CA-020201367413","nombre":"BLISTER VELA CHISPITA NUMERO PLATEADA PARA TORTA N°4 x1 1367 MULTICOLOR","categoria":"Cotillon","subcategoria":"Velas","precio":596.7,"destacado":false,"descripcion":"","imagen":"assets/products/CA-020201367413.webp","tags":["blister","vela","chispita","numero","plateada","para","torta","1367","multicolor"]},{"id":"CA-779908805854","nombre":"BLISTER VELA CHISPITA NUMERO PLATEADA PARA TORTA N°4 x1 1367 P.S","categoria":"Cotillon","subcategoria":"Velas","precio":594.58,"destacado":false,"descripcion":"","imagen":"assets/products/CA-779908805854.webp","tags":["blister","vela","chispita","numero","plateada","para","torta","1367"]},{"id":"CA-779908805855","nombre":"BLISTER VELA CHISPITA NUMERO PLATEADA PARA TORTA N°5 x1 1367 P.S","categoria":"Cotillon","subcategoria":"Velas","precio":594.58,"destacado":false,"descripcion":"","imagen":"assets/products/CA-779908805855.webp","tags":["blister","vela","chispita","numero","plateada","para","torta","1367"]},{"id":"CA-779908805856","nombre":"BLISTER VELA CHISPITA NUMERO PLATEADA PARA TORTA N°6 x1 1367 P.S","categoria":"Cotillon","subcategoria":"Velas","precio":594.58,"destacado":false,"descripcion":"","imagen":"assets/products/CA-779908805856.webp","tags":["blister","vela","chispita","numero","plateada","para","torta","1367"]},{"id":"CA-020201367713","nombre":"BLISTER VELA CHISPITA NUMERO PLATEADA PARA TORTA N°7 x1 1367 MULTICOLOR","categoria":"Cotillon","subcategoria":"Velas","precio":596.7,"destacado":false,"descripcion":"","imagen":"assets/products/CA-020201367713.webp","tags":["blister","vela","chispita","numero","plateada","para","torta","1367","multicolor"]},{"id":"CA-779908805857","nombre":"BLISTER VELA CHISPITA NUMERO PLATEADA PARA TORTA N°7 x1 1367 P.S","categoria":"Cotillon","subcategoria":"Velas","precio":594.58,"destacado":false,"descripcion":"","imagen":"assets/products/CA-779908805857.webp","tags":["blister","vela","chispita","numero","plateada","para","torta","1367"]},{"id":"CA-779908805858","nombre":"BLISTER VELA CHISPITA NUMERO PLATEADA PARA TORTA N°8 x1 1367 P.S","categoria":"Cotillon","subcategoria":"Velas","precio":594.58,"destacado":false,"descripcion":"","imagen":"assets/products/CA-779908805858.webp","tags":["blister","vela","chispita","numero","plateada","para","torta","1367"]},{"id":"CA-779908805859","nombre":"BLISTER VELA CHISPITA NUMERO PLATEADA PARA TORTA N°9 x1 1367 P.S","categoria":"Cotillon","subcategoria":"Velas","precio":594.58,"destacado":false,"descripcion":"","imagen":"assets/products/CA-779908805859.webp","tags":["blister","vela","chispita","numero","plateada","para","torta","1367"]},{"id":"CA-020201367033","nombre":"BLISTER VELA CHISPITA NUMERO ROSA GOLD PARA TORTA N°0 x1 1367 MULTICOLOR","categoria":"Cotillon","subcategoria":"Velas","precio":596.7,"destacado":false,"descripcion":"","imagen":"assets/products/CA-020201367033.webp","tags":["blister","vela","chispita","numero","rosa","gold","para","torta","1367","multicolor"]}]}