{"category_slug":"cotillon","subcategory_slug":"velas","page":18,"page_size":48,"total":820,"items":[{"id":"CA-000000050850","nombre":"VELON PINCHE CON GIBRE VIOLETA 18cm DORYPLAST x6","categoria":"Cotillon","subcategoria":"Velas","precio":1522.8,"destacado":false,"descripcion":"","imagen":"assets/products/CA-000000050850.webp","tags":["velon","pinche","con","gibre","violeta","18cm","doryplast"]},{"id":"CA-000000042309","nombre":"VELON REDONDO BLANCO (5.5 x 3.5cm aprox) x16","categoria":"Cotillon","subcategoria":"Velas","precio":6467.85,"destacado":false,"descripcion":"","imagen":"assets/products/CA-000000042309.webp","tags":["velon","redondo","blanco","5cm","aprox","x16"]},{"id":"CA-200436300000","nombre":"VELON TORNEADO PLASTICO LUMINOSO 10cm  x1","categoria":"Cotillon","subcategoria":"Velas","precio":1834.65,"destacado":false,"descripcion":"","imagen":"assets/products/CA-200436300000.webp","tags":["velon","torneado","plastico","luminoso","10cm"]},{"id":"CA-000000043256","nombre":"VELON TORNEADO PLASTICO LUMINOSO 10cm x1","categoria":"Cotillon","subcategoria":"Velas","precio":1834.65,"destacado":false,"descripcion":"","imagen":"assets/products/CA-000000043256.webp","tags":["velon","torneado","plastico","luminoso","10cm"]}]}