{"category_slug":"cotillon","subcategory_slug":"velas","page":9,"page_size":48,"total":820,"items":[{"id":"CA-000000045293","nombre":"BLISTER VELA NUMEROTE METALIZADA PLATA N°0 X1 LUCA PLASTI","categoria":"Cotillon","subcategoria":"Velas","precio":1834.65,"destacado":false,"descripcion":"","imagen":"assets/products/CA-000000045293.webp","tags":["blister","vela","numerote","metalizada","plata","luca","plasti"]},{"id":"CA-000000045294","nombre":"BLISTER VELA NUMEROTE METALIZADA PLATA N°1 X1 LUCA PLASTI","categoria":"Cotillon","subcategoria":"Velas","precio":1834.65,"destacado":false,"descripcion":"","imagen":"assets/products/CA-000000045294.webp","tags":["blister","vela","numerote","metalizada","plata","luca","plasti"]},{"id":"CA-000000045295","nombre":"BLISTER VELA NUMEROTE METALIZADA PLATA N°2 X1 LUCA PLASTI","categoria":"Cotillon","subcategoria":"Velas","precio":1834.65,"destacado":false,"descripcion":"","imagen":"assets/products/CA-000000045295.webp","tags":["blister","vela","numerote","metalizada","plata","luca","plasti"]},{"id":"CA-000000045296","nombre":"BLISTER VELA NUMEROTE METALIZADA PLATA N°3 X1 LUCA PLASTI","categoria":"Cotillon","subcategoria":"Velas","precio":1834.65,"destacado":false,"descripcion":"","imagen":"assets/products/CA-000000045296.webp","tags":["blister","vela","numerote","metalizada","plata","luca","plasti"]},{"id":"CA-000000045297","nombre":"BLISTER VELA NUMEROTE METALIZADA PLATA N°4 X1 LUCA PLASTI","categoria":"Cotillon","subcategoria":"Velas","precio":1834.65,"destacado":false,"descripcion":"","imagen":"assets/products/CA-000000045297.webp","tags":["blister","vela","numerote","metalizada","plata","luca","plasti"]},{"id":"CA-000000045298","nombre":"BLISTER VELA NUMEROTE METALIZADA PLATA N°5 X1 LUCA PLASTI","categoria":"Cotillon","subcategoria":"Velas","precio":1834.65,"destacado":false,"descripcion":"","imagen":"assets/products/CA-000000045298.webp","tags":["blister","vela","numerote","metalizada","plata","luca","plasti"]},{"id":"CA-000000045299","nombre":"BLISTER VELA NUMEROTE METALIZADA PLATA N°6 X1 LUCA PLASTI","categoria":"Cotillon","subcategoria":"Velas","precio":1834.65,"destacado":false,"descripcion":"","imagen":"assets/products/CA-000000045299.webp","tags":["blister","vela","numerote","metalizada","plata","luca","plasti"]},{"id":"CA-000000045300","nombre":"BLISTER VELA NUMEROTE METALIZADA PLATA N°7 X1 LUCA PLASTI","categoria":"Cotillon","subcategoria":"Velas","precio":1834.65,"destacado":false,"descripcion":"","imagen":"assets/products/CA-000000045300.webp","tags":["blister","vela","numerote","metalizada","plata","luca","plasti"]},{"id":"CA-000000045301","nombre":"BLISTER VELA NUMEROTE METALIZADA PLATA N°8 X1 LUCA PLASTI","categoria":"Cotillon","subcategoria":"Velas","precio":1834.65,"destacado":false,"descripcion":"","imagen":"assets/products/CA-000000045301.webp","tags":["blister","vela","numerote","metalizada","plata","luca","plasti"]},{"id":"CA-000000045302","nombre":"BLISTER VELA NUMEROTE METALIZADA PLATA N°9 X1 LUCA PLASTI","categoria":"Cotillon","subcategoria":"Velas","precio":1834.65,"destacado":false,"descripcion":"","imagen":"assets/products/CA-000000045302.webp","tags":["blister","vela","numerote","metalizada","plata","luca","plasti"]},{"id":"CA-000000045267","nombre":"BLISTER VELA NUMEROTE METALIZADA ROSA N°4 X1 LUCA PLASTI","categoria":"Cotillon","subcategoria":"Velas","precio":1834.65,"destacado":false,"descripcion":"","imagen":"assets/products/CA-000000045267.webp","tags":["blister","vela","numerote","metalizada","rosa","luca","plasti"]},{"id":"CA-000000045269","nombre":"BLISTER VELA NUMEROTE METALIZADA ROSA N°6 X1 LUCA PLASTI","categoria":"Cotillon","subcategoria":"Velas","precio":1834.65,"destacado":false,"descripcion":"","imagen":"assets/products/CA-000000045269.webp","tags":["blister","vela","numerote","metalizada","rosa","luca","plasti"]},{"id":"CA-000000045270","nombre":"BLISTER VELA NUMEROTE METALIZADA ROSA N°7 X1 LUCA PLASTI","categoria":"Cotillon","subcategoria":"Velas","precio":1834.65,"destacado":false,"descripcion":"","imagen":"assets/products/CA-000000045270.webp","tags":["blister","vela","numerote","metalizada","rosa","luca","plasti"]},{"id":"CA-000000045272","nombre":"BLISTER VELA NUMEROTE METALIZADA ROSA N°9 X1 LUCA PLASTI","categoria":"Cotillon","subcategoria":"Velas","precio":1834.65,"destacado":false,"descripcion":"","imagen":"assets/products/CA-000000045272.webp","tags":["blister","vela","numerote","metalizada","rosa","luca","plasti"]},{"id":"CA-000000057408","nombre":"BLISTER VELA NUMEROTE PINCHE GIBREADA BLANCA N°1 x1 UNIDAD","categoria":"Cotillon","subcategoria":"Velas","precio":604.36,"destacado":false,"descripcion":"","imagen":"assets/products/CA-000000057408.webp","tags":["blister","vela","numerote","pinche","gibreada","blanca","unidad"]},{"id":"CA-000000057411","nombre":"BLISTER VELA NUMEROTE PINCHE GIBREADA BLANCA N°4 x1 UNIDAD","categoria":"Cotillon","subcategoria":"Velas","precio":604.36,"destacado":false,"descripcion":"","imagen":"assets/products/CA-000000057411.webp","tags":["blister","vela","numerote","pinche","gibreada","blanca","unidad"]},{"id":"CA-000000057413","nombre":"BLISTER VELA NUMEROTE PINCHE GIBREADA BLANCA N°6 x1 UNIDAD","categoria":"Cotillon","subcategoria":"Velas","precio":604.36,"destacado":false,"descripcion":"","imagen":"assets/products/CA-000000057413.webp","tags":["blister","vela","numerote","pinche","gibreada","blanca","unidad"]},{"id":"CA-000000057414","nombre":"BLISTER VELA NUMEROTE PINCHE GIBREADA BLANCA N°7 x1 UNIDAD","categoria":"Cotillon","subcategoria":"Velas","precio":604.36,"destacado":false,"descripcion":"","imagen":"assets/products/CA-000000057414.webp","tags":["blister","vela","numerote","pinche","gibreada","blanca","unidad"]},{"id":"CA-000000057415","nombre":"BLISTER VELA NUMEROTE PINCHE GIBREADA BLANCA N°8 x1 UNIDAD","categoria":"Cotillon","subcategoria":"Velas","precio":604.36,"destacado":false,"descripcion":"","imagen":"assets/products/CA-000000057415.webp","tags":["blister","vela","numerote","pinche","gibreada","blanca","unidad"]},{"id":"CA-000000057416","nombre":"BLISTER VELA NUMEROTE PINCHE GIBREADA BLANCA N°9 x1 UNIDAD","categoria":"Cotillon","subcategoria":"Velas","precio":604.36,"destacado":false,"descripcion":"","imagen":"assets/products/CA-000000057416.webp","tags":["blister","vela","numerote","pinche","gibreada","blanca","unidad"]},{"id":"CA-000000057387","nombre":"BLISTER VELA NUMEROTE PINCHE GIBREADA ROSA GOLD N°0 x1 UNIDAD","categoria":"Cotillon","subcategoria":"Velas","precio":604.36,"destacado":false,"descripcion":"","imagen":"assets/products/CA-000000057387.webp","tags":["blister","vela","numerote","pinche","gibreada","rosa","gold","unidad"]},{"id":"CA-000000057396","nombre":"BLISTER VELA NUMEROTE PINCHE GIBREADA ROSA GOLD N°1 x1 UNIDAD","categoria":"Cotillon","subcategoria":"Velas","precio":604.36,"destacado":false,"descripcion":"","imagen":"assets/products/CA-000000057396.webp","tags":["blister","vela","numerote","pinche","gibreada","rosa","gold","unidad"]},{"id":"CA-000000057388","nombre":"BLISTER VELA NUMEROTE PINCHE GIBREADA ROSA GOLD N°2 x1 UNIDAD","categoria":"Cotillon","subcategoria":"Velas","precio":604.36,"destacado":false,"descripcion":"","imagen":"assets/products/CA-000000057388.webp","tags":["blister","vela","numerote","pinche","gibreada","rosa","gold","unidad"]},{"id":"CA-000000057389","nombre":"BLISTER VELA NUMEROTE PINCHE GIBREADA ROSA GOLD N°3 x1 UNIDAD","categoria":"Cotillon","subcategoria":"Velas","precio":604.36,"destacado":false,"descripcion":"","imagen":"assets/products/CA-000000057389.webp","tags":["blister","vela","numerote","pinche","gibreada","rosa","gold","unidad"]},{"id":"CA-000000057390","nombre":"BLISTER VELA NUMEROTE PINCHE GIBREADA ROSA GOLD N°4 x1 UNIDAD","categoria":"Cotillon","subcategoria":"Velas","precio":604.36,"destacado":false,"descripcion":"","imagen":"assets/products/CA-000000057390.webp","tags":["blister","vela","numerote","pinche","gibreada","rosa","gold","unidad"]},{"id":"CA-000000057391","nombre":"BLISTER VELA NUMEROTE PINCHE GIBREADA ROSA GOLD N°5 x1 UNIDAD","categoria":"Cotillon","subcategoria":"Velas","precio":604.36,"destacado":false,"descripcion":"","imagen":"assets/products/CA-000000057391.webp","tags":["blister","vela","numerote","pinche","gibreada","rosa","gold","unidad"]},{"id":"CA-000000057392","nombre":"BLISTER VELA NUMEROTE PINCHE GIBREADA ROSA GOLD N°6 x1 UNIDAD","categoria":"Cotillon","subcategoria":"Velas","precio":604.36,"destacado":false,"descripcion":"","imagen":"assets/products/CA-000000057392.webp","tags":["blister","vela","numerote","pinche","gibreada","rosa","gold","unidad"]},{"id":"CA-000000057393","nombre":"BLISTER VELA NUMEROTE PINCHE GIBREADA ROSA GOLD N°7 x1 UNIDAD","categoria":"Cotillon","subcategoria":"Velas","precio":604.36,"destacado":false,"descripcion":"","imagen":"assets/products/CA-000000057393.webp","tags":["blister","vela","numerote","pinche","gibreada","rosa","gold","unidad"]},{"id":"CA-000000057394","nombre":"BLISTER VELA NUMEROTE PINCHE GIBREADA ROSA GOLD N°8 x1 UNIDAD","categoria":"Cotillon","subcategoria":"Velas","precio":604.36,"destacado":false,"descripcion":"","imagen":"assets/products/CA-000000057394.webp","tags":["blister","vela","numerote","pinche","gibreada","rosa","gold","unidad"]},{"id":"CA-000000057395","nombre":"BLISTER VELA NUMEROTE PINCHE GIBREADA ROSA GOLD N°9 x1 UNIDAD","categoria":"Cotillon","subcategoria":"Velas","precio":604.36,"destacado":false,"descripcion":"","imagen":"assets/products/CA-000000057395.webp","tags":["blister","vela","numerote","pinche","gibreada","rosa","gold","unidad"]},{"id":"CA-000000057406","nombre":"BLISTER VELA NUMEROTE PINCHE GIBREADA TURQUEZA N°0 x1 UNIDAD","categoria":"Cotillon","subcategoria":"Velas","precio":604.36,"destacado":false,"descripcion":"","imagen":"assets/products/CA-000000057406.webp","tags":["blister","vela","numerote","pinche","gibreada","turqueza","unidad"]},{"id":"CA-000000057397","nombre":"BLISTER VELA NUMEROTE PINCHE GIBREADA TURQUEZA N°1 x1 UNIDAD","categoria":"Cotillon","subcategoria":"Velas","precio":604.36,"destacado":false,"descripcion":"","imagen":"assets/products/CA-000000057397.webp","tags":["blister","vela","numerote","pinche","gibreada","turqueza","unidad"]},{"id":"CA-000000057398","nombre":"BLISTER VELA NUMEROTE PINCHE GIBREADA TURQUEZA N°2 x1 UNIDAD","categoria":"Cotillon","subcategoria":"Velas","precio":604.36,"destacado":false,"descripcion":"","imagen":"assets/products/CA-000000057398.webp","tags":["blister","vela","numerote","pinche","gibreada","turqueza","unidad"]},{"id":"CA-000000057399","nombre":"BLISTER VELA NUMEROTE PINCHE GIBREADA TURQUEZA N°3 x1 UNIDAD","categoria":"Cotillon","subcategoria":"Velas","precio":604.36,"destacado":false,"descripcion":"","imagen":"assets/products/CA-000000057399.webp","tags":["blister","vela","numerote","pinche","gibreada","turqueza","unidad"]},{"id":"CA-000000057400","nombre":"BLISTER VELA NUMEROTE PINCHE GIBREADA TURQUEZA N°4 x1 UNIDAD","categoria":"Cotillon","subcategoria":"Velas","precio":604.36,"destacado":false,"descripcion":"","imagen":"assets/products/CA-000000057400.webp","tags":["blister","vela","numerote","pinche","gibreada","turqueza","unidad"]},{"id":"CA-000000057401","nombre":"BLISTER VELA NUMEROTE PINCHE GIBREADA TURQUEZA N°5 x1 UNIDAD","categoria":"Cotillon","subcategoria":"Velas","precio":604.36,"destacado":false,"descripcion":"","imagen":"assets/products/CA-000000057401.webp","tags":["blister","vela","numerote","pinche","gibreada","turqueza","unidad"]},{"id":"CA-000000057402","nombre":"BLISTER VELA NUMEROTE PINCHE GIBREADA TURQUEZA N°6 x1 UNIDAD","categoria":"Cotillon","subcategoria":"Velas","precio":604.36,"destacado":false,"descripcion":"","imagen":"assets/products/CA-000000057402.webp","tags":["blister","vela","numerote","pinche","gibreada","turqueza","unidad"]},{"id":"CA-000000057403","nombre":"BLISTER VELA NUMEROTE PINCHE GIBREADA TURQUEZA N°7 x1 UNIDAD","categoria":"Cotillon","subcategoria":"Velas","precio":604.36,"destacado":false,"descripcion":"","imagen":"assets/products/CA-000000057403.webp","tags":["blister","vela","numerote","pinche","gibreada","turqueza","unidad"]},{"id":"CA-000000057404","nombre":"BLISTER VELA NUMEROTE PINCHE GIBREADA TURQUEZA N°8 x1 UNIDAD","categoria":"Cotillon","subcategoria":"Velas","precio":604.36,"destacado":false,"descripcion":"","imagen":"assets/products/CA-000000057404.webp","tags":["blister","vela","numerote","pinche","gibreada","turqueza","unidad"]},{"id":"CA-000000057405","nombre":"BLISTER VELA NUMEROTE PINCHE GIBREADA TURQUEZA N°9 x1 UNIDAD","categoria":"Cotillon","subcategoria":"Velas","precio":604.36,"destacado":false,"descripcion":"","imagen":"assets/products/CA-000000057405.webp","tags":["blister","vela","numerote","pinche","gibreada","turqueza","unidad"]},{"id":"CA-653904124050","nombre":"BLISTER VELA ONDAS PERLADA CON PORTAVELA COLOR 15,5 cm x6 U24-050","categoria":"Cotillon","subcategoria":"Velas","precio":536.9,"destacado":false,"descripcion":"","imagen":"assets/products/CA-653904124050.webp","tags":["blister","vela","ondas","perlada","con","portavela","color","u24","050"]},{"id":"CA-000000055932","nombre":"BLISTER VELA ONDAS PERLADA CON PORTAVELA SURTIDA 14 cm x6 U23-196","categoria":"Cotillon","subcategoria":"Velas","precio":1274.0,"destacado":false,"descripcion":"","imagen":"assets/products/CA-000000055932.webp","tags":["blister","vela","ondas","perlada","con","portavela","surtida","u23","196"]},{"id":"CA-541497892888","nombre":"BLISTER VELA PINCHE CON CONFETTI CORAZON ROJO Y FRASE FELIZ CUMPLEAÑOS (5 PIEZAS) 15 cm x1 PA0888-05","categoria":"Cotillon","subcategoria":"Velas","precio":2843.16,"destacado":false,"descripcion":"","imagen":"assets/products/CA-541497892888.webp","tags":["blister","vela","pinche","con","confetti","corazon","rojo","frase","feliz","cumpleaños","piezas","pa0888"]},{"id":"CA-541497894888","nombre":"BLISTER VELA PINCHE CON CONFETTI CORAZON ROSA Y FRASE FELIZ CUMPLEAÑOS (5PIEZAS) 15 cm x1 PA0888-08","categoria":"Cotillon","subcategoria":"Velas","precio":2843.16,"destacado":false,"descripcion":"","imagen":"assets/products/CA-541497894888.webp","tags":["blister","vela","pinche","con","confetti","corazon","rosa","frase","feliz","cumpleaños","5piezas","pa0888"]},{"id":"CA-697210593889","nombre":"BLISTER VELA PINCHE CON CONFETTI CORAZON/ESTRELLA/ GLOBITO CON FRASE FELIZ CUMPLEAÑOS(5 PIEZAS) 15 cm x1","categoria":"Cotillon","subcategoria":"Velas","precio":2843.16,"destacado":false,"descripcion":"","imagen":"assets/products/CA-697210593889.webp","tags":["blister","vela","pinche","con","confetti","corazon","estrella","globito","con","frase","feliz","cumpleaños"]},{"id":"CA-541497891889","nombre":"BLISTER VELA PINCHE CON CONFETTI CORAZONES PLATA 15 cm x3 PA0889-03","categoria":"Cotillon","subcategoria":"Velas","precio":2226.0,"destacado":false,"descripcion":"","imagen":"assets/products/CA-541497891889.webp","tags":["blister","vela","pinche","con","confetti","corazones","plata","pa0889"]},{"id":"CA-541497891888","nombre":"BLISTER VELA PINCHE CON CONFETTI ESTRELLAS CON FRASE FELIZ CUMPLEAÑOS (5PIEZAS) 15 cm x1 PA0888-04","categoria":"Cotillon","subcategoria":"Velas","precio":2843.16,"destacado":false,"descripcion":"","imagen":"assets/products/CA-541497891888.webp","tags":["blister","vela","pinche","con","confetti","estrellas","con","frase","feliz","cumpleaños","5piezas","pa0888"]},{"id":"CA-541497890888","nombre":"BLISTER VELA PINCHE CON CONFETTI ESTRELLAS CON FRASE FELIZ CUMPLEAÑOS (5PIEZAS)15 cm x1 PA0888-03","categoria":"Cotillon","subcategoria":"Velas","precio":2843.16,"destacado":false,"descripcion":"","imagen":"assets/products/CA-541497890888.webp","tags":["blister","vela","pinche","con","confetti","estrellas","con","frase","feliz","cumpleaños","5piezas","pa0888"]}]}