{"category_slug":"cotillon","subcategory_slug":"velas","page":2,"page_size":48,"total":820,"items":[{"id":"CA-020201367133","nombre":"BLISTER VELA CHISPITA NUMERO ROSA GOLD PARA TORTA N°1 x1 1367 MULTICOLOR","categoria":"Cotillon","subcategoria":"Velas","precio":596.7,"destacado":false,"descripcion":"","imagen":"assets/products/CA-020201367133.webp","tags":["blister","vela","chispita","numero","rosa","gold","para","torta","1367","multicolor"]},{"id":"CA-020201367233","nombre":"BLISTER VELA CHISPITA NUMERO ROSA GOLD PARA TORTA N°2 x1 1367 MULTICOLOR","categoria":"Cotillon","subcategoria":"Velas","precio":596.7,"destacado":false,"descripcion":"","imagen":"assets/products/CA-020201367233.webp","tags":["blister","vela","chispita","numero","rosa","gold","para","torta","1367","multicolor"]},{"id":"CA-020201367333","nombre":"BLISTER VELA CHISPITA NUMERO ROSA GOLD PARA TORTA N°3 x1 1367 MULTICOLOR","categoria":"Cotillon","subcategoria":"Velas","precio":596.7,"destacado":false,"descripcion":"","imagen":"assets/products/CA-020201367333.webp","tags":["blister","vela","chispita","numero","rosa","gold","para","torta","1367","multicolor"]},{"id":"CA-020201367433","nombre":"BLISTER VELA CHISPITA NUMERO ROSA GOLD PARA TORTA N°4 x1 1367 MULTICOLOR","categoria":"Cotillon","subcategoria":"Velas","precio":596.7,"destacado":false,"descripcion":"","imagen":"assets/products/CA-020201367433.webp","tags":["blister","vela","chispita","numero","rosa","gold","para","torta","1367","multicolor"]},{"id":"CA-020201367533","nombre":"BLISTER VELA CHISPITA NUMERO ROSA GOLD PARA TORTA N°5 x1 1367 MULTICOLOR","categoria":"Cotillon","subcategoria":"Velas","precio":596.7,"destacado":false,"descripcion":"","imagen":"assets/products/CA-020201367533.webp","tags":["blister","vela","chispita","numero","rosa","gold","para","torta","1367","multicolor"]},{"id":"CA-020201367633","nombre":"BLISTER VELA CHISPITA NUMERO ROSA GOLD PARA TORTA N°6 x1 1367 MULTICOLOR","categoria":"Cotillon","subcategoria":"Velas","precio":596.7,"destacado":false,"descripcion":"","imagen":"assets/products/CA-020201367633.webp","tags":["blister","vela","chispita","numero","rosa","gold","para","torta","1367","multicolor"]},{"id":"CA-020201367733","nombre":"BLISTER VELA CHISPITA NUMERO ROSA GOLD PARA TORTA N°7 x1 1367 MULTICOLOR","categoria":"Cotillon","subcategoria":"Velas","precio":596.7,"destacado":false,"descripcion":"","imagen":"assets/products/CA-020201367733.webp","tags":["blister","vela","chispita","numero","rosa","gold","para","torta","1367","multicolor"]},{"id":"CA-020201367833","nombre":"BLISTER VELA CHISPITA NUMERO ROSA GOLD PARA TORTA N°8 x1 1367 MULTICOLOR","categoria":"Cotillon","subcategoria":"Velas","precio":596.7,"destacado":false,"descripcion":"","imagen":"assets/products/CA-020201367833.webp","tags":["blister","vela","chispita","numero","rosa","gold","para","torta","1367","multicolor"]},{"id":"CA-020201367933","nombre":"BLISTER VELA CHISPITA NUMERO ROSA GOLD PARA TORTA N°9 x1 1367 MULTICOLOR","categoria":"Cotillon","subcategoria":"Velas","precio":596.7,"destacado":false,"descripcion":"","imagen":"assets/products/CA-020201367933.webp","tags":["blister","vela","chispita","numero","rosa","gold","para","torta","1367","multicolor"]},{"id":"CA-779908802105","nombre":"BLISTER VELA CHISPITA NUMERO ROSA PARA TORTA N°0 x1 P.S.","categoria":"Cotillon","subcategoria":"Velas","precio":594.58,"destacado":false,"descripcion":"","imagen":"assets/products/CA-779908802105.webp","tags":["blister","vela","chispita","numero","rosa","para","torta"]},{"id":"CA-779908802107","nombre":"BLISTER VELA CHISPITA NUMERO ROSA PARA TORTA N°1 x1 P.S.","categoria":"Cotillon","subcategoria":"Velas","precio":594.58,"destacado":false,"descripcion":"","imagen":"assets/products/CA-779908802107.webp","tags":["blister","vela","chispita","numero","rosa","para","torta"]},{"id":"CA-779908802109","nombre":"BLISTER VELA CHISPITA NUMERO ROSA PARA TORTA N°2 x1 P.S.","categoria":"Cotillon","subcategoria":"Velas","precio":594.58,"destacado":false,"descripcion":"","imagen":"assets/products/CA-779908802109.webp","tags":["blister","vela","chispita","numero","rosa","para","torta"]},{"id":"CA-779908802111","nombre":"BLISTER VELA CHISPITA NUMERO ROSA PARA TORTA N°3 x1 P.S.","categoria":"Cotillon","subcategoria":"Velas","precio":594.58,"destacado":false,"descripcion":"","imagen":"assets/products/CA-779908802111.webp","tags":["blister","vela","chispita","numero","rosa","para","torta"]},{"id":"CA-779908802113","nombre":"BLISTER VELA CHISPITA NUMERO ROSA PARA TORTA N°4 x1 P.S.","categoria":"Cotillon","subcategoria":"Velas","precio":594.58,"destacado":false,"descripcion":"","imagen":"assets/products/CA-779908802113.webp","tags":["blister","vela","chispita","numero","rosa","para","torta"]},{"id":"CA-779908802115","nombre":"BLISTER VELA CHISPITA NUMERO ROSA PARA TORTA N°5 x1 P.S.","categoria":"Cotillon","subcategoria":"Velas","precio":594.58,"destacado":false,"descripcion":"","imagen":"assets/products/CA-779908802115.webp","tags":["blister","vela","chispita","numero","rosa","para","torta"]},{"id":"CA-779908802117","nombre":"BLISTER VELA CHISPITA NUMERO ROSA PARA TORTA N°6 x1 P.S.","categoria":"Cotillon","subcategoria":"Velas","precio":594.58,"destacado":false,"descripcion":"","imagen":"assets/products/CA-779908802117.webp","tags":["blister","vela","chispita","numero","rosa","para","torta"]},{"id":"CA-779908802119","nombre":"BLISTER VELA CHISPITA NUMERO ROSA PARA TORTA N°7 x1 P.S.","categoria":"Cotillon","subcategoria":"Velas","precio":594.58,"destacado":false,"descripcion":"","imagen":"assets/products/CA-779908802119.webp","tags":["blister","vela","chispita","numero","rosa","para","torta"]},{"id":"CA-779908802121","nombre":"BLISTER VELA CHISPITA NUMERO ROSA PARA TORTA N°8 x1 P.S.","categoria":"Cotillon","subcategoria":"Velas","precio":594.58,"destacado":false,"descripcion":"","imagen":"assets/products/CA-779908802121.webp","tags":["blister","vela","chispita","numero","rosa","para","torta"]},{"id":"CA-779908802123","nombre":"BLISTER VELA CHISPITA NUMERO ROSA PARA TORTA N°9 x1 P.S.","categoria":"Cotillon","subcategoria":"Velas","precio":594.58,"destacado":false,"descripcion":"","imagen":"assets/products/CA-779908802123.webp","tags":["blister","vela","chispita","numero","rosa","para","torta"]},{"id":"CA-745303848149","nombre":"BLISTER VELA COLORES PASTEL CON PORTAVELA 13 cm x10 ILC247","categoria":"Cotillon","subcategoria":"Velas","precio":511.76,"destacado":false,"descripcion":"","imagen":"assets/products/CA-745303848149.webp","tags":["blister","vela","colores","pastel","con","portavela","x10","ilc247"]},{"id":"CA-779813203889","nombre":"BLISTER VELA CON FRASE FELIZ CUMPLEAÑOS 9 cm x12 203889","categoria":"Cotillon","subcategoria":"Velas","precio":1013.16,"destacado":false,"descripcion":"","imagen":"assets/products/CA-779813203889.webp","tags":["blister","vela","con","frase","feliz","cumpleaños","x12","203889"]},{"id":"CA-779813200889","nombre":"BLISTER VELA CON ONDAS MULTICOLOR/COLOR PASTEL 16cm x12 200889","categoria":"Cotillon","subcategoria":"Velas","precio":675.15,"destacado":false,"descripcion":"","imagen":"assets/products/CA-779813200889.webp","tags":["blister","vela","con","ondas","multicolor","color","pastel","16cm","x12","200889"]},{"id":"CA-541497890887","nombre":"BLISTER VELA CON PORTAVELA CORAZON FELIZ CUMPLEAÑOS 9.5 cm x1 PA0887","categoria":"Cotillon","subcategoria":"Velas","precio":2356.4,"destacado":false,"descripcion":"","imagen":"assets/products/CA-541497890887.webp","tags":["blister","vela","con","portavela","corazon","feliz","cumpleaños","pa0887"]},{"id":"CA-000000052034","nombre":"BLISTER VELA CON PORTAVELA CORAZON Y ACCESORIO ROSA 12 cm x5 200890","categoria":"Cotillon","subcategoria":"Velas","precio":1173.71,"destacado":false,"descripcion":"","imagen":"assets/products/CA-000000052034.webp","tags":["blister","vela","con","portavela","corazon","accesorio","rosa","200890"]},{"id":"CA-779813200890","nombre":"BLISTER VELA CON PORTAVELA ESTRELLA Y ACCESORIO CELESTE 12 cm x5 200890","categoria":"Cotillon","subcategoria":"Velas","precio":1173.71,"destacado":false,"descripcion":"","imagen":"assets/products/CA-779813200890.webp","tags":["blister","vela","con","portavela","estrella","accesorio","celeste","200890"]},{"id":"CA-779813200892","nombre":"BLISTER VELA CON PORTAVELA Y ACCESORIO VARIOS COLORES 9 cm x12  200892","categoria":"Cotillon","subcategoria":"Velas","precio":759.66,"destacado":false,"descripcion":"","imagen":"assets/products/CA-779813200892.webp","tags":["blister","vela","con","portavela","accesorio","varios","colores","x12","200892"]},{"id":"CA-000000050545","nombre":"BLISTER VELA COPA DEL MUNDO CON GIBRE DORADO 8 cm  x1 DORYPLAST","categoria":"Cotillon","subcategoria":"Velas","precio":614.8,"destacado":false,"descripcion":"","imagen":"assets/products/CA-000000050545.webp","tags":["blister","vela","copa","del","mundo","con","gibre","dorado","doryplast"]},{"id":"CA-000000049581","nombre":"BLISTER VELA COPA DEL MUNDO PLASTICA METALIZADA 9 cm x1 LUCA PLASTIC","categoria":"Cotillon","subcategoria":"Velas","precio":1883.25,"destacado":false,"descripcion":"","imagen":"assets/products/CA-000000049581.webp","tags":["blister","vela","copa","del","mundo","plastica","metalizada","luca","plastic"]},{"id":"CA-695535010331","nombre":"BLISTER VELA CORAZON DIAMANTE PLATEADA 11 cm x1 JB1033","categoria":"Cotillon","subcategoria":"Velas","precio":527.39,"destacado":false,"descripcion":"","imagen":"assets/products/CA-695535010331.webp","tags":["blister","vela","corazon","diamante","plateada","jb1033"]},{"id":"CA-202389883243","nombre":"BLISTER VELA CORAZON DIAMANTE ROJO 10 cm x1 89883CORRJ","categoria":"Cotillon","subcategoria":"Velas","precio":527.39,"destacado":false,"descripcion":"","imagen":"assets/products/CA-202389883243.webp","tags":["blister","vela","corazon","diamante","rojo","89883corrj"]},{"id":"CA-779813203887","nombre":"BLISTER VELA CORAZON DIAMANTE VARIOS COLORES 10 cm x1 203887","categoria":"Cotillon","subcategoria":"Velas","precio":527.39,"destacado":false,"descripcion":"","imagen":"assets/products/CA-779813203887.webp","tags":["blister","vela","corazon","diamante","varios","colores","203887"]},{"id":"CA-779814797581","nombre":"BLISTER VELA DEGRADE CON PORTAVELA CELESTE 6 cm x24 VLD6CE P.S","categoria":"Cotillon","subcategoria":"Velas","precio":1246.7,"destacado":false,"descripcion":"","imagen":"assets/products/CA-779814797581.webp","tags":["blister","vela","degrade","con","portavela","celeste","x24","vld6ce"]},{"id":"CA-779814797579","nombre":"BLISTER VELA DEGRADE CON PORTAVELA MAGENTA 6 cm x24 VLD6MA P.S","categoria":"Cotillon","subcategoria":"Velas","precio":1246.7,"destacado":false,"descripcion":"","imagen":"assets/products/CA-779814797579.webp","tags":["blister","vela","degrade","con","portavela","magenta","x24","vld6ma"]},{"id":"CA-779814797594","nombre":"BLISTER VELA ESTRELLITAS METALIZADAS x5 VS11 P.S","categoria":"Cotillon","subcategoria":"Velas","precio":1726.2,"destacado":false,"descripcion":"","imagen":"assets/products/CA-779814797594.webp","tags":["blister","vela","estrellitas","metalizadas","vs11"]},{"id":"CA-779814797578","nombre":"BLISTER VELA FINITA AZUL/CELESTE/BLANCO 17 cm x24 VTSB P.S","categoria":"Cotillon","subcategoria":"Velas","precio":839.13,"destacado":false,"descripcion":"","imagen":"assets/products/CA-779814797578.webp","tags":["blister","vela","finita","azul","celeste","blanco","x24","vtsb"]},{"id":"CA-779814797573","nombre":"BLISTER VELA FINITA MULTICOLOR 17 cm x24 VTSMU P.S","categoria":"Cotillon","subcategoria":"Velas","precio":839.13,"destacado":false,"descripcion":"","imagen":"assets/products/CA-779814797573.webp","tags":["blister","vela","finita","multicolor","x24","vtsmu"]},{"id":"CA-779908802177","nombre":"BLISTER VELA FINITA MULTICOLOR PASTEL 17 cm x24 VTSFL P.S","categoria":"Cotillon","subcategoria":"Velas","precio":839.13,"destacado":false,"descripcion":"","imagen":"assets/products/CA-779908802177.webp","tags":["blister","vela","finita","multicolor","pastel","x24","vtsfl"]},{"id":"CA-779814797824","nombre":"BLISTER VELA FINITA NEGRA 17 cm x24 VTSNE P.S","categoria":"Cotillon","subcategoria":"Velas","precio":839.13,"destacado":false,"descripcion":"","imagen":"assets/products/CA-779814797824.webp","tags":["blister","vela","finita","negra","x24","vtsne"]},{"id":"CA-779814797577","nombre":"BLISTER VELA FINITA ROSA/FUCSIA/BLANCO 17 cm x24 VTSG P.S","categoria":"Cotillon","subcategoria":"Velas","precio":839.13,"destacado":false,"descripcion":"","imagen":"assets/products/CA-779814797577.webp","tags":["blister","vela","finita","rosa","fucsia","blanco","x24","vtsg"]},{"id":"CA-800654520205","nombre":"BLISTER VELA FLOR METALIZADA ROSA GOLD 8 cm x5  YW19-362A","categoria":"Cotillon","subcategoria":"Velas","precio":1042.47,"destacado":false,"descripcion":"","imagen":"assets/products/CA-800654520205.webp","tags":["blister","vela","flor","metalizada","rosa","gold","yw19","362a"]},{"id":"CA-779908803156","nombre":"BLISTER VELA FRASE FELIZ CUMPLE CON BRILLO DORADA 7 cm x1 ART.VS054 P.S.","categoria":"Cotillon","subcategoria":"Velas","precio":2157.75,"destacado":false,"descripcion":"","imagen":"assets/products/CA-779908803156.webp","tags":["blister","vela","frase","feliz","cumple","con","brillo","dorada","art","vs054"]},{"id":"CA-779832235809","nombre":"BLISTER VELA FRASE FELIZ CUMPLE CON BRILLO MULTICOLOR 7 cm x1 ART.VS18 P.S.","categoria":"Cotillon","subcategoria":"Velas","precio":2157.75,"destacado":false,"descripcion":"","imagen":"assets/products/CA-779832235809.webp","tags":["blister","vela","frase","feliz","cumple","con","brillo","multicolor","art","vs18"]},{"id":"CA-779908803158","nombre":"BLISTER VELA FRASE FELIZ CUMPLE CON BRILLO PLATEADA 7 cm x1 ART.VS055 P.S.","categoria":"Cotillon","subcategoria":"Velas","precio":2157.75,"destacado":false,"descripcion":"","imagen":"assets/products/CA-779908803158.webp","tags":["blister","vela","frase","feliz","cumple","con","brillo","plateada","art","vs055"]},{"id":"CA-690924110560","nombre":"BLISTER VELA FRASE FELIZ CUMPLEAÑOS BRILLA EN LA OSCURIDAD x1 U2411-560","categoria":"Cotillon","subcategoria":"Velas","precio":3250.0,"destacado":false,"descripcion":"","imagen":"assets/products/CA-690924110560.webp","tags":["blister","vela","frase","feliz","cumpleaños","brilla","oscuridad","u2411","560"]},{"id":"CA-690924110569","nombre":"BLISTER VELA FRASE FELIZ CUMPLEAÑOS PASTEL VARIOS COLORES 9 cm x1 U2411-569","categoria":"Cotillon","subcategoria":"Velas","precio":1119.3,"destacado":false,"descripcion":"","imagen":"assets/products/CA-690924110569.webp","tags":["blister","vela","frase","feliz","cumpleaños","pastel","varios","colores","u2411","569"]},{"id":"CA-779813200898","nombre":"BLISTER VELA FRASE HAPPY BIRTHDAY PASTEL 6.5 cm x1 200898","categoria":"Cotillon","subcategoria":"Velas","precio":1283.56,"destacado":false,"descripcion":"","imagen":"assets/products/CA-779813200898.webp","tags":["blister","vela","frase","happy","birthday","pastel","200898"]},{"id":"CA-779908801084","nombre":"BLISTER VELA LARGA CON GIBRE BLANCA 16 cm x 12 VTFGBL P.S","categoria":"Cotillon","subcategoria":"Velas","precio":1774.15,"destacado":false,"descripcion":"","imagen":"assets/products/CA-779908801084.webp","tags":["blister","vela","larga","con","gibre","blanca","vtfgbl"]},{"id":"CA-779908801085","nombre":"BLISTER VELA LARGA CON GIBRE CELESTE 17 cm x12 VTFGCE P.S","categoria":"Cotillon","subcategoria":"Velas","precio":1774.15,"destacado":false,"descripcion":"","imagen":"assets/products/CA-779908801085.webp","tags":["blister","vela","larga","con","gibre","celeste","x12","vtfgce"]}]}