{"category_slug":"cotillon","subcategory_slug":"velas","page":11,"page_size":48,"total":820,"items":[{"id":"CA-697210595112","nombre":"BLISTER VELA TORNEADA MULTICOLOR PASTEL 10cm x6 GR400-18","categoria":"Cotillon","subcategoria":"Velas","precio":846.57,"destacado":false,"descripcion":"","imagen":"assets/products/CA-697210595112.webp","tags":["blister","vela","torneada","multicolor","pastel","10cm","gr400"]},{"id":"CA-695535010252","nombre":"BLISTER VELAS FINITAS PERLADAS CON PORTAVELA VERDE 13CM x6 JB1025","categoria":"Cotillon","subcategoria":"Velas","precio":802.62,"destacado":false,"descripcion":"","imagen":"assets/products/CA-695535010252.webp","tags":["blister","velas","finitas","perladas","con","portavela","verde","13cm","jb1025"]},{"id":"CA-779832235812","nombre":"VELA ANIVERSARIO Nº15 FUCSIA X1 PS","categoria":"Cotillon","subcategoria":"Velas","precio":1630.3,"destacado":false,"descripcion":"","imagen":"assets/products/CA-779832235812.webp","tags":["vela","aniversario","nº15","fucsia"]},{"id":"CA-000000049477","nombre":"VELA BENGALA  CON GIBRE COMBINADA ARGENTINA X4","categoria":"Cotillon","subcategoria":"Velas","precio":1755.0,"destacado":false,"descripcion":"","imagen":"assets/products/CA-000000049477.webp","tags":["vela","bengala","con","gibre","combinada","argentina"]},{"id":"CA-000000047300","nombre":"VELA BENGALA  CON GIBRE COMBINADA CELESTE PASTEL X4","categoria":"Cotillon","subcategoria":"Velas","precio":1755.0,"destacado":false,"descripcion":"","imagen":"assets/products/CA-000000047300.webp","tags":["vela","bengala","con","gibre","combinada","celeste","pastel"]},{"id":"CA-000000047305","nombre":"VELA BENGALA  CON GIBRE COMBINADA DORADA  X4","categoria":"Cotillon","subcategoria":"Velas","precio":1755.0,"destacado":false,"descripcion":"","imagen":"assets/products/CA-000000047305.webp","tags":["vela","bengala","con","gibre","combinada","dorada"]},{"id":"CA-000000047304","nombre":"VELA BENGALA  CON GIBRE COMBINADA LILA PASTEL  X4","categoria":"Cotillon","subcategoria":"Velas","precio":1755.0,"destacado":false,"descripcion":"","imagen":"assets/products/CA-000000047304.webp","tags":["vela","bengala","con","gibre","combinada","lila","pastel"]},{"id":"CA-000000047306","nombre":"VELA BENGALA  CON GIBRE COMBINADA PLATEADA  X4","categoria":"Cotillon","subcategoria":"Velas","precio":1755.0,"destacado":false,"descripcion":"","imagen":"assets/products/CA-000000047306.webp","tags":["vela","bengala","con","gibre","combinada","plateada"]},{"id":"CA-000000047303","nombre":"VELA BENGALA  CON GIBRE COMBINADA ROSA GOLD  X4","categoria":"Cotillon","subcategoria":"Velas","precio":1755.0,"destacado":false,"descripcion":"","imagen":"assets/products/CA-000000047303.webp","tags":["vela","bengala","con","gibre","combinada","rosa","gold"]},{"id":"CA-000000025995","nombre":"VELA BENGALA  DECORADA  FUTBOL ACADEMIA x4","categoria":"Cotillon","subcategoria":"Velas","precio":1829.25,"destacado":false,"descripcion":"* (15/12/2025)","imagen":"assets/products/CA-000000025995.webp","tags":["vela","bengala","decorada","futbol","academia"]},{"id":"CA-000000047414","nombre":"VELA BENGALA  DECORADA  FUTBOL ARGENTINA CAMPEON x4","categoria":"Cotillon","subcategoria":"Velas","precio":1829.25,"destacado":false,"descripcion":"* (15/12/2025)","imagen":"assets/products/CA-000000047414.webp","tags":["vela","bengala","decorada","futbol","argentina","campeon"]},{"id":"CA-000000015961","nombre":"VELA BENGALA  DECORADA  FUTBOL BOCA x4","categoria":"Cotillon","subcategoria":"Velas","precio":1829.25,"destacado":false,"descripcion":"* (15/12/2025)","imagen":"assets/products/CA-000000015961.webp","tags":["vela","bengala","decorada","futbol","boca"]},{"id":"CA-000000025996","nombre":"VELA BENGALA  DECORADA  FUTBOL CUERVO x4","categoria":"Cotillon","subcategoria":"Velas","precio":1829.25,"destacado":false,"descripcion":"* (15/12/2025)","imagen":"assets/products/CA-000000025996.webp","tags":["vela","bengala","decorada","futbol","cuervo"]},{"id":"CA-000000025997","nombre":"VELA BENGALA  DECORADA  FUTBOL DIABLO x4","categoria":"Cotillon","subcategoria":"Velas","precio":1829.25,"destacado":false,"descripcion":"* (15/12/2025)","imagen":"assets/products/CA-000000025997.webp","tags":["vela","bengala","decorada","futbol","diablo"]},{"id":"CA-000000015960","nombre":"VELA BENGALA  DECORADA  FUTBOL RIVER x4","categoria":"Cotillon","subcategoria":"Velas","precio":1829.25,"destacado":false,"descripcion":"* (15/12/2025)","imagen":"assets/products/CA-000000015960.webp","tags":["vela","bengala","decorada","futbol","river"]},{"id":"CA-000000055842","nombre":"VELA BENGALA  DECORADA ABEJITA x4","categoria":"Cotillon","subcategoria":"Velas","precio":1829.25,"destacado":false,"descripcion":"* (15/12/2025)","imagen":"assets/products/CA-000000055842.webp","tags":["vela","bengala","decorada","abejita"]},{"id":"CA-000000057478","nombre":"VELA BENGALA  DECORADA BRAINROT (TRALALERO TRALALA) x4","categoria":"Cotillon","subcategoria":"Velas","precio":1355.0,"destacado":false,"descripcion":"* (15/12/2025)","imagen":"assets/products/CA-000000057478.webp","tags":["vela","bengala","decorada","brainrot","tralalero","tralala"]},{"id":"CA-000000055841","nombre":"VELA BENGALA  DECORADA CAPIBARA x4","categoria":"Cotillon","subcategoria":"Velas","precio":1829.25,"destacado":false,"descripcion":"* (15/12/2025)","imagen":"assets/products/CA-000000055841.webp","tags":["vela","bengala","decorada","capibara"]},{"id":"CA-000000026469","nombre":"VELA BENGALA  DECORADA H.ARAÑAx4","categoria":"Cotillon","subcategoria":"Velas","precio":1829.25,"destacado":false,"descripcion":"* (15/12/2025)","imagen":"assets/products/CA-000000026469.webp","tags":["vela","bengala","decorada","arañax4"]},{"id":"CA-000000058304","nombre":"VELA BENGALA  DECORADA K-POP x4","categoria":"Cotillon","subcategoria":"Velas","precio":1829.25,"destacado":false,"descripcion":"* (15/12/2025)","imagen":"assets/products/CA-000000058304.webp","tags":["vela","bengala","decorada","pop"]},{"id":"CA-000000049827","nombre":"VELA BENGALA  DECORADA KITTY x4","categoria":"Cotillon","subcategoria":"Velas","precio":1829.25,"destacado":false,"descripcion":"* (15/12/2025)","imagen":"assets/products/CA-000000049827.webp","tags":["vela","bengala","decorada","kitty"]},{"id":"CA-000000057056","nombre":"VELA BENGALA  DECORADA LABUBU x4","categoria":"Cotillon","subcategoria":"Velas","precio":1829.25,"destacado":false,"descripcion":"* (15/12/2025)","imagen":"assets/products/CA-000000057056.webp","tags":["vela","bengala","decorada","labubu"]},{"id":"CA-000000051155","nombre":"VELA BENGALA  DECORADA LOS AMIGOS DE KITTY (MY MELODY/KUROMI)x4","categoria":"Cotillon","subcategoria":"Velas","precio":1829.25,"destacado":false,"descripcion":"* (15/12/2025)","imagen":"assets/products/CA-000000051155.webp","tags":["vela","bengala","decorada","los","amigos","kitty","melody","kuromi"]},{"id":"CA-000000057057","nombre":"VELA BENGALA  DECORADA STICH x4","categoria":"Cotillon","subcategoria":"Velas","precio":1829.25,"destacado":false,"descripcion":"* (15/12/2025)","imagen":"assets/products/CA-000000057057.webp","tags":["vela","bengala","decorada","stich"]},{"id":"CA-779908802130","nombre":"VELA BENGALA BLANCA PARA DECORAR X 60 UNIDADES PS BL001","categoria":"Cotillon","subcategoria":"Velas","precio":13320.51,"destacado":false,"descripcion":"","imagen":"assets/products/CA-779908802130.webp","tags":["vela","bengala","blanca","para","decorar","unidades","bl001"]},{"id":"CA-000000044238","nombre":"VELA BENGALA CON GIBRE  FLUO ROSA  X4","categoria":"Cotillon","subcategoria":"Velas","precio":1755.0,"destacado":false,"descripcion":"","imagen":"assets/products/CA-000000044238.webp","tags":["vela","bengala","con","gibre","fluo","rosa"]},{"id":"CA-000000044689","nombre":"VELA BENGALA CON GIBRE  PASTEL CELESTE  X4","categoria":"Cotillon","subcategoria":"Velas","precio":1890.0,"destacado":false,"descripcion":"* (15/12/2025)","imagen":"assets/products/CA-000000044689.webp","tags":["vela","bengala","con","gibre","pastel","celeste"]},{"id":"CA-000000044688","nombre":"VELA BENGALA CON GIBRE  PASTEL LILA  X4","categoria":"Cotillon","subcategoria":"Velas","precio":1890.0,"destacado":false,"descripcion":"* (15/12/2025)","imagen":"assets/products/CA-000000044688.webp","tags":["vela","bengala","con","gibre","pastel","lila"]},{"id":"CA-000000044687","nombre":"VELA BENGALA CON GIBRE  PASTEL ROSA  X4","categoria":"Cotillon","subcategoria":"Velas","precio":1890.0,"destacado":false,"descripcion":"","imagen":"assets/products/CA-000000044687.webp","tags":["vela","bengala","con","gibre","pastel","rosa"]},{"id":"CA-000000044690","nombre":"VELA BENGALA CON GIBRE  PASTEL VERDE AGUA  X4","categoria":"Cotillon","subcategoria":"Velas","precio":1890.0,"destacado":false,"descripcion":"","imagen":"assets/products/CA-000000044690.webp","tags":["vela","bengala","con","gibre","pastel","verde","agua"]},{"id":"CA-000000016961","nombre":"VELA BENGALA CON GIBRE AZUL x4 029","categoria":"Cotillon","subcategoria":"Velas","precio":1802.25,"destacado":false,"descripcion":"* (15/12/2025)","imagen":"assets/products/CA-000000016961.webp","tags":["vela","bengala","con","gibre","azul","029"]},{"id":"CA-000000016966","nombre":"VELA BENGALA CON GIBRE BLANCO x4 044","categoria":"Cotillon","subcategoria":"Velas","precio":1802.25,"destacado":false,"descripcion":"* (15/12/2025)","imagen":"assets/products/CA-000000016966.webp","tags":["vela","bengala","con","gibre","blanco","044"]},{"id":"CA-000000016958","nombre":"VELA BENGALA CON GIBRE CELESTE x4 028","categoria":"Cotillon","subcategoria":"Velas","precio":1802.25,"destacado":false,"descripcion":"* (15/12/2025)","imagen":"assets/products/CA-000000016958.webp","tags":["vela","bengala","con","gibre","celeste","028"]},{"id":"CA-000000016956","nombre":"VELA BENGALA CON GIBRE DORADA x4 025","categoria":"Cotillon","subcategoria":"Velas","precio":1802.25,"destacado":false,"descripcion":"* (15/12/2025)","imagen":"assets/products/CA-000000016956.webp","tags":["vela","bengala","con","gibre","dorada","025"]},{"id":"CA-000000016955","nombre":"VELA BENGALA CON GIBRE FUCSIA x4 022","categoria":"Cotillon","subcategoria":"Velas","precio":1802.25,"destacado":false,"descripcion":"* (15/12/2025)","imagen":"assets/products/CA-000000016955.webp","tags":["vela","bengala","con","gibre","fucsia","022"]},{"id":"CA-000000016959","nombre":"VELA BENGALA CON GIBRE LILA x4 032","categoria":"Cotillon","subcategoria":"Velas","precio":1802.25,"destacado":false,"descripcion":"* (15/12/2025)","imagen":"assets/products/CA-000000016959.webp","tags":["vela","bengala","con","gibre","lila","032"]},{"id":"CA-000000040957","nombre":"VELA BENGALA CON GIBRE NARANJA x4","categoria":"Cotillon","subcategoria":"Velas","precio":1802.25,"destacado":false,"descripcion":"* (15/12/2025)","imagen":"assets/products/CA-000000040957.webp","tags":["vela","bengala","con","gibre","naranja"]},{"id":"CA-000000040814","nombre":"VELA BENGALA CON GIBRE NEGRA x4","categoria":"Cotillon","subcategoria":"Velas","precio":1802.25,"destacado":false,"descripcion":"* (15/12/2025)","imagen":"assets/products/CA-000000040814.webp","tags":["vela","bengala","con","gibre","negra"]},{"id":"CA-000000016953","nombre":"VELA BENGALA CON GIBRE PLATEADA x4 07","categoria":"Cotillon","subcategoria":"Velas","precio":1802.25,"destacado":false,"descripcion":"* (15/12/2025)","imagen":"assets/products/CA-000000016953.webp","tags":["vela","bengala","con","gibre","plateada"]},{"id":"CA-000000016964","nombre":"VELA BENGALA CON GIBRE ROJO x4 041","categoria":"Cotillon","subcategoria":"Velas","precio":1802.25,"destacado":false,"descripcion":"* (15/12/2025)","imagen":"assets/products/CA-000000016964.webp","tags":["vela","bengala","con","gibre","rojo","041"]},{"id":"CA-000000057418","nombre":"VELA BENGALA CON GIBRE ROSA GOLD x 4","categoria":"Cotillon","subcategoria":"Velas","precio":1802.25,"destacado":false,"descripcion":"* (17/12/2025)","imagen":"assets/products/CA-000000057418.webp","tags":["vela","bengala","con","gibre","rosa","gold"]},{"id":"CA-000000044034","nombre":"VELA BENGALA CON GIBRE ROSA GOLD x4","categoria":"Cotillon","subcategoria":"Velas","precio":1802.25,"destacado":false,"descripcion":"* (15/12/2025)","imagen":"assets/products/CA-000000044034.webp","tags":["vela","bengala","con","gibre","rosa","gold"]},{"id":"CA-000000016965","nombre":"VELA BENGALA CON GIBRE ROSA x4 043","categoria":"Cotillon","subcategoria":"Velas","precio":1802.25,"destacado":false,"descripcion":"* (15/12/2025)","imagen":"assets/products/CA-000000016965.webp","tags":["vela","bengala","con","gibre","rosa","043"]},{"id":"CA-000000038236","nombre":"VELA BENGALA CON GIBRE TRICOLOR BOCA x4","categoria":"Cotillon","subcategoria":"Velas","precio":1822.5,"destacado":false,"descripcion":"* (15/12/2025)","imagen":"assets/products/CA-000000038236.webp","tags":["vela","bengala","con","gibre","tricolor","boca"]},{"id":"CA-000000038237","nombre":"VELA BENGALA CON GIBRE TRICOLOR RIVER x4","categoria":"Cotillon","subcategoria":"Velas","precio":1822.5,"destacado":false,"descripcion":"* (15/12/2025)","imagen":"assets/products/CA-000000038237.webp","tags":["vela","bengala","con","gibre","tricolor","river"]},{"id":"CA-000000016957","nombre":"VELA BENGALA CON GIBRE TURQUESA x4 027","categoria":"Cotillon","subcategoria":"Velas","precio":1802.25,"destacado":false,"descripcion":"* (15/12/2025)","imagen":"assets/products/CA-000000016957.webp","tags":["vela","bengala","con","gibre","turquesa","027"]},{"id":"CA-000000044035","nombre":"VELA BENGALA CON GIBRE VERDE AGUA x4","categoria":"Cotillon","subcategoria":"Velas","precio":1802.25,"destacado":false,"descripcion":"* (15/12/2025)","imagen":"assets/products/CA-000000044035.webp","tags":["vela","bengala","con","gibre","verde","agua"]},{"id":"CA-000000016963","nombre":"VELA BENGALA CON GIBRE VERDE MANZANA x4 053","categoria":"Cotillon","subcategoria":"Velas","precio":1802.25,"destacado":false,"descripcion":"* (15/12/2025)","imagen":"assets/products/CA-000000016963.webp","tags":["vela","bengala","con","gibre","verde","manzana","053"]}]}