{"category_slug":"cotillon","subcategory_slug":"velas","page":15,"page_size":48,"total":820,"items":[{"id":"CA-000000045947","nombre":"VELA NUMEROTE CON GIBRE CELESTE Nº 3 x10","categoria":"Cotillon","subcategoria":"Velas","precio":5223.15,"destacado":false,"descripcion":"","imagen":"assets/products/CA-000000045947.webp","tags":["vela","numerote","con","gibre","celeste","x10"]},{"id":"CA-000000045948","nombre":"VELA NUMEROTE CON GIBRE CELESTE Nº 4 x10","categoria":"Cotillon","subcategoria":"Velas","precio":5223.15,"destacado":false,"descripcion":"","imagen":"assets/products/CA-000000045948.webp","tags":["vela","numerote","con","gibre","celeste","x10"]},{"id":"CA-000000045949","nombre":"VELA NUMEROTE CON GIBRE CELESTE Nº 5 x10","categoria":"Cotillon","subcategoria":"Velas","precio":5223.15,"destacado":false,"descripcion":"","imagen":"assets/products/CA-000000045949.webp","tags":["vela","numerote","con","gibre","celeste","x10"]},{"id":"CA-000000045950","nombre":"VELA NUMEROTE CON GIBRE CELESTE Nº 6 x10","categoria":"Cotillon","subcategoria":"Velas","precio":5223.15,"destacado":false,"descripcion":"","imagen":"assets/products/CA-000000045950.webp","tags":["vela","numerote","con","gibre","celeste","x10"]},{"id":"CA-000000045951","nombre":"VELA NUMEROTE CON GIBRE CELESTE Nº 7 x10","categoria":"Cotillon","subcategoria":"Velas","precio":5223.15,"destacado":false,"descripcion":"","imagen":"assets/products/CA-000000045951.webp","tags":["vela","numerote","con","gibre","celeste","x10"]},{"id":"CA-000000045952","nombre":"VELA NUMEROTE CON GIBRE CELESTE Nº 8 x10","categoria":"Cotillon","subcategoria":"Velas","precio":5223.15,"destacado":false,"descripcion":"","imagen":"assets/products/CA-000000045952.webp","tags":["vela","numerote","con","gibre","celeste","x10"]},{"id":"CA-000000045953","nombre":"VELA NUMEROTE CON GIBRE CELESTE Nº 9 x10","categoria":"Cotillon","subcategoria":"Velas","precio":5223.15,"destacado":false,"descripcion":"","imagen":"assets/products/CA-000000045953.webp","tags":["vela","numerote","con","gibre","celeste","x10"]},{"id":"CA-000000045954","nombre":"VELA NUMEROTE CON GIBRE CELESTE Nº SURTIDO x10","categoria":"Cotillon","subcategoria":"Velas","precio":5223.15,"destacado":false,"descripcion":"","imagen":"assets/products/CA-000000045954.webp","tags":["vela","numerote","con","gibre","celeste","surtido","x10"]},{"id":"CA-000000045955","nombre":"VELA NUMEROTE CON GIBRE ROSA Nº 0 x10","categoria":"Cotillon","subcategoria":"Velas","precio":5223.15,"destacado":false,"descripcion":"","imagen":"assets/products/CA-000000045955.webp","tags":["vela","numerote","con","gibre","rosa","x10"]},{"id":"CA-000000045956","nombre":"VELA NUMEROTE CON GIBRE ROSA Nº 1 x10","categoria":"Cotillon","subcategoria":"Velas","precio":5223.15,"destacado":false,"descripcion":"","imagen":"assets/products/CA-000000045956.webp","tags":["vela","numerote","con","gibre","rosa","x10"]},{"id":"CA-000000045957","nombre":"VELA NUMEROTE CON GIBRE ROSA Nº 2 x10","categoria":"Cotillon","subcategoria":"Velas","precio":5223.15,"destacado":false,"descripcion":"","imagen":"assets/products/CA-000000045957.webp","tags":["vela","numerote","con","gibre","rosa","x10"]},{"id":"CA-000000045958","nombre":"VELA NUMEROTE CON GIBRE ROSA Nº 3x10","categoria":"Cotillon","subcategoria":"Velas","precio":5223.15,"destacado":false,"descripcion":"","imagen":"assets/products/CA-000000045958.webp","tags":["vela","numerote","con","gibre","rosa","3x10"]},{"id":"CA-000000045959","nombre":"VELA NUMEROTE CON GIBRE ROSA Nº 4 x10","categoria":"Cotillon","subcategoria":"Velas","precio":5223.15,"destacado":false,"descripcion":"","imagen":"assets/products/CA-000000045959.webp","tags":["vela","numerote","con","gibre","rosa","x10"]},{"id":"CA-000000045960","nombre":"VELA NUMEROTE CON GIBRE ROSA Nº 5 x10","categoria":"Cotillon","subcategoria":"Velas","precio":5223.15,"destacado":false,"descripcion":"","imagen":"assets/products/CA-000000045960.webp","tags":["vela","numerote","con","gibre","rosa","x10"]},{"id":"CA-000000045961","nombre":"VELA NUMEROTE CON GIBRE ROSA Nº 6 x10","categoria":"Cotillon","subcategoria":"Velas","precio":5223.15,"destacado":false,"descripcion":"","imagen":"assets/products/CA-000000045961.webp","tags":["vela","numerote","con","gibre","rosa","x10"]},{"id":"CA-000000045962","nombre":"VELA NUMEROTE CON GIBRE ROSA Nº 7 x10","categoria":"Cotillon","subcategoria":"Velas","precio":5223.15,"destacado":false,"descripcion":"","imagen":"assets/products/CA-000000045962.webp","tags":["vela","numerote","con","gibre","rosa","x10"]},{"id":"CA-000000045963","nombre":"VELA NUMEROTE CON GIBRE ROSA Nº 8 x10","categoria":"Cotillon","subcategoria":"Velas","precio":5223.15,"destacado":false,"descripcion":"","imagen":"assets/products/CA-000000045963.webp","tags":["vela","numerote","con","gibre","rosa","x10"]},{"id":"CA-000000045964","nombre":"VELA NUMEROTE CON GIBRE ROSA Nº 9 x10","categoria":"Cotillon","subcategoria":"Velas","precio":5223.15,"destacado":false,"descripcion":"","imagen":"assets/products/CA-000000045964.webp","tags":["vela","numerote","con","gibre","rosa","x10"]},{"id":"CA-000000045965","nombre":"VELA NUMEROTE CON GIBRE ROSA Nº SURTIDO x10","categoria":"Cotillon","subcategoria":"Velas","precio":5223.15,"destacado":false,"descripcion":"","imagen":"assets/products/CA-000000045965.webp","tags":["vela","numerote","con","gibre","rosa","surtido","x10"]},{"id":"CA-692025040020","nombre":"VELA ONDAS METALIZADA PASTEL x6u  GR400-20","categoria":"Cotillon","subcategoria":"Velas","precio":968.84,"destacado":false,"descripcion":"","imagen":"assets/products/CA-692025040020.webp","tags":["vela","ondas","metalizada","pastel","x6u","gr400"]},{"id":"CA-697210595026","nombre":"VELA ONDAS METALIZADA PASTEL x6u GR400-20","categoria":"Cotillon","subcategoria":"Velas","precio":968.84,"destacado":false,"descripcion":"","imagen":"assets/products/CA-697210595026.webp","tags":["vela","ondas","metalizada","pastel","x6u","gr400"]},{"id":"CA-779806779186","nombre":"VELA PERLADA 10cm AZUL x10 ART.2294","categoria":"Cotillon","subcategoria":"Velas","precio":1964.91,"destacado":false,"descripcion":"","imagen":"assets/products/CA-779806779186.webp","tags":["vela","perlada","10cm","azul","x10","art","2294"]},{"id":"CA-779806779183","nombre":"VELA PERLADA 10cm BLANCO x10 ART.2294","categoria":"Cotillon","subcategoria":"Velas","precio":1964.91,"destacado":false,"descripcion":"","imagen":"assets/products/CA-779806779183.webp","tags":["vela","perlada","10cm","blanco","x10","art","2294"]},{"id":"CA-779806779185","nombre":"VELA PERLADA 10cm CELESTE x10 ART.2294","categoria":"Cotillon","subcategoria":"Velas","precio":1964.91,"destacado":false,"descripcion":"","imagen":"assets/products/CA-779806779185.webp","tags":["vela","perlada","10cm","celeste","x10","art","2294"]},{"id":"CA-779806779190","nombre":"VELA PERLADA 10cm DORADA x10 ART.2294","categoria":"Cotillon","subcategoria":"Velas","precio":1964.91,"destacado":false,"descripcion":"","imagen":"assets/products/CA-779806779190.webp","tags":["vela","perlada","10cm","dorada","x10","art","2294"]},{"id":"CA-779806779193","nombre":"VELA PERLADA 10cm FUCSIA  x10 ART.2294","categoria":"Cotillon","subcategoria":"Velas","precio":1964.91,"destacado":false,"descripcion":"","imagen":"assets/products/CA-779806779193.webp","tags":["vela","perlada","10cm","fucsia","x10","art","2294"]},{"id":"CA-779806779188","nombre":"VELA PERLADA 10cm LILA  x10 ART.2294","categoria":"Cotillon","subcategoria":"Velas","precio":1964.91,"destacado":false,"descripcion":"","imagen":"assets/products/CA-779806779188.webp","tags":["vela","perlada","10cm","lila","x10","art","2294"]},{"id":"CA-779806779204","nombre":"VELA PERLADA 10cm NEGRO x10 ART.2294","categoria":"Cotillon","subcategoria":"Velas","precio":1964.91,"destacado":false,"descripcion":"","imagen":"assets/products/CA-779806779204.webp","tags":["vela","perlada","10cm","negro","x10","art","2294"]},{"id":"CA-779806779191","nombre":"VELA PERLADA 10cm PLATEADA  x10 ART.2294","categoria":"Cotillon","subcategoria":"Velas","precio":1964.91,"destacado":false,"descripcion":"","imagen":"assets/products/CA-779806779191.webp","tags":["vela","perlada","10cm","plateada","x10","art","2294"]},{"id":"CA-779806779194","nombre":"VELA PERLADA 10cm ROJO x10 ART.2294","categoria":"Cotillon","subcategoria":"Velas","precio":1964.91,"destacado":false,"descripcion":"","imagen":"assets/products/CA-779806779194.webp","tags":["vela","perlada","10cm","rojo","x10","art","2294"]},{"id":"CA-779806779184","nombre":"VELA PERLADA 10cm ROSA  x10 ART.2294","categoria":"Cotillon","subcategoria":"Velas","precio":1964.91,"destacado":false,"descripcion":"","imagen":"assets/products/CA-779806779184.webp","tags":["vela","perlada","10cm","rosa","x10","art","2294"]},{"id":"CA-779806779187","nombre":"VELA PERLADA 10cm SALMON x10 ART2294","categoria":"Cotillon","subcategoria":"Velas","precio":1964.91,"destacado":false,"descripcion":"","imagen":"assets/products/CA-779806779187.webp","tags":["vela","perlada","10cm","salmon","x10","art2294"]},{"id":"CA-779806779195","nombre":"VELA PERLADA 10cm TURQUESA x10 ART.2294","categoria":"Cotillon","subcategoria":"Velas","precio":1964.91,"destacado":false,"descripcion":"","imagen":"assets/products/CA-779806779195.webp","tags":["vela","perlada","10cm","turquesa","x10","art","2294"]},{"id":"CA-779806779198","nombre":"VELA PERLADA 10cm VERDE AGUA x10 ART.2294","categoria":"Cotillon","subcategoria":"Velas","precio":1964.91,"destacado":false,"descripcion":"","imagen":"assets/products/CA-779806779198.webp","tags":["vela","perlada","10cm","verde","agua","x10","art","2294"]},{"id":"CA-779806779189","nombre":"VELA PERLADA 10cm VIOLETA  x10 ART.2294","categoria":"Cotillon","subcategoria":"Velas","precio":1964.91,"destacado":false,"descripcion":"","imagen":"assets/products/CA-779806779189.webp","tags":["vela","perlada","10cm","violeta","x10","art","2294"]},{"id":"CA-779806779273","nombre":"VELA PERLADA 15cm AZUL  x10 ART.2322","categoria":"Cotillon","subcategoria":"Velas","precio":3433.36,"destacado":false,"descripcion":"","imagen":"assets/products/CA-779806779273.webp","tags":["vela","perlada","15cm","azul","x10","art","2322"]},{"id":"CA-779806779270","nombre":"VELA PERLADA 15cm BLANCO  x10 ART.2322","categoria":"Cotillon","subcategoria":"Velas","precio":3433.36,"destacado":false,"descripcion":"","imagen":"assets/products/CA-779806779270.webp","tags":["vela","perlada","15cm","blanco","x10","art","2322"]},{"id":"CA-779806779272","nombre":"VELA PERLADA 15cm CELESTE  x10  ART.2322","categoria":"Cotillon","subcategoria":"Velas","precio":3433.36,"destacado":false,"descripcion":"","imagen":"assets/products/CA-779806779272.webp","tags":["vela","perlada","15cm","celeste","x10","art","2322"]},{"id":"CA-779806779277","nombre":"VELA PERLADA 15cm DORADA  x10 ART.2322","categoria":"Cotillon","subcategoria":"Velas","precio":3433.36,"destacado":false,"descripcion":"","imagen":"assets/products/CA-779806779277.webp","tags":["vela","perlada","15cm","dorada","x10","art","2322"]},{"id":"CA-779806779280","nombre":"VELA PERLADA 15cm FUCSIA  x10 ART.2322","categoria":"Cotillon","subcategoria":"Velas","precio":3433.36,"destacado":false,"descripcion":"","imagen":"assets/products/CA-779806779280.webp","tags":["vela","perlada","15cm","fucsia","x10","art","2322"]},{"id":"CA-779806779275","nombre":"VELA PERLADA 15cm LILA  x10  ART.2322","categoria":"Cotillon","subcategoria":"Velas","precio":3433.36,"destacado":false,"descripcion":"","imagen":"assets/products/CA-779806779275.webp","tags":["vela","perlada","15cm","lila","x10","art","2322"]},{"id":"CA-779806779290","nombre":"VELA PERLADA 15cm NEGRO x10  ART.2322","categoria":"Cotillon","subcategoria":"Velas","precio":3433.36,"destacado":false,"descripcion":"","imagen":"assets/products/CA-779806779290.webp","tags":["vela","perlada","15cm","negro","x10","art","2322"]},{"id":"CA-779806779278","nombre":"VELA PERLADA 15cm PLATEADA x10  ART.2322","categoria":"Cotillon","subcategoria":"Velas","precio":3433.36,"destacado":false,"descripcion":"","imagen":"assets/products/CA-779806779278.webp","tags":["vela","perlada","15cm","plateada","x10","art","2322"]},{"id":"CA-779806779281","nombre":"VELA PERLADA 15cm ROJO  x10 ART.2322","categoria":"Cotillon","subcategoria":"Velas","precio":3433.36,"destacado":false,"descripcion":"","imagen":"assets/products/CA-779806779281.webp","tags":["vela","perlada","15cm","rojo","x10","art","2322"]},{"id":"CA-779806779271","nombre":"VELA PERLADA 15cm ROSA  x10 ART.2322","categoria":"Cotillon","subcategoria":"Velas","precio":3433.36,"destacado":false,"descripcion":"","imagen":"assets/products/CA-779806779271.webp","tags":["vela","perlada","15cm","rosa","x10","art","2322"]},{"id":"CA-779806779274","nombre":"VELA PERLADA 15cm SALMON x10  ART.2322","categoria":"Cotillon","subcategoria":"Velas","precio":3433.36,"destacado":false,"descripcion":"","imagen":"assets/products/CA-779806779274.webp","tags":["vela","perlada","15cm","salmon","x10","art","2322"]},{"id":"CA-779806779282","nombre":"VELA PERLADA 15cm TURQUESA  x10 ART.2322","categoria":"Cotillon","subcategoria":"Velas","precio":3433.36,"destacado":false,"descripcion":"","imagen":"assets/products/CA-779806779282.webp","tags":["vela","perlada","15cm","turquesa","x10","art","2322"]},{"id":"CA-779806779285","nombre":"VELA PERLADA 15cm VERDE AGUA  x10 ART.2322","categoria":"Cotillon","subcategoria":"Velas","precio":3433.36,"destacado":false,"descripcion":"","imagen":"assets/products/CA-779806779285.webp","tags":["vela","perlada","15cm","verde","agua","x10","art","2322"]}]}