{"category_slug":"cotillon","subcategory_slug":"velas","page":17,"page_size":48,"total":820,"items":[{"id":"CA-779806779292","nombre":"VELON BICHITO DE LUZ PERLADO ROSA 13cm x1  ART.2317","categoria":"Cotillon","subcategoria":"Velas","precio":975.52,"destacado":false,"descripcion":"","imagen":"assets/products/CA-779806779292.webp","tags":["velon","bichito","luz","perlado","rosa","13cm","art","2317"]},{"id":"CA-779806779295","nombre":"VELON BICHITO DE LUZ PERLADO SALMON 13cm x1  ART.2317","categoria":"Cotillon","subcategoria":"Velas","precio":975.52,"destacado":false,"descripcion":"","imagen":"assets/products/CA-779806779295.webp","tags":["velon","bichito","luz","perlado","salmon","13cm","art","2317"]},{"id":"CA-779806779306","nombre":"VELON BICHITO DE LUZ PERLADO VERDE AGUA 13 cm  x1 ART.2317","categoria":"Cotillon","subcategoria":"Velas","precio":975.52,"destacado":false,"descripcion":"","imagen":"assets/products/CA-779806779306.webp","tags":["velon","bichito","luz","perlado","verde","agua","art","2317"]},{"id":"CA-779806779297","nombre":"VELON BICHITO DE LUZ PERLADO VIOLETA 13cm x1 ART.2317","categoria":"Cotillon","subcategoria":"Velas","precio":975.52,"destacado":false,"descripcion":"","imagen":"assets/products/CA-779806779297.webp","tags":["velon","bichito","luz","perlado","violeta","13cm","art","2317"]},{"id":"CA-000000057660","nombre":"VELON CON BRILLO FINITO CELESTE (15cm) x15","categoria":"Cotillon","subcategoria":"Velas","precio":1685.81,"destacado":false,"descripcion":"","imagen":"assets/products/CA-000000057660.webp","tags":["velon","con","brillo","finito","celeste","15cm","x15"]},{"id":"CA-000000055989","nombre":"VELON CON BRILLO FINITO DORADO (15cm) x15","categoria":"Cotillon","subcategoria":"Velas","precio":1685.81,"destacado":false,"descripcion":"","imagen":"assets/products/CA-000000055989.webp","tags":["velon","con","brillo","finito","dorado","15cm","x15"]},{"id":"CA-000000055994","nombre":"VELON CON BRILLO FINITO FUCSIA (15cm) x15","categoria":"Cotillon","subcategoria":"Velas","precio":1685.81,"destacado":false,"descripcion":"","imagen":"assets/products/CA-000000055994.webp","tags":["velon","con","brillo","finito","fucsia","15cm","x15"]},{"id":"CA-000000055987","nombre":"VELON CON BRILLO FINITO ROSA PASTEL (15cm) x15","categoria":"Cotillon","subcategoria":"Velas","precio":1685.81,"destacado":false,"descripcion":"","imagen":"assets/products/CA-000000055987.webp","tags":["velon","con","brillo","finito","rosa","pastel","15cm","x15"]},{"id":"CA-000000055996","nombre":"VELON CON BRILLO FINITO TURQUEZA (15cm) x15","categoria":"Cotillon","subcategoria":"Velas","precio":1685.81,"destacado":false,"descripcion":"","imagen":"assets/products/CA-000000055996.webp","tags":["velon","con","brillo","finito","turqueza","15cm","x15"]},{"id":"CA-000000051932","nombre":"VELON MAGICO CON PORTAVELON ARGENTINA 9cm FIESTA x15","categoria":"Cotillon","subcategoria":"Velas","precio":3665.08,"destacado":false,"descripcion":"","imagen":"assets/products/CA-000000051932.webp","tags":["velon","magico","con","portavelon","argentina","9cm","fiesta","x15"]},{"id":"CA-000000051933","nombre":"VELON MAGICO CON PORTAVELON BLANCO 9cm FIESTA x15","categoria":"Cotillon","subcategoria":"Velas","precio":3454.22,"destacado":false,"descripcion":"","imagen":"assets/products/CA-000000051933.webp","tags":["velon","magico","con","portavelon","blanco","9cm","fiesta","x15"]},{"id":"CA-000000051934","nombre":"VELON MAGICO CON PORTAVELON BOCA 9cm FIESTA x15","categoria":"Cotillon","subcategoria":"Velas","precio":3313.63,"destacado":false,"descripcion":"","imagen":"assets/products/CA-000000051934.webp","tags":["velon","magico","con","portavelon","boca","9cm","fiesta","x15"]},{"id":"CA-000000051935","nombre":"VELON MAGICO CON PORTAVELON CELESTE 9cm FIESTA x15","categoria":"Cotillon","subcategoria":"Velas","precio":3665.08,"destacado":false,"descripcion":"","imagen":"assets/products/CA-000000051935.webp","tags":["velon","magico","con","portavelon","celeste","9cm","fiesta","x15"]},{"id":"CA-000000051936","nombre":"VELON MAGICO CON PORTAVELON RIVER 9cm FIESTA x15","categoria":"Cotillon","subcategoria":"Velas","precio":3665.08,"destacado":false,"descripcion":"","imagen":"assets/products/CA-000000051936.webp","tags":["velon","magico","con","portavelon","river","9cm","fiesta","x15"]},{"id":"CA-000000051937","nombre":"VELON MAGICO CON PORTAVELON ROSA 9cm FIESTA x15","categoria":"Cotillon","subcategoria":"Velas","precio":3454.22,"destacado":false,"descripcion":"","imagen":"assets/products/CA-000000051937.webp","tags":["velon","magico","con","portavelon","rosa","9cm","fiesta","x15"]},{"id":"CA-779903200353","nombre":"VELON PARA CUMPLEAÑOS BLANCO 9cm ILUMINARTE x10","categoria":"Cotillon","subcategoria":"Velas","precio":860.06,"destacado":false,"descripcion":"","imagen":"assets/products/CA-779903200353.webp","tags":["velon","para","cumpleaños","blanco","9cm","iluminarte","x10"]},{"id":"CA-779903200354","nombre":"VELON PARA CUMPLEAÑOS CELESTE 9cm ILUMINARTE x10","categoria":"Cotillon","subcategoria":"Velas","precio":860.06,"destacado":false,"descripcion":"","imagen":"assets/products/CA-779903200354.webp","tags":["velon","para","cumpleaños","celeste","9cm","iluminarte","x10"]},{"id":"CA-779903200355","nombre":"VELON PARA CUMPLEAÑOS FUCSIA 9cm ILUMINARTE x10","categoria":"Cotillon","subcategoria":"Velas","precio":860.06,"destacado":false,"descripcion":"","imagen":"assets/products/CA-779903200355.webp","tags":["velon","para","cumpleaños","fucsia","9cm","iluminarte","x10"]},{"id":"CA-779903200516","nombre":"VELON PARA CUMPLEAÑOS ROSA 9cm ILUMINARTE x10","categoria":"Cotillon","subcategoria":"Velas","precio":860.06,"destacado":false,"descripcion":"","imagen":"assets/products/CA-779903200516.webp","tags":["velon","para","cumpleaños","rosa","9cm","iluminarte","x10"]},{"id":"CA-779806779164","nombre":"VELON PERLADO GRUESO AZUL 13cm  x6 ART.2267","categoria":"Cotillon","subcategoria":"Velas","precio":3285.36,"destacado":false,"descripcion":"","imagen":"assets/products/CA-779806779164.webp","tags":["velon","perlado","grueso","azul","13cm","art","2267"]},{"id":"CA-779806779161","nombre":"VELON PERLADO GRUESO BLANCO 13cm  x6 ART.2267","categoria":"Cotillon","subcategoria":"Velas","precio":3285.36,"destacado":false,"descripcion":"","imagen":"assets/products/CA-779806779161.webp","tags":["velon","perlado","grueso","blanco","13cm","art","2267"]},{"id":"CA-779806779163","nombre":"VELON PERLADO GRUESO CELESTE 13cm x6  ART.2267","categoria":"Cotillon","subcategoria":"Velas","precio":3285.36,"destacado":false,"descripcion":"","imagen":"assets/products/CA-779806779163.webp","tags":["velon","perlado","grueso","celeste","13cm","art","2267"]},{"id":"CA-779806779168","nombre":"VELON PERLADO GRUESO DORADO 13cm x6  ART.2267","categoria":"Cotillon","subcategoria":"Velas","precio":3285.36,"destacado":false,"descripcion":"","imagen":"assets/products/CA-779806779168.webp","tags":["velon","perlado","grueso","dorado","13cm","art","2267"]},{"id":"CA-779806779171","nombre":"VELON PERLADO GRUESO FUCSIA 13cm  x6 ART.2267","categoria":"Cotillon","subcategoria":"Velas","precio":3285.36,"destacado":false,"descripcion":"","imagen":"assets/products/CA-779806779171.webp","tags":["velon","perlado","grueso","fucsia","13cm","art","2267"]},{"id":"CA-779806779166","nombre":"VELON PERLADO GRUESO LILA 13cm x6  ART.2267","categoria":"Cotillon","subcategoria":"Velas","precio":3285.36,"destacado":false,"descripcion":"","imagen":"assets/products/CA-779806779166.webp","tags":["velon","perlado","grueso","lila","13cm","art","2267"]},{"id":"CA-779806779182","nombre":"VELON PERLADO GRUESO NEGRO 13cm x6  ART.2267","categoria":"Cotillon","subcategoria":"Velas","precio":3285.36,"destacado":false,"descripcion":"","imagen":"assets/products/CA-779806779182.webp","tags":["velon","perlado","grueso","negro","13cm","art","2267"]},{"id":"CA-779806779169","nombre":"VELON PERLADO GRUESO PLATEADO 13cm x6  ART.2267","categoria":"Cotillon","subcategoria":"Velas","precio":3285.36,"destacado":false,"descripcion":"","imagen":"assets/products/CA-779806779169.webp","tags":["velon","perlado","grueso","plateado","13cm","art","2267"]},{"id":"CA-779806779172","nombre":"VELON PERLADO GRUESO ROJO 13cm  x6 ART.2267","categoria":"Cotillon","subcategoria":"Velas","precio":3285.36,"destacado":false,"descripcion":"","imagen":"assets/products/CA-779806779172.webp","tags":["velon","perlado","grueso","rojo","13cm","art","2267"]},{"id":"CA-779806779162","nombre":"VELON PERLADO GRUESO ROSA 13cm  x6 ART.2267","categoria":"Cotillon","subcategoria":"Velas","precio":3285.36,"destacado":false,"descripcion":"","imagen":"assets/products/CA-779806779162.webp","tags":["velon","perlado","grueso","rosa","13cm","art","2267"]},{"id":"CA-779806779516","nombre":"VELON PERLADO GRUESO ROSA GOLD 13cm  x6  ART.2267","categoria":"Cotillon","subcategoria":"Velas","precio":3285.36,"destacado":false,"descripcion":"","imagen":"assets/products/CA-779806779516.webp","tags":["velon","perlado","grueso","rosa","gold","13cm","art","2267"]},{"id":"CA-779806779165","nombre":"VELON PERLADO GRUESO SALMON 13cm  x6  ART.2267","categoria":"Cotillon","subcategoria":"Velas","precio":3285.36,"destacado":false,"descripcion":"","imagen":"assets/products/CA-779806779165.webp","tags":["velon","perlado","grueso","salmon","13cm","art","2267"]},{"id":"CA-779806779176","nombre":"VELON PERLADO GRUESO VERDE AGUA 13cm  x6 ART.2267","categoria":"Cotillon","subcategoria":"Velas","precio":3285.36,"destacado":false,"descripcion":"","imagen":"assets/products/CA-779806779176.webp","tags":["velon","perlado","grueso","verde","agua","13cm","art","2267"]},{"id":"CA-779806779167","nombre":"VELON PERLADO GRUESO VIOLETA 13cm  x6 ART.2267","categoria":"Cotillon","subcategoria":"Velas","precio":3285.36,"destacado":false,"descripcion":"","imagen":"assets/products/CA-779806779167.webp","tags":["velon","perlado","grueso","violeta","13cm","art","2267"]},{"id":"CA-000000047846","nombre":"VELON PINCHE CON GIBRE AZUL 18cm DORYPLAST x6","categoria":"Cotillon","subcategoria":"Velas","precio":1522.8,"destacado":false,"descripcion":"","imagen":"assets/products/CA-000000047846.webp","tags":["velon","pinche","con","gibre","azul","18cm","doryplast"]},{"id":"CA-000000047837","nombre":"VELON PINCHE CON GIBRE BLANCO 18cm DORYPLAST x6","categoria":"Cotillon","subcategoria":"Velas","precio":1522.8,"destacado":false,"descripcion":"","imagen":"assets/products/CA-000000047837.webp","tags":["velon","pinche","con","gibre","blanco","18cm","doryplast"]},{"id":"CA-000000047839","nombre":"VELON PINCHE CON GIBRE CELESTE 18cm DORYPLAST x6","categoria":"Cotillon","subcategoria":"Velas","precio":1522.8,"destacado":false,"descripcion":"","imagen":"assets/products/CA-000000047839.webp","tags":["velon","pinche","con","gibre","celeste","18cm","doryplast"]},{"id":"CA-000000047840","nombre":"VELON PINCHE CON GIBRE DORADO 18cm DORYPLAST x6","categoria":"Cotillon","subcategoria":"Velas","precio":1522.8,"destacado":false,"descripcion":"","imagen":"assets/products/CA-000000047840.webp","tags":["velon","pinche","con","gibre","dorado","18cm","doryplast"]},{"id":"CA-000000047841","nombre":"VELON PINCHE CON GIBRE FUCSIA 18cm DORYPLAST x6","categoria":"Cotillon","subcategoria":"Velas","precio":1522.8,"destacado":false,"descripcion":"","imagen":"assets/products/CA-000000047841.webp","tags":["velon","pinche","con","gibre","fucsia","18cm","doryplast"]},{"id":"CA-000000057998","nombre":"VELON PINCHE CON GIBRE LILA PASTEL 18cm DORYPLAST x6","categoria":"Cotillon","subcategoria":"Velas","precio":1522.8,"destacado":false,"descripcion":"","imagen":"assets/products/CA-000000057998.webp","tags":["velon","pinche","con","gibre","lila","pastel","18cm","doryplast"]},{"id":"CA-000000047842","nombre":"VELON PINCHE CON GIBRE NEGRO 18cm DORYPLAST  x6","categoria":"Cotillon","subcategoria":"Velas","precio":1522.8,"destacado":false,"descripcion":"","imagen":"assets/products/CA-000000047842.webp","tags":["velon","pinche","con","gibre","negro","18cm","doryplast"]},{"id":"CA-000000047843","nombre":"VELON PINCHE CON GIBRE PLATEADO 18cm DORYPLAST x6","categoria":"Cotillon","subcategoria":"Velas","precio":1522.8,"destacado":false,"descripcion":"","imagen":"assets/products/CA-000000047843.webp","tags":["velon","pinche","con","gibre","plateado","18cm","doryplast"]},{"id":"CA-000000050668","nombre":"VELON PINCHE CON GIBRE ROJO 18cm DORYPLAST x6","categoria":"Cotillon","subcategoria":"Velas","precio":1522.8,"destacado":false,"descripcion":"","imagen":"assets/products/CA-000000050668.webp","tags":["velon","pinche","con","gibre","rojo","18cm","doryplast"]},{"id":"CA-000000047845","nombre":"VELON PINCHE CON GIBRE ROSA 18cm DORYPLAST x6","categoria":"Cotillon","subcategoria":"Velas","precio":1522.8,"destacado":false,"descripcion":"","imagen":"assets/products/CA-000000047845.webp","tags":["velon","pinche","con","gibre","rosa","18cm","doryplast"]},{"id":"CA-000000057523","nombre":"VELON PINCHE CON GIBRE ROSA GOLD 18cm DORYPLAST x6","categoria":"Cotillon","subcategoria":"Velas","precio":1522.8,"destacado":false,"descripcion":"","imagen":"assets/products/CA-000000057523.webp","tags":["velon","pinche","con","gibre","rosa","gold","18cm","doryplast"]},{"id":"CA-000000057997","nombre":"VELON PINCHE CON GIBRE ROSA PASTEL 18cm DORYPLAST x6","categoria":"Cotillon","subcategoria":"Velas","precio":1522.8,"destacado":false,"descripcion":"","imagen":"assets/products/CA-000000057997.webp","tags":["velon","pinche","con","gibre","rosa","pastel","18cm","doryplast"]},{"id":"CA-000000057999","nombre":"VELON PINCHE CON GIBRE SALMON 18cm DORYPLAST x6","categoria":"Cotillon","subcategoria":"Velas","precio":1522.8,"destacado":false,"descripcion":"","imagen":"assets/products/CA-000000057999.webp","tags":["velon","pinche","con","gibre","salmon","18cm","doryplast"]},{"id":"CA-000000057526","nombre":"VELON PINCHE CON GIBRE TURQUEZA 18cm DORYPLAST x6","categoria":"Cotillon","subcategoria":"Velas","precio":1522.8,"destacado":false,"descripcion":"","imagen":"assets/products/CA-000000057526.webp","tags":["velon","pinche","con","gibre","turqueza","18cm","doryplast"]},{"id":"CA-000000050651","nombre":"VELON PINCHE CON GIBRE VERDE 18cm DORYPLAST x6","categoria":"Cotillon","subcategoria":"Velas","precio":1522.8,"destacado":false,"descripcion":"","imagen":"assets/products/CA-000000050651.webp","tags":["velon","pinche","con","gibre","verde","18cm","doryplast"]}]}