{"category_slug":"cotillon","subcategory_slug":"velas","page":16,"page_size":48,"total":820,"items":[{"id":"CA-779806779276","nombre":"VELA PERLADA 15cm VIOLETA  x10 ART.2322","categoria":"Cotillon","subcategoria":"Velas","precio":3433.36,"destacado":false,"descripcion":"","imagen":"assets/products/CA-779806779276.webp","tags":["vela","perlada","15cm","violeta","x10","art","2322"]},{"id":"CA-779806779142","nombre":"VELA PERLADA 20cm AZUL x10  ART.2268","categoria":"Cotillon","subcategoria":"Velas","precio":5558.69,"destacado":false,"descripcion":"","imagen":"assets/products/CA-779806779142.webp","tags":["vela","perlada","20cm","azul","x10","art","2268"]},{"id":"CA-779806779139","nombre":"VELA PERLADA 20cm BLANCO  x10 ART.2268","categoria":"Cotillon","subcategoria":"Velas","precio":5558.69,"destacado":false,"descripcion":"","imagen":"assets/products/CA-779806779139.webp","tags":["vela","perlada","20cm","blanco","x10","art","2268"]},{"id":"CA-779806779141","nombre":"VELA PERLADA 20cm CELESTE x10  ART.2268","categoria":"Cotillon","subcategoria":"Velas","precio":5558.69,"destacado":false,"descripcion":"","imagen":"assets/products/CA-779806779141.webp","tags":["vela","perlada","20cm","celeste","x10","art","2268"]},{"id":"CA-779806779146","nombre":"VELA PERLADA 20cm DORADA  x10 ART.2268","categoria":"Cotillon","subcategoria":"Velas","precio":5558.69,"destacado":false,"descripcion":"","imagen":"assets/products/CA-779806779146.webp","tags":["vela","perlada","20cm","dorada","x10","art","2268"]},{"id":"CA-779806779149","nombre":"VELA PERLADA 20cm FUCSIA  x10 ART.2268","categoria":"Cotillon","subcategoria":"Velas","precio":5558.69,"destacado":false,"descripcion":"","imagen":"assets/products/CA-779806779149.webp","tags":["vela","perlada","20cm","fucsia","x10","art","2268"]},{"id":"CA-779806779144","nombre":"VELA PERLADA 20cm LILA x10  ART.2268","categoria":"Cotillon","subcategoria":"Velas","precio":5558.69,"destacado":false,"descripcion":"","imagen":"assets/products/CA-779806779144.webp","tags":["vela","perlada","20cm","lila","x10","art","2268"]},{"id":"CA-779806779160","nombre":"VELA PERLADA 20cm NEGRO x10  ART.2268","categoria":"Cotillon","subcategoria":"Velas","precio":5558.69,"destacado":false,"descripcion":"","imagen":"assets/products/CA-779806779160.webp","tags":["vela","perlada","20cm","negro","x10","art","2268"]},{"id":"CA-779806779147","nombre":"VELA PERLADA 20cm PLATEADA x10  ART.2268","categoria":"Cotillon","subcategoria":"Velas","precio":5558.69,"destacado":false,"descripcion":"","imagen":"assets/products/CA-779806779147.webp","tags":["vela","perlada","20cm","plateada","x10","art","2268"]},{"id":"CA-779806779150","nombre":"VELA PERLADA 20cm ROJO x10  ART.2268","categoria":"Cotillon","subcategoria":"Velas","precio":5558.69,"destacado":false,"descripcion":"","imagen":"assets/products/CA-779806779150.webp","tags":["vela","perlada","20cm","rojo","x10","art","2268"]},{"id":"CA-779806779517","nombre":"VELA PERLADA 20cm ROSA GOLD x10 ART.2268","categoria":"Cotillon","subcategoria":"Velas","precio":5558.69,"destacado":false,"descripcion":"","imagen":"assets/products/CA-779806779517.webp","tags":["vela","perlada","20cm","rosa","gold","x10","art","2268"]},{"id":"CA-779806779140","nombre":"VELA PERLADA 20cm ROSA x10  ART.2268","categoria":"Cotillon","subcategoria":"Velas","precio":5558.69,"destacado":false,"descripcion":"","imagen":"assets/products/CA-779806779140.webp","tags":["vela","perlada","20cm","rosa","x10","art","2268"]},{"id":"CA-779806779143","nombre":"VELA PERLADA 20cm SALMON  x10 ART 2268","categoria":"Cotillon","subcategoria":"Velas","precio":5558.69,"destacado":false,"descripcion":"","imagen":"assets/products/CA-779806779143.webp","tags":["vela","perlada","20cm","salmon","x10","art","2268"]},{"id":"CA-779806779151","nombre":"VELA PERLADA 20cm TURQUESA  x10 ART.2268","categoria":"Cotillon","subcategoria":"Velas","precio":5558.69,"destacado":false,"descripcion":"","imagen":"assets/products/CA-779806779151.webp","tags":["vela","perlada","20cm","turquesa","x10","art","2268"]},{"id":"CA-779806779154","nombre":"VELA PERLADA 20cm VERDE AGUA x10  ART.2268","categoria":"Cotillon","subcategoria":"Velas","precio":5558.69,"destacado":false,"descripcion":"","imagen":"assets/products/CA-779806779154.webp","tags":["vela","perlada","20cm","verde","agua","x10","art","2268"]},{"id":"CA-779806779145","nombre":"VELA PERLADA 20cm VIOLETA  x10 ART.2268","categoria":"Cotillon","subcategoria":"Velas","precio":5558.69,"destacado":false,"descripcion":"","imagen":"assets/products/CA-779806779145.webp","tags":["vela","perlada","20cm","violeta","x10","art","2268"]},{"id":"CA-685624345761","nombre":"VELA PINCHE ANIMALITOS 16cm x1 1492-5","categoria":"Cotillon","subcategoria":"Velas","precio":615.85,"destacado":false,"descripcion":"","imagen":"assets/products/CA-685624345761.webp","tags":["vela","pinche","animalitos","16cm","1492"]},{"id":"CA-344039028801","nombre":"VELA PINCHE BOTIN CON PELOTA 16cm x1 1481-5","categoria":"Cotillon","subcategoria":"Velas","precio":1763.67,"destacado":false,"descripcion":"","imagen":"assets/products/CA-344039028801.webp","tags":["vela","pinche","botin","con","pelota","16cm","1481"]},{"id":"CA-000000044052","nombre":"VELA PINCHE CON BRILLO CAMISETA DE BOCA 18cm x2","categoria":"Cotillon","subcategoria":"Velas","precio":1875.0,"destacado":false,"descripcion":"","imagen":"assets/products/CA-000000044052.webp","tags":["vela","pinche","con","brillo","camiseta","boca","18cm"]},{"id":"CA-000000044053","nombre":"VELA PINCHE CON BRILLO CAMISETA DE RIVER 18cm x2","categoria":"Cotillon","subcategoria":"Velas","precio":1875.0,"destacado":false,"descripcion":"","imagen":"assets/products/CA-000000044053.webp","tags":["vela","pinche","con","brillo","camiseta","river","18cm"]},{"id":"CA-000000057545","nombre":"VELA PINCHE CON BRILLO CAPIBARA 17cm x2","categoria":"Cotillon","subcategoria":"Velas","precio":1875.0,"destacado":false,"descripcion":"","imagen":"assets/products/CA-000000057545.webp","tags":["vela","pinche","con","brillo","capibara","17cm"]},{"id":"CA-000000044057","nombre":"VELA PINCHE CON BRILLO ESCUDO DE BOCA 18cm x2","categoria":"Cotillon","subcategoria":"Velas","precio":1875.0,"destacado":false,"descripcion":"","imagen":"assets/products/CA-000000044057.webp","tags":["vela","pinche","con","brillo","escudo","boca","18cm"]},{"id":"CA-000000044058","nombre":"VELA PINCHE CON BRILLO ESCUDO DE RIVER 18cm x2","categoria":"Cotillon","subcategoria":"Velas","precio":1875.0,"destacado":false,"descripcion":"","imagen":"assets/products/CA-000000044058.webp","tags":["vela","pinche","con","brillo","escudo","river","18cm"]},{"id":"CA-000000051951","nombre":"VELA PINCHE CON BRILLO HELLO KITTY 17cm x2","categoria":"Cotillon","subcategoria":"Velas","precio":1875.0,"destacado":false,"descripcion":"","imagen":"assets/products/CA-000000051951.webp","tags":["vela","pinche","con","brillo","hello","kitty","17cm"]},{"id":"CA-000000051953","nombre":"VELA PINCHE CON BRILLO HOMBRE ARAÑA 17cm x2","categoria":"Cotillon","subcategoria":"Velas","precio":1875.0,"destacado":false,"descripcion":"","imagen":"assets/products/CA-000000051953.webp","tags":["vela","pinche","con","brillo","hombre","araña","17cm"]},{"id":"CA-000000049158","nombre":"VELA PINCHE CON BRILLO PELOTA DE FUTBOL x2","categoria":"Cotillon","subcategoria":"Velas","precio":1875.0,"destacado":false,"descripcion":"","imagen":"assets/products/CA-000000049158.webp","tags":["vela","pinche","con","brillo","pelota","futbol"]},{"id":"CA-202308988113","nombre":"VELA PINCHE CON ONDAS METALIZADA AZUL 6u. ART.89881AZ","categoria":"Cotillon","subcategoria":"Velas","precio":701.19,"destacado":false,"descripcion":"","imagen":"assets/products/CA-202308988113.webp","tags":["vela","pinche","con","ondas","metalizada","azul","art","89881az"]},{"id":"CA-202308988133","nombre":"VELA PINCHE CON ONDAS METALIZADA DORADA 6u.ART.89881DR","categoria":"Cotillon","subcategoria":"Velas","precio":701.19,"destacado":false,"descripcion":"","imagen":"assets/products/CA-202308988133.webp","tags":["vela","pinche","con","ondas","metalizada","dorada","art","89881dr"]},{"id":"CA-202308988153","nombre":"VELA PINCHE CON ONDAS METALIZADA PLATEADA 6u.ART.89881PL","categoria":"Cotillon","subcategoria":"Velas","precio":701.19,"destacado":false,"descripcion":"","imagen":"assets/products/CA-202308988153.webp","tags":["vela","pinche","con","ondas","metalizada","plateada","art","89881pl"]},{"id":"CA-202308988143","nombre":"VELA PINCHE CON ONDAS METALIZADA ROJA 6u. ART.89881RJ","categoria":"Cotillon","subcategoria":"Velas","precio":701.19,"destacado":false,"descripcion":"","imagen":"assets/products/CA-202308988143.webp","tags":["vela","pinche","con","ondas","metalizada","roja","art","89881rj"]},{"id":"CA-202308988123","nombre":"VELA PINCHE CON ONDAS METALIZADA ROSA GOLD 6u. ART.89881RG","categoria":"Cotillon","subcategoria":"Velas","precio":701.19,"destacado":false,"descripcion":"","imagen":"assets/products/CA-202308988123.webp","tags":["vela","pinche","con","ondas","metalizada","rosa","gold","art","89881rg"]},{"id":"CA-202308988161","nombre":"VELA PINCHE CON ONDAS METALIZADA SURTIDA 6u.ART. 89881SM","categoria":"Cotillon","subcategoria":"Velas","precio":701.19,"destacado":false,"descripcion":"","imagen":"assets/products/CA-202308988161.webp","tags":["vela","pinche","con","ondas","metalizada","surtida","art","89881sm"]},{"id":"CA-202308988163","nombre":"VELA PINCHE CON ONDAS METALIZADA SURTIDA 6u.ART.89881SM","categoria":"Cotillon","subcategoria":"Velas","precio":701.19,"destacado":false,"descripcion":"","imagen":"assets/products/CA-202308988163.webp","tags":["vela","pinche","con","ondas","metalizada","surtida","art","89881sm"]},{"id":"CA-202308988173","nombre":"VELA PINCHE CON ONDAS PASTEL SURTIDA 6u. ART.89881SP","categoria":"Cotillon","subcategoria":"Velas","precio":701.19,"destacado":false,"descripcion":"","imagen":"assets/products/CA-202308988173.webp","tags":["vela","pinche","con","ondas","pastel","surtida","art","89881sp"]},{"id":"CA-000000021038","nombre":"VELAS SURTIDAS PARA REPARAR OFERTA","categoria":"Cotillon","subcategoria":"Velas","precio":500.0,"destacado":false,"descripcion":"","imagen":"assets/products/CA-000000021038.webp","tags":["velas","surtidas","para","reparar","oferta"]},{"id":"CA-379000201102","nombre":"VELITAS LUZ LED BLANCA CALIDA 3.5x4cm x24 201102","categoria":"Cotillon","subcategoria":"Velas","precio":8495.55,"destacado":false,"descripcion":"NUEVO 09/12/2025","imagen":"assets/products/CA-379000201102.webp","tags":["velitas","luz","led","blanca","calida","5x4cm","x24","201102"]},{"id":"CA-379000201104","nombre":"VELITAS LUZ LED BLANCA CALIDA 4x4cm x24 201104","categoria":"Cotillon","subcategoria":"Velas","precio":9440.55,"destacado":false,"descripcion":"NUEVO 09/12/2025","imagen":"assets/products/CA-379000201104.webp","tags":["velitas","luz","led","blanca","calida","4x4cm","x24","201104"]},{"id":"CA-379000201103","nombre":"VELITAS LUZ LED BLANCA FRIA 3.5x40cm x24 201103","categoria":"Cotillon","subcategoria":"Velas","precio":8495.55,"destacado":false,"descripcion":"NUEVO 09/12/2025","imagen":"assets/products/CA-379000201103.webp","tags":["velitas","luz","led","blanca","fria","5x40cm","x24","201103"]},{"id":"CA-379000201105","nombre":"VELITAS LUZ LED BLANCA FRIA 4x4cm x24 201105","categoria":"Cotillon","subcategoria":"Velas","precio":9440.55,"destacado":false,"descripcion":"NUEVO 09/12/2025","imagen":"assets/products/CA-379000201105.webp","tags":["velitas","luz","led","blanca","fria","4x4cm","x24","201105"]},{"id":"CA-779806779294","nombre":"VELON BICHITO DE LUZ PERLADO AZUL 13cm x1 ART 2317","categoria":"Cotillon","subcategoria":"Velas","precio":975.52,"destacado":false,"descripcion":"","imagen":"assets/products/CA-779806779294.webp","tags":["velon","bichito","luz","perlado","azul","13cm","art","2317"]},{"id":"CA-779806779291","nombre":"VELON BICHITO DE LUZ PERLADO BLANCO 13cm x1 ART 2317","categoria":"Cotillon","subcategoria":"Velas","precio":975.52,"destacado":false,"descripcion":"","imagen":"assets/products/CA-779806779291.webp","tags":["velon","bichito","luz","perlado","blanco","13cm","art","2317"]},{"id":"CA-779806779293","nombre":"VELON BICHITO DE LUZ PERLADO CELESTE 13cm x1 ART 2317","categoria":"Cotillon","subcategoria":"Velas","precio":975.52,"destacado":false,"descripcion":"","imagen":"assets/products/CA-779806779293.webp","tags":["velon","bichito","luz","perlado","celeste","13cm","art","2317"]},{"id":"CA-779806779298","nombre":"VELON BICHITO DE LUZ PERLADO DORADO 13cm  x1 ART 2317","categoria":"Cotillon","subcategoria":"Velas","precio":975.52,"destacado":false,"descripcion":"","imagen":"assets/products/CA-779806779298.webp","tags":["velon","bichito","luz","perlado","dorado","13cm","art","2317"]},{"id":"CA-779806779301","nombre":"VELON BICHITO DE LUZ PERLADO FUCSIA 13cm x1  ART 2317","categoria":"Cotillon","subcategoria":"Velas","precio":975.52,"destacado":false,"descripcion":"","imagen":"assets/products/CA-779806779301.webp","tags":["velon","bichito","luz","perlado","fucsia","13cm","art","2317"]},{"id":"CA-779806779296","nombre":"VELON BICHITO DE LUZ PERLADO LILA 13cm x1 ART 2317","categoria":"Cotillon","subcategoria":"Velas","precio":975.52,"destacado":false,"descripcion":"","imagen":"assets/products/CA-779806779296.webp","tags":["velon","bichito","luz","perlado","lila","13cm","art","2317"]},{"id":"CA-779806779311","nombre":"VELON BICHITO DE LUZ PERLADO NEGRO 13cm x1 ART 2317","categoria":"Cotillon","subcategoria":"Velas","precio":975.52,"destacado":false,"descripcion":"","imagen":"assets/products/CA-779806779311.webp","tags":["velon","bichito","luz","perlado","negro","13cm","art","2317"]},{"id":"CA-779806779299","nombre":"VELON BICHITO DE LUZ PERLADO PLATEADO 13cm x1 ART 2317","categoria":"Cotillon","subcategoria":"Velas","precio":975.52,"destacado":false,"descripcion":"","imagen":"assets/products/CA-779806779299.webp","tags":["velon","bichito","luz","perlado","plateado","13cm","art","2317"]},{"id":"CA-779806779302","nombre":"VELON BICHITO DE LUZ PERLADO ROJO 13cm x1 ART.2317","categoria":"Cotillon","subcategoria":"Velas","precio":975.52,"destacado":false,"descripcion":"","imagen":"assets/products/CA-779806779302.webp","tags":["velon","bichito","luz","perlado","rojo","13cm","art","2317"]}]}