{"category_slug":"cotillon","subcategory_slug":"banderines_cortinas_afiches_colgantes","page":7,"page_size":48,"total":293,"items":[{"id":"CA-000000026559","nombre":"TIRA FRASE FELIZ CUMPLEAÑOS HOLOGRAFICA PLATEADA x5 (82)","categoria":"Cotillon","subcategoria":"Banderines/Cortinas/Afiches/Colgantes","precio":2267.11,"destacado":false,"descripcion":"","imagen":"assets/products/CA-000000026559.webp","tags":["tira","frase","feliz","cumpleaños","holografica","plateada"]},{"id":"CA-000000032329","nombre":"TIRA GOMA EVA C/BRILLO  FELIZ CUMPLE BOCA x1","categoria":"Cotillon","subcategoria":"Banderines/Cortinas/Afiches/Colgantes","precio":3230.55,"destacado":false,"descripcion":"* (16/12/2025)","imagen":"assets/products/CA-000000032329.webp","tags":["tira","goma","eva","brillo","feliz","cumple","boca"]},{"id":"CA-000000040072","nombre":"TIRA GOMA EVA C/BRILLO BABY SHOWER ROSA  x1","categoria":"Cotillon","subcategoria":"Banderines/Cortinas/Afiches/Colgantes","precio":3484.35,"destacado":false,"descripcion":"* (16/12/2025)","imagen":"assets/products/CA-000000040072.webp","tags":["tira","goma","eva","brillo","baby","shower","rosa"]},{"id":"CA-000000048903","nombre":"TIRA GOMA EVA C/BRILLO FELIZ CUMPLE ARGENTINA CAMPEONx1","categoria":"Cotillon","subcategoria":"Banderines/Cortinas/Afiches/Colgantes","precio":3230.55,"destacado":false,"descripcion":"* (16/12/2025)","imagen":"assets/products/CA-000000048903.webp","tags":["tira","goma","eva","brillo","feliz","cumple","argentina","campeonx1"]},{"id":"CA-000000040070","nombre":"TIRA GOMA EVA C/BRILLO GLOBITOS FELIZ CUMPLE x1","categoria":"Cotillon","subcategoria":"Banderines/Cortinas/Afiches/Colgantes","precio":3005.1,"destacado":false,"descripcion":"* (16/12/2025)","imagen":"assets/products/CA-000000040070.webp","tags":["tira","goma","eva","brillo","globitos","feliz","cumple"]}]}