{"category_slug":"cotillon","subcategory_slug":"banderines_cortinas_afiches_colgantes","page":4,"page_size":48,"total":293,"items":[{"id":"CA-609819417171","nombre":"BANDERIN PARTY TIME TRIANGULAR METALIZADO DORADO x1  71716","categoria":"Cotillon","subcategoria":"Banderines/Cortinas/Afiches/Colgantes","precio":849.38,"destacado":false,"descripcion":"","imagen":"assets/products/CA-609819417171.webp","tags":["banderin","party","time","triangular","metalizado","dorado","71716"]},{"id":"CA-609819417172","nombre":"BANDERIN PARTY TIME TRIANGULAR METALIZADO PLATEADO x1  71723","categoria":"Cotillon","subcategoria":"Banderines/Cortinas/Afiches/Colgantes","precio":849.38,"destacado":false,"descripcion":"","imagen":"assets/products/CA-609819417172.webp","tags":["banderin","party","time","triangular","metalizado","plateado","71723"]},{"id":"CA-609819417170","nombre":"BANDERIN PARTY TIME TRIANGULAR METALIZADO ROSA GOLD x1  71709","categoria":"Cotillon","subcategoria":"Banderines/Cortinas/Afiches/Colgantes","precio":849.38,"destacado":false,"descripcion":"","imagen":"assets/products/CA-609819417170.webp","tags":["banderin","party","time","triangular","metalizado","rosa","gold","71709"]},{"id":"CA-609819417179","nombre":"BANDERIN PARTY TIME TRIANGULAR ZIG-ZAG DORADO x1  71792","categoria":"Cotillon","subcategoria":"Banderines/Cortinas/Afiches/Colgantes","precio":849.38,"destacado":false,"descripcion":"","imagen":"assets/products/CA-609819417179.webp","tags":["banderin","party","time","triangular","zig","zag","dorado","71792"]},{"id":"CA-609819417180","nombre":"BANDERIN PARTY TIME TRIANGULAR ZIG-ZAG PLATEADO x1  71808","categoria":"Cotillon","subcategoria":"Banderines/Cortinas/Afiches/Colgantes","precio":849.38,"destacado":false,"descripcion":"","imagen":"assets/products/CA-609819417180.webp","tags":["banderin","party","time","triangular","zig","zag","plateado","71808"]},{"id":"CA-609819417178","nombre":"BANDERIN PARTY TIME TRIANGULAR ZIG-ZAG ROSA GOLD x1  71785","categoria":"Cotillon","subcategoria":"Banderines/Cortinas/Afiches/Colgantes","precio":849.38,"destacado":false,"descripcion":"","imagen":"assets/products/CA-609819417178.webp","tags":["banderin","party","time","triangular","zig","zag","rosa","gold","71785"]},{"id":"CA-779812603043","nombre":"BANDERIN PLASTICO FLOR CALADA MEXICANO x1 IMAGEN","categoria":"Cotillon","subcategoria":"Banderines/Cortinas/Afiches/Colgantes","precio":1404.0,"destacado":false,"descripcion":"","imagen":"assets/products/CA-779812603043.webp","tags":["banderin","plastico","flor","calada","mexicano","imagen"]},{"id":"CA-779812603999","nombre":"BANDERIN PLASTICO TRIANGULAR  LISO BOCA x1","categoria":"Cotillon","subcategoria":"Banderines/Cortinas/Afiches/Colgantes","precio":1090.8,"destacado":false,"descripcion":"","imagen":"assets/products/CA-779812603999.webp","tags":["banderin","plastico","triangular","liso","boca"]},{"id":"CA-779812603073","nombre":"BANDERIN PLASTICO TRIANGULAR  LISO FLUO x1","categoria":"Cotillon","subcategoria":"Banderines/Cortinas/Afiches/Colgantes","precio":1134.0,"destacado":false,"descripcion":"","imagen":"assets/products/CA-779812603073.webp","tags":["banderin","plastico","triangular","liso","fluo"]},{"id":"CA-779812603991","nombre":"BANDERIN PLASTICO TRIANGULAR  LISO MULTICOLOR PASTEL x1","categoria":"Cotillon","subcategoria":"Banderines/Cortinas/Afiches/Colgantes","precio":1090.8,"destacado":false,"descripcion":"","imagen":"assets/products/CA-779812603991.webp","tags":["banderin","plastico","triangular","liso","multicolor","pastel"]},{"id":"CA-779812603112","nombre":"BANDERIN PLASTICO TRIANGULAR  LISO MULTICOLOR x1","categoria":"Cotillon","subcategoria":"Banderines/Cortinas/Afiches/Colgantes","precio":1090.8,"destacado":false,"descripcion":"","imagen":"assets/products/CA-779812603112.webp","tags":["banderin","plastico","triangular","liso","multicolor"]},{"id":"CA-779812603998","nombre":"BANDERIN PLASTICO TRIANGULAR  LISO RIVER  x1","categoria":"Cotillon","subcategoria":"Banderines/Cortinas/Afiches/Colgantes","precio":1090.8,"destacado":false,"descripcion":"","imagen":"assets/products/CA-779812603998.webp","tags":["banderin","plastico","triangular","liso","river"]},{"id":"CA-779227301135","nombre":"BANDERIN SAN PATRICIO ART.135 x1u.RONDINELLA","categoria":"Cotillon","subcategoria":"Banderines/Cortinas/Afiches/Colgantes","precio":947.82,"destacado":false,"descripcion":"","imagen":"assets/products/CA-779227301135.webp","tags":["banderin","san","patricio","art","135","x1u","rondinella"]},{"id":"CA-692509236046","nombre":"BANDERIN TE AMO GOLD x1 GY-6046","categoria":"Cotillon","subcategoria":"Banderines/Cortinas/Afiches/Colgantes","precio":1209.0,"destacado":false,"descripcion":"NUEVO 18/12/2025","imagen":"assets/products/CA-692509236046.webp","tags":["banderin","amo","gold","6046"]},{"id":"CA-000000041096","nombre":"BANDERIN TRIANGULAR DOBLE FAZ HOLOGRAFICO METALIZADO/GLITER DORADO x1 art. (401)","categoria":"Cotillon","subcategoria":"Banderines/Cortinas/Afiches/Colgantes","precio":739.41,"destacado":false,"descripcion":"","imagen":"assets/products/CA-000000041096.webp","tags":["banderin","triangular","doble","faz","holografico","metalizado","gliter","dorado","art","401"]},{"id":"CA-000000040920","nombre":"BANDERIN TRIANGULAR DOBLE FAZ HOLOGRAFICO METALIZADO/GLITER PLATEADO  x1 art.(401)","categoria":"Cotillon","subcategoria":"Banderines/Cortinas/Afiches/Colgantes","precio":739.41,"destacado":false,"descripcion":"","imagen":"assets/products/CA-000000040920.webp","tags":["banderin","triangular","doble","faz","holografico","metalizado","gliter","plateado","art","401"]},{"id":"CA-779905100893","nombre":"BANDERIN TRIANGULAR MULTICOLOR GM x1 3344-15","categoria":"Cotillon","subcategoria":"Banderines/Cortinas/Afiches/Colgantes","precio":733.97,"destacado":false,"descripcion":"","imagen":"assets/products/CA-779905100893.webp","tags":["banderin","triangular","multicolor","3344"]},{"id":"CA-779905100894","nombre":"BANDERIN TRIANGULAR MULTICOLOR PASTEL GM x1 3344-16","categoria":"Cotillon","subcategoria":"Banderines/Cortinas/Afiches/Colgantes","precio":733.97,"destacado":false,"descripcion":"","imagen":"assets/products/CA-779905100894.webp","tags":["banderin","triangular","multicolor","pastel","3344"]},{"id":"CA-000000057365","nombre":"CARTEL DE GOMA EVA CON BRILLO FELIZ PRIMAVERA FLORES  X1 ART.15","categoria":"Cotillon","subcategoria":"Banderines/Cortinas/Afiches/Colgantes","precio":3105.0,"destacado":false,"descripcion":"","imagen":"assets/products/CA-000000057365.webp","tags":["cartel","goma","eva","con","brillo","feliz","primavera","flores","art"]},{"id":"CA-000000049895","nombre":"CARTEL DE GOMA EVA CON BRILLO FRASE FELIZ PRIMAVERA CON APLIQUES X1 ART.21","categoria":"Cotillon","subcategoria":"Banderines/Cortinas/Afiches/Colgantes","precio":3105.0,"destacado":false,"descripcion":"","imagen":"assets/products/CA-000000049895.webp","tags":["cartel","goma","eva","con","brillo","frase","feliz","primavera","con","apliques","art"]},{"id":"CA-000000057366","nombre":"CARTEL DE GOMA EVA CON BRILLO FRASE HOLA PRIMAVERA CON APLIQUES X1 ART.20","categoria":"Cotillon","subcategoria":"Banderines/Cortinas/Afiches/Colgantes","precio":3105.0,"destacado":false,"descripcion":"","imagen":"assets/products/CA-000000057366.webp","tags":["cartel","goma","eva","con","brillo","frase","hola","primavera","con","apliques","art"]},{"id":"CA-779227301635","nombre":"COLGANTE DIA DE LOS ENAMORADOS CORAZON DE CUPIDO 635 x2u.RONDINELLA","categoria":"Cotillon","subcategoria":"Banderines/Cortinas/Afiches/Colgantes","precio":1032.76,"destacado":false,"descripcion":"","imagen":"assets/products/CA-779227301635.webp","tags":["colgante","dia","los","enamorados","corazon","cupido","635","x2u","rondinella"]},{"id":"CA-695024110251","nombre":"CORTINA DECORATIVA COMBINADA FONDO FLECOS 25x183cm 5 PIEZAS (VARIOS COLORES) x1 U2411-251","categoria":"Cotillon","subcategoria":"Banderines/Cortinas/Afiches/Colgantes","precio":3603.6,"destacado":false,"descripcion":"","imagen":"assets/products/CA-695024110251.webp","tags":["cortina","decorativa","combinada","fondo","flecos","25x183cm","piezas","varios","colores","u2411","251"]},{"id":"CA-779842097092","nombre":"CORTINA DILAX  BLANCA ( 2.00 x1.00 mts ) x1 70920","categoria":"Cotillon","subcategoria":"Banderines/Cortinas/Afiches/Colgantes","precio":753.55,"destacado":false,"descripcion":"","imagen":"assets/products/CA-779842097092.webp","tags":["cortina","dilax","blanca","mts","70920"]},{"id":"CA-609819417290","nombre":"CORTINA DILAX METALIZADA AZUL ( 2.00 x1.00 mts ) x1 72904","categoria":"Cotillon","subcategoria":"Banderines/Cortinas/Afiches/Colgantes","precio":753.55,"destacado":false,"descripcion":"","imagen":"assets/products/CA-609819417290.webp","tags":["cortina","dilax","metalizada","azul","mts","72904"]},{"id":"CA-609819417287","nombre":"CORTINA DILAX METALIZADA CELESTE ( 2.00 x1.00 mts ) x1 72874","categoria":"Cotillon","subcategoria":"Banderines/Cortinas/Afiches/Colgantes","precio":753.55,"destacado":false,"descripcion":"","imagen":"assets/products/CA-609819417287.webp","tags":["cortina","dilax","metalizada","celeste","mts","72874"]},{"id":"CA-609819417282","nombre":"CORTINA DILAX METALIZADA CORAZON ROJO ( 2.00 x1.00 mts ) x1 72829","categoria":"Cotillon","subcategoria":"Banderines/Cortinas/Afiches/Colgantes","precio":753.55,"destacado":false,"descripcion":"","imagen":"assets/products/CA-609819417282.webp","tags":["cortina","dilax","metalizada","corazon","rojo","mts","72829"]},{"id":"CA-609819417281","nombre":"CORTINA DILAX METALIZADA CORAZON ROSA GOLD ( 2.00 x1.00 mts ) x1 72812","categoria":"Cotillon","subcategoria":"Banderines/Cortinas/Afiches/Colgantes","precio":753.55,"destacado":false,"descripcion":"","imagen":"assets/products/CA-609819417281.webp","tags":["cortina","dilax","metalizada","corazon","rosa","gold","mts","72812"]},{"id":"CA-609819417283","nombre":"CORTINA DILAX METALIZADA DORADA ( 2.00 x1.00 mts ) x1 72836","categoria":"Cotillon","subcategoria":"Banderines/Cortinas/Afiches/Colgantes","precio":753.55,"destacado":false,"descripcion":"","imagen":"assets/products/CA-609819417283.webp","tags":["cortina","dilax","metalizada","dorada","mts","72836"]},{"id":"CA-609819417280","nombre":"CORTINA DILAX METALIZADA ESTRELLA DORADA ( 2.00 x1.00 mts ) x1 72805","categoria":"Cotillon","subcategoria":"Banderines/Cortinas/Afiches/Colgantes","precio":753.55,"destacado":false,"descripcion":"","imagen":"assets/products/CA-609819417280.webp","tags":["cortina","dilax","metalizada","estrella","dorada","mts","72805"]},{"id":"CA-609819417279","nombre":"CORTINA DILAX METALIZADA ESTRELLA PLATA ( 2.00 x1.00 mts ) x1 72799","categoria":"Cotillon","subcategoria":"Banderines/Cortinas/Afiches/Colgantes","precio":753.55,"destacado":false,"descripcion":"","imagen":"assets/products/CA-609819417279.webp","tags":["cortina","dilax","metalizada","estrella","plata","mts","72799"]},{"id":"CA-779842097094","nombre":"CORTINA DILAX METALIZADA FUCSIA ( 2.00 x1.00 mts ) x1 70944","categoria":"Cotillon","subcategoria":"Banderines/Cortinas/Afiches/Colgantes","precio":753.55,"destacado":false,"descripcion":"","imagen":"assets/products/CA-779842097094.webp","tags":["cortina","dilax","metalizada","fucsia","mts","70944"]},{"id":"CA-779842097093","nombre":"CORTINA DILAX METALIZADA LILA ( 2.00 x1.00 mts ) x1 70937","categoria":"Cotillon","subcategoria":"Banderines/Cortinas/Afiches/Colgantes","precio":753.55,"destacado":false,"descripcion":"","imagen":"assets/products/CA-779842097093.webp","tags":["cortina","dilax","metalizada","lila","mts","70937"]},{"id":"CA-609819417288","nombre":"CORTINA DILAX METALIZADA NEGRA ( 2.00 x1.00 mts ) x1 72881","categoria":"Cotillon","subcategoria":"Banderines/Cortinas/Afiches/Colgantes","precio":753.55,"destacado":false,"descripcion":"","imagen":"assets/products/CA-609819417288.webp","tags":["cortina","dilax","metalizada","negra","mts","72881"]},{"id":"CA-609819417284","nombre":"CORTINA DILAX METALIZADA PLATA ( 2.00 x1.00 mts ) x1 72843","categoria":"Cotillon","subcategoria":"Banderines/Cortinas/Afiches/Colgantes","precio":753.55,"destacado":false,"descripcion":"","imagen":"assets/products/CA-609819417284.webp","tags":["cortina","dilax","metalizada","plata","mts","72843"]},{"id":"CA-609819417289","nombre":"CORTINA DILAX METALIZADA ROJA ( 2.00 x1.00 mts ) x1 72898","categoria":"Cotillon","subcategoria":"Banderines/Cortinas/Afiches/Colgantes","precio":753.55,"destacado":false,"descripcion":"","imagen":"assets/products/CA-609819417289.webp","tags":["cortina","dilax","metalizada","roja","mts","72898"]},{"id":"CA-609819417286","nombre":"CORTINA DILAX METALIZADA ROSA ( 2.00 x1.00 mts ) x1 72867","categoria":"Cotillon","subcategoria":"Banderines/Cortinas/Afiches/Colgantes","precio":753.55,"destacado":false,"descripcion":"","imagen":"assets/products/CA-609819417286.webp","tags":["cortina","dilax","metalizada","rosa","mts","72867"]},{"id":"CA-609819417285","nombre":"CORTINA DILAX METALIZADA ROSA GOLD ( 2.00 x1.00 mts ) x1 72850","categoria":"Cotillon","subcategoria":"Banderines/Cortinas/Afiches/Colgantes","precio":753.55,"destacado":false,"descripcion":"","imagen":"assets/products/CA-609819417285.webp","tags":["cortina","dilax","metalizada","rosa","gold","mts","72850"]},{"id":"CA-609819417385","nombre":"CORTINA DILAX METALIZADA VERDE ( 2.00 x1.00 mts ) x1 73857","categoria":"Cotillon","subcategoria":"Banderines/Cortinas/Afiches/Colgantes","precio":753.55,"destacado":false,"descripcion":"","imagen":"assets/products/CA-609819417385.webp","tags":["cortina","dilax","metalizada","verde","mts","73857"]},{"id":"CA-609819417386","nombre":"CORTINA DILAX METALIZADA VIOLETA/PURPURA ( 2.00 x1.00 mts ) x1 73864","categoria":"Cotillon","subcategoria":"Banderines/Cortinas/Afiches/Colgantes","precio":753.55,"destacado":false,"descripcion":"","imagen":"assets/products/CA-609819417386.webp","tags":["cortina","dilax","metalizada","violeta","purpura","mts","73864"]},{"id":"CA-779842097101","nombre":"CORTINA DILAX PASTEL CELESTE ( 2.00 x1.00 mts ) x1 71019","categoria":"Cotillon","subcategoria":"Banderines/Cortinas/Afiches/Colgantes","precio":753.55,"destacado":false,"descripcion":"","imagen":"assets/products/CA-779842097101.webp","tags":["cortina","dilax","pastel","celeste","mts","71019"]},{"id":"CA-779842097104","nombre":"CORTINA DILAX PASTEL LILA ( 2.00 x1.00 mts ) x1 71040","categoria":"Cotillon","subcategoria":"Banderines/Cortinas/Afiches/Colgantes","precio":753.55,"destacado":false,"descripcion":"","imagen":"assets/products/CA-779842097104.webp","tags":["cortina","dilax","pastel","lila","mts","71040"]},{"id":"CA-779842097102","nombre":"CORTINA DILAX PASTEL ROSA ( 2.00 x1.00 mts ) x1 71026","categoria":"Cotillon","subcategoria":"Banderines/Cortinas/Afiches/Colgantes","precio":753.55,"destacado":false,"descripcion":"","imagen":"assets/products/CA-779842097102.webp","tags":["cortina","dilax","pastel","rosa","mts","71026"]},{"id":"CA-779842097103","nombre":"CORTINA DILAX PASTEL VERDE ( 2.00 x1.00 mts ) x1 71033","categoria":"Cotillon","subcategoria":"Banderines/Cortinas/Afiches/Colgantes","precio":753.55,"destacado":false,"descripcion":"","imagen":"assets/products/CA-779842097103.webp","tags":["cortina","dilax","pastel","verde","mts","71033"]},{"id":"CA-202562000635","nombre":"CORTINA FELIZ CUMPLEAÑOS IMPRESA METALIZADA x1 FP635-05","categoria":"Cotillon","subcategoria":"Banderines/Cortinas/Afiches/Colgantes","precio":1230.39,"destacado":false,"descripcion":"","imagen":"assets/products/CA-202562000635.webp","tags":["cortina","feliz","cumpleaños","impresa","metalizada","fp635"]},{"id":"CA-779908804482","nombre":"CORTINA HOLOGRAFICA AZUL (2x1mt) x12 GUCOHAZ  PS","categoria":"Cotillon","subcategoria":"Banderines/Cortinas/Afiches/Colgantes","precio":11752.63,"destacado":false,"descripcion":"","imagen":"assets/products/CA-779908804482.webp","tags":["cortina","holografica","azul","2x1mt","x12","gucohaz"]},{"id":"CA-779908804478","nombre":"CORTINA HOLOGRAFICA CELESTE (2x1mt) x12 GUCOHCE  PS","categoria":"Cotillon","subcategoria":"Banderines/Cortinas/Afiches/Colgantes","precio":11752.63,"destacado":false,"descripcion":"","imagen":"assets/products/CA-779908804478.webp","tags":["cortina","holografica","celeste","2x1mt","x12","gucohce"]},{"id":"CA-202560001053","nombre":"CORTINA HOLOGRAFICA CUADRADITOS DORADA X12 FP1053-01","categoria":"Cotillon","subcategoria":"Banderines/Cortinas/Afiches/Colgantes","precio":18680.76,"destacado":false,"descripcion":"","imagen":"assets/products/CA-202560001053.webp","tags":["cortina","holografica","cuadraditos","dorada","x12","fp1053"]}]}