{"category_slug":"cotillon","subcategory_slug":"banderines_cortinas_afiches_colgantes","page":5,"page_size":48,"total":293,"items":[{"id":"CA-202560201053","nombre":"CORTINA HOLOGRAFICA CUADRADITOS PLATEADA X12 FP1053-02","categoria":"Cotillon","subcategoria":"Banderines/Cortinas/Afiches/Colgantes","precio":18680.76,"destacado":false,"descripcion":"","imagen":"assets/products/CA-202560201053.webp","tags":["cortina","holografica","cuadraditos","plateada","x12","fp1053"]},{"id":"CA-779908804475","nombre":"CORTINA HOLOGRAFICA DORADA (2x1mt) x12 GUCOHDO  PS","categoria":"Cotillon","subcategoria":"Banderines/Cortinas/Afiches/Colgantes","precio":11752.63,"destacado":false,"descripcion":"","imagen":"assets/products/CA-779908804475.webp","tags":["cortina","holografica","dorada","2x1mt","x12","gucohdo"]},{"id":"CA-779908804476","nombre":"CORTINA HOLOGRAFICA PLATEADA (2x1mt) x12 GUCOHPL  PS","categoria":"Cotillon","subcategoria":"Banderines/Cortinas/Afiches/Colgantes","precio":11752.63,"destacado":false,"descripcion":"","imagen":"assets/products/CA-779908804476.webp","tags":["cortina","holografica","plateada","2x1mt","x12","gucohpl"]},{"id":"CA-779908804480","nombre":"CORTINA HOLOGRAFICA ROJO (2x1mt) x12 GUCOHRJ  PS","categoria":"Cotillon","subcategoria":"Banderines/Cortinas/Afiches/Colgantes","precio":11752.63,"destacado":false,"descripcion":"","imagen":"assets/products/CA-779908804480.webp","tags":["cortina","holografica","rojo","2x1mt","x12","gucohrj"]},{"id":"CA-779908804481","nombre":"CORTINA HOLOGRAFICA ROSA (2x1mt) x12 GUCOHDRS  PS","categoria":"Cotillon","subcategoria":"Banderines/Cortinas/Afiches/Colgantes","precio":11752.63,"destacado":false,"descripcion":"","imagen":"assets/products/CA-779908804481.webp","tags":["cortina","holografica","rosa","2x1mt","x12","gucohdrs"]},{"id":"CA-779908804483","nombre":"CORTINA HOLOGRAFICA ROSA GOLD (2x1mt) x12 GUCOHRG  PS","categoria":"Cotillon","subcategoria":"Banderines/Cortinas/Afiches/Colgantes","precio":11752.63,"destacado":false,"descripcion":"","imagen":"assets/products/CA-779908804483.webp","tags":["cortina","holografica","rosa","gold","2x1mt","x12","gucohrg"]},{"id":"CA-779813203871","nombre":"CORTINA HOLOGRAFICA VARIOS COLORES ( 2.00 x1.00 mts ) x1 203871","categoria":"Cotillon","subcategoria":"Banderines/Cortinas/Afiches/Colgantes","precio":1334.25,"destacado":false,"descripcion":"","imagen":"assets/products/CA-779813203871.webp","tags":["cortina","holografica","varios","colores","mts","203871"]},{"id":"CA-779908804477","nombre":"CORTINA HOLOGRAFICA VERDE (2x1mt) x12 GUCOHVE  PS","categoria":"Cotillon","subcategoria":"Banderines/Cortinas/Afiches/Colgantes","precio":11752.63,"destacado":false,"descripcion":"","imagen":"assets/products/CA-779908804477.webp","tags":["cortina","holografica","verde","2x1mt","x12","gucohve"]},{"id":"CA-779908804479","nombre":"CORTINA HOLOGRAFICA VIOLETA (2x1mt) x12 GUCOHVI  PS","categoria":"Cotillon","subcategoria":"Banderines/Cortinas/Afiches/Colgantes","precio":11752.63,"destacado":false,"descripcion":"","imagen":"assets/products/CA-779908804479.webp","tags":["cortina","holografica","violeta","2x1mt","x12","gucohvi"]},{"id":"CA-779908804474","nombre":"CORTINA IRIDISCENTE (2x1mt) x12 GUCOIR  PS","categoria":"Cotillon","subcategoria":"Banderines/Cortinas/Afiches/Colgantes","precio":11752.63,"destacado":false,"descripcion":"","imagen":"assets/products/CA-779908804474.webp","tags":["cortina","iridiscente","2x1mt","x12","gucoir"]},{"id":"CA-000000058477","nombre":"CORTINA IRIDISCENTE CORAZONES (1.00 x2.00 mts) x1 U2503-028","categoria":"Cotillon","subcategoria":"Banderines/Cortinas/Afiches/Colgantes","precio":2156.7,"destacado":false,"descripcion":"","imagen":"assets/products/CA-000000058477.webp","tags":["cortina","iridiscente","corazones","mts","u2503","028"]},{"id":"CA-000000058482","nombre":"CORTINA MARIPOSAS DEGRADE x1 1.00mx2.00m U2503-027","categoria":"Cotillon","subcategoria":"Banderines/Cortinas/Afiches/Colgantes","precio":2457.0,"destacado":false,"descripcion":"","imagen":"assets/products/CA-000000058482.webp","tags":["cortina","mariposas","degrade","00mx2","00m","u2503","027"]},{"id":"CA-000000058481","nombre":"CORTINA MARIPOSAS PLATEADAS x1 1.00mx2.00m U2503-027","categoria":"Cotillon","subcategoria":"Banderines/Cortinas/Afiches/Colgantes","precio":2457.0,"destacado":false,"descripcion":"","imagen":"assets/products/CA-000000058481.webp","tags":["cortina","mariposas","plateadas","00mx2","00m","u2503","027"]},{"id":"CA-005201902402","nombre":"CORTINA METALIZADA A CUADROS BLANCO Y NEGRO ( 2.00 x1.00 mts ) x1 U2411-965","categoria":"Cotillon","subcategoria":"Banderines/Cortinas/Afiches/Colgantes","precio":819.0,"destacado":false,"descripcion":"","imagen":"assets/products/CA-005201902402.webp","tags":["cortina","metalizada","cuadros","blanco","negro","mts","u2411","965"]},{"id":"CA-690000011965","nombre":"CORTINA METALIZADA AZUL (1.00x2.00mts) x1 19-65","categoria":"Cotillon","subcategoria":"Banderines/Cortinas/Afiches/Colgantes","precio":684.45,"destacado":false,"descripcion":"","imagen":"assets/products/CA-690000011965.webp","tags":["cortina","metalizada","azul","00x2","00mts"]},{"id":"CA-698062640341","nombre":"CORTINA METALIZADA AZUL 90x180cm x12 ILC341","categoria":"Cotillon","subcategoria":"Banderines/Cortinas/Afiches/Colgantes","precio":6692.4,"destacado":false,"descripcion":"NUEVO 09/12/2025","imagen":"assets/products/CA-698062640341.webp","tags":["cortina","metalizada","azul","90x180cm","x12","ilc341"]},{"id":"CA-692024581810","nombre":"CORTINA METALIZADA CELESTE (1.00 x2.00 mt) x1 MM18-01","categoria":"Cotillon","subcategoria":"Banderines/Cortinas/Afiches/Colgantes","precio":772.07,"destacado":false,"descripcion":"* (19/12/2025)","imagen":"assets/products/CA-692024581810.webp","tags":["cortina","metalizada","celeste","mm18"]},{"id":"CA-690000021965","nombre":"CORTINA METALIZADA CELESTE (1.00 x2.00 mts) x1 U19-65","categoria":"Cotillon","subcategoria":"Banderines/Cortinas/Afiches/Colgantes","precio":684.45,"destacado":false,"descripcion":"","imagen":"assets/products/CA-690000021965.webp","tags":["cortina","metalizada","celeste","mts","u19"]},{"id":"CA-690000031965","nombre":"CORTINA METALIZADA CHAMPAGNE (1.00 x2.00 mts)  x1 U19-65","categoria":"Cotillon","subcategoria":"Banderines/Cortinas/Afiches/Colgantes","precio":684.45,"destacado":false,"descripcion":"","imagen":"assets/products/CA-690000031965.webp","tags":["cortina","metalizada","champagne","mts","u19"]},{"id":"CA-000000058478","nombre":"CORTINA METALIZADA CIRCULOS BLANCO Y NEGRO ( 2.00 x1.00 mts ) x1 U2503-030","categoria":"Cotillon","subcategoria":"Banderines/Cortinas/Afiches/Colgantes","precio":2002.0,"destacado":false,"descripcion":"","imagen":"assets/products/CA-000000058478.webp","tags":["cortina","metalizada","circulos","blanco","negro","mts","u2503","030"]},{"id":"CA-000000058467","nombre":"CORTINA METALIZADA COMBINADA BOCA 1x2mt x12 ILC343","categoria":"Cotillon","subcategoria":"Banderines/Cortinas/Afiches/Colgantes","precio":11535.05,"destacado":false,"descripcion":"","imagen":"assets/products/CA-000000058467.webp","tags":["cortina","metalizada","combinada","boca","1x2mt","x12","ilc343"]},{"id":"CA-000000058466","nombre":"CORTINA METALIZADA COMBINADA RIVER 1x2mt x12 ILC343","categoria":"Cotillon","subcategoria":"Banderines/Cortinas/Afiches/Colgantes","precio":11535.05,"destacado":false,"descripcion":"","imagen":"assets/products/CA-000000058466.webp","tags":["cortina","metalizada","combinada","river","1x2mt","x12","ilc343"]},{"id":"CA-782188034301","nombre":"CORTINA METALIZADA COMBINADA ROSA/FUCSIA 1x2mt x12 ILC343","categoria":"Cotillon","subcategoria":"Banderines/Cortinas/Afiches/Colgantes","precio":11535.05,"destacado":false,"descripcion":"","imagen":"assets/products/CA-782188034301.webp","tags":["cortina","metalizada","combinada","rosa","fucsia","1x2mt","x12","ilc343"]},{"id":"CA-782188034501","nombre":"CORTINA METALIZADA CUADRADITOS VARIOS COLORES 1x2mt x12 ILC345","categoria":"Cotillon","subcategoria":"Banderines/Cortinas/Afiches/Colgantes","precio":10017.39,"destacado":false,"descripcion":"","imagen":"assets/products/CA-782188034501.webp","tags":["cortina","metalizada","cuadraditos","varios","colores","1x2mt","x12","ilc345"]},{"id":"CA-246487946544","nombre":"CORTINA METALIZADA CUADRADOS CHICOS VARIOS COLORES x10 1.00mx2.00mts SU-109","categoria":"Cotillon","subcategoria":"Banderines/Cortinas/Afiches/Colgantes","precio":10091.25,"destacado":false,"descripcion":"","imagen":"assets/products/CA-246487946544.webp","tags":["cortina","metalizada","cuadrados","chicos","varios","colores","x10","00mx2","00mts","109"]},{"id":"CA-690000000108","nombre":"CORTINA METALIZADA CUADRADOS GRANDES VARIOS COLORES x10 1.00mx2.00mts SU-108","categoria":"Cotillon","subcategoria":"Banderines/Cortinas/Afiches/Colgantes","precio":10091.25,"destacado":false,"descripcion":"","imagen":"assets/products/CA-690000000108.webp","tags":["cortina","metalizada","cuadrados","grandes","varios","colores","x10","00mx2","00mts","108"]},{"id":"CA-202566000635","nombre":"CORTINA METALIZADA CUADROS PLATA Y NEGRO x1 FP635-06","categoria":"Cotillon","subcategoria":"Banderines/Cortinas/Afiches/Colgantes","precio":1230.39,"destacado":false,"descripcion":"","imagen":"assets/products/CA-202566000635.webp","tags":["cortina","metalizada","cuadros","plata","negro","fp635"]},{"id":"CA-690000001965","nombre":"CORTINA METALIZADA DORADA (1.00 x2.00 mts) x1 U19-65","categoria":"Cotillon","subcategoria":"Banderines/Cortinas/Afiches/Colgantes","precio":684.45,"destacado":false,"descripcion":"","imagen":"assets/products/CA-690000001965.webp","tags":["cortina","metalizada","dorada","mts","u19"]},{"id":"CA-698062640338","nombre":"CORTINA METALIZADA DORADA 90x180cm x12 ILC338","categoria":"Cotillon","subcategoria":"Banderines/Cortinas/Afiches/Colgantes","precio":6692.4,"destacado":false,"descripcion":"NUEVO 09/12/2025","imagen":"assets/products/CA-698062640338.webp","tags":["cortina","metalizada","dorada","90x180cm","x12","ilc338"]},{"id":"CA-692024581809","nombre":"CORTINA METALIZADA FUCSIA (1.00 x2.00 mt) x1 MM18-01","categoria":"Cotillon","subcategoria":"Banderines/Cortinas/Afiches/Colgantes","precio":772.07,"destacado":false,"descripcion":"* (19/12/2025)","imagen":"assets/products/CA-692024581809.webp","tags":["cortina","metalizada","fucsia","mm18"]},{"id":"CA-690000041965","nombre":"CORTINA METALIZADA FUCSIA (1.00 x2.00 mts) x1  U19-65","categoria":"Cotillon","subcategoria":"Banderines/Cortinas/Afiches/Colgantes","precio":684.45,"destacado":false,"descripcion":"","imagen":"assets/products/CA-690000041965.webp","tags":["cortina","metalizada","fucsia","mts","u19"]},{"id":"CA-000000058094","nombre":"CORTINA METALIZADA FUCSIA (1.00 x2.00 mts) x1 U19-65","categoria":"Cotillon","subcategoria":"Banderines/Cortinas/Afiches/Colgantes","precio":684.45,"destacado":false,"descripcion":"","imagen":"assets/products/CA-000000058094.webp","tags":["cortina","metalizada","fucsia","mts","u19"]},{"id":"CA-698062640342","nombre":"CORTINA METALIZADA FUCSIA 90x180cm x12 ILC342","categoria":"Cotillon","subcategoria":"Banderines/Cortinas/Afiches/Colgantes","precio":6692.4,"destacado":false,"descripcion":"NUEVO 09/12/2025","imagen":"assets/products/CA-698062640342.webp","tags":["cortina","metalizada","fucsia","90x180cm","x12","ilc342"]},{"id":"CA-000000055930","nombre":"CORTINA METALIZADA HOJITAS VERDE (1.00 x2.00 mts) x1 U24-0704/BH91","categoria":"Cotillon","subcategoria":"Banderines/Cortinas/Afiches/Colgantes","precio":2249.25,"destacado":false,"descripcion":"","imagen":"assets/products/CA-000000055930.webp","tags":["cortina","metalizada","hojitas","verde","mts","u24","0704","bh91"]},{"id":"CA-690000051965","nombre":"CORTINA METALIZADA LILA (1.00 x2.00 mts) x1 U19-65","categoria":"Cotillon","subcategoria":"Banderines/Cortinas/Afiches/Colgantes","precio":684.45,"destacado":false,"descripcion":"","imagen":"assets/products/CA-690000051965.webp","tags":["cortina","metalizada","lila","mts","u19"]},{"id":"CA-690000061965","nombre":"CORTINA METALIZADA NEGRA (1.00 x2.00 mts) x1 U19-65","categoria":"Cotillon","subcategoria":"Banderines/Cortinas/Afiches/Colgantes","precio":684.45,"destacado":false,"descripcion":"","imagen":"assets/products/CA-690000061965.webp","tags":["cortina","metalizada","negra","mts","u19"]},{"id":"CA-698062640340","nombre":"CORTINA METALIZADA NEGRO 90x180cm x12 ILC340","categoria":"Cotillon","subcategoria":"Banderines/Cortinas/Afiches/Colgantes","precio":6692.4,"destacado":false,"descripcion":"NUEVO 09/12/2025","imagen":"assets/products/CA-698062640340.webp","tags":["cortina","metalizada","negro","90x180cm","x12","ilc340"]},{"id":"CA-698062640337","nombre":"CORTINA METALIZADA PLATA 90x180cm x12 ILC337","categoria":"Cotillon","subcategoria":"Banderines/Cortinas/Afiches/Colgantes","precio":6692.4,"destacado":false,"descripcion":"NUEVO 09/12/2025","imagen":"assets/products/CA-698062640337.webp","tags":["cortina","metalizada","plata","90x180cm","x12","ilc337"]},{"id":"CA-690000071965","nombre":"CORTINA METALIZADA PLATEADA (1.00 x2.00 mts) x1 U19-65","categoria":"Cotillon","subcategoria":"Banderines/Cortinas/Afiches/Colgantes","precio":684.45,"destacado":false,"descripcion":"","imagen":"assets/products/CA-690000071965.webp","tags":["cortina","metalizada","plateada","mts","u19"]},{"id":"CA-690000081965","nombre":"CORTINA METALIZADA ROJA (1.00 x2.00 mts) x1 U19-65","categoria":"Cotillon","subcategoria":"Banderines/Cortinas/Afiches/Colgantes","precio":684.45,"destacado":false,"descripcion":"","imagen":"assets/products/CA-690000081965.webp","tags":["cortina","metalizada","roja","mts","u19"]},{"id":"CA-698062640343","nombre":"CORTINA METALIZADA ROJO 90x180cm x12 ILC343","categoria":"Cotillon","subcategoria":"Banderines/Cortinas/Afiches/Colgantes","precio":6692.4,"destacado":false,"descripcion":"NUEVO 09/12/2025","imagen":"assets/products/CA-698062640343.webp","tags":["cortina","metalizada","rojo","90x180cm","x12","ilc343"]},{"id":"CA-692024581811","nombre":"CORTINA METALIZADA ROSA (1.00 x2.00 mt) x1 MM18-01","categoria":"Cotillon","subcategoria":"Banderines/Cortinas/Afiches/Colgantes","precio":772.07,"destacado":false,"descripcion":"* (19/12/2025)","imagen":"assets/products/CA-692024581811.webp","tags":["cortina","metalizada","rosa","mm18"]},{"id":"CA-698062640345","nombre":"CORTINA METALIZADA ROSA 90x180cm x12 ILC345","categoria":"Cotillon","subcategoria":"Banderines/Cortinas/Afiches/Colgantes","precio":6692.4,"destacado":false,"descripcion":"NUEVO 09/12/2025","imagen":"assets/products/CA-698062640345.webp","tags":["cortina","metalizada","rosa","90x180cm","x12","ilc345"]},{"id":"CA-692024581813","nombre":"CORTINA METALIZADA ROSA GOLD (1.00 x2.00 mt) x1 MM18-01","categoria":"Cotillon","subcategoria":"Banderines/Cortinas/Afiches/Colgantes","precio":772.07,"destacado":false,"descripcion":"* (19/12/2025)","imagen":"assets/products/CA-692024581813.webp","tags":["cortina","metalizada","rosa","gold","mm18"]},{"id":"CA-690000101965","nombre":"CORTINA METALIZADA ROSA GOLD (1.00 x2.00 mts) x1 U19-65","categoria":"Cotillon","subcategoria":"Banderines/Cortinas/Afiches/Colgantes","precio":684.45,"destacado":false,"descripcion":"","imagen":"assets/products/CA-690000101965.webp","tags":["cortina","metalizada","rosa","gold","mts","u19"]},{"id":"CA-698062640339","nombre":"CORTINA METALIZADA ROSA GOLD 90x180cm x12 ILC339","categoria":"Cotillon","subcategoria":"Banderines/Cortinas/Afiches/Colgantes","precio":6692.4,"destacado":false,"descripcion":"NUEVO 09/12/2025","imagen":"assets/products/CA-698062640339.webp","tags":["cortina","metalizada","rosa","gold","90x180cm","x12","ilc339"]},{"id":"CA-000000055051","nombre":"CORTINA METALIZADA TRIANGULOS MULTICOLOR x1 1.00mX2.00mts","categoria":"Cotillon","subcategoria":"Banderines/Cortinas/Afiches/Colgantes","precio":888.12,"destacado":false,"descripcion":"","imagen":"assets/products/CA-000000055051.webp","tags":["cortina","metalizada","triangulos","multicolor","00mx2","00mts"]},{"id":"CA-698062640344","nombre":"CORTINA METALIZADA TURQUESA 90x180cm x12 ILC344","categoria":"Cotillon","subcategoria":"Banderines/Cortinas/Afiches/Colgantes","precio":6692.4,"destacado":false,"descripcion":"NUEVO 09/12/2025","imagen":"assets/products/CA-698062640344.webp","tags":["cortina","metalizada","turquesa","90x180cm","x12","ilc344"]}]}