{"category_slug":"cotillon","subcategory_slug":"globos_perlados","page":1,"page_size":48,"total":162,"items":[{"id":"CA-779842097048","nombre":"GLOBO BOMBUCHA PERLADO 9\" AMARILLO x25 70487","categoria":"Cotillon","subcategoria":"Globos Perlados","precio":1378.17,"destacado":false,"descripcion":"","imagen":"assets/products/CA-779842097048.webp","tags":["globo","bombucha","perlado","amarillo","x25","70487"]},{"id":"CA-779842097057","nombre":"GLOBO BOMBUCHA PERLADO 9\" AZUL OSCURO x25 70579","categoria":"Cotillon","subcategoria":"Globos Perlados","precio":1378.17,"destacado":false,"descripcion":"","imagen":"assets/products/CA-779842097057.webp","tags":["globo","bombucha","perlado","azul","oscuro","x25","70579"]},{"id":"CA-779842097050","nombre":"GLOBO BOMBUCHA PERLADO 9\" AZUL x25 70500","categoria":"Cotillon","subcategoria":"Globos Perlados","precio":1378.17,"destacado":false,"descripcion":"","imagen":"assets/products/CA-779842097050.webp","tags":["globo","bombucha","perlado","azul","x25","70500"]},{"id":"CA-779842097043","nombre":"GLOBO BOMBUCHA PERLADO 9\" BLANCO x25 70432","categoria":"Cotillon","subcategoria":"Globos Perlados","precio":1378.17,"destacado":false,"descripcion":"","imagen":"assets/products/CA-779842097043.webp","tags":["globo","bombucha","perlado","blanco","x25","70432"]},{"id":"CA-779842097047","nombre":"GLOBO BOMBUCHA PERLADO 9\" CELESTE x25 70470","categoria":"Cotillon","subcategoria":"Globos Perlados","precio":1378.17,"destacado":false,"descripcion":"","imagen":"assets/products/CA-779842097047.webp","tags":["globo","bombucha","perlado","celeste","x25","70470"]},{"id":"CA-779842097045","nombre":"GLOBO BOMBUCHA PERLADO 9\" DORADO x25 70456","categoria":"Cotillon","subcategoria":"Globos Perlados","precio":1378.17,"destacado":false,"descripcion":"","imagen":"assets/products/CA-779842097045.webp","tags":["globo","bombucha","perlado","dorado","x25","70456"]},{"id":"CA-779842097059","nombre":"GLOBO BOMBUCHA PERLADO 9\" FUCSIA x25 70593","categoria":"Cotillon","subcategoria":"Globos Perlados","precio":1378.17,"destacado":false,"descripcion":"","imagen":"assets/products/CA-779842097059.webp","tags":["globo","bombucha","perlado","fucsia","x25","70593"]},{"id":"CA-779842097065","nombre":"GLOBO BOMBUCHA PERLADO 9\" LILA x25 70654","categoria":"Cotillon","subcategoria":"Globos Perlados","precio":1378.17,"destacado":false,"descripcion":"","imagen":"assets/products/CA-779842097065.webp","tags":["globo","bombucha","perlado","lila","x25","70654"]},{"id":"CA-779842097052","nombre":"GLOBO BOMBUCHA PERLADO 9\" NARANJA x25 70524","categoria":"Cotillon","subcategoria":"Globos Perlados","precio":1378.17,"destacado":false,"descripcion":"","imagen":"assets/products/CA-779842097052.webp","tags":["globo","bombucha","perlado","naranja","x25","70524"]},{"id":"CA-779842097056","nombre":"GLOBO BOMBUCHA PERLADO 9\" NEGRO x25 70562","categoria":"Cotillon","subcategoria":"Globos Perlados","precio":1378.17,"destacado":false,"descripcion":"","imagen":"assets/products/CA-779842097056.webp","tags":["globo","bombucha","perlado","negro","x25","70562"]},{"id":"CA-779842097046","nombre":"GLOBO BOMBUCHA PERLADO 9\" PLATEADO x25 70463","categoria":"Cotillon","subcategoria":"Globos Perlados","precio":1378.17,"destacado":false,"descripcion":"","imagen":"assets/products/CA-779842097046.webp","tags":["globo","bombucha","perlado","plateado","x25","70463"]},{"id":"CA-779842097044","nombre":"GLOBO BOMBUCHA PERLADO 9\" ROJO x25 70449","categoria":"Cotillon","subcategoria":"Globos Perlados","precio":1378.17,"destacado":false,"descripcion":"","imagen":"assets/products/CA-779842097044.webp","tags":["globo","bombucha","perlado","rojo","x25","70449"]},{"id":"CA-779842097053","nombre":"GLOBO BOMBUCHA PERLADO 9\" ROSA GOLD x25 70531","categoria":"Cotillon","subcategoria":"Globos Perlados","precio":1378.17,"destacado":false,"descripcion":"","imagen":"assets/products/CA-779842097053.webp","tags":["globo","bombucha","perlado","rosa","gold","x25","70531"]},{"id":"CA-779842097051","nombre":"GLOBO BOMBUCHA PERLADO 9\" ROSA x25 70517","categoria":"Cotillon","subcategoria":"Globos Perlados","precio":1378.17,"destacado":false,"descripcion":"","imagen":"assets/products/CA-779842097051.webp","tags":["globo","bombucha","perlado","rosa","x25","70517"]},{"id":"CA-779842097054","nombre":"GLOBO BOMBUCHA PERLADO 9\" SURTIDO x25 70548","categoria":"Cotillon","subcategoria":"Globos Perlados","precio":1378.17,"destacado":false,"descripcion":"","imagen":"assets/products/CA-779842097054.webp","tags":["globo","bombucha","perlado","surtido","x25","70548"]},{"id":"CA-779842097060","nombre":"GLOBO BOMBUCHA PERLADO 9\" TURQUEZA x25 70609","categoria":"Cotillon","subcategoria":"Globos Perlados","precio":1378.17,"destacado":false,"descripcion":"","imagen":"assets/products/CA-779842097060.webp","tags":["globo","bombucha","perlado","turqueza","x25","70609"]},{"id":"CA-779842097058","nombre":"GLOBO BOMBUCHA PERLADO 9\" VERDE  x25 70586","categoria":"Cotillon","subcategoria":"Globos Perlados","precio":1378.17,"destacado":false,"descripcion":"","imagen":"assets/products/CA-779842097058.webp","tags":["globo","bombucha","perlado","verde","x25","70586"]},{"id":"CA-779842097049","nombre":"GLOBO BOMBUCHA PERLADO 9\" VERDE MANZANA x25 70494","categoria":"Cotillon","subcategoria":"Globos Perlados","precio":1378.17,"destacado":false,"descripcion":"","imagen":"assets/products/CA-779842097049.webp","tags":["globo","bombucha","perlado","verde","manzana","x25","70494"]},{"id":"CA-779813095442","nombre":"GLOBO CANDELA PERLADO 9\" AMARILLO x50u. 906/2423","categoria":"Cotillon","subcategoria":"Globos Perlados","precio":2167.43,"destacado":false,"descripcion":"","imagen":"assets/products/CA-779813095442.webp","tags":["globo","candela","perlado","amarillo","x50u","906","2423"]},{"id":"CA-779813095445","nombre":"GLOBO CANDELA PERLADO 9\" AZUL x50u. 910/2426","categoria":"Cotillon","subcategoria":"Globos Perlados","precio":2167.43,"destacado":false,"descripcion":"","imagen":"assets/products/CA-779813095445.webp","tags":["globo","candela","perlado","azul","x50u","910","2426"]},{"id":"CA-779813095447","nombre":"GLOBO CANDELA PERLADO 9\" CELESTE x50u. 907/2428","categoria":"Cotillon","subcategoria":"Globos Perlados","precio":2167.43,"destacado":false,"descripcion":"","imagen":"assets/products/CA-779813095447.webp","tags":["globo","candela","perlado","celeste","x50u","907","2428"]},{"id":"CA-779813095444","nombre":"GLOBO CANDELA PERLADO 9\" NARANJA x50u. 905/2425","categoria":"Cotillon","subcategoria":"Globos Perlados","precio":2167.43,"destacado":false,"descripcion":"","imagen":"assets/products/CA-779813095444.webp","tags":["globo","candela","perlado","naranja","x50u","905","2425"]},{"id":"CA-779813095448","nombre":"GLOBO CANDELA PERLADO 9\" VIOLETA x50u. 901/2429","categoria":"Cotillon","subcategoria":"Globos Perlados","precio":2167.43,"destacado":false,"descripcion":"","imagen":"assets/products/CA-779813095448.webp","tags":["globo","candela","perlado","violeta","x50u","901","2429"]},{"id":"CA-779101402098","nombre":"GLOBO FIESTA LOCA PERLADO 12\" MULTICOLOR x25 G12MIXP","categoria":"Cotillon","subcategoria":"Globos Perlados","precio":2083.81,"destacado":false,"descripcion":"","imagen":"assets/products/CA-779101402098.webp","tags":["globo","fiesta","loca","perlado","multicolor","x25","g12mixp"]},{"id":"CA-779101402096","nombre":"GLOBO FIESTA LOCA PERLADO 12\" VERDE MANZANA x25 G12VEMAP","categoria":"Cotillon","subcategoria":"Globos Perlados","precio":2083.81,"destacado":false,"descripcion":"","imagen":"assets/products/CA-779101402096.webp","tags":["globo","fiesta","loca","perlado","verde","manzana","x25","g12vemap"]},{"id":"CA-779908801467","nombre":"GLOBO GLOBBY PERLADO 12\" AMARILLO x25 GL12MAM  PS","categoria":"Cotillon","subcategoria":"Globos Perlados","precio":2012.5,"destacado":false,"descripcion":"","imagen":"assets/products/CA-779908801467.webp","tags":["globo","globby","perlado","amarillo","x25","gl12mam"]},{"id":"CA-779908801468","nombre":"GLOBO GLOBBY PERLADO 12\" AZUL x25 GL12MAZ  PS","categoria":"Cotillon","subcategoria":"Globos Perlados","precio":2012.5,"destacado":false,"descripcion":"","imagen":"assets/products/CA-779908801468.webp","tags":["globo","globby","perlado","azul","x25","gl12maz"]},{"id":"CA-779908801469","nombre":"GLOBO GLOBBY PERLADO 12\" BLANCO x25 GL12MBL  PS","categoria":"Cotillon","subcategoria":"Globos Perlados","precio":2012.5,"destacado":false,"descripcion":"","imagen":"assets/products/CA-779908801469.webp","tags":["globo","globby","perlado","blanco","x25","gl12mbl"]},{"id":"CA-779908801470","nombre":"GLOBO GLOBBY PERLADO 12\" CELESTE x25 GL12MCE  PS","categoria":"Cotillon","subcategoria":"Globos Perlados","precio":2012.5,"destacado":false,"descripcion":"","imagen":"assets/products/CA-779908801470.webp","tags":["globo","globby","perlado","celeste","x25","gl12mce"]},{"id":"CA-779908801488","nombre":"GLOBO GLOBBY PERLADO 12\" MORADO/VIOLETA x25 GL12MMO  PS","categoria":"Cotillon","subcategoria":"Globos Perlados","precio":2012.5,"destacado":false,"descripcion":"","imagen":"assets/products/CA-779908801488.webp","tags":["globo","globby","perlado","morado","violeta","x25","gl12mmo"]},{"id":"CA-779908801473","nombre":"GLOBO GLOBBY PERLADO 12\" NEGRO x25 GL12MNG  PS","categoria":"Cotillon","subcategoria":"Globos Perlados","precio":2012.5,"destacado":false,"descripcion":"","imagen":"assets/products/CA-779908801473.webp","tags":["globo","globby","perlado","negro","x25","gl12mng"]},{"id":"CA-779908801476","nombre":"GLOBO GLOBBY PERLADO 12\" ROJO CEREZA x25 GL12MRJC  PS","categoria":"Cotillon","subcategoria":"Globos Perlados","precio":2012.5,"destacado":false,"descripcion":"","imagen":"assets/products/CA-779908801476.webp","tags":["globo","globby","perlado","rojo","cereza","x25","gl12mrjc"]},{"id":"CA-779908801478","nombre":"GLOBO GLOBBY PERLADO 12\" ROSA BEBE x25 GL12MRSB  PS","categoria":"Cotillon","subcategoria":"Globos Perlados","precio":2012.5,"destacado":false,"descripcion":"","imagen":"assets/products/CA-779908801478.webp","tags":["globo","globby","perlado","rosa","bebe","x25","gl12mrsb"]},{"id":"CA-779908801489","nombre":"GLOBO GLOBBY PERLADO 12\" SURTIDOS x25 GL12MSU  PS","categoria":"Cotillon","subcategoria":"Globos Perlados","precio":2012.5,"destacado":false,"descripcion":"","imagen":"assets/products/CA-779908801489.webp","tags":["globo","globby","perlado","surtidos","x25","gl12msu"]},{"id":"CA-779810960113","nombre":"GLOBO GLOBOLANDIA PERLADO 10\" AMARILLO x50 307","categoria":"Cotillon","subcategoria":"Globos Perlados","precio":2582.01,"destacado":false,"descripcion":"","imagen":"assets/products/CA-779810960113.webp","tags":["globo","globolandia","perlado","amarillo","x50","307"]},{"id":"CA-779810960104","nombre":"GLOBO GLOBOLANDIA PERLADO 10\" AZUL x50 306","categoria":"Cotillon","subcategoria":"Globos Perlados","precio":2582.01,"destacado":false,"descripcion":"","imagen":"assets/products/CA-779810960104.webp","tags":["globo","globolandia","perlado","azul","x50","306"]},{"id":"CA-779810960100","nombre":"GLOBO GLOBOLANDIA PERLADO 10\" BLANCO x50 302","categoria":"Cotillon","subcategoria":"Globos Perlados","precio":2582.01,"destacado":false,"descripcion":"","imagen":"assets/products/CA-779810960100.webp","tags":["globo","globolandia","perlado","blanco","x50","302"]},{"id":"CA-779810960103","nombre":"GLOBO GLOBOLANDIA PERLADO 10\" CELESTE x50 305","categoria":"Cotillon","subcategoria":"Globos Perlados","precio":2582.01,"destacado":false,"descripcion":"","imagen":"assets/products/CA-779810960103.webp","tags":["globo","globolandia","perlado","celeste","x50","305"]},{"id":"CA-779810960108","nombre":"GLOBO GLOBOLANDIA PERLADO 10\" DORADO x50 320","categoria":"Cotillon","subcategoria":"Globos Perlados","precio":2582.01,"destacado":false,"descripcion":"","imagen":"assets/products/CA-779810960108.webp","tags":["globo","globolandia","perlado","dorado","x50","320"]},{"id":"CA-779810960118","nombre":"GLOBO GLOBOLANDIA PERLADO 10\" FUCSIA x50 314","categoria":"Cotillon","subcategoria":"Globos Perlados","precio":2582.01,"destacado":false,"descripcion":"","imagen":"assets/products/CA-779810960118.webp","tags":["globo","globolandia","perlado","fucsia","x50","314"]},{"id":"CA-779810960106","nombre":"GLOBO GLOBOLANDIA PERLADO 10\" LILA x50","categoria":"Cotillon","subcategoria":"Globos Perlados","precio":2582.01,"destacado":false,"descripcion":"","imagen":"assets/products/CA-779810960106.webp","tags":["globo","globolandia","perlado","lila","x50"]},{"id":"CA-779810960111","nombre":"GLOBO GLOBOLANDIA PERLADO 10\" MARFIL x50","categoria":"Cotillon","subcategoria":"Globos Perlados","precio":2582.01,"destacado":false,"descripcion":"","imagen":"assets/products/CA-779810960111.webp","tags":["globo","globolandia","perlado","marfil","x50"]},{"id":"CA-779810960120","nombre":"GLOBO GLOBOLANDIA PERLADO 10\" MULTICOLOR x50 300","categoria":"Cotillon","subcategoria":"Globos Perlados","precio":2582.01,"destacado":false,"descripcion":"","imagen":"assets/products/CA-779810960120.webp","tags":["globo","globolandia","perlado","multicolor","x50","300"]},{"id":"CA-779810960112","nombre":"GLOBO GLOBOLANDIA PERLADO 10\" NARANJA x50 315","categoria":"Cotillon","subcategoria":"Globos Perlados","precio":2582.01,"destacado":false,"descripcion":"","imagen":"assets/products/CA-779810960112.webp","tags":["globo","globolandia","perlado","naranja","x50","315"]},{"id":"CA-779810960109","nombre":"GLOBO GLOBOLANDIA PERLADO 10\" NEGRO x50 313","categoria":"Cotillon","subcategoria":"Globos Perlados","precio":2582.01,"destacado":false,"descripcion":"","imagen":"assets/products/CA-779810960109.webp","tags":["globo","globolandia","perlado","negro","x50","313"]},{"id":"CA-779810960107","nombre":"GLOBO GLOBOLANDIA PERLADO 10\" PLATEADO x50 319","categoria":"Cotillon","subcategoria":"Globos Perlados","precio":2582.01,"destacado":false,"descripcion":"","imagen":"assets/products/CA-779810960107.webp","tags":["globo","globolandia","perlado","plateado","x50","319"]},{"id":"CA-779810960102","nombre":"GLOBO GLOBOLANDIA PERLADO 10\" ROJO x50 304","categoria":"Cotillon","subcategoria":"Globos Perlados","precio":2582.01,"destacado":false,"descripcion":"","imagen":"assets/products/CA-779810960102.webp","tags":["globo","globolandia","perlado","rojo","x50","304"]},{"id":"CA-779810960101","nombre":"GLOBO GLOBOLANDIA PERLADO 10\" ROSA  x50 303","categoria":"Cotillon","subcategoria":"Globos Perlados","precio":2582.01,"destacado":false,"descripcion":"","imagen":"assets/products/CA-779810960101.webp","tags":["globo","globolandia","perlado","rosa","x50","303"]}]}