{"category_slug":"adornos_y_complementos_para_torta","subcategory_slug":"adornos_y_pinches_futboleros","page":2,"page_size":48,"total":62,"items":[{"id":"CA-000000041461","nombre":"PINCHE POLIFAN VINILO FELIZ CUMPLE ESCUDO ACADEMIA ETIQUETADOS x3","categoria":"Adornos Y Complementos Para Torta","subcategoria":"Adornos Y Pinches Futboleros","precio":2209.61,"destacado":false,"descripcion":"","imagen":"assets/products/CA-000000041461.webp","tags":["pinche","polifan","vinilo","feliz","cumple","escudo","academia","etiquetados"]},{"id":"CA-000000041460","nombre":"PINCHE POLIFAN VINILO FELIZ CUMPLE ESCUDO BOCA ETIQUETADOS x3","categoria":"Adornos Y Complementos Para Torta","subcategoria":"Adornos Y Pinches Futboleros","precio":2209.61,"destacado":false,"descripcion":"","imagen":"assets/products/CA-000000041460.webp","tags":["pinche","polifan","vinilo","feliz","cumple","escudo","boca","etiquetados"]},{"id":"CA-000000041462","nombre":"PINCHE POLIFAN VINILO FELIZ CUMPLE ESCUDO DIABLOS ETIQUETADOS x3","categoria":"Adornos Y Complementos Para Torta","subcategoria":"Adornos Y Pinches Futboleros","precio":2209.61,"destacado":false,"descripcion":"","imagen":"assets/products/CA-000000041462.webp","tags":["pinche","polifan","vinilo","feliz","cumple","escudo","diablos","etiquetados"]},{"id":"CA-000000041459","nombre":"PINCHE POLIFAN VINILO FELIZ CUMPLE ESCUDO RIVER ETIQUETADOS x3","categoria":"Adornos Y Complementos Para Torta","subcategoria":"Adornos Y Pinches Futboleros","precio":2209.61,"destacado":false,"descripcion":"","imagen":"assets/products/CA-000000041459.webp","tags":["pinche","polifan","vinilo","feliz","cumple","escudo","river","etiquetados"]},{"id":"CA-000000027292","nombre":"PINCHE RESORTE CON BRILLO PELOTITA BLANCA/NEGRA DESTELLOS x6","categoria":"Adornos Y Complementos Para Torta","subcategoria":"Adornos Y Pinches Futboleros","precio":1890.0,"destacado":false,"descripcion":"","imagen":"assets/products/CA-000000027292.webp","tags":["pinche","resorte","con","brillo","pelotita","blanca","negra","destellos"]},{"id":"CA-000000051524","nombre":"SET CARTEL FELIZ CUMPLE ESCUDO BOCA x4u.VR","categoria":"Adornos Y Complementos Para Torta","subcategoria":"Adornos Y Pinches Futboleros","precio":1457.54,"destacado":false,"descripcion":"","imagen":"assets/products/CA-000000051524.webp","tags":["set","cartel","feliz","cumple","escudo","boca","x4u"]},{"id":"CA-000000051523","nombre":"SET CARTEL FELIZ CUMPLE ESCUDO CUERVO/SAN LORENZO x4u.VR","categoria":"Adornos Y Complementos Para Torta","subcategoria":"Adornos Y Pinches Futboleros","precio":1457.54,"destacado":false,"descripcion":"","imagen":"assets/products/CA-000000051523.webp","tags":["set","cartel","feliz","cumple","escudo","cuervo","san","lorenzo","x4u"]},{"id":"CA-000000051530","nombre":"SET CARTEL FELIZ CUMPLE ESCUDO DIABLOS 4u.VR","categoria":"Adornos Y Complementos Para Torta","subcategoria":"Adornos Y Pinches Futboleros","precio":1457.54,"destacado":false,"descripcion":"","imagen":"assets/products/CA-000000051530.webp","tags":["set","cartel","feliz","cumple","escudo","diablos"]},{"id":"CA-000000051529","nombre":"SET CARTEL FELIZ CUMPLE ESCUDO RIVER x4u.VR","categoria":"Adornos Y Complementos Para Torta","subcategoria":"Adornos Y Pinches Futboleros","precio":1457.54,"destacado":false,"descripcion":"","imagen":"assets/products/CA-000000051529.webp","tags":["set","cartel","feliz","cumple","escudo","river","x4u"]},{"id":"CA-000000051914","nombre":"SET FELIZ CUMPLE BANDERIN Y TOPPERS ARGENTINA x7u.(POMPI DU )","categoria":"Adornos Y Complementos Para Torta","subcategoria":"Adornos Y Pinches Futboleros","precio":1330.0,"destacado":false,"descripcion":"","imagen":"assets/products/CA-000000051914.webp","tags":["set","feliz","cumple","banderin","toppers","argentina","x7u","pompi"]},{"id":"CA-000000051915","nombre":"SET FELIZ CUMPLE BANDERIN Y TOPPERS BOCA x7u.(POMPI DU )","categoria":"Adornos Y Complementos Para Torta","subcategoria":"Adornos Y Pinches Futboleros","precio":1330.0,"destacado":false,"descripcion":"","imagen":"assets/products/CA-000000051915.webp","tags":["set","feliz","cumple","banderin","toppers","boca","x7u","pompi"]},{"id":"CA-000000051913","nombre":"SET FELIZ CUMPLE BANDERIN Y TOPPERS FUTBOL x7u.(POMPI DU )","categoria":"Adornos Y Complementos Para Torta","subcategoria":"Adornos Y Pinches Futboleros","precio":1330.0,"destacado":false,"descripcion":"","imagen":"assets/products/CA-000000051913.webp","tags":["set","feliz","cumple","banderin","toppers","futbol","x7u","pompi"]},{"id":"CA-000000051916","nombre":"SET FELIZ CUMPLE BANDERIN Y TOPPERS RIVER x7u.(POMPI DU )","categoria":"Adornos Y Complementos Para Torta","subcategoria":"Adornos Y Pinches Futboleros","precio":1330.0,"destacado":false,"descripcion":"","imagen":"assets/products/CA-000000051916.webp","tags":["set","feliz","cumple","banderin","toppers","river","x7u","pompi"]},{"id":"CA-000000058309","nombre":"TROFEO MARTIN FIERRO DORADO METALIZADO CON BASE NEGRA x1","categoria":"Adornos Y Complementos Para Torta","subcategoria":"Adornos Y Pinches Futboleros","precio":3672.14,"destacado":false,"descripcion":"","imagen":"assets/products/CA-000000058309.webp","tags":["trofeo","martin","fierro","dorado","metalizado","con","base","negra"]}]}