{"category_slug":"descartables","subcategory_slug":"potes_y_tapas_compoteras","page":1,"page_size":48,"total":33,"items":[{"id":"CA-000000040885","nombre":"COMPOTERA CRISTAL (BULTO 9x50) AMERICAN PLAST","categoria":"Descartables","subcategoria":"Potes Y Tapas/Compoteras","precio":43131.21,"destacado":false,"descripcion":"* (05/12/2025)","imagen":"assets/products/CA-000000040885.webp","tags":["compotera","cristal","bulto","9x50","american","plast"]},{"id":"CA-000000033976","nombre":"COMPOTERA CRISTAL x50 AMERICAN PLAST","categoria":"Descartables","subcategoria":"Potes Y Tapas/Compoteras","precio":5175.74,"destacado":false,"descripcion":"* (05/12/2025)","imagen":"assets/products/CA-000000033976.webp","tags":["compotera","cristal","x50","american","plast"]},{"id":"CA-000000049636","nombre":"COMPOTERA PLASTICA ROMA DORADA (900245) x6u.","categoria":"Descartables","subcategoria":"Potes Y Tapas/Compoteras","precio":3651.05,"destacado":false,"descripcion":"","imagen":"assets/products/CA-000000049636.webp","tags":["compotera","plastica","roma","dorada","900245","x6u"]},{"id":"CA-000000051498","nombre":"COMPOTERA/PLATO HONDO PLASTICA BLANCA (BULTO 20x25aprox) B.P","categoria":"Descartables","subcategoria":"Potes Y Tapas/Compoteras","precio":38407.5,"destacado":false,"descripcion":"* (15/12/2025)","imagen":"assets/products/CA-000000051498.webp","tags":["compotera","plato","hondo","plastica","blanca","bulto","20x25aprox"]},{"id":"CA-000000051497","nombre":"COMPOTERA/PLATO HONDO PLASTICA BLANCA x25aprox. B.P","categoria":"Descartables","subcategoria":"Potes Y Tapas/Compoteras","precio":2074.01,"destacado":false,"descripcion":"* (15/12/2025)","imagen":"assets/products/CA-000000051497.webp","tags":["compotera","plato","hondo","plastica","blanca","x25aprox"]},{"id":"CA-000000051502","nombre":"COMPOTERA/PLATO HONDO PLASTICA DORADA (BULTO 20x25aprox) B.P","categoria":"Descartables","subcategoria":"Potes Y Tapas/Compoteras","precio":38407.5,"destacado":false,"descripcion":"* (15/12/2025)","imagen":"assets/products/CA-000000051502.webp","tags":["compotera","plato","hondo","plastica","dorada","bulto","20x25aprox"]},{"id":"CA-000000051501","nombre":"COMPOTERA/PLATO HONDO PLASTICA DORADA x25aprox. B.P","categoria":"Descartables","subcategoria":"Potes Y Tapas/Compoteras","precio":2074.01,"destacado":false,"descripcion":"* (15/12/2025)","imagen":"assets/products/CA-000000051501.webp","tags":["compotera","plato","hondo","plastica","dorada","x25aprox"]},{"id":"CA-000000051504","nombre":"COMPOTERA/PLATO HONDO PLASTICA NEGRA (BULTO 20x25aprox) B.P","categoria":"Descartables","subcategoria":"Potes Y Tapas/Compoteras","precio":38407.5,"destacado":false,"descripcion":"* (15/12/2025)","imagen":"assets/products/CA-000000051504.webp","tags":["compotera","plato","hondo","plastica","negra","bulto","20x25aprox"]},{"id":"CA-000000051503","nombre":"COMPOTERA/PLATO HONDO PLASTICA NEGRA x25aprox. B.P","categoria":"Descartables","subcategoria":"Potes Y Tapas/Compoteras","precio":2074.01,"destacado":false,"descripcion":"* (15/12/2025)","imagen":"assets/products/CA-000000051503.webp","tags":["compotera","plato","hondo","plastica","negra","x25aprox"]},{"id":"CA-000000051510","nombre":"COMPOTERA/PLATO HONDO PLASTICA PLATEADA (BULTO 20x25aprox) B.P","categoria":"Descartables","subcategoria":"Potes Y Tapas/Compoteras","precio":38407.5,"destacado":false,"descripcion":"* (15/12/2025)","imagen":"assets/products/CA-000000051510.webp","tags":["compotera","plato","hondo","plastica","plateada","bulto","20x25aprox"]},{"id":"CA-000000051509","nombre":"COMPOTERA/PLATO HONDO PLASTICA PLATEADA x25aprox. B.P","categoria":"Descartables","subcategoria":"Potes Y Tapas/Compoteras","precio":2074.01,"destacado":false,"descripcion":"* (15/12/2025)","imagen":"assets/products/CA-000000051509.webp","tags":["compotera","plato","hondo","plastica","plateada","x25aprox"]},{"id":"CA-000000041767","nombre":"POTE 1/2kg  (BULTO 24x50)","categoria":"Descartables","subcategoria":"Potes Y Tapas/Compoteras","precio":85756.73,"destacado":false,"descripcion":"* (12/12/2025)","imagen":"assets/products/CA-000000041767.webp","tags":["pote","2kg","bulto","24x50"]},{"id":"CA-000000034001","nombre":"POTE 1/2kg PP (BULTO 20x50u.) BP0132 AMERICAN PLAST","categoria":"Descartables","subcategoria":"Potes Y Tapas/Compoteras","precio":88956.25,"destacado":false,"descripcion":"* (05/12/2025)","imagen":"assets/products/CA-000000034001.webp","tags":["pote","2kg","bulto","20x50u","bp0132","american","plast"]},{"id":"CA-000000034006","nombre":"POTE 1/2kg PP x50 BP0132 AMERICAN PLAST","categoria":"Descartables","subcategoria":"Potes Y Tapas/Compoteras","precio":4803.64,"destacado":false,"descripcion":"* (05/12/2025)","imagen":"assets/products/CA-000000034006.webp","tags":["pote","2kg","x50","bp0132","american","plast"]},{"id":"CA-000000041768","nombre":"POTE 1/2kg x50u.","categoria":"Descartables","subcategoria":"Potes Y Tapas/Compoteras","precio":3859.05,"destacado":false,"descripcion":"* (12/12/2025)","imagen":"assets/products/CA-000000041768.webp","tags":["pote","2kg","x50u"]},{"id":"CA-000000011452","nombre":"POTE 1/4kg (BULTO 24 x50)","categoria":"Descartables","subcategoria":"Potes Y Tapas/Compoteras","precio":55701.5,"destacado":false,"descripcion":"* (12/12/2025)","imagen":"assets/products/CA-000000011452.webp","tags":["pote","4kg","bulto","x50"]},{"id":"CA-000000003191","nombre":"POTE 1/4kgx50","categoria":"Descartables","subcategoria":"Potes Y Tapas/Compoteras","precio":2506.57,"destacado":false,"descripcion":"* (12/12/2025)","imagen":"assets/products/CA-000000003191.webp","tags":["pote","4kgx50"]},{"id":"CA-000000041831","nombre":"POTE 1/8kg (BULTO 20x50) BP0134  AMERICAN PLAST","categoria":"Descartables","subcategoria":"Potes Y Tapas/Compoteras","precio":49747.5,"destacado":false,"descripcion":"* (05/12/2025)","imagen":"assets/products/CA-000000041831.webp","tags":["pote","8kg","bulto","20x50","bp0134","american","plast"]},{"id":"CA-000000034008","nombre":"POTE 1/8kg x50u. BP0134 AMERICAN PLAST","categoria":"Descartables","subcategoria":"Potes Y Tapas/Compoteras","precio":2686.37,"destacado":false,"descripcion":"* (05/12/2025)","imagen":"assets/products/CA-000000034008.webp","tags":["pote","8kg","x50u","bp0134","american","plast"]},{"id":"CA-000000010234","nombre":"POTE 1kg (BULTO 12x50)","categoria":"Descartables","subcategoria":"Potes Y Tapas/Compoteras","precio":79807.69,"destacado":false,"descripcion":"* (12/12/2025)","imagen":"assets/products/CA-000000010234.webp","tags":["pote","1kg","bulto","12x50"]},{"id":"CA-000000005923","nombre":"POTE 1kgx50","categoria":"Descartables","subcategoria":"Potes Y Tapas/Compoteras","precio":7182.69,"destacado":false,"descripcion":"* (12/12/2025)","imagen":"assets/products/CA-000000005923.webp","tags":["pote","1kgx50"]},{"id":"CA-000000044619","nombre":"POTE CON BISAGRA CHICO LP403 (BULTO 10x60u.)","categoria":"Descartables","subcategoria":"Potes Y Tapas/Compoteras","precio":42244.31,"destacado":false,"descripcion":"","imagen":"assets/products/CA-000000044619.webp","tags":["pote","con","bisagra","chico","lp403","bulto","10x60u"]},{"id":"CA-000000044721","nombre":"POTE CON BISAGRA CHICO LP403 x60u.","categoria":"Descartables","subcategoria":"Potes Y Tapas/Compoteras","precio":4562.39,"destacado":false,"descripcion":"","imagen":"assets/products/CA-000000044721.webp","tags":["pote","con","bisagra","chico","lp403","x60u"]},{"id":"CA-000000044724","nombre":"POTE CON BISAGRA GRANDE LP401 (BULTO 10x60u.)","categoria":"Descartables","subcategoria":"Potes Y Tapas/Compoteras","precio":52892.13,"destacado":false,"descripcion":"","imagen":"assets/products/CA-000000044724.webp","tags":["pote","con","bisagra","grande","lp401","bulto","10x60u"]},{"id":"CA-000000044725","nombre":"POTE CON BISAGRA GRANDE LP401 x60u.","categoria":"Descartables","subcategoria":"Potes Y Tapas/Compoteras","precio":5712.35,"destacado":false,"descripcion":"","imagen":"assets/products/CA-000000044725.webp","tags":["pote","con","bisagra","grande","lp401","x60u"]},{"id":"CA-000000044722","nombre":"POTE CON BISAGRA MEDIANO LP402 (BULTO 10x60u.)","categoria":"Descartables","subcategoria":"Potes Y Tapas/Compoteras","precio":46607.44,"destacado":false,"descripcion":"","imagen":"assets/products/CA-000000044722.webp","tags":["pote","con","bisagra","mediano","lp402","bulto","10x60u"]},{"id":"CA-000000044723","nombre":"POTE CON BISAGRA MEDIANO LP402 x60u","categoria":"Descartables","subcategoria":"Potes Y Tapas/Compoteras","precio":5033.6,"destacado":false,"descripcion":"","imagen":"assets/products/CA-000000044723.webp","tags":["pote","con","bisagra","mediano","lp402","x60u"]},{"id":"CA-000000003687","nombre":"TAPA PARA POTE 1/2-1/4- (BULTO 24x50)","categoria":"Descartables","subcategoria":"Potes Y Tapas/Compoteras","precio":34672.79,"destacado":false,"descripcion":"* (12/12/2025)","imagen":"assets/products/CA-000000003687.webp","tags":["tapa","para","pote","bulto","24x50"]},{"id":"CA-000000005919","nombre":"TAPA PARA POTE 1/2-1/4-kg x50u.","categoria":"Descartables","subcategoria":"Potes Y Tapas/Compoteras","precio":1560.28,"destacado":false,"descripcion":"* (12/12/2025)","imagen":"assets/products/CA-000000005919.webp","tags":["tapa","para","pote","x50u"]},{"id":"CA-000000041833","nombre":"TAPA PARA POTE 1/8 y 1/2 kg PP (BULTO 20x50) BT0061  AMERICAN PLAST","categoria":"Descartables","subcategoria":"Potes Y Tapas/Compoteras","precio":35955.0,"destacado":false,"descripcion":"* (05/12/2025)","imagen":"assets/products/CA-000000041833.webp","tags":["tapa","para","pote","bulto","20x50","bt0061","american","plast"]},{"id":"CA-000000034009","nombre":"TAPA PARA POTE 1/8-1/2 kg PP x 50 BT0061 AMERICAN PLAST","categoria":"Descartables","subcategoria":"Potes Y Tapas/Compoteras","precio":1941.57,"destacado":false,"descripcion":"* (05/12/2025)","imagen":"assets/products/CA-000000034009.webp","tags":["tapa","para","pote","bt0061","american","plast"]},{"id":"CA-000000011226","nombre":"TAPA PARA POTE 1kg (BULTO 12x50)","categoria":"Descartables","subcategoria":"Potes Y Tapas/Compoteras","precio":29207.66,"destacado":false,"descripcion":"* (12/12/2025)","imagen":"assets/products/CA-000000011226.webp","tags":["tapa","para","pote","1kg","bulto","12x50"]},{"id":"CA-000000005921","nombre":"TAPA PARA POTE 1kgx50","categoria":"Descartables","subcategoria":"Potes Y Tapas/Compoteras","precio":2628.69,"destacado":false,"descripcion":"* (12/12/2025)","imagen":"assets/products/CA-000000005921.webp","tags":["tapa","para","pote","1kgx50"]}]}