{"category_slug":"adornos_y_complementos_para_torta","subcategory_slug":"flores_de_azucar","page":2,"page_size":48,"total":123,"items":[{"id":"CA-000029920306","nombre":"FLOR DE AZUCAR DURAZNO MEDIANA  CON HOJA Nº6 LILA x50 (203)","categoria":"Adornos Y Complementos Para Torta","subcategoria":"Flores De Azucar","precio":2149.69,"destacado":false,"descripcion":"","imagen":"assets/products/CA-000029920306.webp","tags":["flor","azucar","durazno","mediana","con","hoja","nº6","lila","x50","203"]},{"id":"CA-000029920308","nombre":"FLOR DE AZUCAR DURAZNO MEDIANA  CON HOJA Nº8 SALMON x50 (203)","categoria":"Adornos Y Complementos Para Torta","subcategoria":"Flores De Azucar","precio":2149.69,"destacado":false,"descripcion":"","imagen":"assets/products/CA-000029920308.webp","tags":["flor","azucar","durazno","mediana","con","hoja","nº8","salmon","x50","203"]},{"id":"CA-000029920011","nombre":"FLOR DE AZUCAR DURAZNO MEDIANA AZUL/TURQUESA Nº11 x100 (200)SWEET","categoria":"Adornos Y Complementos Para Torta","subcategoria":"Flores De Azucar","precio":2085.31,"destacado":false,"descripcion":"","imagen":"assets/products/CA-000029920011.webp","tags":["flor","azucar","durazno","mediana","azul","turquesa","nº11","x100","200","sweet"]},{"id":"CA-000000050826","nombre":"FLOR DE AZUCAR DURAZNO MEDIANA MULTICOLOR X 50u.","categoria":"Adornos Y Complementos Para Torta","subcategoria":"Flores De Azucar","precio":903.0,"destacado":false,"descripcion":"","imagen":"assets/products/CA-000000050826.webp","tags":["flor","azucar","durazno","mediana","multicolor","50u"]},{"id":"CA-000029920000","nombre":"FLOR DE AZUCAR DURAZNO MEDIANA Nº0 BLANCO x100 (200) SWEET","categoria":"Adornos Y Complementos Para Torta","subcategoria":"Flores De Azucar","precio":2085.31,"destacado":false,"descripcion":"","imagen":"assets/products/CA-000029920000.webp","tags":["flor","azucar","durazno","mediana","nº0","blanco","x100","200","sweet"]},{"id":"CA-000029920001","nombre":"FLOR DE AZUCAR DURAZNO MEDIANA Nº1 AMARILLO x100 (200) SWEET","categoria":"Adornos Y Complementos Para Torta","subcategoria":"Flores De Azucar","precio":2085.31,"destacado":false,"descripcion":"","imagen":"assets/products/CA-000029920001.webp","tags":["flor","azucar","durazno","mediana","nº1","amarillo","x100","200","sweet"]},{"id":"CA-000029920002","nombre":"FLOR DE AZUCAR DURAZNO MEDIANA Nº2 ROSA x100 (200) SWEET","categoria":"Adornos Y Complementos Para Torta","subcategoria":"Flores De Azucar","precio":2085.31,"destacado":false,"descripcion":"","imagen":"assets/products/CA-000029920002.webp","tags":["flor","azucar","durazno","mediana","nº2","rosa","x100","200","sweet"]},{"id":"CA-000029920003","nombre":"FLOR DE AZUCAR DURAZNO MEDIANA Nº3 CELESTE x100 (200) SWEET","categoria":"Adornos Y Complementos Para Torta","subcategoria":"Flores De Azucar","precio":2085.31,"destacado":false,"descripcion":"","imagen":"assets/products/CA-000029920003.webp","tags":["flor","azucar","durazno","mediana","nº3","celeste","x100","200","sweet"]},{"id":"CA-000029920004","nombre":"FLOR DE AZUCAR DURAZNO MEDIANA Nº4 ROJO x100 (200) SWEET","categoria":"Adornos Y Complementos Para Torta","subcategoria":"Flores De Azucar","precio":2085.31,"destacado":false,"descripcion":"","imagen":"assets/products/CA-000029920004.webp","tags":["flor","azucar","durazno","mediana","nº4","rojo","x100","200","sweet"]},{"id":"CA-000029920005","nombre":"FLOR DE AZUCAR DURAZNO MEDIANA Nº5 FUCSIA x100 (200) SWEET","categoria":"Adornos Y Complementos Para Torta","subcategoria":"Flores De Azucar","precio":2085.31,"destacado":false,"descripcion":"","imagen":"assets/products/CA-000029920005.webp","tags":["flor","azucar","durazno","mediana","nº5","fucsia","x100","200","sweet"]},{"id":"CA-000029920006","nombre":"FLOR DE AZUCAR DURAZNO MEDIANA Nº6 LILA x100 (200) SWEET","categoria":"Adornos Y Complementos Para Torta","subcategoria":"Flores De Azucar","precio":2085.31,"destacado":false,"descripcion":"","imagen":"assets/products/CA-000029920006.webp","tags":["flor","azucar","durazno","mediana","nº6","lila","x100","200","sweet"]},{"id":"CA-000029920008","nombre":"FLOR DE AZUCAR DURAZNO MEDIANA Nº8 SALMON x100 (200) SWEET","categoria":"Adornos Y Complementos Para Torta","subcategoria":"Flores De Azucar","precio":2085.31,"destacado":false,"descripcion":"","imagen":"assets/products/CA-000029920008.webp","tags":["flor","azucar","durazno","mediana","nº8","salmon","x100","200","sweet"]},{"id":"CA-000000043423","nombre":"FLOR DE AZUCAR MALVON MATIZADA AMARILLO C/PERLA PLATEADA X 30 UNID.","categoria":"Adornos Y Complementos Para Torta","subcategoria":"Flores De Azucar","precio":1316.0,"destacado":false,"descripcion":"","imagen":"assets/products/CA-000000043423.webp","tags":["flor","azucar","malvon","matizada","amarillo","perla","plateada","unid"]},{"id":"CA-000000043421","nombre":"FLOR DE AZUCAR MALVON MATIZADA FUCSIA C/PERLA PLATEADAX 30 UNID.","categoria":"Adornos Y Complementos Para Torta","subcategoria":"Flores De Azucar","precio":1316.0,"destacado":false,"descripcion":"","imagen":"assets/products/CA-000000043421.webp","tags":["flor","azucar","malvon","matizada","fucsia","perla","plateadax","unid"]},{"id":"CA-000000043424","nombre":"FLOR DE AZUCAR MALVON MATIZADA MULTICOLOR C/PERLA PLATEADA X 30 UNID.","categoria":"Adornos Y Complementos Para Torta","subcategoria":"Flores De Azucar","precio":1316.0,"destacado":false,"descripcion":"","imagen":"assets/products/CA-000000043424.webp","tags":["flor","azucar","malvon","matizada","multicolor","perla","plateada","unid"]},{"id":"CA-000000043420","nombre":"FLOR DE AZUCAR MALVON MATIZADA TURQUEZA C/PERLA PLATEADA X 30 UNID.","categoria":"Adornos Y Complementos Para Torta","subcategoria":"Flores De Azucar","precio":1316.0,"destacado":false,"descripcion":"","imagen":"assets/products/CA-000000043420.webp","tags":["flor","azucar","malvon","matizada","turqueza","perla","plateada","unid"]},{"id":"CA-000000043422","nombre":"FLOR DE AZUCAR MALVON MATIZADA VIOLETA C/PERLA PLATEADA X 30 UNID.","categoria":"Adornos Y Complementos Para Torta","subcategoria":"Flores De Azucar","precio":1316.0,"destacado":false,"descripcion":"","imagen":"assets/products/CA-000000043422.webp","tags":["flor","azucar","malvon","matizada","violeta","perla","plateada","unid"]},{"id":"CA-000000045013","nombre":"FLOR DE AZUCAR MALVON MULTICOLOR PASTEL CON PERLA PLATEADA X 30 UNID.","categoria":"Adornos Y Complementos Para Torta","subcategoria":"Flores De Azucar","precio":1316.0,"destacado":false,"descripcion":"","imagen":"assets/products/CA-000000045013.webp","tags":["flor","azucar","malvon","multicolor","pastel","con","perla","plateada","unid"]},{"id":"CA-000029930309","nombre":"FLOR DE AZUCAR PRIMAVERA Art.303 MULTICOLOR GRANEL x150","categoria":"Adornos Y Complementos Para Torta","subcategoria":"Flores De Azucar","precio":10463.84,"destacado":false,"descripcion":"","imagen":"assets/products/CA-000029930309.webp","tags":["flor","azucar","primavera","art","303","multicolor","granel","x150"]},{"id":"CA-000029922411","nombre":"FLOR DE AZUCAR ROSA ESPECIAL GRANDE CON HOJA AZUL/TURQUESA Nº11 x4 (224)","categoria":"Adornos Y Complementos Para Torta","subcategoria":"Flores De Azucar","precio":2147.99,"destacado":false,"descripcion":"","imagen":"assets/products/CA-000029922411.webp","tags":["flor","azucar","rosa","especial","grande","con","hoja","azul","turquesa","nº11","224"]},{"id":"CA-000029922400","nombre":"FLOR DE AZUCAR ROSA ESPECIAL GRANDE CON HOJA Nº0 BLANCA x4 (224)","categoria":"Adornos Y Complementos Para Torta","subcategoria":"Flores De Azucar","precio":2147.99,"destacado":false,"descripcion":"","imagen":"assets/products/CA-000029922400.webp","tags":["flor","azucar","rosa","especial","grande","con","hoja","nº0","blanca","224"]},{"id":"CA-000029922401","nombre":"FLOR DE AZUCAR ROSA ESPECIAL GRANDE CON HOJA Nº1 AMARILLA x4 (224)","categoria":"Adornos Y Complementos Para Torta","subcategoria":"Flores De Azucar","precio":2147.99,"destacado":false,"descripcion":"","imagen":"assets/products/CA-000029922401.webp","tags":["flor","azucar","rosa","especial","grande","con","hoja","nº1","amarilla","224"]},{"id":"CA-000029922402","nombre":"FLOR DE AZUCAR ROSA ESPECIAL GRANDE CON HOJA Nº2 ROSA x4 (224)","categoria":"Adornos Y Complementos Para Torta","subcategoria":"Flores De Azucar","precio":2147.99,"destacado":false,"descripcion":"","imagen":"assets/products/CA-000029922402.webp","tags":["flor","azucar","rosa","especial","grande","con","hoja","nº2","rosa","224"]},{"id":"CA-000029922403","nombre":"FLOR DE AZUCAR ROSA ESPECIAL GRANDE CON HOJA Nº3 CELESTE x4 (224)","categoria":"Adornos Y Complementos Para Torta","subcategoria":"Flores De Azucar","precio":2147.99,"destacado":false,"descripcion":"","imagen":"assets/products/CA-000029922403.webp","tags":["flor","azucar","rosa","especial","grande","con","hoja","nº3","celeste","224"]},{"id":"CA-000029922404","nombre":"FLOR DE AZUCAR ROSA ESPECIAL GRANDE CON HOJA Nº4 ROJO x4 (224)","categoria":"Adornos Y Complementos Para Torta","subcategoria":"Flores De Azucar","precio":2147.99,"destacado":false,"descripcion":"","imagen":"assets/products/CA-000029922404.webp","tags":["flor","azucar","rosa","especial","grande","con","hoja","nº4","rojo","224"]},{"id":"CA-000029922405","nombre":"FLOR DE AZUCAR ROSA ESPECIAL GRANDE CON HOJA Nº5 FUCSIA x4 (224)","categoria":"Adornos Y Complementos Para Torta","subcategoria":"Flores De Azucar","precio":2147.99,"destacado":false,"descripcion":"","imagen":"assets/products/CA-000029922405.webp","tags":["flor","azucar","rosa","especial","grande","con","hoja","nº5","fucsia","224"]},{"id":"CA-000029922406","nombre":"FLOR DE AZUCAR ROSA ESPECIAL GRANDE CON HOJA Nº6 LILA x4 (224)","categoria":"Adornos Y Complementos Para Torta","subcategoria":"Flores De Azucar","precio":2147.99,"destacado":false,"descripcion":"","imagen":"assets/products/CA-000029922406.webp","tags":["flor","azucar","rosa","especial","grande","con","hoja","nº6","lila","224"]},{"id":"CA-000029922408","nombre":"FLOR DE AZUCAR ROSA ESPECIAL GRANDE CON HOJA Nº8 SALMON x4 (224)","categoria":"Adornos Y Complementos Para Torta","subcategoria":"Flores De Azucar","precio":2147.99,"destacado":false,"descripcion":"","imagen":"assets/products/CA-000029922408.webp","tags":["flor","azucar","rosa","especial","grande","con","hoja","nº8","salmon","224"]},{"id":"CA-000029922409","nombre":"FLOR DE AZUCAR ROSA ESPECIAL GRANDE CON HOJA Nº9 MULTICOLOR x4 (224)","categoria":"Adornos Y Complementos Para Torta","subcategoria":"Flores De Azucar","precio":2147.99,"destacado":false,"descripcion":"","imagen":"assets/products/CA-000029922409.webp","tags":["flor","azucar","rosa","especial","grande","con","hoja","nº9","multicolor","224"]},{"id":"CA-000029921009","nombre":"FLOR DE AZUCAR ROSA GRANDE Art.210 MULTICOLOR Nº9 x15","categoria":"Adornos Y Complementos Para Torta","subcategoria":"Flores De Azucar","precio":2022.64,"destacado":false,"descripcion":"","imagen":"assets/products/CA-000029921009.webp","tags":["flor","azucar","rosa","grande","art","210","multicolor","nº9","x15"]},{"id":"CA-000029921111","nombre":"FLOR DE AZUCAR ROSA GRANDE CON HOJA AZUL/TURQUESA Nº11 x10 (211)","categoria":"Adornos Y Complementos Para Torta","subcategoria":"Flores De Azucar","precio":2022.64,"destacado":false,"descripcion":"","imagen":"assets/products/CA-000029921111.webp","tags":["flor","azucar","rosa","grande","con","hoja","azul","turquesa","nº11","x10","211"]},{"id":"CA-000029921100","nombre":"FLOR DE AZUCAR ROSA GRANDE CON HOJA Nº0 BLANCA x10 (211)","categoria":"Adornos Y Complementos Para Torta","subcategoria":"Flores De Azucar","precio":2022.64,"destacado":false,"descripcion":"","imagen":"assets/products/CA-000029921100.webp","tags":["flor","azucar","rosa","grande","con","hoja","nº0","blanca","x10","211"]},{"id":"CA-000029921101","nombre":"FLOR DE AZUCAR ROSA GRANDE CON HOJA Nº1 AMARILLA x10 (211)","categoria":"Adornos Y Complementos Para Torta","subcategoria":"Flores De Azucar","precio":2022.64,"destacado":false,"descripcion":"","imagen":"assets/products/CA-000029921101.webp","tags":["flor","azucar","rosa","grande","con","hoja","nº1","amarilla","x10","211"]},{"id":"CA-000029921102","nombre":"FLOR DE AZUCAR ROSA GRANDE CON HOJA Nº2 ROSA x10 (211)","categoria":"Adornos Y Complementos Para Torta","subcategoria":"Flores De Azucar","precio":2022.64,"destacado":false,"descripcion":"","imagen":"assets/products/CA-000029921102.webp","tags":["flor","azucar","rosa","grande","con","hoja","nº2","rosa","x10","211"]},{"id":"CA-000029921103","nombre":"FLOR DE AZUCAR ROSA GRANDE CON HOJA Nº3 CELESTE x10 (211)","categoria":"Adornos Y Complementos Para Torta","subcategoria":"Flores De Azucar","precio":2022.64,"destacado":false,"descripcion":"","imagen":"assets/products/CA-000029921103.webp","tags":["flor","azucar","rosa","grande","con","hoja","nº3","celeste","x10","211"]},{"id":"CA-000029921104","nombre":"FLOR DE AZUCAR ROSA GRANDE CON HOJA Nº4 ROJO x10 (211)","categoria":"Adornos Y Complementos Para Torta","subcategoria":"Flores De Azucar","precio":2022.64,"destacado":false,"descripcion":"","imagen":"assets/products/CA-000029921104.webp","tags":["flor","azucar","rosa","grande","con","hoja","nº4","rojo","x10","211"]},{"id":"CA-000029921105","nombre":"FLOR DE AZUCAR ROSA GRANDE CON HOJA Nº5 FUCSIA x10 (211)","categoria":"Adornos Y Complementos Para Torta","subcategoria":"Flores De Azucar","precio":2022.64,"destacado":false,"descripcion":"","imagen":"assets/products/CA-000029921105.webp","tags":["flor","azucar","rosa","grande","con","hoja","nº5","fucsia","x10","211"]},{"id":"CA-000029921106","nombre":"FLOR DE AZUCAR ROSA GRANDE CON HOJA Nº6 LILA x10 (211)","categoria":"Adornos Y Complementos Para Torta","subcategoria":"Flores De Azucar","precio":2022.64,"destacado":false,"descripcion":"","imagen":"assets/products/CA-000029921106.webp","tags":["flor","azucar","rosa","grande","con","hoja","nº6","lila","x10","211"]},{"id":"CA-000029921108","nombre":"FLOR DE AZUCAR ROSA GRANDE CON HOJA Nº8 SALMON x10 (211)","categoria":"Adornos Y Complementos Para Torta","subcategoria":"Flores De Azucar","precio":2022.64,"destacado":false,"descripcion":"","imagen":"assets/products/CA-000029921108.webp","tags":["flor","azucar","rosa","grande","con","hoja","nº8","salmon","x10","211"]},{"id":"CA-000029921109","nombre":"FLOR DE AZUCAR ROSA GRANDE CON HOJA Nº9 MULTICOLOR x10 (211)","categoria":"Adornos Y Complementos Para Torta","subcategoria":"Flores De Azucar","precio":2022.64,"destacado":false,"descripcion":"","imagen":"assets/products/CA-000029921109.webp","tags":["flor","azucar","rosa","grande","con","hoja","nº9","multicolor","x10","211"]},{"id":"CA-000029922322","nombre":"FLOR DE AZUCAR ROSA GRANDE NACARADA AZUL X 5 UNIDADES (223)","categoria":"Adornos Y Complementos Para Torta","subcategoria":"Flores De Azucar","precio":3403.25,"destacado":false,"descripcion":"","imagen":"assets/products/CA-000029922322.webp","tags":["flor","azucar","rosa","grande","nacarada","azul","unidades","223"]},{"id":"CA-000029922318","nombre":"FLOR DE AZUCAR ROSA GRANDE NACARADA DORADA X 5 UNIDADES (223)","categoria":"Adornos Y Complementos Para Torta","subcategoria":"Flores De Azucar","precio":3403.25,"destacado":false,"descripcion":"","imagen":"assets/products/CA-000029922318.webp","tags":["flor","azucar","rosa","grande","nacarada","dorada","unidades","223"]},{"id":"CA-000029922319","nombre":"FLOR DE AZUCAR ROSA GRANDE NACARADA PLATEADA X 5 UNIDADES (223)","categoria":"Adornos Y Complementos Para Torta","subcategoria":"Flores De Azucar","precio":3403.25,"destacado":false,"descripcion":"","imagen":"assets/products/CA-000029922319.webp","tags":["flor","azucar","rosa","grande","nacarada","plateada","unidades","223"]},{"id":"CA-000029922321","nombre":"FLOR DE AZUCAR ROSA GRANDE NACARADA ROJO RUBI X 5 UNIDADES (223)","categoria":"Adornos Y Complementos Para Torta","subcategoria":"Flores De Azucar","precio":3403.25,"destacado":false,"descripcion":"","imagen":"assets/products/CA-000029922321.webp","tags":["flor","azucar","rosa","grande","nacarada","rojo","rubi","unidades","223"]},{"id":"CA-000029922320","nombre":"FLOR DE AZUCAR ROSA GRANDE NACARADA ROSA GOLD X 5 UNIDADES (223)","categoria":"Adornos Y Complementos Para Torta","subcategoria":"Flores De Azucar","precio":3403.25,"destacado":false,"descripcion":"","imagen":"assets/products/CA-000029922320.webp","tags":["flor","azucar","rosa","grande","nacarada","rosa","gold","unidades","223"]},{"id":"CA-000029922323","nombre":"FLOR DE AZUCAR ROSA GRANDE NACARADA TURQUEZA/VERDE AQUA X 5 UNIDADES (223)","categoria":"Adornos Y Complementos Para Torta","subcategoria":"Flores De Azucar","precio":3403.25,"destacado":false,"descripcion":"","imagen":"assets/products/CA-000029922323.webp","tags":["flor","azucar","rosa","grande","nacarada","turqueza","verde","aqua","unidades","223"]},{"id":"CA-000029920811","nombre":"FLOR DE AZUCAR ROSA MEDIANA CON HOJA AZUL/TURQUESA Nº11x20 (208)","categoria":"Adornos Y Complementos Para Torta","subcategoria":"Flores De Azucar","precio":2583.35,"destacado":false,"descripcion":"","imagen":"assets/products/CA-000029920811.webp","tags":["flor","azucar","rosa","mediana","con","hoja","azul","turquesa","nº11x20","208"]},{"id":"CA-000029920800","nombre":"FLOR DE AZUCAR ROSA MEDIANA CON HOJA Nº0 BLANCA x20 (208)","categoria":"Adornos Y Complementos Para Torta","subcategoria":"Flores De Azucar","precio":2583.35,"destacado":false,"descripcion":"","imagen":"assets/products/CA-000029920800.webp","tags":["flor","azucar","rosa","mediana","con","hoja","nº0","blanca","x20","208"]}]}