{"category_slug":"cotillon","subcategory_slug":"caretas_y_mascaras","page":2,"page_size":48,"total":54,"items":[{"id":"CA-237187603303","nombre":"CARETA PLASTICA ZORRO MARRON x6 3303","categoria":"Cotillon","subcategoria":"Caretas Y Mascaras","precio":2557.98,"destacado":false,"descripcion":"","imagen":"assets/products/CA-237187603303.webp","tags":["careta","plastica","zorro","marron","3303"]},{"id":"CA-000000050255","nombre":"MASCARA GOMA EVA BATMAN x1","categoria":"Cotillon","subcategoria":"Caretas Y Mascaras","precio":1830.27,"destacado":false,"descripcion":"","imagen":"assets/products/CA-000000050255.webp","tags":["mascara","goma","eva","batman"]},{"id":"CA-000000048392","nombre":"MASCARA GOMA EVA ELEFANTE TROMPITA 2050 x1","categoria":"Cotillon","subcategoria":"Caretas Y Mascaras","precio":1900.67,"destacado":false,"descripcion":"","imagen":"assets/products/CA-000000048392.webp","tags":["mascara","goma","eva","elefante","trompita","2050"]},{"id":"CA-000000053139","nombre":"MASCARA LATEX CON ELASTICO ANABEL CON PELO LATEX 305 Bx1 MF","categoria":"Cotillon","subcategoria":"Caretas Y Mascaras","precio":26921.7,"destacado":false,"descripcion":"","imagen":"assets/products/CA-000000053139.webp","tags":["mascara","latex","con","elastico","anabel","con","pelo","latex","305","bx1"]},{"id":"CA-000000053119","nombre":"MASCARA LATEX CON ELASTICO ZOMBIE OJOS SALTONES 240 x1 MF","categoria":"Cotillon","subcategoria":"Caretas Y Mascaras","precio":24165.0,"destacado":false,"descripcion":"","imagen":"assets/products/CA-000000053119.webp","tags":["mascara","latex","con","elastico","zombie","ojos","saltones","240"]},{"id":"CA-000000057349","nombre":"MASCARA PLASTICA JUEGO DEL CALAMAR x1 EZ834","categoria":"Cotillon","subcategoria":"Caretas Y Mascaras","precio":882.7,"destacado":false,"descripcion":"","imagen":"assets/products/CA-000000057349.webp","tags":["mascara","plastica","juego","del","calamar","ez834"]}]}