{"category_slug":"hogar_bazar","subcategory_slug":"bowl_fraperas_vasos_medidores","page":1,"page_size":48,"total":30,"items":[{"id":"CA-489413097206","nombre":"BOWL CON PICO Y BASE 23.5x28cm x1 3010S/SP","categoria":"Hogar-Bazar","subcategoria":"Bowl/Fraperas/Vasos Medidores","precio":10908.04,"destacado":false,"descripcion":"","imagen":"assets/products/CA-489413097206.webp","tags":["bowl","con","pico","base","5x28cm","3010s"]},{"id":"CA-779809870635","nombre":"BOWL CUADRADO AMARILLO PASTEL KV x10 2115AMPB","categoria":"Hogar-Bazar","subcategoria":"Bowl/Fraperas/Vasos Medidores","precio":3796.2,"destacado":false,"descripcion":"","imagen":"assets/products/CA-779809870635.webp","tags":["bowl","cuadrado","amarillo","pastel","x10","2115ampb"]},{"id":"CA-779809870445","nombre":"BOWL CUADRADO BLANCO KV x10 2115BB","categoria":"Hogar-Bazar","subcategoria":"Bowl/Fraperas/Vasos Medidores","precio":3796.2,"destacado":false,"descripcion":"","imagen":"assets/products/CA-779809870445.webp","tags":["bowl","cuadrado","blanco","x10","2115bb"]},{"id":"CA-779809870636","nombre":"BOWL CUADRADO CELESTE PASTEL KV x10 2115CPB","categoria":"Hogar-Bazar","subcategoria":"Bowl/Fraperas/Vasos Medidores","precio":3796.2,"destacado":false,"descripcion":"","imagen":"assets/products/CA-779809870636.webp","tags":["bowl","cuadrado","celeste","pastel","x10","2115cpb"]},{"id":"CA-779809870449","nombre":"BOWL CUADRADO ROJO KV x10 2115RR","categoria":"Hogar-Bazar","subcategoria":"Bowl/Fraperas/Vasos Medidores","precio":3796.2,"destacado":false,"descripcion":"","imagen":"assets/products/CA-779809870449.webp","tags":["bowl","cuadrado","rojo","x10","2115rr"]},{"id":"CA-779809870637","nombre":"BOWL CUADRADO ROSA PASTEL KV x10 2115RSPC","categoria":"Hogar-Bazar","subcategoria":"Bowl/Fraperas/Vasos Medidores","precio":3796.2,"destacado":false,"descripcion":"","imagen":"assets/products/CA-779809870637.webp","tags":["bowl","cuadrado","rosa","pastel","x10","2115rspc"]},{"id":"CA-779809870638","nombre":"BOWL CUADRADO VERDE PASTEL KV x10 2115VPB","categoria":"Hogar-Bazar","subcategoria":"Bowl/Fraperas/Vasos Medidores","precio":3796.2,"destacado":false,"descripcion":"","imagen":"assets/products/CA-779809870638.webp","tags":["bowl","cuadrado","verde","pastel","x10","2115vpb"]},{"id":"CA-779000018128","nombre":"BOWL DE ACERO 22,5cm x1 10553","categoria":"Hogar-Bazar","subcategoria":"Bowl/Fraperas/Vasos Medidores","precio":1898.65,"destacado":false,"descripcion":"","imagen":"assets/products/CA-779000018128.webp","tags":["bowl","acero","5cm","10553"]},{"id":"CA-779000018130","nombre":"BOWL DE ACERO 26,5cm x1 10555","categoria":"Hogar-Bazar","subcategoria":"Bowl/Fraperas/Vasos Medidores","precio":2470.49,"destacado":false,"descripcion":"","imagen":"assets/products/CA-779000018130.webp","tags":["bowl","acero","5cm","10555"]},{"id":"CA-489413097122","nombre":"BOWL DE ACERO CON ASAS Y BASE ANTIDESLIZANTE 21cm x1 21CT1","categoria":"Hogar-Bazar","subcategoria":"Bowl/Fraperas/Vasos Medidores","precio":7465.91,"destacado":false,"descripcion":"","imagen":"assets/products/CA-489413097122.webp","tags":["bowl","acero","con","asas","base","antideslizante","21cm","21ct1"]},{"id":"CA-489413097123","nombre":"BOWL DE ACERO CON ASAS Y BASE ANTIDESLIZANTE 25cm x1 25CT1","categoria":"Hogar-Bazar","subcategoria":"Bowl/Fraperas/Vasos Medidores","precio":10297.8,"destacado":false,"descripcion":"","imagen":"assets/products/CA-489413097123.webp","tags":["bowl","acero","con","asas","base","antideslizante","25cm","25ct1"]},{"id":"CA-779429701003","nombre":"BOWL GRANDE CRISTAL 21cm x1 1003","categoria":"Hogar-Bazar","subcategoria":"Bowl/Fraperas/Vasos Medidores","precio":1015.86,"destacado":false,"descripcion":"","imagen":"assets/products/CA-779429701003.webp","tags":["bowl","grande","cristal","21cm","1003"]},{"id":"CA-779000024457","nombre":"BOWL MELAMINA BLANCA BORDE COLOR x6 CN18916","categoria":"Hogar-Bazar","subcategoria":"Bowl/Fraperas/Vasos Medidores","precio":21438.3,"destacado":false,"descripcion":"","imagen":"assets/products/CA-779000024457.webp","tags":["bowl","melamina","blanca","borde","color","cn18916"]},{"id":"CA-779000024397","nombre":"BOWL MELAMINA COLOR x6 17.5CM CN18189","categoria":"Hogar-Bazar","subcategoria":"Bowl/Fraperas/Vasos Medidores","precio":18366.08,"destacado":false,"descripcion":"","imagen":"assets/products/CA-779000024397.webp","tags":["bowl","melamina","color","5cm","cn18189"]},{"id":"CA-779000024398","nombre":"BOWL MELAMINA COLOR x6 CN18190","categoria":"Hogar-Bazar","subcategoria":"Bowl/Fraperas/Vasos Medidores","precio":17155.13,"destacado":false,"descripcion":"","imagen":"assets/products/CA-779000024398.webp","tags":["bowl","melamina","color","cn18190"]},{"id":"CA-779000010663","nombre":"BOWL MULTIUSO DE ACERO 14cm x1 8606","categoria":"Hogar-Bazar","subcategoria":"Bowl/Fraperas/Vasos Medidores","precio":1102.57,"destacado":false,"descripcion":"","imagen":"assets/products/CA-779000010663.webp","tags":["bowl","multiuso","acero","14cm","8606"]},{"id":"CA-779429701037","nombre":"BOWL PLASTICO (varios colores) 25cm x1 1037","categoria":"Hogar-Bazar","subcategoria":"Bowl/Fraperas/Vasos Medidores","precio":2241.68,"destacado":false,"descripcion":"","imagen":"assets/products/CA-779429701037.webp","tags":["bowl","plastico","varios","colores","25cm","1037"]},{"id":"CA-000000051206","nombre":"BOWL PLASTICO BLANCO MULTIUSO APTO MICROONDAS x1","categoria":"Hogar-Bazar","subcategoria":"Bowl/Fraperas/Vasos Medidores","precio":1979.32,"destacado":false,"descripcion":"","imagen":"assets/products/CA-000000051206.webp","tags":["bowl","plastico","blanco","multiuso","apto","microondas"]},{"id":"CA-000000051207","nombre":"BOWL PLASTICO CRISTAL MULTIUSO x1","categoria":"Hogar-Bazar","subcategoria":"Bowl/Fraperas/Vasos Medidores","precio":1979.32,"destacado":false,"descripcion":"","imagen":"assets/products/CA-000000051207.webp","tags":["bowl","plastico","cristal","multiuso"]},{"id":"CA-000000051220","nombre":"BOWL PLASTICO NEGRO MULTIUSO APTO MICROONDAS x1","categoria":"Hogar-Bazar","subcategoria":"Bowl/Fraperas/Vasos Medidores","precio":1979.32,"destacado":false,"descripcion":"","imagen":"assets/products/CA-000000051220.webp","tags":["bowl","plastico","negro","multiuso","apto","microondas"]},{"id":"CA-779429701024","nombre":"BOWL PLASTICO SUPER GRANDE 28cm x1 1024","categoria":"Hogar-Bazar","subcategoria":"Bowl/Fraperas/Vasos Medidores","precio":2220.9,"destacado":false,"descripcion":"","imagen":"assets/products/CA-779429701024.webp","tags":["bowl","plastico","super","grande","28cm","1024"]},{"id":"CA-779000018138","nombre":"BOWL REPOSTERO DE ACERO 24cm x1 10563","categoria":"Hogar-Bazar","subcategoria":"Bowl/Fraperas/Vasos Medidores","precio":5411.9,"destacado":false,"descripcion":"","imagen":"assets/products/CA-779000018138.webp","tags":["bowl","repostero","acero","24cm","10563"]},{"id":"CA-779000018140","nombre":"BOWL REPOSTERO DE ACERO 28cm x1 10565","categoria":"Hogar-Bazar","subcategoria":"Bowl/Fraperas/Vasos Medidores","precio":6742.45,"destacado":false,"descripcion":"","imagen":"assets/products/CA-779000018140.webp","tags":["bowl","repostero","acero","28cm","10565"]},{"id":"CA-779000023635","nombre":"CUCHARA MEDIDORA COLOR x5 16212","categoria":"Hogar-Bazar","subcategoria":"Bowl/Fraperas/Vasos Medidores","precio":1338.03,"destacado":false,"descripcion":"","imagen":"assets/products/CA-779000023635.webp","tags":["cuchara","medidora","color","16212"]},{"id":"CA-000000005884","nombre":"JARRA MEDIDORA 1/2 LITRO PLASTICA","categoria":"Hogar-Bazar","subcategoria":"Bowl/Fraperas/Vasos Medidores","precio":659.6,"destacado":false,"descripcion":"","imagen":"assets/products/CA-000000005884.webp","tags":["jarra","medidora","litro","plastica"]},{"id":"CA-379000104120","nombre":"JARRA MEDIDORA 1LT x1 104120","categoria":"Hogar-Bazar","subcategoria":"Bowl/Fraperas/Vasos Medidores","precio":1219.05,"destacado":false,"descripcion":"","imagen":"assets/products/CA-379000104120.webp","tags":["jarra","medidora","1lt","104120"]},{"id":"CA-779429702400","nombre":"JARRA REDONDA MEDIDORA FRUTAL CON EXPRIMIDOR (varios colores) x1 2400","categoria":"Hogar-Bazar","subcategoria":"Bowl/Fraperas/Vasos Medidores","precio":1713.51,"destacado":false,"descripcion":"","imagen":"assets/products/CA-779429702400.webp","tags":["jarra","redonda","medidora","frutal","con","exprimidor","varios","colores","2400"]},{"id":"CA-779429701006","nombre":"VASO MEDIDOR BLANDO 325cc x1 1006","categoria":"Hogar-Bazar","subcategoria":"Bowl/Fraperas/Vasos Medidores","precio":807.47,"destacado":false,"descripcion":"","imagen":"assets/products/CA-779429701006.webp","tags":["vaso","medidor","blando","325cc","1006"]},{"id":"CA-000000001870","nombre":"VASO MEDIDOR CON RELIEVE 1/2 LITRO  x1","categoria":"Hogar-Bazar","subcategoria":"Bowl/Fraperas/Vasos Medidores","precio":1926.5,"destacado":false,"descripcion":"","imagen":"assets/products/CA-000000001870.webp","tags":["vaso","medidor","con","relieve","litro"]},{"id":"CA-779261001734","nombre":"VASO MEDIDOR PLASTICO 350cc x1","categoria":"Hogar-Bazar","subcategoria":"Bowl/Fraperas/Vasos Medidores","precio":924.69,"destacado":false,"descripcion":"","imagen":"assets/products/CA-779261001734.webp","tags":["vaso","medidor","plastico","350cc"]}]}