{"category_slug":"acontecimientos","subcategory_slug":"","page":2,"page_size":48,"total":68,"items":[{"id":"CA-000000057458","nombre":"LAMINA COMESTIBLE REDONDA MI BAUTISMO NENA MODELOS SURT. (FOTOTORTA) x1 LC","categoria":"Acontecimientos","subcategoria":"Linea Bautismo","precio":1147.5,"destacado":false,"descripcion":"* (19/12/2025)","imagen":"assets/products/CA-000000057458.webp","tags":["lamina","comestible","redonda","bautismo","nena","modelos","surt","fototorta"]},{"id":"CA-000000057459","nombre":"LAMINA COMESTIBLE REDONDA MI BAUTISMO NENE MODELOS SURT. (FOTOTORTA) x1 LC","categoria":"Acontecimientos","subcategoria":"Linea Bautismo","precio":1147.5,"destacado":false,"descripcion":"* (19/12/2025)","imagen":"assets/products/CA-000000057459.webp","tags":["lamina","comestible","redonda","bautismo","nene","modelos","surt","fototorta"]},{"id":"CA-000000051970","nombre":"MOÑO PARA AUTO DECORATIVO X 1 BORDO","categoria":"Acontecimientos","subcategoria":"Moños Para Auto - Bodas Y 15","precio":10665.0,"destacado":false,"descripcion":"* (17/12/2025)","imagen":"assets/products/CA-000000051970.webp","tags":["moño","para","auto","decorativo","bordo"]},{"id":"CA-000000052902","nombre":"MOÑO PARA AUTO DECORATIVO X 1 NEGRO","categoria":"Acontecimientos","subcategoria":"Moños Para Auto - Bodas Y 15","precio":10665.0,"destacado":false,"descripcion":"* (17/12/2025)","imagen":"assets/products/CA-000000052902.webp","tags":["moño","para","auto","decorativo","negro"]},{"id":"CA-000000036555","nombre":"MOÑO PARA AUTO DECORATIVO x1 AZUL","categoria":"Acontecimientos","subcategoria":"Moños Para Auto - Bodas Y 15","precio":10665.0,"destacado":false,"descripcion":"* (17/12/2025)","imagen":"assets/products/CA-000000036555.webp","tags":["moño","para","auto","decorativo","azul"]},{"id":"CA-000000036557","nombre":"MOÑO PARA AUTO DECORATIVO x1 BLANCO","categoria":"Acontecimientos","subcategoria":"Moños Para Auto - Bodas Y 15","precio":10665.0,"destacado":false,"descripcion":"* (17/12/2025)","imagen":"assets/products/CA-000000036557.webp","tags":["moño","para","auto","decorativo","blanco"]},{"id":"CA-000000036560","nombre":"MOÑO PARA AUTO DECORATIVO x1 DORADO","categoria":"Acontecimientos","subcategoria":"Moños Para Auto - Bodas Y 15","precio":10665.0,"destacado":false,"descripcion":"* (17/12/2025)","imagen":"assets/products/CA-000000036560.webp","tags":["moño","para","auto","decorativo","dorado"]},{"id":"CA-000000036558","nombre":"MOÑO PARA AUTO DECORATIVO x1 FUCSIA","categoria":"Acontecimientos","subcategoria":"Moños Para Auto - Bodas Y 15","precio":10665.0,"destacado":false,"descripcion":"* (17/12/2025)","imagen":"assets/products/CA-000000036558.webp","tags":["moño","para","auto","decorativo","fucsia"]},{"id":"CA-000000036559","nombre":"MOÑO PARA AUTO DECORATIVO x1 LILA","categoria":"Acontecimientos","subcategoria":"Moños Para Auto - Bodas Y 15","precio":10665.0,"destacado":false,"descripcion":"* (17/12/2025)","imagen":"assets/products/CA-000000036559.webp","tags":["moño","para","auto","decorativo","lila"]},{"id":"CA-000000036561","nombre":"MOÑO PARA AUTO DECORATIVO x1 PLATEADO","categoria":"Acontecimientos","subcategoria":"Moños Para Auto - Bodas Y 15","precio":10665.0,"destacado":false,"descripcion":"* (17/12/2025)","imagen":"assets/products/CA-000000036561.webp","tags":["moño","para","auto","decorativo","plateado"]},{"id":"CA-000000036562","nombre":"MOÑO PARA AUTO DECORATIVO x1 ROJO","categoria":"Acontecimientos","subcategoria":"Moños Para Auto - Bodas Y 15","precio":10665.0,"destacado":false,"descripcion":"* (17/12/2025)","imagen":"assets/products/CA-000000036562.webp","tags":["moño","para","auto","decorativo","rojo"]},{"id":"CA-000000036563","nombre":"MOÑO PARA AUTO DECORATIVO x1 ROSA","categoria":"Acontecimientos","subcategoria":"Moños Para Auto - Bodas Y 15","precio":10665.0,"destacado":false,"descripcion":"* (17/12/2025)","imagen":"assets/products/CA-000000036563.webp","tags":["moño","para","auto","decorativo","rosa"]},{"id":"CA-000000036564","nombre":"MOÑO PARA AUTO DECORATIVO x1 SALMON","categoria":"Acontecimientos","subcategoria":"Moños Para Auto - Bodas Y 15","precio":10665.0,"destacado":false,"descripcion":"* (17/12/2025)","imagen":"assets/products/CA-000000036564.webp","tags":["moño","para","auto","decorativo","salmon"]},{"id":"CA-000000036565","nombre":"MOÑO PARA AUTO DECORATIVO x1 TURQUESA","categoria":"Acontecimientos","subcategoria":"Moños Para Auto - Bodas Y 15","precio":10665.0,"destacado":false,"descripcion":"* (17/12/2025)","imagen":"assets/products/CA-000000036565.webp","tags":["moño","para","auto","decorativo","turquesa"]},{"id":"CA-000000036566","nombre":"MOÑO PARA AUTO DECORATIVO x1 VERDE AGUA","categoria":"Acontecimientos","subcategoria":"Moños Para Auto - Bodas Y 15","precio":10665.0,"destacado":false,"descripcion":"* (17/12/2025)","imagen":"assets/products/CA-000000036566.webp","tags":["moño","para","auto","decorativo","verde","agua"]},{"id":"CA-000000036567","nombre":"MOÑO PARA AUTO DECORATIVO x1 VIOLETA","categoria":"Acontecimientos","subcategoria":"Moños Para Auto - Bodas Y 15","precio":10665.0,"destacado":false,"descripcion":"* (17/12/2025)","imagen":"assets/products/CA-000000036567.webp","tags":["moño","para","auto","decorativo","violeta"]},{"id":"CA-779813465929","nombre":"PINCHE PARA FOTO FIESTA BABY SHOWER NENA x12 (PROP)S.1206-2 GOLD MUNDO","categoria":"Acontecimientos","subcategoria":"Nacimiento / Baby Shower / Bautismo / 1° Añito","precio":1423.44,"destacado":false,"descripcion":"","imagen":"assets/products/CA-779813465929.webp","tags":["pinche","para","foto","fiesta","baby","shower","nena","x12","prop","1206","gold","mundo"]},{"id":"CA-779813465928","nombre":"PINCHE PARA FOTO FIESTA BABY SHOWER NENE x12 (PROPS)S.1206-1 GOLD MUNDO","categoria":"Acontecimientos","subcategoria":"Nacimiento / Baby Shower / Bautismo / 1° Añito","precio":1423.44,"destacado":false,"descripcion":"","imagen":"assets/products/CA-779813465928.webp","tags":["pinche","para","foto","fiesta","baby","shower","nene","x12","props","1206","gold","mundo"]},{"id":"CA-779905101095","nombre":"PLATO CARTON CON STAMPING REVELACION DE GENERO x8 GM 4708","categoria":"Acontecimientos","subcategoria":"Revelacion De Genero","precio":1379.03,"destacado":false,"descripcion":"","imagen":"assets/products/CA-779905101095.webp","tags":["plato","carton","con","stamping","revelacion","genero","4708"]},{"id":"CA-696214360879","nombre":"SPRAY REVELACION DE GENERO POLVO ROSA/CELESTE x1 U24-068","categoria":"Acontecimientos","subcategoria":"Revelacion De Genero","precio":6552.0,"destacado":false,"descripcion":"","imagen":"assets/products/CA-696214360879.webp","tags":["spray","revelacion","genero","polvo","rosa","celeste","u24","068"]}]}