{"category_slug":"carnaval_carioca","subcategory_slug":"anteojos","page":3,"page_size":48,"total":122,"items":[{"id":"CA-679749900703","nombre":"ANTEOJO RECTANGULAR CON STRASS   x1 DA703-01","categoria":"Carnaval Carioca","subcategoria":"Anteojos","precio":2638.19,"destacado":false,"descripcion":"","imagen":"assets/products/CA-679749900703.webp","tags":["anteojo","rectangular","con","strass","da703"]},{"id":"CA-679749920703","nombre":"ANTEOJO RECTANGULAR CON STRASS   x1 DA703-03","categoria":"Carnaval Carioca","subcategoria":"Anteojos","precio":2638.19,"destacado":false,"descripcion":"","imagen":"assets/products/CA-679749920703.webp","tags":["anteojo","rectangular","con","strass","da703"]},{"id":"CA-698546515918","nombre":"ANTEOJO RECTANGULAR TRANSPARENTE VARIOS COLORES  x1  MM159-18","categoria":"Carnaval Carioca","subcategoria":"Anteojos","precio":2427.72,"destacado":false,"descripcion":"","imagen":"assets/products/CA-698546515918.webp","tags":["anteojo","rectangular","transparente","varios","colores","mm159"]},{"id":"CA-692024015918","nombre":"ANTEOJO RECTANGULAR TRANSPARENTE VARIOS COLORES  x1 MM159-18","categoria":"Carnaval Carioca","subcategoria":"Anteojos","precio":2427.72,"destacado":false,"descripcion":"","imagen":"assets/products/CA-692024015918.webp","tags":["anteojo","rectangular","transparente","varios","colores","mm159"]},{"id":"CA-202560000117","nombre":"ANTEOJO REDONDO FELIZ CUMPLEAÑOS DORADO X1 FP0117-01","categoria":"Carnaval Carioca","subcategoria":"Anteojos","precio":2125.62,"destacado":false,"descripcion":"","imagen":"assets/products/CA-202560000117.webp","tags":["anteojo","redondo","feliz","cumpleaños","dorado","fp0117"]},{"id":"CA-202562000117","nombre":"ANTEOJO REDONDO FELIZ CUMPLEAÑOS PLATA X1 FP0117-02","categoria":"Carnaval Carioca","subcategoria":"Anteojos","precio":2125.62,"destacado":false,"descripcion":"","imagen":"assets/products/CA-202562000117.webp","tags":["anteojo","redondo","feliz","cumpleaños","plata","fp0117"]},{"id":"CA-679749900676","nombre":"ANTEOJO REDONDO SEXY CON COLGANTE x1 DA676","categoria":"Carnaval Carioca","subcategoria":"Anteojos","precio":2900.0,"destacado":false,"descripcion":"* (12/12/2025)","imagen":"assets/products/CA-679749900676.webp","tags":["anteojo","redondo","sexy","con","colgante","da676"]},{"id":"CA-202560000121","nombre":"ANTEOJO REDONDO STRASS ACRILICO VARIOS COLORES X1 FP0121","categoria":"Carnaval Carioca","subcategoria":"Anteojos","precio":2240.0,"destacado":false,"descripcion":"","imagen":"assets/products/CA-202560000121.webp","tags":["anteojo","redondo","strass","acrilico","varios","colores","fp0121"]},{"id":"CA-698729922623","nombre":"ANTEOJO REJILLA/LISO PLASTICO FLUO ( varios modelos)  x12 2623","categoria":"Carnaval Carioca","subcategoria":"Anteojos","precio":3326.74,"destacado":false,"descripcion":"","imagen":"assets/products/CA-698729922623.webp","tags":["anteojo","rejilla","liso","plastico","fluo","varios","modelos","x12","2623"]},{"id":"CA-541497892191","nombre":"ANTEOJO RETRO C ON LUNARES NEGROSx1 PA0191-02","categoria":"Carnaval Carioca","subcategoria":"Anteojos","precio":1925.24,"destacado":false,"descripcion":"","imagen":"assets/products/CA-541497892191.webp","tags":["anteojo","retro","lunares","negrosx1","pa0191"]},{"id":"CA-541497890191","nombre":"ANTEOJO RETRO CON LUNARES BLANCOS x1 PA0191-01","categoria":"Carnaval Carioca","subcategoria":"Anteojos","precio":1925.24,"destacado":false,"descripcion":"","imagen":"assets/products/CA-541497890191.webp","tags":["anteojo","retro","con","lunares","blancos","pa0191"]},{"id":"CA-541497890397","nombre":"ANTEOJO RETRO CUADRADO METAL  x1 PA0397","categoria":"Carnaval Carioca","subcategoria":"Anteojos","precio":2522.74,"destacado":false,"descripcion":"","imagen":"assets/products/CA-541497890397.webp","tags":["anteojo","retro","cuadrado","metal","pa0397"]},{"id":"CA-892015815920","nombre":"ANTEOJO RETRO OVALADO VARIOS COLORESx1 MM159-20","categoria":"Carnaval Carioca","subcategoria":"Anteojos","precio":1855.76,"destacado":false,"descripcion":"","imagen":"assets/products/CA-892015815920.webp","tags":["anteojo","retro","ovalado","varios","coloresx1","mm159"]},{"id":"CA-695478124608","nombre":"ANTEOJO STRASS FELIZ CUMPLEAÑOS VARIOS COLORES x1 GY-608","categoria":"Carnaval Carioca","subcategoria":"Anteojos","precio":2537.61,"destacado":false,"descripcion":"","imagen":"assets/products/CA-695478124608.webp","tags":["anteojo","strass","feliz","cumpleaños","varios","colores","608"]},{"id":"CA-000000042329","nombre":"ANTEOJO SURTIDOS PLASTICOS x12","categoria":"Carnaval Carioca","subcategoria":"Anteojos","precio":2646.99,"destacado":false,"descripcion":"","imagen":"assets/products/CA-000000042329.webp","tags":["anteojo","surtidos","plasticos","x12"]},{"id":"CA-779908804702","nombre":"ANTEOJO TECNOGAFAS x1 LE30  PS","categoria":"Carnaval Carioca","subcategoria":"Anteojos","precio":1965.95,"destacado":false,"descripcion":"","imagen":"assets/products/CA-779908804702.webp","tags":["anteojo","tecnogafas","le30"]},{"id":"CA-202560000745","nombre":"ANTEOJO VELITAS METALIZADO VARIOS COLORES x12 FP0745","categoria":"Carnaval Carioca","subcategoria":"Anteojos","precio":5944.68,"destacado":false,"descripcion":"","imagen":"assets/products/CA-202560000745.webp","tags":["anteojo","velitas","metalizado","varios","colores","x12","fp0745"]},{"id":"CA-202560001382","nombre":"ANTEOJO VINTAGE BLANCO X1 FP1382","categoria":"Carnaval Carioca","subcategoria":"Anteojos","precio":1697.85,"destacado":false,"descripcion":"","imagen":"assets/products/CA-202560001382.webp","tags":["anteojo","vintage","blanco","fp1382"]},{"id":"CA-892015815919","nombre":"ANTEOJO VINTAGE VARIOS COLORES  x1  MM159-19","categoria":"Carnaval Carioca","subcategoria":"Anteojos","precio":1855.76,"destacado":false,"descripcion":"","imagen":"assets/products/CA-892015815919.webp","tags":["anteojo","vintage","varios","colores","mm159"]},{"id":"CA-202560001413","nombre":"ANTEOJO WOMAN CRISTAL NEGRO CON DORADO X1 FP1413-02","categoria":"Carnaval Carioca","subcategoria":"Anteojos","precio":2831.22,"destacado":false,"descripcion":"","imagen":"assets/products/CA-202560001413.webp","tags":["anteojo","woman","cristal","negro","con","dorado","fp1413"]},{"id":"CA-202563001413","nombre":"ANTEOJO WOMAN CRISTAL ROSA CON DORADO X1 FP1413-03","categoria":"Carnaval Carioca","subcategoria":"Anteojos","precio":2831.22,"destacado":false,"descripcion":"","imagen":"assets/products/CA-202563001413.webp","tags":["anteojo","woman","cristal","rosa","con","dorado","fp1413"]},{"id":"CA-788224111749","nombre":"ANTEOJOS METALIZADOS CORAZON x12 U24-749","categoria":"Carnaval Carioca","subcategoria":"Anteojos","precio":5323.5,"destacado":false,"descripcion":"","imagen":"assets/products/CA-788224111749.webp","tags":["anteojos","metalizados","corazon","x12","u24","749"]},{"id":"CA-788224111751","nombre":"ANTEOJOS METALIZADOS ESTRELLA x12 U24-751","categoria":"Carnaval Carioca","subcategoria":"Anteojos","precio":5323.5,"destacado":false,"descripcion":"","imagen":"assets/products/CA-788224111751.webp","tags":["anteojos","metalizados","estrella","x12","u24","751"]},{"id":"CA-000000053520","nombre":"ANTEOJOS OJOS LOCOS x1 CL725","categoria":"Carnaval Carioca","subcategoria":"Anteojos","precio":1456.0,"destacado":false,"descripcion":"","imagen":"assets/products/CA-000000053520.webp","tags":["anteojos","ojos","locos","cl725"]},{"id":"CA-803410700481","nombre":"GUANTES DE TELA BLANCO CORTO x1 PAR YJ0608","categoria":"Carnaval Carioca","subcategoria":"Anteojos","precio":1026.03,"destacado":false,"descripcion":"","imagen":"assets/products/CA-803410700481.webp","tags":["guantes","tela","blanco","corto","par","yj0608"]},{"id":"CA-690102850791","nombre":"MAQUILLAJE ARTISTICO EN BARRA LABIAL GLITTER x4 MULTICOLOR ARTELIGHT","categoria":"Carnaval Carioca","subcategoria":"Anteojos","precio":3199.5,"destacado":false,"descripcion":"","imagen":"assets/products/CA-690102850791.webp","tags":["maquillaje","artistico","barra","labial","glitter","multicolor","artelight"]}]}