{"category_slug":"carnaval_carioca","subcategory_slug":"anteojos","page":2,"page_size":48,"total":122,"items":[{"id":"CA-541497881240","nombre":"ANTEOJO LABIOS WOMAN PARTY  x1 PA1240","categoria":"Carnaval Carioca","subcategoria":"Anteojos","precio":1766.63,"destacado":false,"descripcion":"","imagen":"assets/products/CA-541497881240.webp","tags":["anteojo","labios","woman","party","pa1240"]},{"id":"CA-541497890033","nombre":"ANTEOJO LENNON GRANDE COLOR  x1 PA0033","categoria":"Carnaval Carioca","subcategoria":"Anteojos","precio":1554.24,"destacado":false,"descripcion":"","imagen":"assets/products/CA-541497890033.webp","tags":["anteojo","lennon","grande","color","pa0033"]},{"id":"CA-541497881250","nombre":"ANTEOJO LENNON MINI METAL  x1 PA1250","categoria":"Carnaval Carioca","subcategoria":"Anteojos","precio":1500.0,"destacado":false,"descripcion":"","imagen":"assets/products/CA-541497881250.webp","tags":["anteojo","lennon","mini","metal","pa1250"]},{"id":"CA-690202503066","nombre":"ANTEOJO LENNON VARIOS COLORES x1 MQ13-06","categoria":"Carnaval Carioca","subcategoria":"Anteojos","precio":1260.0,"destacado":false,"descripcion":"","imagen":"assets/products/CA-690202503066.webp","tags":["anteojo","lennon","varios","colores","mq13"]},{"id":"CA-202560201421","nombre":"ANTEOJO LUXURY DIVA BORDE DORADO x1 FP1421-02","categoria":"Carnaval Carioca","subcategoria":"Anteojos","precio":2619.54,"destacado":false,"descripcion":"","imagen":"assets/products/CA-202560201421.webp","tags":["anteojo","luxury","diva","borde","dorado","fp1421"]},{"id":"CA-202560001421","nombre":"ANTEOJO LUXURY DIVA BORDE PLATA x1 FP1421-01","categoria":"Carnaval Carioca","subcategoria":"Anteojos","precio":2619.54,"destacado":false,"descripcion":"","imagen":"assets/products/CA-202560001421.webp","tags":["anteojo","luxury","diva","borde","plata","fp1421"]},{"id":"CA-202560000744","nombre":"ANTEOJO MARGARITA METALIZADO VARIOS COLORES x12 FP0744","categoria":"Carnaval Carioca","subcategoria":"Anteojos","precio":5944.68,"destacado":false,"descripcion":"","imagen":"assets/products/CA-202560000744.webp","tags":["anteojo","margarita","metalizado","varios","colores","x12","fp0744"]},{"id":"CA-000000056504","nombre":"ANTEOJO MARGARITA RECTANGULAR x1 BH194","categoria":"Carnaval Carioca","subcategoria":"Anteojos","precio":4004.0,"destacado":false,"descripcion":"","imagen":"assets/products/CA-000000056504.webp","tags":["anteojo","margarita","rectangular","bh194"]},{"id":"CA-202569900883","nombre":"ANTEOJO MARGARITA X1 DC883","categoria":"Carnaval Carioca","subcategoria":"Anteojos","precio":1181.25,"destacado":false,"descripcion":"","imagen":"assets/products/CA-202569900883.webp","tags":["anteojo","margarita","dc883"]},{"id":"CA-202560000708","nombre":"ANTEOJO MARIPOSA ACRILICO VARIOS COLORES X1 FP0708","categoria":"Carnaval Carioca","subcategoria":"Anteojos","precio":1133.37,"destacado":false,"descripcion":"","imagen":"assets/products/CA-202560000708.webp","tags":["anteojo","mariposa","acrilico","varios","colores","fp0708"]},{"id":"CA-779908800009","nombre":"ANTEOJO MEMES ( PIXEL )  x1 LE14  PS","categoria":"Carnaval Carioca","subcategoria":"Anteojos","precio":959.0,"destacado":false,"descripcion":"","imagen":"assets/products/CA-779908800009.webp","tags":["anteojo","memes","pixel","le14"]},{"id":"CA-541497890190","nombre":"ANTEOJO METAL  RETRO LADY IBIZA  x1 PA0190","categoria":"Carnaval Carioca","subcategoria":"Anteojos","precio":1261.36,"destacado":false,"descripcion":"","imagen":"assets/products/CA-541497890190.webp","tags":["anteojo","metal","retro","lady","ibiza","pa0190"]},{"id":"CA-803410700676","nombre":"ANTEOJO METALIZADO ANTIFAZ COLORES SURTIDOS x12 YJ0803","categoria":"Carnaval Carioca","subcategoria":"Anteojos","precio":5467.5,"destacado":false,"descripcion":"","imagen":"assets/products/CA-803410700676.webp","tags":["anteojo","metalizado","antifaz","colores","surtidos","x12","yj0803"]},{"id":"CA-000000055974","nombre":"ANTEOJO METALIZADOS RAYBAN x6 U24-758/CL905","categoria":"Carnaval Carioca","subcategoria":"Anteojos","precio":2661.75,"destacado":false,"descripcion":"","imagen":"assets/products/CA-000000055974.webp","tags":["anteojo","metalizados","rayban","u24","758","cl905"]},{"id":"CA-788224111754","nombre":"ANTEOJO METALIZADOS REJILLA ESTRELLA x12 U24-754","categoria":"Carnaval Carioca","subcategoria":"Anteojos","precio":5323.5,"destacado":false,"descripcion":"","imagen":"assets/products/CA-788224111754.webp","tags":["anteojo","metalizados","rejilla","estrella","x12","u24","754"]},{"id":"CA-788224111753","nombre":"ANTEOJO METALIZADOS REJILLA REDONDO x12 U24-753","categoria":"Carnaval Carioca","subcategoria":"Anteojos","precio":5323.5,"destacado":false,"descripcion":"","imagen":"assets/products/CA-788224111753.webp","tags":["anteojo","metalizados","rejilla","redondo","x12","u24","753"]},{"id":"CA-788224111752","nombre":"ANTEOJO METALIZADOS REJILLA x12 U24-752","categoria":"Carnaval Carioca","subcategoria":"Anteojos","precio":5323.5,"destacado":false,"descripcion":"","imagen":"assets/products/CA-788224111752.webp","tags":["anteojo","metalizados","rejilla","x12","u24","752"]},{"id":"CA-000000054334","nombre":"ANTEOJO MODELOS VARIOS (COLORES SURTIDOS) x1","categoria":"Carnaval Carioca","subcategoria":"Anteojos","precio":2470.44,"destacado":false,"descripcion":"","imagen":"assets/products/CA-000000054334.webp","tags":["anteojo","modelos","varios","colores","surtidos"]},{"id":"CA-779908804703","nombre":"ANTEOJO MODERNO STRASS x1 LE31  PS","categoria":"Carnaval Carioca","subcategoria":"Anteojos","precio":4651.15,"destacado":false,"descripcion":"","imagen":"assets/products/CA-779908804703.webp","tags":["anteojo","moderno","strass","le31"]},{"id":"CA-541497890206","nombre":"ANTEOJO MULTICOLOR PIXEL x1 PA0206","categoria":"Carnaval Carioca","subcategoria":"Anteojos","precio":1500.0,"destacado":false,"descripcion":"","imagen":"assets/products/CA-541497890206.webp","tags":["anteojo","multicolor","pixel","pa0206"]},{"id":"CA-202569920368","nombre":"ANTEOJO OVALADO VARIOS COLORES x12 DC368-02","categoria":"Carnaval Carioca","subcategoria":"Anteojos","precio":3175.2,"destacado":false,"descripcion":"","imagen":"assets/products/CA-202569920368.webp","tags":["anteojo","ovalado","varios","colores","x12","dc368"]},{"id":"CA-000000055977","nombre":"ANTEOJO PELUCHE CORAZON x1 BH125","categoria":"Carnaval Carioca","subcategoria":"Anteojos","precio":3991.0,"destacado":false,"descripcion":"","imagen":"assets/products/CA-000000055977.webp","tags":["anteojo","peluche","corazon","bh125"]},{"id":"CA-682022011981","nombre":"ANTEOJO PLASTICO BOCA CORAZON x12 JB1203-1","categoria":"Carnaval Carioca","subcategoria":"Anteojos","precio":3767.9,"destacado":false,"descripcion":"","imagen":"assets/products/CA-682022011981.webp","tags":["anteojo","plastico","boca","corazon","x12","jb1203"]},{"id":"CA-682022011982","nombre":"ANTEOJO PLASTICO BOCA ESTRELLA  x12 JB1203-1","categoria":"Carnaval Carioca","subcategoria":"Anteojos","precio":3767.9,"destacado":false,"descripcion":"","imagen":"assets/products/CA-682022011982.webp","tags":["anteojo","plastico","boca","estrella","x12","jb1203"]},{"id":"CA-691234560801","nombre":"ANTEOJO PLASTICO FLUO/ULTRAVIOLETA SURTIDOS x12  MM92-21/MM08-01","categoria":"Carnaval Carioca","subcategoria":"Anteojos","precio":4433.64,"destacado":false,"descripcion":"","imagen":"assets/products/CA-691234560801.webp","tags":["anteojo","plastico","fluo","ultravioleta","surtidos","x12","mm92","mm08"]},{"id":"CA-682022011971","nombre":"ANTEOJO PLASTICO RIVER CORAZON x12 JB1203-1","categoria":"Carnaval Carioca","subcategoria":"Anteojos","precio":3767.9,"destacado":false,"descripcion":"","imagen":"assets/products/CA-682022011971.webp","tags":["anteojo","plastico","river","corazon","x12","jb1203"]},{"id":"CA-682022011973","nombre":"ANTEOJO PLASTICO RIVER CUADRADO x12 JB1203-1","categoria":"Carnaval Carioca","subcategoria":"Anteojos","precio":3767.9,"destacado":false,"descripcion":"","imagen":"assets/products/CA-682022011973.webp","tags":["anteojo","plastico","river","cuadrado","x12","jb1203"]},{"id":"CA-682022011972","nombre":"ANTEOJO PLASTICO RIVER ESTRELLA  x12 JB1203-1","categoria":"Carnaval Carioca","subcategoria":"Anteojos","precio":3767.9,"destacado":false,"descripcion":"","imagen":"assets/products/CA-682022011972.webp","tags":["anteojo","plastico","river","estrella","x12","jb1203"]},{"id":"CA-202560001410","nombre":"ANTEOJO RAYBAN ACRILICO VARIOS COLORES X1 FP1410","categoria":"Carnaval Carioca","subcategoria":"Anteojos","precio":1768.41,"destacado":false,"descripcion":"","imagen":"assets/products/CA-202560001410.webp","tags":["anteojo","rayban","acrilico","varios","colores","fp1410"]},{"id":"CA-779908801593","nombre":"ANTEOJO RAYBAN AMARILLO FLUO x1 LE11AM/01593  PS","categoria":"Carnaval Carioca","subcategoria":"Anteojos","precio":1093.26,"destacado":false,"descripcion":"","imagen":"assets/products/CA-779908801593.webp","tags":["anteojo","rayban","amarillo","fluo","le11am","01593"]},{"id":"CA-779908803648","nombre":"ANTEOJO RAYBAN BICOLOR AMARILLO x1 LE17AM  PS","categoria":"Carnaval Carioca","subcategoria":"Anteojos","precio":1126.83,"destacado":false,"descripcion":"","imagen":"assets/products/CA-779908803648.webp","tags":["anteojo","rayban","bicolor","amarillo","le17am"]},{"id":"CA-779908803646","nombre":"ANTEOJO RAYBAN BICOLOR ROSA x1 LE17RS  PS","categoria":"Carnaval Carioca","subcategoria":"Anteojos","precio":1126.83,"destacado":false,"descripcion":"","imagen":"assets/products/CA-779908803646.webp","tags":["anteojo","rayban","bicolor","rosa","le17rs"]},{"id":"CA-779908803650","nombre":"ANTEOJO RAYBAN BICOLOR VERDE  x1 LE17VE  PS","categoria":"Carnaval Carioca","subcategoria":"Anteojos","precio":1126.83,"destacado":false,"descripcion":"","imagen":"assets/products/CA-779908803650.webp","tags":["anteojo","rayban","bicolor","verde","le17ve"]},{"id":"CA-779908803652","nombre":"ANTEOJO RAYBAN BICOLOR VIOLETA x1 LE17VI  PS","categoria":"Carnaval Carioca","subcategoria":"Anteojos","precio":1126.83,"destacado":false,"descripcion":"","imagen":"assets/products/CA-779908803652.webp","tags":["anteojo","rayban","bicolor","violeta","le17vi"]},{"id":"CA-779908803640","nombre":"ANTEOJO RAYBAN DORADO x1 LE16DO  PS","categoria":"Carnaval Carioca","subcategoria":"Anteojos","precio":1774.15,"destacado":false,"descripcion":"","imagen":"assets/products/CA-779908803640.webp","tags":["anteojo","rayban","dorado","le16do"]},{"id":"CA-692992001772","nombre":"ANTEOJO RAYBAN GRANDE VARIOS COLORES x1 DG1772A","categoria":"Carnaval Carioca","subcategoria":"Anteojos","precio":1693.05,"destacado":false,"descripcion":"","imagen":"assets/products/CA-692992001772.webp","tags":["anteojo","rayban","grande","varios","colores","dg1772a"]},{"id":"CA-779908801360","nombre":"ANTEOJO RAYBAN LISO BLANCO  x1 LE12/01360 PS","categoria":"Carnaval Carioca","subcategoria":"Anteojos","precio":1093.26,"destacado":false,"descripcion":"","imagen":"assets/products/CA-779908801360.webp","tags":["anteojo","rayban","liso","blanco","le12","01360"]},{"id":"CA-772098811053","nombre":"ANTEOJO RAYBAN LISO FLUO x1 LB053","categoria":"Carnaval Carioca","subcategoria":"Anteojos","precio":1378.15,"destacado":false,"descripcion":"","imagen":"assets/products/CA-772098811053.webp","tags":["anteojo","rayban","liso","fluo","lb053"]},{"id":"CA-772298811053","nombre":"ANTEOJO RAYBAN LISO NEGRO x1 LB053-1","categoria":"Carnaval Carioca","subcategoria":"Anteojos","precio":1378.15,"destacado":false,"descripcion":"","imagen":"assets/products/CA-772298811053.webp","tags":["anteojo","rayban","liso","negro","lb053"]},{"id":"CA-202560001417","nombre":"ANTEOJO RAYBAN METALIZADO DORADO X1 FP1417-01","categoria":"Carnaval Carioca","subcategoria":"Anteojos","precio":1697.85,"destacado":false,"descripcion":"","imagen":"assets/products/CA-202560001417.webp","tags":["anteojo","rayban","metalizado","dorado","fp1417"]},{"id":"CA-202560201417","nombre":"ANTEOJO RAYBAN METALIZADO PLATEADO X1 FP1417-02","categoria":"Carnaval Carioca","subcategoria":"Anteojos","precio":1697.85,"destacado":false,"descripcion":"","imagen":"assets/products/CA-202560201417.webp","tags":["anteojo","rayban","metalizado","plateado","fp1417"]},{"id":"CA-000000055371","nombre":"ANTEOJO RAYBAN MIS 15 x1 BP","categoria":"Carnaval Carioca","subcategoria":"Anteojos","precio":3375.0,"destacado":false,"descripcion":"","imagen":"assets/products/CA-000000055371.webp","tags":["anteojo","rayban","mis"]},{"id":"CA-779908801594","nombre":"ANTEOJO RAYBAN NARANJA FLUO x1 LE11NA/01594 PS","categoria":"Carnaval Carioca","subcategoria":"Anteojos","precio":1093.26,"destacado":false,"descripcion":"","imagen":"assets/products/CA-779908801594.webp","tags":["anteojo","rayban","naranja","fluo","le11na","01594"]},{"id":"CA-779908803642","nombre":"ANTEOJO RAYBAN PLATEADO x1 LE16PL  PS","categoria":"Carnaval Carioca","subcategoria":"Anteojos","precio":1774.15,"destacado":false,"descripcion":"","imagen":"assets/products/CA-779908803642.webp","tags":["anteojo","rayban","plateado","le16pl"]},{"id":"CA-779908801591","nombre":"ANTEOJO RAYBAN ROSA FLUO x1 LE11RS/01591  PS","categoria":"Carnaval Carioca","subcategoria":"Anteojos","precio":1093.26,"destacado":false,"descripcion":"","imagen":"assets/products/CA-779908801591.webp","tags":["anteojo","rayban","rosa","fluo","le11rs","01591"]},{"id":"CA-779908803644","nombre":"ANTEOJO RAYBAN ROSA GOLD x1 LE16RG  PS","categoria":"Carnaval Carioca","subcategoria":"Anteojos","precio":1774.15,"destacado":false,"descripcion":"","imagen":"assets/products/CA-779908803644.webp","tags":["anteojo","rayban","rosa","gold","le16rg"]},{"id":"CA-785968666868","nombre":"ANTEOJO RAYBAN TRANSPARENTE VARIOS COLORES  x1  MM159-21","categoria":"Carnaval Carioca","subcategoria":"Anteojos","precio":2427.73,"destacado":false,"descripcion":"","imagen":"assets/products/CA-785968666868.webp","tags":["anteojo","rayban","transparente","varios","colores","mm159"]},{"id":"CA-779908801592","nombre":"ANTEOJO RAYBAN VERDE FLUO x1 LE11VE/01592  PS","categoria":"Carnaval Carioca","subcategoria":"Anteojos","precio":1093.26,"destacado":false,"descripcion":"","imagen":"assets/products/CA-779908801592.webp","tags":["anteojo","rayban","verde","fluo","le11ve","01592"]}]}