{"category_slug":"cotillon","subcategory_slug":"miniaturas_juguetitos_regalitos","page":5,"page_size":48,"total":312,"items":[{"id":"CA-779810096783","nombre":"PARTY SET FILGO LAPICES 6 COLORES  x10  PARTYSET-D6-PN202","categoria":"Cotillon","subcategoria":"Miniaturas / Juguetitos / Regalitos","precio":9444.7,"destacado":false,"descripcion":"","imagen":"assets/products/CA-779810096783.webp","tags":["party","set","filgo","lapices","colores","x10","partyset","pn202"]},{"id":"CA-779810096781","nombre":"PARTY SET FILGO MARCADORES 6 COLORES  x10  PARTYSET-D6-CM2210","categoria":"Cotillon","subcategoria":"Miniaturas / Juguetitos / Regalitos","precio":9444.7,"destacado":false,"descripcion":"","imagen":"assets/products/CA-779810096781.webp","tags":["party","set","filgo","marcadores","colores","x10","partyset","cm2210"]},{"id":"CA-693632411180","nombre":"PEINES COLOR x50 U2411-180","categoria":"Cotillon","subcategoria":"Miniaturas / Juguetitos / Regalitos","precio":6461.0,"destacado":false,"descripcion":"","imagen":"assets/products/CA-693632411180.webp","tags":["peines","color","x50","u2411","180"]},{"id":"CA-000000002568","nombre":"PEINETA Y PEINE CON COLA  PATRIMAR x36","categoria":"Cotillon","subcategoria":"Miniaturas / Juguetitos / Regalitos","precio":729.59,"destacado":false,"descripcion":"","imagen":"assets/products/CA-000000002568.webp","tags":["peineta","peine","con","cola","patrimar","x36"]},{"id":"CA-552010042483","nombre":"PELOTAS 4 DEPORTES x24 NL2020-8/163155","categoria":"Cotillon","subcategoria":"Miniaturas / Juguetitos / Regalitos","precio":21419.42,"destacado":false,"descripcion":"","imagen":"assets/products/CA-552010042483.webp","tags":["pelotas","deportes","x24","nl2020","163155"]},{"id":"CA-779812557155","nombre":"PELOTAS GRANDES ROTTI x6","categoria":"Cotillon","subcategoria":"Miniaturas / Juguetitos / Regalitos","precio":1558.62,"destacado":false,"descripcion":"","imagen":"assets/products/CA-779812557155.webp","tags":["pelotas","grandes","rotti"]},{"id":"CA-779812617132","nombre":"PELOTITA MULTICOLOR PIERROTx36","categoria":"Cotillon","subcategoria":"Miniaturas / Juguetitos / Regalitos","precio":1856.25,"destacado":false,"descripcion":"","imagen":"assets/products/CA-779812617132.webp","tags":["pelotita","multicolor","pierrotx36"]},{"id":"CA-779812557267","nombre":"PELOTITAS CHICAS MULTICOLOR RAYADA ROTTI x36","categoria":"Cotillon","subcategoria":"Miniaturas / Juguetitos / Regalitos","precio":1964.44,"destacado":false,"descripcion":"","imagen":"assets/products/CA-779812557267.webp","tags":["pelotitas","chicas","multicolor","rayada","rotti","x36"]},{"id":"CA-779812557676","nombre":"PELOTITAS DE FUTBOL ARGENTINA x6","categoria":"Cotillon","subcategoria":"Miniaturas / Juguetitos / Regalitos","precio":1330.92,"destacado":false,"descripcion":"","imagen":"assets/products/CA-779812557676.webp","tags":["pelotitas","futbol","argentina"]},{"id":"CA-779812557672","nombre":"PELOTITAS DE FUTBOL AZUL Y AMARILLO x6","categoria":"Cotillon","subcategoria":"Miniaturas / Juguetitos / Regalitos","precio":1330.92,"destacado":false,"descripcion":"","imagen":"assets/products/CA-779812557672.webp","tags":["pelotitas","futbol","azul","amarillo"]},{"id":"CA-779812557674","nombre":"PELOTITAS DE FUTBOL BLANCA Y ROJA x6","categoria":"Cotillon","subcategoria":"Miniaturas / Juguetitos / Regalitos","precio":1330.92,"destacado":false,"descripcion":"","imagen":"assets/products/CA-779812557674.webp","tags":["pelotitas","futbol","blanca","roja"]},{"id":"CA-779812557670","nombre":"PELOTITAS DE FUTBOL BLANCO Y NEGRO x6","categoria":"Cotillon","subcategoria":"Miniaturas / Juguetitos / Regalitos","precio":1330.92,"destacado":false,"descripcion":"","imagen":"assets/products/CA-779812557670.webp","tags":["pelotitas","futbol","blanco","negro"]},{"id":"CA-779812557668","nombre":"PELOTITAS DE FUTBOL MULTICOLOR x6","categoria":"Cotillon","subcategoria":"Miniaturas / Juguetitos / Regalitos","precio":1330.92,"destacado":false,"descripcion":"","imagen":"assets/products/CA-779812557668.webp","tags":["pelotitas","futbol","multicolor"]},{"id":"CA-692544575357","nombre":"PELOTITAS SALTARINAS BICOLOR x100 U24-357","categoria":"Cotillon","subcategoria":"Miniaturas / Juguetitos / Regalitos","precio":10126.48,"destacado":false,"descripcion":"","imagen":"assets/products/CA-692544575357.webp","tags":["pelotitas","saltarinas","bicolor","x100","u24","357"]},{"id":"CA-692544575358","nombre":"PELOTITAS SALTARINAS DEPORTES x100 U24-358","categoria":"Cotillon","subcategoria":"Miniaturas / Juguetitos / Regalitos","precio":13534.43,"destacado":false,"descripcion":"","imagen":"assets/products/CA-692544575358.webp","tags":["pelotitas","saltarinas","deportes","x100","u24","358"]},{"id":"CA-000000041209","nombre":"PELOTITAS SALTARINAS EMOJIS x10 JB1294-3","categoria":"Cotillon","subcategoria":"Miniaturas / Juguetitos / Regalitos","precio":1400.0,"destacado":false,"descripcion":"* (19/12/2025)","imagen":"assets/products/CA-000000041209.webp","tags":["pelotitas","saltarinas","emojis","x10","jb1294"]},{"id":"CA-000000041208","nombre":"PELOTITAS SALTARINAS FLUO x10 JB1294-4","categoria":"Cotillon","subcategoria":"Miniaturas / Juguetitos / Regalitos","precio":1400.0,"destacado":false,"descripcion":"* (19/12/2025)","imagen":"assets/products/CA-000000041208.webp","tags":["pelotitas","saltarinas","fluo","x10","jb1294"]},{"id":"CA-682022021294","nombre":"PELOTITAS SALTARINAS FLUO x100 JB1294-2","categoria":"Cotillon","subcategoria":"Miniaturas / Juguetitos / Regalitos","precio":12779.82,"destacado":false,"descripcion":"","imagen":"assets/products/CA-682022021294.webp","tags":["pelotitas","saltarinas","fluo","x100","jb1294"]},{"id":"CA-692544575360","nombre":"PELOTITAS SALTARINAS FLUO x100 U24-360","categoria":"Cotillon","subcategoria":"Miniaturas / Juguetitos / Regalitos","precio":12779.82,"destacado":false,"descripcion":"","imagen":"assets/products/CA-692544575360.webp","tags":["pelotitas","saltarinas","fluo","x100","u24","360"]},{"id":"CA-000000041210","nombre":"PELOTITAS SALTARINAS FUTBOL x10 JB1294","categoria":"Cotillon","subcategoria":"Miniaturas / Juguetitos / Regalitos","precio":1400.0,"destacado":false,"descripcion":"* (19/12/2025)","imagen":"assets/products/CA-000000041210.webp","tags":["pelotitas","saltarinas","futbol","x10","jb1294"]},{"id":"CA-679740820038","nombre":"PELOTITAS SALTARINAS OJITOS  x10 PA0038 CA","categoria":"Cotillon","subcategoria":"Miniaturas / Juguetitos / Regalitos","precio":1400.0,"destacado":false,"descripcion":"* (19/12/2025)","imagen":"assets/products/CA-679740820038.webp","tags":["pelotitas","saltarinas","ojitos","x10","pa0038"]},{"id":"CA-000000009587","nombre":"PIECITO TAKA-TAKA MINI  PATRIMAR x24","categoria":"Cotillon","subcategoria":"Miniaturas / Juguetitos / Regalitos","precio":2882.57,"destacado":false,"descripcion":"","imagen":"assets/products/CA-000000009587.webp","tags":["piecito","taka","taka","mini","patrimar","x24"]},{"id":"CA-000000049291","nombre":"PINS METAL COPA DEL MUNDO (3 x 6 unid) x1","categoria":"Cotillon","subcategoria":"Miniaturas / Juguetitos / Regalitos","precio":2825.55,"destacado":false,"descripcion":"","imagen":"assets/products/CA-000000049291.webp","tags":["pins","metal","copa","del","mundo","unid"]},{"id":"CA-202207291926","nombre":"PISTOLA DE AGUA 13cm ECONOMICA  x1u. 655-1","categoria":"Cotillon","subcategoria":"Miniaturas / Juguetitos / Regalitos","precio":641.89,"destacado":false,"descripcion":"","imagen":"assets/products/CA-202207291926.webp","tags":["pistola","agua","13cm","economica","x1u","655"]},{"id":"CA-202207291923","nombre":"PISTOLA DE AGUA 17cm ECONOMICA  x1u. 654","categoria":"Cotillon","subcategoria":"Miniaturas / Juguetitos / Regalitos","precio":779.96,"destacado":false,"descripcion":"NUEVO 18/12/2025","imagen":"assets/products/CA-202207291923.webp","tags":["pistola","agua","17cm","economica","x1u","654"]},{"id":"CA-202207291909","nombre":"PISTOLA DE AGUA 22cm CON TANQUE x1u. 1001","categoria":"Cotillon","subcategoria":"Miniaturas / Juguetitos / Regalitos","precio":1169.94,"destacado":false,"descripcion":"* (18/12/2025)","imagen":"assets/products/CA-202207291909.webp","tags":["pistola","agua","22cm","con","tanque","x1u","1001"]},{"id":"CA-05022840409640","nombre":"PISTOLA DE AGUA CON TANQUE 26cm x1 744501","categoria":"Cotillon","subcategoria":"Miniaturas / Juguetitos / Regalitos","precio":1804.48,"destacado":false,"descripcion":"","imagen":"assets/products/CA-05022840409640.webp","tags":["pistola","agua","con","tanque","26cm","744501"]},{"id":"CA-05022840411827","nombre":"PISTOLA DE BURBUJAS 42 PUNTAS x1 HM50167","categoria":"Cotillon","subcategoria":"Miniaturas / Juguetitos / Regalitos","precio":6759.16,"destacado":false,"descripcion":"","imagen":"assets/products/CA-05022840411827.webp","tags":["pistola","burbujas","puntas","hm50167"]},{"id":"CA-05022840166345","nombre":"PISTOLA DE BURBUJAS A PILA EN CAJA x1 HM50158","categoria":"Cotillon","subcategoria":"Miniaturas / Juguetitos / Regalitos","precio":5591.65,"destacado":false,"descripcion":"","imagen":"assets/products/CA-05022840166345.webp","tags":["pistola","burbujas","pila","caja","hm50158"]},{"id":"CA-05022840414460","nombre":"PISTOLA DE BURBUJAS A PILA EN CAJA x1 HM50239","categoria":"Cotillon","subcategoria":"Miniaturas / Juguetitos / Regalitos","precio":6632.4,"destacado":false,"descripcion":"","imagen":"assets/products/CA-05022840414460.webp","tags":["pistola","burbujas","pila","caja","hm50239"]},{"id":"CA-552010044093","nombre":"PISTOLA DE BURBUJAS CON LUZ x1 SDD1103","categoria":"Cotillon","subcategoria":"Miniaturas / Juguetitos / Regalitos","precio":26299.78,"destacado":false,"descripcion":"","imagen":"assets/products/CA-552010044093.webp","tags":["pistola","burbujas","con","luz","sdd1103"]},{"id":"CA-202207291937","nombre":"PISTOLA LANZA AGUA CON TANQUE 30cm x1 9922","categoria":"Cotillon","subcategoria":"Miniaturas / Juguetitos / Regalitos","precio":2228.5,"destacado":false,"descripcion":"NUEVO 18/12/2025","imagen":"assets/products/CA-202207291937.webp","tags":["pistola","lanza","agua","con","tanque","30cm","9922"]},{"id":"CA-202207291932","nombre":"PISTOLA LANZA AGUA CON TANQUE 33cm  x1 8800-1","categoria":"Cotillon","subcategoria":"Miniaturas / Juguetitos / Regalitos","precio":1805.16,"destacado":false,"descripcion":"","imagen":"assets/products/CA-202207291932.webp","tags":["pistola","lanza","agua","con","tanque","33cm","8800"]},{"id":"CA-202560000048","nombre":"PISTOLA LANZA HELICE X1 FP0048","categoria":"Cotillon","subcategoria":"Miniaturas / Juguetitos / Regalitos","precio":1380.33,"destacado":false,"descripcion":"","imagen":"assets/products/CA-202560000048.webp","tags":["pistola","lanza","helice","fp0048"]},{"id":"CA-692024125704","nombre":"PIZARRA NEGRA CON PIE/TIZA Y BORRADOR (27x16cm) x1 1257-04","categoria":"Cotillon","subcategoria":"Miniaturas / Juguetitos / Regalitos","precio":5149.81,"destacado":false,"descripcion":"","imagen":"assets/products/CA-692024125704.webp","tags":["pizarra","negra","con","pie","tiza","borrador","27x16cm","1257"]},{"id":"CA-692024490901","nombre":"PIZARRA NEGRA CORAZON CON PIE  (27x19cm) x1 4909-01","categoria":"Cotillon","subcategoria":"Miniaturas / Juguetitos / Regalitos","precio":2504.67,"destacado":false,"descripcion":"","imagen":"assets/products/CA-692024490901.webp","tags":["pizarra","negra","corazon","con","pie","27x19cm","4909"]},{"id":"CA-692024490902","nombre":"PIZARRA NEGRA VINTAGE CON PIE  (27x19cm) x1 4909-02","categoria":"Cotillon","subcategoria":"Miniaturas / Juguetitos / Regalitos","precio":2418.07,"destacado":false,"descripcion":"","imagen":"assets/products/CA-692024490902.webp","tags":["pizarra","negra","vintage","con","pie","27x19cm","4909"]},{"id":"CA-779343735810","nombre":"PIZZARRA MAGICA CON SELLOS COLOR x1 735810","categoria":"Cotillon","subcategoria":"Miniaturas / Juguetitos / Regalitos","precio":1435.67,"destacado":false,"descripcion":"","imagen":"assets/products/CA-779343735810.webp","tags":["pizzarra","magica","con","sellos","color","735810"]},{"id":"CA-779343516110","nombre":"POTES MASAS PARA MODELAR AROMA FRUTAL  x3 516110","categoria":"Cotillon","subcategoria":"Miniaturas / Juguetitos / Regalitos","precio":2069.42,"destacado":false,"descripcion":"","imagen":"assets/products/CA-779343516110.webp","tags":["potes","masas","para","modelar","aroma","frutal","516110"]},{"id":"CA-690000964012","nombre":"PULSERA CABLE MULTICOLOR CHICA x 10 0964","categoria":"Cotillon","subcategoria":"Miniaturas / Juguetitos / Regalitos","precio":1142.7,"destacado":false,"descripcion":"","imagen":"assets/products/CA-690000964012.webp","tags":["pulsera","cable","multicolor","chica","0964"]},{"id":"CA-690000963012","nombre":"PULSERA CABLE MULTICOLOR GRANDE x 10 0963","categoria":"Cotillon","subcategoria":"Miniaturas / Juguetitos / Regalitos","precio":1714.05,"destacado":false,"descripcion":"","imagen":"assets/products/CA-690000963012.webp","tags":["pulsera","cable","multicolor","grande","0963"]},{"id":"CA-000000001235","nombre":"PULSERA COLOR  PATRIMAR x36","categoria":"Cotillon","subcategoria":"Miniaturas / Juguetitos / Regalitos","precio":923.89,"destacado":false,"descripcion":"","imagen":"assets/products/CA-000000001235.webp","tags":["pulsera","color","patrimar","x36"]},{"id":"CA-000000001234","nombre":"PULSERA CON BRILLO  PATRIMAR x36","categoria":"Cotillon","subcategoria":"Miniaturas / Juguetitos / Regalitos","precio":1167.41,"destacado":false,"descripcion":"","imagen":"assets/products/CA-000000001234.webp","tags":["pulsera","con","brillo","patrimar","x36"]},{"id":"CA-000000000719","nombre":"PULSERA CON BRILLO STASIO x36u. 7191","categoria":"Cotillon","subcategoria":"Miniaturas / Juguetitos / Regalitos","precio":2216.16,"destacado":false,"descripcion":"","imagen":"assets/products/CA-000000000719.webp","tags":["pulsera","con","brillo","stasio","x36u","7191"]},{"id":"CA-000001007082","nombre":"PULSERA ESCLAVA COLORES PASTEL STASIO x12u. 7082-P","categoria":"Cotillon","subcategoria":"Miniaturas / Juguetitos / Regalitos","precio":777.53,"destacado":false,"descripcion":"","imagen":"assets/products/CA-000001007082.webp","tags":["pulsera","esclava","colores","pastel","stasio","x12u","7082"]},{"id":"CA-000000007082","nombre":"PULSERA ESCLAVA STASIO x12u. 7082","categoria":"Cotillon","subcategoria":"Miniaturas / Juguetitos / Regalitos","precio":777.53,"destacado":false,"descripcion":"","imagen":"assets/products/CA-000000007082.webp","tags":["pulsera","esclava","stasio","x12u","7082"]},{"id":"CA-779812617154","nombre":"PULSERA FANTASIA MULTICOLORx12","categoria":"Cotillon","subcategoria":"Miniaturas / Juguetitos / Regalitos","precio":1120.5,"destacado":false,"descripcion":"","imagen":"assets/products/CA-779812617154.webp","tags":["pulsera","fantasia","multicolorx12"]},{"id":"CA-000000049889","nombre":"PULSERA PERLITAS CON DIGE SURTIDOS x6u.GA","categoria":"Cotillon","subcategoria":"Miniaturas / Juguetitos / Regalitos","precio":2409.75,"destacado":false,"descripcion":"","imagen":"assets/products/CA-000000049889.webp","tags":["pulsera","perlitas","con","dige","surtidos","x6u"]}]}