{"category_slug":"cotillon","subcategory_slug":"miniaturas_juguetitos_regalitos","page":4,"page_size":48,"total":312,"items":[{"id":"CA-05022840086285","nombre":"KIT SLIME CON ACCESORIOS/ UNICORNIO x1 516209","categoria":"Cotillon","subcategoria":"Miniaturas / Juguetitos / Regalitos","precio":3083.43,"destacado":false,"descripcion":"","imagen":"assets/products/CA-05022840086285.webp","tags":["kit","slime","con","accesorios","unicornio","516209"]},{"id":"CA-05022840086377","nombre":"KIT SLIME CON ACCESORIOS/ARCO IRIS x1 515271","categoria":"Cotillon","subcategoria":"Miniaturas / Juguetitos / Regalitos","precio":3083.43,"destacado":false,"descripcion":"","imagen":"assets/products/CA-05022840086377.webp","tags":["kit","slime","con","accesorios","arco","iris","515271"]},{"id":"CA-05022840195659","nombre":"KIT SLIME CON ACCESORIOS/COLORANTE PERFUMADO x1 515269","categoria":"Cotillon","subcategoria":"Miniaturas / Juguetitos / Regalitos","precio":2956.69,"destacado":false,"descripcion":"","imagen":"assets/products/CA-05022840195659.webp","tags":["kit","slime","con","accesorios","colorante","perfumado","515269"]},{"id":"CA-05022840302842","nombre":"KIT SLIME LABORATORIO BRILLANTE (EN CAJA) x1 516262","categoria":"Cotillon","subcategoria":"Miniaturas / Juguetitos / Regalitos","precio":5491.71,"destacado":false,"descripcion":"","imagen":"assets/products/CA-05022840302842.webp","tags":["kit","slime","laboratorio","brillante","caja","516262"]},{"id":"CA-05022840195673","nombre":"KIT SLIME LABORATORIO CON ACCESORIOS Y GOTEROS x1 515270","categoria":"Cotillon","subcategoria":"Miniaturas / Juguetitos / Regalitos","precio":2956.69,"destacado":false,"descripcion":"","imagen":"assets/products/CA-05022840195673.webp","tags":["kit","slime","laboratorio","con","accesorios","goteros","515270"]},{"id":"CA-05022840195390","nombre":"KIT SLIME LABORATORIO CON ACCESORIOS Y GOTEROS x1 516212","categoria":"Cotillon","subcategoria":"Miniaturas / Juguetitos / Regalitos","precio":2914.44,"destacado":false,"descripcion":"","imagen":"assets/products/CA-05022840195390.webp","tags":["kit","slime","laboratorio","con","accesorios","goteros","516212"]},{"id":"CA-779551304472","nombre":"LAPICES DE COLORES FILGO PINTO x12u PN201-E12-SUR","categoria":"Cotillon","subcategoria":"Miniaturas / Juguetitos / Regalitos","precio":1078.39,"destacado":false,"descripcion":"","imagen":"assets/products/CA-779551304472.webp","tags":["lapices","colores","filgo","pinto","x12u","pn201","e12","sur"]},{"id":"CA-200020015319","nombre":"LAPIZ CON GOMA FORMAS x24 15319","categoria":"Cotillon","subcategoria":"Miniaturas / Juguetitos / Regalitos","precio":4528.44,"destacado":false,"descripcion":"* (16/12/2025)","imagen":"assets/products/CA-200020015319.webp","tags":["lapiz","con","goma","formas","x24","15319"]},{"id":"CA-000000007096","nombre":"MAMADERA BABY SHOWER CELESTE STASIO x12u 7096","categoria":"Cotillon","subcategoria":"Miniaturas / Juguetitos / Regalitos","precio":1936.8,"destacado":false,"descripcion":"","imagen":"assets/products/CA-000000007096.webp","tags":["mamadera","baby","shower","celeste","stasio","x12u","7096"]},{"id":"CA-000000007095","nombre":"MAMADERA BABY SHOWER ROSA STASIO x12u 7095","categoria":"Cotillon","subcategoria":"Miniaturas / Juguetitos / Regalitos","precio":1936.8,"destacado":false,"descripcion":"","imagen":"assets/products/CA-000000007095.webp","tags":["mamadera","baby","shower","rosa","stasio","x12u","7095"]},{"id":"CA-000000007093","nombre":"MAMADERA STASIO x12u. 7093","categoria":"Cotillon","subcategoria":"Miniaturas / Juguetitos / Regalitos","precio":1936.8,"destacado":false,"descripcion":"","imagen":"assets/products/CA-000000007093.webp","tags":["mamadera","stasio","x12u","7093"]},{"id":"CA-000000003492","nombre":"MANITO TAKA-TAKA MINI PATRIMAR x24","categoria":"Cotillon","subcategoria":"Miniaturas / Juguetitos / Regalitos","precio":2882.57,"destacado":false,"descripcion":"","imagen":"assets/products/CA-000000003492.webp","tags":["manito","taka","taka","mini","patrimar","x24"]},{"id":"CA-200020042288","nombre":"MARCADOR PUNTA PINCEL CON SELLITOS x12 42288","categoria":"Cotillon","subcategoria":"Miniaturas / Juguetitos / Regalitos","precio":2543.16,"destacado":false,"descripcion":"* (16/12/2025)","imagen":"assets/products/CA-200020042288.webp","tags":["marcador","punta","pincel","con","sellitos","x12","42288"]},{"id":"CA-779551317755","nombre":"MARCADORES FILGO PINTO JUMBO PASTEL  x6u CMJ-E6-PAS","categoria":"Cotillon","subcategoria":"Miniaturas / Juguetitos / Regalitos","precio":2452.85,"destacado":false,"descripcion":"","imagen":"assets/products/CA-779551317755.webp","tags":["marcadores","filgo","pinto","jumbo","pastel","x6u","cmj","pas"]},{"id":"CA-779905101038","nombre":"MINI NAIPES  x6 GM 3380-1","categoria":"Cotillon","subcategoria":"Miniaturas / Juguetitos / Regalitos","precio":1823.25,"destacado":false,"descripcion":"","imagen":"assets/products/CA-779905101038.webp","tags":["mini","naipes","3380"]},{"id":"CA-779905101168","nombre":"MINI NAIPES BRAINROT (TRALALERO)  x6 GM 0211","categoria":"Cotillon","subcategoria":"Miniaturas / Juguetitos / Regalitos","precio":1823.25,"destacado":false,"descripcion":"","imagen":"assets/products/CA-779905101168.webp","tags":["mini","naipes","brainrot","tralalero","0211"]},{"id":"CA-779905101129","nombre":"MINI NAIPES CAPIBARA / CARPINCHO  x6 GM 0111","categoria":"Cotillon","subcategoria":"Miniaturas / Juguetitos / Regalitos","precio":1823.25,"destacado":false,"descripcion":"","imagen":"assets/products/CA-779905101129.webp","tags":["mini","naipes","capibara","carpincho","0111"]},{"id":"CA-779815300716","nombre":"MINI NAIPES UNO x6u.DIVERCOTY","categoria":"Cotillon","subcategoria":"Miniaturas / Juguetitos / Regalitos","precio":583.2,"destacado":false,"descripcion":"","imagen":"assets/products/CA-779815300716.webp","tags":["mini","naipes","uno","x6u","divercoty"]},{"id":"CA-779812557490","nombre":"MINIATURA MEDIANA ROTTI x30 (PACKx5)","categoria":"Cotillon","subcategoria":"Miniaturas / Juguetitos / Regalitos","precio":5318.76,"destacado":false,"descripcion":"","imagen":"assets/products/CA-779812557490.webp","tags":["miniatura","mediana","rotti","x30","packx5"]},{"id":"CA-779812557489","nombre":"MINIATURA MEDIANA ROTTI x50 (PACKx5)","categoria":"Cotillon","subcategoria":"Miniaturas / Juguetitos / Regalitos","precio":9489.07,"destacado":false,"descripcion":"","imagen":"assets/products/CA-779812557489.webp","tags":["miniatura","mediana","rotti","x50","packx5"]},{"id":"CA-000000011699","nombre":"MINIATURA SURTIDA PARA HUEVO MINI ART- PLASTx1000","categoria":"Cotillon","subcategoria":"Miniaturas / Juguetitos / Regalitos","precio":6751.03,"destacado":false,"descripcion":"","imagen":"assets/products/CA-000000011699.webp","tags":["miniatura","surtida","para","huevo","mini","art","plastx1000"]},{"id":"CA-000000040846","nombre":"MINIATURA SURTIDA PATRIMAR JUNIOR x100 (PACKx5)","categoria":"Cotillon","subcategoria":"Miniaturas / Juguetitos / Regalitos","precio":8420.76,"destacado":false,"descripcion":"","imagen":"assets/products/CA-000000040846.webp","tags":["miniatura","surtida","patrimar","junior","x100","packx5"]},{"id":"CA-000000040847","nombre":"MINIATURA SURTIDA PATRIMAR JUNIOR x50 (PACKx5)","categoria":"Cotillon","subcategoria":"Miniaturas / Juguetitos / Regalitos","precio":4689.85,"destacado":false,"descripcion":"","imagen":"assets/products/CA-000000040847.webp","tags":["miniatura","surtida","patrimar","junior","x50","packx5"]},{"id":"CA-000000005065","nombre":"MINIATURA SURTIDA PREFA-PLAST x1000 (aprox.)","categoria":"Cotillon","subcategoria":"Miniaturas / Juguetitos / Regalitos","precio":20625.3,"destacado":false,"descripcion":"","imagen":"assets/products/CA-000000005065.webp","tags":["miniatura","surtida","prefa","plast","x1000","aprox"]},{"id":"CA-000000002034","nombre":"MINIATURA SURTIDA PREFA-PLASTx100 (BULTO 10x5)","categoria":"Cotillon","subcategoria":"Miniaturas / Juguetitos / Regalitos","precio":112384.8,"destacado":false,"descripcion":"","imagen":"assets/products/CA-000000002034.webp","tags":["miniatura","surtida","prefa","plastx100","bulto","10x5"]},{"id":"CA-000000020379","nombre":"MINIATURA SURTIDA PREFA-PLASTx100 (PACKx5)","categoria":"Cotillon","subcategoria":"Miniaturas / Juguetitos / Regalitos","precio":11238.48,"destacado":false,"descripcion":"","imagen":"assets/products/CA-000000020379.webp","tags":["miniatura","surtida","prefa","plastx100","packx5"]},{"id":"CA-000000001882","nombre":"MINIATURA SURTIDA PREFA-PLASTx50 (BULTO 20x5)","categoria":"Cotillon","subcategoria":"Miniaturas / Juguetitos / Regalitos","precio":121262.4,"destacado":false,"descripcion":"","imagen":"assets/products/CA-000000001882.webp","tags":["miniatura","surtida","prefa","plastx50","bulto","20x5"]},{"id":"CA-000000020378","nombre":"MINIATURA SURTIDA PREFA-PLASTx50 (PACKx5)","categoria":"Cotillon","subcategoria":"Miniaturas / Juguetitos / Regalitos","precio":6063.12,"destacado":false,"descripcion":"","imagen":"assets/products/CA-000000020378.webp","tags":["miniatura","surtida","prefa","plastx50","packx5"]},{"id":"CA-779812557491","nombre":"MINIATURA SURTIDA ROTTI PARA PIÑATA  x100 (PACKx5)","categoria":"Cotillon","subcategoria":"Miniaturas / Juguetitos / Regalitos","precio":10927.01,"destacado":false,"descripcion":"","imagen":"assets/products/CA-779812557491.webp","tags":["miniatura","surtida","rotti","para","piñata","x100","packx5"]},{"id":"CA-779812557492","nombre":"MINIATURA SURTIDA ROTTI PARA PIÑATA x50 (PACKx5)","categoria":"Cotillon","subcategoria":"Miniaturas / Juguetitos / Regalitos","precio":6548.86,"destacado":false,"descripcion":"","imagen":"assets/products/CA-779812557492.webp","tags":["miniatura","surtida","rotti","para","piñata","x50","packx5"]},{"id":"CA-000005007130","nombre":"MINIATURA SURTIDA STASIO ECONOMICA x100u. (PACKx5) 7130","categoria":"Cotillon","subcategoria":"Miniaturas / Juguetitos / Regalitos","precio":11809.45,"destacado":false,"descripcion":"","imagen":"assets/products/CA-000005007130.webp","tags":["miniatura","surtida","stasio","economica","x100u","packx5","7130"]},{"id":"CA-000005007131","nombre":"MINIATURA SURTIDA STASIO ECONOMICA x50u. (PACKx5) 7131","categoria":"Cotillon","subcategoria":"Miniaturas / Juguetitos / Regalitos","precio":7143.35,"destacado":false,"descripcion":"","imagen":"assets/products/CA-000005007131.webp","tags":["miniatura","surtida","stasio","economica","x50u","packx5","7131"]},{"id":"CA-000000007113","nombre":"MINIATURA SURTIDA STASIO P/PIÑATA x500u. (aprox.) 7113","categoria":"Cotillon","subcategoria":"Miniaturas / Juguetitos / Regalitos","precio":4747.75,"destacado":false,"descripcion":"","imagen":"assets/products/CA-000000007113.webp","tags":["miniatura","surtida","stasio","piñata","x500u","aprox","7113"]},{"id":"CA-000000055667","nombre":"MINIATURA SURTIDAS PIERROT x500u.","categoria":"Cotillon","subcategoria":"Miniaturas / Juguetitos / Regalitos","precio":3867.75,"destacado":false,"descripcion":"","imagen":"assets/products/CA-000000055667.webp","tags":["miniatura","surtidas","pierrot","x500u"]},{"id":"CA-000000027117","nombre":"MINIATURA SURTIDO FONDO DEL MAR SIRENA AZUL STASIO x24u. 7117-A","categoria":"Cotillon","subcategoria":"Miniaturas / Juguetitos / Regalitos","precio":1970.96,"destacado":false,"descripcion":"","imagen":"assets/products/CA-000000027117.webp","tags":["miniatura","surtido","fondo","del","mar","sirena","azul","stasio","x24u","7117"]},{"id":"CA-000000017117","nombre":"MINIATURA SURTIDO FONDO DEL MAR SIRENA CORAL STASIO x24u. 7117-C","categoria":"Cotillon","subcategoria":"Miniaturas / Juguetitos / Regalitos","precio":1970.96,"destacado":false,"descripcion":"","imagen":"assets/products/CA-000000017117.webp","tags":["miniatura","surtido","fondo","del","mar","sirena","coral","stasio","x24u","7117"]},{"id":"CA-000000004795","nombre":"MOLDECITO COLOR  PATRIMAR x36","categoria":"Cotillon","subcategoria":"Miniaturas / Juguetitos / Regalitos","precio":1252.49,"destacado":false,"descripcion":"","imagen":"assets/products/CA-000000004795.webp","tags":["moldecito","color","patrimar","x36"]},{"id":"CA-000000007106","nombre":"MOLDECITO COLOR FANTASIA STASIO x24u. 7106","categoria":"Cotillon","subcategoria":"Miniaturas / Juguetitos / Regalitos","precio":1633.2,"destacado":false,"descripcion":"","imagen":"assets/products/CA-000000007106.webp","tags":["moldecito","color","fantasia","stasio","x24u","7106"]},{"id":"CA-000000233130","nombre":"MOLDECITO COLOR PIERROT x24u.","categoria":"Cotillon","subcategoria":"Miniaturas / Juguetitos / Regalitos","precio":965.25,"destacado":false,"descripcion":"","imagen":"assets/products/CA-000000233130.webp","tags":["moldecito","color","pierrot","x24u"]},{"id":"CA-779812557138","nombre":"MOTOS x6u.","categoria":"Cotillon","subcategoria":"Miniaturas / Juguetitos / Regalitos","precio":2652.86,"destacado":false,"descripcion":"","imagen":"assets/products/CA-779812557138.webp","tags":["motos","x6u"]},{"id":"CA-692232787111","nombre":"NAIPES ESPAÑOLES x50u 25361-SP","categoria":"Cotillon","subcategoria":"Miniaturas / Juguetitos / Regalitos","precio":991.64,"destacado":false,"descripcion":"","imagen":"assets/products/CA-692232787111.webp","tags":["naipes","españoles","x50u","25361"]},{"id":"CA-200020003560","nombre":"NAIPES ESPAÑOLES x50u 3560","categoria":"Cotillon","subcategoria":"Miniaturas / Juguetitos / Regalitos","precio":553.64,"destacado":false,"descripcion":"","imagen":"assets/products/CA-200020003560.webp","tags":["naipes","españoles","x50u","3560"]},{"id":"CA-000000007994","nombre":"NARIZ PAYASO CON ELASTICO ROJA x36u. 7994","categoria":"Cotillon","subcategoria":"Miniaturas / Juguetitos / Regalitos","precio":2459.04,"destacado":false,"descripcion":"* (19/12/2025)","imagen":"assets/products/CA-000000007994.webp","tags":["nariz","payaso","con","elastico","roja","x36u","7994"]},{"id":"CA-779832235671","nombre":"NARIZ PAYASO LATEX CON CHIFLE  x1 AC139  PS","categoria":"Cotillon","subcategoria":"Miniaturas / Juguetitos / Regalitos","precio":1433.71,"destacado":false,"descripcion":"","imagen":"assets/products/CA-779832235671.webp","tags":["nariz","payaso","latex","con","chifle","ac139"]},{"id":"CA-693632411191","nombre":"PALITAS COLOR x50 U2411-191","categoria":"Cotillon","subcategoria":"Miniaturas / Juguetitos / Regalitos","precio":2912.0,"destacado":false,"descripcion":"","imagen":"assets/products/CA-693632411191.webp","tags":["palitas","color","x50","u2411","191"]},{"id":"CA-000000007109","nombre":"PALITOS DE AMASAR STASIO x3u 7109","categoria":"Cotillon","subcategoria":"Miniaturas / Juguetitos / Regalitos","precio":1471.96,"destacado":false,"descripcion":"","imagen":"assets/products/CA-000000007109.webp","tags":["palitos","amasar","stasio","x3u","7109"]},{"id":"CA-779813201225","nombre":"PARAGUAS INFANTIL CON SILBATO x1 201225","categoria":"Cotillon","subcategoria":"Miniaturas / Juguetitos / Regalitos","precio":3548.16,"destacado":false,"descripcion":"","imagen":"assets/products/CA-779813201225.webp","tags":["paraguas","infantil","con","silbato","201225"]},{"id":"CA-779810096782","nombre":"PARTY SET FILGO CRAYONES 6 COLORES  x10  PARTYSET-D6-WXC","categoria":"Cotillon","subcategoria":"Miniaturas / Juguetitos / Regalitos","precio":9444.7,"destacado":false,"descripcion":"","imagen":"assets/products/CA-779810096782.webp","tags":["party","set","filgo","crayones","colores","x10","partyset","wxc"]}]}