{"category_slug":"cotillon","subcategory_slug":"miniaturas_juguetitos_regalitos","page":6,"page_size":48,"total":312,"items":[{"id":"CA-779812557270","nombre":"PULSERA SURTIDA ECONOMICA x36","categoria":"Cotillon","subcategoria":"Miniaturas / Juguetitos / Regalitos","precio":2314.72,"destacado":false,"descripcion":"","imagen":"assets/products/CA-779812557270.webp","tags":["pulsera","surtida","economica","x36"]},{"id":"CA-779812617169","nombre":"PULSERA TRENZADA MULTICOLORx12","categoria":"Cotillon","subcategoria":"Miniaturas / Juguetitos / Regalitos","precio":1120.5,"destacado":false,"descripcion":"","imagen":"assets/products/CA-779812617169.webp","tags":["pulsera","trenzada","multicolorx12"]},{"id":"CA-692232788143","nombre":"RAMO GIRASOLES 30cm x7 VARAS 0610-3","categoria":"Cotillon","subcategoria":"Miniaturas / Juguetitos / Regalitos","precio":1834.53,"destacado":false,"descripcion":"","imagen":"assets/products/CA-692232788143.webp","tags":["ramo","girasoles","30cm","varas","0610"]},{"id":"CA-692232788144","nombre":"RAMO GIRASOLES 40cm x5 VARAS 0610-4","categoria":"Cotillon","subcategoria":"Miniaturas / Juguetitos / Regalitos","precio":2231.19,"destacado":false,"descripcion":"","imagen":"assets/products/CA-692232788144.webp","tags":["ramo","girasoles","40cm","varas","0610"]},{"id":"CA-000000007083","nombre":"RANITAS SALTARINAS STASIO x12u. 7083","categoria":"Cotillon","subcategoria":"Miniaturas / Juguetitos / Regalitos","precio":889.3,"destacado":false,"descripcion":"","imagen":"assets/products/CA-000000007083.webp","tags":["ranitas","saltarinas","stasio","x12u","7083"]},{"id":"CA-693632411206","nombre":"RAQUETA SILBATO COLOR x50 U2411-206","categoria":"Cotillon","subcategoria":"Miniaturas / Juguetitos / Regalitos","precio":4714.71,"destacado":false,"descripcion":"","imagen":"assets/products/CA-693632411206.webp","tags":["raqueta","silbato","color","x50","u2411","206"]},{"id":"CA-779812557315","nombre":"RELOJITO x12","categoria":"Cotillon","subcategoria":"Miniaturas / Juguetitos / Regalitos","precio":1518.93,"destacado":false,"descripcion":"","imagen":"assets/products/CA-779812557315.webp","tags":["relojito","x12"]},{"id":"CA-05022840180785","nombre":"RESORTE MAGICOS FORMAS MULTICOLOR CAJA x12 HM40211","categoria":"Cotillon","subcategoria":"Miniaturas / Juguetitos / Regalitos","precio":14591.6,"destacado":false,"descripcion":"","imagen":"assets/products/CA-05022840180785.webp","tags":["resorte","magicos","formas","multicolor","caja","x12","hm40211"]},{"id":"CA-202560000044","nombre":"RESORTE MAGICOS MULTICOLOR FLUO 3pcs x1 FP0044","categoria":"Cotillon","subcategoria":"Miniaturas / Juguetitos / Regalitos","precio":1345.05,"destacado":false,"descripcion":"","imagen":"assets/products/CA-202560000044.webp","tags":["resorte","magicos","multicolor","fluo","3pcs","fp0044"]},{"id":"CA-05022849863511","nombre":"RESORTE MAGICOS MULTICOLOR FLUO x24 HM40205","categoria":"Cotillon","subcategoria":"Miniaturas / Juguetitos / Regalitos","precio":8364.75,"destacado":false,"descripcion":"","imagen":"assets/products/CA-05022849863511.webp","tags":["resorte","magicos","multicolor","fluo","x24","hm40205"]},{"id":"CA-05022849863467","nombre":"RESORTE MAGICOS MULTICOLOR x24 HM40206","categoria":"Cotillon","subcategoria":"Miniaturas / Juguetitos / Regalitos","precio":8065.23,"destacado":false,"descripcion":"","imagen":"assets/products/CA-05022849863467.webp","tags":["resorte","magicos","multicolor","x24","hm40206"]},{"id":"CA-000000057501","nombre":"RESORTE METALICO MULTICOLOR CAJA x12 HM40130","categoria":"Cotillon","subcategoria":"Miniaturas / Juguetitos / Regalitos","precio":19256.06,"destacado":false,"descripcion":"","imagen":"assets/products/CA-000000057501.webp","tags":["resorte","metalico","multicolor","caja","x12","hm40130"]},{"id":"CA-05022843557201","nombre":"RESORTE NEON CAJA x12 HM40217","categoria":"Cotillon","subcategoria":"Miniaturas / Juguetitos / Regalitos","precio":14186.0,"destacado":false,"descripcion":"","imagen":"assets/products/CA-05022843557201.webp","tags":["resorte","neon","caja","x12","hm40217"]},{"id":"CA-05022849830834","nombre":"RESORTE RAINBOW GLITTERS CAJA x24  HM40207","categoria":"Cotillon","subcategoria":"Miniaturas / Juguetitos / Regalitos","precio":12553.44,"destacado":false,"descripcion":"","imagen":"assets/products/CA-05022849830834.webp","tags":["resorte","rainbow","glitters","caja","x24","hm40207"]},{"id":"CA-078607107698","nombre":"ROMPECABEZAS CUMPLEAÑOS (24 PIEZAS) x1 BP","categoria":"Cotillon","subcategoria":"Miniaturas / Juguetitos / Regalitos","precio":5672.73,"destacado":false,"descripcion":"","imagen":"assets/products/CA-078607107698.webp","tags":["rompecabezas","cumpleaños","piezas"]},{"id":"CA-078607107893","nombre":"ROMPECABEZAS LA GRANJA (2 en1) 12 Y 8 PIEZAS x1 BP","categoria":"Cotillon","subcategoria":"Miniaturas / Juguetitos / Regalitos","precio":5672.73,"destacado":false,"descripcion":"","imagen":"assets/products/CA-078607107893.webp","tags":["rompecabezas","granja","en1","piezas"]},{"id":"CA-078607107882","nombre":"ROMPECABEZAS PRINCESAS INSPIRADORAS (35 PIEZAS) x1 BP","categoria":"Cotillon","subcategoria":"Miniaturas / Juguetitos / Regalitos","precio":6464.55,"destacado":false,"descripcion":"","imagen":"assets/products/CA-078607107882.webp","tags":["rompecabezas","princesas","inspiradoras","piezas"]},{"id":"CA-263868100000","nombre":"ROSA CON RAMO INDIVIDUAL COLORES SURTIDOS 43x10cm x1 LC-115","categoria":"Cotillon","subcategoria":"Miniaturas / Juguetitos / Regalitos","precio":1452.1,"destacado":false,"descripcion":"NUEVO 20/12/2025","imagen":"assets/products/CA-263868100000.webp","tags":["rosa","con","ramo","individual","colores","surtidos","43x10cm","115"]},{"id":"CA-779810096668","nombre":"SACAPUNTAS FILGO PINTO BLOCK PASTEL x72u SHBLOCK-D72-PAS","categoria":"Cotillon","subcategoria":"Miniaturas / Juguetitos / Regalitos","precio":3984.26,"destacado":false,"descripcion":"","imagen":"assets/products/CA-779810096668.webp","tags":["sacapuntas","filgo","pinto","block","pastel","x72u","shblock","d72","pas"]},{"id":"CA-751418801384","nombre":"SELLOS CARITA x12 514199","categoria":"Cotillon","subcategoria":"Miniaturas / Juguetitos / Regalitos","precio":2069.42,"destacado":false,"descripcion":"","imagen":"assets/products/CA-751418801384.webp","tags":["sellos","carita","x12","514199"]},{"id":"CA-731548005494","nombre":"SELLOS FRASES CAJA x24 514113","categoria":"Cotillon","subcategoria":"Miniaturas / Juguetitos / Regalitos","precio":8903.01,"destacado":false,"descripcion":"","imagen":"assets/products/CA-731548005494.webp","tags":["sellos","frases","caja","x24","514113"]},{"id":"CA-779343514125","nombre":"SELLOS VARIOS DISEÑOS x6 514125","categoria":"Cotillon","subcategoria":"Miniaturas / Juguetitos / Regalitos","precio":997.88,"destacado":false,"descripcion":"","imagen":"assets/products/CA-779343514125.webp","tags":["sellos","varios","diseños","514125"]},{"id":"CA-779000019167","nombre":"SET 6 PIEZAS ANILLOS Y PULSERAS DIAMANTE 13620","categoria":"Cotillon","subcategoria":"Miniaturas / Juguetitos / Regalitos","precio":2915.25,"destacado":false,"descripcion":"","imagen":"assets/products/CA-779000019167.webp","tags":["set","piezas","anillos","pulseras","diamante","13620"]},{"id":"CA-05022849832197","nombre":"SET ANIMALES DE LA SELVA (EN BOLSA) x1 HM80511","categoria":"Cotillon","subcategoria":"Miniaturas / Juguetitos / Regalitos","precio":2365.18,"destacado":false,"descripcion":"","imagen":"assets/products/CA-05022849832197.webp","tags":["set","animales","selva","bolsa","hm80511"]},{"id":"CA-779343515562","nombre":"SET ANOTADOR MAGICO PARA COLOREAR x1 VARIOS MODELOS 515562","categoria":"Cotillon","subcategoria":"Miniaturas / Juguetitos / Regalitos","precio":759.67,"destacado":false,"descripcion":"","imagen":"assets/products/CA-779343515562.webp","tags":["set","anotador","magico","para","colorear","varios","modelos","515562"]},{"id":"CA-779343515561","nombre":"SET ANOTADOR PARA COLOREAR CONMFIBRAS Y ACCESORIOS x1 V. MOD 515561","categoria":"Cotillon","subcategoria":"Miniaturas / Juguetitos / Regalitos","precio":1013.17,"destacado":false,"descripcion":"","imagen":"assets/products/CA-779343515561.webp","tags":["set","anotador","para","colorear","conmfibras","accesorios","mod","515561"]},{"id":"CA-05022848573985","nombre":"SET AUTOS DEPORTIVOS EN BLISTER x2 HM10214","categoria":"Cotillon","subcategoria":"Miniaturas / Juguetitos / Regalitos","precio":1604.68,"destacado":false,"descripcion":"","imagen":"assets/products/CA-05022848573985.webp","tags":["set","autos","deportivos","blister","hm10214"]},{"id":"CA-05022840303740","nombre":"SET AUTOS POLICIA EN BLISTER x3 HM10213","categoria":"Cotillon","subcategoria":"Miniaturas / Juguetitos / Regalitos","precio":1900.43,"destacado":false,"descripcion":"","imagen":"assets/products/CA-05022840303740.webp","tags":["set","autos","policia","blister","hm10213"]},{"id":"CA-779343515511","nombre":"SET CUADRO DE YESO CON ACRILICOS ANIMALITOS x1 515511","categoria":"Cotillon","subcategoria":"Miniaturas / Juguetitos / Regalitos","precio":1689.17,"destacado":false,"descripcion":"","imagen":"assets/products/CA-779343515511.webp","tags":["set","cuadro","yeso","con","acrilicos","animalitos","515511"]},{"id":"CA-779343515510","nombre":"SET CUADRO DE YESO CON ACRILICOS TRANSPORTE x1 515510","categoria":"Cotillon","subcategoria":"Miniaturas / Juguetitos / Regalitos","precio":1689.17,"destacado":false,"descripcion":"","imagen":"assets/products/CA-779343515510.webp","tags":["set","cuadro","yeso","con","acrilicos","transporte","515510"]},{"id":"CA-779343515584","nombre":"SET DE ARTE CARTUCHERA CON MARCADORES x1 VARIOS MODELOS 515584","categoria":"Cotillon","subcategoria":"Miniaturas / Juguetitos / Regalitos","precio":844.17,"destacado":false,"descripcion":"","imagen":"assets/products/CA-779343515584.webp","tags":["set","arte","cartuchera","con","marcadores","varios","modelos","515584"]},{"id":"CA-779343515580","nombre":"SET DE ARTE CON ACRILICO x1 VARIOS MODELOS 515580","categoria":"Cotillon","subcategoria":"Miniaturas / Juguetitos / Regalitos","precio":801.92,"destacado":false,"descripcion":"","imagen":"assets/products/CA-779343515580.webp","tags":["set","arte","con","acrilico","varios","modelos","515580"]},{"id":"CA-779343515583","nombre":"SET DE ARTE PIZARRA CON MARCADORES x1 VARIOS MODELOS 515583","categoria":"Cotillon","subcategoria":"Miniaturas / Juguetitos / Regalitos","precio":844.17,"destacado":false,"descripcion":"","imagen":"assets/products/CA-779343515583.webp","tags":["set","arte","pizarra","con","marcadores","varios","modelos","515583"]},{"id":"CA-05022840151105","nombre":"SET DE BELLEZA CON APLIQUE PARA PELO Y ESPEJO x1 HM60531","categoria":"Cotillon","subcategoria":"Miniaturas / Juguetitos / Regalitos","precio":1393.43,"destacado":false,"descripcion":"","imagen":"assets/products/CA-05022840151105.webp","tags":["set","belleza","con","aplique","para","pelo","espejo","hm60531"]},{"id":"CA-05022840151440","nombre":"SET DE BELLEZA CON APLIQUE PARA PELO/CARTERA x1 HM60546","categoria":"Cotillon","subcategoria":"Miniaturas / Juguetitos / Regalitos","precio":2449.68,"destacado":false,"descripcion":"","imagen":"assets/products/CA-05022840151440.webp","tags":["set","belleza","con","aplique","para","pelo","cartera","hm60546"]},{"id":"CA-774059540971","nombre":"SET DE MAQUILLAJE MARIPOSA Y COSMETICA PARA UÑAS x1 740595","categoria":"Cotillon","subcategoria":"Miniaturas / Juguetitos / Regalitos","precio":2027.17,"destacado":false,"descripcion":"","imagen":"assets/products/CA-774059540971.webp","tags":["set","maquillaje","mariposa","cosmetica","para","uñas","740595"]},{"id":"CA-774058483948","nombre":"SET DE MAQUILLAJE SURTIDO (GUITARRA/CORAZON/MARIPOSA) x1 740584","categoria":"Cotillon","subcategoria":"Miniaturas / Juguetitos / Regalitos","precio":1055.42,"destacado":false,"descripcion":"","imagen":"assets/products/CA-774058483948.webp","tags":["set","maquillaje","surtido","guitarra","corazon","mariposa","740584"]},{"id":"CA-774059971086","nombre":"SET DE MAQUILLAJE Y COSMETICA MARIPOSA x1 740599","categoria":"Cotillon","subcategoria":"Miniaturas / Juguetitos / Regalitos","precio":2787.68,"destacado":false,"descripcion":"","imagen":"assets/products/CA-774059971086.webp","tags":["set","maquillaje","cosmetica","mariposa","740599"]},{"id":"CA-05022849865904","nombre":"SET DE PESCA MAGNETICO EN BLISTER x1 HM40244","categoria":"Cotillon","subcategoria":"Miniaturas / Juguetitos / Regalitos","precio":785.01,"destacado":false,"descripcion":"","imagen":"assets/products/CA-05022849865904.webp","tags":["set","pesca","magnetico","blister","hm40244"]},{"id":"CA-05022849769189","nombre":"SET DE POLICIA EN BLISTER (5 piezas) x1 HM80047","categoria":"Cotillon","subcategoria":"Miniaturas / Juguetitos / Regalitos","precio":1097.67,"destacado":false,"descripcion":"","imagen":"assets/products/CA-05022849769189.webp","tags":["set","policia","blister","piezas","hm80047"]},{"id":"CA-05022840151785","nombre":"SET DE RESORTES MAGICOS x6 HM40137","categoria":"Cotillon","subcategoria":"Miniaturas / Juguetitos / Regalitos","precio":1790.58,"destacado":false,"descripcion":"","imagen":"assets/products/CA-05022840151785.webp","tags":["set","resortes","magicos","hm40137"]},{"id":"CA-05022849188614","nombre":"SET DE TREN ELECTRICO A PILAS (12 PIEZAS) x1 YW918861","categoria":"Cotillon","subcategoria":"Miniaturas / Juguetitos / Regalitos","precio":3893.54,"destacado":false,"descripcion":"","imagen":"assets/products/CA-05022849188614.webp","tags":["set","tren","electrico","pilas","piezas","yw918861"]},{"id":"CA-05022849797830","nombre":"SET DINOSAURIO (EN BLISTER) x1 HM80527","categoria":"Cotillon","subcategoria":"Miniaturas / Juguetitos / Regalitos","precio":1680.73,"destacado":false,"descripcion":"","imagen":"assets/products/CA-05022849797830.webp","tags":["set","dinosaurio","blister","hm80527"]},{"id":"CA-05022849832180","nombre":"SET DINOSAURIOS CHICOS (EN BOLSA) x1 HM80510","categoria":"Cotillon","subcategoria":"Miniaturas / Juguetitos / Regalitos","precio":2365.18,"destacado":false,"descripcion":"","imagen":"assets/products/CA-05022849832180.webp","tags":["set","dinosaurios","chicos","bolsa","hm80510"]},{"id":"CA-779843416151","nombre":"SET LAPICES DE COLORES FILGO FANTASIA DIGITAL STYLEx16u(lapices,goma,sacapunta) PN201-FTSY7","categoria":"Cotillon","subcategoria":"Miniaturas / Juguetitos / Regalitos","precio":1781.95,"destacado":false,"descripcion":"","imagen":"assets/products/CA-779843416151.webp","tags":["set","lapices","colores","filgo","fantasia","digital","stylex16u","lapices","goma","sacapunta","pn201","ftsy7"]},{"id":"CA-779810096933","nombre":"SET LAPICES DE COLORES FILGO FANTASIA FUTBOL x16u(lapices,goma,sacapunta) PN201-FTSY4","categoria":"Cotillon","subcategoria":"Miniaturas / Juguetitos / Regalitos","precio":1781.95,"destacado":false,"descripcion":"","imagen":"assets/products/CA-779810096933.webp","tags":["set","lapices","colores","filgo","fantasia","futbol","x16u","lapices","goma","sacapunta","pn201","ftsy4"]},{"id":"CA-779810096934","nombre":"SET LAPICES DE COLORES FILGO FANTASIA GAMER x16u(lapices,goma,sacapunta) PN201-FTSY5","categoria":"Cotillon","subcategoria":"Miniaturas / Juguetitos / Regalitos","precio":1781.95,"destacado":false,"descripcion":"","imagen":"assets/products/CA-779810096934.webp","tags":["set","lapices","colores","filgo","fantasia","gamer","x16u","lapices","goma","sacapunta","pn201","ftsy5"]},{"id":"CA-779810096916","nombre":"SET LAPICES DE COLORES FILGO FANTASIA GATITAx16u(lapices,goma,sacapunta) PN201-FTSY1","categoria":"Cotillon","subcategoria":"Miniaturas / Juguetitos / Regalitos","precio":1781.95,"destacado":false,"descripcion":"","imagen":"assets/products/CA-779810096916.webp","tags":["set","lapices","colores","filgo","fantasia","gatitax16u","lapices","goma","sacapunta","pn201","ftsy1"]}]}