{"category_slug":"cotillon","subcategory_slug":"miniaturas_juguetitos_regalitos","page":3,"page_size":48,"total":312,"items":[{"id":"CA-05022840142448","nombre":"BURBUJERO UNICORNIO (DISPLAY) x24 HM50204","categoria":"Cotillon","subcategoria":"Miniaturas / Juguetitos / Regalitos","precio":12147.74,"destacado":false,"descripcion":"","imagen":"assets/products/CA-05022840142448.webp","tags":["burbujero","unicornio","display","x24","hm50204"]},{"id":"CA-692232787759","nombre":"BURBUJERO UNICORNIO EN CAJA EXHIBIDORA x24 CH24-2172-13","categoria":"Cotillon","subcategoria":"Miniaturas / Juguetitos / Regalitos","precio":17784.0,"destacado":false,"descripcion":"","imagen":"assets/products/CA-692232787759.webp","tags":["burbujero","unicornio","caja","exhibidora","x24","ch24","2172"]},{"id":"CA-697752621935","nombre":"BURBUJERO UNICORNIO MINI TUBO x10 1935","categoria":"Cotillon","subcategoria":"Miniaturas / Juguetitos / Regalitos","precio":2461.2,"destacado":false,"descripcion":"","imagen":"assets/products/CA-697752621935.webp","tags":["burbujero","unicornio","mini","tubo","x10","1935"]},{"id":"CA-502284988076","nombre":"BURBUJERO UNICORNIO x24 HM50184","categoria":"Cotillon","subcategoria":"Miniaturas / Juguetitos / Regalitos","precio":11945.01,"destacado":false,"descripcion":"","imagen":"assets/products/CA-502284988076.webp","tags":["burbujero","unicornio","x24","hm50184"]},{"id":"CA-05022849804583","nombre":"BURBUJERO XL ESPIRAL/FLORES x24 HM50150","categoria":"Cotillon","subcategoria":"Miniaturas / Juguetitos / Regalitos","precio":32427.73,"destacado":false,"descripcion":"","imagen":"assets/products/CA-05022849804583.webp","tags":["burbujero","espiral","flores","x24","hm50150"]},{"id":"CA-05022849804545","nombre":"BURBUJERO XL PELOTA DE FUTBOL x24 HM50152","categoria":"Cotillon","subcategoria":"Miniaturas / Juguetitos / Regalitos","precio":32427.73,"destacado":false,"descripcion":"","imagen":"assets/products/CA-05022849804545.webp","tags":["burbujero","pelota","futbol","x24","hm50152"]},{"id":"CA-779812617165","nombre":"BUZOS PIERROT x 12","categoria":"Cotillon","subcategoria":"Miniaturas / Juguetitos / Regalitos","precio":904.5,"destacado":false,"descripcion":"","imagen":"assets/products/CA-779812617165.webp","tags":["buzos","pierrot"]},{"id":"CA-000000054536","nombre":"CAJA RESORTE MAGIC SPRING x12 (15cm) HM40125","categoria":"Cotillon","subcategoria":"Miniaturas / Juguetitos / Regalitos","precio":23312.09,"destacado":false,"descripcion":"","imagen":"assets/products/CA-000000054536.webp","tags":["caja","resorte","magic","spring","x12","15cm","hm40125"]},{"id":"CA-693632411181","nombre":"CAMARITAS COLOR x50 U2411-181","categoria":"Cotillon","subcategoria":"Miniaturas / Juguetitos / Regalitos","precio":9691.5,"destacado":false,"descripcion":"","imagen":"assets/products/CA-693632411181.webp","tags":["camaritas","color","x50","u2411","181"]},{"id":"CA-779812557058","nombre":"CAMION MINI ROTTI x12","categoria":"Cotillon","subcategoria":"Miniaturas / Juguetitos / Regalitos","precio":2284.2,"destacado":false,"descripcion":"","imagen":"assets/products/CA-779812557058.webp","tags":["camion","mini","rotti","x12"]},{"id":"CA-000000048917","nombre":"CAMION SURTIDO x6u.","categoria":"Cotillon","subcategoria":"Miniaturas / Juguetitos / Regalitos","precio":3207.56,"destacado":false,"descripcion":"","imagen":"assets/products/CA-000000048917.webp","tags":["camion","surtido","x6u"]},{"id":"CA-05022849486475","nombre":"CAMIONETA MONSTER EN CAJA x1 HM10046","categoria":"Cotillon","subcategoria":"Miniaturas / Juguetitos / Regalitos","precio":4224.19,"destacado":false,"descripcion":"","imagen":"assets/products/CA-05022849486475.webp","tags":["camioneta","monster","caja","hm10046"]},{"id":"CA-05022849289250","nombre":"CAMIONETA POLICIA A FRICCION CON LUZ Y SONIDO x1 HM928925","categoria":"Cotillon","subcategoria":"Miniaturas / Juguetitos / Regalitos","precio":1943.51,"destacado":false,"descripcion":"","imagen":"assets/products/CA-05022849289250.webp","tags":["camioneta","policia","friccion","con","luz","sonido","hm928925"]},{"id":"CA-000000021699","nombre":"CAPSULA CON SORPRESA x6","categoria":"Cotillon","subcategoria":"Miniaturas / Juguetitos / Regalitos","precio":4404.38,"destacado":false,"descripcion":"","imagen":"assets/products/CA-000000021699.webp","tags":["capsula","con","sorpresa"]},{"id":"CA-000000007049","nombre":"CHUPETE MINI CRISTAL CELESTE STASIO  x36u. 7049","categoria":"Cotillon","subcategoria":"Miniaturas / Juguetitos / Regalitos","precio":1243.61,"destacado":false,"descripcion":"","imagen":"assets/products/CA-000000007049.webp","tags":["chupete","mini","cristal","celeste","stasio","x36u","7049"]},{"id":"CA-000000037049","nombre":"CHUPETE MINI CRISTAL ROSA STASIO  x36u.","categoria":"Cotillon","subcategoria":"Miniaturas / Juguetitos / Regalitos","precio":1243.61,"destacado":false,"descripcion":"","imagen":"assets/products/CA-000000037049.webp","tags":["chupete","mini","cristal","rosa","stasio","x36u"]},{"id":"CA-000000049890","nombre":"COLLAR PERLITAS CON DIGE SURTIDOS x4 u.GA","categoria":"Cotillon","subcategoria":"Miniaturas / Juguetitos / Regalitos","precio":3098.25,"destacado":false,"descripcion":"","imagen":"assets/products/CA-000000049890.webp","tags":["collar","perlitas","con","dige","surtidos"]},{"id":"CA-000000007105","nombre":"CORTANTE NUMEROS CON PALITO DE AMASAR STASIO x10u 7105","categoria":"Cotillon","subcategoria":"Miniaturas / Juguetitos / Regalitos","precio":3149.67,"destacado":false,"descripcion":"","imagen":"assets/products/CA-000000007105.webp","tags":["cortante","numeros","con","palito","amasar","stasio","x10u","7105"]},{"id":"CA-000000002539","nombre":"COW-BOYS A PIE x12u. STASIO 7077","categoria":"Cotillon","subcategoria":"Miniaturas / Juguetitos / Regalitos","precio":1344.6,"destacado":false,"descripcion":"","imagen":"assets/products/CA-000000002539.webp","tags":["cow","boys","pie","x12u","stasio","7077"]},{"id":"CA-779908802652","nombre":"DENTADURA A CUERDA x1 AC426 PS","categoria":"Cotillon","subcategoria":"Miniaturas / Juguetitos / Regalitos","precio":2565.33,"destacado":false,"descripcion":"","imagen":"assets/products/CA-779908802652.webp","tags":["dentadura","cuerda","ac426"]},{"id":"CA-000000007350","nombre":"DIENTE DRACULA BLANCO STASIO x12u. 7350","categoria":"Cotillon","subcategoria":"Miniaturas / Juguetitos / Regalitos","precio":720.79,"destacado":false,"descripcion":"","imagen":"assets/products/CA-000000007350.webp","tags":["diente","dracula","blanco","stasio","x12u","7350"]},{"id":"CA-000000007352","nombre":"DIENTES DRACULA MULTICOLOR FLUO STASIO x12u. 7352","categoria":"Cotillon","subcategoria":"Miniaturas / Juguetitos / Regalitos","precio":720.79,"destacado":false,"descripcion":"","imagen":"assets/products/CA-000000007352.webp","tags":["dientes","dracula","multicolor","fluo","stasio","x12u","7352"]},{"id":"CA-000000001250","nombre":"DINOSAURIO PATRIMAR x12","categoria":"Cotillon","subcategoria":"Miniaturas / Juguetitos / Regalitos","precio":2062.6,"destacado":false,"descripcion":"","imagen":"assets/products/CA-000000001250.webp","tags":["dinosaurio","patrimar","x12"]},{"id":"CA-000000038335","nombre":"DINOSAURIOS GRANDES PATRIMAR x6","categoria":"Cotillon","subcategoria":"Miniaturas / Juguetitos / Regalitos","precio":3182.33,"destacado":false,"descripcion":"","imagen":"assets/products/CA-000000038335.webp","tags":["dinosaurios","grandes","patrimar"]},{"id":"CA-000000004131","nombre":"DINOSAURIOS MINI PATRIMAR x12u.","categoria":"Cotillon","subcategoria":"Miniaturas / Juguetitos / Regalitos","precio":942.64,"destacado":false,"descripcion":"","imagen":"assets/products/CA-000000004131.webp","tags":["dinosaurios","mini","patrimar","x12u"]},{"id":"CA-202569900023","nombre":"ESPADA EXTENSIBLE CON LUZ X1 DC023","categoria":"Cotillon","subcategoria":"Miniaturas / Juguetitos / Regalitos","precio":745.29,"destacado":false,"descripcion":"","imagen":"assets/products/CA-202569900023.webp","tags":["espada","extensible","con","luz","dc023"]},{"id":"CA-000000004589","nombre":"FAUNA MARINA PATRIMAR x24","categoria":"Cotillon","subcategoria":"Miniaturas / Juguetitos / Regalitos","precio":2042.54,"destacado":false,"descripcion":"","imagen":"assets/products/CA-000000004589.webp","tags":["fauna","marina","patrimar","x24"]},{"id":"CA-779343740868","nombre":"FIGURAS FLUORESCENTES AUTOADHESIVAS LUNA GRANDE Y ESTRELLAS x1 740868","categoria":"Cotillon","subcategoria":"Miniaturas / Juguetitos / Regalitos","precio":1535.61,"destacado":false,"descripcion":"","imagen":"assets/products/CA-779343740868.webp","tags":["figuras","fluorescentes","autoadhesivas","luna","grande","estrellas","740868"]},{"id":"CA-05022848646559","nombre":"FIGURAS FLUORESCENTES AUTOADHESIVAS LUNA/ESTRELLAS x1 HM864655","categoria":"Cotillon","subcategoria":"Miniaturas / Juguetitos / Regalitos","precio":1458.8,"destacado":false,"descripcion":"","imagen":"assets/products/CA-05022848646559.webp","tags":["figuras","fluorescentes","autoadhesivas","luna","estrellas","hm864655"]},{"id":"CA-779343740864","nombre":"FIGURAS FLUORESCENTES AUTOADHESIVAS VARIOS MODELOS x1 740864","categoria":"Cotillon","subcategoria":"Miniaturas / Juguetitos / Regalitos","precio":1266.67,"destacado":false,"descripcion":"","imagen":"assets/products/CA-779343740864.webp","tags":["figuras","fluorescentes","autoadhesivas","varios","modelos","740864"]},{"id":"CA-779343740865","nombre":"FIGURAS FLUORESCENTES AUTOADHESIVAS VARIOS MODELOS x1 740865","categoria":"Cotillon","subcategoria":"Miniaturas / Juguetitos / Regalitos","precio":1151.51,"destacado":false,"descripcion":"","imagen":"assets/products/CA-779343740865.webp","tags":["figuras","fluorescentes","autoadhesivas","varios","modelos","740865"]},{"id":"CA-779343740866","nombre":"FIGURAS FLUORESCENTES AUTOADHESIVAS VARIOS MODELOS x1 740866","categoria":"Cotillon","subcategoria":"Miniaturas / Juguetitos / Regalitos","precio":1351.17,"destacado":false,"descripcion":"","imagen":"assets/products/CA-779343740866.webp","tags":["figuras","fluorescentes","autoadhesivas","varios","modelos","740866"]},{"id":"CA-779343740869","nombre":"FIGURAS FLUORESCENTES AUTOADHESIVAS VARIOS MODELOS x1 740869","categoria":"Cotillon","subcategoria":"Miniaturas / Juguetitos / Regalitos","precio":1139.91,"destacado":false,"descripcion":"","imagen":"assets/products/CA-779343740869.webp","tags":["figuras","fluorescentes","autoadhesivas","varios","modelos","740869"]},{"id":"CA-779343740870","nombre":"FIGURAS FLUORESCENTES AUTOADHESIVAS VARIOS MODELOS x1 740870","categoria":"Cotillon","subcategoria":"Miniaturas / Juguetitos / Regalitos","precio":1139.91,"destacado":false,"descripcion":"","imagen":"assets/products/CA-779343740870.webp","tags":["figuras","fluorescentes","autoadhesivas","varios","modelos","740870"]},{"id":"CA-692232788150","nombre":"FLOR LILIUM x1 (2 FLORES) 0609-3","categoria":"Cotillon","subcategoria":"Miniaturas / Juguetitos / Regalitos","precio":1983.28,"destacado":false,"descripcion":"","imagen":"assets/products/CA-692232788150.webp","tags":["flor","lilium","flores","0609"]},{"id":"CA-692232786285","nombre":"FLOR LILIUM x1 DH0452-10","categoria":"Cotillon","subcategoria":"Miniaturas / Juguetitos / Regalitos","precio":3307.12,"destacado":false,"descripcion":"","imagen":"assets/products/CA-692232786285.webp","tags":["flor","lilium","dh0452"]},{"id":"CA-779812557217","nombre":"GRANJA GRANDE ROTTI x12","categoria":"Cotillon","subcategoria":"Miniaturas / Juguetitos / Regalitos","precio":1165.81,"destacado":false,"descripcion":"","imagen":"assets/products/CA-779812557217.webp","tags":["granja","grande","rotti","x12"]},{"id":"CA-779812557107","nombre":"GUERRERO DRAGON BALL ROTTI x24","categoria":"Cotillon","subcategoria":"Miniaturas / Juguetitos / Regalitos","precio":1918.96,"destacado":false,"descripcion":"","imagen":"assets/products/CA-779812557107.webp","tags":["guerrero","dragon","ball","rotti","x24"]},{"id":"CA-779812557294","nombre":"HELICOPTEROS  ROTTI x10","categoria":"Cotillon","subcategoria":"Miniaturas / Juguetitos / Regalitos","precio":1399.01,"destacado":false,"descripcion":"","imagen":"assets/products/CA-779812557294.webp","tags":["helicopteros","rotti","x10"]},{"id":"CA-000000008123","nombre":"HERRAMIENTAS GRANDES STASIO x36u. 8123","categoria":"Cotillon","subcategoria":"Miniaturas / Juguetitos / Regalitos","precio":1419.61,"destacado":false,"descripcion":"","imagen":"assets/products/CA-000000008123.webp","tags":["herramientas","grandes","stasio","x36u","8123"]},{"id":"CA-000000007077","nombre":"INDIOS A PIE GRANDE STASIO x12u. 7077","categoria":"Cotillon","subcategoria":"Miniaturas / Juguetitos / Regalitos","precio":1344.6,"destacado":false,"descripcion":"","imagen":"assets/products/CA-000000007077.webp","tags":["indios","pie","grande","stasio","x12u","7077"]},{"id":"CA-000000054340","nombre":"INFLABLE BRAZITO ANIMADO x1 VARIOS MODELOS","categoria":"Cotillon","subcategoria":"Miniaturas / Juguetitos / Regalitos","precio":3301.44,"destacado":false,"descripcion":"","imagen":"assets/products/CA-000000054340.webp","tags":["inflable","brazito","animado","varios","modelos"]},{"id":"CA-000000054966","nombre":"JUEGO DE BOLOS x1","categoria":"Cotillon","subcategoria":"Miniaturas / Juguetitos / Regalitos","precio":2430.0,"destacado":false,"descripcion":"","imagen":"assets/products/CA-000000054966.webp","tags":["juego","bolos"]},{"id":"CA-978987424869","nombre":"JUEGO DE CARTAS ABECEDARIO Y NUMEROS x1 BP","categoria":"Cotillon","subcategoria":"Miniaturas / Juguetitos / Regalitos","precio":4275.48,"destacado":false,"descripcion":"","imagen":"assets/products/CA-978987424869.webp","tags":["juego","cartas","abecedario","numeros"]},{"id":"CA-000000048916","nombre":"JUEGOS DE PLAZA ART- PLAST x12u.","categoria":"Cotillon","subcategoria":"Miniaturas / Juguetitos / Regalitos","precio":2821.15,"destacado":false,"descripcion":"","imagen":"assets/products/CA-000000048916.webp","tags":["juegos","plaza","art","plast","x12u"]},{"id":"CA-05022840086278","nombre":"KIT SLIME CON ACCESORIOS FONDO DE MAR x1 516210","categoria":"Cotillon","subcategoria":"Miniaturas / Juguetitos / Regalitos","precio":3083.43,"destacado":false,"descripcion":"","imagen":"assets/products/CA-05022840086278.webp","tags":["kit","slime","con","accesorios","fondo","mar","516210"]},{"id":"CA-05022840195277","nombre":"KIT SLIME CON ACCESORIOS PARA DECORACION x1 515273","categoria":"Cotillon","subcategoria":"Miniaturas / Juguetitos / Regalitos","precio":3294.69,"destacado":false,"descripcion":"","imagen":"assets/products/CA-05022840195277.webp","tags":["kit","slime","con","accesorios","para","decoracion","515273"]},{"id":"CA-05022840195239","nombre":"KIT SLIME CON ACCESORIOS PARA DECORACION x1 516218","categoria":"Cotillon","subcategoria":"Miniaturas / Juguetitos / Regalitos","precio":3125.68,"destacado":false,"descripcion":"","imagen":"assets/products/CA-05022840195239.webp","tags":["kit","slime","con","accesorios","para","decoracion","516218"]}]}