{"category_slug":"cotillon","subcategory_slug":"miniaturas_juguetitos_regalitos","page":1,"page_size":48,"total":312,"items":[{"id":"CA-202560000019","nombre":"ANILLO ALHAJERO  FORMA CORAZON 24pcs x1 FP0019","categoria":"Cotillon","subcategoria":"Miniaturas / Juguetitos / Regalitos","precio":16277.31,"destacado":false,"descripcion":"","imagen":"assets/products/CA-202560000019.webp","tags":["anillo","alhajero","forma","corazon","24pcs","fp0019"]},{"id":"CA-779812557260","nombre":"ANILLO BRILLO Y DIAMANTE ROTTI x36","categoria":"Cotillon","subcategoria":"Miniaturas / Juguetitos / Regalitos","precio":916.72,"destacado":false,"descripcion":"","imagen":"assets/products/CA-779812557260.webp","tags":["anillo","brillo","diamante","rotti","x36"]},{"id":"CA-000000007153","nombre":"ANILLO CON BRILLO STASIO x36u. 7153","categoria":"Cotillon","subcategoria":"Miniaturas / Juguetitos / Regalitos","precio":1604.42,"destacado":false,"descripcion":"","imagen":"assets/products/CA-000000007153.webp","tags":["anillo","con","brillo","stasio","x36u","7153"]},{"id":"CA-202560201209","nombre":"ANILLO FLORES MULTICOLOR ACRILICO 36pcs x1 FP1209-02","categoria":"Cotillon","subcategoria":"Miniaturas / Juguetitos / Regalitos","precio":7430.85,"destacado":false,"descripcion":"","imagen":"assets/products/CA-202560201209.webp","tags":["anillo","flores","multicolor","acrilico","36pcs","fp1209"]},{"id":"CA-000001007151","nombre":"ANILLO FLUO STASIO x36u. 7151","categoria":"Cotillon","subcategoria":"Miniaturas / Juguetitos / Regalitos","precio":1541.47,"destacado":false,"descripcion":"","imagen":"assets/products/CA-000001007151.webp","tags":["anillo","fluo","stasio","x36u","7151"]},{"id":"CA-779812617130","nombre":"ANILLO MULTICOLOR  PIERROTx36","categoria":"Cotillon","subcategoria":"Miniaturas / Juguetitos / Regalitos","precio":884.25,"destacado":false,"descripcion":"","imagen":"assets/products/CA-779812617130.webp","tags":["anillo","multicolor","pierrotx36"]},{"id":"CA-202560001209","nombre":"ANILLO VARIOS MODELOS TORNASOL 36pcs x1 FP1209-01","categoria":"Cotillon","subcategoria":"Miniaturas / Juguetitos / Regalitos","precio":7430.85,"destacado":false,"descripcion":"","imagen":"assets/products/CA-202560001209.webp","tags":["anillo","varios","modelos","tornasol","36pcs","fp1209"]},{"id":"CA-000000008192","nombre":"ANIMALITOS ZOO PATRIMAR x12","categoria":"Cotillon","subcategoria":"Miniaturas / Juguetitos / Regalitos","precio":552.7,"destacado":false,"descripcion":"","imagen":"assets/products/CA-000000008192.webp","tags":["animalitos","zoo","patrimar","x12"]},{"id":"CA-779343600108","nombre":"ANOTADOR UNICORNIO 3D CON BOLIGRAGO VARIOS DISEÑOS x12 600108","categoria":"Cotillon","subcategoria":"Miniaturas / Juguetitos / Regalitos","precio":7087.93,"destacado":false,"descripcion":"","imagen":"assets/products/CA-779343600108.webp","tags":["anotador","unicornio","con","boligrago","varios","diseños","x12","600108"]},{"id":"CA-202560000003","nombre":"ARCO Y FLECHA FLUO 20 pcs X1 FP0003","categoria":"Cotillon","subcategoria":"Miniaturas / Juguetitos / Regalitos","precio":2831.22,"destacado":false,"descripcion":"","imagen":"assets/products/CA-202560000003.webp","tags":["arco","flecha","fluo","pcs","fp0003"]},{"id":"CA-000000007038","nombre":"ARCOS CON RED STASIO x12u. 7038","categoria":"Cotillon","subcategoria":"Miniaturas / Juguetitos / Regalitos","precio":2493.92,"destacado":false,"descripcion":"","imagen":"assets/products/CA-000000007038.webp","tags":["arcos","con","red","stasio","x12u","7038"]},{"id":"CA-000000007047","nombre":"ARMAS GRANDES STASIO x12u. 7047","categoria":"Cotillon","subcategoria":"Miniaturas / Juguetitos / Regalitos","precio":870.2,"destacado":false,"descripcion":"","imagen":"assets/products/CA-000000007047.webp","tags":["armas","grandes","stasio","x12u","7047"]},{"id":"CA-000000007073","nombre":"AUTO 7 MODELOS STASIO x12u.  7073","categoria":"Cotillon","subcategoria":"Miniaturas / Juguetitos / Regalitos","precio":805.17,"destacado":false,"descripcion":"","imagen":"assets/products/CA-000000007073.webp","tags":["auto","modelos","stasio","x12u","7073"]},{"id":"CA-000000007006","nombre":"AUTO FORMULA 1 STASIO x6u. 7006","categoria":"Cotillon","subcategoria":"Miniaturas / Juguetitos / Regalitos","precio":1749.82,"destacado":false,"descripcion":"","imagen":"assets/products/CA-000000007006.webp","tags":["auto","formula","stasio","x6u","7006"]},{"id":"CA-000000007070","nombre":"AUTO TC CHICO STASIO x12u. 7070","categoria":"Cotillon","subcategoria":"Miniaturas / Juguetitos / Regalitos","precio":1749.83,"destacado":false,"descripcion":"","imagen":"assets/products/CA-000000007070.webp","tags":["auto","chico","stasio","x12u","7070"]},{"id":"CA-000000007034","nombre":"AVION CHICO STASIO x12u. 7034","categoria":"Cotillon","subcategoria":"Miniaturas / Juguetitos / Regalitos","precio":805.17,"destacado":false,"descripcion":"","imagen":"assets/products/CA-000000007034.webp","tags":["avion","chico","stasio","x12u","7034"]},{"id":"CA-779812557036","nombre":"AVIONCITO CON OJOS x6","categoria":"Cotillon","subcategoria":"Miniaturas / Juguetitos / Regalitos","precio":1956.92,"destacado":false,"descripcion":"","imagen":"assets/products/CA-779812557036.webp","tags":["avioncito","con","ojos"]},{"id":"CA-000000006221","nombre":"AVIONCITOS PATRIMAR x36","categoria":"Cotillon","subcategoria":"Miniaturas / Juguetitos / Regalitos","precio":834.87,"destacado":false,"descripcion":"","imagen":"assets/products/CA-000000006221.webp","tags":["avioncitos","patrimar","x36"]},{"id":"CA-779812557735","nombre":"AVIONETAS x4u. 735","categoria":"Cotillon","subcategoria":"Miniaturas / Juguetitos / Regalitos","precio":1751.17,"destacado":false,"descripcion":"","imagen":"assets/products/CA-779812557735.webp","tags":["avionetas","x4u","735"]},{"id":"CA-000000007022","nombre":"BALLESTA STASIO x6 7022","categoria":"Cotillon","subcategoria":"Miniaturas / Juguetitos / Regalitos","precio":1891.12,"destacado":false,"descripcion":"","imagen":"assets/products/CA-000000007022.webp","tags":["ballesta","stasio","7022"]},{"id":"CA-779812557739","nombre":"BICICLETAS x3u. 739","categoria":"Cotillon","subcategoria":"Miniaturas / Juguetitos / Regalitos","precio":1211.68,"destacado":false,"descripcion":"","imagen":"assets/products/CA-779812557739.webp","tags":["bicicletas","x3u","739"]},{"id":"CA-05022840262788","nombre":"BLISTER 2 YOYO RUEDA x1 HM40201","categoria":"Cotillon","subcategoria":"Miniaturas / Juguetitos / Regalitos","precio":1672.28,"destacado":false,"descripcion":"","imagen":"assets/products/CA-05022840262788.webp","tags":["blister","yoyo","rueda","hm40201"]},{"id":"CA-202560000006","nombre":"BLISTER AUTO DEPORTIVO METAL  24 pcs X1 FP0006-01","categoria":"Cotillon","subcategoria":"Miniaturas / Juguetitos / Regalitos","precio":9922.5,"destacado":false,"descripcion":"","imagen":"assets/products/CA-202560000006.webp","tags":["blister","auto","deportivo","metal","pcs","fp0006"]},{"id":"CA-202562000006","nombre":"BLISTER AUTO DEPORTIVO PATRULLA METAL  24 pcs X1 FP0006-02","categoria":"Cotillon","subcategoria":"Miniaturas / Juguetitos / Regalitos","precio":9922.5,"destacado":false,"descripcion":"","imagen":"assets/products/CA-202562000006.webp","tags":["blister","auto","deportivo","patrulla","metal","pcs","fp0006"]},{"id":"CA-202563000006","nombre":"BLISTER AUTO FORMULA 1 METAL  24 pcs X1 FP0006-03","categoria":"Cotillon","subcategoria":"Miniaturas / Juguetitos / Regalitos","precio":9922.5,"destacado":false,"descripcion":"","imagen":"assets/products/CA-202563000006.webp","tags":["blister","auto","formula","metal","pcs","fp0006"]},{"id":"CA-202560000092","nombre":"BLISTER AVION DE GUERRA FLUO 20 pcs X1 FP0092","categoria":"Cotillon","subcategoria":"Miniaturas / Juguetitos / Regalitos","precio":3682.35,"destacado":false,"descripcion":"","imagen":"assets/products/CA-202560000092.webp","tags":["blister","avion","guerra","fluo","pcs","fp0092"]},{"id":"CA-202560000088","nombre":"BLISTER AVIONES DE GUERRA PREMIUN 24 pcs X1 FP0088","categoria":"Cotillon","subcategoria":"Miniaturas / Juguetitos / Regalitos","precio":9203.67,"destacado":false,"descripcion":"","imagen":"assets/products/CA-202560000088.webp","tags":["blister","aviones","guerra","premiun","pcs","fp0088"]},{"id":"CA-202560000149","nombre":"BLISTER CALCULADORA MINI PREMIUN 6 pcs X1 FP0149","categoria":"Cotillon","subcategoria":"Miniaturas / Juguetitos / Regalitos","precio":9975.42,"destacado":false,"descripcion":"","imagen":"assets/products/CA-202560000149.webp","tags":["blister","calculadora","mini","premiun","pcs","fp0149"]},{"id":"CA-202560000018","nombre":"BLISTER CAMIONES DE CONSTRUCCION 12 pcs X1 FP0018","categoria":"Cotillon","subcategoria":"Miniaturas / Juguetitos / Regalitos","precio":5468.4,"destacado":false,"descripcion":"","imagen":"assets/products/CA-202560000018.webp","tags":["blister","camiones","construccion","pcs","fp0018"]},{"id":"CA-202560000090","nombre":"BLISTER COLLAR CORAZON/FLOR METAL 20 pcs X1 FP0090","categoria":"Cotillon","subcategoria":"Miniaturas / Juguetitos / Regalitos","precio":3611.79,"destacado":false,"descripcion":"","imagen":"assets/products/CA-202560000090.webp","tags":["blister","collar","corazon","flor","metal","pcs","fp0090"]},{"id":"CA-202560000151","nombre":"BLISTER CUCHILLO DE GUERRA RETRACTIL x12 FP0151","categoria":"Cotillon","subcategoria":"Miniaturas / Juguetitos / Regalitos","precio":5342.4,"destacado":false,"descripcion":"","imagen":"assets/products/CA-202560000151.webp","tags":["blister","cuchillo","guerra","retractil","x12","fp0151"]},{"id":"CA-05022840303764","nombre":"BLISTER DE 3 AUTITOS SPORT x1 HM10212","categoria":"Cotillon","subcategoria":"Miniaturas / Juguetitos / Regalitos","precio":1773.67,"destacado":false,"descripcion":"","imagen":"assets/products/CA-05022840303764.webp","tags":["blister","autitos","sport","hm10212"]},{"id":"CA-05022840151792","nombre":"BLISTER DE 6 RESORTE MAGICOS FORMAS MULTICOLOR x1 HM40203","categoria":"Cotillon","subcategoria":"Miniaturas / Juguetitos / Regalitos","precio":2703.19,"destacado":false,"descripcion":"","imagen":"assets/products/CA-05022840151792.webp","tags":["blister","resorte","magicos","formas","multicolor","hm40203"]},{"id":"CA-202560000009","nombre":"BLISTER EMBOQUITO CANCHA DE FUTBOL 20 pcs X1 FP0009","categoria":"Cotillon","subcategoria":"Miniaturas / Juguetitos / Regalitos","precio":3113.46,"destacado":false,"descripcion":"","imagen":"assets/products/CA-202560000009.webp","tags":["blister","emboquito","cancha","futbol","pcs","fp0009"]},{"id":"CA-202560000020","nombre":"BLISTER EMBOQUITO CELULAR 12 pcs X1 FP0020","categoria":"Cotillon","subcategoria":"Miniaturas / Juguetitos / Regalitos","precio":3219.3,"destacado":false,"descripcion":"","imagen":"assets/products/CA-202560000020.webp","tags":["blister","emboquito","celular","pcs","fp0020"]},{"id":"CA-202560000094","nombre":"BLISTER FORMULA 1 BICOLOR 20 pcs X1 FP0094","categoria":"Cotillon","subcategoria":"Miniaturas / Juguetitos / Regalitos","precio":3395.7,"destacado":false,"descripcion":"","imagen":"assets/products/CA-202560000094.webp","tags":["blister","formula","bicolor","pcs","fp0094"]},{"id":"CA-202560000013","nombre":"BLISTER HELICE FLUO 20 pcs X1 FP0013","categoria":"Cotillon","subcategoria":"Miniaturas / Juguetitos / Regalitos","precio":2478.42,"destacado":false,"descripcion":"","imagen":"assets/products/CA-202560000013.webp","tags":["blister","helice","fluo","pcs","fp0013"]},{"id":"CA-202560000008","nombre":"BLISTER HOMBRE ARACNIDO PEGAJOSO 20 pcs X1 FP0008","categoria":"Cotillon","subcategoria":"Miniaturas / Juguetitos / Regalitos","precio":2831.22,"destacado":false,"descripcion":"","imagen":"assets/products/CA-202560000008.webp","tags":["blister","hombre","aracnido","pegajoso","pcs","fp0008"]},{"id":"CA-000000057686","nombre":"BLISTER LAGARTO CRECE CON EL AGUA x1 (6X1) 743982","categoria":"Cotillon","subcategoria":"Miniaturas / Juguetitos / Regalitos","precio":8107.01,"destacado":false,"descripcion":"","imagen":"assets/products/CA-000000057686.webp","tags":["blister","lagarto","crece","con","agua","6x1","743982"]},{"id":"CA-774240034518","nombre":"BLISTER LETRAS Y NUMEROS MAGNETICO x1 742400","categoria":"Cotillon","subcategoria":"Miniaturas / Juguetitos / Regalitos","precio":2365.18,"destacado":false,"descripcion":"","imagen":"assets/products/CA-774240034518.webp","tags":["blister","letras","numeros","magnetico","742400"]},{"id":"CA-05022840317198","nombre":"BLISTER MASA FOAM SLIME PARA MODELADO x1 516296","categoria":"Cotillon","subcategoria":"Miniaturas / Juguetitos / Regalitos","precio":2660.94,"destacado":false,"descripcion":"","imagen":"assets/products/CA-05022840317198.webp","tags":["blister","masa","foam","slime","para","modelado","516296"]},{"id":"CA-05022840307670","nombre":"BLISTER MASA FOAM SLIME PARA MODELADO x1 516297","categoria":"Cotillon","subcategoria":"Miniaturas / Juguetitos / Regalitos","precio":2660.94,"destacado":false,"descripcion":"","imagen":"assets/products/CA-05022840307670.webp","tags":["blister","masa","foam","slime","para","modelado","516297"]},{"id":"CA-05022840152126","nombre":"BLISTER MINI DINOSAURIOS x1 HM80525","categoria":"Cotillon","subcategoria":"Miniaturas / Juguetitos / Regalitos","precio":2787.68,"destacado":false,"descripcion":"","imagen":"assets/products/CA-05022840152126.webp","tags":["blister","mini","dinosaurios","hm80525"]},{"id":"CA-202560000017","nombre":"BLISTER MINI TRANSFORMERS PREMIUM 20 pcs X1 FP0017","categoria":"Cotillon","subcategoria":"Miniaturas / Juguetitos / Regalitos","precio":8908.2,"destacado":false,"descripcion":"","imagen":"assets/products/CA-202560000017.webp","tags":["blister","mini","transformers","premium","pcs","fp0017"]},{"id":"CA-774240367809","nombre":"BLISTER NUMEROS MAGNETICOS x1 742403","categoria":"Cotillon","subcategoria":"Miniaturas / Juguetitos / Regalitos","precio":1435.67,"destacado":false,"descripcion":"","imagen":"assets/products/CA-774240367809.webp","tags":["blister","numeros","magneticos","742403"]},{"id":"CA-05022840092842","nombre":"BLISTER PISTOLA DE BURBUJAS A PILA x1 HM50157","categoria":"Cotillon","subcategoria":"Miniaturas / Juguetitos / Regalitos","precio":6490.43,"destacado":false,"descripcion":"","imagen":"assets/products/CA-05022840092842.webp","tags":["blister","pistola","burbujas","pila","hm50157"]},{"id":"CA-05022840202302","nombre":"BLISTER PISTOLA DE BURBUJAS CON LUZx1 HM50155","categoria":"Cotillon","subcategoria":"Miniaturas / Juguetitos / Regalitos","precio":5069.21,"destacado":false,"descripcion":"","imagen":"assets/products/CA-05022840202302.webp","tags":["blister","pistola","burbujas","con","luzx1","hm50155"]},{"id":"CA-202560000047","nombre":"BLISTER PISTOLITA DE AGUA 6 pcs X1 FP0047","categoria":"Cotillon","subcategoria":"Miniaturas / Juguetitos / Regalitos","precio":2160.9,"destacado":false,"descripcion":"","imagen":"assets/products/CA-202560000047.webp","tags":["blister","pistolita","agua","pcs","fp0047"]}]}