{"category_slug":"cotillon","subcategory_slug":"","page":33,"page_size":48,"total":4091,"items":[{"id":"CA-779837770230","nombre":"DISFRAZ OFICIAL ECONOMICO VENOM T0 x1 8215 (3-4años)","categoria":"Cotillon","subcategoria":"Disfraces Oficiales Varon","precio":13825.28,"destacado":false,"descripcion":"","imagen":"assets/products/CA-779837770230.webp","tags":["disfraz","oficial","economico","venom","8215","4años"]},{"id":"CA-779837770231","nombre":"DISFRAZ OFICIAL ECONOMICO VENOM T1 x1 8216 (5-6años)","categoria":"Cotillon","subcategoria":"Disfraces Oficiales Varon","precio":13825.28,"destacado":false,"descripcion":"","imagen":"assets/products/CA-779837770231.webp","tags":["disfraz","oficial","economico","venom","8216","6años"]},{"id":"CA-779837770232","nombre":"DISFRAZ OFICIAL ECONOMICO VENOM T2 x1 8217 (7-8años)","categoria":"Cotillon","subcategoria":"Disfraces Oficiales Varon","precio":13825.28,"destacado":false,"descripcion":"","imagen":"assets/products/CA-779837770232.webp","tags":["disfraz","oficial","economico","venom","8217","8años"]},{"id":"CA-779837770059","nombre":"DISFRAZ OFICIAL ENCANTO ISABELA T0x1 1201 (3-4años)","categoria":"Cotillon","subcategoria":"Disfraces Oficiales Nena","precio":15000.0,"destacado":false,"descripcion":"","imagen":"assets/products/CA-779837770059.webp","tags":["disfraz","oficial","encanto","isabela","t0x1","1201","4años"]},{"id":"CA-779800258718","nombre":"DISFRAZ OFICIAL FLASH T1 (1671-1) x1","categoria":"Cotillon","subcategoria":"Disfraces Oficiales Varon","precio":21060.0,"destacado":false,"descripcion":"","imagen":"assets/products/CA-779800258718.webp","tags":["disfraz","oficial","flash","1671"]},{"id":"CA-779800258719","nombre":"DISFRAZ OFICIAL FLASH T2 (1671-2) x1","categoria":"Cotillon","subcategoria":"Disfraces Oficiales Varon","precio":21060.0,"destacado":false,"descripcion":"","imagen":"assets/products/CA-779800258719.webp","tags":["disfraz","oficial","flash","1671"]},{"id":"CA-779800258720","nombre":"DISFRAZ OFICIAL FLASH T3 (1671-3) x1","categoria":"Cotillon","subcategoria":"Disfraces Oficiales Varon","precio":21060.0,"destacado":false,"descripcion":"","imagen":"assets/products/CA-779800258720.webp","tags":["disfraz","oficial","flash","1671"]},{"id":"CA-779824079838","nombre":"DISFRAZ OFICIAL FROZEN 2 ELSA ESPECIAL T0 x1 1013 (3-4años)","categoria":"Cotillon","subcategoria":"Disfraces Oficiales Nena","precio":21115.01,"destacado":false,"descripcion":"","imagen":"assets/products/CA-779824079838.webp","tags":["disfraz","oficial","frozen","elsa","especial","1013","4años"]},{"id":"CA-779824079839","nombre":"DISFRAZ OFICIAL FROZEN 2 ELSA ESPECIAL T1 x1 1014 (5-6años)","categoria":"Cotillon","subcategoria":"Disfraces Oficiales Nena","precio":21115.01,"destacado":false,"descripcion":"","imagen":"assets/products/CA-779824079839.webp","tags":["disfraz","oficial","frozen","elsa","especial","1014","6años"]},{"id":"CA-779824079840","nombre":"DISFRAZ OFICIAL FROZEN 2 ELSA ESPECIAL T2 x1 1015 (7-8años)","categoria":"Cotillon","subcategoria":"Disfraces Oficiales Nena","precio":21115.01,"destacado":false,"descripcion":"","imagen":"assets/products/CA-779824079840.webp","tags":["disfraz","oficial","frozen","elsa","especial","1015","8años"]},{"id":"CA-779814781490","nombre":"DISFRAZ OFICIAL GOKU DRAGON BALL Z CANDELA T1x1 (2-4años)","categoria":"Cotillon","subcategoria":"Disfraces Oficiales Varon","precio":13851.0,"destacado":false,"descripcion":"","imagen":"assets/products/CA-779814781490.webp","tags":["disfraz","oficial","goku","dragon","ball","candela","t1x1","4años"]},{"id":"CA-779814781491","nombre":"DISFRAZ OFICIAL GOKU DRAGON BALL Z CANDELA T2x1 (4-6años)","categoria":"Cotillon","subcategoria":"Disfraces Oficiales Varon","precio":13851.0,"destacado":false,"descripcion":"","imagen":"assets/products/CA-779814781491.webp","tags":["disfraz","oficial","goku","dragon","ball","candela","t2x1","6años"]},{"id":"CA-779814781492","nombre":"DISFRAZ OFICIAL GOKU DRAGON BALL Z CANDELA T3x1 (6-8años)","categoria":"Cotillon","subcategoria":"Disfraces Oficiales Varon","precio":13851.0,"destacado":false,"descripcion":"","imagen":"assets/products/CA-779814781492.webp","tags":["disfraz","oficial","goku","dragon","ball","candela","t3x1","8años"]},{"id":"CA-779814781590","nombre":"DISFRAZ OFICIAL GOKU DRAGON BALL Z CANDELA T4x1 (8-10años)","categoria":"Cotillon","subcategoria":"Disfraces Oficiales Varon","precio":13851.0,"destacado":false,"descripcion":"","imagen":"assets/products/CA-779814781590.webp","tags":["disfraz","oficial","goku","dragon","ball","candela","t4x1","10años"]},{"id":"CA-779824079501","nombre":"DISFRAZ OFICIAL HOMBRE ARAÑA MUSCULOSOS ESPECIAL T0 x1 122810 (3-4años)","categoria":"Cotillon","subcategoria":"Disfraces Oficiales Varon","precio":26393.78,"destacado":false,"descripcion":"","imagen":"assets/products/CA-779824079501.webp","tags":["disfraz","oficial","hombre","araña","musculosos","especial","122810","4años"]},{"id":"CA-779824079502","nombre":"DISFRAZ OFICIAL HOMBRE ARAÑA MUSCULOSOS ESPECIAL T1 x1 122910 (5-6años)","categoria":"Cotillon","subcategoria":"Disfraces Oficiales Varon","precio":26393.78,"destacado":false,"descripcion":"","imagen":"assets/products/CA-779824079502.webp","tags":["disfraz","oficial","hombre","araña","musculosos","especial","122910","6años"]},{"id":"CA-779824079503","nombre":"DISFRAZ OFICIAL HOMBRE ARAÑA MUSCULOSOS ESPECIAL T2 x1 123010 (7-8años)","categoria":"Cotillon","subcategoria":"Disfraces Oficiales Varon","precio":26393.78,"destacado":false,"descripcion":"","imagen":"assets/products/CA-779824079503.webp","tags":["disfraz","oficial","hombre","araña","musculosos","especial","123010","8años"]},{"id":"CA-779824079495","nombre":"DISFRAZ OFICIAL HULK MUSCULOSO ESPECIAL T0 x1 123710 (3-4años)","categoria":"Cotillon","subcategoria":"Disfraces Oficiales Varon","precio":26393.78,"destacado":false,"descripcion":"","imagen":"assets/products/CA-779824079495.webp","tags":["disfraz","oficial","hulk","musculoso","especial","123710","4años"]},{"id":"CA-779824079496","nombre":"DISFRAZ OFICIAL HULK MUSCULOSO ESPECIAL T1 x1 123810 (5-6 años)","categoria":"Cotillon","subcategoria":"Disfraces Oficiales Varon","precio":26393.78,"destacado":false,"descripcion":"","imagen":"assets/products/CA-779824079496.webp","tags":["disfraz","oficial","hulk","musculoso","especial","123810","años"]},{"id":"CA-779824079497","nombre":"DISFRAZ OFICIAL HULK MUSCULOSO ESPECIAL T2 x1 123910 (7-8años)","categoria":"Cotillon","subcategoria":"Disfraces Oficiales Varon","precio":26393.78,"destacado":false,"descripcion":"","imagen":"assets/products/CA-779824079497.webp","tags":["disfraz","oficial","hulk","musculoso","especial","123910","8años"]},{"id":"CA-779837770284","nombre":"DISFRAZ OFICIAL LILO T0x1  (3-4años) 1190","categoria":"Cotillon","subcategoria":"Disfraces Oficiales Nena","precio":21115.01,"destacado":false,"descripcion":"","imagen":"assets/products/CA-779837770284.webp","tags":["disfraz","oficial","lilo","t0x1","4años","1190"]},{"id":"CA-779837770285","nombre":"DISFRAZ OFICIAL LILO T1x1  (5-6años) 1191","categoria":"Cotillon","subcategoria":"Disfraces Oficiales Nena","precio":21115.01,"destacado":false,"descripcion":"","imagen":"assets/products/CA-779837770285.webp","tags":["disfraz","oficial","lilo","t1x1","6años","1191"]},{"id":"CA-779837770286","nombre":"DISFRAZ OFICIAL LILO T2x1  (7-8años) 1192","categoria":"Cotillon","subcategoria":"Disfraces Oficiales Nena","precio":21115.01,"destacado":false,"descripcion":"","imagen":"assets/products/CA-779837770286.webp","tags":["disfraz","oficial","lilo","t2x1","8años","1192"]},{"id":"CA-779814781661","nombre":"DISFRAZ OFICIAL MASHA Y EL OSO CANDELA T0 x1","categoria":"Cotillon","subcategoria":"Disfraces Oficiales Nena","precio":11946.49,"destacado":false,"descripcion":"","imagen":"assets/products/CA-779814781661.webp","tags":["disfraz","oficial","masha","oso","candela"]},{"id":"CA-779814781662","nombre":"DISFRAZ OFICIAL MASHA Y EL OSO CANDELA T1 x1","categoria":"Cotillon","subcategoria":"Disfraces Oficiales Nena","precio":11946.49,"destacado":false,"descripcion":"","imagen":"assets/products/CA-779814781662.webp","tags":["disfraz","oficial","masha","oso","candela"]},{"id":"CA-779814781663","nombre":"DISFRAZ OFICIAL MASHA Y EL OSO CANDELA T2 x1","categoria":"Cotillon","subcategoria":"Disfraces Oficiales Nena","precio":11946.49,"destacado":false,"descripcion":"","imagen":"assets/products/CA-779814781663.webp","tags":["disfraz","oficial","masha","oso","candela"]},{"id":"CA-779824079136","nombre":"DISFRAZ OFICIAL MINNIE ROSA T0 x1 2178 (3-4años)","categoria":"Cotillon","subcategoria":"Disfraces Oficiales Nena","precio":21115.0,"destacado":false,"descripcion":"","imagen":"assets/products/CA-779824079136.webp","tags":["disfraz","oficial","minnie","rosa","2178","4años"]},{"id":"CA-779824079137","nombre":"DISFRAZ OFICIAL MINNIE ROSA T1 x1 2179 (5-6años)","categoria":"Cotillon","subcategoria":"Disfraces Oficiales Nena","precio":21115.0,"destacado":false,"descripcion":"","imagen":"assets/products/CA-779824079137.webp","tags":["disfraz","oficial","minnie","rosa","2179","6años"]},{"id":"CA-779824079138","nombre":"DISFRAZ OFICIAL MINNIE ROSAT2 x1 2180 (7-8años)","categoria":"Cotillon","subcategoria":"Disfraces Oficiales Nena","precio":21115.0,"destacado":false,"descripcion":"","imagen":"assets/products/CA-779824079138.webp","tags":["disfraz","oficial","minnie","rosat2","2180","8años"]},{"id":"CA-779837770209","nombre":"DISFRAZ OFICIAL MOANA 2 T0x1  (3-4años)","categoria":"Cotillon","subcategoria":"Disfraces Oficiales Nena","precio":21115.0,"destacado":false,"descripcion":"","imagen":"assets/products/CA-779837770209.webp","tags":["disfraz","oficial","moana","t0x1","4años"]},{"id":"CA-779837770210","nombre":"DISFRAZ OFICIAL MOANA 2 T1x1  (5-6años)","categoria":"Cotillon","subcategoria":"Disfraces Oficiales Nena","precio":21115.0,"destacado":false,"descripcion":"","imagen":"assets/products/CA-779837770210.webp","tags":["disfraz","oficial","moana","t1x1","6años"]},{"id":"CA-779837770211","nombre":"DISFRAZ OFICIAL MOANA 2 T2x1 (7-8años) 1155","categoria":"Cotillon","subcategoria":"Disfraces Oficiales Nena","precio":21115.0,"destacado":false,"descripcion":"","imagen":"assets/products/CA-779837770211.webp","tags":["disfraz","oficial","moana","t2x1","8años","1155"]},{"id":"CA-779800258667","nombre":"DISFRAZ OFICIAL MUJER MARAVILLA T1 (1668-1) x1","categoria":"Cotillon","subcategoria":"Disfraces Oficiales Nena","precio":21060.0,"destacado":false,"descripcion":"","imagen":"assets/products/CA-779800258667.webp","tags":["disfraz","oficial","mujer","maravilla","1668"]},{"id":"CA-779800258668","nombre":"DISFRAZ OFICIAL MUJER MARAVILLA T2 (1668-2) x1","categoria":"Cotillon","subcategoria":"Disfraces Oficiales Nena","precio":21060.0,"destacado":false,"descripcion":"","imagen":"assets/products/CA-779800258668.webp","tags":["disfraz","oficial","mujer","maravilla","1668"]},{"id":"CA-779800258669","nombre":"DISFRAZ OFICIAL MUJER MARAVILLA T3 (1668-3) x1","categoria":"Cotillon","subcategoria":"Disfraces Oficiales Nena","precio":21060.0,"destacado":false,"descripcion":"","imagen":"assets/products/CA-779800258669.webp","tags":["disfraz","oficial","mujer","maravilla","1668"]},{"id":"CA-779837770132","nombre":"DISFRAZ OFICIAL SIRENITA T0x1 1123 (3-4años)","categoria":"Cotillon","subcategoria":"Disfraces Oficiales Nena","precio":21115.0,"destacado":false,"descripcion":"","imagen":"assets/products/CA-779837770132.webp","tags":["disfraz","oficial","sirenita","t0x1","1123","4años"]},{"id":"CA-779837770133","nombre":"DISFRAZ OFICIAL SIRENITA T1x1 1124 (5-6años)","categoria":"Cotillon","subcategoria":"Disfraces Oficiales Nena","precio":21115.0,"destacado":false,"descripcion":"","imagen":"assets/products/CA-779837770133.webp","tags":["disfraz","oficial","sirenita","t1x1","1124","6años"]},{"id":"CA-779837770134","nombre":"DISFRAZ OFICIAL SIRENITA T2x1 1125 (7-8años)","categoria":"Cotillon","subcategoria":"Disfraces Oficiales Nena","precio":21115.0,"destacado":false,"descripcion":"","imagen":"assets/products/CA-779837770134.webp","tags":["disfraz","oficial","sirenita","t2x1","1125","8años"]},{"id":"CA-779837770278","nombre":"DISFRAZ OFICIAL STITCH ESPECIAL T0 x1 1184 (3-4 AÑOS)","categoria":"Cotillon","subcategoria":"Disfraces Oficiales Nena","precio":26393.78,"destacado":false,"descripcion":"","imagen":"assets/products/CA-779837770278.webp","tags":["disfraz","oficial","stitch","especial","1184","años"]},{"id":"CA-779837770279","nombre":"DISFRAZ OFICIAL STITCH ESPECIAL T1 x1 1185 (5-6 AÑOS)","categoria":"Cotillon","subcategoria":"Disfraces Oficiales Nena","precio":26393.78,"destacado":false,"descripcion":"","imagen":"assets/products/CA-779837770279.webp","tags":["disfraz","oficial","stitch","especial","1185","años"]},{"id":"CA-779837770280","nombre":"DISFRAZ OFICIAL STITCH ESPECIAL T2 x1 1186 (7-8 AÑOS)","categoria":"Cotillon","subcategoria":"Disfraces Oficiales Nena","precio":26393.78,"destacado":false,"descripcion":"","imagen":"assets/products/CA-779837770280.webp","tags":["disfraz","oficial","stitch","especial","1186","años"]},{"id":"CA-779800258679","nombre":"DISFRAZ OFICIAL SUPERMAN T1 (1665-1) x1","categoria":"Cotillon","subcategoria":"Disfraces Oficiales Varon","precio":21060.0,"destacado":false,"descripcion":"","imagen":"assets/products/CA-779800258679.webp","tags":["disfraz","oficial","superman","1665"]},{"id":"CA-779800258680","nombre":"DISFRAZ OFICIAL SUPERMAN T2 (1665-2) x1","categoria":"Cotillon","subcategoria":"Disfraces Oficiales Varon","precio":21060.0,"destacado":false,"descripcion":"","imagen":"assets/products/CA-779800258680.webp","tags":["disfraz","oficial","superman","1665"]},{"id":"CA-779800258681","nombre":"DISFRAZ OFICIAL SUPERMAN T3 (1665-3) x1","categoria":"Cotillon","subcategoria":"Disfraces Oficiales Varon","precio":21060.0,"destacado":false,"descripcion":"","imagen":"assets/products/CA-779800258681.webp","tags":["disfraz","oficial","superman","1665"]},{"id":"CA-000000038666","nombre":"DISFRAZ OFICIAL SURTIDO OUTLET x1","categoria":"Cotillon","subcategoria":"Disfraces Infantiles - Fantasia Nena/Varon","precio":2500.0,"destacado":false,"descripcion":"","imagen":"assets/products/CA-000000038666.webp","tags":["disfraz","oficial","surtido","outlet"]},{"id":"CA-779837770167","nombre":"DISFRAZ OFICIAL WISH ASHA T0x1 1144 (3-4años)","categoria":"Cotillon","subcategoria":"Disfraces Oficiales Nena","precio":15000.0,"destacado":false,"descripcion":"","imagen":"assets/products/CA-779837770167.webp","tags":["disfraz","oficial","wish","asha","t0x1","1144","4años"]},{"id":"CA-779837770275","nombre":"DISFRAZ OFICIAL WOLVERINE  T0x1  (3-4años)","categoria":"Cotillon","subcategoria":"Disfraces Oficiales Varon","precio":21115.0,"destacado":false,"descripcion":"","imagen":"assets/products/CA-779837770275.webp","tags":["disfraz","oficial","wolverine","t0x1","4años"]},{"id":"CA-779837770276","nombre":"DISFRAZ OFICIAL WOLVERINE T1x1 (5-6años)","categoria":"Cotillon","subcategoria":"Disfraces Oficiales Varon","precio":21115.0,"destacado":false,"descripcion":"","imagen":"assets/products/CA-779837770276.webp","tags":["disfraz","oficial","wolverine","t1x1","6años"]}]}