{"category_slug":"cotillon","subcategory_slug":"","page":48,"page_size":48,"total":4091,"items":[{"id":"CA-779819415008","nombre":"GLOBO GLOBOX PERLADO 12\" NARANJA x50","categoria":"Cotillon","subcategoria":"Globos Perlados","precio":5171.42,"destacado":false,"descripcion":"","imagen":"assets/products/CA-779819415008.webp","tags":["globo","globox","perlado","naranja","x50"]},{"id":"CA-77981941500854","nombre":"GLOBO GLOBOX PERLADO 12\" NARANJA x50 (BULTOx20)","categoria":"Cotillon","subcategoria":"Globos Perlados","precio":103428.44,"destacado":false,"descripcion":"","imagen":"assets/products/CA-77981941500854.webp","tags":["globo","globox","perlado","naranja","x50","bultox20"]},{"id":"CA-779819415018","nombre":"GLOBO GLOBOX PERLADO 12\" NEGRO x50","categoria":"Cotillon","subcategoria":"Globos Perlados","precio":5171.42,"destacado":false,"descripcion":"","imagen":"assets/products/CA-779819415018.webp","tags":["globo","globox","perlado","negro","x50"]},{"id":"CA-77981941501844","nombre":"GLOBO GLOBOX PERLADO 12\" NEGRO x50 (BULTOx20) 50184","categoria":"Cotillon","subcategoria":"Globos Perlados","precio":103428.44,"destacado":false,"descripcion":"","imagen":"assets/products/CA-77981941501844.webp","tags":["globo","globox","perlado","negro","x50","bultox20","50184"]},{"id":"CA-779819415009","nombre":"GLOBO GLOBOX PERLADO 12\" PLATEADO x50","categoria":"Cotillon","subcategoria":"Globos Perlados","precio":5171.42,"destacado":false,"descripcion":"","imagen":"assets/products/CA-779819415009.webp","tags":["globo","globox","perlado","plateado","x50"]},{"id":"CA-77981941500922","nombre":"GLOBO GLOBOX PERLADO 12\" PLATEADO x50 (BULTOx20) 50092","categoria":"Cotillon","subcategoria":"Globos Perlados","precio":103428.44,"destacado":false,"descripcion":"","imagen":"assets/products/CA-77981941500922.webp","tags":["globo","globox","perlado","plateado","x50","bultox20","50092"]},{"id":"CA-77984209717810","nombre":"GLOBO GLOBOX PERLADO 12\" PLATINUM x50 (BULTOx20) 71781","categoria":"Cotillon","subcategoria":"Globos Perlados","precio":103428.44,"destacado":false,"descripcion":"","imagen":"assets/products/CA-77984209717810.webp","tags":["globo","globox","perlado","platinum","x50","bultox20","71781"]},{"id":"CA-779842097178","nombre":"GLOBO GLOBOX PERLADO 12\" PLATINUM x50 71781","categoria":"Cotillon","subcategoria":"Globos Perlados","precio":5171.42,"destacado":false,"descripcion":"","imagen":"assets/products/CA-779842097178.webp","tags":["globo","globox","perlado","platinum","x50","71781"]},{"id":"CA-779819415011","nombre":"GLOBO GLOBOX PERLADO 12\" ROJO x50","categoria":"Cotillon","subcategoria":"Globos Perlados","precio":5171.42,"destacado":false,"descripcion":"","imagen":"assets/products/CA-779819415011.webp","tags":["globo","globox","perlado","rojo","x50"]},{"id":"CA-77981941501158","nombre":"GLOBO GLOBOX PERLADO 12\" ROJO x50 (BULTOx20) 50115","categoria":"Cotillon","subcategoria":"Globos Perlados","precio":103428.44,"destacado":false,"descripcion":"","imagen":"assets/products/CA-77981941501158.webp","tags":["globo","globox","perlado","rojo","x50","bultox20","50115"]},{"id":"CA-779819415023","nombre":"GLOBO GLOBOX PERLADO 12\" ROSA GOLD x50","categoria":"Cotillon","subcategoria":"Globos Perlados","precio":5171.42,"destacado":false,"descripcion":"","imagen":"assets/products/CA-779819415023.webp","tags":["globo","globox","perlado","rosa","gold","x50"]},{"id":"CA-77981941502384","nombre":"GLOBO GLOBOX PERLADO 12\" ROSA GOLD x50 (BULTOx20) 50238","categoria":"Cotillon","subcategoria":"Globos Perlados","precio":103428.44,"destacado":false,"descripcion":"","imagen":"assets/products/CA-77981941502384.webp","tags":["globo","globox","perlado","rosa","gold","x50","bultox20","50238"]},{"id":"CA-77984209717438","nombre":"GLOBO GLOBOX PERLADO 12\" ROSA PASTEL x50 (BULTOx20) 71743","categoria":"Cotillon","subcategoria":"Globos Perlados","precio":103428.44,"destacado":false,"descripcion":"","imagen":"assets/products/CA-77984209717438.webp","tags":["globo","globox","perlado","rosa","pastel","x50","bultox20","71743"]},{"id":"CA-779842097174","nombre":"GLOBO GLOBOX PERLADO 12\" ROSA PASTEL x50 71743","categoria":"Cotillon","subcategoria":"Globos Perlados","precio":5171.42,"destacado":false,"descripcion":"","imagen":"assets/products/CA-779842097174.webp","tags":["globo","globox","perlado","rosa","pastel","x50","71743"]},{"id":"CA-779819415010","nombre":"GLOBO GLOBOX PERLADO 12\" ROSA x50","categoria":"Cotillon","subcategoria":"Globos Perlados","precio":5171.42,"destacado":false,"descripcion":"","imagen":"assets/products/CA-779819415010.webp","tags":["globo","globox","perlado","rosa","x50"]},{"id":"CA-77981941501080","nombre":"GLOBO GLOBOX PERLADO 12\" ROSA x50 (BULTOx20) 50108","categoria":"Cotillon","subcategoria":"Globos Perlados","precio":103428.44,"destacado":false,"descripcion":"","imagen":"assets/products/CA-77981941501080.webp","tags":["globo","globox","perlado","rosa","x50","bultox20","50108"]},{"id":"CA-779819415012","nombre":"GLOBO GLOBOX PERLADO 12\" VERDE MANZANA x50","categoria":"Cotillon","subcategoria":"Globos Perlados","precio":5171.42,"destacado":false,"descripcion":"","imagen":"assets/products/CA-779819415012.webp","tags":["globo","globox","perlado","verde","manzana","x50"]},{"id":"CA-77981941501226","nombre":"GLOBO GLOBOX PERLADO 12\" VERDE MANZANA x50 (BULTOx20) 50122","categoria":"Cotillon","subcategoria":"Globos Perlados","precio":103428.44,"destacado":false,"descripcion":"","imagen":"assets/products/CA-77981941501226.webp","tags":["globo","globox","perlado","verde","manzana","x50","bultox20","50122"]},{"id":"CA-779842097176","nombre":"GLOBO GLOBOX PERLADO 12\" VERDE PASTEL x50  71767","categoria":"Cotillon","subcategoria":"Globos Perlados","precio":5171.42,"destacado":false,"descripcion":"","imagen":"assets/products/CA-779842097176.webp","tags":["globo","globox","perlado","verde","pastel","x50","71767"]},{"id":"CA-77984209717674","nombre":"GLOBO GLOBOX PERLADO 12\" VERDE PASTEL x50 (BULTOx20) 71767","categoria":"Cotillon","subcategoria":"Globos Perlados","precio":103428.44,"destacado":false,"descripcion":"","imagen":"assets/products/CA-77984209717674.webp","tags":["globo","globox","perlado","verde","pastel","x50","bultox20","71767"]},{"id":"CA-779819415014","nombre":"GLOBO GLOBOX PERLADO 12\" VERDE x50","categoria":"Cotillon","subcategoria":"Globos Perlados","precio":5171.42,"destacado":false,"descripcion":"","imagen":"assets/products/CA-779819415014.webp","tags":["globo","globox","perlado","verde","x50"]},{"id":"CA-77981941501462","nombre":"GLOBO GLOBOX PERLADO 12\" VERDE x50 (BULTOx20) 50146","categoria":"Cotillon","subcategoria":"Globos Perlados","precio":103428.44,"destacado":false,"descripcion":"","imagen":"assets/products/CA-77981941501462.webp","tags":["globo","globox","perlado","verde","x50","bultox20","50146"]},{"id":"CA-779819415013","nombre":"GLOBO GLOBOX PERLADO 12\" VIOLETA x50","categoria":"Cotillon","subcategoria":"Globos Perlados","precio":5171.42,"destacado":false,"descripcion":"","imagen":"assets/products/CA-779819415013.webp","tags":["globo","globox","perlado","violeta","x50"]},{"id":"CA-77981941501394","nombre":"GLOBO GLOBOX PERLADO 12\" VIOLETA x50 (BULTOx20) 50139","categoria":"Cotillon","subcategoria":"Globos Perlados","precio":103428.44,"destacado":false,"descripcion":"","imagen":"assets/products/CA-77981941501394.webp","tags":["globo","globox","perlado","violeta","x50","bultox20","50139"]},{"id":"CA-779842097067","nombre":"GLOBO GLOBOX PERLADO 18\" NEGRO x10","categoria":"Cotillon","subcategoria":"Globos Perlados","precio":3335.45,"destacado":false,"descripcion":"","imagen":"assets/products/CA-779842097067.webp","tags":["globo","globox","perlado","negro","x10"]},{"id":"CA-779842097069","nombre":"GLOBO GLOBOX PERLADO 18\" PLATA x10","categoria":"Cotillon","subcategoria":"Globos Perlados","precio":3335.45,"destacado":false,"descripcion":"","imagen":"assets/products/CA-779842097069.webp","tags":["globo","globox","perlado","plata","x10"]},{"id":"CA-779819415202","nombre":"GLOBO GLOBOX PERLADO 5\" AMARILLO x50 52027","categoria":"Cotillon","subcategoria":"Globos Perlados","precio":2747.12,"destacado":false,"descripcion":"","imagen":"assets/products/CA-779819415202.webp","tags":["globo","globox","perlado","amarillo","x50","52027"]},{"id":"CA-779842097031","nombre":"GLOBO GLOBOX PERLADO 5\" AQUA MARINA x50 70319","categoria":"Cotillon","subcategoria":"Globos Perlados","precio":2747.12,"destacado":false,"descripcion":"","imagen":"assets/products/CA-779842097031.webp","tags":["globo","globox","perlado","aqua","marina","x50","70319"]},{"id":"CA-779819415221","nombre":"GLOBO GLOBOX PERLADO 5\" AZUL OSCURO x50 52218","categoria":"Cotillon","subcategoria":"Globos Perlados","precio":2747.12,"destacado":false,"descripcion":"","imagen":"assets/products/CA-779819415221.webp","tags":["globo","globox","perlado","azul","oscuro","x50","52218"]},{"id":"CA-779819415200","nombre":"GLOBO GLOBOX PERLADO 5\" BLANCO x50 52003","categoria":"Cotillon","subcategoria":"Globos Perlados","precio":2747.12,"destacado":false,"descripcion":"","imagen":"assets/products/CA-779819415200.webp","tags":["globo","globox","perlado","blanco","x50","52003"]},{"id":"CA-779819415219","nombre":"GLOBO GLOBOX PERLADO 5\" BORDO x50 52195","categoria":"Cotillon","subcategoria":"Globos Perlados","precio":2747.12,"destacado":false,"descripcion":"","imagen":"assets/products/CA-779819415219.webp","tags":["globo","globox","perlado","bordo","x50","52195"]},{"id":"CA-779819415201","nombre":"GLOBO GLOBOX PERLADO 5\" CELESTE x50 52010","categoria":"Cotillon","subcategoria":"Globos Perlados","precio":2747.12,"destacado":false,"descripcion":"","imagen":"assets/products/CA-779819415201.webp","tags":["globo","globox","perlado","celeste","x50","52010"]},{"id":"CA-779819415214","nombre":"GLOBO GLOBOX PERLADO 5\" CHAMPAGNE x50 52140","categoria":"Cotillon","subcategoria":"Globos Perlados","precio":2747.12,"destacado":false,"descripcion":"","imagen":"assets/products/CA-779819415214.webp","tags":["globo","globox","perlado","champagne","x50","52140"]},{"id":"CA-779819415204","nombre":"GLOBO GLOBOX PERLADO 5\" DORADO x50 52041","categoria":"Cotillon","subcategoria":"Globos Perlados","precio":2747.12,"destacado":false,"descripcion":"","imagen":"assets/products/CA-779819415204.webp","tags":["globo","globox","perlado","dorado","x50","52041"]},{"id":"CA-779819415205","nombre":"GLOBO GLOBOX PERLADO 5\" FUCSIA x50 52058","categoria":"Cotillon","subcategoria":"Globos Perlados","precio":2747.12,"destacado":false,"descripcion":"","imagen":"assets/products/CA-779819415205.webp","tags":["globo","globox","perlado","fucsia","x50","52058"]},{"id":"CA-779819415206","nombre":"GLOBO GLOBOX PERLADO 5\" LILA CLARO x50 52065","categoria":"Cotillon","subcategoria":"Globos Perlados","precio":2747.12,"destacado":false,"descripcion":"","imagen":"assets/products/CA-779819415206.webp","tags":["globo","globox","perlado","lila","claro","x50","52065"]},{"id":"CA-779819415217","nombre":"GLOBO GLOBOX PERLADO 5\" MULTICOLOR x50 52171","categoria":"Cotillon","subcategoria":"Globos Perlados","precio":2747.12,"destacado":false,"descripcion":"","imagen":"assets/products/CA-779819415217.webp","tags":["globo","globox","perlado","multicolor","x50","52171"]},{"id":"CA-779819415218","nombre":"GLOBO GLOBOX PERLADO 5\" NEGRO x50 52188","categoria":"Cotillon","subcategoria":"Globos Perlados","precio":2747.12,"destacado":false,"descripcion":"","imagen":"assets/products/CA-779819415218.webp","tags":["globo","globox","perlado","negro","x50","52188"]},{"id":"CA-779819415208","nombre":"GLOBO GLOBOX PERLADO 5\" PLATEADO x50 52089","categoria":"Cotillon","subcategoria":"Globos Perlados","precio":2747.12,"destacado":false,"descripcion":"","imagen":"assets/products/CA-779819415208.webp","tags":["globo","globox","perlado","plateado","x50","52089"]},{"id":"CA-779819415210","nombre":"GLOBO GLOBOX PERLADO 5\" ROJO x50 52102","categoria":"Cotillon","subcategoria":"Globos Perlados","precio":2747.12,"destacado":false,"descripcion":"","imagen":"assets/products/CA-779819415210.webp","tags":["globo","globox","perlado","rojo","x50","52102"]},{"id":"CA-779819415905","nombre":"GLOBO GLOBOX PERLADO 5\" ROSA GOLD x50 59057","categoria":"Cotillon","subcategoria":"Globos Perlados","precio":2747.12,"destacado":false,"descripcion":"","imagen":"assets/products/CA-779819415905.webp","tags":["globo","globox","perlado","rosa","gold","x50","59057"]},{"id":"CA-779819415209","nombre":"GLOBO GLOBOX PERLADO 5\" ROSA x50 52096","categoria":"Cotillon","subcategoria":"Globos Perlados","precio":2747.12,"destacado":false,"descripcion":"","imagen":"assets/products/CA-779819415209.webp","tags":["globo","globox","perlado","rosa","x50","52096"]},{"id":"CA-779819415211","nombre":"GLOBO GLOBOX PERLADO 5\" VERDE MANZANA x50 52119","categoria":"Cotillon","subcategoria":"Globos Perlados","precio":2747.12,"destacado":false,"descripcion":"","imagen":"assets/products/CA-779819415211.webp","tags":["globo","globox","perlado","verde","manzana","x50","52119"]},{"id":"CA-779819415213","nombre":"GLOBO GLOBOX PERLADO 5\" VERDE x50 52133","categoria":"Cotillon","subcategoria":"Globos Perlados","precio":2747.12,"destacado":false,"descripcion":"","imagen":"assets/products/CA-779819415213.webp","tags":["globo","globox","perlado","verde","x50","52133"]},{"id":"CA-779819415212","nombre":"GLOBO GLOBOX PERLADO 5\" VIOLETA x50 52126","categoria":"Cotillon","subcategoria":"Globos Perlados","precio":2747.12,"destacado":false,"descripcion":"","imagen":"assets/products/CA-779819415212.webp","tags":["globo","globox","perlado","violeta","x50","52126"]},{"id":"CA-692932310120","nombre":"GLOBO IMPORTADO PERLADO 10\" VERDE MANZANA x25","categoria":"Cotillon","subcategoria":"Globos Perlados","precio":1247.32,"destacado":false,"descripcion":"","imagen":"assets/products/CA-692932310120.webp","tags":["globo","importado","perlado","verde","manzana","x25"]},{"id":"CA-633652162064","nombre":"GLOBO IMPRESO VACA 12\" x12 JB  2064","categoria":"Cotillon","subcategoria":"Globos Impresos/Globologia/Formas","precio":1845.9,"destacado":false,"descripcion":"","imagen":"assets/products/CA-633652162064.webp","tags":["globo","impreso","vaca","x12","2064"]},{"id":"CA-691265702910","nombre":"GLOBO JB METALIZADO 16\" DORADO Nº0 x10","categoria":"Cotillon","subcategoria":"Globos Metalizados Numeros","precio":2100.0,"destacado":false,"descripcion":"* (19/12/2025)","imagen":"assets/products/CA-691265702910.webp","tags":["globo","metalizado","dorado","nº0","x10"]}]}