{"category_slug":"cotillon","subcategory_slug":"","page":47,"page_size":48,"total":4091,"items":[{"id":"CA-779819415584","nombre":"GLOBO GLOBOX LISO 5\" AZUL FRANCIA x50 55844","categoria":"Cotillon","subcategoria":"Globos Lisos","precio":2747.12,"destacado":false,"descripcion":"","imagen":"assets/products/CA-779819415584.webp","tags":["globo","globox","liso","azul","francia","x50","55844"]},{"id":"CA-779819415578","nombre":"GLOBO GLOBOX LISO 5\" BLANCO x50 55783","categoria":"Cotillon","subcategoria":"Globos Lisos","precio":2747.12,"destacado":false,"descripcion":"","imagen":"assets/products/CA-779819415578.webp","tags":["globo","globox","liso","blanco","x50","55783"]},{"id":"CA-779842097165","nombre":"GLOBO GLOBOX LISO 5\" CORAL x50 71651","categoria":"Cotillon","subcategoria":"Globos Lisos","precio":2747.12,"destacado":false,"descripcion":"","imagen":"assets/products/CA-779842097165.webp","tags":["globo","globox","liso","coral","x50","71651"]},{"id":"CA-779842097342","nombre":"GLOBO GLOBOX LISO 5\" DULCE DE LECHE x50 73426","categoria":"Cotillon","subcategoria":"Globos Lisos","precio":2747.12,"destacado":false,"descripcion":"","imagen":"assets/products/CA-779842097342.webp","tags":["globo","globox","liso","dulce","leche","x50","73426"]},{"id":"CA-779842097166","nombre":"GLOBO GLOBOX LISO 5\" MAIZ x50 71668","categoria":"Cotillon","subcategoria":"Globos Lisos","precio":2747.12,"destacado":false,"descripcion":"","imagen":"assets/products/CA-779842097166.webp","tags":["globo","globox","liso","maiz","x50","71668"]},{"id":"CA-779842097136","nombre":"GLOBO GLOBOX LISO 5\" MOSTAZA x50 71361","categoria":"Cotillon","subcategoria":"Globos Lisos","precio":2747.12,"destacado":false,"descripcion":"","imagen":"assets/products/CA-779842097136.webp","tags":["globo","globox","liso","mostaza","x50","71361"]},{"id":"CA-779819415903","nombre":"GLOBO GLOBOX LISO 5\" MULTICOLOR PASTEL x50 59033","categoria":"Cotillon","subcategoria":"Globos Lisos","precio":2747.12,"destacado":false,"descripcion":"","imagen":"assets/products/CA-779819415903.webp","tags":["globo","globox","liso","multicolor","pastel","x50","59033"]},{"id":"CA-779819415598","nombre":"GLOBO GLOBOX LISO 5\" MULTICOLOR x50 55981","categoria":"Cotillon","subcategoria":"Globos Lisos","precio":2747.12,"destacado":false,"descripcion":"","imagen":"assets/products/CA-779819415598.webp","tags":["globo","globox","liso","multicolor","x50","55981"]},{"id":"CA-779819415622","nombre":"GLOBO GLOBOX LISO 5\" NEGRO x50 56223","categoria":"Cotillon","subcategoria":"Globos Lisos","precio":2747.12,"destacado":false,"descripcion":"","imagen":"assets/products/CA-779819415622.webp","tags":["globo","globox","liso","negro","x50","56223"]},{"id":"CA-779819415589","nombre":"GLOBO GLOBOX LISO 5\" ROJO x50 55899","categoria":"Cotillon","subcategoria":"Globos Lisos","precio":2747.12,"destacado":false,"descripcion":"","imagen":"assets/products/CA-779819415589.webp","tags":["globo","globox","liso","rojo","x50","55899"]},{"id":"CA-779842097210","nombre":"GLOBO GLOBOX LISO 5\" TURQUEZA INTENSO x50 72108","categoria":"Cotillon","subcategoria":"Globos Lisos","precio":2747.12,"destacado":false,"descripcion":"","imagen":"assets/products/CA-779842097210.webp","tags":["globo","globox","liso","turqueza","intenso","x50","72108"]},{"id":"CA-779819415596","nombre":"GLOBO GLOBOX LISO 5\" VERDE MANZANA  x50 55967","categoria":"Cotillon","subcategoria":"Globos Lisos","precio":2747.12,"destacado":false,"descripcion":"","imagen":"assets/products/CA-779819415596.webp","tags":["globo","globox","liso","verde","manzana","x50","55967"]},{"id":"CA-779819415139","nombre":"GLOBO GLOBOX LISO 5\" VERDE OLIVA x50 51396","categoria":"Cotillon","subcategoria":"Globos Lisos","precio":2747.12,"destacado":false,"descripcion":"","imagen":"assets/products/CA-779819415139.webp","tags":["globo","globox","liso","verde","oliva","x50","51396"]},{"id":"CA-779819415597","nombre":"GLOBO GLOBOX LISO 5\" VIOLETA x50 55974","categoria":"Cotillon","subcategoria":"Globos Lisos","precio":2747.12,"destacado":false,"descripcion":"","imagen":"assets/products/CA-779819415597.webp","tags":["globo","globox","liso","violeta","x50","55974"]},{"id":"CA-779819415684","nombre":"GLOBO GLOBOX PASTEL 12\" AMARILLO x50","categoria":"Cotillon","subcategoria":"Globos Lisos","precio":4895.3,"destacado":false,"descripcion":"","imagen":"assets/products/CA-779819415684.webp","tags":["globo","globox","pastel","amarillo","x50"]},{"id":"CA-779819415683","nombre":"GLOBO GLOBOX PASTEL 12\" CELESTE x50 56834","categoria":"Cotillon","subcategoria":"Globos Lisos","precio":4895.3,"destacado":false,"descripcion":"","imagen":"assets/products/CA-779819415683.webp","tags":["globo","globox","pastel","celeste","x50","56834"]},{"id":"CA-779819415685","nombre":"GLOBO GLOBOX PASTEL 12\" LILA x50 56858","categoria":"Cotillon","subcategoria":"Globos Lisos","precio":4895.3,"destacado":false,"descripcion":"","imagen":"assets/products/CA-779819415685.webp","tags":["globo","globox","pastel","lila","x50","56858"]},{"id":"CA-779819415682","nombre":"GLOBO GLOBOX PASTEL 12\" MULTICOLOR x50 56827","categoria":"Cotillon","subcategoria":"Globos Lisos","precio":4895.3,"destacado":false,"descripcion":"","imagen":"assets/products/CA-779819415682.webp","tags":["globo","globox","pastel","multicolor","x50","56827"]},{"id":"CA-779819415686","nombre":"GLOBO GLOBOX PASTEL 12\" ROSA  x50 56865","categoria":"Cotillon","subcategoria":"Globos Lisos","precio":4895.3,"destacado":false,"descripcion":"","imagen":"assets/products/CA-779819415686.webp","tags":["globo","globox","pastel","rosa","x50","56865"]},{"id":"CA-779819415687","nombre":"GLOBO GLOBOX PASTEL 12\" VERDE x50 56872","categoria":"Cotillon","subcategoria":"Globos Lisos","precio":4895.3,"destacado":false,"descripcion":"","imagen":"assets/products/CA-779819415687.webp","tags":["globo","globox","pastel","verde","x50","56872"]},{"id":"CA-779819415022","nombre":"GLOBO GLOBOX PERLADO 12\" AGUA MARINA x50","categoria":"Cotillon","subcategoria":"Globos Perlados","precio":5171.42,"destacado":false,"descripcion":"","imagen":"assets/products/CA-779819415022.webp","tags":["globo","globox","perlado","agua","marina","x50"]},{"id":"CA-77981941502216","nombre":"GLOBO GLOBOX PERLADO 12\" AGUA MARINA x50 (BULTOx20)  50221","categoria":"Cotillon","subcategoria":"Globos Perlados","precio":103428.44,"destacado":false,"descripcion":"","imagen":"assets/products/CA-77981941502216.webp","tags":["globo","globox","perlado","agua","marina","x50","bultox20","50221"]},{"id":"CA-779819415003","nombre":"GLOBO GLOBOX PERLADO 12\" AMARILLO x50","categoria":"Cotillon","subcategoria":"Globos Perlados","precio":5171.42,"destacado":false,"descripcion":"","imagen":"assets/products/CA-779819415003.webp","tags":["globo","globox","perlado","amarillo","x50"]},{"id":"CA-77981941500304","nombre":"GLOBO GLOBOX PERLADO 12\" AMARILLO x50 (BULTOx20) 50030","categoria":"Cotillon","subcategoria":"Globos Perlados","precio":103428.44,"destacado":false,"descripcion":"","imagen":"assets/products/CA-77981941500304.webp","tags":["globo","globox","perlado","amarillo","x50","bultox20","50030"]},{"id":"CA-779819415004","nombre":"GLOBO GLOBOX PERLADO 12\" AZUL FRANCIA x50","categoria":"Cotillon","subcategoria":"Globos Perlados","precio":5171.42,"destacado":false,"descripcion":"","imagen":"assets/products/CA-779819415004.webp","tags":["globo","globox","perlado","azul","francia","x50"]},{"id":"CA-77981941500472","nombre":"GLOBO GLOBOX PERLADO 12\" AZUL FRANCIA x50 (BULTOx20) 50047","categoria":"Cotillon","subcategoria":"Globos Perlados","precio":103428.44,"destacado":false,"descripcion":"","imagen":"assets/products/CA-77981941500472.webp","tags":["globo","globox","perlado","azul","francia","x50","bultox20","50047"]},{"id":"CA-779819415021","nombre":"GLOBO GLOBOX PERLADO 12\" AZUL OSCURO x50","categoria":"Cotillon","subcategoria":"Globos Perlados","precio":5171.42,"destacado":false,"descripcion":"","imagen":"assets/products/CA-779819415021.webp","tags":["globo","globox","perlado","azul","oscuro","x50"]},{"id":"CA-77981941502148","nombre":"GLOBO GLOBOX PERLADO 12\" AZUL OSCURO x50 (BULTOx20) 50214","categoria":"Cotillon","subcategoria":"Globos Perlados","precio":103428.44,"destacado":false,"descripcion":"","imagen":"assets/products/CA-77981941502148.webp","tags":["globo","globox","perlado","azul","oscuro","x50","bultox20","50214"]},{"id":"CA-779819415001","nombre":"GLOBO GLOBOX PERLADO 12\" BLANCO x50","categoria":"Cotillon","subcategoria":"Globos Perlados","precio":5171.42,"destacado":false,"descripcion":"","imagen":"assets/products/CA-779819415001.webp","tags":["globo","globox","perlado","blanco","x50"]},{"id":"CA-77981941500168","nombre":"GLOBO GLOBOX PERLADO 12\" BLANCO x50 (BULTOx20) 50016","categoria":"Cotillon","subcategoria":"Globos Perlados","precio":103428.44,"destacado":false,"descripcion":"","imagen":"assets/products/CA-77981941500168.webp","tags":["globo","globox","perlado","blanco","x50","bultox20","50016"]},{"id":"CA-779842097170","nombre":"GLOBO GLOBOX PERLADO 12\" CELESTE PASTEL x50  71705","categoria":"Cotillon","subcategoria":"Globos Perlados","precio":5171.42,"destacado":false,"descripcion":"","imagen":"assets/products/CA-779842097170.webp","tags":["globo","globox","perlado","celeste","pastel","x50","71705"]},{"id":"CA-77984209717056","nombre":"GLOBO GLOBOX PERLADO 12\" CELESTE PASTEL x50 (BULTOx20) 71705","categoria":"Cotillon","subcategoria":"Globos Perlados","precio":103428.44,"destacado":false,"descripcion":"","imagen":"assets/products/CA-77984209717056.webp","tags":["globo","globox","perlado","celeste","pastel","x50","bultox20","71705"]},{"id":"CA-779819415002","nombre":"GLOBO GLOBOX PERLADO 12\" CELESTE x50","categoria":"Cotillon","subcategoria":"Globos Perlados","precio":5171.42,"destacado":false,"descripcion":"","imagen":"assets/products/CA-779819415002.webp","tags":["globo","globox","perlado","celeste","x50"]},{"id":"CA-77981941500236","nombre":"GLOBO GLOBOX PERLADO 12\" CELESTE x50 (BULTOx20) 50023","categoria":"Cotillon","subcategoria":"Globos Perlados","precio":103428.44,"destacado":false,"descripcion":"","imagen":"assets/products/CA-77981941500236.webp","tags":["globo","globox","perlado","celeste","x50","bultox20","50023"]},{"id":"CA-779819415015","nombre":"GLOBO GLOBOX PERLADO 12\" CHAMPAGNE x50","categoria":"Cotillon","subcategoria":"Globos Perlados","precio":5171.42,"destacado":false,"descripcion":"","imagen":"assets/products/CA-779819415015.webp","tags":["globo","globox","perlado","champagne","x50"]},{"id":"CA-77981941501530","nombre":"GLOBO GLOBOX PERLADO 12\" CHAMPAGNE x50 (BULTOx20) 50153","categoria":"Cotillon","subcategoria":"Globos Perlados","precio":103428.44,"destacado":false,"descripcion":"","imagen":"assets/products/CA-77981941501530.webp","tags":["globo","globox","perlado","champagne","x50","bultox20","50153"]},{"id":"CA-779842097181","nombre":"GLOBO GLOBOX PERLADO 12\" CREAM x50  71811","categoria":"Cotillon","subcategoria":"Globos Perlados","precio":5171.42,"destacado":false,"descripcion":"","imagen":"assets/products/CA-779842097181.webp","tags":["globo","globox","perlado","cream","x50","71811"]},{"id":"CA-77984209718114","nombre":"GLOBO GLOBOX PERLADO 12\" CREAM x50 (BULTOx20) 71811","categoria":"Cotillon","subcategoria":"Globos Perlados","precio":103428.44,"destacado":false,"descripcion":"","imagen":"assets/products/CA-77984209718114.webp","tags":["globo","globox","perlado","cream","x50","bultox20","71811"]},{"id":"CA-779819415005","nombre":"GLOBO GLOBOX PERLADO 12\" DORADO x50","categoria":"Cotillon","subcategoria":"Globos Perlados","precio":5171.42,"destacado":false,"descripcion":"","imagen":"assets/products/CA-779819415005.webp","tags":["globo","globox","perlado","dorado","x50"]},{"id":"CA-77981941500540","nombre":"GLOBO GLOBOX PERLADO 12\" DORADO x50 (BULTOx20) 50054","categoria":"Cotillon","subcategoria":"Globos Perlados","precio":103428.44,"destacado":false,"descripcion":"","imagen":"assets/products/CA-77981941500540.webp","tags":["globo","globox","perlado","dorado","x50","bultox20","50054"]},{"id":"CA-779819415006","nombre":"GLOBO GLOBOX PERLADO 12\" FUCSIA x50","categoria":"Cotillon","subcategoria":"Globos Perlados","precio":5171.42,"destacado":false,"descripcion":"","imagen":"assets/products/CA-779819415006.webp","tags":["globo","globox","perlado","fucsia","x50"]},{"id":"CA-77981941500618","nombre":"GLOBO GLOBOX PERLADO 12\" FUCSIA x50 (BULTOx20) 50061","categoria":"Cotillon","subcategoria":"Globos Perlados","precio":103428.44,"destacado":false,"descripcion":"","imagen":"assets/products/CA-77981941500618.webp","tags":["globo","globox","perlado","fucsia","x50","bultox20","50061"]},{"id":"CA-779819415007","nombre":"GLOBO GLOBOX PERLADO 12\" LILA CLARO x50","categoria":"Cotillon","subcategoria":"Globos Perlados","precio":5171.42,"destacado":false,"descripcion":"","imagen":"assets/products/CA-779819415007.webp","tags":["globo","globox","perlado","lila","claro","x50"]},{"id":"CA-77981941500786","nombre":"GLOBO GLOBOX PERLADO 12\" LILA CLARO x50 (BULTOx20) 50078","categoria":"Cotillon","subcategoria":"Globos Perlados","precio":103428.44,"destacado":false,"descripcion":"","imagen":"assets/products/CA-77981941500786.webp","tags":["globo","globox","perlado","lila","claro","x50","bultox20","50078"]},{"id":"CA-779842097172","nombre":"GLOBO GLOBOX PERLADO 12\" LILA PASTEL x50  71729","categoria":"Cotillon","subcategoria":"Globos Perlados","precio":5171.42,"destacado":false,"descripcion":"","imagen":"assets/products/CA-779842097172.webp","tags":["globo","globox","perlado","lila","pastel","x50","71729"]},{"id":"CA-77984209717292","nombre":"GLOBO GLOBOX PERLADO 12\" LILA PASTEL x50 (BULTOx20) 71729","categoria":"Cotillon","subcategoria":"Globos Perlados","precio":100533.09,"destacado":false,"descripcion":"","imagen":"assets/products/CA-77984209717292.webp","tags":["globo","globox","perlado","lila","pastel","x50","bultox20","71729"]},{"id":"CA-779819415030","nombre":"GLOBO GLOBOX PERLADO 12\" MULTICOLOR x50","categoria":"Cotillon","subcategoria":"Globos Perlados","precio":5171.42,"destacado":false,"descripcion":"","imagen":"assets/products/CA-779819415030.webp","tags":["globo","globox","perlado","multicolor","x50"]},{"id":"CA-77981941503060","nombre":"GLOBO GLOBOX PERLADO 12\" MULTICOLOR x50 (BULTOx20) 50306","categoria":"Cotillon","subcategoria":"Globos Perlados","precio":103428.44,"destacado":false,"descripcion":"","imagen":"assets/products/CA-77981941503060.webp","tags":["globo","globox","perlado","multicolor","x50","bultox20","50306"]}]}