{"category_slug":"cotillon","subcategory_slug":"","page":82,"page_size":48,"total":4091,"items":[{"id":"CA-000000051257","nombre":"VELA NUMEROTE BLISTER CON GIBRE FUTBOL RIVER Nº6 x1","categoria":"Cotillon","subcategoria":"Velas","precio":697.9,"destacado":false,"descripcion":"","imagen":"assets/products/CA-000000051257.webp","tags":["vela","numerote","blister","con","gibre","futbol","river","nº6"]},{"id":"CA-000000051258","nombre":"VELA NUMEROTE BLISTER CON GIBRE FUTBOL RIVER Nº7 x1","categoria":"Cotillon","subcategoria":"Velas","precio":697.9,"destacado":false,"descripcion":"","imagen":"assets/products/CA-000000051258.webp","tags":["vela","numerote","blister","con","gibre","futbol","river","nº7"]},{"id":"CA-000000051259","nombre":"VELA NUMEROTE BLISTER CON GIBRE FUTBOL RIVER Nº8 x1","categoria":"Cotillon","subcategoria":"Velas","precio":697.9,"destacado":false,"descripcion":"","imagen":"assets/products/CA-000000051259.webp","tags":["vela","numerote","blister","con","gibre","futbol","river","nº8"]},{"id":"CA-000000051260","nombre":"VELA NUMEROTE BLISTER CON GIBRE FUTBOL RIVER Nº9 x1","categoria":"Cotillon","subcategoria":"Velas","precio":697.9,"destacado":false,"descripcion":"","imagen":"assets/products/CA-000000051260.webp","tags":["vela","numerote","blister","con","gibre","futbol","river","nº9"]},{"id":"CA-000000051232","nombre":"VELA NUMEROTE BLISTER CON GIBRE ROSA/BLANCO Nº0 x1","categoria":"Cotillon","subcategoria":"Velas","precio":589.4,"destacado":false,"descripcion":"","imagen":"assets/products/CA-000000051232.webp","tags":["vela","numerote","blister","con","gibre","rosa","blanco","nº0"]},{"id":"CA-000000051234","nombre":"VELA NUMEROTE BLISTER CON GIBRE ROSA/BLANCO Nº1 x1","categoria":"Cotillon","subcategoria":"Velas","precio":589.4,"destacado":false,"descripcion":"","imagen":"assets/products/CA-000000051234.webp","tags":["vela","numerote","blister","con","gibre","rosa","blanco","nº1"]},{"id":"CA-000000051235","nombre":"VELA NUMEROTE BLISTER CON GIBRE ROSA/BLANCO Nº2 x1","categoria":"Cotillon","subcategoria":"Velas","precio":589.4,"destacado":false,"descripcion":"","imagen":"assets/products/CA-000000051235.webp","tags":["vela","numerote","blister","con","gibre","rosa","blanco","nº2"]},{"id":"CA-000000051237","nombre":"VELA NUMEROTE BLISTER CON GIBRE ROSA/BLANCO Nº3 x1","categoria":"Cotillon","subcategoria":"Velas","precio":589.4,"destacado":false,"descripcion":"","imagen":"assets/products/CA-000000051237.webp","tags":["vela","numerote","blister","con","gibre","rosa","blanco","nº3"]},{"id":"CA-000000051239","nombre":"VELA NUMEROTE BLISTER CON GIBRE ROSA/BLANCO Nº4 x1","categoria":"Cotillon","subcategoria":"Velas","precio":589.4,"destacado":false,"descripcion":"","imagen":"assets/products/CA-000000051239.webp","tags":["vela","numerote","blister","con","gibre","rosa","blanco","nº4"]},{"id":"CA-000000051240","nombre":"VELA NUMEROTE BLISTER CON GIBRE ROSA/BLANCO Nº5 x1","categoria":"Cotillon","subcategoria":"Velas","precio":589.4,"destacado":false,"descripcion":"","imagen":"assets/products/CA-000000051240.webp","tags":["vela","numerote","blister","con","gibre","rosa","blanco","nº5"]},{"id":"CA-000000051242","nombre":"VELA NUMEROTE BLISTER CON GIBRE ROSA/BLANCO Nº6 x1","categoria":"Cotillon","subcategoria":"Velas","precio":589.4,"destacado":false,"descripcion":"","imagen":"assets/products/CA-000000051242.webp","tags":["vela","numerote","blister","con","gibre","rosa","blanco","nº6"]},{"id":"CA-000000051244","nombre":"VELA NUMEROTE BLISTER CON GIBRE ROSA/BLANCO Nº7 x1","categoria":"Cotillon","subcategoria":"Velas","precio":589.4,"destacado":false,"descripcion":"","imagen":"assets/products/CA-000000051244.webp","tags":["vela","numerote","blister","con","gibre","rosa","blanco","nº7"]},{"id":"CA-000000051246","nombre":"VELA NUMEROTE BLISTER CON GIBRE ROSA/BLANCO Nº8 x1","categoria":"Cotillon","subcategoria":"Velas","precio":589.4,"destacado":false,"descripcion":"","imagen":"assets/products/CA-000000051246.webp","tags":["vela","numerote","blister","con","gibre","rosa","blanco","nº8"]},{"id":"CA-000000051247","nombre":"VELA NUMEROTE BLISTER CON GIBRE ROSA/BLANCO Nº9 x1","categoria":"Cotillon","subcategoria":"Velas","precio":589.4,"destacado":false,"descripcion":"","imagen":"assets/products/CA-000000051247.webp","tags":["vela","numerote","blister","con","gibre","rosa","blanco","nº9"]},{"id":"CA-000000045933","nombre":"VELA NUMEROTE CON GIBRE BLANCO Nº 0 x10","categoria":"Cotillon","subcategoria":"Velas","precio":5223.15,"destacado":false,"descripcion":"","imagen":"assets/products/CA-000000045933.webp","tags":["vela","numerote","con","gibre","blanco","x10"]},{"id":"CA-000000045934","nombre":"VELA NUMEROTE CON GIBRE BLANCO Nº 1 x10","categoria":"Cotillon","subcategoria":"Velas","precio":5223.15,"destacado":false,"descripcion":"","imagen":"assets/products/CA-000000045934.webp","tags":["vela","numerote","con","gibre","blanco","x10"]},{"id":"CA-000000045935","nombre":"VELA NUMEROTE CON GIBRE BLANCO Nº 2x10","categoria":"Cotillon","subcategoria":"Velas","precio":5223.15,"destacado":false,"descripcion":"","imagen":"assets/products/CA-000000045935.webp","tags":["vela","numerote","con","gibre","blanco","2x10"]},{"id":"CA-000000045936","nombre":"VELA NUMEROTE CON GIBRE BLANCO Nº 3 x10","categoria":"Cotillon","subcategoria":"Velas","precio":5223.15,"destacado":false,"descripcion":"","imagen":"assets/products/CA-000000045936.webp","tags":["vela","numerote","con","gibre","blanco","x10"]},{"id":"CA-000000045937","nombre":"VELA NUMEROTE CON GIBRE BLANCO Nº 4 x10","categoria":"Cotillon","subcategoria":"Velas","precio":5223.15,"destacado":false,"descripcion":"","imagen":"assets/products/CA-000000045937.webp","tags":["vela","numerote","con","gibre","blanco","x10"]},{"id":"CA-000000045938","nombre":"VELA NUMEROTE CON GIBRE BLANCO Nº 5 x10","categoria":"Cotillon","subcategoria":"Velas","precio":5223.15,"destacado":false,"descripcion":"","imagen":"assets/products/CA-000000045938.webp","tags":["vela","numerote","con","gibre","blanco","x10"]},{"id":"CA-000000045939","nombre":"VELA NUMEROTE CON GIBRE BLANCO Nº 6 x10","categoria":"Cotillon","subcategoria":"Velas","precio":5223.15,"destacado":false,"descripcion":"","imagen":"assets/products/CA-000000045939.webp","tags":["vela","numerote","con","gibre","blanco","x10"]},{"id":"CA-000000045940","nombre":"VELA NUMEROTE CON GIBRE BLANCO Nº 7 x10","categoria":"Cotillon","subcategoria":"Velas","precio":5223.15,"destacado":false,"descripcion":"","imagen":"assets/products/CA-000000045940.webp","tags":["vela","numerote","con","gibre","blanco","x10"]},{"id":"CA-000000045941","nombre":"VELA NUMEROTE CON GIBRE BLANCO Nº 8 x10","categoria":"Cotillon","subcategoria":"Velas","precio":5223.15,"destacado":false,"descripcion":"","imagen":"assets/products/CA-000000045941.webp","tags":["vela","numerote","con","gibre","blanco","x10"]},{"id":"CA-000000045942","nombre":"VELA NUMEROTE CON GIBRE BLANCO Nº 9 x10","categoria":"Cotillon","subcategoria":"Velas","precio":5223.15,"destacado":false,"descripcion":"","imagen":"assets/products/CA-000000045942.webp","tags":["vela","numerote","con","gibre","blanco","x10"]},{"id":"CA-000000045943","nombre":"VELA NUMEROTE CON GIBRE BLANCO Nº SURTIDO x10","categoria":"Cotillon","subcategoria":"Velas","precio":5223.15,"destacado":false,"descripcion":"","imagen":"assets/products/CA-000000045943.webp","tags":["vela","numerote","con","gibre","blanco","surtido","x10"]},{"id":"CA-000000045944","nombre":"VELA NUMEROTE CON GIBRE CELESTE Nº 0 x10","categoria":"Cotillon","subcategoria":"Velas","precio":5223.15,"destacado":false,"descripcion":"","imagen":"assets/products/CA-000000045944.webp","tags":["vela","numerote","con","gibre","celeste","x10"]},{"id":"CA-000000045945","nombre":"VELA NUMEROTE CON GIBRE CELESTE Nº 1 x10","categoria":"Cotillon","subcategoria":"Velas","precio":5223.15,"destacado":false,"descripcion":"","imagen":"assets/products/CA-000000045945.webp","tags":["vela","numerote","con","gibre","celeste","x10"]},{"id":"CA-000000045946","nombre":"VELA NUMEROTE CON GIBRE CELESTE Nº 2 x10","categoria":"Cotillon","subcategoria":"Velas","precio":5223.15,"destacado":false,"descripcion":"","imagen":"assets/products/CA-000000045946.webp","tags":["vela","numerote","con","gibre","celeste","x10"]},{"id":"CA-000000045947","nombre":"VELA NUMEROTE CON GIBRE CELESTE Nº 3 x10","categoria":"Cotillon","subcategoria":"Velas","precio":5223.15,"destacado":false,"descripcion":"","imagen":"assets/products/CA-000000045947.webp","tags":["vela","numerote","con","gibre","celeste","x10"]},{"id":"CA-000000045948","nombre":"VELA NUMEROTE CON GIBRE CELESTE Nº 4 x10","categoria":"Cotillon","subcategoria":"Velas","precio":5223.15,"destacado":false,"descripcion":"","imagen":"assets/products/CA-000000045948.webp","tags":["vela","numerote","con","gibre","celeste","x10"]},{"id":"CA-000000045949","nombre":"VELA NUMEROTE CON GIBRE CELESTE Nº 5 x10","categoria":"Cotillon","subcategoria":"Velas","precio":5223.15,"destacado":false,"descripcion":"","imagen":"assets/products/CA-000000045949.webp","tags":["vela","numerote","con","gibre","celeste","x10"]},{"id":"CA-000000045950","nombre":"VELA NUMEROTE CON GIBRE CELESTE Nº 6 x10","categoria":"Cotillon","subcategoria":"Velas","precio":5223.15,"destacado":false,"descripcion":"","imagen":"assets/products/CA-000000045950.webp","tags":["vela","numerote","con","gibre","celeste","x10"]},{"id":"CA-000000045951","nombre":"VELA NUMEROTE CON GIBRE CELESTE Nº 7 x10","categoria":"Cotillon","subcategoria":"Velas","precio":5223.15,"destacado":false,"descripcion":"","imagen":"assets/products/CA-000000045951.webp","tags":["vela","numerote","con","gibre","celeste","x10"]},{"id":"CA-000000045952","nombre":"VELA NUMEROTE CON GIBRE CELESTE Nº 8 x10","categoria":"Cotillon","subcategoria":"Velas","precio":5223.15,"destacado":false,"descripcion":"","imagen":"assets/products/CA-000000045952.webp","tags":["vela","numerote","con","gibre","celeste","x10"]},{"id":"CA-000000045953","nombre":"VELA NUMEROTE CON GIBRE CELESTE Nº 9 x10","categoria":"Cotillon","subcategoria":"Velas","precio":5223.15,"destacado":false,"descripcion":"","imagen":"assets/products/CA-000000045953.webp","tags":["vela","numerote","con","gibre","celeste","x10"]},{"id":"CA-000000045954","nombre":"VELA NUMEROTE CON GIBRE CELESTE Nº SURTIDO x10","categoria":"Cotillon","subcategoria":"Velas","precio":5223.15,"destacado":false,"descripcion":"","imagen":"assets/products/CA-000000045954.webp","tags":["vela","numerote","con","gibre","celeste","surtido","x10"]},{"id":"CA-000000045955","nombre":"VELA NUMEROTE CON GIBRE ROSA Nº 0 x10","categoria":"Cotillon","subcategoria":"Velas","precio":5223.15,"destacado":false,"descripcion":"","imagen":"assets/products/CA-000000045955.webp","tags":["vela","numerote","con","gibre","rosa","x10"]},{"id":"CA-000000045956","nombre":"VELA NUMEROTE CON GIBRE ROSA Nº 1 x10","categoria":"Cotillon","subcategoria":"Velas","precio":5223.15,"destacado":false,"descripcion":"","imagen":"assets/products/CA-000000045956.webp","tags":["vela","numerote","con","gibre","rosa","x10"]},{"id":"CA-000000045957","nombre":"VELA NUMEROTE CON GIBRE ROSA Nº 2 x10","categoria":"Cotillon","subcategoria":"Velas","precio":5223.15,"destacado":false,"descripcion":"","imagen":"assets/products/CA-000000045957.webp","tags":["vela","numerote","con","gibre","rosa","x10"]},{"id":"CA-000000045958","nombre":"VELA NUMEROTE CON GIBRE ROSA Nº 3x10","categoria":"Cotillon","subcategoria":"Velas","precio":5223.15,"destacado":false,"descripcion":"","imagen":"assets/products/CA-000000045958.webp","tags":["vela","numerote","con","gibre","rosa","3x10"]},{"id":"CA-000000045959","nombre":"VELA NUMEROTE CON GIBRE ROSA Nº 4 x10","categoria":"Cotillon","subcategoria":"Velas","precio":5223.15,"destacado":false,"descripcion":"","imagen":"assets/products/CA-000000045959.webp","tags":["vela","numerote","con","gibre","rosa","x10"]},{"id":"CA-000000045960","nombre":"VELA NUMEROTE CON GIBRE ROSA Nº 5 x10","categoria":"Cotillon","subcategoria":"Velas","precio":5223.15,"destacado":false,"descripcion":"","imagen":"assets/products/CA-000000045960.webp","tags":["vela","numerote","con","gibre","rosa","x10"]},{"id":"CA-000000045961","nombre":"VELA NUMEROTE CON GIBRE ROSA Nº 6 x10","categoria":"Cotillon","subcategoria":"Velas","precio":5223.15,"destacado":false,"descripcion":"","imagen":"assets/products/CA-000000045961.webp","tags":["vela","numerote","con","gibre","rosa","x10"]},{"id":"CA-000000045962","nombre":"VELA NUMEROTE CON GIBRE ROSA Nº 7 x10","categoria":"Cotillon","subcategoria":"Velas","precio":5223.15,"destacado":false,"descripcion":"","imagen":"assets/products/CA-000000045962.webp","tags":["vela","numerote","con","gibre","rosa","x10"]},{"id":"CA-000000045963","nombre":"VELA NUMEROTE CON GIBRE ROSA Nº 8 x10","categoria":"Cotillon","subcategoria":"Velas","precio":5223.15,"destacado":false,"descripcion":"","imagen":"assets/products/CA-000000045963.webp","tags":["vela","numerote","con","gibre","rosa","x10"]},{"id":"CA-000000045964","nombre":"VELA NUMEROTE CON GIBRE ROSA Nº 9 x10","categoria":"Cotillon","subcategoria":"Velas","precio":5223.15,"destacado":false,"descripcion":"","imagen":"assets/products/CA-000000045964.webp","tags":["vela","numerote","con","gibre","rosa","x10"]},{"id":"CA-000000045965","nombre":"VELA NUMEROTE CON GIBRE ROSA Nº SURTIDO x10","categoria":"Cotillon","subcategoria":"Velas","precio":5223.15,"destacado":false,"descripcion":"","imagen":"assets/products/CA-000000045965.webp","tags":["vela","numerote","con","gibre","rosa","surtido","x10"]},{"id":"CA-692025040020","nombre":"VELA ONDAS METALIZADA PASTEL x6u  GR400-20","categoria":"Cotillon","subcategoria":"Velas","precio":968.84,"destacado":false,"descripcion":"","imagen":"assets/products/CA-692025040020.webp","tags":["vela","ondas","metalizada","pastel","x6u","gr400"]}]}