{"category_slug":"cotillon","subcategory_slug":"","page":85,"page_size":48,"total":4091,"items":[{"id":"CA-779806779161","nombre":"VELON PERLADO GRUESO BLANCO 13cm  x6 ART.2267","categoria":"Cotillon","subcategoria":"Velas","precio":3285.36,"destacado":false,"descripcion":"","imagen":"assets/products/CA-779806779161.webp","tags":["velon","perlado","grueso","blanco","13cm","art","2267"]},{"id":"CA-779806779163","nombre":"VELON PERLADO GRUESO CELESTE 13cm x6  ART.2267","categoria":"Cotillon","subcategoria":"Velas","precio":3285.36,"destacado":false,"descripcion":"","imagen":"assets/products/CA-779806779163.webp","tags":["velon","perlado","grueso","celeste","13cm","art","2267"]},{"id":"CA-779806779168","nombre":"VELON PERLADO GRUESO DORADO 13cm x6  ART.2267","categoria":"Cotillon","subcategoria":"Velas","precio":3285.36,"destacado":false,"descripcion":"","imagen":"assets/products/CA-779806779168.webp","tags":["velon","perlado","grueso","dorado","13cm","art","2267"]},{"id":"CA-779806779171","nombre":"VELON PERLADO GRUESO FUCSIA 13cm  x6 ART.2267","categoria":"Cotillon","subcategoria":"Velas","precio":3285.36,"destacado":false,"descripcion":"","imagen":"assets/products/CA-779806779171.webp","tags":["velon","perlado","grueso","fucsia","13cm","art","2267"]},{"id":"CA-779806779166","nombre":"VELON PERLADO GRUESO LILA 13cm x6  ART.2267","categoria":"Cotillon","subcategoria":"Velas","precio":3285.36,"destacado":false,"descripcion":"","imagen":"assets/products/CA-779806779166.webp","tags":["velon","perlado","grueso","lila","13cm","art","2267"]},{"id":"CA-779806779182","nombre":"VELON PERLADO GRUESO NEGRO 13cm x6  ART.2267","categoria":"Cotillon","subcategoria":"Velas","precio":3285.36,"destacado":false,"descripcion":"","imagen":"assets/products/CA-779806779182.webp","tags":["velon","perlado","grueso","negro","13cm","art","2267"]},{"id":"CA-779806779169","nombre":"VELON PERLADO GRUESO PLATEADO 13cm x6  ART.2267","categoria":"Cotillon","subcategoria":"Velas","precio":3285.36,"destacado":false,"descripcion":"","imagen":"assets/products/CA-779806779169.webp","tags":["velon","perlado","grueso","plateado","13cm","art","2267"]},{"id":"CA-779806779172","nombre":"VELON PERLADO GRUESO ROJO 13cm  x6 ART.2267","categoria":"Cotillon","subcategoria":"Velas","precio":3285.36,"destacado":false,"descripcion":"","imagen":"assets/products/CA-779806779172.webp","tags":["velon","perlado","grueso","rojo","13cm","art","2267"]},{"id":"CA-779806779162","nombre":"VELON PERLADO GRUESO ROSA 13cm  x6 ART.2267","categoria":"Cotillon","subcategoria":"Velas","precio":3285.36,"destacado":false,"descripcion":"","imagen":"assets/products/CA-779806779162.webp","tags":["velon","perlado","grueso","rosa","13cm","art","2267"]},{"id":"CA-779806779516","nombre":"VELON PERLADO GRUESO ROSA GOLD 13cm  x6  ART.2267","categoria":"Cotillon","subcategoria":"Velas","precio":3285.36,"destacado":false,"descripcion":"","imagen":"assets/products/CA-779806779516.webp","tags":["velon","perlado","grueso","rosa","gold","13cm","art","2267"]},{"id":"CA-779806779165","nombre":"VELON PERLADO GRUESO SALMON 13cm  x6  ART.2267","categoria":"Cotillon","subcategoria":"Velas","precio":3285.36,"destacado":false,"descripcion":"","imagen":"assets/products/CA-779806779165.webp","tags":["velon","perlado","grueso","salmon","13cm","art","2267"]},{"id":"CA-779806779176","nombre":"VELON PERLADO GRUESO VERDE AGUA 13cm  x6 ART.2267","categoria":"Cotillon","subcategoria":"Velas","precio":3285.36,"destacado":false,"descripcion":"","imagen":"assets/products/CA-779806779176.webp","tags":["velon","perlado","grueso","verde","agua","13cm","art","2267"]},{"id":"CA-779806779167","nombre":"VELON PERLADO GRUESO VIOLETA 13cm  x6 ART.2267","categoria":"Cotillon","subcategoria":"Velas","precio":3285.36,"destacado":false,"descripcion":"","imagen":"assets/products/CA-779806779167.webp","tags":["velon","perlado","grueso","violeta","13cm","art","2267"]},{"id":"CA-000000047846","nombre":"VELON PINCHE CON GIBRE AZUL 18cm DORYPLAST x6","categoria":"Cotillon","subcategoria":"Velas","precio":1522.8,"destacado":false,"descripcion":"","imagen":"assets/products/CA-000000047846.webp","tags":["velon","pinche","con","gibre","azul","18cm","doryplast"]},{"id":"CA-000000047837","nombre":"VELON PINCHE CON GIBRE BLANCO 18cm DORYPLAST x6","categoria":"Cotillon","subcategoria":"Velas","precio":1522.8,"destacado":false,"descripcion":"","imagen":"assets/products/CA-000000047837.webp","tags":["velon","pinche","con","gibre","blanco","18cm","doryplast"]},{"id":"CA-000000047839","nombre":"VELON PINCHE CON GIBRE CELESTE 18cm DORYPLAST x6","categoria":"Cotillon","subcategoria":"Velas","precio":1522.8,"destacado":false,"descripcion":"","imagen":"assets/products/CA-000000047839.webp","tags":["velon","pinche","con","gibre","celeste","18cm","doryplast"]},{"id":"CA-000000047840","nombre":"VELON PINCHE CON GIBRE DORADO 18cm DORYPLAST x6","categoria":"Cotillon","subcategoria":"Velas","precio":1522.8,"destacado":false,"descripcion":"","imagen":"assets/products/CA-000000047840.webp","tags":["velon","pinche","con","gibre","dorado","18cm","doryplast"]},{"id":"CA-000000047841","nombre":"VELON PINCHE CON GIBRE FUCSIA 18cm DORYPLAST x6","categoria":"Cotillon","subcategoria":"Velas","precio":1522.8,"destacado":false,"descripcion":"","imagen":"assets/products/CA-000000047841.webp","tags":["velon","pinche","con","gibre","fucsia","18cm","doryplast"]},{"id":"CA-000000057998","nombre":"VELON PINCHE CON GIBRE LILA PASTEL 18cm DORYPLAST x6","categoria":"Cotillon","subcategoria":"Velas","precio":1522.8,"destacado":false,"descripcion":"","imagen":"assets/products/CA-000000057998.webp","tags":["velon","pinche","con","gibre","lila","pastel","18cm","doryplast"]},{"id":"CA-000000047842","nombre":"VELON PINCHE CON GIBRE NEGRO 18cm DORYPLAST  x6","categoria":"Cotillon","subcategoria":"Velas","precio":1522.8,"destacado":false,"descripcion":"","imagen":"assets/products/CA-000000047842.webp","tags":["velon","pinche","con","gibre","negro","18cm","doryplast"]},{"id":"CA-000000047843","nombre":"VELON PINCHE CON GIBRE PLATEADO 18cm DORYPLAST x6","categoria":"Cotillon","subcategoria":"Velas","precio":1522.8,"destacado":false,"descripcion":"","imagen":"assets/products/CA-000000047843.webp","tags":["velon","pinche","con","gibre","plateado","18cm","doryplast"]},{"id":"CA-000000050668","nombre":"VELON PINCHE CON GIBRE ROJO 18cm DORYPLAST x6","categoria":"Cotillon","subcategoria":"Velas","precio":1522.8,"destacado":false,"descripcion":"","imagen":"assets/products/CA-000000050668.webp","tags":["velon","pinche","con","gibre","rojo","18cm","doryplast"]},{"id":"CA-000000047845","nombre":"VELON PINCHE CON GIBRE ROSA 18cm DORYPLAST x6","categoria":"Cotillon","subcategoria":"Velas","precio":1522.8,"destacado":false,"descripcion":"","imagen":"assets/products/CA-000000047845.webp","tags":["velon","pinche","con","gibre","rosa","18cm","doryplast"]},{"id":"CA-000000057523","nombre":"VELON PINCHE CON GIBRE ROSA GOLD 18cm DORYPLAST x6","categoria":"Cotillon","subcategoria":"Velas","precio":1522.8,"destacado":false,"descripcion":"","imagen":"assets/products/CA-000000057523.webp","tags":["velon","pinche","con","gibre","rosa","gold","18cm","doryplast"]},{"id":"CA-000000057997","nombre":"VELON PINCHE CON GIBRE ROSA PASTEL 18cm DORYPLAST x6","categoria":"Cotillon","subcategoria":"Velas","precio":1522.8,"destacado":false,"descripcion":"","imagen":"assets/products/CA-000000057997.webp","tags":["velon","pinche","con","gibre","rosa","pastel","18cm","doryplast"]},{"id":"CA-000000057999","nombre":"VELON PINCHE CON GIBRE SALMON 18cm DORYPLAST x6","categoria":"Cotillon","subcategoria":"Velas","precio":1522.8,"destacado":false,"descripcion":"","imagen":"assets/products/CA-000000057999.webp","tags":["velon","pinche","con","gibre","salmon","18cm","doryplast"]},{"id":"CA-000000057526","nombre":"VELON PINCHE CON GIBRE TURQUEZA 18cm DORYPLAST x6","categoria":"Cotillon","subcategoria":"Velas","precio":1522.8,"destacado":false,"descripcion":"","imagen":"assets/products/CA-000000057526.webp","tags":["velon","pinche","con","gibre","turqueza","18cm","doryplast"]},{"id":"CA-000000050651","nombre":"VELON PINCHE CON GIBRE VERDE 18cm DORYPLAST x6","categoria":"Cotillon","subcategoria":"Velas","precio":1522.8,"destacado":false,"descripcion":"","imagen":"assets/products/CA-000000050651.webp","tags":["velon","pinche","con","gibre","verde","18cm","doryplast"]},{"id":"CA-000000050850","nombre":"VELON PINCHE CON GIBRE VIOLETA 18cm DORYPLAST x6","categoria":"Cotillon","subcategoria":"Velas","precio":1522.8,"destacado":false,"descripcion":"","imagen":"assets/products/CA-000000050850.webp","tags":["velon","pinche","con","gibre","violeta","18cm","doryplast"]},{"id":"CA-000000042309","nombre":"VELON REDONDO BLANCO (5.5 x 3.5cm aprox) x16","categoria":"Cotillon","subcategoria":"Velas","precio":6467.85,"destacado":false,"descripcion":"","imagen":"assets/products/CA-000000042309.webp","tags":["velon","redondo","blanco","5cm","aprox","x16"]},{"id":"CA-200436300000","nombre":"VELON TORNEADO PLASTICO LUMINOSO 10cm  x1","categoria":"Cotillon","subcategoria":"Velas","precio":1834.65,"destacado":false,"descripcion":"","imagen":"assets/products/CA-200436300000.webp","tags":["velon","torneado","plastico","luminoso","10cm"]},{"id":"CA-000000043256","nombre":"VELON TORNEADO PLASTICO LUMINOSO 10cm x1","categoria":"Cotillon","subcategoria":"Velas","precio":1834.65,"destacado":false,"descripcion":"","imagen":"assets/products/CA-000000043256.webp","tags":["velon","torneado","plastico","luminoso","10cm"]},{"id":"CA-202560000897","nombre":"VINCHA 15 AÑOS METAL CON STRASS PREMIUN x1 FP0897","categoria":"Cotillon","subcategoria":"Coronas / Tiaras / Cetros / Varitas","precio":2478.42,"destacado":false,"descripcion":"","imagen":"assets/products/CA-202560000897.webp","tags":["vincha","años","metal","con","strass","premiun","fp0897"]},{"id":"CA-779908805707","nombre":"VINCHA ARLEQUINA PLASTICA x1 VI36 PS","categoria":"Cotillon","subcategoria":"Accesorios Y Sets Para Disfraces / Tutu","precio":2301.6,"destacado":false,"descripcion":"","imagen":"assets/products/CA-779908805707.webp","tags":["vincha","arlequina","plastica","vi36"]},{"id":"CA-803410700604","nombre":"VINCHA CONEJO/A PELUCHE CON LUZ x12 YJ0731","categoria":"Cotillon","subcategoria":"Accesorios Y Sets Para Disfraces / Tutu","precio":8748.0,"destacado":false,"descripcion":"* (18/12/2025)","imagen":"assets/products/CA-803410700604.webp","tags":["vincha","conejo","peluche","con","luz","x12","yj0731"]},{"id":"CA-779908805708","nombre":"VINCHA CUERNOS XXL x1 VI37 PS","categoria":"Cotillon","subcategoria":"Accesorios Y Sets Para Disfraces / Tutu","precio":1774.15,"destacado":false,"descripcion":"","imagen":"assets/products/CA-779908805708.webp","tags":["vincha","cuernos","xxl","vi37"]},{"id":"CA-000000053252","nombre":"VINCHA FRASE EGRESADA ORO/PLATA x1","categoria":"Cotillon","subcategoria":"Festejos Egresados/Upd","precio":3442.82,"destacado":false,"descripcion":"","imagen":"assets/products/CA-000000053252.webp","tags":["vincha","frase","egresada","oro","plata"]},{"id":"CA-000000053253","nombre":"VINCHA FRASE EGRESADO ORO/PLATA x1","categoria":"Cotillon","subcategoria":"Festejos Egresados/Upd","precio":3442.82,"destacado":false,"descripcion":"","imagen":"assets/products/CA-000000053253.webp","tags":["vincha","frase","egresado","oro","plata"]},{"id":"CA-000000055894","nombre":"VINCHA FRASE ME RECIBI CON LENTEJUELAS Y STRASS x1 (varios colores)","categoria":"Cotillon","subcategoria":"Festejos Egresados/Upd","precio":3442.82,"destacado":false,"descripcion":"","imagen":"assets/products/CA-000000055894.webp","tags":["vincha","frase","recibi","con","lentejuelas","strass","varios","colores"]},{"id":"CA-000000055895","nombre":"VINCHA FRASE ME RECIBI CON PLUMAS x1 (varios colores)","categoria":"Cotillon","subcategoria":"Festejos Egresados/Upd","precio":3825.36,"destacado":false,"descripcion":"","imagen":"assets/products/CA-000000055895.webp","tags":["vincha","frase","recibi","con","plumas","varios","colores"]},{"id":"CA-000000053254","nombre":"VINCHA FRASE ME RECIBI ORO/PLATA x1","categoria":"Cotillon","subcategoria":"Festejos Egresados/Upd","precio":3442.82,"destacado":false,"descripcion":"","imagen":"assets/products/CA-000000053254.webp","tags":["vincha","frase","recibi","oro","plata"]},{"id":"CA-237187705037","nombre":"VINCHA FRASES EGRESADOS x6 5037","categoria":"Cotillon","subcategoria":"Festejos Egresados/Upd","precio":3799.87,"destacado":false,"descripcion":"NUEVO 09/12/2025","imagen":"assets/products/CA-237187705037.webp","tags":["vincha","frases","egresados","5037"]},{"id":"CA-000000053355","nombre":"VINCHA GORRO EGRESADO PREMIUM DORADA/PLATEADA x1 Art 9","categoria":"Cotillon","subcategoria":"Festejos Egresados/Upd","precio":1260.0,"destacado":false,"descripcion":"","imagen":"assets/products/CA-000000053355.webp","tags":["vincha","gorro","egresado","premium","dorada","plateada","art"]},{"id":"CA-000000056539","nombre":"VINCHA GORRO EGRESADO PREMIUM ROSA x1 Art 10","categoria":"Cotillon","subcategoria":"Festejos Egresados/Upd","precio":1260.0,"destacado":false,"descripcion":"","imagen":"assets/products/CA-000000056539.webp","tags":["vincha","gorro","egresado","premium","rosa","art"]},{"id":"CA-000000056544","nombre":"VINCHA ME GRADUE CON PLUMAS x1 Art15 (Varios Colores)","categoria":"Cotillon","subcategoria":"Festejos Egresados/Upd","precio":3150.0,"destacado":false,"descripcion":"","imagen":"assets/products/CA-000000056544.webp","tags":["vincha","gradue","con","plumas","art15","varios","colores"]},{"id":"CA-000000056547","nombre":"VINCHA ME RECIBI GOMA EVA CON LENTEJUELA Y STRASS x1 Art 43","categoria":"Cotillon","subcategoria":"Festejos Egresados/Upd","precio":2142.0,"destacado":false,"descripcion":"","imagen":"assets/products/CA-000000056547.webp","tags":["vincha","recibi","goma","eva","con","lentejuela","strass","art"]},{"id":"CA-202560000902","nombre":"VINCHA METAL ESTRELLAS PLATEADA CON STRASS X1 FP0902","categoria":"Cotillon","subcategoria":"Coronas / Tiaras / Cetros / Varitas","precio":3472.0,"destacado":false,"descripcion":"","imagen":"assets/products/CA-202560000902.webp","tags":["vincha","metal","estrellas","plateada","con","strass","fp0902"]},{"id":"CA-202560000900","nombre":"VINCHA METAL MIS QUINCE ROSA CON STRASS X1 FP0900","categoria":"Cotillon","subcategoria":"Coronas / Tiaras / Cetros / Varitas","precio":2831.22,"destacado":false,"descripcion":"","imagen":"assets/products/CA-202560000900.webp","tags":["vincha","metal","mis","quince","rosa","con","strass","fp0900"]}]}