{"category_slug":"cotillon","subcategory_slug":"","page":15,"page_size":48,"total":4091,"items":[{"id":"CA-000000050534","nombre":"BLISTER VELA NUMEROTE CON GIBRE DORADO Nº 9 x1 UNIDAD DORYPLAST","categoria":"Cotillon","subcategoria":"Velas","precio":614.8,"destacado":false,"descripcion":"","imagen":"assets/products/CA-000000050534.webp","tags":["blister","vela","numerote","con","gibre","dorado","unidad","doryplast"]},{"id":"CA-000000050535","nombre":"BLISTER VELA NUMEROTE CON GIBRE PLATEADO Nº 0 x1 UNIDAD DORYPLAST","categoria":"Cotillon","subcategoria":"Velas","precio":614.8,"destacado":false,"descripcion":"","imagen":"assets/products/CA-000000050535.webp","tags":["blister","vela","numerote","con","gibre","plateado","unidad","doryplast"]},{"id":"CA-000000050536","nombre":"BLISTER VELA NUMEROTE CON GIBRE PLATEADO Nº 1 x1 UNIDAD DORYPLAST","categoria":"Cotillon","subcategoria":"Velas","precio":614.8,"destacado":false,"descripcion":"","imagen":"assets/products/CA-000000050536.webp","tags":["blister","vela","numerote","con","gibre","plateado","unidad","doryplast"]},{"id":"CA-000000050537","nombre":"BLISTER VELA NUMEROTE CON GIBRE PLATEADO Nº 2 x1 UNIDAD DORYPLAST","categoria":"Cotillon","subcategoria":"Velas","precio":614.8,"destacado":false,"descripcion":"","imagen":"assets/products/CA-000000050537.webp","tags":["blister","vela","numerote","con","gibre","plateado","unidad","doryplast"]},{"id":"CA-000000050538","nombre":"BLISTER VELA NUMEROTE CON GIBRE PLATEADO Nº 3 x1 UNIDAD DORYPLAST","categoria":"Cotillon","subcategoria":"Velas","precio":614.8,"destacado":false,"descripcion":"","imagen":"assets/products/CA-000000050538.webp","tags":["blister","vela","numerote","con","gibre","plateado","unidad","doryplast"]},{"id":"CA-000000050539","nombre":"BLISTER VELA NUMEROTE CON GIBRE PLATEADO Nº 4 x1 UNIDAD DORYPLAST","categoria":"Cotillon","subcategoria":"Velas","precio":614.8,"destacado":false,"descripcion":"","imagen":"assets/products/CA-000000050539.webp","tags":["blister","vela","numerote","con","gibre","plateado","unidad","doryplast"]},{"id":"CA-000000050540","nombre":"BLISTER VELA NUMEROTE CON GIBRE PLATEADO Nº 5 x1 UNIDAD DORYPLAST","categoria":"Cotillon","subcategoria":"Velas","precio":614.8,"destacado":false,"descripcion":"","imagen":"assets/products/CA-000000050540.webp","tags":["blister","vela","numerote","con","gibre","plateado","unidad","doryplast"]},{"id":"CA-000000050541","nombre":"BLISTER VELA NUMEROTE CON GIBRE PLATEADO Nº 6 x1 UNIDAD DORYPLAST","categoria":"Cotillon","subcategoria":"Velas","precio":614.8,"destacado":false,"descripcion":"","imagen":"assets/products/CA-000000050541.webp","tags":["blister","vela","numerote","con","gibre","plateado","unidad","doryplast"]},{"id":"CA-000000050542","nombre":"BLISTER VELA NUMEROTE CON GIBRE PLATEADO Nº 7 x1 UNIDAD DORYPLAST","categoria":"Cotillon","subcategoria":"Velas","precio":614.8,"destacado":false,"descripcion":"","imagen":"assets/products/CA-000000050542.webp","tags":["blister","vela","numerote","con","gibre","plateado","unidad","doryplast"]},{"id":"CA-000000050543","nombre":"BLISTER VELA NUMEROTE CON GIBRE PLATEADO Nº 8 x1 UNIDAD DORYPLAST","categoria":"Cotillon","subcategoria":"Velas","precio":614.8,"destacado":false,"descripcion":"","imagen":"assets/products/CA-000000050543.webp","tags":["blister","vela","numerote","con","gibre","plateado","unidad","doryplast"]},{"id":"CA-000000050544","nombre":"BLISTER VELA NUMEROTE CON GIBRE PLATEADO Nº 9 x1 UNIDAD DORYPLAST","categoria":"Cotillon","subcategoria":"Velas","precio":614.8,"destacado":false,"descripcion":"","imagen":"assets/products/CA-000000050544.webp","tags":["blister","vela","numerote","con","gibre","plateado","unidad","doryplast"]},{"id":"CA-000000037568","nombre":"BLISTER VELA NUMEROTE GIBREADA FLUO C/LUNARES X1 Nº0","categoria":"Cotillon","subcategoria":"Velas","precio":579.15,"destacado":false,"descripcion":"","imagen":"assets/products/CA-000000037568.webp","tags":["blister","vela","numerote","gibreada","fluo","lunares","nº0"]},{"id":"CA-000000037569","nombre":"BLISTER VELA NUMEROTE GIBREADA FLUO C/LUNARES X1 Nº1","categoria":"Cotillon","subcategoria":"Velas","precio":579.15,"destacado":false,"descripcion":"","imagen":"assets/products/CA-000000037569.webp","tags":["blister","vela","numerote","gibreada","fluo","lunares","nº1"]},{"id":"CA-000000037570","nombre":"BLISTER VELA NUMEROTE GIBREADA FLUO C/LUNARES X1 Nº2","categoria":"Cotillon","subcategoria":"Velas","precio":579.15,"destacado":false,"descripcion":"","imagen":"assets/products/CA-000000037570.webp","tags":["blister","vela","numerote","gibreada","fluo","lunares","nº2"]},{"id":"CA-000000037571","nombre":"BLISTER VELA NUMEROTE GIBREADA FLUO C/LUNARES X1 Nº3","categoria":"Cotillon","subcategoria":"Velas","precio":579.15,"destacado":false,"descripcion":"","imagen":"assets/products/CA-000000037571.webp","tags":["blister","vela","numerote","gibreada","fluo","lunares","nº3"]},{"id":"CA-000000037572","nombre":"BLISTER VELA NUMEROTE GIBREADA FLUO C/LUNARES X1 Nº4","categoria":"Cotillon","subcategoria":"Velas","precio":579.15,"destacado":false,"descripcion":"","imagen":"assets/products/CA-000000037572.webp","tags":["blister","vela","numerote","gibreada","fluo","lunares","nº4"]},{"id":"CA-000000037573","nombre":"BLISTER VELA NUMEROTE GIBREADA FLUO C/LUNARES X1 Nº5","categoria":"Cotillon","subcategoria":"Velas","precio":579.15,"destacado":false,"descripcion":"","imagen":"assets/products/CA-000000037573.webp","tags":["blister","vela","numerote","gibreada","fluo","lunares","nº5"]},{"id":"CA-000000037574","nombre":"BLISTER VELA NUMEROTE GIBREADA FLUO C/LUNARES X1 Nº6","categoria":"Cotillon","subcategoria":"Velas","precio":579.15,"destacado":false,"descripcion":"","imagen":"assets/products/CA-000000037574.webp","tags":["blister","vela","numerote","gibreada","fluo","lunares","nº6"]},{"id":"CA-000000037575","nombre":"BLISTER VELA NUMEROTE GIBREADA FLUO C/LUNARES X1 Nº7","categoria":"Cotillon","subcategoria":"Velas","precio":579.15,"destacado":false,"descripcion":"","imagen":"assets/products/CA-000000037575.webp","tags":["blister","vela","numerote","gibreada","fluo","lunares","nº7"]},{"id":"CA-000000037576","nombre":"BLISTER VELA NUMEROTE GIBREADA FLUO C/LUNARES X1 Nº8","categoria":"Cotillon","subcategoria":"Velas","precio":579.15,"destacado":false,"descripcion":"","imagen":"assets/products/CA-000000037576.webp","tags":["blister","vela","numerote","gibreada","fluo","lunares","nº8"]},{"id":"CA-000000037577","nombre":"BLISTER VELA NUMEROTE GIBREADA FLUO C/LUNARES X1 Nº9","categoria":"Cotillon","subcategoria":"Velas","precio":579.15,"destacado":false,"descripcion":"","imagen":"assets/products/CA-000000037577.webp","tags":["blister","vela","numerote","gibreada","fluo","lunares","nº9"]},{"id":"CA-779908801092","nombre":"BLISTER VELA NUMEROTE IRIDISCENTE N°0 X1 VNI0 PS","categoria":"Cotillon","subcategoria":"Velas","precio":1045.31,"destacado":false,"descripcion":"","imagen":"assets/products/CA-779908801092.webp","tags":["blister","vela","numerote","iridiscente","vni0"]},{"id":"CA-779908801093","nombre":"BLISTER VELA NUMEROTE IRIDISCENTE N°1 X1 VNI1 PS","categoria":"Cotillon","subcategoria":"Velas","precio":1045.31,"destacado":false,"descripcion":"","imagen":"assets/products/CA-779908801093.webp","tags":["blister","vela","numerote","iridiscente","vni1"]},{"id":"CA-779908801094","nombre":"BLISTER VELA NUMEROTE IRIDISCENTE N°2 X1 VNI2 PS","categoria":"Cotillon","subcategoria":"Velas","precio":1045.31,"destacado":false,"descripcion":"","imagen":"assets/products/CA-779908801094.webp","tags":["blister","vela","numerote","iridiscente","vni2"]},{"id":"CA-779908801095","nombre":"BLISTER VELA NUMEROTE IRIDISCENTE N°3 X1 VNI3 PS","categoria":"Cotillon","subcategoria":"Velas","precio":1045.31,"destacado":false,"descripcion":"","imagen":"assets/products/CA-779908801095.webp","tags":["blister","vela","numerote","iridiscente","vni3"]},{"id":"CA-779908801096","nombre":"BLISTER VELA NUMEROTE IRIDISCENTE N°4 X1 VNI4 PS","categoria":"Cotillon","subcategoria":"Velas","precio":1045.31,"destacado":false,"descripcion":"","imagen":"assets/products/CA-779908801096.webp","tags":["blister","vela","numerote","iridiscente","vni4"]},{"id":"CA-779908801097","nombre":"BLISTER VELA NUMEROTE IRIDISCENTE N°5 X1 VNI5 PS","categoria":"Cotillon","subcategoria":"Velas","precio":1045.31,"destacado":false,"descripcion":"","imagen":"assets/products/CA-779908801097.webp","tags":["blister","vela","numerote","iridiscente","vni5"]},{"id":"CA-779908801098","nombre":"BLISTER VELA NUMEROTE IRIDISCENTE N°6 X1 VNI6 PS","categoria":"Cotillon","subcategoria":"Velas","precio":1045.31,"destacado":false,"descripcion":"","imagen":"assets/products/CA-779908801098.webp","tags":["blister","vela","numerote","iridiscente","vni6"]},{"id":"CA-779908801099","nombre":"BLISTER VELA NUMEROTE IRIDISCENTE N°7 X1 VNI7 PS","categoria":"Cotillon","subcategoria":"Velas","precio":1045.31,"destacado":false,"descripcion":"","imagen":"assets/products/CA-779908801099.webp","tags":["blister","vela","numerote","iridiscente","vni7"]},{"id":"CA-779908801100","nombre":"BLISTER VELA NUMEROTE IRIDISCENTE N°8 X1 VNI8 PS","categoria":"Cotillon","subcategoria":"Velas","precio":1045.31,"destacado":false,"descripcion":"","imagen":"assets/products/CA-779908801100.webp","tags":["blister","vela","numerote","iridiscente","vni8"]},{"id":"CA-779908801101","nombre":"BLISTER VELA NUMEROTE IRIDISCENTE N°9 X1 VNI9 PS","categoria":"Cotillon","subcategoria":"Velas","precio":1045.31,"destacado":false,"descripcion":"","imagen":"assets/products/CA-779908801101.webp","tags":["blister","vela","numerote","iridiscente","vni9"]},{"id":"CA-000000045273","nombre":"BLISTER VELA NUMEROTE METALIZADA CELESTE N°0 X1 LUCA PLASTI","categoria":"Cotillon","subcategoria":"Velas","precio":1494.9,"destacado":false,"descripcion":"","imagen":"assets/products/CA-000000045273.webp","tags":["blister","vela","numerote","metalizada","celeste","luca","plasti"]},{"id":"CA-000000045279","nombre":"BLISTER VELA NUMEROTE METALIZADA CELESTE N°6 X1 LUCA PLASTI","categoria":"Cotillon","subcategoria":"Velas","precio":1494.9,"destacado":false,"descripcion":"","imagen":"assets/products/CA-000000045279.webp","tags":["blister","vela","numerote","metalizada","celeste","luca","plasti"]},{"id":"CA-000000045280","nombre":"BLISTER VELA NUMEROTE METALIZADA CELESTE N°7 X1 LUCA PLASTI","categoria":"Cotillon","subcategoria":"Velas","precio":1834.65,"destacado":false,"descripcion":"","imagen":"assets/products/CA-000000045280.webp","tags":["blister","vela","numerote","metalizada","celeste","luca","plasti"]},{"id":"CA-000000045283","nombre":"BLISTER VELA NUMEROTE METALIZADA ORO N°0 X1 LUCA PLASTI","categoria":"Cotillon","subcategoria":"Velas","precio":1834.65,"destacado":false,"descripcion":"","imagen":"assets/products/CA-000000045283.webp","tags":["blister","vela","numerote","metalizada","oro","luca","plasti"]},{"id":"CA-000000045284","nombre":"BLISTER VELA NUMEROTE METALIZADA ORO N°1 X1 LUCA PLASTI","categoria":"Cotillon","subcategoria":"Velas","precio":1834.65,"destacado":false,"descripcion":"","imagen":"assets/products/CA-000000045284.webp","tags":["blister","vela","numerote","metalizada","oro","luca","plasti"]},{"id":"CA-000000045285","nombre":"BLISTER VELA NUMEROTE METALIZADA ORO N°2 X1 LUCA PLASTI","categoria":"Cotillon","subcategoria":"Velas","precio":1834.65,"destacado":false,"descripcion":"","imagen":"assets/products/CA-000000045285.webp","tags":["blister","vela","numerote","metalizada","oro","luca","plasti"]},{"id":"CA-000000045286","nombre":"BLISTER VELA NUMEROTE METALIZADA ORO N°3 X1 LUCA PLASTI","categoria":"Cotillon","subcategoria":"Velas","precio":1834.65,"destacado":false,"descripcion":"","imagen":"assets/products/CA-000000045286.webp","tags":["blister","vela","numerote","metalizada","oro","luca","plasti"]},{"id":"CA-000000045287","nombre":"BLISTER VELA NUMEROTE METALIZADA ORO N°4 X1 LUCA PLASTI","categoria":"Cotillon","subcategoria":"Velas","precio":1834.65,"destacado":false,"descripcion":"","imagen":"assets/products/CA-000000045287.webp","tags":["blister","vela","numerote","metalizada","oro","luca","plasti"]},{"id":"CA-000000045288","nombre":"BLISTER VELA NUMEROTE METALIZADA ORO N°5 X1 LUCA PLASTI","categoria":"Cotillon","subcategoria":"Velas","precio":1834.65,"destacado":false,"descripcion":"","imagen":"assets/products/CA-000000045288.webp","tags":["blister","vela","numerote","metalizada","oro","luca","plasti"]},{"id":"CA-000000045289","nombre":"BLISTER VELA NUMEROTE METALIZADA ORO N°6 X1 LUCA PLASTI","categoria":"Cotillon","subcategoria":"Velas","precio":1834.65,"destacado":false,"descripcion":"","imagen":"assets/products/CA-000000045289.webp","tags":["blister","vela","numerote","metalizada","oro","luca","plasti"]},{"id":"CA-000000045290","nombre":"BLISTER VELA NUMEROTE METALIZADA ORO N°7 X1 LUCA PLASTI","categoria":"Cotillon","subcategoria":"Velas","precio":1834.65,"destacado":false,"descripcion":"","imagen":"assets/products/CA-000000045290.webp","tags":["blister","vela","numerote","metalizada","oro","luca","plasti"]},{"id":"CA-000000045291","nombre":"BLISTER VELA NUMEROTE METALIZADA ORO N°8 X1 LUCA PLASTI","categoria":"Cotillon","subcategoria":"Velas","precio":1834.65,"destacado":false,"descripcion":"","imagen":"assets/products/CA-000000045291.webp","tags":["blister","vela","numerote","metalizada","oro","luca","plasti"]},{"id":"CA-000000045292","nombre":"BLISTER VELA NUMEROTE METALIZADA ORO N°9 X1 LUCA PLASTI","categoria":"Cotillon","subcategoria":"Velas","precio":1834.65,"destacado":false,"descripcion":"","imagen":"assets/products/CA-000000045292.webp","tags":["blister","vela","numerote","metalizada","oro","luca","plasti"]},{"id":"CA-000000045293","nombre":"BLISTER VELA NUMEROTE METALIZADA PLATA N°0 X1 LUCA PLASTI","categoria":"Cotillon","subcategoria":"Velas","precio":1834.65,"destacado":false,"descripcion":"","imagen":"assets/products/CA-000000045293.webp","tags":["blister","vela","numerote","metalizada","plata","luca","plasti"]},{"id":"CA-000000045294","nombre":"BLISTER VELA NUMEROTE METALIZADA PLATA N°1 X1 LUCA PLASTI","categoria":"Cotillon","subcategoria":"Velas","precio":1834.65,"destacado":false,"descripcion":"","imagen":"assets/products/CA-000000045294.webp","tags":["blister","vela","numerote","metalizada","plata","luca","plasti"]},{"id":"CA-000000045295","nombre":"BLISTER VELA NUMEROTE METALIZADA PLATA N°2 X1 LUCA PLASTI","categoria":"Cotillon","subcategoria":"Velas","precio":1834.65,"destacado":false,"descripcion":"","imagen":"assets/products/CA-000000045295.webp","tags":["blister","vela","numerote","metalizada","plata","luca","plasti"]},{"id":"CA-000000045296","nombre":"BLISTER VELA NUMEROTE METALIZADA PLATA N°3 X1 LUCA PLASTI","categoria":"Cotillon","subcategoria":"Velas","precio":1834.65,"destacado":false,"descripcion":"","imagen":"assets/products/CA-000000045296.webp","tags":["blister","vela","numerote","metalizada","plata","luca","plasti"]}]}