{"category_slug":"cotillon","subcategory_slug":"","page":20,"page_size":48,"total":4091,"items":[{"id":"CA-779832230886","nombre":"BOLSA DE PAPEL CON MANIJA PARA REGALO MICKEY MOUSE 1 x5 (18x20) BRAND FEST","categoria":"Cotillon","subcategoria":"Bolsas/Stickers/Cajitas Pochocleras/Tarjetones","precio":2754.43,"destacado":false,"descripcion":"","imagen":"assets/products/CA-779832230886.webp","tags":["bolsa","papel","con","manija","para","regalo","mickey","mouse","18x20","brand","fest"]},{"id":"CA-779832230881","nombre":"BOLSA DE PAPEL CON MANIJA PARA REGALO SPIDERMAN x5 (18x20) BRAND FEST","categoria":"Cotillon","subcategoria":"Bolsas/Stickers/Cajitas Pochocleras/Tarjetones","precio":2754.43,"destacado":false,"descripcion":"","imagen":"assets/products/CA-779832230881.webp","tags":["bolsa","papel","con","manija","para","regalo","spiderman","18x20","brand","fest"]},{"id":"CA-779832230884","nombre":"BOLSA DE PAPEL CON MANIJA PARA REGALOS AFA CAMPEONES COPA 1x5u.(22x30)BRAND FEST","categoria":"Cotillon","subcategoria":"Bolsas/Stickers/Cajitas Pochocleras/Tarjetones","precio":3127.28,"destacado":false,"descripcion":"","imagen":"assets/products/CA-779832230884.webp","tags":["bolsa","papel","con","manija","para","regalos","afa","campeones","copa","1x5u","22x30","brand"]},{"id":"CA-779830691678","nombre":"BOLSA DE PAPEL CON MANIJA PARA REGALOS ESCOSES 14x20x10 u.(fanpack)","categoria":"Cotillon","subcategoria":"Bolsas/Stickers/Cajitas Pochocleras/Tarjetones","precio":3018.6,"destacado":false,"descripcion":"","imagen":"assets/products/CA-779830691678.webp","tags":["bolsa","papel","con","manija","para","regalos","escoses","14x20x10","fanpack"]},{"id":"CA-779830691666","nombre":"BOLSA DE PAPEL CON MANIJA PARA REGALOS GRANDE CAPIBARA/CARPINCHO 36x39x10 u.(fanpack)","categoria":"Cotillon","subcategoria":"Bolsas/Stickers/Cajitas Pochocleras/Tarjetones","precio":6468.66,"destacado":false,"descripcion":"","imagen":"assets/products/CA-779830691666.webp","tags":["bolsa","papel","con","manija","para","regalos","grande","capibara","carpincho","36x39x10","fanpack"]},{"id":"CA-779832230855","nombre":"BOLSA DE PAPEL CON MANIJA PARA REGALOS GRANDE COLORES PASTEL SURTIDOSx5u.(30x41) BRAND FEST","categoria":"Cotillon","subcategoria":"Bolsas/Stickers/Cajitas Pochocleras/Tarjetones","precio":2935.8,"destacado":false,"descripcion":"","imagen":"assets/products/CA-779832230855.webp","tags":["bolsa","papel","con","manija","para","regalos","grande","colores","pastel","surtidosx5u","30x41","brand"]},{"id":"CA-779830691680","nombre":"BOLSA DE PAPEL CON MANIJA PARA REGALOS GRANDE ESCOSES 30x41x10 u.(fanpack)","categoria":"Cotillon","subcategoria":"Bolsas/Stickers/Cajitas Pochocleras/Tarjetones","precio":6119.55,"destacado":false,"descripcion":"","imagen":"assets/products/CA-779830691680.webp","tags":["bolsa","papel","con","manija","para","regalos","grande","escoses","30x41x10","fanpack"]},{"id":"CA-779830691659","nombre":"BOLSA DE PAPEL CON MANIJA PARA REGALOS GRANDE FELIZ CUMPLE art.0547 30x41x10 u.(fanpack)","categoria":"Cotillon","subcategoria":"Bolsas/Stickers/Cajitas Pochocleras/Tarjetones","precio":6119.55,"destacado":false,"descripcion":"","imagen":"assets/products/CA-779830691659.webp","tags":["bolsa","papel","con","manija","para","regalos","grande","feliz","cumple","art","0547","30x41x10"]},{"id":"CA-779830691734","nombre":"BOLSA DE PAPEL CON MANIJA PARA REGALOS GRANDE FLORES (nala) 30x41x10 u.(fanpack)","categoria":"Cotillon","subcategoria":"Bolsas/Stickers/Cajitas Pochocleras/Tarjetones","precio":6468.66,"destacado":false,"descripcion":"","imagen":"assets/products/CA-779830691734.webp","tags":["bolsa","papel","con","manija","para","regalos","grande","flores","nala","30x41x10","fanpack"]},{"id":"CA-779830691429","nombre":"BOLSA DE PAPEL CON MANIJA PARA REGALOS GRANDE KRAFT 30x41x10 u.(fanpack)","categoria":"Cotillon","subcategoria":"Bolsas/Stickers/Cajitas Pochocleras/Tarjetones","precio":4275.05,"destacado":false,"descripcion":"","imagen":"assets/products/CA-779830691429.webp","tags":["bolsa","papel","con","manija","para","regalos","grande","kraft","30x41x10","fanpack"]},{"id":"CA-779830691731","nombre":"BOLSA DE PAPEL CON MANIJA PARA REGALOS GRANDE MANCHITAS DE VACA (moo) 30x41 x10 u.(fanpack)","categoria":"Cotillon","subcategoria":"Bolsas/Stickers/Cajitas Pochocleras/Tarjetones","precio":6468.66,"destacado":false,"descripcion":"","imagen":"assets/products/CA-779830691731.webp","tags":["bolsa","papel","con","manija","para","regalos","grande","manchitas","vaca","moo","30x41","x10"]},{"id":"CA-779830691664","nombre":"BOLSA DE PAPEL CON MANIJA PARA REGALOS MEDIANA CAPIBARA/CARPINCHO 22x24x10 (fanpack)","categoria":"Cotillon","subcategoria":"Bolsas/Stickers/Cajitas Pochocleras/Tarjetones","precio":3796.2,"destacado":false,"descripcion":"","imagen":"assets/products/CA-779830691664.webp","tags":["bolsa","papel","con","manija","para","regalos","mediana","capibara","carpincho","22x24x10","fanpack"]},{"id":"CA-779832230151","nombre":"BOLSA DE PAPEL CON MANIJA PARA REGALOS MEDIANA COLORES SURTIDOS x5u.(22x30)BRAND FEST","categoria":"Cotillon","subcategoria":"Bolsas/Stickers/Cajitas Pochocleras/Tarjetones","precio":2323.12,"destacado":false,"descripcion":"","imagen":"assets/products/CA-779832230151.webp","tags":["bolsa","papel","con","manija","para","regalos","mediana","colores","surtidos","x5u","22x30","brand"]},{"id":"CA-779830691733","nombre":"BOLSA DE PAPEL CON MANIJA PARA REGALOS MEDIANA FLORES (nala) 22x30 x10 u.(fanpack)","categoria":"Cotillon","subcategoria":"Bolsas/Stickers/Cajitas Pochocleras/Tarjetones","precio":4253.85,"destacado":false,"descripcion":"","imagen":"assets/products/CA-779830691733.webp","tags":["bolsa","papel","con","manija","para","regalos","mediana","flores","nala","22x30","x10","fanpack"]},{"id":"CA-779832230613","nombre":"BOLSA DE PAPEL CON MANIJA PARA REGALOS MEDIANA FUCSIA x5u.(22x30)BRAND FEST","categoria":"Cotillon","subcategoria":"Bolsas/Stickers/Cajitas Pochocleras/Tarjetones","precio":2323.12,"destacado":false,"descripcion":"","imagen":"assets/products/CA-779832230613.webp","tags":["bolsa","papel","con","manija","para","regalos","mediana","fucsia","x5u","22x30","brand","fest"]},{"id":"CA-072354056172","nombre":"BOLSA DE PAPEL CON MANIJA PARA REGALOS MEDIANA KRAFT 22x30 x10 u.(fanpack)","categoria":"Cotillon","subcategoria":"Bolsas/Stickers/Cajitas Pochocleras/Tarjetones","precio":3008.35,"destacado":false,"descripcion":"","imagen":"assets/products/CA-072354056172.webp","tags":["bolsa","papel","con","manija","para","regalos","mediana","kraft","22x30","x10","fanpack"]},{"id":"CA-779832230681","nombre":"BOLSA DE PAPEL CON MANIJA PARA REGALOS MEDIANA MODELOS SURTIDOS art.10 (22x30 )x5u. BRAND FEST","categoria":"Cotillon","subcategoria":"Bolsas/Stickers/Cajitas Pochocleras/Tarjetones","precio":2991.32,"destacado":false,"descripcion":"","imagen":"assets/products/CA-779832230681.webp","tags":["bolsa","papel","con","manija","para","regalos","mediana","modelos","surtidos","art","22x30","x5u"]},{"id":"CA-779832230496","nombre":"BOLSA DE PAPEL CON MANIJA PARA REGALOS MEDIANA MODELOS SURTIDOS art.3 (22x30) x5u.BRAND FEST","categoria":"Cotillon","subcategoria":"Bolsas/Stickers/Cajitas Pochocleras/Tarjetones","precio":2991.32,"destacado":false,"descripcion":"","imagen":"assets/products/CA-779832230496.webp","tags":["bolsa","papel","con","manija","para","regalos","mediana","modelos","surtidos","art","22x30","x5u"]},{"id":"CA-779830691663","nombre":"BOLSA DE PAPEL CON MANIJA PARA REGALOS MEDIANA MOÑO ESCOSES BLANCO Y NEGRO 22x30x10 u.(fanpack)","categoria":"Cotillon","subcategoria":"Bolsas/Stickers/Cajitas Pochocleras/Tarjetones","precio":4253.85,"destacado":false,"descripcion":"","imagen":"assets/products/CA-779830691663.webp","tags":["bolsa","papel","con","manija","para","regalos","mediana","moño","escoses","blanco","negro","22x30x10"]},{"id":"CA-779832230611","nombre":"BOLSA DE PAPEL CON MANIJA PARA REGALOS MEDIANA ROJA (22x30) x5u.BRAND FEST","categoria":"Cotillon","subcategoria":"Bolsas/Stickers/Cajitas Pochocleras/Tarjetones","precio":2323.12,"destacado":false,"descripcion":"","imagen":"assets/products/CA-779832230611.webp","tags":["bolsa","papel","con","manija","para","regalos","mediana","roja","22x30","x5u","brand","fest"]},{"id":"CA-779832230856","nombre":"BOLSA DE PAPEL CON MANIJA PARA REGALOS MEDIANA ROSA PASTELx5 (22x30)BRAND FEST","categoria":"Cotillon","subcategoria":"Bolsas/Stickers/Cajitas Pochocleras/Tarjetones","precio":2323.12,"destacado":false,"descripcion":"","imagen":"assets/products/CA-779832230856.webp","tags":["bolsa","papel","con","manija","para","regalos","mediana","rosa","pastelx5","22x30","brand","fest"]},{"id":"CA-779832230612","nombre":"BOLSA DE PAPEL CON MANIJA PARA REGALOS MEDIANA VERDE x5u.(22x30)BRAND FEST","categoria":"Cotillon","subcategoria":"Bolsas/Stickers/Cajitas Pochocleras/Tarjetones","precio":2323.12,"destacado":false,"descripcion":"","imagen":"assets/products/CA-779832230612.webp","tags":["bolsa","papel","con","manija","para","regalos","mediana","verde","x5u","22x30","brand","fest"]},{"id":"CA-779832230615","nombre":"BOLSA DE PAPEL CON MANIJA PARA REGALOS MEDIANA VIOLETAx5 (22x30)BRAND FEST","categoria":"Cotillon","subcategoria":"Bolsas/Stickers/Cajitas Pochocleras/Tarjetones","precio":2323.12,"destacado":false,"descripcion":"","imagen":"assets/products/CA-779832230615.webp","tags":["bolsa","papel","con","manija","para","regalos","mediana","violetax5","22x30","brand","fest"]},{"id":"CA-779832230877","nombre":"BOLSA DE PAPEL CON MANIJA PARA REGALOS MINIE MOUSE 2 x5u.(22x30)BRAND FEST","categoria":"Cotillon","subcategoria":"Bolsas/Stickers/Cajitas Pochocleras/Tarjetones","precio":3505.53,"destacado":false,"descripcion":"","imagen":"assets/products/CA-779832230877.webp","tags":["bolsa","papel","con","manija","para","regalos","minie","mouse","x5u","22x30","brand","fest"]},{"id":"CA-779832230878","nombre":"BOLSA DE PAPEL CON MANIJA PARA REGALOS PRINCESAS 2 x5u.(22x30)BRAND FEST","categoria":"Cotillon","subcategoria":"Bolsas/Stickers/Cajitas Pochocleras/Tarjetones","precio":3505.53,"destacado":false,"descripcion":"","imagen":"assets/products/CA-779832230878.webp","tags":["bolsa","papel","con","manija","para","regalos","princesas","x5u","22x30","brand","fest"]},{"id":"CA-000000024738","nombre":"BOLSA DE PAPEL KRAFT (22x14cm) x100u. (4A)","categoria":"Cotillon","subcategoria":"Bolsas/Stickers/Cajitas Pochocleras/Tarjetones","precio":1898.0,"destacado":false,"descripcion":"","imagen":"assets/products/CA-000000024738.webp","tags":["bolsa","papel","kraft","22x14cm","x100u"]},{"id":"CA-643131507586","nombre":"BOLSA DE PAPEL KRAFT (22x15cm) x100u. MURILLO  (4A)","categoria":"Cotillon","subcategoria":"Bolsas/Stickers/Cajitas Pochocleras/Tarjetones","precio":1279.25,"destacado":false,"descripcion":"","imagen":"assets/products/CA-643131507586.webp","tags":["bolsa","papel","kraft","22x15cm","x100u","murillo"]},{"id":"CA-643131507578","nombre":"BOLSA DE PAPEL KRAFT (7.5x17.5cm) x100u. (1L)","categoria":"Cotillon","subcategoria":"Bolsas/Stickers/Cajitas Pochocleras/Tarjetones","precio":813.67,"destacado":false,"descripcion":"","imagen":"assets/products/CA-643131507578.webp","tags":["bolsa","papel","kraft","5x17","5cm","x100u"]},{"id":"CA-000000024736","nombre":"BOLSA DE PAPEL KRAFT (7x17cm) x100u. (1L)","categoria":"Cotillon","subcategoria":"Bolsas/Stickers/Cajitas Pochocleras/Tarjetones","precio":1121.8,"destacado":false,"descripcion":"","imagen":"assets/products/CA-000000024736.webp","tags":["bolsa","papel","kraft","7x17cm","x100u"]},{"id":"CA-643131507581","nombre":"BOLSA DE PAPEL KRAFT (9x21cm) x100u. (2L)","categoria":"Cotillon","subcategoria":"Bolsas/Stickers/Cajitas Pochocleras/Tarjetones","precio":956.06,"destacado":false,"descripcion":"","imagen":"assets/products/CA-643131507581.webp","tags":["bolsa","papel","kraft","9x21cm","x100u"]},{"id":"CA-000000024737","nombre":"BOLSA DE PAPEL KRAFT (9x22cm) x100u. (2L)","categoria":"Cotillon","subcategoria":"Bolsas/Stickers/Cajitas Pochocleras/Tarjetones","precio":1312.78,"destacado":false,"descripcion":"","imagen":"assets/products/CA-000000024737.webp","tags":["bolsa","papel","kraft","9x22cm","x100u"]},{"id":"CA-692025903320","nombre":"BOLSA DE REGALO MOÑO CON VISOR x12 ILC-Y320","categoria":"Cotillon","subcategoria":"Bolsas/Stickers/Cajitas Pochocleras/Tarjetones","precio":13652.93,"destacado":false,"descripcion":"","imagen":"assets/products/CA-692025903320.webp","tags":["bolsa","regalo","moño","con","visor","x12","ilc","y320"]},{"id":"CA-302317930603","nombre":"BOLSA DE REGALO STAMPING CAPITONE DORADO x12 ILC-Y311","categoria":"Cotillon","subcategoria":"Bolsas/Stickers/Cajitas Pochocleras/Tarjetones","precio":12745.2,"destacado":false,"descripcion":"","imagen":"assets/products/CA-302317930603.webp","tags":["bolsa","regalo","stamping","capitone","dorado","x12","ilc","y311"]},{"id":"CA-695670254140","nombre":"BOLSA DE REGALO STAMPING CIRCULOS DORADO x12 ILC-Y325","categoria":"Cotillon","subcategoria":"Bolsas/Stickers/Cajitas Pochocleras/Tarjetones","precio":13652.93,"destacado":false,"descripcion":"","imagen":"assets/products/CA-695670254140.webp","tags":["bolsa","regalo","stamping","circulos","dorado","x12","ilc","y325"]},{"id":"CA-695670253558","nombre":"BOLSA DE REGALO STAMPING CORAZONES DORADOS x12 ILC-Y322","categoria":"Cotillon","subcategoria":"Bolsas/Stickers/Cajitas Pochocleras/Tarjetones","precio":13652.93,"destacado":false,"descripcion":"","imagen":"assets/products/CA-695670253558.webp","tags":["bolsa","regalo","stamping","corazones","dorados","x12","ilc","y322"]},{"id":"CA-695670253793","nombre":"BOLSA DE REGALO STAMPING FOR YOU CON TARJETA x12 ILC-Y318","categoria":"Cotillon","subcategoria":"Bolsas/Stickers/Cajitas Pochocleras/Tarjetones","precio":9114.3,"destacado":false,"descripcion":"","imagen":"assets/products/CA-695670253793.webp","tags":["bolsa","regalo","stamping","for","you","con","tarjeta","x12","ilc","y318"]},{"id":"CA-695670254349","nombre":"BOLSA DE REGALO STAMPING MOÑO PUNTEADO DORADOS x12 ILC-Y323","categoria":"Cotillon","subcategoria":"Bolsas/Stickers/Cajitas Pochocleras/Tarjetones","precio":13652.93,"destacado":false,"descripcion":"","imagen":"assets/products/CA-695670254349.webp","tags":["bolsa","regalo","stamping","moño","punteado","dorados","x12","ilc","y323"]},{"id":"CA-695670254137","nombre":"BOLSA DE REGALO STAMPING ROMBOS DORADOS x12 ILC-Y324","categoria":"Cotillon","subcategoria":"Bolsas/Stickers/Cajitas Pochocleras/Tarjetones","precio":13652.93,"destacado":false,"descripcion":"","imagen":"assets/products/CA-695670254137.webp","tags":["bolsa","regalo","stamping","rombos","dorados","x12","ilc","y324"]},{"id":"CA-695670252558","nombre":"BOLSA DE REGALO ZIG ZAG CON MOÑO x12 ILC-Y319","categoria":"Cotillon","subcategoria":"Bolsas/Stickers/Cajitas Pochocleras/Tarjetones","precio":9114.3,"destacado":false,"descripcion":"","imagen":"assets/products/CA-695670252558.webp","tags":["bolsa","regalo","zig","zag","con","moño","x12","ilc","y319"]},{"id":"CA-643131507162","nombre":"BOLSA FAST FOOD/DELIVERY KRAFT FM5 x50u.(20x11x30cm)","categoria":"Cotillon","subcategoria":"Bolsas/Stickers/Cajitas Pochocleras/Tarjetones","precio":4051.71,"destacado":false,"descripcion":"","imagen":"assets/products/CA-643131507162.webp","tags":["bolsa","fast","food","delivery","kraft","fm5","x50u","20x11x30cm"]},{"id":"CA-202562000762","nombre":"BOLSA METALIZADA DORADA (12 x10) x1 FP0762-02","categoria":"Cotillon","subcategoria":"Bolsas/Stickers/Cajitas Pochocleras/Tarjetones","precio":9525.6,"destacado":false,"descripcion":"","imagen":"assets/products/CA-202562000762.webp","tags":["bolsa","metalizada","dorada","x10","fp0762"]},{"id":"CA-889999888912","nombre":"BOLSA METALIZADA FELIZ CUMPLEAÑOS GRANDES MODELOS SURTIDOS x10","categoria":"Cotillon","subcategoria":"Bolsas/Stickers/Cajitas Pochocleras/Tarjetones","precio":1098.11,"destacado":false,"descripcion":"","imagen":"assets/products/CA-889999888912.webp","tags":["bolsa","metalizada","feliz","cumpleaños","grandes","modelos","surtidos","x10"]},{"id":"CA-693246400304","nombre":"BOLSA METALIZADA LUNARES Y ESTRELLAS (BULTO 12x10u) ILC-Y304","categoria":"Cotillon","subcategoria":"Bolsas/Stickers/Cajitas Pochocleras/Tarjetones","precio":8803.08,"destacado":false,"descripcion":"","imagen":"assets/products/CA-693246400304.webp","tags":["bolsa","metalizada","lunares","estrellas","bulto","12x10u","ilc","y304"]},{"id":"CA-202563000762","nombre":"BOLSA METALIZADA PLATA (12X10) x1 FP0762-03","categoria":"Cotillon","subcategoria":"Bolsas/Stickers/Cajitas Pochocleras/Tarjetones","precio":9525.6,"destacado":false,"descripcion":"","imagen":"assets/products/CA-202563000762.webp","tags":["bolsa","metalizada","plata","12x10","fp0762"]},{"id":"CA-202560000762","nombre":"BOLSA METALIZADA ROSA GOLD (12X10) x1 FP0762-01","categoria":"Cotillon","subcategoria":"Bolsas/Stickers/Cajitas Pochocleras/Tarjetones","precio":9525.6,"destacado":false,"descripcion":"","imagen":"assets/products/CA-202560000762.webp","tags":["bolsa","metalizada","rosa","gold","12x10","fp0762"]},{"id":"CA-000000016410","nombre":"BOLSA MULTIUSO/CARIOCA METALIZADA  DORADA (60X50)x10u. 62","categoria":"Cotillon","subcategoria":"Complementos Para Fiestas","precio":7189.28,"destacado":false,"descripcion":"","imagen":"assets/products/CA-000000016410.webp","tags":["bolsa","multiuso","carioca","metalizada","dorada","60x50","x10u"]},{"id":"CA-000000016411","nombre":"BOLSA MULTIUSO/CARIOCA METALIZADA PLATEADA (60X50) x10u. 62","categoria":"Cotillon","subcategoria":"Complementos Para Fiestas","precio":7189.28,"destacado":false,"descripcion":"","imagen":"assets/products/CA-000000016411.webp","tags":["bolsa","multiuso","carioca","metalizada","plateada","60x50","x10u"]},{"id":"CA-000000004980","nombre":"BOLSA PARA CARIOCA GIGANTEx12u. (60x90)","categoria":"Cotillon","subcategoria":"Complementos Para Fiestas","precio":5463.76,"destacado":false,"descripcion":"* (12/12/2025)","imagen":"assets/products/CA-000000004980.webp","tags":["bolsa","para","carioca","gigantex12u","60x90"]}]}