{"category_slug":"cotillon","subcategory_slug":"","page":10,"page_size":48,"total":4091,"items":[{"id":"CA-779908802181","nombre":"BLISTER VELA LARGA METALIZADA DORADA 16 cm x 8 PS VLMDO P.S","categoria":"Cotillon","subcategoria":"Velas","precio":1582.35,"destacado":false,"descripcion":"","imagen":"assets/products/CA-779908802181.webp","tags":["blister","vela","larga","metalizada","dorada","vlmdo"]},{"id":"CA-779908802183","nombre":"BLISTER VELA LARGA METALIZADA PLATEADA 16 cm x 8 PS VLMPL","categoria":"Cotillon","subcategoria":"Velas","precio":1582.35,"destacado":false,"descripcion":"","imagen":"assets/products/CA-779908802183.webp","tags":["blister","vela","larga","metalizada","plateada","vlmpl"]},{"id":"CA-452100622363","nombre":"BLISTER VELA MAGICA LLAMA CON COLOR 6cm x6 U2411-04","categoria":"Cotillon","subcategoria":"Velas","precio":1264.9,"destacado":false,"descripcion":"","imagen":"assets/products/CA-452100622363.webp","tags":["blister","vela","magica","llama","con","color","6cm","u2411"]},{"id":"CA-691358546145","nombre":"BLISTER VELA MARGARITA COLORES PASTEL 8 cm x5 Q8-T2119-95","categoria":"Cotillon","subcategoria":"Velas","precio":1547.0,"destacado":false,"descripcion":"","imagen":"assets/products/CA-691358546145.webp","tags":["blister","vela","margarita","colores","pastel","t2119"]},{"id":"CA-692022503032","nombre":"BLISTER VELA MARGARITA METALIZADA VARIOS COLORES 7,5 cm x1 U2503-032","categoria":"Cotillon","subcategoria":"Velas","precio":591.5,"destacado":false,"descripcion":"","imagen":"assets/products/CA-692022503032.webp","tags":["blister","vela","margarita","metalizada","varios","colores","u2503","032"]},{"id":"CA-697210595012","nombre":"BLISTER VELA METALIZADA CON PORTAVELA VARIOS COLORES x 6","categoria":"Cotillon","subcategoria":"Velas","precio":600.82,"destacado":false,"descripcion":"","imagen":"assets/products/CA-697210595012.webp","tags":["blister","vela","metalizada","con","portavela","varios","colores"]},{"id":"CA-779814797596","nombre":"BLISTER VELA MIEMBRO CHICO EROTICO 9 cm x5 VS13 PS","categoria":"Cotillon","subcategoria":"Velas","precio":1582.35,"destacado":false,"descripcion":"","imagen":"assets/products/CA-779814797596.webp","tags":["blister","vela","miembro","chico","erotico","vs13"]},{"id":"CA-000000056307","nombre":"BLISTER VELA NUMERO (\"2 EN 1\") DORADA N°0 CAJA X 10 UNIDADES PS ART.VBNDO1","categoria":"Cotillon","subcategoria":"Velas","precio":16274.3,"destacado":false,"descripcion":"","imagen":"assets/products/CA-000000056307.webp","tags":["blister","vela","numero","dorada","caja","unidades","art","vbndo1"]},{"id":"CA-779908804590","nombre":"BLISTER VELA NUMERO (\"2 EN 1\") DORADA N°0 X 1 UNIDAD PS ART.VBNDO0","categoria":"Cotillon","subcategoria":"Velas","precio":1663.87,"destacado":false,"descripcion":"","imagen":"assets/products/CA-779908804590.webp","tags":["blister","vela","numero","dorada","unidad","art","vbndo0"]},{"id":"CA-000000056306","nombre":"BLISTER VELA NUMERO (\"2 EN 1\") DORADA N°1 CAJA X 10 UNIDADES PS ART.VBNDO1","categoria":"Cotillon","subcategoria":"Velas","precio":16274.3,"destacado":false,"descripcion":"","imagen":"assets/products/CA-000000056306.webp","tags":["blister","vela","numero","dorada","caja","unidades","art","vbndo1"]},{"id":"CA-779908804591","nombre":"BLISTER VELA NUMERO (\"2 EN 1\") DORADA N°1 X 1 UNIDAD PS ART.VBNDO1","categoria":"Cotillon","subcategoria":"Velas","precio":1663.87,"destacado":false,"descripcion":"","imagen":"assets/products/CA-779908804591.webp","tags":["blister","vela","numero","dorada","unidad","art","vbndo1"]},{"id":"CA-000000056308","nombre":"BLISTER VELA NUMERO (\"2 EN 1\") DORADA N°2 CAJA X 10 UNIDADES PS ART.VBNDO2","categoria":"Cotillon","subcategoria":"Velas","precio":16274.3,"destacado":false,"descripcion":"","imagen":"assets/products/CA-000000056308.webp","tags":["blister","vela","numero","dorada","caja","unidades","art","vbndo2"]},{"id":"CA-779908804592","nombre":"BLISTER VELA NUMERO (\"2 EN 1\") DORADA N°2 X 1 UNIDAD PS ART.VBNDO2","categoria":"Cotillon","subcategoria":"Velas","precio":1663.87,"destacado":false,"descripcion":"","imagen":"assets/products/CA-779908804592.webp","tags":["blister","vela","numero","dorada","unidad","art","vbndo2"]},{"id":"CA-000000056309","nombre":"BLISTER VELA NUMERO (\"2 EN 1\") DORADA N°3 CAJA X 10 UNIDADES PS ART.VBNDO2","categoria":"Cotillon","subcategoria":"Velas","precio":16274.3,"destacado":false,"descripcion":"","imagen":"assets/products/CA-000000056309.webp","tags":["blister","vela","numero","dorada","caja","unidades","art","vbndo2"]},{"id":"CA-779908804593","nombre":"BLISTER VELA NUMERO (\"2 EN 1\") DORADA N°3 X 1 UNIDAD PS ART.VBNDO3","categoria":"Cotillon","subcategoria":"Velas","precio":1663.87,"destacado":false,"descripcion":"","imagen":"assets/products/CA-779908804593.webp","tags":["blister","vela","numero","dorada","unidad","art","vbndo3"]},{"id":"CA-000000056310","nombre":"BLISTER VELA NUMERO (\"2 EN 1\") DORADA N°4 CAJA X 10 UNIDADES PS ART.VBNDO2","categoria":"Cotillon","subcategoria":"Velas","precio":16274.3,"destacado":false,"descripcion":"","imagen":"assets/products/CA-000000056310.webp","tags":["blister","vela","numero","dorada","caja","unidades","art","vbndo2"]},{"id":"CA-779908804594","nombre":"BLISTER VELA NUMERO (\"2 EN 1\") DORADA N°4 X 1 UNIDAD PS ART.VBNDO4","categoria":"Cotillon","subcategoria":"Velas","precio":1663.87,"destacado":false,"descripcion":"","imagen":"assets/products/CA-779908804594.webp","tags":["blister","vela","numero","dorada","unidad","art","vbndo4"]},{"id":"CA-000000056311","nombre":"BLISTER VELA NUMERO (\"2 EN 1\") DORADA N°5 CAJA X 10 UNIDADES PS ART.VBNDO2","categoria":"Cotillon","subcategoria":"Velas","precio":16274.3,"destacado":false,"descripcion":"","imagen":"assets/products/CA-000000056311.webp","tags":["blister","vela","numero","dorada","caja","unidades","art","vbndo2"]},{"id":"CA-779908804595","nombre":"BLISTER VELA NUMERO (\"2 EN 1\") DORADA N°5 X 1 UNIDAD PS ART.VBNDO5","categoria":"Cotillon","subcategoria":"Velas","precio":1663.87,"destacado":false,"descripcion":"","imagen":"assets/products/CA-779908804595.webp","tags":["blister","vela","numero","dorada","unidad","art","vbndo5"]},{"id":"CA-000000056312","nombre":"BLISTER VELA NUMERO (\"2 EN 1\") DORADA N°6 CAJA X 10 UNIDADES PS ART.VBNDO2","categoria":"Cotillon","subcategoria":"Velas","precio":16274.3,"destacado":false,"descripcion":"","imagen":"assets/products/CA-000000056312.webp","tags":["blister","vela","numero","dorada","caja","unidades","art","vbndo2"]},{"id":"CA-779908804596","nombre":"BLISTER VELA NUMERO (\"2 EN 1\") DORADA N°6 X 1 UNIDAD PS ART.VBNDO6","categoria":"Cotillon","subcategoria":"Velas","precio":1663.87,"destacado":false,"descripcion":"","imagen":"assets/products/CA-779908804596.webp","tags":["blister","vela","numero","dorada","unidad","art","vbndo6"]},{"id":"CA-000000056313","nombre":"BLISTER VELA NUMERO (\"2 EN 1\") DORADA N°7 CAJA X 10 UNIDADES PS ART.VBNDO2","categoria":"Cotillon","subcategoria":"Velas","precio":16274.3,"destacado":false,"descripcion":"","imagen":"assets/products/CA-000000056313.webp","tags":["blister","vela","numero","dorada","caja","unidades","art","vbndo2"]},{"id":"CA-779908804597","nombre":"BLISTER VELA NUMERO (\"2 EN 1\") DORADA N°7 X 1 UNIDAD PS ART.VBNDO7","categoria":"Cotillon","subcategoria":"Velas","precio":1534.4,"destacado":false,"descripcion":"","imagen":"assets/products/CA-779908804597.webp","tags":["blister","vela","numero","dorada","unidad","art","vbndo7"]},{"id":"CA-000000056314","nombre":"BLISTER VELA NUMERO (\"2 EN 1\") DORADA N°8 CAJA X 10 UNIDADES PS ART.VBNDO2","categoria":"Cotillon","subcategoria":"Velas","precio":16274.3,"destacado":false,"descripcion":"","imagen":"assets/products/CA-000000056314.webp","tags":["blister","vela","numero","dorada","caja","unidades","art","vbndo2"]},{"id":"CA-779908804598","nombre":"BLISTER VELA NUMERO (\"2 EN 1\") DORADA N°8 X 1 UNIDAD PS ART.VBNDO8","categoria":"Cotillon","subcategoria":"Velas","precio":1663.87,"destacado":false,"descripcion":"","imagen":"assets/products/CA-779908804598.webp","tags":["blister","vela","numero","dorada","unidad","art","vbndo8"]},{"id":"CA-000000056315","nombre":"BLISTER VELA NUMERO (\"2 EN 1\") DORADA N°9 CAJA X 10 UNIDADES PS ART.VBNDO2","categoria":"Cotillon","subcategoria":"Velas","precio":16274.3,"destacado":false,"descripcion":"","imagen":"assets/products/CA-000000056315.webp","tags":["blister","vela","numero","dorada","caja","unidades","art","vbndo2"]},{"id":"CA-779908804599","nombre":"BLISTER VELA NUMERO (\"2 EN 1\") DORADA N°9 X 1 UNIDAD PS ART.VBNDO9","categoria":"Cotillon","subcategoria":"Velas","precio":1663.87,"destacado":false,"descripcion":"","imagen":"assets/products/CA-779908804599.webp","tags":["blister","vela","numero","dorada","unidad","art","vbndo9"]},{"id":"CA-779814797607","nombre":"BLISTER VELA NUMERO BRILLITOS CELESTE Nº0 x1 VNGCE0","categoria":"Cotillon","subcategoria":"Velas","precio":791.18,"destacado":false,"descripcion":"","imagen":"assets/products/CA-779814797607.webp","tags":["blister","vela","numero","brillitos","celeste","nº0","vngce0"]},{"id":"CA-779814797608","nombre":"BLISTER VELA NUMERO BRILLITOS CELESTE Nº1 x1 VNGCE1","categoria":"Cotillon","subcategoria":"Velas","precio":791.18,"destacado":false,"descripcion":"","imagen":"assets/products/CA-779814797608.webp","tags":["blister","vela","numero","brillitos","celeste","nº1","vngce1"]},{"id":"CA-779814797609","nombre":"BLISTER VELA NUMERO BRILLITOS CELESTE Nº2 x1 VNGCE2","categoria":"Cotillon","subcategoria":"Velas","precio":791.18,"destacado":false,"descripcion":"","imagen":"assets/products/CA-779814797609.webp","tags":["blister","vela","numero","brillitos","celeste","nº2","vngce2"]},{"id":"CA-779814797610","nombre":"BLISTER VELA NUMERO BRILLITOS CELESTE Nº3 x1 VNGCE3","categoria":"Cotillon","subcategoria":"Velas","precio":791.18,"destacado":false,"descripcion":"","imagen":"assets/products/CA-779814797610.webp","tags":["blister","vela","numero","brillitos","celeste","nº3","vngce3"]},{"id":"CA-779814797611","nombre":"BLISTER VELA NUMERO BRILLITOS CELESTE Nº4 x1 VNGCE4","categoria":"Cotillon","subcategoria":"Velas","precio":791.18,"destacado":false,"descripcion":"","imagen":"assets/products/CA-779814797611.webp","tags":["blister","vela","numero","brillitos","celeste","nº4","vngce4"]},{"id":"CA-779814797612","nombre":"BLISTER VELA NUMERO BRILLITOS CELESTE Nº5 x1 VNGCE5","categoria":"Cotillon","subcategoria":"Velas","precio":791.18,"destacado":false,"descripcion":"","imagen":"assets/products/CA-779814797612.webp","tags":["blister","vela","numero","brillitos","celeste","nº5","vngce5"]},{"id":"CA-779814797613","nombre":"BLISTER VELA NUMERO BRILLITOS CELESTE Nº6 x1 VNGCE6","categoria":"Cotillon","subcategoria":"Velas","precio":791.18,"destacado":false,"descripcion":"","imagen":"assets/products/CA-779814797613.webp","tags":["blister","vela","numero","brillitos","celeste","nº6","vngce6"]},{"id":"CA-779814797614","nombre":"BLISTER VELA NUMERO BRILLITOS CELESTE Nº7 x1 VNGCE7","categoria":"Cotillon","subcategoria":"Velas","precio":791.18,"destacado":false,"descripcion":"","imagen":"assets/products/CA-779814797614.webp","tags":["blister","vela","numero","brillitos","celeste","nº7","vngce7"]},{"id":"CA-779814797615","nombre":"BLISTER VELA NUMERO BRILLITOS CELESTE Nº8 x1 VNGCE8","categoria":"Cotillon","subcategoria":"Velas","precio":791.18,"destacado":false,"descripcion":"","imagen":"assets/products/CA-779814797615.webp","tags":["blister","vela","numero","brillitos","celeste","nº8","vngce8"]},{"id":"CA-779814797616","nombre":"BLISTER VELA NUMERO BRILLITOS CELESTE Nº9 x1 VNGCE9","categoria":"Cotillon","subcategoria":"Velas","precio":791.18,"destacado":false,"descripcion":"","imagen":"assets/products/CA-779814797616.webp","tags":["blister","vela","numero","brillitos","celeste","nº9","vngce9"]},{"id":"CA-779814797597","nombre":"BLISTER VELA NUMERO BRILLITOS ROSA Nº0 x1 VNGRS0","categoria":"Cotillon","subcategoria":"Velas","precio":791.18,"destacado":false,"descripcion":"","imagen":"assets/products/CA-779814797597.webp","tags":["blister","vela","numero","brillitos","rosa","nº0","vngrs0"]},{"id":"CA-779814797598","nombre":"BLISTER VELA NUMERO BRILLITOS ROSA Nº1 x1 VNGRS1","categoria":"Cotillon","subcategoria":"Velas","precio":791.18,"destacado":false,"descripcion":"","imagen":"assets/products/CA-779814797598.webp","tags":["blister","vela","numero","brillitos","rosa","nº1","vngrs1"]},{"id":"CA-779814797599","nombre":"BLISTER VELA NUMERO BRILLITOS ROSA Nº2 x1 VNGRS2","categoria":"Cotillon","subcategoria":"Velas","precio":791.18,"destacado":false,"descripcion":"","imagen":"assets/products/CA-779814797599.webp","tags":["blister","vela","numero","brillitos","rosa","nº2","vngrs2"]},{"id":"CA-779814797600","nombre":"BLISTER VELA NUMERO BRILLITOS ROSA Nº3 x1 VNGRS3","categoria":"Cotillon","subcategoria":"Velas","precio":791.18,"destacado":false,"descripcion":"","imagen":"assets/products/CA-779814797600.webp","tags":["blister","vela","numero","brillitos","rosa","nº3","vngrs3"]},{"id":"CA-779814797601","nombre":"BLISTER VELA NUMERO BRILLITOS ROSA Nº4 x1 VNGRS4","categoria":"Cotillon","subcategoria":"Velas","precio":791.18,"destacado":false,"descripcion":"","imagen":"assets/products/CA-779814797601.webp","tags":["blister","vela","numero","brillitos","rosa","nº4","vngrs4"]},{"id":"CA-779814797602","nombre":"BLISTER VELA NUMERO BRILLITOS ROSA Nº5 x1 VNGRS5","categoria":"Cotillon","subcategoria":"Velas","precio":791.18,"destacado":false,"descripcion":"","imagen":"assets/products/CA-779814797602.webp","tags":["blister","vela","numero","brillitos","rosa","nº5","vngrs5"]},{"id":"CA-779814797603","nombre":"BLISTER VELA NUMERO BRILLITOS ROSA Nº6 x1 VNGRS6","categoria":"Cotillon","subcategoria":"Velas","precio":791.18,"destacado":false,"descripcion":"","imagen":"assets/products/CA-779814797603.webp","tags":["blister","vela","numero","brillitos","rosa","nº6","vngrs6"]},{"id":"CA-779814797604","nombre":"BLISTER VELA NUMERO BRILLITOS ROSA Nº7 x1 VNGRS7","categoria":"Cotillon","subcategoria":"Velas","precio":791.18,"destacado":false,"descripcion":"","imagen":"assets/products/CA-779814797604.webp","tags":["blister","vela","numero","brillitos","rosa","nº7","vngrs7"]},{"id":"CA-779814797605","nombre":"BLISTER VELA NUMERO BRILLITOS ROSA Nº8 x1 VNGRS8","categoria":"Cotillon","subcategoria":"Velas","precio":791.18,"destacado":false,"descripcion":"","imagen":"assets/products/CA-779814797605.webp","tags":["blister","vela","numero","brillitos","rosa","nº8","vngrs8"]},{"id":"CA-779814797606","nombre":"BLISTER VELA NUMERO BRILLITOS ROSA Nº9 x1 VNGRS9","categoria":"Cotillon","subcategoria":"Velas","precio":791.18,"destacado":false,"descripcion":"","imagen":"assets/products/CA-779814797606.webp","tags":["blister","vela","numero","brillitos","rosa","nº9","vngrs9"]},{"id":"CA-202489875012","nombre":"BLISTER VELA NUMERO GLOBITO METALIZADA ORO N°0 CAJA X 12 UNIDADES ART. 89875","categoria":"Cotillon","subcategoria":"Velas","precio":6739.2,"destacado":false,"descripcion":"","imagen":"assets/products/CA-202489875012.webp","tags":["blister","vela","numero","globito","metalizada","oro","caja","unidades","art","89875"]}]}