{"category_slug":"cotillon","subcategory_slug":"","page":29,"page_size":48,"total":4091,"items":[{"id":"CA-782188034501","nombre":"CORTINA METALIZADA CUADRADITOS VARIOS COLORES 1x2mt x12 ILC345","categoria":"Cotillon","subcategoria":"Banderines/Cortinas/Afiches/Colgantes","precio":10017.39,"destacado":false,"descripcion":"","imagen":"assets/products/CA-782188034501.webp","tags":["cortina","metalizada","cuadraditos","varios","colores","1x2mt","x12","ilc345"]},{"id":"CA-246487946544","nombre":"CORTINA METALIZADA CUADRADOS CHICOS VARIOS COLORES x10 1.00mx2.00mts SU-109","categoria":"Cotillon","subcategoria":"Banderines/Cortinas/Afiches/Colgantes","precio":10091.25,"destacado":false,"descripcion":"","imagen":"assets/products/CA-246487946544.webp","tags":["cortina","metalizada","cuadrados","chicos","varios","colores","x10","00mx2","00mts","109"]},{"id":"CA-690000000108","nombre":"CORTINA METALIZADA CUADRADOS GRANDES VARIOS COLORES x10 1.00mx2.00mts SU-108","categoria":"Cotillon","subcategoria":"Banderines/Cortinas/Afiches/Colgantes","precio":10091.25,"destacado":false,"descripcion":"","imagen":"assets/products/CA-690000000108.webp","tags":["cortina","metalizada","cuadrados","grandes","varios","colores","x10","00mx2","00mts","108"]},{"id":"CA-202566000635","nombre":"CORTINA METALIZADA CUADROS PLATA Y NEGRO x1 FP635-06","categoria":"Cotillon","subcategoria":"Banderines/Cortinas/Afiches/Colgantes","precio":1230.39,"destacado":false,"descripcion":"","imagen":"assets/products/CA-202566000635.webp","tags":["cortina","metalizada","cuadros","plata","negro","fp635"]},{"id":"CA-690000001965","nombre":"CORTINA METALIZADA DORADA (1.00 x2.00 mts) x1 U19-65","categoria":"Cotillon","subcategoria":"Banderines/Cortinas/Afiches/Colgantes","precio":684.45,"destacado":false,"descripcion":"","imagen":"assets/products/CA-690000001965.webp","tags":["cortina","metalizada","dorada","mts","u19"]},{"id":"CA-698062640338","nombre":"CORTINA METALIZADA DORADA 90x180cm x12 ILC338","categoria":"Cotillon","subcategoria":"Banderines/Cortinas/Afiches/Colgantes","precio":6692.4,"destacado":false,"descripcion":"NUEVO 09/12/2025","imagen":"assets/products/CA-698062640338.webp","tags":["cortina","metalizada","dorada","90x180cm","x12","ilc338"]},{"id":"CA-202565000635","nombre":"CORTINA METALIZADA FELICIDADES GRADUADO x1 FP635-02","categoria":"Cotillon","subcategoria":"Complementos Para Fiestas","precio":1230.39,"destacado":false,"descripcion":"","imagen":"assets/products/CA-202565000635.webp","tags":["cortina","metalizada","felicidades","graduado","fp635"]},{"id":"CA-692024581809","nombre":"CORTINA METALIZADA FUCSIA (1.00 x2.00 mt) x1 MM18-01","categoria":"Cotillon","subcategoria":"Banderines/Cortinas/Afiches/Colgantes","precio":772.07,"destacado":false,"descripcion":"* (19/12/2025)","imagen":"assets/products/CA-692024581809.webp","tags":["cortina","metalizada","fucsia","mm18"]},{"id":"CA-690000041965","nombre":"CORTINA METALIZADA FUCSIA (1.00 x2.00 mts) x1  U19-65","categoria":"Cotillon","subcategoria":"Banderines/Cortinas/Afiches/Colgantes","precio":684.45,"destacado":false,"descripcion":"","imagen":"assets/products/CA-690000041965.webp","tags":["cortina","metalizada","fucsia","mts","u19"]},{"id":"CA-000000058094","nombre":"CORTINA METALIZADA FUCSIA (1.00 x2.00 mts) x1 U19-65","categoria":"Cotillon","subcategoria":"Banderines/Cortinas/Afiches/Colgantes","precio":684.45,"destacado":false,"descripcion":"","imagen":"assets/products/CA-000000058094.webp","tags":["cortina","metalizada","fucsia","mts","u19"]},{"id":"CA-698062640342","nombre":"CORTINA METALIZADA FUCSIA 90x180cm x12 ILC342","categoria":"Cotillon","subcategoria":"Banderines/Cortinas/Afiches/Colgantes","precio":6692.4,"destacado":false,"descripcion":"NUEVO 09/12/2025","imagen":"assets/products/CA-698062640342.webp","tags":["cortina","metalizada","fucsia","90x180cm","x12","ilc342"]},{"id":"CA-000000055930","nombre":"CORTINA METALIZADA HOJITAS VERDE (1.00 x2.00 mts) x1 U24-0704/BH91","categoria":"Cotillon","subcategoria":"Banderines/Cortinas/Afiches/Colgantes","precio":2249.25,"destacado":false,"descripcion":"","imagen":"assets/products/CA-000000055930.webp","tags":["cortina","metalizada","hojitas","verde","mts","u24","0704","bh91"]},{"id":"CA-690000051965","nombre":"CORTINA METALIZADA LILA (1.00 x2.00 mts) x1 U19-65","categoria":"Cotillon","subcategoria":"Banderines/Cortinas/Afiches/Colgantes","precio":684.45,"destacado":false,"descripcion":"","imagen":"assets/products/CA-690000051965.webp","tags":["cortina","metalizada","lila","mts","u19"]},{"id":"CA-690000061965","nombre":"CORTINA METALIZADA NEGRA (1.00 x2.00 mts) x1 U19-65","categoria":"Cotillon","subcategoria":"Banderines/Cortinas/Afiches/Colgantes","precio":684.45,"destacado":false,"descripcion":"","imagen":"assets/products/CA-690000061965.webp","tags":["cortina","metalizada","negra","mts","u19"]},{"id":"CA-698062640340","nombre":"CORTINA METALIZADA NEGRO 90x180cm x12 ILC340","categoria":"Cotillon","subcategoria":"Banderines/Cortinas/Afiches/Colgantes","precio":6692.4,"destacado":false,"descripcion":"NUEVO 09/12/2025","imagen":"assets/products/CA-698062640340.webp","tags":["cortina","metalizada","negro","90x180cm","x12","ilc340"]},{"id":"CA-698062640337","nombre":"CORTINA METALIZADA PLATA 90x180cm x12 ILC337","categoria":"Cotillon","subcategoria":"Banderines/Cortinas/Afiches/Colgantes","precio":6692.4,"destacado":false,"descripcion":"NUEVO 09/12/2025","imagen":"assets/products/CA-698062640337.webp","tags":["cortina","metalizada","plata","90x180cm","x12","ilc337"]},{"id":"CA-690000071965","nombre":"CORTINA METALIZADA PLATEADA (1.00 x2.00 mts) x1 U19-65","categoria":"Cotillon","subcategoria":"Banderines/Cortinas/Afiches/Colgantes","precio":684.45,"destacado":false,"descripcion":"","imagen":"assets/products/CA-690000071965.webp","tags":["cortina","metalizada","plateada","mts","u19"]},{"id":"CA-690000081965","nombre":"CORTINA METALIZADA ROJA (1.00 x2.00 mts) x1 U19-65","categoria":"Cotillon","subcategoria":"Banderines/Cortinas/Afiches/Colgantes","precio":684.45,"destacado":false,"descripcion":"","imagen":"assets/products/CA-690000081965.webp","tags":["cortina","metalizada","roja","mts","u19"]},{"id":"CA-698062640343","nombre":"CORTINA METALIZADA ROJO 90x180cm x12 ILC343","categoria":"Cotillon","subcategoria":"Banderines/Cortinas/Afiches/Colgantes","precio":6692.4,"destacado":false,"descripcion":"NUEVO 09/12/2025","imagen":"assets/products/CA-698062640343.webp","tags":["cortina","metalizada","rojo","90x180cm","x12","ilc343"]},{"id":"CA-692024581811","nombre":"CORTINA METALIZADA ROSA (1.00 x2.00 mt) x1 MM18-01","categoria":"Cotillon","subcategoria":"Banderines/Cortinas/Afiches/Colgantes","precio":772.07,"destacado":false,"descripcion":"* (19/12/2025)","imagen":"assets/products/CA-692024581811.webp","tags":["cortina","metalizada","rosa","mm18"]},{"id":"CA-698062640345","nombre":"CORTINA METALIZADA ROSA 90x180cm x12 ILC345","categoria":"Cotillon","subcategoria":"Banderines/Cortinas/Afiches/Colgantes","precio":6692.4,"destacado":false,"descripcion":"NUEVO 09/12/2025","imagen":"assets/products/CA-698062640345.webp","tags":["cortina","metalizada","rosa","90x180cm","x12","ilc345"]},{"id":"CA-692024581813","nombre":"CORTINA METALIZADA ROSA GOLD (1.00 x2.00 mt) x1 MM18-01","categoria":"Cotillon","subcategoria":"Banderines/Cortinas/Afiches/Colgantes","precio":772.07,"destacado":false,"descripcion":"* (19/12/2025)","imagen":"assets/products/CA-692024581813.webp","tags":["cortina","metalizada","rosa","gold","mm18"]},{"id":"CA-690000101965","nombre":"CORTINA METALIZADA ROSA GOLD (1.00 x2.00 mts) x1 U19-65","categoria":"Cotillon","subcategoria":"Banderines/Cortinas/Afiches/Colgantes","precio":684.45,"destacado":false,"descripcion":"","imagen":"assets/products/CA-690000101965.webp","tags":["cortina","metalizada","rosa","gold","mts","u19"]},{"id":"CA-698062640339","nombre":"CORTINA METALIZADA ROSA GOLD 90x180cm x12 ILC339","categoria":"Cotillon","subcategoria":"Banderines/Cortinas/Afiches/Colgantes","precio":6692.4,"destacado":false,"descripcion":"NUEVO 09/12/2025","imagen":"assets/products/CA-698062640339.webp","tags":["cortina","metalizada","rosa","gold","90x180cm","x12","ilc339"]},{"id":"CA-202560001050","nombre":"CORTINA METALIZADA SMILE PLATEADA x1 FP1050-02","categoria":"Cotillon","subcategoria":"Complementos Para Fiestas","precio":2548.98,"destacado":false,"descripcion":"","imagen":"assets/products/CA-202560001050.webp","tags":["cortina","metalizada","smile","plateada","fp1050"]},{"id":"CA-000000055051","nombre":"CORTINA METALIZADA TRIANGULOS MULTICOLOR x1 1.00mX2.00mts","categoria":"Cotillon","subcategoria":"Banderines/Cortinas/Afiches/Colgantes","precio":888.12,"destacado":false,"descripcion":"","imagen":"assets/products/CA-000000055051.webp","tags":["cortina","metalizada","triangulos","multicolor","00mx2","00mts"]},{"id":"CA-698062640344","nombre":"CORTINA METALIZADA TURQUESA 90x180cm x12 ILC344","categoria":"Cotillon","subcategoria":"Banderines/Cortinas/Afiches/Colgantes","precio":6692.4,"destacado":false,"descripcion":"NUEVO 09/12/2025","imagen":"assets/products/CA-698062640344.webp","tags":["cortina","metalizada","turquesa","90x180cm","x12","ilc344"]},{"id":"CA-779813203870","nombre":"CORTINA METALIZADA VARIOS COLORES ( 2.00 x1.00 mts ) x1 203870","categoria":"Cotillon","subcategoria":"Banderines/Cortinas/Afiches/Colgantes","precio":1249.75,"destacado":false,"descripcion":"","imagen":"assets/products/CA-779813203870.webp","tags":["cortina","metalizada","varios","colores","mts","203870"]},{"id":"CA-692024581804","nombre":"CORTINA METALIZADA VERDE (1.00 x2.00 mt) x1 MM18-01","categoria":"Cotillon","subcategoria":"Banderines/Cortinas/Afiches/Colgantes","precio":772.07,"destacado":false,"descripcion":"* (19/12/2025)","imagen":"assets/products/CA-692024581804.webp","tags":["cortina","metalizada","verde","mm18"]},{"id":"CA-690000111965","nombre":"CORTINA METALIZADA VERDE (1.00 x2.00 mts) x1 U19-65","categoria":"Cotillon","subcategoria":"Banderines/Cortinas/Afiches/Colgantes","precio":684.45,"destacado":false,"descripcion":"","imagen":"assets/products/CA-690000111965.webp","tags":["cortina","metalizada","verde","mts","u19"]},{"id":"CA-698062640346","nombre":"CORTINA METALIZADA VERDE 90x180cm x12 ILC346","categoria":"Cotillon","subcategoria":"Banderines/Cortinas/Afiches/Colgantes","precio":6692.4,"destacado":false,"descripcion":"NUEVO 09/12/2025","imagen":"assets/products/CA-698062640346.webp","tags":["cortina","metalizada","verde","90x180cm","x12","ilc346"]},{"id":"CA-000000058095","nombre":"CORTINA METALIZADA VERDE MANZANA (1.00 x2.00 mts) x1 U19-65","categoria":"Cotillon","subcategoria":"Banderines/Cortinas/Afiches/Colgantes","precio":684.45,"destacado":false,"descripcion":"","imagen":"assets/products/CA-000000058095.webp","tags":["cortina","metalizada","verde","manzana","mts","u19"]},{"id":"CA-692024581814","nombre":"CORTINA METALIZADA VIOLETA (1.00 x2.00 mt) x1 MM18-01","categoria":"Cotillon","subcategoria":"Banderines/Cortinas/Afiches/Colgantes","precio":772.07,"destacado":false,"descripcion":"* (19/12/2025)","imagen":"assets/products/CA-692024581814.webp","tags":["cortina","metalizada","violeta","mm18"]},{"id":"CA-690000121965","nombre":"CORTINA METALIZADA VIOLETA (1.00 x2.00 mts)x1 U19-65","categoria":"Cotillon","subcategoria":"Banderines/Cortinas/Afiches/Colgantes","precio":684.45,"destacado":false,"descripcion":"","imagen":"assets/products/CA-690000121965.webp","tags":["cortina","metalizada","violeta","mts","u19"]},{"id":"CA-698062640347","nombre":"CORTINA METALIZADA VIOLETA 90x180cm x12 ILC347","categoria":"Cotillon","subcategoria":"Banderines/Cortinas/Afiches/Colgantes","precio":6692.4,"destacado":false,"descripcion":"NUEVO 09/12/2025","imagen":"assets/products/CA-698062640347.webp","tags":["cortina","metalizada","violeta","90x180cm","x12","ilc347"]},{"id":"CA-609819417250","nombre":"CORTINA OVNI CUADRADITOS CORAZONES ROJA ( 2.00 x1.00 mts ) x1 72508","categoria":"Cotillon","subcategoria":"Banderines/Cortinas/Afiches/Colgantes","precio":1293.0,"destacado":false,"descripcion":"","imagen":"assets/products/CA-609819417250.webp","tags":["cortina","ovni","cuadraditos","corazones","roja","mts","72508"]},{"id":"CA-609819417248","nombre":"CORTINA OVNI CUADRADITOS DORADA HOLOGRAFICA ( 2.00 x1.00 mts ) x1 72485","categoria":"Cotillon","subcategoria":"Banderines/Cortinas/Afiches/Colgantes","precio":1293.0,"destacado":false,"descripcion":"","imagen":"assets/products/CA-609819417248.webp","tags":["cortina","ovni","cuadraditos","dorada","holografica","mts","72485"]},{"id":"CA-609819417249","nombre":"CORTINA OVNI CUADRADITOS ESTRELLAS MULTICOLOR ( 2.00 x1.00 mts ) x1 72492","categoria":"Cotillon","subcategoria":"Banderines/Cortinas/Afiches/Colgantes","precio":1293.0,"destacado":false,"descripcion":"","imagen":"assets/products/CA-609819417249.webp","tags":["cortina","ovni","cuadraditos","estrellas","multicolor","mts","72492"]},{"id":"CA-609819417251","nombre":"CORTINA OVNI CUADRADITOS IRIDISCENTE ( 2.00 x1.00 mts ) x1 72515","categoria":"Cotillon","subcategoria":"Banderines/Cortinas/Afiches/Colgantes","precio":2456.86,"destacado":false,"descripcion":"","imagen":"assets/products/CA-609819417251.webp","tags":["cortina","ovni","cuadraditos","iridiscente","mts","72515"]},{"id":"CA-609819417245","nombre":"CORTINA OVNI CUADRADITOS NEGRA HOLOGRAFICA ( 2.00 x1.00 mts ) x1 72454","categoria":"Cotillon","subcategoria":"Banderines/Cortinas/Afiches/Colgantes","precio":1293.0,"destacado":false,"descripcion":"","imagen":"assets/products/CA-609819417245.webp","tags":["cortina","ovni","cuadraditos","negra","holografica","mts","72454"]},{"id":"CA-609819417247","nombre":"CORTINA OVNI CUADRADITOS PLATA  HOLOGRAFICA ( 2.00 x1.00 mts ) x1 72478","categoria":"Cotillon","subcategoria":"Banderines/Cortinas/Afiches/Colgantes","precio":1293.0,"destacado":false,"descripcion":"","imagen":"assets/products/CA-609819417247.webp","tags":["cortina","ovni","cuadraditos","plata","holografica","mts","72478"]},{"id":"CA-609819417246","nombre":"CORTINA OVNI CUADRADITOS ROSA GOLD HOLOGRAFICA ( 2.00 x1.00 mts ) x1 72461","categoria":"Cotillon","subcategoria":"Banderines/Cortinas/Afiches/Colgantes","precio":1293.0,"destacado":false,"descripcion":"","imagen":"assets/products/CA-609819417246.webp","tags":["cortina","ovni","cuadraditos","rosa","gold","holografica","mts","72461"]},{"id":"CA-779819415607","nombre":"CORTINA OVNI HOLOGRAFICA AZUL ( 2.00 x1.00 mts )  x1 56070","categoria":"Cotillon","subcategoria":"Banderines/Cortinas/Afiches/Colgantes","precio":1665.47,"destacado":false,"descripcion":"","imagen":"assets/products/CA-779819415607.webp","tags":["cortina","ovni","holografica","azul","mts","56070"]},{"id":"CA-779819415194","nombre":"CORTINA OVNI HOLOGRAFICA FUCSIA ( 2.00 x1.00 mts ) x1 51945","categoria":"Cotillon","subcategoria":"Banderines/Cortinas/Afiches/Colgantes","precio":1665.47,"destacado":false,"descripcion":"","imagen":"assets/products/CA-779819415194.webp","tags":["cortina","ovni","holografica","fucsia","mts","51945"]},{"id":"CA-779819415295","nombre":"CORTINA OVNI HOLOGRAFICA NEGRA ( 2.00 x1.00 mts ) x1 52959","categoria":"Cotillon","subcategoria":"Banderines/Cortinas/Afiches/Colgantes","precio":1665.47,"destacado":false,"descripcion":"","imagen":"assets/products/CA-779819415295.webp","tags":["cortina","ovni","holografica","negra","mts","52959"]},{"id":"CA-779819415294","nombre":"CORTINA OVNI HOLOGRAFICA ORO FINA ( 2.00 x1.00 mts ) x1 52942","categoria":"Cotillon","subcategoria":"Banderines/Cortinas/Afiches/Colgantes","precio":1665.47,"destacado":false,"descripcion":"","imagen":"assets/products/CA-779819415294.webp","tags":["cortina","ovni","holografica","oro","fina","mts","52942"]},{"id":"CA-779819415055","nombre":"CORTINA OVNI HOLOGRAFICA PLATEADA ( 2.00 x1.00 mts )  x1 50559","categoria":"Cotillon","subcategoria":"Banderines/Cortinas/Afiches/Colgantes","precio":1665.47,"destacado":false,"descripcion":"","imagen":"assets/products/CA-779819415055.webp","tags":["cortina","ovni","holografica","plateada","mts","50559"]},{"id":"CA-779819415296","nombre":"CORTINA OVNI HOLOGRAFICA PURPURA ( 2.00 x1.00 mts ) x1 52966","categoria":"Cotillon","subcategoria":"Banderines/Cortinas/Afiches/Colgantes","precio":1665.47,"destacado":false,"descripcion":"","imagen":"assets/products/CA-779819415296.webp","tags":["cortina","ovni","holografica","purpura","mts","52966"]}]}