{"category_slug":"cotillon","subcategory_slug":"","page":77,"page_size":48,"total":4091,"items":[{"id":"CA-000000056942","nombre":"STICKERS EN PLANCHA KITTY (10 planchas x 9 stickers)","categoria":"Cotillon","subcategoria":"Bolsas/Stickers/Cajitas Pochocleras/Tarjetones","precio":3220.0,"destacado":false,"descripcion":"","imagen":"assets/products/CA-000000056942.webp","tags":["stickers","plancha","kitty","planchas","stickers"]},{"id":"CA-000000056940","nombre":"STICKERS EN PLANCHA KUROMI Y MELODY (10 planchas x 9 stickers)","categoria":"Cotillon","subcategoria":"Bolsas/Stickers/Cajitas Pochocleras/Tarjetones","precio":3220.0,"destacado":false,"descripcion":"","imagen":"assets/products/CA-000000056940.webp","tags":["stickers","plancha","kuromi","melody","planchas","stickers"]},{"id":"CA-000000056937","nombre":"STICKERS EN PLANCHA LABUBU (10 planchas x 9 stickers)","categoria":"Cotillon","subcategoria":"Bolsas/Stickers/Cajitas Pochocleras/Tarjetones","precio":3220.0,"destacado":false,"descripcion":"","imagen":"assets/products/CA-000000056937.webp","tags":["stickers","plancha","labubu","planchas","stickers"]},{"id":"CA-000000056946","nombre":"STICKERS EN PLANCHA MINNIE (10 planchas x 9 stickers)","categoria":"Cotillon","subcategoria":"Bolsas/Stickers/Cajitas Pochocleras/Tarjetones","precio":3220.0,"destacado":false,"descripcion":"","imagen":"assets/products/CA-000000056946.webp","tags":["stickers","plancha","minnie","planchas","stickers"]},{"id":"CA-000000056945","nombre":"STICKERS EN PLANCHA RIVER (10 planchas x 9 stickers)","categoria":"Cotillon","subcategoria":"Bolsas/Stickers/Cajitas Pochocleras/Tarjetones","precio":3220.0,"destacado":false,"descripcion":"","imagen":"assets/products/CA-000000056945.webp","tags":["stickers","plancha","river","planchas","stickers"]},{"id":"CA-000000056951","nombre":"STICKERS EN PLANCHA SELECCION ARGENTINA (10 planchas x 9 stickers)","categoria":"Cotillon","subcategoria":"Bolsas/Stickers/Cajitas Pochocleras/Tarjetones","precio":3220.0,"destacado":false,"descripcion":"","imagen":"assets/products/CA-000000056951.webp","tags":["stickers","plancha","seleccion","argentina","planchas","stickers"]},{"id":"CA-000000056941","nombre":"STICKERS EN PLANCHA STITCH (10 planchas x 9 stickers)","categoria":"Cotillon","subcategoria":"Bolsas/Stickers/Cajitas Pochocleras/Tarjetones","precio":3220.0,"destacado":false,"descripcion":"","imagen":"assets/products/CA-000000056941.webp","tags":["stickers","plancha","stitch","planchas","stickers"]},{"id":"CA-000000045074","nombre":"STICKERS TRANSPARENTE FELICES PASCUAS GRANDES (5 planchas x 6 stickers) TOP C","categoria":"Cotillon","subcategoria":"Bolsas/Stickers/Cajitas Pochocleras/Tarjetones","precio":3360.0,"destacado":false,"descripcion":"","imagen":"assets/products/CA-000000045074.webp","tags":["stickers","transparente","felices","pascuas","grandes","planchas","stickers","top"]},{"id":"CA-000000045073","nombre":"STICKERS TRANSPARENTE FELICES PASCUAS MEDIANOS (5 planchas x 12 stickers) TOP C","categoria":"Cotillon","subcategoria":"Bolsas/Stickers/Cajitas Pochocleras/Tarjetones","precio":3080.0,"destacado":false,"descripcion":"","imagen":"assets/products/CA-000000045073.webp","tags":["stickers","transparente","felices","pascuas","medianos","planchas","stickers","top"]},{"id":"CA-692924190418","nombre":"STRASS AUTOADHESIVOS TIRAS VARIOS COLORES X12 YW19-418","categoria":"Cotillon","subcategoria":"Maquillaje / Adhesivo Artistico","precio":14583.34,"destacado":false,"descripcion":"","imagen":"assets/products/CA-692924190418.webp","tags":["strass","autoadhesivos","tiras","varios","colores","x12","yw19","418"]},{"id":"CA-693632411210","nombre":"TAZOS SPORT COLOR x50 U2411-210","categoria":"Cotillon","subcategoria":"Miniaturas / Juguetitos / Regalitos","precio":6461.0,"destacado":false,"descripcion":"","imagen":"assets/products/CA-693632411210.webp","tags":["tazos","sport","color","x50","u2411","210"]},{"id":"CA-202560000908","nombre":"TIARA BRIDE DORADA METAL CON STRASS X1 FP0908","categoria":"Cotillon","subcategoria":"Coronas / Tiaras / Cetros / Varitas","precio":3611.79,"destacado":false,"descripcion":"","imagen":"assets/products/CA-202560000908.webp","tags":["tiara","bride","dorada","metal","con","strass","fp0908"]},{"id":"CA-803410700500","nombre":"TIARA CON STRASS PLATEADA x1 VARIOS MODELOS YJ0627","categoria":"Cotillon","subcategoria":"Coronas / Tiaras / Cetros / Varitas","precio":1275.75,"destacado":false,"descripcion":"","imagen":"assets/products/CA-803410700500.webp","tags":["tiara","con","strass","plateada","varios","modelos","yj0627"]},{"id":"CA-000000058254","nombre":"TIARA CON STRASS PLATEADA/DORADA/ROSA GOLD x1","categoria":"Cotillon","subcategoria":"Coronas / Tiaras / Cetros / Varitas","precio":2100.0,"destacado":false,"descripcion":"","imagen":"assets/products/CA-000000058254.webp","tags":["tiara","con","strass","plateada","dorada","rosa","gold"]},{"id":"CA-694057483004","nombre":"TIARA CON STRASS Y GEMAS PLATEADA x1 GY-1514","categoria":"Cotillon","subcategoria":"Coronas / Tiaras / Cetros / Varitas","precio":4136.54,"destacado":false,"descripcion":"","imagen":"assets/products/CA-694057483004.webp","tags":["tiara","con","strass","gemas","plateada","1514"]},{"id":"CA-803410700599","nombre":"TIARA PLATEADA PARA ARMAR CENTRO CORAZON x12 YJ0726","categoria":"Cotillon","subcategoria":"Coronas / Tiaras / Cetros / Varitas","precio":13122.0,"destacado":false,"descripcion":"","imagen":"assets/products/CA-803410700599.webp","tags":["tiara","plateada","para","armar","centro","corazon","x12","yj0726"]},{"id":"CA-000000058609","nombre":"TIARA PRINCESA CON CORONITA DORADA x1 FP0233","categoria":"Cotillon","subcategoria":"Coronas / Tiaras / Cetros / Varitas","precio":2800.0,"destacado":false,"descripcion":"NUEVO 18/12/2025","imagen":"assets/products/CA-000000058609.webp","tags":["tiara","princesa","con","coronita","dorada","fp0233"]},{"id":"CA-000000058608","nombre":"TIARA PRINCESA CON CORONITA PLATA x1 FP0233","categoria":"Cotillon","subcategoria":"Coronas / Tiaras / Cetros / Varitas","precio":2800.0,"destacado":false,"descripcion":"NUEVO 18/12/2025","imagen":"assets/products/CA-000000058608.webp","tags":["tiara","princesa","con","coronita","plata","fp0233"]},{"id":"CA-202560000233","nombre":"TIARA PRINCESA CON CORONITA PLATA/DORADO x6 FP0233","categoria":"Cotillon","subcategoria":"Coronas / Tiaras / Cetros / Varitas","precio":16800.0,"destacado":false,"descripcion":"","imagen":"assets/products/CA-202560000233.webp","tags":["tiara","princesa","con","coronita","plata","dorado","fp0233"]},{"id":"CA-803410700505","nombre":"TIARA PRINCESA CON GEMAS PLATEADA PLASTICA SURTIDAS x12 YJ0632","categoria":"Cotillon","subcategoria":"Coronas / Tiaras / Cetros / Varitas","precio":6561.0,"destacado":false,"descripcion":"","imagen":"assets/products/CA-803410700505.webp","tags":["tiara","princesa","con","gemas","plateada","plastica","surtidas","x12","yj0632"]},{"id":"CA-202560000909","nombre":"TIARA PRINCESA METAL CON STRASS X1 FP0909","categoria":"Cotillon","subcategoria":"Coronas / Tiaras / Cetros / Varitas","precio":4599.63,"destacado":false,"descripcion":"","imagen":"assets/products/CA-202560000909.webp","tags":["tiara","princesa","metal","con","strass","fp0909"]},{"id":"CA-202569900741","nombre":"TIARA PRINCESA METAL DORADA ECONOMICA X1 DC741","categoria":"Cotillon","subcategoria":"Coronas / Tiaras / Cetros / Varitas","precio":1204.0,"destacado":false,"descripcion":"","imagen":"assets/products/CA-202569900741.webp","tags":["tiara","princesa","metal","dorada","economica","dc741"]},{"id":"CA-202569900432","nombre":"TIARA PRINCESA PLATEADA METAL CON STRASS X1 DC432","categoria":"Cotillon","subcategoria":"Coronas / Tiaras / Cetros / Varitas","precio":2584.26,"destacado":false,"descripcion":"","imagen":"assets/products/CA-202569900432.webp","tags":["tiara","princesa","plateada","metal","con","strass","dc432"]},{"id":"CA-803410700506","nombre":"TIARA PRINCESA ROMBOS Y CORAZON PLATEADA PLASTICA SURTIDAS x12  YJ0633","categoria":"Cotillon","subcategoria":"Coronas / Tiaras / Cetros / Varitas","precio":6561.0,"destacado":false,"descripcion":"","imagen":"assets/products/CA-803410700506.webp","tags":["tiara","princesa","rombos","corazon","plateada","plastica","surtidas","x12","yj0633"]},{"id":"CA-803410700179","nombre":"TIARA REINA PLATEADA PLASTICA x12 YJ0305","categoria":"Cotillon","subcategoria":"Coronas / Tiaras / Cetros / Varitas","precio":3936.6,"destacado":false,"descripcion":"","imagen":"assets/products/CA-803410700179.webp","tags":["tiara","reina","plateada","plastica","x12","yj0305"]},{"id":"CA-000000031547","nombre":"TIRA FRASE FELIZ CUMPLEAÑOS FLUO x4 (84)","categoria":"Cotillon","subcategoria":"Banderines/Cortinas/Afiches/Colgantes","precio":1728.18,"destacado":false,"descripcion":"","imagen":"assets/products/CA-000000031547.webp","tags":["tira","frase","feliz","cumpleaños","fluo"]},{"id":"CA-000000026560","nombre":"TIRA FRASE FELIZ CUMPLEAÑOS HOLOGRAFICA  ROJO x5 (82)","categoria":"Cotillon","subcategoria":"Banderines/Cortinas/Afiches/Colgantes","precio":2267.11,"destacado":false,"descripcion":"","imagen":"assets/products/CA-000000026560.webp","tags":["tira","frase","feliz","cumpleaños","holografica","rojo"]},{"id":"CA-000000044867","nombre":"TIRA FRASE FELIZ CUMPLEAÑOS HOLOGRAFICA  ROSA GOLD x5 (82)","categoria":"Cotillon","subcategoria":"Banderines/Cortinas/Afiches/Colgantes","precio":2267.11,"destacado":false,"descripcion":"","imagen":"assets/products/CA-000000044867.webp","tags":["tira","frase","feliz","cumpleaños","holografica","rosa","gold"]},{"id":"CA-000000026558","nombre":"TIRA FRASE FELIZ CUMPLEAÑOS HOLOGRAFICA DORADA x5 (82)","categoria":"Cotillon","subcategoria":"Banderines/Cortinas/Afiches/Colgantes","precio":2267.11,"destacado":false,"descripcion":"","imagen":"assets/products/CA-000000026558.webp","tags":["tira","frase","feliz","cumpleaños","holografica","dorada"]},{"id":"CA-000000026559","nombre":"TIRA FRASE FELIZ CUMPLEAÑOS HOLOGRAFICA PLATEADA x5 (82)","categoria":"Cotillon","subcategoria":"Banderines/Cortinas/Afiches/Colgantes","precio":2267.11,"destacado":false,"descripcion":"","imagen":"assets/products/CA-000000026559.webp","tags":["tira","frase","feliz","cumpleaños","holografica","plateada"]},{"id":"CA-000000032329","nombre":"TIRA GOMA EVA C/BRILLO  FELIZ CUMPLE BOCA x1","categoria":"Cotillon","subcategoria":"Banderines/Cortinas/Afiches/Colgantes","precio":3230.55,"destacado":false,"descripcion":"* (16/12/2025)","imagen":"assets/products/CA-000000032329.webp","tags":["tira","goma","eva","brillo","feliz","cumple","boca"]},{"id":"CA-000000040072","nombre":"TIRA GOMA EVA C/BRILLO BABY SHOWER ROSA  x1","categoria":"Cotillon","subcategoria":"Banderines/Cortinas/Afiches/Colgantes","precio":3484.35,"destacado":false,"descripcion":"* (16/12/2025)","imagen":"assets/products/CA-000000040072.webp","tags":["tira","goma","eva","brillo","baby","shower","rosa"]},{"id":"CA-000000048903","nombre":"TIRA GOMA EVA C/BRILLO FELIZ CUMPLE ARGENTINA CAMPEONx1","categoria":"Cotillon","subcategoria":"Banderines/Cortinas/Afiches/Colgantes","precio":3230.55,"destacado":false,"descripcion":"* (16/12/2025)","imagen":"assets/products/CA-000000048903.webp","tags":["tira","goma","eva","brillo","feliz","cumple","argentina","campeonx1"]},{"id":"CA-000000040070","nombre":"TIRA GOMA EVA C/BRILLO GLOBITOS FELIZ CUMPLE x1","categoria":"Cotillon","subcategoria":"Banderines/Cortinas/Afiches/Colgantes","precio":3005.1,"destacado":false,"descripcion":"* (16/12/2025)","imagen":"assets/products/CA-000000040070.webp","tags":["tira","goma","eva","brillo","globitos","feliz","cumple"]},{"id":"CA-779832235956","nombre":"TIRADORES FLUO AMARILLO  x1 AC552  PS","categoria":"Cotillon","subcategoria":"Accesorios Y Sets Para Disfraces / Tutu","precio":1539.67,"destacado":false,"descripcion":"","imagen":"assets/products/CA-779832235956.webp","tags":["tiradores","fluo","amarillo","ac552"]},{"id":"CA-779832235957","nombre":"TIRADORES FLUO NARANJA  x1 AC553  PS","categoria":"Cotillon","subcategoria":"Accesorios Y Sets Para Disfraces / Tutu","precio":1539.67,"destacado":false,"descripcion":"","imagen":"assets/products/CA-779832235957.webp","tags":["tiradores","fluo","naranja","ac553"]},{"id":"CA-779832235954","nombre":"TIRADORES FLUO ROSA  x1 AC550  PS","categoria":"Cotillon","subcategoria":"Accesorios Y Sets Para Disfraces / Tutu","precio":1539.67,"destacado":false,"descripcion":"","imagen":"assets/products/CA-779832235954.webp","tags":["tiradores","fluo","rosa","ac550"]},{"id":"CA-779832235955","nombre":"TIRADORES FLUO VERDE  x1 AC551 PS","categoria":"Cotillon","subcategoria":"Accesorios Y Sets Para Disfraces / Tutu","precio":1539.67,"destacado":false,"descripcion":"","imagen":"assets/products/CA-779832235955.webp","tags":["tiradores","fluo","verde","ac551"]},{"id":"CA-803410700357","nombre":"TIRADORES NEGROS x1 YJ0357","categoria":"Cotillon","subcategoria":"Accesorios Y Sets Para Disfraces / Tutu","precio":1518.75,"destacado":false,"descripcion":"","imagen":"assets/products/CA-803410700357.webp","tags":["tiradores","negros","yj0357"]},{"id":"CA-779812557748","nombre":"TRACTOR CON TRAILER x4 748","categoria":"Cotillon","subcategoria":"Miniaturas / Juguetitos / Regalitos","precio":1615.19,"destacado":false,"descripcion":"","imagen":"assets/products/CA-779812557748.webp","tags":["tractor","con","trailer","748"]},{"id":"CA-000000043203","nombre":"TROFEO COPA CHAMPIONS METAL DORADO CON BASE x1","categoria":"Cotillon","subcategoria":"Complementos Para Fiestas","precio":3227.85,"destacado":false,"descripcion":"","imagen":"assets/products/CA-000000043203.webp","tags":["trofeo","copa","champions","metal","dorado","con","base"]},{"id":"CA-000000043204","nombre":"TROFEO COPA CHAMPIONS METAL PLATEADA CON BASE x1","categoria":"Cotillon","subcategoria":"Complementos Para Fiestas","precio":3227.85,"destacado":false,"descripcion":"","imagen":"assets/products/CA-000000043204.webp","tags":["trofeo","copa","champions","metal","plateada","con","base"]},{"id":"CA-000000003598","nombre":"TROMPITO COLORIDO  PATRIMAR x24","categoria":"Cotillon","subcategoria":"Miniaturas / Juguetitos / Regalitos","precio":780.88,"destacado":false,"descripcion":"","imagen":"assets/products/CA-000000003598.webp","tags":["trompito","colorido","patrimar","x24"]},{"id":"CA-05022849413839","nombre":"TROMPO CON LANZADOR BEYBLADE B-44 (EN CAJA) x1 HM941383","categoria":"Cotillon","subcategoria":"Miniaturas / Juguetitos / Regalitos","precio":3801.69,"destacado":false,"descripcion":"","imagen":"assets/products/CA-05022849413839.webp","tags":["trompo","con","lanzador","beyblade","caja","hm941383"]},{"id":"CA-000000007030","nombre":"TROMPO STASIO x12u. 7030","categoria":"Cotillon","subcategoria":"Miniaturas / Juguetitos / Regalitos","precio":889.3,"destacado":false,"descripcion":"","imagen":"assets/products/CA-000000007030.webp","tags":["trompo","stasio","x12u","7030"]},{"id":"CA-779812557312","nombre":"TROMPO XICODELICO ROTTI x6","categoria":"Cotillon","subcategoria":"Miniaturas / Juguetitos / Regalitos","precio":1514.59,"destacado":false,"descripcion":"","imagen":"assets/products/CA-779812557312.webp","tags":["trompo","xicodelico","rotti"]},{"id":"CA-693632411203","nombre":"TROMPOS COLOR x50 U2411-203","categoria":"Cotillon","subcategoria":"Miniaturas / Juguetitos / Regalitos","precio":10280.27,"destacado":false,"descripcion":"","imagen":"assets/products/CA-693632411203.webp","tags":["trompos","color","x50","u2411","203"]},{"id":"CA-779908801355","nombre":"TUTU BLANCO GLITTER ADULTO/ADOLESCENTE AC528 x1  PS","categoria":"Cotillon","subcategoria":"Accesorios Y Sets Para Disfraces / Tutu","precio":3788.05,"destacado":false,"descripcion":"","imagen":"assets/products/CA-779908801355.webp","tags":["tutu","blanco","glitter","adulto","adolescente","ac528"]}]}