{"category_slug":"cotillon","subcategory_slug":"","page":51,"page_size":48,"total":4091,"items":[{"id":"CA-691265570754","nombre":"GLOBO METALIZADO ESTRELLA ROJA 46cm x10 JB FB7075","categoria":"Cotillon","subcategoria":"Globos Metalizados Formas","precio":2520.0,"destacado":false,"descripcion":"* (19/12/2025)","imagen":"assets/products/CA-691265570754.webp","tags":["globo","metalizado","estrella","roja","46cm","x10","fb7075"]},{"id":"CA-691265570756","nombre":"GLOBO METALIZADO ESTRELLA ROSA 46cm x10 JB FB7075","categoria":"Cotillon","subcategoria":"Globos Metalizados Formas","precio":2520.0,"destacado":false,"descripcion":"* (19/12/2025)","imagen":"assets/products/CA-691265570756.webp","tags":["globo","metalizado","estrella","rosa","46cm","x10","fb7075"]},{"id":"CA-691265570753","nombre":"GLOBO METALIZADO ESTRELLA ROSA GOLD 46cm x10 JB FB7075","categoria":"Cotillon","subcategoria":"Globos Metalizados Formas","precio":2520.0,"destacado":false,"descripcion":"* (19/12/2025)","imagen":"assets/products/CA-691265570753.webp","tags":["globo","metalizado","estrella","rosa","gold","46cm","x10","fb7075"]},{"id":"CA-691265573515","nombre":"GLOBO METALIZADO FELIZ DIA DEL PADRE 45cm x10 JB FB7351-5","categoria":"Cotillon","subcategoria":"Globos Metalizados Formas","precio":2520.0,"destacado":false,"descripcion":"* (19/12/2025)","imagen":"assets/products/CA-691265573515.webp","tags":["globo","metalizado","feliz","dia","del","padre","45cm","x10","fb7351"]},{"id":"CA-691265573516","nombre":"GLOBO METALIZADO FELIZ DIA DEL PADRE 45cm x10 JB FB7351-6","categoria":"Cotillon","subcategoria":"Globos Metalizados Formas","precio":2520.0,"destacado":false,"descripcion":"* (19/12/2025)","imagen":"assets/products/CA-691265573516.webp","tags":["globo","metalizado","feliz","dia","del","padre","45cm","x10","fb7351"]},{"id":"CA-695526017047","nombre":"GLOBO METALIZADO FLOR CARITA x10  JB FB7047","categoria":"Cotillon","subcategoria":"Globos Metalizados Formas","precio":2319.66,"destacado":false,"descripcion":"","imagen":"assets/products/CA-695526017047.webp","tags":["globo","metalizado","flor","carita","x10","fb7047"]},{"id":"CA-691265557338","nombre":"GLOBO METALIZADO GUIRNALDA ANIMALITOS x5 JB FB7338","categoria":"Cotillon","subcategoria":"Globos Metalizados Formas","precio":3641.4,"destacado":false,"descripcion":"","imagen":"assets/products/CA-691265557338.webp","tags":["globo","metalizado","guirnalda","animalitos","fb7338"]},{"id":"CA-691265557339","nombre":"GLOBO METALIZADO GUIRNALDA TRAGOS x5 JB FB7339","categoria":"Cotillon","subcategoria":"Globos Metalizados Formas","precio":3628.8,"destacado":false,"descripcion":"","imagen":"assets/products/CA-691265557339.webp","tags":["globo","metalizado","guirnalda","tragos","fb7339"]},{"id":"CA-691265517371","nombre":"GLOBO METALIZADO GUIRNALDA TRANSPORTES x5  JB FB7371","categoria":"Cotillon","subcategoria":"Globos Metalizados Formas","precio":3611.79,"destacado":false,"descripcion":"","imagen":"assets/products/CA-691265517371.webp","tags":["globo","metalizado","guirnalda","transportes","fb7371"]},{"id":"CA-691265577358","nombre":"GLOBO METALIZADO GUIRNALDA UNICORNIO x5 JB FB7358","categoria":"Cotillon","subcategoria":"Globos Metalizados Formas","precio":3479.49,"destacado":false,"descripcion":"","imagen":"assets/products/CA-691265577358.webp","tags":["globo","metalizado","guirnalda","unicornio","fb7358"]},{"id":"CA-691265517092","nombre":"GLOBO METALIZADO PELOTA 46cm x10 JB 7020 (NO APTO HELIO)","categoria":"Cotillon","subcategoria":"Globos Metalizados Formas","precio":2822.4,"destacado":false,"descripcion":"","imagen":"assets/products/CA-691265517092.webp","tags":["globo","metalizado","pelota","46cm","x10","7020","apto","helio"]},{"id":"CA-691265570203","nombre":"GLOBO METALIZADO PELOTA ARGENTINA 46cm x10 JB 7020 (NO APTO HELIO)","categoria":"Cotillon","subcategoria":"Globos Metalizados Formas","precio":2940.0,"destacado":false,"descripcion":"* (19/12/2025)","imagen":"assets/products/CA-691265570203.webp","tags":["globo","metalizado","pelota","argentina","46cm","x10","7020","apto","helio"]},{"id":"CA-691265570201","nombre":"GLOBO METALIZADO PELOTA BOCA 46cm x10 JB 7020 (NO APTO HELIO)","categoria":"Cotillon","subcategoria":"Globos Metalizados Formas","precio":2940.0,"destacado":false,"descripcion":"* (19/12/2025)","imagen":"assets/products/CA-691265570201.webp","tags":["globo","metalizado","pelota","boca","46cm","x10","7020","apto","helio"]},{"id":"CA-691265570202","nombre":"GLOBO METALIZADO PELOTA MILLO 46cm x10 JB 7020 (NO APTO HELIO)","categoria":"Cotillon","subcategoria":"Globos Metalizados Formas","precio":2940.0,"destacado":false,"descripcion":"* (19/12/2025)","imagen":"assets/products/CA-691265570202.webp","tags":["globo","metalizado","pelota","millo","46cm","x10","7020","apto","helio"]},{"id":"CA-690003337097","nombre":"GLOBO METALIZADO UNICORNIO 15\" x10 FB7097(NO APTO PARA HELIO)","categoria":"Cotillon","subcategoria":"Globos Metalizados Numeros","precio":2354.94,"destacado":false,"descripcion":"","imagen":"assets/products/CA-690003337097.webp","tags":["globo","metalizado","unicornio","x10","fb7097","apto","para","helio"]},{"id":"CA-691265517091","nombre":"GLOBO METALIZADO UNICORNIO 36cm x10 JB FB7097(NO APTO PARA HELIO)","categoria":"Cotillon","subcategoria":"Globos Metalizados Formas","precio":2354.94,"destacado":false,"descripcion":"","imagen":"assets/products/CA-691265517091.webp","tags":["globo","metalizado","unicornio","36cm","x10","fb7097","apto","para","helio"]},{"id":"CA-691265597097","nombre":"GLOBO METALIZADO UNICORNIO 36cm x10 JB FB7097-1(NO APTO PARA HELIO)","categoria":"Cotillon","subcategoria":"Globos Metalizados Formas","precio":2427.6,"destacado":false,"descripcion":"","imagen":"assets/products/CA-691265597097.webp","tags":["globo","metalizado","unicornio","36cm","x10","fb7097","apto","para","helio"]},{"id":"CA-000000058066","nombre":"GLOBO METALIZADO UNICORNIO LILA 38cm x50 FB7097/2","categoria":"Cotillon","subcategoria":"Globos Metalizados Formas","precio":13424.94,"destacado":false,"descripcion":"","imagen":"assets/products/CA-000000058066.webp","tags":["globo","metalizado","unicornio","lila","38cm","x50","fb7097"]},{"id":"CA-000000058065","nombre":"GLOBO METALIZADO UNICORNIO MULTICOLOR 38cm x50 FB7097/1","categoria":"Cotillon","subcategoria":"Globos Metalizados Formas","precio":13424.94,"destacado":false,"descripcion":"","imagen":"assets/products/CA-000000058065.webp","tags":["globo","metalizado","unicornio","multicolor","38cm","x50","fb7097"]},{"id":"CA-77981941532220","nombre":"GLOBO OVNI METALIZADO 14\" CELESTE Nº0  x5 (NO APTO HELIO) 53222","categoria":"Cotillon","subcategoria":"Globos Metalizados Numeros","precio":2819.26,"destacado":false,"descripcion":"","imagen":"assets/products/CA-77981941532220.webp","tags":["globo","ovni","metalizado","celeste","nº0","apto","helio","53222"]},{"id":"CA-77981941532398","nombre":"GLOBO OVNI METALIZADO 14\" CELESTE Nº1 x5 (NO APTO HELIO) 53239","categoria":"Cotillon","subcategoria":"Globos Metalizados Numeros","precio":2819.26,"destacado":false,"descripcion":"","imagen":"assets/products/CA-77981941532398.webp","tags":["globo","ovni","metalizado","celeste","nº1","apto","helio","53239"]},{"id":"CA-77981941532466","nombre":"GLOBO OVNI METALIZADO 14\" CELESTE Nº2 x5 (NO APTO HELIO) 53246","categoria":"Cotillon","subcategoria":"Globos Metalizados Numeros","precio":2819.26,"destacado":false,"descripcion":"","imagen":"assets/products/CA-77981941532466.webp","tags":["globo","ovni","metalizado","celeste","nº2","apto","helio","53246"]},{"id":"CA-77981941532534","nombre":"GLOBO OVNI METALIZADO 14\" CELESTE Nº3 x5 (NO APTO HELIO) 53253","categoria":"Cotillon","subcategoria":"Globos Metalizados Numeros","precio":2819.26,"destacado":false,"descripcion":"","imagen":"assets/products/CA-77981941532534.webp","tags":["globo","ovni","metalizado","celeste","nº3","apto","helio","53253"]},{"id":"CA-77981941532602","nombre":"GLOBO OVNI METALIZADO 14\" CELESTE Nº4 x5 (NO APTO HELIO) 53260","categoria":"Cotillon","subcategoria":"Globos Metalizados Numeros","precio":2819.26,"destacado":false,"descripcion":"","imagen":"assets/products/CA-77981941532602.webp","tags":["globo","ovni","metalizado","celeste","nº4","apto","helio","53260"]},{"id":"CA-77981941532770","nombre":"GLOBO OVNI METALIZADO 14\" CELESTE Nº5 x5 (NO APTO HELIO) 53277","categoria":"Cotillon","subcategoria":"Globos Metalizados Numeros","precio":2819.26,"destacado":false,"descripcion":"","imagen":"assets/products/CA-77981941532770.webp","tags":["globo","ovni","metalizado","celeste","nº5","apto","helio","53277"]},{"id":"CA-77981941532848","nombre":"GLOBO OVNI METALIZADO 14\" CELESTE Nº6 x5 (NO APTO HELIO) 53284","categoria":"Cotillon","subcategoria":"Globos Metalizados Numeros","precio":2819.26,"destacado":false,"descripcion":"","imagen":"assets/products/CA-77981941532848.webp","tags":["globo","ovni","metalizado","celeste","nº6","apto","helio","53284"]},{"id":"CA-77981941532916","nombre":"GLOBO OVNI METALIZADO 14\" CELESTE Nº7 x5 (NO APTO HELIO) 53291","categoria":"Cotillon","subcategoria":"Globos Metalizados Numeros","precio":2819.26,"destacado":false,"descripcion":"","imagen":"assets/products/CA-77981941532916.webp","tags":["globo","ovni","metalizado","celeste","nº7","apto","helio","53291"]},{"id":"CA-77981941533074","nombre":"GLOBO OVNI METALIZADO 14\" CELESTE Nº8 x5 (NO APTO HELIO) 53307","categoria":"Cotillon","subcategoria":"Globos Metalizados Numeros","precio":2819.26,"destacado":false,"descripcion":"","imagen":"assets/products/CA-77981941533074.webp","tags":["globo","ovni","metalizado","celeste","nº8","apto","helio","53307"]},{"id":"CA-77981941533142","nombre":"GLOBO OVNI METALIZADO 14\" CELESTE Nº9 x5 (NO APTO HELIO)53314","categoria":"Cotillon","subcategoria":"Globos Metalizados Numeros","precio":2819.26,"destacado":false,"descripcion":"","imagen":"assets/products/CA-77981941533142.webp","tags":["globo","ovni","metalizado","celeste","nº9","apto","helio","53314"]},{"id":"CA-77981941538192","nombre":"GLOBO OVNI METALIZADO 14\" DORADO Nº 0 x5 (NO APTO HELIO) 53819","categoria":"Cotillon","subcategoria":"Globos Metalizados Numeros","precio":2819.26,"destacado":false,"descripcion":"","imagen":"assets/products/CA-77981941538192.webp","tags":["globo","ovni","metalizado","dorado","apto","helio","53819"]},{"id":"CA-77981941538260","nombre":"GLOBO OVNI METALIZADO 14\" DORADO Nº 1 x5 (NO APTO HELIO) 53826","categoria":"Cotillon","subcategoria":"Globos Metalizados Numeros","precio":2819.26,"destacado":false,"descripcion":"","imagen":"assets/products/CA-77981941538260.webp","tags":["globo","ovni","metalizado","dorado","apto","helio","53826"]},{"id":"CA-77981941538338","nombre":"GLOBO OVNI METALIZADO 14\" DORADO Nº 2 x5 (NO APTO HELIO) 53833","categoria":"Cotillon","subcategoria":"Globos Metalizados Numeros","precio":2819.26,"destacado":false,"descripcion":"","imagen":"assets/products/CA-77981941538338.webp","tags":["globo","ovni","metalizado","dorado","apto","helio","53833"]},{"id":"CA-77981941538406","nombre":"GLOBO OVNI METALIZADO 14\" DORADO Nº 3 x5 (NO APTO HELIO) 53840","categoria":"Cotillon","subcategoria":"Globos Metalizados Numeros","precio":2819.26,"destacado":false,"descripcion":"","imagen":"assets/products/CA-77981941538406.webp","tags":["globo","ovni","metalizado","dorado","apto","helio","53840"]},{"id":"CA-77981941538642","nombre":"GLOBO OVNI METALIZADO 14\" DORADO Nº 4 x5 (NO APTO HELIO) 53864","categoria":"Cotillon","subcategoria":"Globos Metalizados Numeros","precio":2819.26,"destacado":false,"descripcion":"","imagen":"assets/products/CA-77981941538642.webp","tags":["globo","ovni","metalizado","dorado","apto","helio","53864"]},{"id":"CA-77981941538710","nombre":"GLOBO OVNI METALIZADO 14\" DORADO Nº 5 x5 (NO APTO HELIO) 53871","categoria":"Cotillon","subcategoria":"Globos Metalizados Numeros","precio":2819.26,"destacado":false,"descripcion":"","imagen":"assets/products/CA-77981941538710.webp","tags":["globo","ovni","metalizado","dorado","apto","helio","53871"]},{"id":"CA-77981941538888","nombre":"GLOBO OVNI METALIZADO 14\" DORADO Nº 6 x5 (NO APTO HELIO)53888","categoria":"Cotillon","subcategoria":"Globos Metalizados Numeros","precio":2819.26,"destacado":false,"descripcion":"","imagen":"assets/products/CA-77981941538888.webp","tags":["globo","ovni","metalizado","dorado","apto","helio","53888"]},{"id":"CA-77981941538956","nombre":"GLOBO OVNI METALIZADO 14\" DORADO Nº 7 x5 (NO APTO HELIO) 53895","categoria":"Cotillon","subcategoria":"Globos Metalizados Numeros","precio":2819.26,"destacado":false,"descripcion":"","imagen":"assets/products/CA-77981941538956.webp","tags":["globo","ovni","metalizado","dorado","apto","helio","53895"]},{"id":"CA-77981941539014","nombre":"GLOBO OVNI METALIZADO 14\" DORADO Nº 8 x5 (NO APTO HELIO) 53901","categoria":"Cotillon","subcategoria":"Globos Metalizados Numeros","precio":2819.26,"destacado":false,"descripcion":"","imagen":"assets/products/CA-77981941539014.webp","tags":["globo","ovni","metalizado","dorado","apto","helio","53901"]},{"id":"CA-77981941539182","nombre":"GLOBO OVNI METALIZADO 14\" DORADO Nº 9 x5 (NO APTO HELIO) 53918","categoria":"Cotillon","subcategoria":"Globos Metalizados Numeros","precio":2819.26,"destacado":false,"descripcion":"","imagen":"assets/products/CA-77981941539182.webp","tags":["globo","ovni","metalizado","dorado","apto","helio","53918"]},{"id":"CA-779819415567","nombre":"GLOBO OVNI METALIZADO 14\" FLOR CELESTE  x1 (NO APTO HELIO) 55677","categoria":"Cotillon","subcategoria":"Globos Metalizados Formas","precio":638.94,"destacado":false,"descripcion":"","imagen":"assets/products/CA-779819415567.webp","tags":["globo","ovni","metalizado","flor","celeste","apto","helio","55677"]},{"id":"CA-779819415566","nombre":"GLOBO OVNI METALIZADO 14\" FLOR ROJA x1 (NO APTO HELIO) 55660","categoria":"Cotillon","subcategoria":"Globos Metalizados Formas","precio":638.94,"destacado":false,"descripcion":"","imagen":"assets/products/CA-779819415566.webp","tags":["globo","ovni","metalizado","flor","roja","apto","helio","55660"]},{"id":"CA-779819415568","nombre":"GLOBO OVNI METALIZADO 14\" FLOR ROSA x1 (NO APTO HELIO) 55684","categoria":"Cotillon","subcategoria":"Globos Metalizados Formas","precio":638.94,"destacado":false,"descripcion":"","imagen":"assets/products/CA-779819415568.webp","tags":["globo","ovni","metalizado","flor","rosa","apto","helio","55684"]},{"id":"CA-77981941533210","nombre":"GLOBO OVNI METALIZADO 14\" FUCSIA Nº 0 x5 (NO APTO HELIO) 53321","categoria":"Cotillon","subcategoria":"Globos Metalizados Numeros","precio":2819.26,"destacado":false,"descripcion":"","imagen":"assets/products/CA-77981941533210.webp","tags":["globo","ovni","metalizado","fucsia","apto","helio","53321"]},{"id":"CA-77981941533388","nombre":"GLOBO OVNI METALIZADO 14\" FUCSIA Nº 1 x5 (NO APTO HELIO) 53338","categoria":"Cotillon","subcategoria":"Globos Metalizados Numeros","precio":2819.26,"destacado":false,"descripcion":"","imagen":"assets/products/CA-77981941533388.webp","tags":["globo","ovni","metalizado","fucsia","apto","helio","53338"]},{"id":"CA-77981941533456","nombre":"GLOBO OVNI METALIZADO 14\" FUCSIA Nº 2 x5 (NO APTO HELIO) 53345","categoria":"Cotillon","subcategoria":"Globos Metalizados Numeros","precio":2819.26,"destacado":false,"descripcion":"","imagen":"assets/products/CA-77981941533456.webp","tags":["globo","ovni","metalizado","fucsia","apto","helio","53345"]},{"id":"CA-77981941533524","nombre":"GLOBO OVNI METALIZADO 14\" FUCSIA Nº 3 x5 (NO APTO HELIO) 53352","categoria":"Cotillon","subcategoria":"Globos Metalizados Numeros","precio":2819.26,"destacado":false,"descripcion":"","imagen":"assets/products/CA-77981941533524.webp","tags":["globo","ovni","metalizado","fucsia","apto","helio","53352"]},{"id":"CA-77981941533692","nombre":"GLOBO OVNI METALIZADO 14\" FUCSIA Nº 4 x5 (NO APTO HELIO) 53369","categoria":"Cotillon","subcategoria":"Globos Metalizados Numeros","precio":2819.26,"destacado":false,"descripcion":"","imagen":"assets/products/CA-77981941533692.webp","tags":["globo","ovni","metalizado","fucsia","apto","helio","53369"]},{"id":"CA-77981941533760","nombre":"GLOBO OVNI METALIZADO 14\" FUCSIA Nº 5 x5 (NO APTO HELIO) 53376","categoria":"Cotillon","subcategoria":"Globos Metalizados Numeros","precio":2819.26,"destacado":false,"descripcion":"","imagen":"assets/products/CA-77981941533760.webp","tags":["globo","ovni","metalizado","fucsia","apto","helio","53376"]}]}