{"category_slug":"cotillon","subcategory_slug":"","page":4,"page_size":48,"total":4091,"items":[{"id":"CA-000000049433","nombre":"BANDERIN FELIZ DIA PAPA VARIOS MODELOS x1u. CLEMENTINA","categoria":"Cotillon","subcategoria":"Banderines/Cortinas/Afiches/Colgantes","precio":2100.0,"destacado":false,"descripcion":"","imagen":"assets/products/CA-000000049433.webp","tags":["banderin","feliz","dia","papa","varios","modelos","x1u","clementina"]},{"id":"CA-779905100890","nombre":"BANDERIN FELIZ DIA PAPA x1 3345/7 GM","categoria":"Cotillon","subcategoria":"Banderines/Cortinas/Afiches/Colgantes","precio":1173.89,"destacado":false,"descripcion":"","imagen":"assets/products/CA-779905100890.webp","tags":["banderin","feliz","dia","papa","3345"]},{"id":"CA-779905100844","nombre":"BANDERIN FELIZ DIA ROJO-ROSA  x1 3348/97 GM","categoria":"Cotillon","subcategoria":"Banderines/Cortinas/Afiches/Colgantes","precio":1175.51,"destacado":false,"descripcion":"","imagen":"assets/products/CA-779905100844.webp","tags":["banderin","feliz","dia","rojo","rosa","3348"]},{"id":"CA-000000053009","nombre":"BANDERIN FELIZ PRIMAVERA x1u. CLEMENTINA","categoria":"Cotillon","subcategoria":"Banderines/Cortinas/Afiches/Colgantes","precio":2133.0,"destacado":false,"descripcion":"","imagen":"assets/products/CA-000000053009.webp","tags":["banderin","feliz","primavera","x1u","clementina"]},{"id":"CA-779831635137","nombre":"BANDERIN FISELINA MULTICOLOR x1 058 CREACIONES TRIES","categoria":"Cotillon","subcategoria":"Banderines/Cortinas/Afiches/Colgantes","precio":2085.89,"destacado":false,"descripcion":"","imagen":"assets/products/CA-779831635137.webp","tags":["banderin","fiselina","multicolor","058","creaciones","tries"]},{"id":"CA-779831635145","nombre":"BANDERIN FISELINA ROJO x1u.370 CREACIONES TRIES","categoria":"Cotillon","subcategoria":"Banderines/Cortinas/Afiches/Colgantes","precio":2011.39,"destacado":false,"descripcion":"","imagen":"assets/products/CA-779831635145.webp","tags":["banderin","fiselina","rojo","x1u","370","creaciones","tries"]},{"id":"CA-779831635148","nombre":"BANDERIN FISELINA VERDE x1u.372 CREACIONES TRIES","categoria":"Cotillon","subcategoria":"Banderines/Cortinas/Afiches/Colgantes","precio":2011.39,"destacado":false,"descripcion":"","imagen":"assets/products/CA-779831635148.webp","tags":["banderin","fiselina","verde","x1u","372","creaciones","tries"]},{"id":"CA-779905100480","nombre":"BANDERIN FLOREADO x1 3348/34 GM","categoria":"Cotillon","subcategoria":"Banderines/Cortinas/Afiches/Colgantes","precio":1174.5,"destacado":false,"descripcion":"","imagen":"assets/products/CA-779905100480.webp","tags":["banderin","floreado","3348"]},{"id":"CA-692509236047","nombre":"BANDERIN FRASE TE AMO x1 GY-6047","categoria":"Cotillon","subcategoria":"Banderines/Cortinas/Afiches/Colgantes","precio":1209.0,"destacado":false,"descripcion":"NUEVO 18/12/2025","imagen":"assets/products/CA-692509236047.webp","tags":["banderin","frase","amo","6047"]},{"id":"CA-779812603131","nombre":"BANDERIN GUIRNALDA PLASTICO FLECOS MULTICOLOR 4mtr x1 IMAGEN","categoria":"Cotillon","subcategoria":"Banderines/Cortinas/Afiches/Colgantes","precio":2052.0,"destacado":false,"descripcion":"","imagen":"assets/products/CA-779812603131.webp","tags":["banderin","guirnalda","plastico","flecos","multicolor","4mtr","imagen"]},{"id":"CA-690250241106","nombre":"BANDERIN HAPPY BIRTHDAY BAILARINA x1 U2411-06","categoria":"Cotillon","subcategoria":"Banderines/Cortinas/Afiches/Colgantes","precio":1264.9,"destacado":false,"descripcion":"","imagen":"assets/products/CA-690250241106.webp","tags":["banderin","happy","birthday","bailarina","u2411"]},{"id":"CA-692095156962","nombre":"BANDERIN HAPPY BIRTHDAY DRAGON x1 CL708/U24-009","categoria":"Cotillon","subcategoria":"Banderines/Cortinas/Afiches/Colgantes","precio":1533.35,"destacado":false,"descripcion":"","imagen":"assets/products/CA-692095156962.webp","tags":["banderin","happy","birthday","dragon","cl708","u24","009"]},{"id":"CA-405840182237","nombre":"BANDERIN HAPPY BIRTHDAY TREN ANIMALITOS x1 CL813/U24-772","categoria":"Cotillon","subcategoria":"Banderines/Cortinas/Afiches/Colgantes","precio":910.0,"destacado":false,"descripcion":"","imagen":"assets/products/CA-405840182237.webp","tags":["banderin","happy","birthday","tren","animalitos","cl813","u24","772"]},{"id":"CA-825742453538","nombre":"BANDERIN HAPPY BIRTHDAY UNICORNIO COLORS x1 U24-770","categoria":"Cotillon","subcategoria":"Banderines/Cortinas/Afiches/Colgantes","precio":1001.0,"destacado":false,"descripcion":"","imagen":"assets/products/CA-825742453538.webp","tags":["banderin","happy","birthday","unicornio","colors","u24","770"]},{"id":"CA-000000047109","nombre":"BANDERIN HUEVOS DE PASCUA x1 CLEMENTINA","categoria":"Cotillon","subcategoria":"Banderines/Cortinas/Afiches/Colgantes","precio":2025.0,"destacado":false,"descripcion":"","imagen":"assets/products/CA-000000047109.webp","tags":["banderin","huevos","pascua","clementina"]},{"id":"CA-779905100742","nombre":"BANDERIN LETRAS KRAFT FELIZ CUMPLEAÑOS x1 3348/90GM","categoria":"Cotillon","subcategoria":"Banderines/Cortinas/Afiches/Colgantes","precio":1481.29,"destacado":false,"descripcion":"","imagen":"assets/products/CA-779905100742.webp","tags":["banderin","letras","kraft","feliz","cumpleaños","3348","90gm"]},{"id":"CA-779905101116","nombre":"BANDERIN MARGARITAS BLANCAS x1  GM","categoria":"Cotillon","subcategoria":"Banderines/Cortinas/Afiches/Colgantes","precio":668.25,"destacado":false,"descripcion":"","imagen":"assets/products/CA-779905101116.webp","tags":["banderin","margaritas","blancas"]},{"id":"CA-779905101117","nombre":"BANDERIN MARGARITAS TRES COLORES x1 3345/15 GM","categoria":"Cotillon","subcategoria":"Banderines/Cortinas/Afiches/Colgantes","precio":668.25,"destacado":false,"descripcion":"","imagen":"assets/products/CA-779905101117.webp","tags":["banderin","margaritas","tres","colores","3345"]},{"id":"CA-000000006807","nombre":"BANDERIN PALABRA BIENVENIDO HOLOGRAFICO x1 (66)","categoria":"Cotillon","subcategoria":"Banderines/Cortinas/Afiches/Colgantes","precio":572.21,"destacado":false,"descripcion":"","imagen":"assets/products/CA-000000006807.webp","tags":["banderin","palabra","bienvenido","holografico"]},{"id":"CA-000000035010","nombre":"BANDERIN PALABRA BIENVENIDOS FLUO CHICOx1 (56)","categoria":"Cotillon","subcategoria":"Banderines/Cortinas/Afiches/Colgantes","precio":593.64,"destacado":false,"descripcion":"","imagen":"assets/products/CA-000000035010.webp","tags":["banderin","palabra","bienvenidos","fluo","chicox1"]},{"id":"CA-000000039443","nombre":"BANDERIN PALABRA FELIZ CUMPLE BOCA HOLOGRAFICO x1 61B","categoria":"Cotillon","subcategoria":"Banderines/Cortinas/Afiches/Colgantes","precio":710.44,"destacado":false,"descripcion":"","imagen":"assets/products/CA-000000039443.webp","tags":["banderin","palabra","feliz","cumple","boca","holografico","61b"]},{"id":"CA-000000037148","nombre":"BANDERIN PALABRA FELIZ CUMPLE FLUO SURTIDO CON FLECOS x1 (42)","categoria":"Cotillon","subcategoria":"Banderines/Cortinas/Afiches/Colgantes","precio":858.05,"destacado":false,"descripcion":"","imagen":"assets/products/CA-000000037148.webp","tags":["banderin","palabra","feliz","cumple","fluo","surtido","con","flecos"]},{"id":"CA-000000037146","nombre":"BANDERIN PALABRA FELIZ CUMPLE HOLOGRAFICO SURTIDO CON FLECOS x1 art.45","categoria":"Cotillon","subcategoria":"Banderines/Cortinas/Afiches/Colgantes","precio":922.16,"destacado":false,"descripcion":"","imagen":"assets/products/CA-000000037146.webp","tags":["banderin","palabra","feliz","cumple","holografico","surtido","con","flecos","art"]},{"id":"CA-000000039444","nombre":"BANDERIN PALABRA FELIZ CUMPLE RIVER HOLOGRAFICO  x1 61R","categoria":"Cotillon","subcategoria":"Banderines/Cortinas/Afiches/Colgantes","precio":710.44,"destacado":false,"descripcion":"","imagen":"assets/products/CA-000000039444.webp","tags":["banderin","palabra","feliz","cumple","river","holografico","61r"]},{"id":"CA-000000028937","nombre":"BANDERIN PALABRA FELIZ CUMPLEAÑOS FLUO x1 (200)","categoria":"Cotillon","subcategoria":"Banderines/Cortinas/Afiches/Colgantes","precio":721.12,"destacado":false,"descripcion":"","imagen":"assets/products/CA-000000028937.webp","tags":["banderin","palabra","feliz","cumpleaños","fluo","200"]},{"id":"CA-000000047639","nombre":"BANDERIN PALABRA FELIZ CUMPLEAÑOS HOLOGRAFICO DORADO CHICO x3","categoria":"Cotillon","subcategoria":"Banderines/Cortinas/Afiches/Colgantes","precio":2075.17,"destacado":false,"descripcion":"","imagen":"assets/products/CA-000000047639.webp","tags":["banderin","palabra","feliz","cumpleaños","holografico","dorado","chico"]},{"id":"CA-000000026373","nombre":"BANDERIN PALABRA FELIZ CUMPLEAÑOS HOLOGRAFICO MULTICOLOR x5u. art.60","categoria":"Cotillon","subcategoria":"Banderines/Cortinas/Afiches/Colgantes","precio":3068.15,"destacado":false,"descripcion":"","imagen":"assets/products/CA-000000026373.webp","tags":["banderin","palabra","feliz","cumpleaños","holografico","multicolor","x5u","art"]},{"id":"CA-000000047638","nombre":"BANDERIN PALABRA FELIZ CUMPLEAÑOS HOLOGRAFICO PLATEADO CHICO x3","categoria":"Cotillon","subcategoria":"Banderines/Cortinas/Afiches/Colgantes","precio":2075.17,"destacado":false,"descripcion":"","imagen":"assets/products/CA-000000047638.webp","tags":["banderin","palabra","feliz","cumpleaños","holografico","plateado","chico"]},{"id":"CA-000000047640","nombre":"BANDERIN PALABRA FELIZ CUMPLEAÑOS HOLOGRAFICO ROSA GOLD CHICO x3","categoria":"Cotillon","subcategoria":"Banderines/Cortinas/Afiches/Colgantes","precio":2075.17,"destacado":false,"descripcion":"","imagen":"assets/products/CA-000000047640.webp","tags":["banderin","palabra","feliz","cumpleaños","holografico","rosa","gold","chico"]},{"id":"CA-000000035007","nombre":"BANDERIN PALABRA GIGANTE FELIZ ANIVERSARIO PLATEADOx1 78","categoria":"Cotillon","subcategoria":"Banderines/Cortinas/Afiches/Colgantes","precio":1804.17,"destacado":false,"descripcion":"","imagen":"assets/products/CA-000000035007.webp","tags":["banderin","palabra","gigante","feliz","aniversario","plateadox1"]},{"id":"CA-000000026416","nombre":"BANDERIN PALABRA GIGANTE FELIZ CUMPLE HOLOGRAFICO  x1 art.59","categoria":"Cotillon","subcategoria":"Banderines/Cortinas/Afiches/Colgantes","precio":1691.06,"destacado":false,"descripcion":"","imagen":"assets/products/CA-000000026416.webp","tags":["banderin","palabra","gigante","feliz","cumple","holografico","art"]},{"id":"CA-000000028938","nombre":"BANDERIN PALABRA GIGANTE FELIZ CUMPLEAÑOS FLUO  x1 (201)","categoria":"Cotillon","subcategoria":"Banderines/Cortinas/Afiches/Colgantes","precio":1768.88,"destacado":false,"descripcion":"","imagen":"assets/products/CA-000000028938.webp","tags":["banderin","palabra","gigante","feliz","cumpleaños","fluo","201"]},{"id":"CA-000000035008","nombre":"BANDERIN PALABRA GIGANTE FELIZ CUMPLEAÑOS HOLOGRAFICO DORADO x1 (77)","categoria":"Cotillon","subcategoria":"Banderines/Cortinas/Afiches/Colgantes","precio":1691.06,"destacado":false,"descripcion":"","imagen":"assets/products/CA-000000035008.webp","tags":["banderin","palabra","gigante","feliz","cumpleaños","holografico","dorado"]},{"id":"CA-779905101063","nombre":"BANDERIN PARTY HOLOGRAFICO FELIZ CUMPLEAÑOS AMARILLO PASTEL x1 3361-11 GM","categoria":"Cotillon","subcategoria":"Banderines/Cortinas/Afiches/Colgantes","precio":1158.3,"destacado":false,"descripcion":"","imagen":"assets/products/CA-779905101063.webp","tags":["banderin","party","holografico","feliz","cumpleaños","amarillo","pastel","3361"]},{"id":"CA-779905101064","nombre":"BANDERIN PARTY HOLOGRAFICO FELIZ CUMPLEAÑOS AMARILLO x1 3361-12 GM","categoria":"Cotillon","subcategoria":"Banderines/Cortinas/Afiches/Colgantes","precio":1158.3,"destacado":false,"descripcion":"","imagen":"assets/products/CA-779905101064.webp","tags":["banderin","party","holografico","feliz","cumpleaños","amarillo","3361"]},{"id":"CA-779905101058","nombre":"BANDERIN PARTY HOLOGRAFICO FELIZ CUMPLEAÑOS AZUL x1 3361-6 GM","categoria":"Cotillon","subcategoria":"Banderines/Cortinas/Afiches/Colgantes","precio":1158.3,"destacado":false,"descripcion":"","imagen":"assets/products/CA-779905101058.webp","tags":["banderin","party","holografico","feliz","cumpleaños","azul","3361"]},{"id":"CA-779905101067","nombre":"BANDERIN PARTY HOLOGRAFICO FELIZ CUMPLEAÑOS BLANCOx1 3361-15 GM","categoria":"Cotillon","subcategoria":"Banderines/Cortinas/Afiches/Colgantes","precio":1158.3,"destacado":false,"descripcion":"","imagen":"assets/products/CA-779905101067.webp","tags":["banderin","party","holografico","feliz","cumpleaños","blancox1","3361"]},{"id":"CA-779905101056","nombre":"BANDERIN PARTY HOLOGRAFICO FELIZ CUMPLEAÑOS CELESTE PASTEL x1 3361/4 GM","categoria":"Cotillon","subcategoria":"Banderines/Cortinas/Afiches/Colgantes","precio":1158.3,"destacado":false,"descripcion":"","imagen":"assets/products/CA-779905101056.webp","tags":["banderin","party","holografico","feliz","cumpleaños","celeste","pastel","3361"]},{"id":"CA-779905101057","nombre":"BANDERIN PARTY HOLOGRAFICO FELIZ CUMPLEAÑOS CELESTE x1 3361/5 GM","categoria":"Cotillon","subcategoria":"Banderines/Cortinas/Afiches/Colgantes","precio":1158.3,"destacado":false,"descripcion":"","imagen":"assets/products/CA-779905101057.webp","tags":["banderin","party","holografico","feliz","cumpleaños","celeste","3361"]},{"id":"CA-779905101059","nombre":"BANDERIN PARTY HOLOGRAFICO FELIZ CUMPLEAÑOS LILA PASTELx1 3361-7 GM","categoria":"Cotillon","subcategoria":"Banderines/Cortinas/Afiches/Colgantes","precio":1158.3,"destacado":false,"descripcion":"","imagen":"assets/products/CA-779905101059.webp","tags":["banderin","party","holografico","feliz","cumpleaños","lila","pastelx1","3361"]},{"id":"CA-779905101070","nombre":"BANDERIN PARTY HOLOGRAFICO FELIZ CUMPLEAÑOS NARANJA x1 3361-18 GM","categoria":"Cotillon","subcategoria":"Banderines/Cortinas/Afiches/Colgantes","precio":1158.3,"destacado":false,"descripcion":"","imagen":"assets/products/CA-779905101070.webp","tags":["banderin","party","holografico","feliz","cumpleaños","naranja","3361"]},{"id":"CA-779905101065","nombre":"BANDERIN PARTY HOLOGRAFICO FELIZ CUMPLEAÑOS NEGRO x1 3361-13 GM","categoria":"Cotillon","subcategoria":"Banderines/Cortinas/Afiches/Colgantes","precio":1158.3,"destacado":false,"descripcion":"","imagen":"assets/products/CA-779905101065.webp","tags":["banderin","party","holografico","feliz","cumpleaños","negro","3361"]},{"id":"CA-779905101068","nombre":"BANDERIN PARTY HOLOGRAFICO FELIZ CUMPLEAÑOS ROJOx1 3361-16 GM","categoria":"Cotillon","subcategoria":"Banderines/Cortinas/Afiches/Colgantes","precio":1158.3,"destacado":false,"descripcion":"","imagen":"assets/products/CA-779905101068.webp","tags":["banderin","party","holografico","feliz","cumpleaños","rojox1","3361"]},{"id":"CA-779905101055","nombre":"BANDERIN PARTY HOLOGRAFICO FELIZ CUMPLEAÑOS ROSA GOLD x1 3361-3 GM","categoria":"Cotillon","subcategoria":"Banderines/Cortinas/Afiches/Colgantes","precio":1158.3,"destacado":false,"descripcion":"","imagen":"assets/products/CA-779905101055.webp","tags":["banderin","party","holografico","feliz","cumpleaños","rosa","gold","3361"]},{"id":"CA-779905101053","nombre":"BANDERIN PARTY HOLOGRAFICO FELIZ CUMPLEAÑOS ROSA PASTELx1 3361-1 GM","categoria":"Cotillon","subcategoria":"Banderines/Cortinas/Afiches/Colgantes","precio":1158.3,"destacado":false,"descripcion":"","imagen":"assets/products/CA-779905101053.webp","tags":["banderin","party","holografico","feliz","cumpleaños","rosa","pastelx1","3361"]},{"id":"CA-779905101054","nombre":"BANDERIN PARTY HOLOGRAFICO FELIZ CUMPLEAÑOS ROSA x1 3361-2 GM","categoria":"Cotillon","subcategoria":"Banderines/Cortinas/Afiches/Colgantes","precio":1158.3,"destacado":false,"descripcion":"","imagen":"assets/products/CA-779905101054.webp","tags":["banderin","party","holografico","feliz","cumpleaños","rosa","3361"]},{"id":"CA-779905101071","nombre":"BANDERIN PARTY HOLOGRAFICO FELIZ CUMPLEAÑOS VERDE NATURAL x1 3361-19  GM","categoria":"Cotillon","subcategoria":"Banderines/Cortinas/Afiches/Colgantes","precio":1158.3,"destacado":false,"descripcion":"","imagen":"assets/products/CA-779905101071.webp","tags":["banderin","party","holografico","feliz","cumpleaños","verde","natural","3361"]},{"id":"CA-779905101062","nombre":"BANDERIN PARTY HOLOGRAFICO FELIZ CUMPLEAÑOS VERDE x1 3361-10  GM","categoria":"Cotillon","subcategoria":"Banderines/Cortinas/Afiches/Colgantes","precio":1158.3,"destacado":false,"descripcion":"","imagen":"assets/products/CA-779905101062.webp","tags":["banderin","party","holografico","feliz","cumpleaños","verde","3361"]}]}