{"category_slug":"cotillon","subcategory_slug":"","page":74,"page_size":48,"total":4091,"items":[{"id":"CA-202598020606","nombre":"SET CONSTRUCTOR 7 PIEZAS DC 606-02","categoria":"Cotillon","subcategoria":"Accesorios Y Sets Para Disfraces / Tutu","precio":8083.36,"destacado":false,"descripcion":"","imagen":"assets/products/CA-202598020606.webp","tags":["set","constructor","piezas","606"]},{"id":"CA-202598000518","nombre":"SET CONSTRUCTOR HERRAMIENTAS Y CASCO DC518","categoria":"Cotillon","subcategoria":"Accesorios Y Sets Para Disfraces / Tutu","precio":6610.34,"destacado":false,"descripcion":"","imagen":"assets/products/CA-202598000518.webp","tags":["set","constructor","herramientas","casco","dc518"]},{"id":"CA-250619123030","nombre":"SET CORBATA, LENTES Y SOMBRERO NEGRO x1 DG6083A","categoria":"Cotillon","subcategoria":"Accesorios Y Sets Para Disfraces / Tutu","precio":7644.0,"destacado":false,"descripcion":"","imagen":"assets/products/CA-250619123030.webp","tags":["set","corbata","lentes","sombrero","negro","dg6083a"]},{"id":"CA-202598010607","nombre":"SET COWBOY 4 PIEZAS DC607-01","categoria":"Cotillon","subcategoria":"Accesorios Y Sets Para Disfraces / Tutu","precio":7342.27,"destacado":false,"descripcion":"","imagen":"assets/products/CA-202598010607.webp","tags":["set","cowboy","piezas","dc607"]},{"id":"CA-779343515511","nombre":"SET CUADRO DE YESO CON ACRILICOS ANIMALITOS x1 515511","categoria":"Cotillon","subcategoria":"Miniaturas / Juguetitos / Regalitos","precio":1689.17,"destacado":false,"descripcion":"","imagen":"assets/products/CA-779343515511.webp","tags":["set","cuadro","yeso","con","acrilicos","animalitos","515511"]},{"id":"CA-779343515510","nombre":"SET CUADRO DE YESO CON ACRILICOS TRANSPORTE x1 515510","categoria":"Cotillon","subcategoria":"Miniaturas / Juguetitos / Regalitos","precio":1689.17,"destacado":false,"descripcion":"","imagen":"assets/products/CA-779343515510.webp","tags":["set","cuadro","yeso","con","acrilicos","transporte","515510"]},{"id":"CA-779343515584","nombre":"SET DE ARTE CARTUCHERA CON MARCADORES x1 VARIOS MODELOS 515584","categoria":"Cotillon","subcategoria":"Miniaturas / Juguetitos / Regalitos","precio":844.17,"destacado":false,"descripcion":"","imagen":"assets/products/CA-779343515584.webp","tags":["set","arte","cartuchera","con","marcadores","varios","modelos","515584"]},{"id":"CA-779343515580","nombre":"SET DE ARTE CON ACRILICO x1 VARIOS MODELOS 515580","categoria":"Cotillon","subcategoria":"Miniaturas / Juguetitos / Regalitos","precio":801.92,"destacado":false,"descripcion":"","imagen":"assets/products/CA-779343515580.webp","tags":["set","arte","con","acrilico","varios","modelos","515580"]},{"id":"CA-779343515583","nombre":"SET DE ARTE PIZARRA CON MARCADORES x1 VARIOS MODELOS 515583","categoria":"Cotillon","subcategoria":"Miniaturas / Juguetitos / Regalitos","precio":844.17,"destacado":false,"descripcion":"","imagen":"assets/products/CA-779343515583.webp","tags":["set","arte","pizarra","con","marcadores","varios","modelos","515583"]},{"id":"CA-05022840151105","nombre":"SET DE BELLEZA CON APLIQUE PARA PELO Y ESPEJO x1 HM60531","categoria":"Cotillon","subcategoria":"Miniaturas / Juguetitos / Regalitos","precio":1393.43,"destacado":false,"descripcion":"","imagen":"assets/products/CA-05022840151105.webp","tags":["set","belleza","con","aplique","para","pelo","espejo","hm60531"]},{"id":"CA-05022840151440","nombre":"SET DE BELLEZA CON APLIQUE PARA PELO/CARTERA x1 HM60546","categoria":"Cotillon","subcategoria":"Miniaturas / Juguetitos / Regalitos","precio":2449.68,"destacado":false,"descripcion":"","imagen":"assets/products/CA-05022840151440.webp","tags":["set","belleza","con","aplique","para","pelo","cartera","hm60546"]},{"id":"CA-679749910355","nombre":"SET DE HADA TINKERBELL (vincha/ala/tutu/vincha) x1 CHB245","categoria":"Cotillon","subcategoria":"Alas Y Set De Alas","precio":9315.0,"destacado":false,"descripcion":"* (19/12/2025)","imagen":"assets/products/CA-679749910355.webp","tags":["set","hada","tinkerbell","vincha","ala","tutu","vincha","chb245"]},{"id":"CA-797398821067","nombre":"SET DE HADA TINKERBELL x1 AE067-3 (pollera-ala-varita-coronita)","categoria":"Cotillon","subcategoria":"Alas Y Set De Alas","precio":6917.3,"destacado":false,"descripcion":"","imagen":"assets/products/CA-797398821067.webp","tags":["set","hada","tinkerbell","ae067","pollera","ala","varita","coronita"]},{"id":"CA-774059540971","nombre":"SET DE MAQUILLAJE MARIPOSA Y COSMETICA PARA UÑAS x1 740595","categoria":"Cotillon","subcategoria":"Miniaturas / Juguetitos / Regalitos","precio":2027.17,"destacado":false,"descripcion":"","imagen":"assets/products/CA-774059540971.webp","tags":["set","maquillaje","mariposa","cosmetica","para","uñas","740595"]},{"id":"CA-774058483948","nombre":"SET DE MAQUILLAJE SURTIDO (GUITARRA/CORAZON/MARIPOSA) x1 740584","categoria":"Cotillon","subcategoria":"Miniaturas / Juguetitos / Regalitos","precio":1055.42,"destacado":false,"descripcion":"","imagen":"assets/products/CA-774058483948.webp","tags":["set","maquillaje","surtido","guitarra","corazon","mariposa","740584"]},{"id":"CA-774059971086","nombre":"SET DE MAQUILLAJE Y COSMETICA MARIPOSA x1 740599","categoria":"Cotillon","subcategoria":"Miniaturas / Juguetitos / Regalitos","precio":2787.68,"destacado":false,"descripcion":"","imagen":"assets/products/CA-774059971086.webp","tags":["set","maquillaje","cosmetica","mariposa","740599"]},{"id":"CA-000000055964","nombre":"SET DE MARIPOSA ANGEL WINGS x1 CL504/U23-427","categoria":"Cotillon","subcategoria":"Accesorios Y Sets Para Disfraces / Tutu","precio":3510.0,"destacado":false,"descripcion":"","imagen":"assets/products/CA-000000055964.webp","tags":["set","mariposa","angel","wings","cl504","u23","427"]},{"id":"CA-05022849865904","nombre":"SET DE PESCA MAGNETICO EN BLISTER x1 HM40244","categoria":"Cotillon","subcategoria":"Miniaturas / Juguetitos / Regalitos","precio":785.01,"destacado":false,"descripcion":"","imagen":"assets/products/CA-05022849865904.webp","tags":["set","pesca","magnetico","blister","hm40244"]},{"id":"CA-05022849769189","nombre":"SET DE POLICIA EN BLISTER (5 piezas) x1 HM80047","categoria":"Cotillon","subcategoria":"Miniaturas / Juguetitos / Regalitos","precio":1097.67,"destacado":false,"descripcion":"","imagen":"assets/products/CA-05022849769189.webp","tags":["set","policia","blister","piezas","hm80047"]},{"id":"CA-05022840151785","nombre":"SET DE RESORTES MAGICOS x6 HM40137","categoria":"Cotillon","subcategoria":"Miniaturas / Juguetitos / Regalitos","precio":1790.58,"destacado":false,"descripcion":"","imagen":"assets/products/CA-05022840151785.webp","tags":["set","resortes","magicos","hm40137"]},{"id":"CA-05022849188614","nombre":"SET DE TREN ELECTRICO A PILAS (12 PIEZAS) x1 YW918861","categoria":"Cotillon","subcategoria":"Miniaturas / Juguetitos / Regalitos","precio":3893.54,"destacado":false,"descripcion":"","imagen":"assets/products/CA-05022849188614.webp","tags":["set","tren","electrico","pilas","piezas","yw918861"]},{"id":"CA-05022849797830","nombre":"SET DINOSAURIO (EN BLISTER) x1 HM80527","categoria":"Cotillon","subcategoria":"Miniaturas / Juguetitos / Regalitos","precio":1680.73,"destacado":false,"descripcion":"","imagen":"assets/products/CA-05022849797830.webp","tags":["set","dinosaurio","blister","hm80527"]},{"id":"CA-05022849832180","nombre":"SET DINOSAURIOS CHICOS (EN BOLSA) x1 HM80510","categoria":"Cotillon","subcategoria":"Miniaturas / Juguetitos / Regalitos","precio":2365.18,"destacado":false,"descripcion":"","imagen":"assets/products/CA-05022849832180.webp","tags":["set","dinosaurios","chicos","bolsa","hm80510"]},{"id":"CA-250619123011","nombre":"SET DISCO (collar, aros, lentes, vincha) x1 DG6062A","categoria":"Cotillon","subcategoria":"Accesorios Y Sets Para Disfraces / Tutu","precio":9129.12,"destacado":false,"descripcion":"","imagen":"assets/products/CA-250619123011.webp","tags":["set","disco","collar","aros","lentes","vincha","dg6062a"]},{"id":"CA-250619123012","nombre":"SET DISCO (vincha, lentes, aros, collar, pulsera) X1 DG6063A","categoria":"Cotillon","subcategoria":"Accesorios Y Sets Para Disfraces / Tutu","precio":10533.6,"destacado":false,"descripcion":"","imagen":"assets/products/CA-250619123012.webp","tags":["set","disco","vincha","lentes","aros","collar","pulsera","dg6063a"]},{"id":"CA-000000008783","nombre":"SET DISFRAZ CAPA REINA x1 (capa,cetro,corona)","categoria":"Cotillon","subcategoria":"Accesorios Y Sets Para Disfraces / Tutu","precio":4932.9,"destacado":false,"descripcion":"","imagen":"assets/products/CA-000000008783.webp","tags":["set","disfraz","capa","reina","capa","cetro","corona"]},{"id":"CA-000000008790","nombre":"SET DISFRAZ CHALECO BOMBERO x1 (chaleco,hacha,silbato,handy)","categoria":"Cotillon","subcategoria":"Accesorios Y Sets Para Disfraces / Tutu","precio":4932.9,"destacado":false,"descripcion":"","imagen":"assets/products/CA-000000008790.webp","tags":["set","disfraz","chaleco","bombero","chaleco","hacha","silbato","handy"]},{"id":"CA-000000008791","nombre":"SET DISFRAZ CHALECO COCINERO x1 (delantal,gorro,cuchilla)","categoria":"Cotillon","subcategoria":"Accesorios Y Sets Para Disfraces / Tutu","precio":4932.9,"destacado":false,"descripcion":"","imagen":"assets/products/CA-000000008791.webp","tags":["set","disfraz","chaleco","cocinero","delantal","gorro","cuchilla"]},{"id":"CA-000000008206","nombre":"SET DISFRAZ CHALECO PIRATA x1 (chaleco,espada,pañuelo,parche)","categoria":"Cotillon","subcategoria":"Accesorios Y Sets Para Disfraces / Tutu","precio":4932.9,"destacado":false,"descripcion":"","imagen":"assets/products/CA-000000008206.webp","tags":["set","disfraz","chaleco","pirata","chaleco","espada","pañuelo","parche"]},{"id":"CA-000000008788","nombre":"SET DISFRAZ CHALECO POLICIA x1 (cachiporra,chaleco,gorro)","categoria":"Cotillon","subcategoria":"Accesorios Y Sets Para Disfraces / Tutu","precio":4932.9,"destacado":false,"descripcion":"","imagen":"assets/products/CA-000000008788.webp","tags":["set","disfraz","chaleco","policia","cachiporra","chaleco","gorro"]},{"id":"CA-000000008796","nombre":"SET DISFRAZ CHALECO SOLDADO x1 (boina,chaleco,handy,granada)","categoria":"Cotillon","subcategoria":"Accesorios Y Sets Para Disfraces / Tutu","precio":4932.9,"destacado":false,"descripcion":"","imagen":"assets/products/CA-000000008796.webp","tags":["set","disfraz","chaleco","soldado","boina","chaleco","handy","granada"]},{"id":"CA-000000008786","nombre":"SET DISFRAZ CHALECO ZORRO x1 (antifaz,capa,espada,gorro)","categoria":"Cotillon","subcategoria":"Accesorios Y Sets Para Disfraces / Tutu","precio":4932.9,"destacado":false,"descripcion":"","imagen":"assets/products/CA-000000008786.webp","tags":["set","disfraz","chaleco","zorro","antifaz","capa","espada","gorro"]},{"id":"CA-696497540082","nombre":"SET EGRESADO (GORRO Y BANDA) x1 GRO8-2","categoria":"Cotillon","subcategoria":"Festejos Egresados/Upd","precio":4756.2,"destacado":false,"descripcion":"","imagen":"assets/products/CA-696497540082.webp","tags":["set","egresado","gorro","banda","gro8"]},{"id":"CA-202580000422","nombre":"SET GANGSTER ANTEOJO - COLLAR - PULSERA 3pcs x1 FP422","categoria":"Cotillon","subcategoria":"Accesorios Y Sets Para Disfraces / Tutu","precio":6782.4,"destacado":false,"descripcion":"","imagen":"assets/products/CA-202580000422.webp","tags":["set","gangster","anteojo","collar","pulsera","3pcs","fp422"]},{"id":"CA-792025006604","nombre":"SET GATITA SEXY x1 DG6604A","categoria":"Cotillon","subcategoria":"Accesorios Y Sets Para Disfraces / Tutu","precio":10172.4,"destacado":false,"descripcion":"","imagen":"assets/products/CA-792025006604.webp","tags":["set","gatita","sexy","dg6604a"]},{"id":"CA-788820249696","nombre":"SET GATITO SEXY CON COLA x1 DG9696A (varios colores)","categoria":"Cotillon","subcategoria":"Accesorios Y Sets Para Disfraces / Tutu","precio":3335.05,"destacado":false,"descripcion":"","imagen":"assets/products/CA-788820249696.webp","tags":["set","gatito","sexy","con","cola","dg9696a","varios","colores"]},{"id":"CA-250619123007","nombre":"SET GLAM PRINCESS OSTRAS  (moño, lentes, aros, collar, pulsera) x1 DG6058A","categoria":"Cotillon","subcategoria":"Accesorios Y Sets Para Disfraces / Tutu","precio":13328.0,"destacado":false,"descripcion":"","imagen":"assets/products/CA-250619123007.webp","tags":["set","glam","princess","ostras","moño","lentes","aros","collar","pulsera","dg6058a"]},{"id":"CA-250619123029","nombre":"SET GORRA, LENTES Y COLLAR  x1 DG6082A","categoria":"Cotillon","subcategoria":"Accesorios Y Sets Para Disfraces / Tutu","precio":13857.2,"destacado":false,"descripcion":"","imagen":"assets/products/CA-250619123029.webp","tags":["set","gorra","lentes","collar","dg6082a"]},{"id":"CA-202580000563","nombre":"SET HADA TINKERBELL (TUTU-ALA)  x1 FP563","categoria":"Cotillon","subcategoria":"Alas Y Set De Alas","precio":9547.24,"destacado":false,"descripcion":"","imagen":"assets/products/CA-202580000563.webp","tags":["set","hada","tinkerbell","tutu","ala","fp563"]},{"id":"CA-000000048238","nombre":"SET HALLOWEEN ECHYZOS DRACULA x1","categoria":"Cotillon","subcategoria":"Accesorios Y Sets Para Disfraces / Tutu","precio":3892.05,"destacado":false,"descripcion":"","imagen":"assets/products/CA-000000048238.webp","tags":["set","halloween","echyzos","dracula"]},{"id":"CA-541497890129","nombre":"SET HIPIEE 5 PIEZAS PREMIUM x1 PA0129","categoria":"Cotillon","subcategoria":"Accesorios Y Sets Para Disfraces / Tutu","precio":11340.0,"destacado":false,"descripcion":"","imagen":"assets/products/CA-541497890129.webp","tags":["set","hipiee","piezas","premium","pa0129"]},{"id":"CA-541497890151","nombre":"SET HIPIEE PEACE 3 PIEZAS  x1 PA0151","categoria":"Cotillon","subcategoria":"Accesorios Y Sets Para Disfraces / Tutu","precio":4966.41,"destacado":false,"descripcion":"","imagen":"assets/products/CA-541497890151.webp","tags":["set","hipiee","peace","piezas","pa0151"]},{"id":"CA-250619123010","nombre":"SET HIPPIE ANIMAL PRINT (vincha, lentes, aros, collar) X1 DG6061A","categoria":"Cotillon","subcategoria":"Accesorios Y Sets Para Disfraces / Tutu","precio":9129.12,"destacado":false,"descripcion":"","imagen":"assets/products/CA-250619123010.webp","tags":["set","hippie","animal","print","vincha","lentes","aros","collar","dg6061a"]},{"id":"CA-250619123015","nombre":"SET HIPPIE FUCSIA (vincha, lentes, aros, collar) X1 DG6066A","categoria":"Cotillon","subcategoria":"Accesorios Y Sets Para Disfraces / Tutu","precio":6671.28,"destacado":false,"descripcion":"","imagen":"assets/products/CA-250619123015.webp","tags":["set","hippie","fucsia","vincha","lentes","aros","collar","dg6066a"]},{"id":"CA-250619123009","nombre":"SET HIPPIE MULTICOLOR (bandana, lentes, collar) X1 DG6060A","categoria":"Cotillon","subcategoria":"Accesorios Y Sets Para Disfraces / Tutu","precio":5477.47,"destacado":false,"descripcion":"","imagen":"assets/products/CA-250619123009.webp","tags":["set","hippie","multicolor","bandana","lentes","collar","dg6060a"]},{"id":"CA-250619123016","nombre":"SET HIPPIE MULTICOLOR (vincha, lentes, aros, collar) X1 DG6067A","categoria":"Cotillon","subcategoria":"Accesorios Y Sets Para Disfraces / Tutu","precio":6671.28,"destacado":false,"descripcion":"","imagen":"assets/products/CA-250619123016.webp","tags":["set","hippie","multicolor","vincha","lentes","aros","collar","dg6067a"]},{"id":"CA-250619123017","nombre":"SET HIPPIE MULTICOLOR (vincha, lentes, aros, collar) X1 DG6068A","categoria":"Cotillon","subcategoria":"Accesorios Y Sets Para Disfraces / Tutu","precio":6671.28,"destacado":false,"descripcion":"","imagen":"assets/products/CA-250619123017.webp","tags":["set","hippie","multicolor","vincha","lentes","aros","collar","dg6068a"]},{"id":"CA-250619123019","nombre":"SET HIPPIE VARIOS COLORES (vincha, lentes, aros, collar) X1 DG6070A","categoria":"Cotillon","subcategoria":"Accesorios Y Sets Para Disfraces / Tutu","precio":7724.64,"destacado":false,"descripcion":"","imagen":"assets/products/CA-250619123019.webp","tags":["set","hippie","varios","colores","vincha","lentes","aros","collar","dg6070a"]}]}