{"category_slug":"cotillon","subcategory_slug":"","page":68,"page_size":48,"total":4091,"items":[{"id":"CA-000000032033","nombre":"PAPEL PICADO METAL (PACK 5x1kg)","categoria":"Cotillon","subcategoria":"Nieve/Serpentina/Pintura/Polvos/Cañones/P.Picado","precio":6345.0,"destacado":false,"descripcion":"","imagen":"assets/products/CA-000000032033.webp","tags":["papel","picado","metal","pack","5x1kg"]},{"id":"CA-000000033084","nombre":"PAPEL PICADO METAL (PACK 5x200 Grs)","categoria":"Cotillon","subcategoria":"Nieve/Serpentina/Pintura/Polvos/Cañones/P.Picado","precio":3736.5,"destacado":false,"descripcion":"","imagen":"assets/products/CA-000000033084.webp","tags":["papel","picado","metal","pack","5x200","grs"]},{"id":"CA-000000046403","nombre":"PAPEL PICADO METAL x3kg","categoria":"Cotillon","subcategoria":"Nieve/Serpentina/Pintura/Polvos/Cañones/P.Picado","precio":4737.6,"destacado":false,"descripcion":"","imagen":"assets/products/CA-000000046403.webp","tags":["papel","picado","metal","x3kg"]},{"id":"CA-000000057937","nombre":"PAPEL PICADO MULTICOLOR ESPECIAL 900grs x1 NAP","categoria":"Cotillon","subcategoria":"Nieve/Serpentina/Pintura/Polvos/Cañones/P.Picado","precio":2538.0,"destacado":false,"descripcion":"","imagen":"assets/products/CA-000000057937.webp","tags":["papel","picado","multicolor","especial","900grs","nap"]},{"id":"CA-779813201225","nombre":"PARAGUAS INFANTIL CON SILBATO x1 201225","categoria":"Cotillon","subcategoria":"Miniaturas / Juguetitos / Regalitos","precio":3548.16,"destacado":false,"descripcion":"","imagen":"assets/products/CA-779813201225.webp","tags":["paraguas","infantil","con","silbato","201225"]},{"id":"CA-779810096782","nombre":"PARTY SET FILGO CRAYONES 6 COLORES  x10  PARTYSET-D6-WXC","categoria":"Cotillon","subcategoria":"Miniaturas / Juguetitos / Regalitos","precio":9444.7,"destacado":false,"descripcion":"","imagen":"assets/products/CA-779810096782.webp","tags":["party","set","filgo","crayones","colores","x10","partyset","wxc"]},{"id":"CA-779810096783","nombre":"PARTY SET FILGO LAPICES 6 COLORES  x10  PARTYSET-D6-PN202","categoria":"Cotillon","subcategoria":"Miniaturas / Juguetitos / Regalitos","precio":9444.7,"destacado":false,"descripcion":"","imagen":"assets/products/CA-779810096783.webp","tags":["party","set","filgo","lapices","colores","x10","partyset","pn202"]},{"id":"CA-779810096781","nombre":"PARTY SET FILGO MARCADORES 6 COLORES  x10  PARTYSET-D6-CM2210","categoria":"Cotillon","subcategoria":"Miniaturas / Juguetitos / Regalitos","precio":9444.7,"destacado":false,"descripcion":"","imagen":"assets/products/CA-779810096781.webp","tags":["party","set","filgo","marcadores","colores","x10","partyset","cm2210"]},{"id":"CA-693632411180","nombre":"PEINES COLOR x50 U2411-180","categoria":"Cotillon","subcategoria":"Miniaturas / Juguetitos / Regalitos","precio":6461.0,"destacado":false,"descripcion":"","imagen":"assets/products/CA-693632411180.webp","tags":["peines","color","x50","u2411","180"]},{"id":"CA-000000002568","nombre":"PEINETA Y PEINE CON COLA  PATRIMAR x36","categoria":"Cotillon","subcategoria":"Miniaturas / Juguetitos / Regalitos","precio":729.59,"destacado":false,"descripcion":"","imagen":"assets/products/CA-000000002568.webp","tags":["peineta","peine","con","cola","patrimar","x36"]},{"id":"CA-000000023057","nombre":"PELOTA PARA PELOTERO  x100u.","categoria":"Cotillon","subcategoria":"Complementos Para Fiestas","precio":17113.2,"destacado":false,"descripcion":"* (19/12/2025)","imagen":"assets/products/CA-000000023057.webp","tags":["pelota","para","pelotero","x100u"]},{"id":"CA-552010042483","nombre":"PELOTAS 4 DEPORTES x24 NL2020-8/163155","categoria":"Cotillon","subcategoria":"Miniaturas / Juguetitos / Regalitos","precio":21419.42,"destacado":false,"descripcion":"","imagen":"assets/products/CA-552010042483.webp","tags":["pelotas","deportes","x24","nl2020","163155"]},{"id":"CA-779812557155","nombre":"PELOTAS GRANDES ROTTI x6","categoria":"Cotillon","subcategoria":"Miniaturas / Juguetitos / Regalitos","precio":1558.62,"destacado":false,"descripcion":"","imagen":"assets/products/CA-779812557155.webp","tags":["pelotas","grandes","rotti"]},{"id":"CA-779812617132","nombre":"PELOTITA MULTICOLOR PIERROTx36","categoria":"Cotillon","subcategoria":"Miniaturas / Juguetitos / Regalitos","precio":1856.25,"destacado":false,"descripcion":"","imagen":"assets/products/CA-779812617132.webp","tags":["pelotita","multicolor","pierrotx36"]},{"id":"CA-779812557267","nombre":"PELOTITAS CHICAS MULTICOLOR RAYADA ROTTI x36","categoria":"Cotillon","subcategoria":"Miniaturas / Juguetitos / Regalitos","precio":1964.44,"destacado":false,"descripcion":"","imagen":"assets/products/CA-779812557267.webp","tags":["pelotitas","chicas","multicolor","rayada","rotti","x36"]},{"id":"CA-779812557676","nombre":"PELOTITAS DE FUTBOL ARGENTINA x6","categoria":"Cotillon","subcategoria":"Miniaturas / Juguetitos / Regalitos","precio":1330.92,"destacado":false,"descripcion":"","imagen":"assets/products/CA-779812557676.webp","tags":["pelotitas","futbol","argentina"]},{"id":"CA-779812557672","nombre":"PELOTITAS DE FUTBOL AZUL Y AMARILLO x6","categoria":"Cotillon","subcategoria":"Miniaturas / Juguetitos / Regalitos","precio":1330.92,"destacado":false,"descripcion":"","imagen":"assets/products/CA-779812557672.webp","tags":["pelotitas","futbol","azul","amarillo"]},{"id":"CA-779812557674","nombre":"PELOTITAS DE FUTBOL BLANCA Y ROJA x6","categoria":"Cotillon","subcategoria":"Miniaturas / Juguetitos / Regalitos","precio":1330.92,"destacado":false,"descripcion":"","imagen":"assets/products/CA-779812557674.webp","tags":["pelotitas","futbol","blanca","roja"]},{"id":"CA-779812557670","nombre":"PELOTITAS DE FUTBOL BLANCO Y NEGRO x6","categoria":"Cotillon","subcategoria":"Miniaturas / Juguetitos / Regalitos","precio":1330.92,"destacado":false,"descripcion":"","imagen":"assets/products/CA-779812557670.webp","tags":["pelotitas","futbol","blanco","negro"]},{"id":"CA-779812557668","nombre":"PELOTITAS DE FUTBOL MULTICOLOR x6","categoria":"Cotillon","subcategoria":"Miniaturas / Juguetitos / Regalitos","precio":1330.92,"destacado":false,"descripcion":"","imagen":"assets/products/CA-779812557668.webp","tags":["pelotitas","futbol","multicolor"]},{"id":"CA-692544575357","nombre":"PELOTITAS SALTARINAS BICOLOR x100 U24-357","categoria":"Cotillon","subcategoria":"Miniaturas / Juguetitos / Regalitos","precio":10126.48,"destacado":false,"descripcion":"","imagen":"assets/products/CA-692544575357.webp","tags":["pelotitas","saltarinas","bicolor","x100","u24","357"]},{"id":"CA-692544575358","nombre":"PELOTITAS SALTARINAS DEPORTES x100 U24-358","categoria":"Cotillon","subcategoria":"Miniaturas / Juguetitos / Regalitos","precio":13534.43,"destacado":false,"descripcion":"","imagen":"assets/products/CA-692544575358.webp","tags":["pelotitas","saltarinas","deportes","x100","u24","358"]},{"id":"CA-000000041209","nombre":"PELOTITAS SALTARINAS EMOJIS x10 JB1294-3","categoria":"Cotillon","subcategoria":"Miniaturas / Juguetitos / Regalitos","precio":1400.0,"destacado":false,"descripcion":"* (19/12/2025)","imagen":"assets/products/CA-000000041209.webp","tags":["pelotitas","saltarinas","emojis","x10","jb1294"]},{"id":"CA-000000041208","nombre":"PELOTITAS SALTARINAS FLUO x10 JB1294-4","categoria":"Cotillon","subcategoria":"Miniaturas / Juguetitos / Regalitos","precio":1400.0,"destacado":false,"descripcion":"* (19/12/2025)","imagen":"assets/products/CA-000000041208.webp","tags":["pelotitas","saltarinas","fluo","x10","jb1294"]},{"id":"CA-682022021294","nombre":"PELOTITAS SALTARINAS FLUO x100 JB1294-2","categoria":"Cotillon","subcategoria":"Miniaturas / Juguetitos / Regalitos","precio":12779.82,"destacado":false,"descripcion":"","imagen":"assets/products/CA-682022021294.webp","tags":["pelotitas","saltarinas","fluo","x100","jb1294"]},{"id":"CA-692544575360","nombre":"PELOTITAS SALTARINAS FLUO x100 U24-360","categoria":"Cotillon","subcategoria":"Miniaturas / Juguetitos / Regalitos","precio":12779.82,"destacado":false,"descripcion":"","imagen":"assets/products/CA-692544575360.webp","tags":["pelotitas","saltarinas","fluo","x100","u24","360"]},{"id":"CA-000000041210","nombre":"PELOTITAS SALTARINAS FUTBOL x10 JB1294","categoria":"Cotillon","subcategoria":"Miniaturas / Juguetitos / Regalitos","precio":1400.0,"destacado":false,"descripcion":"* (19/12/2025)","imagen":"assets/products/CA-000000041210.webp","tags":["pelotitas","saltarinas","futbol","x10","jb1294"]},{"id":"CA-679740820038","nombre":"PELOTITAS SALTARINAS OJITOS  x10 PA0038 CA","categoria":"Cotillon","subcategoria":"Miniaturas / Juguetitos / Regalitos","precio":1400.0,"destacado":false,"descripcion":"* (19/12/2025)","imagen":"assets/products/CA-679740820038.webp","tags":["pelotitas","saltarinas","ojitos","x10","pa0038"]},{"id":"CA-779908803671","nombre":"PELUCA CHARLESTON RUBIA x1 PSP38A PS","categoria":"Cotillon","subcategoria":"Accesorios Y Sets Para Disfraces / Tutu","precio":5489.58,"destacado":false,"descripcion":"","imagen":"assets/products/CA-779908803671.webp","tags":["peluca","charleston","rubia","psp38a"]},{"id":"CA-692412411106","nombre":"PESA PARA GLOBO ESTRELLA METALIZADA COLOR x1 U2411-106","categoria":"Cotillon","subcategoria":"Accesorios Para Globos","precio":975.0,"destacado":false,"descripcion":"","imagen":"assets/products/CA-692412411106.webp","tags":["pesa","para","globo","estrella","metalizada","color","u2411","106"]},{"id":"CA-000000055808","nombre":"PETALOS DE ROSA VARIOS COLORES (10 x100u)  aprox ILC227","categoria":"Cotillon","subcategoria":"Complementos Para Fiestas","precio":4618.94,"destacado":false,"descripcion":"","imagen":"assets/products/CA-000000055808.webp","tags":["petalos","rosa","varios","colores","x100u","aprox","ilc227"]},{"id":"CA-000000009587","nombre":"PIECITO TAKA-TAKA MINI  PATRIMAR x24","categoria":"Cotillon","subcategoria":"Miniaturas / Juguetitos / Regalitos","precio":2882.57,"destacado":false,"descripcion":"","imagen":"assets/products/CA-000000009587.webp","tags":["piecito","taka","taka","mini","patrimar","x24"]},{"id":"CA-692025065003","nombre":"PINCHE ADORNO ARCOIRIS CON ESTRELLAS x1 65-3-1","categoria":"Cotillon","subcategoria":"Complementos Para Fiestas","precio":1465.9,"destacado":false,"descripcion":"","imagen":"assets/products/CA-692025065003.webp","tags":["pinche","adorno","arcoiris","con","estrellas"]},{"id":"CA-690713551399","nombre":"PINCHE ADORNO ARCOIRIS DORADO x1 GR13-24-1","categoria":"Cotillon","subcategoria":"Complementos Para Fiestas","precio":1378.69,"destacado":false,"descripcion":"","imagen":"assets/products/CA-690713551399.webp","tags":["pinche","adorno","arcoiris","dorado","gr13"]},{"id":"CA-690713551402","nombre":"PINCHE ADORNO ARCOIRIS PLATEADO x1 GR13-25-2","categoria":"Cotillon","subcategoria":"Complementos Para Fiestas","precio":1378.69,"destacado":false,"descripcion":"","imagen":"assets/products/CA-690713551402.webp","tags":["pinche","adorno","arcoiris","plateado","gr13"]},{"id":"CA-689007362310","nombre":"PINCHE ADORNO F.C. FLUORESCENTE x1 JB 1068","categoria":"Cotillon","subcategoria":"Complementos Para Fiestas","precio":702.27,"destacado":false,"descripcion":"","imagen":"assets/products/CA-689007362310.webp","tags":["pinche","adorno","fluorescente","1068"]},{"id":"CA-202560020953","nombre":"PINCHE ADORNO FELICIDADES GRADUADO GRANDE  X1 FP0953-02","categoria":"Cotillon","subcategoria":"Festejos Egresados/Upd","precio":957.6,"destacado":false,"descripcion":"NUEVO 06/11/2025","imagen":"assets/products/CA-202560020953.webp","tags":["pinche","adorno","felicidades","graduado","grande","fp0953"]},{"id":"CA-202560000953","nombre":"PINCHE ADORNO FELICIDADES GRADUADO X1 FP0953-01","categoria":"Cotillon","subcategoria":"Festejos Egresados/Upd","precio":957.6,"destacado":false,"descripcion":"NUEVO 06/11/2025","imagen":"assets/products/CA-202560000953.webp","tags":["pinche","adorno","felicidades","graduado","fp0953"]},{"id":"CA-779905100782","nombre":"PINCHE ARGENTINA (PROPS)1232.x12u.GM","categoria":"Cotillon","subcategoria":"Complementos Para Fiestas","precio":1423.44,"destacado":false,"descripcion":"","imagen":"assets/products/CA-779905100782.webp","tags":["pinche","argentina","props","1232","x12u"]},{"id":"CA-692051781406","nombre":"PINCHE FELIZ ANIVERSARIO METALIZADO POR COLOR x12 GR78-7","categoria":"Cotillon","subcategoria":"Complementos Para Fiestas","precio":10884.46,"destacado":false,"descripcion":"","imagen":"assets/products/CA-692051781406.webp","tags":["pinche","feliz","aniversario","metalizado","por","color","x12","gr78"]},{"id":"CA-692051781401","nombre":"PINCHE FELIZ CUMPLE METALIZADO POR COLOR x12 GR78-14","categoria":"Cotillon","subcategoria":"Complementos Para Fiestas","precio":10898.55,"destacado":false,"descripcion":"","imagen":"assets/products/CA-692051781401.webp","tags":["pinche","feliz","cumple","metalizado","por","color","x12","gr78"]},{"id":"CA-698956078102","nombre":"PINCHE FELIZ CUMPLEAÑOS ARCOIRIS CONFETTI CELESTE x1 GR78-10-2","categoria":"Cotillon","subcategoria":"Complementos Para Fiestas","precio":1592.87,"destacado":false,"descripcion":"","imagen":"assets/products/CA-698956078102.webp","tags":["pinche","feliz","cumpleaños","arcoiris","confetti","celeste","gr78"]},{"id":"CA-698956078101","nombre":"PINCHE FELIZ CUMPLEAÑOS ARCOIRIS CONFETTI ROSA x1 GR78-10-1","categoria":"Cotillon","subcategoria":"Complementos Para Fiestas","precio":1592.87,"destacado":false,"descripcion":"","imagen":"assets/products/CA-698956078101.webp","tags":["pinche","feliz","cumpleaños","arcoiris","confetti","rosa","gr78"]},{"id":"CA-698956078080","nombre":"PINCHE FELIZ CUMPLEAÑOS ARCOIRIS x1 GR78-8","categoria":"Cotillon","subcategoria":"Complementos Para Fiestas","precio":1336.04,"destacado":false,"descripcion":"","imagen":"assets/products/CA-698956078080.webp","tags":["pinche","feliz","cumpleaños","arcoiris","gr78"]},{"id":"CA-690713551403","nombre":"PINCHE FELIZ CUMPLEAÑOS BRILLO MULTICOLOR x1 GR13-28","categoria":"Cotillon","subcategoria":"Complementos Para Fiestas","precio":1809.53,"destacado":false,"descripcion":"","imagen":"assets/products/CA-690713551403.webp","tags":["pinche","feliz","cumpleaños","brillo","multicolor","gr13"]},{"id":"CA-697201131602","nombre":"PINCHE FELIZ CUMPLEAÑOS CIRCULO CON LUZ MOÑO CELESTE x1 GR13-16-2","categoria":"Cotillon","subcategoria":"Complementos Para Fiestas","precio":1637.19,"destacado":false,"descripcion":"","imagen":"assets/products/CA-697201131602.webp","tags":["pinche","feliz","cumpleaños","circulo","con","luz","moño","celeste","gr13"]},{"id":"CA-697201131601","nombre":"PINCHE FELIZ CUMPLEAÑOS CIRCULO CON LUZ MOÑO ROSA x1 GR13-16-1","categoria":"Cotillon","subcategoria":"Complementos Para Fiestas","precio":1637.19,"destacado":false,"descripcion":"","imagen":"assets/products/CA-697201131601.webp","tags":["pinche","feliz","cumpleaños","circulo","con","luz","moño","rosa","gr13"]},{"id":"CA-202560000894","nombre":"PINCHE FELIZ CUMPLEAÑOS CORONA METAL STRASS X1 FP0894","categoria":"Cotillon","subcategoria":"Coronas / Tiaras / Cetros / Varitas","precio":2619.54,"destacado":false,"descripcion":"","imagen":"assets/products/CA-202560000894.webp","tags":["pinche","feliz","cumpleaños","corona","metal","strass","fp0894"]}]}