{"category_slug":"cotillon","subcategory_slug":"","page":53,"page_size":48,"total":4091,"items":[{"id":"CA-77981941531612","nombre":"GLOBO OVNI METALIZADO 14\" ROSA GOLD Nº4 x5 (NO APTO HELIO) 53161","categoria":"Cotillon","subcategoria":"Globos Metalizados Numeros","precio":2819.26,"destacado":false,"descripcion":"","imagen":"assets/products/CA-77981941531612.webp","tags":["globo","ovni","metalizado","rosa","gold","nº4","apto","helio","53161"]},{"id":"CA-77981941531780","nombre":"GLOBO OVNI METALIZADO 14\" ROSA GOLD Nº5 x5 (NO APTO HELIO) 53178","categoria":"Cotillon","subcategoria":"Globos Metalizados Numeros","precio":2819.26,"destacado":false,"descripcion":"","imagen":"assets/products/CA-77981941531780.webp","tags":["globo","ovni","metalizado","rosa","gold","nº5","apto","helio","53178"]},{"id":"CA-77981941531858","nombre":"GLOBO OVNI METALIZADO 14\" ROSA GOLD Nº6 X 5 (NO APTO HELIO)53185","categoria":"Cotillon","subcategoria":"Globos Metalizados Numeros","precio":2819.26,"destacado":false,"descripcion":"","imagen":"assets/products/CA-77981941531858.webp","tags":["globo","ovni","metalizado","rosa","gold","nº6","apto","helio","53185"]},{"id":"CA-77981941531926","nombre":"GLOBO OVNI METALIZADO 14\" ROSA GOLD Nº7 x5 (NO APTO HELIO) 53192","categoria":"Cotillon","subcategoria":"Globos Metalizados Numeros","precio":2819.26,"destacado":false,"descripcion":"","imagen":"assets/products/CA-77981941531926.webp","tags":["globo","ovni","metalizado","rosa","gold","nº7","apto","helio","53192"]},{"id":"CA-77981941532084","nombre":"GLOBO OVNI METALIZADO 14\" ROSA GOLD Nº8 x5 (NO APTO HELIO)53208","categoria":"Cotillon","subcategoria":"Globos Metalizados Numeros","precio":2819.26,"destacado":false,"descripcion":"","imagen":"assets/products/CA-77981941532084.webp","tags":["globo","ovni","metalizado","rosa","gold","nº8","apto","helio","53208"]},{"id":"CA-77981941532152","nombre":"GLOBO OVNI METALIZADO 14\" ROSA GOLD Nº9 x5 (NO APTO HELIO) 53215","categoria":"Cotillon","subcategoria":"Globos Metalizados Numeros","precio":2819.26,"destacado":false,"descripcion":"","imagen":"assets/products/CA-77981941532152.webp","tags":["globo","ovni","metalizado","rosa","gold","nº9","apto","helio","53215"]},{"id":"CA-779819415739","nombre":"GLOBO OVNI METALIZADO 18\" CORAZON CROMO DORADO x1 (APTO HELIO)57398","categoria":"Cotillon","subcategoria":"Globos Metalizados Formas","precio":575.71,"destacado":false,"descripcion":"","imagen":"assets/products/CA-779819415739.webp","tags":["globo","ovni","metalizado","corazon","cromo","dorado","apto","helio","57398"]},{"id":"CA-779819415740","nombre":"GLOBO OVNI METALIZADO 18\" CORAZON CROMO PLATEADOx1 (APTO HELIO)57404","categoria":"Cotillon","subcategoria":"Globos Metalizados Formas","precio":575.71,"destacado":false,"descripcion":"","imagen":"assets/products/CA-779819415740.webp","tags":["globo","ovni","metalizado","corazon","cromo","plateadox1","apto","helio","57404"]},{"id":"CA-779819415741","nombre":"GLOBO OVNI METALIZADO 18\" CORAZON CROMO ROJO x1 (APTO HELIO) 57411","categoria":"Cotillon","subcategoria":"Globos Metalizados Formas","precio":575.71,"destacado":false,"descripcion":"","imagen":"assets/products/CA-779819415741.webp","tags":["globo","ovni","metalizado","corazon","cromo","rojo","apto","helio","57411"]},{"id":"CA-779819415602","nombre":"GLOBO OVNI METALIZADO 18\" CORAZON CROMO ROSA GOLD x1 (APTO HELIO) 56025","categoria":"Cotillon","subcategoria":"Globos Metalizados Formas","precio":575.71,"destacado":false,"descripcion":"","imagen":"assets/products/CA-779819415602.webp","tags":["globo","ovni","metalizado","corazon","cromo","rosa","gold","apto","helio","56025"]},{"id":"CA-779819415742","nombre":"GLOBO OVNI METALIZADO 18\" CORAZON CROMO ROSA x1 (APTO HELIO)57428","categoria":"Cotillon","subcategoria":"Globos Metalizados Formas","precio":575.71,"destacado":false,"descripcion":"","imagen":"assets/products/CA-779819415742.webp","tags":["globo","ovni","metalizado","corazon","cromo","rosa","apto","helio","57428"]},{"id":"CA-779819415722","nombre":"GLOBO OVNI METALIZADO 18\" CORAZON RAINBOW x1 (APTO HELIO)57220","categoria":"Cotillon","subcategoria":"Globos Metalizados Formas","precio":575.71,"destacado":false,"descripcion":"","imagen":"assets/products/CA-779819415722.webp","tags":["globo","ovni","metalizado","corazon","rainbow","apto","helio","57220"]},{"id":"CA-779819415475","nombre":"GLOBO OVNI METALIZADO 18\" CORAZON ROJO x1 54755","categoria":"Cotillon","subcategoria":"Globos Metalizados Formas","precio":575.71,"destacado":false,"descripcion":"","imagen":"assets/products/CA-779819415475.webp","tags":["globo","ovni","metalizado","corazon","rojo","54755"]},{"id":"CA-779819415746","nombre":"GLOBO OVNI METALIZADO 18\" ESTRELLA CELESTE PASTEL  x1 (APTO HELIO)","categoria":"Cotillon","subcategoria":"Globos Metalizados Formas","precio":575.71,"destacado":false,"descripcion":"","imagen":"assets/products/CA-779819415746.webp","tags":["globo","ovni","metalizado","estrella","celeste","pastel","apto","helio"]},{"id":"CA-779819415748","nombre":"GLOBO OVNI METALIZADO 18\" ESTRELLA CROMO DORADA x1 (APTO HELIO)57480","categoria":"Cotillon","subcategoria":"Globos Metalizados Formas","precio":575.71,"destacado":false,"descripcion":"","imagen":"assets/products/CA-779819415748.webp","tags":["globo","ovni","metalizado","estrella","cromo","dorada","apto","helio","57480"]},{"id":"CA-779819415749","nombre":"GLOBO OVNI METALIZADO 18\" ESTRELLA CROMO PLATEADO  x1 (APTO HELIO)57497","categoria":"Cotillon","subcategoria":"Globos Metalizados Formas","precio":575.71,"destacado":false,"descripcion":"","imagen":"assets/products/CA-779819415749.webp","tags":["globo","ovni","metalizado","estrella","cromo","plateado","apto","helio","57497"]},{"id":"CA-779819415817","nombre":"GLOBO OVNI METALIZADO 18\" ESTRELLA CROMO ROJO  x1 (APTO HELIO) 58173","categoria":"Cotillon","subcategoria":"Globos Metalizados Formas","precio":575.71,"destacado":false,"descripcion":"","imagen":"assets/products/CA-779819415817.webp","tags":["globo","ovni","metalizado","estrella","cromo","rojo","apto","helio","58173"]},{"id":"CA-779819415818","nombre":"GLOBO OVNI METALIZADO 18\" ESTRELLA CROMO ROSA  x1 (APTO HELIO)58180","categoria":"Cotillon","subcategoria":"Globos Metalizados Formas","precio":575.71,"destacado":false,"descripcion":"","imagen":"assets/products/CA-779819415818.webp","tags":["globo","ovni","metalizado","estrella","cromo","rosa","apto","helio","58180"]},{"id":"CA-779819415601","nombre":"GLOBO OVNI METALIZADO 18\" ESTRELLA CROMO ROSA GOLD x1 (APTO HELIO) 56018","categoria":"Cotillon","subcategoria":"Globos Metalizados Formas","precio":575.71,"destacado":false,"descripcion":"","imagen":"assets/products/CA-779819415601.webp","tags":["globo","ovni","metalizado","estrella","cromo","rosa","gold","apto","helio","56018"]},{"id":"CA-779819415747","nombre":"GLOBO OVNI METALIZADO 18\" ESTRELLA ROSA PASTEL  x1 (APTO HELIO) 57473","categoria":"Cotillon","subcategoria":"Globos Metalizados Formas","precio":575.71,"destacado":false,"descripcion":"","imagen":"assets/products/CA-779819415747.webp","tags":["globo","ovni","metalizado","estrella","rosa","pastel","apto","helio","57473"]},{"id":"CA-779842097108","nombre":"GLOBO OVNI METALIZADO 20\" ESFERA 4D AZUL x5 71088","categoria":"Cotillon","subcategoria":"Globos Metalizados Formas","precio":4914.02,"destacado":false,"descripcion":"","imagen":"assets/products/CA-779842097108.webp","tags":["globo","ovni","metalizado","esfera","azul","71088"]},{"id":"CA-779842097107","nombre":"GLOBO OVNI METALIZADO 20\" ESFERA 4D DORADO x5 71071","categoria":"Cotillon","subcategoria":"Globos Metalizados Formas","precio":4914.02,"destacado":false,"descripcion":"","imagen":"assets/products/CA-779842097107.webp","tags":["globo","ovni","metalizado","esfera","dorado","71071"]},{"id":"CA-779842097109","nombre":"GLOBO OVNI METALIZADO 20\" ESFERA 4D FUCSIA x5 71095","categoria":"Cotillon","subcategoria":"Globos Metalizados Formas","precio":4914.02,"destacado":false,"descripcion":"","imagen":"assets/products/CA-779842097109.webp","tags":["globo","ovni","metalizado","esfera","fucsia","71095"]},{"id":"CA-779842097110","nombre":"GLOBO OVNI METALIZADO 20\" ESFERA 4D NEGRO x5 71101","categoria":"Cotillon","subcategoria":"Globos Metalizados Formas","precio":4914.02,"destacado":false,"descripcion":"","imagen":"assets/products/CA-779842097110.webp","tags":["globo","ovni","metalizado","esfera","negro","71101"]},{"id":"CA-779842097106","nombre":"GLOBO OVNI METALIZADO 20\" ESFERA 4D PLATA x5 71064","categoria":"Cotillon","subcategoria":"Globos Metalizados Formas","precio":4914.02,"destacado":false,"descripcion":"","imagen":"assets/products/CA-779842097106.webp","tags":["globo","ovni","metalizado","esfera","plata","71064"]},{"id":"CA-779842097121","nombre":"GLOBO OVNI METALIZADO 20\" ESFERA 4D ROSA GOLD x5 71217","categoria":"Cotillon","subcategoria":"Globos Metalizados Formas","precio":4914.02,"destacado":false,"descripcion":"","imagen":"assets/products/CA-779842097121.webp","tags":["globo","ovni","metalizado","esfera","rosa","gold","71217"]},{"id":"CA-779842097115","nombre":"GLOBO OVNI METALIZADO 22\" CUBO 4D AZUL x5 71156","categoria":"Cotillon","subcategoria":"Globos Metalizados Formas","precio":4914.02,"destacado":false,"descripcion":"","imagen":"assets/products/CA-779842097115.webp","tags":["globo","ovni","metalizado","cubo","azul","71156"]},{"id":"CA-779842097112","nombre":"GLOBO OVNI METALIZADO 22\" CUBO 4D DORADO x5 71125","categoria":"Cotillon","subcategoria":"Globos Metalizados Formas","precio":4914.02,"destacado":false,"descripcion":"","imagen":"assets/products/CA-779842097112.webp","tags":["globo","ovni","metalizado","cubo","dorado","71125"]},{"id":"CA-779842097114","nombre":"GLOBO OVNI METALIZADO 22\" CUBO 4D FUCSIA x5 71149","categoria":"Cotillon","subcategoria":"Globos Metalizados Formas","precio":4914.02,"destacado":false,"descripcion":"","imagen":"assets/products/CA-779842097114.webp","tags":["globo","ovni","metalizado","cubo","fucsia","71149"]},{"id":"CA-779842097113","nombre":"GLOBO OVNI METALIZADO 22\" CUBO 4D NEGRO x5 71132","categoria":"Cotillon","subcategoria":"Globos Metalizados Formas","precio":4914.02,"destacado":false,"descripcion":"","imagen":"assets/products/CA-779842097113.webp","tags":["globo","ovni","metalizado","cubo","negro","71132"]},{"id":"CA-779842097111","nombre":"GLOBO OVNI METALIZADO 22\" CUBO 4D PLATA x5 71118","categoria":"Cotillon","subcategoria":"Globos Metalizados Formas","precio":4914.02,"destacado":false,"descripcion":"","imagen":"assets/products/CA-779842097111.webp","tags":["globo","ovni","metalizado","cubo","plata","71118"]},{"id":"CA-779842097122","nombre":"GLOBO OVNI METALIZADO 22\" CUBO 4D ROSA GOLD x5 71224","categoria":"Cotillon","subcategoria":"Globos Metalizados Formas","precio":4914.02,"destacado":false,"descripcion":"","imagen":"assets/products/CA-779842097122.webp","tags":["globo","ovni","metalizado","cubo","rosa","gold","71224"]},{"id":"CA-779842097120","nombre":"GLOBO OVNI METALIZADO 22\" ESTRELLA EXPLOSIVA 4D AZUL x5 71200","categoria":"Cotillon","subcategoria":"Globos Metalizados Formas","precio":4914.02,"destacado":false,"descripcion":"","imagen":"assets/products/CA-779842097120.webp","tags":["globo","ovni","metalizado","estrella","explosiva","azul","71200"]},{"id":"CA-779842097117","nombre":"GLOBO OVNI METALIZADO 22\" ESTRELLA EXPLOSIVA 4D DORADO x5 71170","categoria":"Cotillon","subcategoria":"Globos Metalizados Formas","precio":4914.02,"destacado":false,"descripcion":"","imagen":"assets/products/CA-779842097117.webp","tags":["globo","ovni","metalizado","estrella","explosiva","dorado","71170"]},{"id":"CA-779842097118","nombre":"GLOBO OVNI METALIZADO 22\" ESTRELLA EXPLOSIVA 4D NEGRO x5 71187","categoria":"Cotillon","subcategoria":"Globos Metalizados Formas","precio":4914.02,"destacado":false,"descripcion":"","imagen":"assets/products/CA-779842097118.webp","tags":["globo","ovni","metalizado","estrella","explosiva","negro","71187"]},{"id":"CA-779842097116","nombre":"GLOBO OVNI METALIZADO 22\" ESTRELLA EXPLOSIVA 4D PLATA x5 71163","categoria":"Cotillon","subcategoria":"Globos Metalizados Formas","precio":4914.02,"destacado":false,"descripcion":"","imagen":"assets/products/CA-779842097116.webp","tags":["globo","ovni","metalizado","estrella","explosiva","plata","71163"]},{"id":"CA-779842097123","nombre":"GLOBO OVNI METALIZADO 22\" ESTRELLA EXPLOSIVA 4D ROSA GOLD x5 71231","categoria":"Cotillon","subcategoria":"Globos Metalizados Formas","precio":4914.02,"destacado":false,"descripcion":"","imagen":"assets/products/CA-779842097123.webp","tags":["globo","ovni","metalizado","estrella","explosiva","rosa","gold","71231"]},{"id":"CA-779819415968","nombre":"GLOBO OVNI METALIZADO 34\" DORADO Nº 0 x1 59682","categoria":"Cotillon","subcategoria":"Globos Metalizados Numeros","precio":2029.06,"destacado":false,"descripcion":"","imagen":"assets/products/CA-779819415968.webp","tags":["globo","ovni","metalizado","dorado","59682"]},{"id":"CA-779819415969","nombre":"GLOBO OVNI METALIZADO 34\" DORADO Nº 1 x1 59699","categoria":"Cotillon","subcategoria":"Globos Metalizados Numeros","precio":2029.06,"destacado":false,"descripcion":"","imagen":"assets/products/CA-779819415969.webp","tags":["globo","ovni","metalizado","dorado","59699"]},{"id":"CA-779819415970","nombre":"GLOBO OVNI METALIZADO 34\" DORADO Nº 2 x1 59705","categoria":"Cotillon","subcategoria":"Globos Metalizados Numeros","precio":2029.06,"destacado":false,"descripcion":"","imagen":"assets/products/CA-779819415970.webp","tags":["globo","ovni","metalizado","dorado","59705"]},{"id":"CA-779819415971","nombre":"GLOBO OVNI METALIZADO 34\" DORADO Nº 3 x1 59712","categoria":"Cotillon","subcategoria":"Globos Metalizados Numeros","precio":2029.06,"destacado":false,"descripcion":"","imagen":"assets/products/CA-779819415971.webp","tags":["globo","ovni","metalizado","dorado","59712"]},{"id":"CA-779819415972","nombre":"GLOBO OVNI METALIZADO 34\" DORADO Nº 4 x1 59729","categoria":"Cotillon","subcategoria":"Globos Metalizados Numeros","precio":2029.06,"destacado":false,"descripcion":"","imagen":"assets/products/CA-779819415972.webp","tags":["globo","ovni","metalizado","dorado","59729"]},{"id":"CA-779819415973","nombre":"GLOBO OVNI METALIZADO 34\" DORADO Nº 5 x1 59736","categoria":"Cotillon","subcategoria":"Globos Metalizados Numeros","precio":2029.06,"destacado":false,"descripcion":"","imagen":"assets/products/CA-779819415973.webp","tags":["globo","ovni","metalizado","dorado","59736"]},{"id":"CA-779819415974","nombre":"GLOBO OVNI METALIZADO 34\" DORADO Nº 6 x1 59743","categoria":"Cotillon","subcategoria":"Globos Metalizados Numeros","precio":2029.06,"destacado":false,"descripcion":"","imagen":"assets/products/CA-779819415974.webp","tags":["globo","ovni","metalizado","dorado","59743"]},{"id":"CA-779819415975","nombre":"GLOBO OVNI METALIZADO 34\" DORADO Nº 7 x1 59750","categoria":"Cotillon","subcategoria":"Globos Metalizados Numeros","precio":2029.06,"destacado":false,"descripcion":"","imagen":"assets/products/CA-779819415975.webp","tags":["globo","ovni","metalizado","dorado","59750"]},{"id":"CA-779819415976","nombre":"GLOBO OVNI METALIZADO 34\" DORADO Nº 8 x1 59767","categoria":"Cotillon","subcategoria":"Globos Metalizados Numeros","precio":2029.06,"destacado":false,"descripcion":"","imagen":"assets/products/CA-779819415976.webp","tags":["globo","ovni","metalizado","dorado","59767"]},{"id":"CA-779819415977","nombre":"GLOBO OVNI METALIZADO 34\" DORADO Nº 9 x1 59774","categoria":"Cotillon","subcategoria":"Globos Metalizados Numeros","precio":2029.06,"destacado":false,"descripcion":"","imagen":"assets/products/CA-779819415977.webp","tags":["globo","ovni","metalizado","dorado","59774"]},{"id":"CA-779819415455","nombre":"GLOBO OVNI METALIZADO 34\" PLATEADO Nº 0 x1 54557","categoria":"Cotillon","subcategoria":"Globos Metalizados Numeros","precio":2029.06,"destacado":false,"descripcion":"","imagen":"assets/products/CA-779819415455.webp","tags":["globo","ovni","metalizado","plateado","54557"]}]}