{"category_slug":"cotillon","subcategory_slug":"","page":32,"page_size":48,"total":4091,"items":[{"id":"CA-000000057495","nombre":"DISFRAZ MUÑECA LABUBU CROSTI T1x1 (3-5años) PRECIO FINAL","categoria":"Cotillon","subcategoria":"Disfraces Infantiles - Fantasia Nena/Varon","precio":8775.0,"destacado":false,"descripcion":"* (05/12/2025)","imagen":"assets/products/CA-000000057495.webp","tags":["disfraz","muñeca","labubu","crosti","t1x1","5años","precio","final"]},{"id":"CA-000000057496","nombre":"DISFRAZ MUÑECA LABUBU CROSTI T2x1 (5-7años) PRECIO FINAL","categoria":"Cotillon","subcategoria":"Disfraces Infantiles - Fantasia Nena/Varon","precio":8775.0,"destacado":false,"descripcion":"* (05/12/2025)","imagen":"assets/products/CA-000000057496.webp","tags":["disfraz","muñeca","labubu","crosti","t2x1","7años","precio","final"]},{"id":"CA-000000057497","nombre":"DISFRAZ MUÑECA LABUBU CROSTI T3x1 (7-9años) PRECIO FINAL","categoria":"Cotillon","subcategoria":"Disfraces Infantiles - Fantasia Nena/Varon","precio":8775.0,"destacado":false,"descripcion":"* (05/12/2025)","imagen":"assets/products/CA-000000057497.webp","tags":["disfraz","muñeca","labubu","crosti","t3x1","9años","precio","final"]},{"id":"CA-779800258715","nombre":"DISFRAZ OFICIAL BATMAN T1 (1667-1) x1","categoria":"Cotillon","subcategoria":"Disfraces Oficiales Varon","precio":21060.0,"destacado":false,"descripcion":"","imagen":"assets/products/CA-779800258715.webp","tags":["disfraz","oficial","batman","1667"]},{"id":"CA-779800258716","nombre":"DISFRAZ OFICIAL BATMAN T2 (1667-2) x1","categoria":"Cotillon","subcategoria":"Disfraces Oficiales Varon","precio":21060.0,"destacado":false,"descripcion":"","imagen":"assets/products/CA-779800258716.webp","tags":["disfraz","oficial","batman","1667"]},{"id":"CA-779800258717","nombre":"DISFRAZ OFICIAL BATMAN T3 (1667-3) x1","categoria":"Cotillon","subcategoria":"Disfraces Oficiales Varon","precio":21060.0,"destacado":false,"descripcion":"","imagen":"assets/products/CA-779800258717.webp","tags":["disfraz","oficial","batman","1667"]},{"id":"CA-779837770095","nombre":"DISFRAZ OFICIAL BUZZ LIGHTYEAR PELICULA T0x1 7716 (3-4años)","categoria":"Cotillon","subcategoria":"Disfraces Oficiales Varon","precio":21115.01,"destacado":false,"descripcion":"","imagen":"assets/products/CA-779837770095.webp","tags":["disfraz","oficial","buzz","lightyear","pelicula","t0x1","7716","4años"]},{"id":"CA-779837770096","nombre":"DISFRAZ OFICIAL BUZZ LIGHTYEAR PELICULA T1x1 7717 (5-6años)","categoria":"Cotillon","subcategoria":"Disfraces Oficiales Varon","precio":21115.01,"destacado":false,"descripcion":"","imagen":"assets/products/CA-779837770096.webp","tags":["disfraz","oficial","buzz","lightyear","pelicula","t1x1","7717","6años"]},{"id":"CA-779837770097","nombre":"DISFRAZ OFICIAL BUZZ LIGHTYEAR PELICULA T2x1 7718 (7-8años)","categoria":"Cotillon","subcategoria":"Disfraces Oficiales Varon","precio":21115.01,"destacado":false,"descripcion":"","imagen":"assets/products/CA-779837770097.webp","tags":["disfraz","oficial","buzz","lightyear","pelicula","t2x1","7718","8años"]},{"id":"CA-779813611050","nombre":"DISFRAZ OFICIAL COWBOY WOODY T0x1 7740 (3-4años)","categoria":"Cotillon","subcategoria":"Disfraces Oficiales Varon","precio":21115.01,"destacado":false,"descripcion":"","imagen":"assets/products/CA-779813611050.webp","tags":["disfraz","oficial","cowboy","woody","t0x1","7740","4años"]},{"id":"CA-779813611051","nombre":"DISFRAZ OFICIAL COWBOY WOODY T1x1 7741 (5-6años)","categoria":"Cotillon","subcategoria":"Disfraces Oficiales Varon","precio":21115.01,"destacado":false,"descripcion":"","imagen":"assets/products/CA-779813611051.webp","tags":["disfraz","oficial","cowboy","woody","t1x1","7741","6años"]},{"id":"CA-779813611052","nombre":"DISFRAZ OFICIAL COWBOY WOODY T2x1 7742 (7-8años)","categoria":"Cotillon","subcategoria":"Disfraces Oficiales Varon","precio":21115.01,"destacado":false,"descripcion":"","imagen":"assets/products/CA-779813611052.webp","tags":["disfraz","oficial","cowboy","woody","t2x1","7742","8años"]},{"id":"CA-779837770212","nombre":"DISFRAZ OFICIAL DEADPOOL T0x1  (3-4años)","categoria":"Cotillon","subcategoria":"Disfraces Oficiales Varon","precio":21115.01,"destacado":false,"descripcion":"","imagen":"assets/products/CA-779837770212.webp","tags":["disfraz","oficial","deadpool","t0x1","4años"]},{"id":"CA-779837770213","nombre":"DISFRAZ OFICIAL DEADPOOL T1x1  (5-6años)","categoria":"Cotillon","subcategoria":"Disfraces Oficiales Varon","precio":21115.01,"destacado":false,"descripcion":"","imagen":"assets/products/CA-779837770213.webp","tags":["disfraz","oficial","deadpool","t1x1","6años"]},{"id":"CA-779837770214","nombre":"DISFRAZ OFICIAL DEADPOOL T2x1 (7-8años)","categoria":"Cotillon","subcategoria":"Disfraces Oficiales Varon","precio":21115.01,"destacado":false,"descripcion":"","imagen":"assets/products/CA-779837770214.webp","tags":["disfraz","oficial","deadpool","t2x1","8años"]},{"id":"CA-779824079621","nombre":"DISFRAZ OFICIAL ECONOMICO BELLA DURMIENTE T0 x1 8248 (3-4años)","categoria":"Cotillon","subcategoria":"Disfraces Oficiales Nena","precio":13825.28,"destacado":false,"descripcion":"","imagen":"assets/products/CA-779824079621.webp","tags":["disfraz","oficial","economico","bella","durmiente","8248","4años"]},{"id":"CA-779824079622","nombre":"DISFRAZ OFICIAL ECONOMICO BELLA DURMIENTE T1 x1 8249 (5-6años)","categoria":"Cotillon","subcategoria":"Disfraces Oficiales Nena","precio":13825.28,"destacado":false,"descripcion":"","imagen":"assets/products/CA-779824079622.webp","tags":["disfraz","oficial","economico","bella","durmiente","8249","6años"]},{"id":"CA-779824079623","nombre":"DISFRAZ OFICIAL ECONOMICO BELLA DURMIENTE T2 x1 8250 (7-8años)","categoria":"Cotillon","subcategoria":"Disfraces Oficiales Nena","precio":13825.28,"destacado":false,"descripcion":"","imagen":"assets/products/CA-779824079623.webp","tags":["disfraz","oficial","economico","bella","durmiente","8250","8años"]},{"id":"CA-779824079612","nombre":"DISFRAZ OFICIAL ECONOMICO BLANCANIEVES T0 x1 8239 (3-4años)","categoria":"Cotillon","subcategoria":"Disfraces Oficiales Nena","precio":13825.28,"destacado":false,"descripcion":"","imagen":"assets/products/CA-779824079612.webp","tags":["disfraz","oficial","economico","blancanieves","8239","4años"]},{"id":"CA-779824079613","nombre":"DISFRAZ OFICIAL ECONOMICO BLANCANIEVES T1 x1 8240 (5-6años)","categoria":"Cotillon","subcategoria":"Disfraces Oficiales Nena","precio":13825.28,"destacado":false,"descripcion":"","imagen":"assets/products/CA-779824079613.webp","tags":["disfraz","oficial","economico","blancanieves","8240","6años"]},{"id":"CA-779824079614","nombre":"DISFRAZ OFICIAL ECONOMICO BLANCANIEVES T2 x1 8241 (7-8años)","categoria":"Cotillon","subcategoria":"Disfraces Oficiales Nena","precio":13825.28,"destacado":false,"descripcion":"","imagen":"assets/products/CA-779824079614.webp","tags":["disfraz","oficial","economico","blancanieves","8241","8años"]},{"id":"CA-779824079594","nombre":"DISFRAZ OFICIAL ECONOMICO CAPITAN AMERICA T0x1 8203 (3-4años)","categoria":"Cotillon","subcategoria":"Disfraces Oficiales Varon","precio":13825.28,"destacado":false,"descripcion":"","imagen":"assets/products/CA-779824079594.webp","tags":["disfraz","oficial","economico","capitan","america","t0x1","8203","4años"]},{"id":"CA-779824079595","nombre":"DISFRAZ OFICIAL ECONOMICO CAPITAN AMERICA T1x1 8204 (5-6años)","categoria":"Cotillon","subcategoria":"Disfraces Oficiales Varon","precio":13825.28,"destacado":false,"descripcion":"","imagen":"assets/products/CA-779824079595.webp","tags":["disfraz","oficial","economico","capitan","america","t1x1","8204","6años"]},{"id":"CA-779824079596","nombre":"DISFRAZ OFICIAL ECONOMICO CAPITAN AMERICA T2x1 8205 (7-8años)","categoria":"Cotillon","subcategoria":"Disfraces Oficiales Varon","precio":13825.28,"destacado":false,"descripcion":"","imagen":"assets/products/CA-779824079596.webp","tags":["disfraz","oficial","economico","capitan","america","t2x1","8205","8años"]},{"id":"CA-779824079618","nombre":"DISFRAZ OFICIAL ECONOMICO CENICIENTA T0x1 8245 (3-4años)","categoria":"Cotillon","subcategoria":"Disfraces Oficiales Nena","precio":13825.28,"destacado":false,"descripcion":"","imagen":"assets/products/CA-779824079618.webp","tags":["disfraz","oficial","economico","cenicienta","t0x1","8245","4años"]},{"id":"CA-779824079619","nombre":"DISFRAZ OFICIAL ECONOMICO CENICIENTA T1x1 8246 (5-6años)","categoria":"Cotillon","subcategoria":"Disfraces Oficiales Nena","precio":13825.28,"destacado":false,"descripcion":"","imagen":"assets/products/CA-779824079619.webp","tags":["disfraz","oficial","economico","cenicienta","t1x1","8246","6años"]},{"id":"CA-779824079620","nombre":"DISFRAZ OFICIAL ECONOMICO CENICIENTA T2x1 8247 (7-8años)","categoria":"Cotillon","subcategoria":"Disfraces Oficiales Nena","precio":13825.28,"destacado":false,"descripcion":"","imagen":"assets/products/CA-779824079620.webp","tags":["disfraz","oficial","economico","cenicienta","t2x1","8247","8años"]},{"id":"CA-779824079603","nombre":"DISFRAZ OFICIAL ECONOMICO FROZEN ELSA T0 x1 8221 (3-4años)","categoria":"Cotillon","subcategoria":"Disfraces Oficiales Nena","precio":13825.28,"destacado":false,"descripcion":"","imagen":"assets/products/CA-779824079603.webp","tags":["disfraz","oficial","economico","frozen","elsa","8221","4años"]},{"id":"CA-779824079604","nombre":"DISFRAZ OFICIAL ECONOMICO FROZEN ELSA T1 x1 8222 (5-6años)","categoria":"Cotillon","subcategoria":"Disfraces Oficiales Nena","precio":13825.28,"destacado":false,"descripcion":"","imagen":"assets/products/CA-779824079604.webp","tags":["disfraz","oficial","economico","frozen","elsa","8222","6años"]},{"id":"CA-779824079605","nombre":"DISFRAZ OFICIAL ECONOMICO FROZEN ELSA T2 x1 8223 (7a8años)","categoria":"Cotillon","subcategoria":"Disfraces Oficiales Nena","precio":13825.28,"destacado":false,"descripcion":"","imagen":"assets/products/CA-779824079605.webp","tags":["disfraz","oficial","economico","frozen","elsa","8223","7a8años"]},{"id":"CA-779824079591","nombre":"DISFRAZ OFICIAL ECONOMICO HOMBRE ARAÑA T0 x1 8200 (3-4años)","categoria":"Cotillon","subcategoria":"Disfraces Oficiales Varon","precio":13825.28,"destacado":false,"descripcion":"","imagen":"assets/products/CA-779824079591.webp","tags":["disfraz","oficial","economico","hombre","araña","8200","4años"]},{"id":"CA-779824079592","nombre":"DISFRAZ OFICIAL ECONOMICO HOMBRE ARAÑA T1 x1 8201 (5-6años)","categoria":"Cotillon","subcategoria":"Disfraces Oficiales Varon","precio":13825.28,"destacado":false,"descripcion":"","imagen":"assets/products/CA-779824079592.webp","tags":["disfraz","oficial","economico","hombre","araña","8201","6años"]},{"id":"CA-779824079593","nombre":"DISFRAZ OFICIAL ECONOMICO HOMBRE ARAÑA T2 x1 8202 (7-8años)","categoria":"Cotillon","subcategoria":"Disfraces Oficiales Varon","precio":13825.28,"destacado":false,"descripcion":"","imagen":"assets/products/CA-779824079593.webp","tags":["disfraz","oficial","economico","hombre","araña","8202","8años"]},{"id":"CA-779824079600","nombre":"DISFRAZ OFICIAL ECONOMICO HULK T0 x1 8209 (3-4años)","categoria":"Cotillon","subcategoria":"Disfraces Oficiales Varon","precio":13825.28,"destacado":false,"descripcion":"","imagen":"assets/products/CA-779824079600.webp","tags":["disfraz","oficial","economico","hulk","8209","4años"]},{"id":"CA-779824079601","nombre":"DISFRAZ OFICIAL ECONOMICO HULK T1 x1 8210 (5-6años)","categoria":"Cotillon","subcategoria":"Disfraces Oficiales Varon","precio":13825.28,"destacado":false,"descripcion":"","imagen":"assets/products/CA-779824079601.webp","tags":["disfraz","oficial","economico","hulk","8210","6años"]},{"id":"CA-779824079602","nombre":"DISFRAZ OFICIAL ECONOMICO HULK T2 x1 8211 (7-8años)","categoria":"Cotillon","subcategoria":"Disfraces Oficiales Varon","precio":13825.28,"destacado":false,"descripcion":"","imagen":"assets/products/CA-779824079602.webp","tags":["disfraz","oficial","economico","hulk","8211","8años"]},{"id":"CA-779824079597","nombre":"DISFRAZ OFICIAL ECONOMICO IRONMAN T0 x1 8206 (3-4años)","categoria":"Cotillon","subcategoria":"Disfraces Oficiales Varon","precio":13825.28,"destacado":false,"descripcion":"","imagen":"assets/products/CA-779824079597.webp","tags":["disfraz","oficial","economico","ironman","8206","4años"]},{"id":"CA-779824079598","nombre":"DISFRAZ OFICIAL ECONOMICO IRONMAN T1 x1 8207 (5-6años)","categoria":"Cotillon","subcategoria":"Disfraces Oficiales Varon","precio":13825.28,"destacado":false,"descripcion":"","imagen":"assets/products/CA-779824079598.webp","tags":["disfraz","oficial","economico","ironman","8207","6años"]},{"id":"CA-779824079599","nombre":"DISFRAZ OFICIAL ECONOMICO IRONMAN T2 x1 8208 (7-8años)","categoria":"Cotillon","subcategoria":"Disfraces Oficiales Varon","precio":13825.28,"destacado":false,"descripcion":"","imagen":"assets/products/CA-779824079599.webp","tags":["disfraz","oficial","economico","ironman","8208","8años"]},{"id":"CA-779824079615","nombre":"DISFRAZ OFICIAL ECONOMICO LA BELLA T0 x1 8242 (3-4años)","categoria":"Cotillon","subcategoria":"Disfraces Oficiales Nena","precio":13825.28,"destacado":false,"descripcion":"","imagen":"assets/products/CA-779824079615.webp","tags":["disfraz","oficial","economico","bella","8242","4años"]},{"id":"CA-779824079616","nombre":"DISFRAZ OFICIAL ECONOMICO LA BELLA T1 x1 8243 (5-6años)","categoria":"Cotillon","subcategoria":"Disfraces Oficiales Nena","precio":13825.28,"destacado":false,"descripcion":"","imagen":"assets/products/CA-779824079616.webp","tags":["disfraz","oficial","economico","bella","8243","6años"]},{"id":"CA-779824079617","nombre":"DISFRAZ OFICIAL ECONOMICO LA BELLA T2 x1 8244 (7-8años)","categoria":"Cotillon","subcategoria":"Disfraces Oficiales Nena","precio":13825.28,"destacado":false,"descripcion":"","imagen":"assets/products/CA-779824079617.webp","tags":["disfraz","oficial","economico","bella","8244","8años"]},{"id":"CA-779824079624","nombre":"DISFRAZ OFICIAL ECONOMICO RAPUNZEL T0 x1 8251 (3-4años)","categoria":"Cotillon","subcategoria":"Disfraces Oficiales Nena","precio":13825.28,"destacado":false,"descripcion":"","imagen":"assets/products/CA-779824079624.webp","tags":["disfraz","oficial","economico","rapunzel","8251","4años"]},{"id":"CA-779824079625","nombre":"DISFRAZ OFICIAL ECONOMICO RAPUNZEL T1 x1 8252 (5-6años)","categoria":"Cotillon","subcategoria":"Disfraces Oficiales Nena","precio":13825.28,"destacado":false,"descripcion":"","imagen":"assets/products/CA-779824079625.webp","tags":["disfraz","oficial","economico","rapunzel","8252","6años"]},{"id":"CA-779824079626","nombre":"DISFRAZ OFICIAL ECONOMICO RAPUNZEL T2 x1 8253 (7-8años)","categoria":"Cotillon","subcategoria":"Disfraces Oficiales Nena","precio":13825.28,"destacado":false,"descripcion":"","imagen":"assets/products/CA-779824079626.webp","tags":["disfraz","oficial","economico","rapunzel","8253","8años"]},{"id":"CA-779837770128","nombre":"DISFRAZ OFICIAL ECONOMICO SONIC T0x1117 1 (3-4años)","categoria":"Cotillon","subcategoria":"Disfraces Oficiales Nena","precio":13825.28,"destacado":false,"descripcion":"","imagen":"assets/products/CA-779837770128.webp","tags":["disfraz","oficial","economico","sonic","t0x1117","4años"]},{"id":"CA-779837770129","nombre":"DISFRAZ OFICIAL ECONOMICO SONIC T1 x 1118 (5-6años)","categoria":"Cotillon","subcategoria":"Disfraces Oficiales Nena","precio":13825.28,"destacado":false,"descripcion":"","imagen":"assets/products/CA-779837770129.webp","tags":["disfraz","oficial","economico","sonic","1118","6años"]},{"id":"CA-779837770130","nombre":"DISFRAZ OFICIAL ECONOMICO SONIC T2 x 1119 (7-8años)","categoria":"Cotillon","subcategoria":"Disfraces Oficiales Nena","precio":13825.28,"destacado":false,"descripcion":"","imagen":"assets/products/CA-779837770130.webp","tags":["disfraz","oficial","economico","sonic","1119","8años"]}]}