{"category_slug":"cotillon","subcategory_slug":"","page":65,"page_size":48,"total":4091,"items":[{"id":"CA-779810869875","nombre":"MAQUILLAJE ARTISTICO COLOR VERDE CLAROx2 (13-23) PACK X3","categoria":"Cotillon","subcategoria":"Maquillaje / Adhesivo Artistico","precio":2784.78,"destacado":false,"descripcion":"","imagen":"assets/products/CA-779810869875.webp","tags":["maquillaje","artistico","color","verde","clarox2","pack"]},{"id":"CA-779813493366","nombre":"MAQUILLAJE ARTISTICO COLOR VERDE x2 (13-32) PACK X 3","categoria":"Cotillon","subcategoria":"Maquillaje / Adhesivo Artistico","precio":2784.78,"destacado":false,"descripcion":"","imagen":"assets/products/CA-779813493366.webp","tags":["maquillaje","artistico","color","verde","pack"]},{"id":"CA-779810869879","nombre":"MAQUILLAJE ARTISTICO COLOR VIOLETAx2 (13-27) PACK X 3","categoria":"Cotillon","subcategoria":"Maquillaje / Adhesivo Artistico","precio":2784.78,"destacado":false,"descripcion":"","imagen":"assets/products/CA-779810869879.webp","tags":["maquillaje","artistico","color","violetax2","pack"]},{"id":"CA-690102850700","nombre":"MAQUILLAJE ARTISTICO EN BARRA LABIAL FLUO MULTICOLOR ARTELIGHT X4","categoria":"Cotillon","subcategoria":"Maquillaje / Adhesivo Artistico","precio":3223.2,"destacado":false,"descripcion":"","imagen":"assets/products/CA-690102850700.webp","tags":["maquillaje","artistico","barra","labial","fluo","multicolor","artelight"]},{"id":"CA-779813493612","nombre":"MAQUILLAJE ARTISTICO EN BARRA LABIAL FLUO x 4 758-1000 MULTICOLOR PINTAFAN","categoria":"Cotillon","subcategoria":"Maquillaje / Adhesivo Artistico","precio":3308.72,"destacado":false,"descripcion":"","imagen":"assets/products/CA-779813493612.webp","tags":["maquillaje","artistico","barra","labial","fluo","758","1000","multicolor","pintafan"]},{"id":"CA-779810293974","nombre":"MAQUILLAJE ARTISTICO EN BARRA LABIAL GLITTER x 4 DORADO PINTAFAN","categoria":"Cotillon","subcategoria":"Maquillaje / Adhesivo Artistico","precio":3522.56,"destacado":false,"descripcion":"","imagen":"assets/products/CA-779810293974.webp","tags":["maquillaje","artistico","barra","labial","glitter","dorado","pintafan"]},{"id":"CA-690102850779","nombre":"MAQUILLAJE ARTISTICO EN BARRA LABIAL GLITTER x 4 MULTICOLOR ARTELIGHT","categoria":"Cotillon","subcategoria":"Maquillaje / Adhesivo Artistico","precio":3199.5,"destacado":false,"descripcion":"","imagen":"assets/products/CA-690102850779.webp","tags":["maquillaje","artistico","barra","labial","glitter","multicolor","artelight"]},{"id":"CA-779810869595","nombre":"MAQUILLAJE ARTISTICO EN BARRA LABIAL GLITTER x 4 MULTICOLOR PINTAFAN 748-003","categoria":"Cotillon","subcategoria":"Maquillaje / Adhesivo Artistico","precio":3522.56,"destacado":false,"descripcion":"","imagen":"assets/products/CA-779810869595.webp","tags":["maquillaje","artistico","barra","labial","glitter","multicolor","pintafan","748","003"]},{"id":"CA-779810293975","nombre":"MAQUILLAJE ARTISTICO EN BARRA LABIAL GLITTER x 4 PLATEADO PINTAFAN 748-0005","categoria":"Cotillon","subcategoria":"Maquillaje / Adhesivo Artistico","precio":3522.56,"destacado":false,"descripcion":"","imagen":"assets/products/CA-779810293975.webp","tags":["maquillaje","artistico","barra","labial","glitter","plateado","pintafan","748","0005"]},{"id":"CA-779813493533","nombre":"MAQUILLAJE ARTISTICO FLUO ROSA x2 (119-3) PACK X3","categoria":"Cotillon","subcategoria":"Maquillaje / Adhesivo Artistico","precio":2784.78,"destacado":false,"descripcion":"","imagen":"assets/products/CA-779813493533.webp","tags":["maquillaje","artistico","fluo","rosa","119","pack"]},{"id":"CA-690102850973","nombre":"MAQUILLAJE ARTISTICO GLITTER DORADO x 6 unid ARTELIGHT","categoria":"Cotillon","subcategoria":"Maquillaje / Adhesivo Artistico","precio":2500.2,"destacado":false,"descripcion":"","imagen":"assets/products/CA-690102850973.webp","tags":["maquillaje","artistico","glitter","dorado","unid","artelight"]},{"id":"CA-690102850974","nombre":"MAQUILLAJE ARTISTICO GLITTER PLATEADO x 6 unid ARTELIGHT","categoria":"Cotillon","subcategoria":"Maquillaje / Adhesivo Artistico","precio":2500.2,"destacado":false,"descripcion":"","imagen":"assets/products/CA-690102850974.webp","tags":["maquillaje","artistico","glitter","plateado","unid","artelight"]},{"id":"CA-690102850981","nombre":"MAQUILLAJE ARTISTICO GLITTER ROSA GOLD x 6 unid ARTELIGHT","categoria":"Cotillon","subcategoria":"Maquillaje / Adhesivo Artistico","precio":2500.2,"destacado":false,"descripcion":"","imagen":"assets/products/CA-690102850981.webp","tags":["maquillaje","artistico","glitter","rosa","gold","unid","artelight"]},{"id":"CA-690102850980","nombre":"MAQUILLAJE ARTISTICO GLITTER SURTIDO x 6 unid ARTELIGHT","categoria":"Cotillon","subcategoria":"Maquillaje / Adhesivo Artistico","precio":2500.2,"destacado":false,"descripcion":"","imagen":"assets/products/CA-690102850980.webp","tags":["maquillaje","artistico","glitter","surtido","unid","artelight"]},{"id":"CA-690102850971","nombre":"MAQUILLAJE ARTISTICO GLITTER TURQUEZA x 6 unid ARTELIGHT","categoria":"Cotillon","subcategoria":"Maquillaje / Adhesivo Artistico","precio":2500.2,"destacado":false,"descripcion":"","imagen":"assets/products/CA-690102850971.webp","tags":["maquillaje","artistico","glitter","turqueza","unid","artelight"]},{"id":"CA-690102850103","nombre":"MAQUILLAJE ARTISTICO METALIZADO CELESTE 1 UNIDAD PACK X 3 ART.1033 ARTELIGHT","categoria":"Cotillon","subcategoria":"Maquillaje / Adhesivo Artistico","precio":2656.8,"destacado":false,"descripcion":"","imagen":"assets/products/CA-690102850103.webp","tags":["maquillaje","artistico","metalizado","celeste","unidad","pack","art","1033","artelight"]},{"id":"CA-690102850105","nombre":"MAQUILLAJE ARTISTICO METALIZADO DORADO 1 UNIDAD PACK X 3 ART.1057 ARTELIGHT","categoria":"Cotillon","subcategoria":"Maquillaje / Adhesivo Artistico","precio":2656.8,"destacado":false,"descripcion":"","imagen":"assets/products/CA-690102850105.webp","tags":["maquillaje","artistico","metalizado","dorado","unidad","pack","art","1057","artelight"]},{"id":"CA-690102850132","nombre":"MAQUILLAJE ARTISTICO METALIZADO DORADO/PLATEADO 2 UNIDADES PACK X 3 ART.1323 ARTELIGHT","categoria":"Cotillon","subcategoria":"Maquillaje / Adhesivo Artistico","precio":2774.25,"destacado":false,"descripcion":"","imagen":"assets/products/CA-690102850132.webp","tags":["maquillaje","artistico","metalizado","dorado","plateado","unidades","pack","art","1323","artelight"]},{"id":"CA-690102850107","nombre":"MAQUILLAJE ARTISTICO METALIZADO PLATEADO 1 UNIDAD PACK X 3 ART.1071 ARTELIGHT","categoria":"Cotillon","subcategoria":"Maquillaje / Adhesivo Artistico","precio":2656.8,"destacado":false,"descripcion":"","imagen":"assets/products/CA-690102850107.webp","tags":["maquillaje","artistico","metalizado","plateado","unidad","pack","art","1071","artelight"]},{"id":"CA-690102850108","nombre":"MAQUILLAJE ARTISTICO METALIZADO ROJO 1 UNIDAD PACK X 3 ART.1088 ARTELIGHT","categoria":"Cotillon","subcategoria":"Maquillaje / Adhesivo Artistico","precio":2656.8,"destacado":false,"descripcion":"","imagen":"assets/products/CA-690102850108.webp","tags":["maquillaje","artistico","metalizado","rojo","unidad","pack","art","1088","artelight"]},{"id":"CA-690102850109","nombre":"MAQUILLAJE ARTISTICO METALIZADO ROSA 1 UNIDAD PACK X 3 ART.1095 ARTELIGHT","categoria":"Cotillon","subcategoria":"Maquillaje / Adhesivo Artistico","precio":2656.8,"destacado":false,"descripcion":"","imagen":"assets/products/CA-690102850109.webp","tags":["maquillaje","artistico","metalizado","rosa","unidad","pack","art","1095","artelight"]},{"id":"CA-000000027037","nombre":"MAQUILLAJE ARTISTICO MULTICOLOR FLUO x4 ARTELIGHT","categoria":"Cotillon","subcategoria":"Maquillaje / Adhesivo Artistico","precio":2417.85,"destacado":false,"descripcion":"","imagen":"assets/products/CA-000000027037.webp","tags":["maquillaje","artistico","multicolor","fluo","artelight"]},{"id":"CA-779810869882","nombre":"MAQUILLAJE ARTISTICO PAYASOx4 (amarillo-blanco-negro-rojo) 05-01","categoria":"Cotillon","subcategoria":"Maquillaje / Adhesivo Artistico","precio":1782.65,"destacado":false,"descripcion":"","imagen":"assets/products/CA-779810869882.webp","tags":["maquillaje","artistico","payasox4","amarillo","blanco","negro","rojo"]},{"id":"CA-779813493440","nombre":"MAQUILLAJE ARTISTICO PRINCESAx4 (blanco-lila-rosa-FUCSIA) 05-03","categoria":"Cotillon","subcategoria":"Maquillaje / Adhesivo Artistico","precio":1782.65,"destacado":false,"descripcion":"","imagen":"assets/products/CA-779813493440.webp","tags":["maquillaje","artistico","princesax4","blanco","lila","rosa","fucsia"]},{"id":"CA-779813493375","nombre":"MAQUILLAJE ARTISTICO SOLDADO x4 (marron-negro-verde-blanco) 05-02","categoria":"Cotillon","subcategoria":"Maquillaje / Adhesivo Artistico","precio":1782.65,"destacado":false,"descripcion":"","imagen":"assets/products/CA-779813493375.webp","tags":["maquillaje","artistico","soldado","marron","negro","verde","blanco"]},{"id":"CA-690102850813","nombre":"MAQUILLAJE ARTISTICO SURTIDO DOBLE x 6 unid ARTELIGHT COD.8131","categoria":"Cotillon","subcategoria":"Maquillaje / Adhesivo Artistico","precio":2500.2,"destacado":false,"descripcion":"","imagen":"assets/products/CA-690102850813.webp","tags":["maquillaje","artistico","surtido","doble","unid","artelight","cod","8131"]},{"id":"CA-690102850907","nombre":"MAQUILLAJE ARTISTICO SURTIDO FLUO x 6 unid ARTELIGHT","categoria":"Cotillon","subcategoria":"Maquillaje / Adhesivo Artistico","precio":2500.2,"destacado":false,"descripcion":"","imagen":"assets/products/CA-690102850907.webp","tags":["maquillaje","artistico","surtido","fluo","unid","artelight"]},{"id":"CA-690102850812","nombre":"MAQUILLAJE ARTISTICO SURTIDO x 6 unid ARTELIGHT COD.8124","categoria":"Cotillon","subcategoria":"Maquillaje / Adhesivo Artistico","precio":2500.2,"destacado":false,"descripcion":"","imagen":"assets/products/CA-690102850812.webp","tags":["maquillaje","artistico","surtido","unid","artelight","cod","8124"]},{"id":"CA-200020042288","nombre":"MARCADOR PUNTA PINCEL CON SELLITOS x12 42288","categoria":"Cotillon","subcategoria":"Miniaturas / Juguetitos / Regalitos","precio":2543.16,"destacado":false,"descripcion":"* (16/12/2025)","imagen":"assets/products/CA-200020042288.webp","tags":["marcador","punta","pincel","con","sellitos","x12","42288"]},{"id":"CA-779551317755","nombre":"MARCADORES FILGO PINTO JUMBO PASTEL  x6u CMJ-E6-PAS","categoria":"Cotillon","subcategoria":"Miniaturas / Juguetitos / Regalitos","precio":2452.85,"destacado":false,"descripcion":"","imagen":"assets/products/CA-779551317755.webp","tags":["marcadores","filgo","pinto","jumbo","pastel","x6u","cmj","pas"]},{"id":"CA-000000050255","nombre":"MASCARA GOMA EVA BATMAN x1","categoria":"Cotillon","subcategoria":"Caretas Y Mascaras","precio":1830.27,"destacado":false,"descripcion":"","imagen":"assets/products/CA-000000050255.webp","tags":["mascara","goma","eva","batman"]},{"id":"CA-000000048392","nombre":"MASCARA GOMA EVA ELEFANTE TROMPITA 2050 x1","categoria":"Cotillon","subcategoria":"Caretas Y Mascaras","precio":1900.67,"destacado":false,"descripcion":"","imagen":"assets/products/CA-000000048392.webp","tags":["mascara","goma","eva","elefante","trompita","2050"]},{"id":"CA-000000053139","nombre":"MASCARA LATEX CON ELASTICO ANABEL CON PELO LATEX 305 Bx1 MF","categoria":"Cotillon","subcategoria":"Caretas Y Mascaras","precio":26921.7,"destacado":false,"descripcion":"","imagen":"assets/products/CA-000000053139.webp","tags":["mascara","latex","con","elastico","anabel","con","pelo","latex","305","bx1"]},{"id":"CA-000000053119","nombre":"MASCARA LATEX CON ELASTICO ZOMBIE OJOS SALTONES 240 x1 MF","categoria":"Cotillon","subcategoria":"Caretas Y Mascaras","precio":24165.0,"destacado":false,"descripcion":"","imagen":"assets/products/CA-000000053119.webp","tags":["mascara","latex","con","elastico","zombie","ojos","saltones","240"]},{"id":"CA-000000057349","nombre":"MASCARA PLASTICA JUEGO DEL CALAMAR x1 EZ834","categoria":"Cotillon","subcategoria":"Caretas Y Mascaras","precio":882.7,"destacado":false,"descripcion":"","imagen":"assets/products/CA-000000057349.webp","tags":["mascara","plastica","juego","del","calamar","ez834"]},{"id":"CA-803410700616","nombre":"MECHON COLOR x20 SURTIDO YJ0743","categoria":"Cotillon","subcategoria":"Accesorios Y Sets Para Disfraces / Tutu","precio":7290.0,"destacado":false,"descripcion":"","imagen":"assets/products/CA-803410700616.webp","tags":["mechon","color","x20","surtido","yj0743"]},{"id":"CA-000000031381","nombre":"MECHON DE PELO MULTICOLOR x5","categoria":"Cotillon","subcategoria":"Accesorios Y Sets Para Disfraces / Tutu","precio":2025.0,"destacado":false,"descripcion":"","imagen":"assets/products/CA-000000031381.webp","tags":["mechon","pelo","multicolor"]},{"id":"CA-803410700617","nombre":"MECHON PASTEL x20 SURTIDO YJ0744","categoria":"Cotillon","subcategoria":"Accesorios Y Sets Para Disfraces / Tutu","precio":9720.0,"destacado":false,"descripcion":"","imagen":"assets/products/CA-803410700617.webp","tags":["mechon","pastel","x20","surtido","yj0744"]},{"id":"CA-000000048836","nombre":"MEDALLA COPA DEL MUNDO DE FUTBOL DESIGN  x5 (135)","categoria":"Cotillon","subcategoria":"Complementos Para Fiestas","precio":2764.92,"destacado":false,"descripcion":"","imagen":"assets/products/CA-000000048836.webp","tags":["medalla","copa","del","mundo","futbol","design","135"]},{"id":"CA-000000057886","nombre":"MEDALLA EGRESADOS x5","categoria":"Cotillon","subcategoria":"Festejos Egresados/Upd","precio":6110.0,"destacado":false,"descripcion":"","imagen":"assets/products/CA-000000057886.webp","tags":["medalla","egresados"]},{"id":"CA-000000057734","nombre":"MEDALLA NENA EGRESADITOS x5","categoria":"Cotillon","subcategoria":"Festejos Egresados/Upd","precio":6110.0,"destacado":false,"descripcion":"","imagen":"assets/products/CA-000000057734.webp","tags":["medalla","nena","egresaditos"]},{"id":"CA-000000057887","nombre":"MEDALLA NENE EGRESADITOS x5","categoria":"Cotillon","subcategoria":"Festejos Egresados/Upd","precio":6110.0,"destacado":false,"descripcion":"","imagen":"assets/products/CA-000000057887.webp","tags":["medalla","nene","egresaditos"]},{"id":"CA-000000036750","nombre":"MEDALLAS COPA CAMPEONES X 12 DORADAS","categoria":"Cotillon","subcategoria":"Complementos Para Fiestas","precio":940.95,"destacado":false,"descripcion":"","imagen":"assets/products/CA-000000036750.webp","tags":["medallas","copa","campeones","doradas"]},{"id":"CA-000000049085","nombre":"MEDALLAS COPA DEL MUNDO x12u. DORADAS","categoria":"Cotillon","subcategoria":"Complementos Para Fiestas","precio":940.95,"destacado":false,"descripcion":"","imagen":"assets/products/CA-000000049085.webp","tags":["medallas","copa","del","mundo","x12u","doradas"]},{"id":"CA-000000036746","nombre":"MEDALLAS DE EGRESADO X12 PLATEADAS","categoria":"Cotillon","subcategoria":"Festejos Egresados/Upd","precio":940.95,"destacado":false,"descripcion":"","imagen":"assets/products/CA-000000036746.webp","tags":["medallas","egresado","x12","plateadas"]},{"id":"CA-000000036748","nombre":"MEDALLAS DE FUTBOL X 12 DORADAS","categoria":"Cotillon","subcategoria":"Complementos Para Fiestas","precio":940.95,"destacado":false,"descripcion":"","imagen":"assets/products/CA-000000036748.webp","tags":["medallas","futbol","doradas"]},{"id":"CA-779908802719","nombre":"MEDIAS BUCANERAS BLANCA CON MOÑO NEGRO x1 TM009/02719 PS","categoria":"Cotillon","subcategoria":"Accesorios Y Sets Para Disfraces / Tutu","precio":3068.8,"destacado":false,"descripcion":"","imagen":"assets/products/CA-779908802719.webp","tags":["medias","bucaneras","blanca","con","moño","negro","tm009","02719"]},{"id":"CA-779908802713","nombre":"MEDIAS BUCANERAS DUENDE x1 TM006  PS","categoria":"Cotillon","subcategoria":"Accesorios Y Sets Para Disfraces / Tutu","precio":3548.3,"destacado":false,"descripcion":"","imagen":"assets/products/CA-779908802713.webp","tags":["medias","bucaneras","duende","tm006"]}]}