{"category_slug":"cotillon","subcategory_slug":"","page":84,"page_size":48,"total":4091,"items":[{"id":"CA-000000057545","nombre":"VELA PINCHE CON BRILLO CAPIBARA 17cm x2","categoria":"Cotillon","subcategoria":"Velas","precio":1875.0,"destacado":false,"descripcion":"","imagen":"assets/products/CA-000000057545.webp","tags":["vela","pinche","con","brillo","capibara","17cm"]},{"id":"CA-000000044057","nombre":"VELA PINCHE CON BRILLO ESCUDO DE BOCA 18cm x2","categoria":"Cotillon","subcategoria":"Velas","precio":1875.0,"destacado":false,"descripcion":"","imagen":"assets/products/CA-000000044057.webp","tags":["vela","pinche","con","brillo","escudo","boca","18cm"]},{"id":"CA-000000044058","nombre":"VELA PINCHE CON BRILLO ESCUDO DE RIVER 18cm x2","categoria":"Cotillon","subcategoria":"Velas","precio":1875.0,"destacado":false,"descripcion":"","imagen":"assets/products/CA-000000044058.webp","tags":["vela","pinche","con","brillo","escudo","river","18cm"]},{"id":"CA-000000051951","nombre":"VELA PINCHE CON BRILLO HELLO KITTY 17cm x2","categoria":"Cotillon","subcategoria":"Velas","precio":1875.0,"destacado":false,"descripcion":"","imagen":"assets/products/CA-000000051951.webp","tags":["vela","pinche","con","brillo","hello","kitty","17cm"]},{"id":"CA-000000051953","nombre":"VELA PINCHE CON BRILLO HOMBRE ARAÑA 17cm x2","categoria":"Cotillon","subcategoria":"Velas","precio":1875.0,"destacado":false,"descripcion":"","imagen":"assets/products/CA-000000051953.webp","tags":["vela","pinche","con","brillo","hombre","araña","17cm"]},{"id":"CA-000000049158","nombre":"VELA PINCHE CON BRILLO PELOTA DE FUTBOL x2","categoria":"Cotillon","subcategoria":"Velas","precio":1875.0,"destacado":false,"descripcion":"","imagen":"assets/products/CA-000000049158.webp","tags":["vela","pinche","con","brillo","pelota","futbol"]},{"id":"CA-202308988113","nombre":"VELA PINCHE CON ONDAS METALIZADA AZUL 6u. ART.89881AZ","categoria":"Cotillon","subcategoria":"Velas","precio":701.19,"destacado":false,"descripcion":"","imagen":"assets/products/CA-202308988113.webp","tags":["vela","pinche","con","ondas","metalizada","azul","art","89881az"]},{"id":"CA-202308988133","nombre":"VELA PINCHE CON ONDAS METALIZADA DORADA 6u.ART.89881DR","categoria":"Cotillon","subcategoria":"Velas","precio":701.19,"destacado":false,"descripcion":"","imagen":"assets/products/CA-202308988133.webp","tags":["vela","pinche","con","ondas","metalizada","dorada","art","89881dr"]},{"id":"CA-202308988153","nombre":"VELA PINCHE CON ONDAS METALIZADA PLATEADA 6u.ART.89881PL","categoria":"Cotillon","subcategoria":"Velas","precio":701.19,"destacado":false,"descripcion":"","imagen":"assets/products/CA-202308988153.webp","tags":["vela","pinche","con","ondas","metalizada","plateada","art","89881pl"]},{"id":"CA-202308988143","nombre":"VELA PINCHE CON ONDAS METALIZADA ROJA 6u. ART.89881RJ","categoria":"Cotillon","subcategoria":"Velas","precio":701.19,"destacado":false,"descripcion":"","imagen":"assets/products/CA-202308988143.webp","tags":["vela","pinche","con","ondas","metalizada","roja","art","89881rj"]},{"id":"CA-202308988123","nombre":"VELA PINCHE CON ONDAS METALIZADA ROSA GOLD 6u. ART.89881RG","categoria":"Cotillon","subcategoria":"Velas","precio":701.19,"destacado":false,"descripcion":"","imagen":"assets/products/CA-202308988123.webp","tags":["vela","pinche","con","ondas","metalizada","rosa","gold","art","89881rg"]},{"id":"CA-202308988161","nombre":"VELA PINCHE CON ONDAS METALIZADA SURTIDA 6u.ART. 89881SM","categoria":"Cotillon","subcategoria":"Velas","precio":701.19,"destacado":false,"descripcion":"","imagen":"assets/products/CA-202308988161.webp","tags":["vela","pinche","con","ondas","metalizada","surtida","art","89881sm"]},{"id":"CA-202308988163","nombre":"VELA PINCHE CON ONDAS METALIZADA SURTIDA 6u.ART.89881SM","categoria":"Cotillon","subcategoria":"Velas","precio":701.19,"destacado":false,"descripcion":"","imagen":"assets/products/CA-202308988163.webp","tags":["vela","pinche","con","ondas","metalizada","surtida","art","89881sm"]},{"id":"CA-202308988173","nombre":"VELA PINCHE CON ONDAS PASTEL SURTIDA 6u. ART.89881SP","categoria":"Cotillon","subcategoria":"Velas","precio":701.19,"destacado":false,"descripcion":"","imagen":"assets/products/CA-202308988173.webp","tags":["vela","pinche","con","ondas","pastel","surtida","art","89881sp"]},{"id":"CA-000000021038","nombre":"VELAS SURTIDAS PARA REPARAR OFERTA","categoria":"Cotillon","subcategoria":"Velas","precio":500.0,"destacado":false,"descripcion":"","imagen":"assets/products/CA-000000021038.webp","tags":["velas","surtidas","para","reparar","oferta"]},{"id":"CA-379000201102","nombre":"VELITAS LUZ LED BLANCA CALIDA 3.5x4cm x24 201102","categoria":"Cotillon","subcategoria":"Velas","precio":8495.55,"destacado":false,"descripcion":"NUEVO 09/12/2025","imagen":"assets/products/CA-379000201102.webp","tags":["velitas","luz","led","blanca","calida","5x4cm","x24","201102"]},{"id":"CA-379000201104","nombre":"VELITAS LUZ LED BLANCA CALIDA 4x4cm x24 201104","categoria":"Cotillon","subcategoria":"Velas","precio":9440.55,"destacado":false,"descripcion":"NUEVO 09/12/2025","imagen":"assets/products/CA-379000201104.webp","tags":["velitas","luz","led","blanca","calida","4x4cm","x24","201104"]},{"id":"CA-379000201103","nombre":"VELITAS LUZ LED BLANCA FRIA 3.5x40cm x24 201103","categoria":"Cotillon","subcategoria":"Velas","precio":8495.55,"destacado":false,"descripcion":"NUEVO 09/12/2025","imagen":"assets/products/CA-379000201103.webp","tags":["velitas","luz","led","blanca","fria","5x40cm","x24","201103"]},{"id":"CA-379000201105","nombre":"VELITAS LUZ LED BLANCA FRIA 4x4cm x24 201105","categoria":"Cotillon","subcategoria":"Velas","precio":9440.55,"destacado":false,"descripcion":"NUEVO 09/12/2025","imagen":"assets/products/CA-379000201105.webp","tags":["velitas","luz","led","blanca","fria","4x4cm","x24","201105"]},{"id":"CA-779806779294","nombre":"VELON BICHITO DE LUZ PERLADO AZUL 13cm x1 ART 2317","categoria":"Cotillon","subcategoria":"Velas","precio":975.52,"destacado":false,"descripcion":"","imagen":"assets/products/CA-779806779294.webp","tags":["velon","bichito","luz","perlado","azul","13cm","art","2317"]},{"id":"CA-779806779291","nombre":"VELON BICHITO DE LUZ PERLADO BLANCO 13cm x1 ART 2317","categoria":"Cotillon","subcategoria":"Velas","precio":975.52,"destacado":false,"descripcion":"","imagen":"assets/products/CA-779806779291.webp","tags":["velon","bichito","luz","perlado","blanco","13cm","art","2317"]},{"id":"CA-779806779293","nombre":"VELON BICHITO DE LUZ PERLADO CELESTE 13cm x1 ART 2317","categoria":"Cotillon","subcategoria":"Velas","precio":975.52,"destacado":false,"descripcion":"","imagen":"assets/products/CA-779806779293.webp","tags":["velon","bichito","luz","perlado","celeste","13cm","art","2317"]},{"id":"CA-779806779298","nombre":"VELON BICHITO DE LUZ PERLADO DORADO 13cm  x1 ART 2317","categoria":"Cotillon","subcategoria":"Velas","precio":975.52,"destacado":false,"descripcion":"","imagen":"assets/products/CA-779806779298.webp","tags":["velon","bichito","luz","perlado","dorado","13cm","art","2317"]},{"id":"CA-779806779301","nombre":"VELON BICHITO DE LUZ PERLADO FUCSIA 13cm x1  ART 2317","categoria":"Cotillon","subcategoria":"Velas","precio":975.52,"destacado":false,"descripcion":"","imagen":"assets/products/CA-779806779301.webp","tags":["velon","bichito","luz","perlado","fucsia","13cm","art","2317"]},{"id":"CA-779806779296","nombre":"VELON BICHITO DE LUZ PERLADO LILA 13cm x1 ART 2317","categoria":"Cotillon","subcategoria":"Velas","precio":975.52,"destacado":false,"descripcion":"","imagen":"assets/products/CA-779806779296.webp","tags":["velon","bichito","luz","perlado","lila","13cm","art","2317"]},{"id":"CA-779806779311","nombre":"VELON BICHITO DE LUZ PERLADO NEGRO 13cm x1 ART 2317","categoria":"Cotillon","subcategoria":"Velas","precio":975.52,"destacado":false,"descripcion":"","imagen":"assets/products/CA-779806779311.webp","tags":["velon","bichito","luz","perlado","negro","13cm","art","2317"]},{"id":"CA-779806779299","nombre":"VELON BICHITO DE LUZ PERLADO PLATEADO 13cm x1 ART 2317","categoria":"Cotillon","subcategoria":"Velas","precio":975.52,"destacado":false,"descripcion":"","imagen":"assets/products/CA-779806779299.webp","tags":["velon","bichito","luz","perlado","plateado","13cm","art","2317"]},{"id":"CA-779806779302","nombre":"VELON BICHITO DE LUZ PERLADO ROJO 13cm x1 ART.2317","categoria":"Cotillon","subcategoria":"Velas","precio":975.52,"destacado":false,"descripcion":"","imagen":"assets/products/CA-779806779302.webp","tags":["velon","bichito","luz","perlado","rojo","13cm","art","2317"]},{"id":"CA-779806779292","nombre":"VELON BICHITO DE LUZ PERLADO ROSA 13cm x1  ART.2317","categoria":"Cotillon","subcategoria":"Velas","precio":975.52,"destacado":false,"descripcion":"","imagen":"assets/products/CA-779806779292.webp","tags":["velon","bichito","luz","perlado","rosa","13cm","art","2317"]},{"id":"CA-779806779295","nombre":"VELON BICHITO DE LUZ PERLADO SALMON 13cm x1  ART.2317","categoria":"Cotillon","subcategoria":"Velas","precio":975.52,"destacado":false,"descripcion":"","imagen":"assets/products/CA-779806779295.webp","tags":["velon","bichito","luz","perlado","salmon","13cm","art","2317"]},{"id":"CA-779806779306","nombre":"VELON BICHITO DE LUZ PERLADO VERDE AGUA 13 cm  x1 ART.2317","categoria":"Cotillon","subcategoria":"Velas","precio":975.52,"destacado":false,"descripcion":"","imagen":"assets/products/CA-779806779306.webp","tags":["velon","bichito","luz","perlado","verde","agua","art","2317"]},{"id":"CA-779806779297","nombre":"VELON BICHITO DE LUZ PERLADO VIOLETA 13cm x1 ART.2317","categoria":"Cotillon","subcategoria":"Velas","precio":975.52,"destacado":false,"descripcion":"","imagen":"assets/products/CA-779806779297.webp","tags":["velon","bichito","luz","perlado","violeta","13cm","art","2317"]},{"id":"CA-000000057660","nombre":"VELON CON BRILLO FINITO CELESTE (15cm) x15","categoria":"Cotillon","subcategoria":"Velas","precio":1685.81,"destacado":false,"descripcion":"","imagen":"assets/products/CA-000000057660.webp","tags":["velon","con","brillo","finito","celeste","15cm","x15"]},{"id":"CA-000000055989","nombre":"VELON CON BRILLO FINITO DORADO (15cm) x15","categoria":"Cotillon","subcategoria":"Velas","precio":1685.81,"destacado":false,"descripcion":"","imagen":"assets/products/CA-000000055989.webp","tags":["velon","con","brillo","finito","dorado","15cm","x15"]},{"id":"CA-000000055994","nombre":"VELON CON BRILLO FINITO FUCSIA (15cm) x15","categoria":"Cotillon","subcategoria":"Velas","precio":1685.81,"destacado":false,"descripcion":"","imagen":"assets/products/CA-000000055994.webp","tags":["velon","con","brillo","finito","fucsia","15cm","x15"]},{"id":"CA-000000055987","nombre":"VELON CON BRILLO FINITO ROSA PASTEL (15cm) x15","categoria":"Cotillon","subcategoria":"Velas","precio":1685.81,"destacado":false,"descripcion":"","imagen":"assets/products/CA-000000055987.webp","tags":["velon","con","brillo","finito","rosa","pastel","15cm","x15"]},{"id":"CA-000000055996","nombre":"VELON CON BRILLO FINITO TURQUEZA (15cm) x15","categoria":"Cotillon","subcategoria":"Velas","precio":1685.81,"destacado":false,"descripcion":"","imagen":"assets/products/CA-000000055996.webp","tags":["velon","con","brillo","finito","turqueza","15cm","x15"]},{"id":"CA-000000051932","nombre":"VELON MAGICO CON PORTAVELON ARGENTINA 9cm FIESTA x15","categoria":"Cotillon","subcategoria":"Velas","precio":3665.08,"destacado":false,"descripcion":"","imagen":"assets/products/CA-000000051932.webp","tags":["velon","magico","con","portavelon","argentina","9cm","fiesta","x15"]},{"id":"CA-000000051933","nombre":"VELON MAGICO CON PORTAVELON BLANCO 9cm FIESTA x15","categoria":"Cotillon","subcategoria":"Velas","precio":3454.22,"destacado":false,"descripcion":"","imagen":"assets/products/CA-000000051933.webp","tags":["velon","magico","con","portavelon","blanco","9cm","fiesta","x15"]},{"id":"CA-000000051934","nombre":"VELON MAGICO CON PORTAVELON BOCA 9cm FIESTA x15","categoria":"Cotillon","subcategoria":"Velas","precio":3313.63,"destacado":false,"descripcion":"","imagen":"assets/products/CA-000000051934.webp","tags":["velon","magico","con","portavelon","boca","9cm","fiesta","x15"]},{"id":"CA-000000051935","nombre":"VELON MAGICO CON PORTAVELON CELESTE 9cm FIESTA x15","categoria":"Cotillon","subcategoria":"Velas","precio":3665.08,"destacado":false,"descripcion":"","imagen":"assets/products/CA-000000051935.webp","tags":["velon","magico","con","portavelon","celeste","9cm","fiesta","x15"]},{"id":"CA-000000051936","nombre":"VELON MAGICO CON PORTAVELON RIVER 9cm FIESTA x15","categoria":"Cotillon","subcategoria":"Velas","precio":3665.08,"destacado":false,"descripcion":"","imagen":"assets/products/CA-000000051936.webp","tags":["velon","magico","con","portavelon","river","9cm","fiesta","x15"]},{"id":"CA-000000051937","nombre":"VELON MAGICO CON PORTAVELON ROSA 9cm FIESTA x15","categoria":"Cotillon","subcategoria":"Velas","precio":3454.22,"destacado":false,"descripcion":"","imagen":"assets/products/CA-000000051937.webp","tags":["velon","magico","con","portavelon","rosa","9cm","fiesta","x15"]},{"id":"CA-779903200353","nombre":"VELON PARA CUMPLEAÑOS BLANCO 9cm ILUMINARTE x10","categoria":"Cotillon","subcategoria":"Velas","precio":860.06,"destacado":false,"descripcion":"","imagen":"assets/products/CA-779903200353.webp","tags":["velon","para","cumpleaños","blanco","9cm","iluminarte","x10"]},{"id":"CA-779903200354","nombre":"VELON PARA CUMPLEAÑOS CELESTE 9cm ILUMINARTE x10","categoria":"Cotillon","subcategoria":"Velas","precio":860.06,"destacado":false,"descripcion":"","imagen":"assets/products/CA-779903200354.webp","tags":["velon","para","cumpleaños","celeste","9cm","iluminarte","x10"]},{"id":"CA-779903200355","nombre":"VELON PARA CUMPLEAÑOS FUCSIA 9cm ILUMINARTE x10","categoria":"Cotillon","subcategoria":"Velas","precio":860.06,"destacado":false,"descripcion":"","imagen":"assets/products/CA-779903200355.webp","tags":["velon","para","cumpleaños","fucsia","9cm","iluminarte","x10"]},{"id":"CA-779903200516","nombre":"VELON PARA CUMPLEAÑOS ROSA 9cm ILUMINARTE x10","categoria":"Cotillon","subcategoria":"Velas","precio":860.06,"destacado":false,"descripcion":"","imagen":"assets/products/CA-779903200516.webp","tags":["velon","para","cumpleaños","rosa","9cm","iluminarte","x10"]},{"id":"CA-779806779164","nombre":"VELON PERLADO GRUESO AZUL 13cm  x6 ART.2267","categoria":"Cotillon","subcategoria":"Velas","precio":3285.36,"destacado":false,"descripcion":"","imagen":"assets/products/CA-779806779164.webp","tags":["velon","perlado","grueso","azul","13cm","art","2267"]}]}