{"category_slug":"cotillon","subcategory_slug":"","page":55,"page_size":48,"total":4091,"items":[{"id":"CA-779819415519","nombre":"GLOBO PARTY TIME LISO 9\" VIOLETA x50 55196","categoria":"Cotillon","subcategoria":"Globos Lisos","precio":2574.63,"destacado":false,"descripcion":"","imagen":"assets/products/CA-779819415519.webp","tags":["globo","party","time","liso","violeta","x50","55196"]},{"id":"CA-779819415896","nombre":"GLOBO PARTY TIME PASTEL 9\" AMARILLO x25 58968","categoria":"Cotillon","subcategoria":"Globos Lisos","precio":1523.38,"destacado":false,"descripcion":"","imagen":"assets/products/CA-779819415896.webp","tags":["globo","party","time","pastel","amarillo","x25","58968"]},{"id":"CA-779819415889","nombre":"GLOBO PARTY TIME PASTEL 9\" CELESTE x25 58890","categoria":"Cotillon","subcategoria":"Globos Lisos","precio":1523.38,"destacado":false,"descripcion":"","imagen":"assets/products/CA-779819415889.webp","tags":["globo","party","time","pastel","celeste","x25","58890"]},{"id":"CA-779819415897","nombre":"GLOBO PARTY TIME PASTEL 9\" LILA x25 58975","categoria":"Cotillon","subcategoria":"Globos Lisos","precio":1523.38,"destacado":false,"descripcion":"","imagen":"assets/products/CA-779819415897.webp","tags":["globo","party","time","pastel","lila","x25","58975"]},{"id":"CA-779819415888","nombre":"GLOBO PARTY TIME PASTEL 9\" MULTICOLOR x25 58883","categoria":"Cotillon","subcategoria":"Globos Lisos","precio":1523.38,"destacado":false,"descripcion":"","imagen":"assets/products/CA-779819415888.webp","tags":["globo","party","time","pastel","multicolor","x25","58883"]},{"id":"CA-779819415898","nombre":"GLOBO PARTY TIME PASTEL 9\" ROSA x25 58982","categoria":"Cotillon","subcategoria":"Globos Lisos","precio":1523.38,"destacado":false,"descripcion":"","imagen":"assets/products/CA-779819415898.webp","tags":["globo","party","time","pastel","rosa","x25","58982"]},{"id":"CA-779819415899","nombre":"GLOBO PARTY TIME PASTEL 9\" VERDE x25 58999","categoria":"Cotillon","subcategoria":"Globos Lisos","precio":1523.38,"destacado":false,"descripcion":"","imagen":"assets/products/CA-779819415899.webp","tags":["globo","party","time","pastel","verde","x25","58999"]},{"id":"CA-779819415794","nombre":"GLOBO PARTY TIME PERLADO 12\" AMARILLO x25  57947","categoria":"Cotillon","subcategoria":"Globos Perlados","precio":2483.97,"destacado":false,"descripcion":"","imagen":"assets/products/CA-779819415794.webp","tags":["globo","party","time","perlado","amarillo","x25","57947"]},{"id":"CA-779819415793","nombre":"GLOBO PARTY TIME PERLADO 12\" AZUL FRANCIA x25 57930","categoria":"Cotillon","subcategoria":"Globos Perlados","precio":2483.97,"destacado":false,"descripcion":"","imagen":"assets/products/CA-779819415793.webp","tags":["globo","party","time","perlado","azul","francia","x25","57930"]},{"id":"CA-779819415791","nombre":"GLOBO PARTY TIME PERLADO 12\" BLANCO x25 57916","categoria":"Cotillon","subcategoria":"Globos Perlados","precio":2483.97,"destacado":false,"descripcion":"","imagen":"assets/products/CA-779819415791.webp","tags":["globo","party","time","perlado","blanco","x25","57916"]},{"id":"CA-779819415792","nombre":"GLOBO PARTY TIME PERLADO 12\" CELESTE x25 57923","categoria":"Cotillon","subcategoria":"Globos Perlados","precio":2483.97,"destacado":false,"descripcion":"","imagen":"assets/products/CA-779819415792.webp","tags":["globo","party","time","perlado","celeste","x25","57923"]},{"id":"CA-779819415778","nombre":"GLOBO PARTY TIME PERLADO 12\" DORADO x25 57787","categoria":"Cotillon","subcategoria":"Globos Perlados","precio":2483.97,"destacado":false,"descripcion":"","imagen":"assets/products/CA-779819415778.webp","tags":["globo","party","time","perlado","dorado","x25","57787"]},{"id":"CA-779819415799","nombre":"GLOBO PARTY TIME PERLADO 12\" MULTICOLOR x25  57992","categoria":"Cotillon","subcategoria":"Globos Perlados","precio":2483.97,"destacado":false,"descripcion":"","imagen":"assets/products/CA-779819415799.webp","tags":["globo","party","time","perlado","multicolor","x25","57992"]},{"id":"CA-779819415782","nombre":"GLOBO PARTY TIME PERLADO 12\" NEGRO x25 57824","categoria":"Cotillon","subcategoria":"Globos Perlados","precio":2483.97,"destacado":false,"descripcion":"","imagen":"assets/products/CA-779819415782.webp","tags":["globo","party","time","perlado","negro","x25","57824"]},{"id":"CA-779819415779","nombre":"GLOBO PARTY TIME PERLADO 12\" PLATEADO x25 57794","categoria":"Cotillon","subcategoria":"Globos Perlados","precio":2483.97,"destacado":false,"descripcion":"","imagen":"assets/products/CA-779819415779.webp","tags":["globo","party","time","perlado","plateado","x25","57794"]},{"id":"CA-779819415796","nombre":"GLOBO PARTY TIME PERLADO 12\" ROJO x25 57961","categoria":"Cotillon","subcategoria":"Globos Perlados","precio":2483.97,"destacado":false,"descripcion":"","imagen":"assets/products/CA-779819415796.webp","tags":["globo","party","time","perlado","rojo","x25","57961"]},{"id":"CA-779819415795","nombre":"GLOBO PARTY TIME PERLADO 12\" ROSA x25  57954","categoria":"Cotillon","subcategoria":"Globos Perlados","precio":2483.97,"destacado":false,"descripcion":"","imagen":"assets/products/CA-779819415795.webp","tags":["globo","party","time","perlado","rosa","x25","57954"]},{"id":"CA-779819415797","nombre":"GLOBO PARTY TIME PERLADO 12\" VERDE MANZANA x25  57978","categoria":"Cotillon","subcategoria":"Globos Perlados","precio":2483.97,"destacado":false,"descripcion":"","imagen":"assets/products/CA-779819415797.webp","tags":["globo","party","time","perlado","verde","manzana","x25","57978"]},{"id":"CA-779819415140","nombre":"GLOBO PARTY TIME PERLADO 12\" VERDE x25  51402","categoria":"Cotillon","subcategoria":"Globos Perlados","precio":2483.97,"destacado":false,"descripcion":"","imagen":"assets/products/CA-779819415140.webp","tags":["globo","party","time","perlado","verde","x25","51402"]},{"id":"CA-200833600000","nombre":"GLOBO PERSONAJE METALIZADO SILUETA GEORGE PIG BASEBALL 40cm x10 TY20037","categoria":"Cotillon","subcategoria":"Globos Kit Y Siluetas Personajes","precio":1400.0,"destacado":false,"descripcion":"","imagen":"assets/products/CA-200833600000.webp","tags":["globo","personaje","metalizado","silueta","george","pig","baseball","40cm","x10","ty20037"]},{"id":"CA-000000058121","nombre":"GLOBO PERSONAJE MINECRAFT x10","categoria":"Cotillon","subcategoria":"Globos Kit Y Siluetas Personajes","precio":11302.2,"destacado":false,"descripcion":"","imagen":"assets/products/CA-000000058121.webp","tags":["globo","personaje","minecraft","x10"]},{"id":"CA-202569900490","nombre":"GLOBO SMILE EGRESADO 80X65CM X1 DC490","categoria":"Cotillon","subcategoria":"Globos Impresos/Globologia/Formas","precio":1027.6,"destacado":false,"descripcion":"","imagen":"assets/products/CA-202569900490.webp","tags":["globo","smile","egresado","80x65cm","dc490"]},{"id":"CA-202503171560","nombre":"GLOBOS PERSONAJE 26\"CARPINCHO/CAPIBARA MOTOCICLETA x1","categoria":"Cotillon","subcategoria":"Globos Kit Y Siluetas Personajes","precio":1043.9,"destacado":false,"descripcion":"","imagen":"assets/products/CA-202503171560.webp","tags":["globos","personaje","carpincho","capibara","motocicleta"]},{"id":"CA-202503171558","nombre":"GLOBOS PERSONAJE 27\"CARPINCHO/CAPIBARA ALITAS x1","categoria":"Cotillon","subcategoria":"Globos Kit Y Siluetas Personajes","precio":1043.9,"destacado":false,"descripcion":"","imagen":"assets/products/CA-202503171558.webp","tags":["globos","personaje","carpincho","capibara","alitas"]},{"id":"CA-202503171559","nombre":"GLOBOS PERSONAJE 34\"CARPINCHO/CAPIBARA CUPCAKE x1","categoria":"Cotillon","subcategoria":"Globos Kit Y Siluetas Personajes","precio":1043.9,"destacado":false,"descripcion":"","imagen":"assets/products/CA-202503171559.webp","tags":["globos","personaje","carpincho","capibara","cupcake"]},{"id":"CA-000030710000","nombre":"GOMA EVA PICADA MULTICOLOR FRACCIONADA 30x100grs 1100","categoria":"Cotillon","subcategoria":"Nieve/Serpentina/Pintura/Polvos/Cañones/P.Picado","precio":11340.0,"destacado":false,"descripcion":"","imagen":"assets/products/CA-000030710000.webp","tags":["goma","eva","picada","multicolor","fraccionada","30x100grs","1100"]},{"id":"CA-000000008730","nombre":"GORRO BOMBIN PLASTICO NEGRO (CHAPLIN) x12 SB01","categoria":"Cotillon","subcategoria":"Accesorios Y Sets Para Disfraces / Tutu","precio":3433.56,"destacado":false,"descripcion":"","imagen":"assets/products/CA-000000008730.webp","tags":["gorro","bombin","plastico","negro","chaplin","x12","sb01"]},{"id":"CA-779813337332","nombre":"GORRO CONQUISTADOR N-12 x3","categoria":"Cotillon","subcategoria":"Accesorios Y Sets Para Disfraces / Tutu","precio":4647.68,"destacado":false,"descripcion":"","imagen":"assets/products/CA-779813337332.webp","tags":["gorro","conquistador"]},{"id":"CA-000000035907","nombre":"GORRO DE COCINERO x3 ECHYZOS","categoria":"Cotillon","subcategoria":"Accesorios Y Sets Para Disfraces / Tutu","precio":2948.48,"destacado":false,"descripcion":"","imagen":"assets/products/CA-000000035907.webp","tags":["gorro","cocinero","echyzos"]},{"id":"CA-000000048104","nombre":"GORRO DE EGRESADOS DELUXE JERSEY X1 512","categoria":"Cotillon","subcategoria":"Festejos Egresados/Upd","precio":3408.93,"destacado":false,"descripcion":"","imagen":"assets/products/CA-000000048104.webp","tags":["gorro","egresados","deluxe","jersey","512"]},{"id":"CA-779908802642","nombre":"GORRO DE TELA PRESO x1 GO152  PS","categoria":"Cotillon","subcategoria":"Accesorios Y Sets Para Disfraces / Tutu","precio":2541.35,"destacado":false,"descripcion":"","imagen":"assets/products/CA-779908802642.webp","tags":["gorro","tela","preso","go152"]},{"id":"CA-000000055655","nombre":"GORRO DUENDE DE PAÑO x1 ROXANA","categoria":"Cotillon","subcategoria":"Accesorios Y Sets Para Disfraces / Tutu","precio":2025.0,"destacado":false,"descripcion":"","imagen":"assets/products/CA-000000055655.webp","tags":["gorro","duende","paño","roxana"]},{"id":"CA-202560000534","nombre":"GORRO EGRESADO IMPORTADO x1 FP0534","categoria":"Cotillon","subcategoria":"Festejos Egresados/Upd","precio":3541.23,"destacado":false,"descripcion":"","imagen":"assets/products/CA-202560000534.webp","tags":["gorro","egresado","importado","fp0534"]},{"id":"CA-237187601024","nombre":"GORRO EGRESADO PLASTICO PARA ARMAR x6 1024","categoria":"Cotillon","subcategoria":"Festejos Egresados/Upd","precio":4133.27,"destacado":false,"descripcion":"","imagen":"assets/products/CA-237187601024.webp","tags":["gorro","egresado","plastico","para","armar","1024"]},{"id":"CA-000000006247","nombre":"GORRO EGRESADO PLASTICOx12 (LP02)","categoria":"Cotillon","subcategoria":"Festejos Egresados/Upd","precio":7214.76,"destacado":false,"descripcion":"","imagen":"assets/products/CA-000000006247.webp","tags":["gorro","egresado","plasticox12","lp02"]},{"id":"CA-527155770115","nombre":"GORRO FUNYI GAMUZA IMPORTADA  x6 1373F","categoria":"Cotillon","subcategoria":"Accesorios Y Sets Para Disfraces / Tutu","precio":3348.54,"destacado":false,"descripcion":"","imagen":"assets/products/CA-527155770115.webp","tags":["gorro","funyi","gamuza","importada","1373f"]},{"id":"CA-000000004120","nombre":"GORRO FUNYI PLASTICO NEGROx12  (SF03)","categoria":"Cotillon","subcategoria":"Accesorios Y Sets Para Disfraces / Tutu","precio":3433.56,"destacado":false,"descripcion":"","imagen":"assets/products/CA-000000004120.webp","tags":["gorro","funyi","plastico","negrox12","sf03"]},{"id":"CA-000000035162","nombre":"GORRO POLICIA NIÑO x3 ECHYZOS","categoria":"Cotillon","subcategoria":"Accesorios Y Sets Para Disfraces / Tutu","precio":4281.28,"destacado":false,"descripcion":"","imagen":"assets/products/CA-000000035162.webp","tags":["gorro","policia","niño","echyzos"]},{"id":"CA-237187601086","nombre":"GORRO ZORRO x6 1086","categoria":"Cotillon","subcategoria":"Accesorios Y Sets Para Disfraces / Tutu","precio":6437.31,"destacado":false,"descripcion":"","imagen":"assets/products/CA-237187601086.webp","tags":["gorro","zorro","1086"]},{"id":"CA-779812557217","nombre":"GRANJA GRANDE ROTTI x12","categoria":"Cotillon","subcategoria":"Miniaturas / Juguetitos / Regalitos","precio":1165.81,"destacado":false,"descripcion":"","imagen":"assets/products/CA-779812557217.webp","tags":["granja","grande","rotti","x12"]},{"id":"CA-803410700367","nombre":"GUANTE LARGO NEGRO/BLANCO x1 YJ0495","categoria":"Cotillon","subcategoria":"Accesorios Y Sets Para Disfraces / Tutu","precio":1275.75,"destacado":false,"descripcion":"","imagen":"assets/products/CA-803410700367.webp","tags":["guante","largo","negro","blanco","yj0495"]},{"id":"CA-779908803939","nombre":"GUANTES DE RED CON STRASS 55cm xPAR AC626  PS","categoria":"Cotillon","subcategoria":"Accesorios Y Sets Para Disfraces / Tutu","precio":4699.1,"destacado":false,"descripcion":"","imagen":"assets/products/CA-779908803939.webp","tags":["guantes","red","con","strass","55cm","xpar","ac626"]},{"id":"CA-697895649781","nombre":"GUANTES DE RED CORTO FLUO x PAR DA9781A","categoria":"Cotillon","subcategoria":"Accesorios Y Sets Para Disfraces / Tutu","precio":672.0,"destacado":false,"descripcion":"","imagen":"assets/products/CA-697895649781.webp","tags":["guantes","red","corto","fluo","par","da9781a"]},{"id":"CA-803410700492","nombre":"GUANTES DE RED CORTO FLUO x PAR YJ0619","categoria":"Cotillon","subcategoria":"Complementos Para Fiestas","precio":672.0,"destacado":false,"descripcion":"","imagen":"assets/products/CA-803410700492.webp","tags":["guantes","red","corto","fluo","par","yj0619"]},{"id":"CA-697895649780","nombre":"GUANTES DE RED CORTOS FLUO CON STRASS x PAR DG9780A","categoria":"Cotillon","subcategoria":"Accesorios Y Sets Para Disfraces / Tutu","precio":1212.76,"destacado":false,"descripcion":"","imagen":"assets/products/CA-697895649780.webp","tags":["guantes","red","cortos","fluo","con","strass","par","dg9780a"]},{"id":"CA-697895649778","nombre":"GUANTES DE RED LARGOS FLUO CON STRASS x PAR DG9778A","categoria":"Cotillon","subcategoria":"Accesorios Y Sets Para Disfraces / Tutu","precio":910.0,"destacado":false,"descripcion":"","imagen":"assets/products/CA-697895649778.webp","tags":["guantes","red","largos","fluo","con","strass","par","dg9778a"]},{"id":"CA-692311301399","nombre":"GUANTES DE RED LARGOS FLUO x PAR DA1399A -9779","categoria":"Cotillon","subcategoria":"Accesorios Y Sets Para Disfraces / Tutu","precio":756.0,"destacado":false,"descripcion":"","imagen":"assets/products/CA-692311301399.webp","tags":["guantes","red","largos","fluo","par","da1399a","9779"]},{"id":"CA-803410700493","nombre":"GUANTES DE RED LARGOS FLUO x PAR YJ0620","categoria":"Cotillon","subcategoria":"Complementos Para Fiestas","precio":702.0,"destacado":false,"descripcion":"","imagen":"assets/products/CA-803410700493.webp","tags":["guantes","red","largos","fluo","par","yj0620"]}]}