{"category_slug":"cotillon","subcategory_slug":"","page":83,"page_size":48,"total":4091,"items":[{"id":"CA-697210595026","nombre":"VELA ONDAS METALIZADA PASTEL x6u GR400-20","categoria":"Cotillon","subcategoria":"Velas","precio":968.84,"destacado":false,"descripcion":"","imagen":"assets/products/CA-697210595026.webp","tags":["vela","ondas","metalizada","pastel","x6u","gr400"]},{"id":"CA-779806779186","nombre":"VELA PERLADA 10cm AZUL x10 ART.2294","categoria":"Cotillon","subcategoria":"Velas","precio":1964.91,"destacado":false,"descripcion":"","imagen":"assets/products/CA-779806779186.webp","tags":["vela","perlada","10cm","azul","x10","art","2294"]},{"id":"CA-779806779183","nombre":"VELA PERLADA 10cm BLANCO x10 ART.2294","categoria":"Cotillon","subcategoria":"Velas","precio":1964.91,"destacado":false,"descripcion":"","imagen":"assets/products/CA-779806779183.webp","tags":["vela","perlada","10cm","blanco","x10","art","2294"]},{"id":"CA-779806779185","nombre":"VELA PERLADA 10cm CELESTE x10 ART.2294","categoria":"Cotillon","subcategoria":"Velas","precio":1964.91,"destacado":false,"descripcion":"","imagen":"assets/products/CA-779806779185.webp","tags":["vela","perlada","10cm","celeste","x10","art","2294"]},{"id":"CA-779806779190","nombre":"VELA PERLADA 10cm DORADA x10 ART.2294","categoria":"Cotillon","subcategoria":"Velas","precio":1964.91,"destacado":false,"descripcion":"","imagen":"assets/products/CA-779806779190.webp","tags":["vela","perlada","10cm","dorada","x10","art","2294"]},{"id":"CA-779806779193","nombre":"VELA PERLADA 10cm FUCSIA  x10 ART.2294","categoria":"Cotillon","subcategoria":"Velas","precio":1964.91,"destacado":false,"descripcion":"","imagen":"assets/products/CA-779806779193.webp","tags":["vela","perlada","10cm","fucsia","x10","art","2294"]},{"id":"CA-779806779188","nombre":"VELA PERLADA 10cm LILA  x10 ART.2294","categoria":"Cotillon","subcategoria":"Velas","precio":1964.91,"destacado":false,"descripcion":"","imagen":"assets/products/CA-779806779188.webp","tags":["vela","perlada","10cm","lila","x10","art","2294"]},{"id":"CA-779806779204","nombre":"VELA PERLADA 10cm NEGRO x10 ART.2294","categoria":"Cotillon","subcategoria":"Velas","precio":1964.91,"destacado":false,"descripcion":"","imagen":"assets/products/CA-779806779204.webp","tags":["vela","perlada","10cm","negro","x10","art","2294"]},{"id":"CA-779806779191","nombre":"VELA PERLADA 10cm PLATEADA  x10 ART.2294","categoria":"Cotillon","subcategoria":"Velas","precio":1964.91,"destacado":false,"descripcion":"","imagen":"assets/products/CA-779806779191.webp","tags":["vela","perlada","10cm","plateada","x10","art","2294"]},{"id":"CA-779806779194","nombre":"VELA PERLADA 10cm ROJO x10 ART.2294","categoria":"Cotillon","subcategoria":"Velas","precio":1964.91,"destacado":false,"descripcion":"","imagen":"assets/products/CA-779806779194.webp","tags":["vela","perlada","10cm","rojo","x10","art","2294"]},{"id":"CA-779806779184","nombre":"VELA PERLADA 10cm ROSA  x10 ART.2294","categoria":"Cotillon","subcategoria":"Velas","precio":1964.91,"destacado":false,"descripcion":"","imagen":"assets/products/CA-779806779184.webp","tags":["vela","perlada","10cm","rosa","x10","art","2294"]},{"id":"CA-779806779187","nombre":"VELA PERLADA 10cm SALMON x10 ART2294","categoria":"Cotillon","subcategoria":"Velas","precio":1964.91,"destacado":false,"descripcion":"","imagen":"assets/products/CA-779806779187.webp","tags":["vela","perlada","10cm","salmon","x10","art2294"]},{"id":"CA-779806779195","nombre":"VELA PERLADA 10cm TURQUESA x10 ART.2294","categoria":"Cotillon","subcategoria":"Velas","precio":1964.91,"destacado":false,"descripcion":"","imagen":"assets/products/CA-779806779195.webp","tags":["vela","perlada","10cm","turquesa","x10","art","2294"]},{"id":"CA-779806779198","nombre":"VELA PERLADA 10cm VERDE AGUA x10 ART.2294","categoria":"Cotillon","subcategoria":"Velas","precio":1964.91,"destacado":false,"descripcion":"","imagen":"assets/products/CA-779806779198.webp","tags":["vela","perlada","10cm","verde","agua","x10","art","2294"]},{"id":"CA-779806779189","nombre":"VELA PERLADA 10cm VIOLETA  x10 ART.2294","categoria":"Cotillon","subcategoria":"Velas","precio":1964.91,"destacado":false,"descripcion":"","imagen":"assets/products/CA-779806779189.webp","tags":["vela","perlada","10cm","violeta","x10","art","2294"]},{"id":"CA-779806779273","nombre":"VELA PERLADA 15cm AZUL  x10 ART.2322","categoria":"Cotillon","subcategoria":"Velas","precio":3433.36,"destacado":false,"descripcion":"","imagen":"assets/products/CA-779806779273.webp","tags":["vela","perlada","15cm","azul","x10","art","2322"]},{"id":"CA-779806779270","nombre":"VELA PERLADA 15cm BLANCO  x10 ART.2322","categoria":"Cotillon","subcategoria":"Velas","precio":3433.36,"destacado":false,"descripcion":"","imagen":"assets/products/CA-779806779270.webp","tags":["vela","perlada","15cm","blanco","x10","art","2322"]},{"id":"CA-779806779272","nombre":"VELA PERLADA 15cm CELESTE  x10  ART.2322","categoria":"Cotillon","subcategoria":"Velas","precio":3433.36,"destacado":false,"descripcion":"","imagen":"assets/products/CA-779806779272.webp","tags":["vela","perlada","15cm","celeste","x10","art","2322"]},{"id":"CA-779806779277","nombre":"VELA PERLADA 15cm DORADA  x10 ART.2322","categoria":"Cotillon","subcategoria":"Velas","precio":3433.36,"destacado":false,"descripcion":"","imagen":"assets/products/CA-779806779277.webp","tags":["vela","perlada","15cm","dorada","x10","art","2322"]},{"id":"CA-779806779280","nombre":"VELA PERLADA 15cm FUCSIA  x10 ART.2322","categoria":"Cotillon","subcategoria":"Velas","precio":3433.36,"destacado":false,"descripcion":"","imagen":"assets/products/CA-779806779280.webp","tags":["vela","perlada","15cm","fucsia","x10","art","2322"]},{"id":"CA-779806779275","nombre":"VELA PERLADA 15cm LILA  x10  ART.2322","categoria":"Cotillon","subcategoria":"Velas","precio":3433.36,"destacado":false,"descripcion":"","imagen":"assets/products/CA-779806779275.webp","tags":["vela","perlada","15cm","lila","x10","art","2322"]},{"id":"CA-779806779290","nombre":"VELA PERLADA 15cm NEGRO x10  ART.2322","categoria":"Cotillon","subcategoria":"Velas","precio":3433.36,"destacado":false,"descripcion":"","imagen":"assets/products/CA-779806779290.webp","tags":["vela","perlada","15cm","negro","x10","art","2322"]},{"id":"CA-779806779278","nombre":"VELA PERLADA 15cm PLATEADA x10  ART.2322","categoria":"Cotillon","subcategoria":"Velas","precio":3433.36,"destacado":false,"descripcion":"","imagen":"assets/products/CA-779806779278.webp","tags":["vela","perlada","15cm","plateada","x10","art","2322"]},{"id":"CA-779806779281","nombre":"VELA PERLADA 15cm ROJO  x10 ART.2322","categoria":"Cotillon","subcategoria":"Velas","precio":3433.36,"destacado":false,"descripcion":"","imagen":"assets/products/CA-779806779281.webp","tags":["vela","perlada","15cm","rojo","x10","art","2322"]},{"id":"CA-779806779271","nombre":"VELA PERLADA 15cm ROSA  x10 ART.2322","categoria":"Cotillon","subcategoria":"Velas","precio":3433.36,"destacado":false,"descripcion":"","imagen":"assets/products/CA-779806779271.webp","tags":["vela","perlada","15cm","rosa","x10","art","2322"]},{"id":"CA-779806779274","nombre":"VELA PERLADA 15cm SALMON x10  ART.2322","categoria":"Cotillon","subcategoria":"Velas","precio":3433.36,"destacado":false,"descripcion":"","imagen":"assets/products/CA-779806779274.webp","tags":["vela","perlada","15cm","salmon","x10","art","2322"]},{"id":"CA-779806779282","nombre":"VELA PERLADA 15cm TURQUESA  x10 ART.2322","categoria":"Cotillon","subcategoria":"Velas","precio":3433.36,"destacado":false,"descripcion":"","imagen":"assets/products/CA-779806779282.webp","tags":["vela","perlada","15cm","turquesa","x10","art","2322"]},{"id":"CA-779806779285","nombre":"VELA PERLADA 15cm VERDE AGUA  x10 ART.2322","categoria":"Cotillon","subcategoria":"Velas","precio":3433.36,"destacado":false,"descripcion":"","imagen":"assets/products/CA-779806779285.webp","tags":["vela","perlada","15cm","verde","agua","x10","art","2322"]},{"id":"CA-779806779276","nombre":"VELA PERLADA 15cm VIOLETA  x10 ART.2322","categoria":"Cotillon","subcategoria":"Velas","precio":3433.36,"destacado":false,"descripcion":"","imagen":"assets/products/CA-779806779276.webp","tags":["vela","perlada","15cm","violeta","x10","art","2322"]},{"id":"CA-779806779142","nombre":"VELA PERLADA 20cm AZUL x10  ART.2268","categoria":"Cotillon","subcategoria":"Velas","precio":5558.69,"destacado":false,"descripcion":"","imagen":"assets/products/CA-779806779142.webp","tags":["vela","perlada","20cm","azul","x10","art","2268"]},{"id":"CA-779806779139","nombre":"VELA PERLADA 20cm BLANCO  x10 ART.2268","categoria":"Cotillon","subcategoria":"Velas","precio":5558.69,"destacado":false,"descripcion":"","imagen":"assets/products/CA-779806779139.webp","tags":["vela","perlada","20cm","blanco","x10","art","2268"]},{"id":"CA-779806779141","nombre":"VELA PERLADA 20cm CELESTE x10  ART.2268","categoria":"Cotillon","subcategoria":"Velas","precio":5558.69,"destacado":false,"descripcion":"","imagen":"assets/products/CA-779806779141.webp","tags":["vela","perlada","20cm","celeste","x10","art","2268"]},{"id":"CA-779806779146","nombre":"VELA PERLADA 20cm DORADA  x10 ART.2268","categoria":"Cotillon","subcategoria":"Velas","precio":5558.69,"destacado":false,"descripcion":"","imagen":"assets/products/CA-779806779146.webp","tags":["vela","perlada","20cm","dorada","x10","art","2268"]},{"id":"CA-779806779149","nombre":"VELA PERLADA 20cm FUCSIA  x10 ART.2268","categoria":"Cotillon","subcategoria":"Velas","precio":5558.69,"destacado":false,"descripcion":"","imagen":"assets/products/CA-779806779149.webp","tags":["vela","perlada","20cm","fucsia","x10","art","2268"]},{"id":"CA-779806779144","nombre":"VELA PERLADA 20cm LILA x10  ART.2268","categoria":"Cotillon","subcategoria":"Velas","precio":5558.69,"destacado":false,"descripcion":"","imagen":"assets/products/CA-779806779144.webp","tags":["vela","perlada","20cm","lila","x10","art","2268"]},{"id":"CA-779806779160","nombre":"VELA PERLADA 20cm NEGRO x10  ART.2268","categoria":"Cotillon","subcategoria":"Velas","precio":5558.69,"destacado":false,"descripcion":"","imagen":"assets/products/CA-779806779160.webp","tags":["vela","perlada","20cm","negro","x10","art","2268"]},{"id":"CA-779806779147","nombre":"VELA PERLADA 20cm PLATEADA x10  ART.2268","categoria":"Cotillon","subcategoria":"Velas","precio":5558.69,"destacado":false,"descripcion":"","imagen":"assets/products/CA-779806779147.webp","tags":["vela","perlada","20cm","plateada","x10","art","2268"]},{"id":"CA-779806779150","nombre":"VELA PERLADA 20cm ROJO x10  ART.2268","categoria":"Cotillon","subcategoria":"Velas","precio":5558.69,"destacado":false,"descripcion":"","imagen":"assets/products/CA-779806779150.webp","tags":["vela","perlada","20cm","rojo","x10","art","2268"]},{"id":"CA-779806779517","nombre":"VELA PERLADA 20cm ROSA GOLD x10 ART.2268","categoria":"Cotillon","subcategoria":"Velas","precio":5558.69,"destacado":false,"descripcion":"","imagen":"assets/products/CA-779806779517.webp","tags":["vela","perlada","20cm","rosa","gold","x10","art","2268"]},{"id":"CA-779806779140","nombre":"VELA PERLADA 20cm ROSA x10  ART.2268","categoria":"Cotillon","subcategoria":"Velas","precio":5558.69,"destacado":false,"descripcion":"","imagen":"assets/products/CA-779806779140.webp","tags":["vela","perlada","20cm","rosa","x10","art","2268"]},{"id":"CA-779806779143","nombre":"VELA PERLADA 20cm SALMON  x10 ART 2268","categoria":"Cotillon","subcategoria":"Velas","precio":5558.69,"destacado":false,"descripcion":"","imagen":"assets/products/CA-779806779143.webp","tags":["vela","perlada","20cm","salmon","x10","art","2268"]},{"id":"CA-779806779151","nombre":"VELA PERLADA 20cm TURQUESA  x10 ART.2268","categoria":"Cotillon","subcategoria":"Velas","precio":5558.69,"destacado":false,"descripcion":"","imagen":"assets/products/CA-779806779151.webp","tags":["vela","perlada","20cm","turquesa","x10","art","2268"]},{"id":"CA-779806779154","nombre":"VELA PERLADA 20cm VERDE AGUA x10  ART.2268","categoria":"Cotillon","subcategoria":"Velas","precio":5558.69,"destacado":false,"descripcion":"","imagen":"assets/products/CA-779806779154.webp","tags":["vela","perlada","20cm","verde","agua","x10","art","2268"]},{"id":"CA-779806779145","nombre":"VELA PERLADA 20cm VIOLETA  x10 ART.2268","categoria":"Cotillon","subcategoria":"Velas","precio":5558.69,"destacado":false,"descripcion":"","imagen":"assets/products/CA-779806779145.webp","tags":["vela","perlada","20cm","violeta","x10","art","2268"]},{"id":"CA-685624345761","nombre":"VELA PINCHE ANIMALITOS 16cm x1 1492-5","categoria":"Cotillon","subcategoria":"Velas","precio":615.85,"destacado":false,"descripcion":"","imagen":"assets/products/CA-685624345761.webp","tags":["vela","pinche","animalitos","16cm","1492"]},{"id":"CA-344039028801","nombre":"VELA PINCHE BOTIN CON PELOTA 16cm x1 1481-5","categoria":"Cotillon","subcategoria":"Velas","precio":1763.67,"destacado":false,"descripcion":"","imagen":"assets/products/CA-344039028801.webp","tags":["vela","pinche","botin","con","pelota","16cm","1481"]},{"id":"CA-000000044052","nombre":"VELA PINCHE CON BRILLO CAMISETA DE BOCA 18cm x2","categoria":"Cotillon","subcategoria":"Velas","precio":1875.0,"destacado":false,"descripcion":"","imagen":"assets/products/CA-000000044052.webp","tags":["vela","pinche","con","brillo","camiseta","boca","18cm"]},{"id":"CA-000000044053","nombre":"VELA PINCHE CON BRILLO CAMISETA DE RIVER 18cm x2","categoria":"Cotillon","subcategoria":"Velas","precio":1875.0,"destacado":false,"descripcion":"","imagen":"assets/products/CA-000000044053.webp","tags":["vela","pinche","con","brillo","camiseta","river","18cm"]}]}