{"category_slug":"cotillon","subcategory_slug":"","page":52,"page_size":48,"total":4091,"items":[{"id":"CA-77981941533838","nombre":"GLOBO OVNI METALIZADO 14\" FUCSIA Nº 6 x5 (NO APTO HELIO) 53383","categoria":"Cotillon","subcategoria":"Globos Metalizados Numeros","precio":2819.26,"destacado":false,"descripcion":"","imagen":"assets/products/CA-77981941533838.webp","tags":["globo","ovni","metalizado","fucsia","apto","helio","53383"]},{"id":"CA-77981941533906","nombre":"GLOBO OVNI METALIZADO 14\" FUCSIA Nº 7 x5 (NO APTO HELIO) 53390","categoria":"Cotillon","subcategoria":"Globos Metalizados Numeros","precio":2819.26,"destacado":false,"descripcion":"","imagen":"assets/products/CA-77981941533906.webp","tags":["globo","ovni","metalizado","fucsia","apto","helio","53390"]},{"id":"CA-77981941534064","nombre":"GLOBO OVNI METALIZADO 14\" FUCSIA Nº 8 x5 (NO APTO HELIO) 53406","categoria":"Cotillon","subcategoria":"Globos Metalizados Numeros","precio":2819.26,"destacado":false,"descripcion":"","imagen":"assets/products/CA-77981941534064.webp","tags":["globo","ovni","metalizado","fucsia","apto","helio","53406"]},{"id":"CA-77981941534132","nombre":"GLOBO OVNI METALIZADO 14\" FUCSIA Nº 9 x5 (NO APTO HELIO) 53413","categoria":"Cotillon","subcategoria":"Globos Metalizados Numeros","precio":2819.26,"destacado":false,"descripcion":"","imagen":"assets/products/CA-77981941534132.webp","tags":["globo","ovni","metalizado","fucsia","apto","helio","53413"]},{"id":"CA-60981941725226","nombre":"GLOBO OVNI METALIZADO 14\" NEGRO Nº 0 x5 (NO APTO HELIO) 72522","categoria":"Cotillon","subcategoria":"Globos Metalizados Numeros","precio":2819.26,"destacado":false,"descripcion":"","imagen":"assets/products/CA-60981941725226.webp","tags":["globo","ovni","metalizado","negro","apto","helio","72522"]},{"id":"CA-60981941725394","nombre":"GLOBO OVNI METALIZADO 14\" NEGRO Nº 1 x5 (NO APTO HELIO) 72539","categoria":"Cotillon","subcategoria":"Globos Metalizados Numeros","precio":2819.26,"destacado":false,"descripcion":"","imagen":"assets/products/CA-60981941725394.webp","tags":["globo","ovni","metalizado","negro","apto","helio","72539"]},{"id":"CA-60981941725462","nombre":"GLOBO OVNI METALIZADO 14\" NEGRO Nº 2 x5 (NO APTO HELIO) 72546","categoria":"Cotillon","subcategoria":"Globos Metalizados Numeros","precio":2819.26,"destacado":false,"descripcion":"","imagen":"assets/products/CA-60981941725462.webp","tags":["globo","ovni","metalizado","negro","apto","helio","72546"]},{"id":"CA-60981941725530","nombre":"GLOBO OVNI METALIZADO 14\" NEGRO Nº 3 x5 (NO APTO HELIO) 72553","categoria":"Cotillon","subcategoria":"Globos Metalizados Numeros","precio":2819.26,"destacado":false,"descripcion":"","imagen":"assets/products/CA-60981941725530.webp","tags":["globo","ovni","metalizado","negro","apto","helio","72553"]},{"id":"CA-60981941725608","nombre":"GLOBO OVNI METALIZADO 14\" NEGRO Nº 4 x5 (NO APTO HELIO) 72560","categoria":"Cotillon","subcategoria":"Globos Metalizados Numeros","precio":2819.26,"destacado":false,"descripcion":"","imagen":"assets/products/CA-60981941725608.webp","tags":["globo","ovni","metalizado","negro","apto","helio","72560"]},{"id":"CA-60981941725776","nombre":"GLOBO OVNI METALIZADO 14\" NEGRO Nº 5 x5 (NO APTO HELIO) 72577","categoria":"Cotillon","subcategoria":"Globos Metalizados Numeros","precio":2819.26,"destacado":false,"descripcion":"","imagen":"assets/products/CA-60981941725776.webp","tags":["globo","ovni","metalizado","negro","apto","helio","72577"]},{"id":"CA-60981941725844","nombre":"GLOBO OVNI METALIZADO 14\" NEGRO Nº 6 x5 (NO APTO HELIO) 72584","categoria":"Cotillon","subcategoria":"Globos Metalizados Numeros","precio":2819.26,"destacado":false,"descripcion":"","imagen":"assets/products/CA-60981941725844.webp","tags":["globo","ovni","metalizado","negro","apto","helio","72584"]},{"id":"CA-60981941725912","nombre":"GLOBO OVNI METALIZADO 14\" NEGRO Nº 7 x5 (NO APTO HELIO) 72591","categoria":"Cotillon","subcategoria":"Globos Metalizados Numeros","precio":2819.26,"destacado":false,"descripcion":"","imagen":"assets/products/CA-60981941725912.webp","tags":["globo","ovni","metalizado","negro","apto","helio","72591"]},{"id":"CA-60981941726070","nombre":"GLOBO OVNI METALIZADO 14\" NEGRO Nº 8 x5 (NO APTO HELIO) 72607","categoria":"Cotillon","subcategoria":"Globos Metalizados Numeros","precio":2819.26,"destacado":false,"descripcion":"","imagen":"assets/products/CA-60981941726070.webp","tags":["globo","ovni","metalizado","negro","apto","helio","72607"]},{"id":"CA-60981941726148","nombre":"GLOBO OVNI METALIZADO 14\" NEGRO Nº 9 x5 (NO APTO HELIO) 72614","categoria":"Cotillon","subcategoria":"Globos Metalizados Numeros","precio":2819.26,"destacado":false,"descripcion":"","imagen":"assets/products/CA-60981941726148.webp","tags":["globo","ovni","metalizado","negro","apto","helio","72614"]},{"id":"CA-77981941544582","nombre":"GLOBO OVNI METALIZADO 14\" PLATEADO Nº 0 x5 (NO APTO HELIO) 54458","categoria":"Cotillon","subcategoria":"Globos Metalizados Numeros","precio":2819.26,"destacado":false,"descripcion":"","imagen":"assets/products/CA-77981941544582.webp","tags":["globo","ovni","metalizado","plateado","apto","helio","54458"]},{"id":"CA-77981941544650","nombre":"GLOBO OVNI METALIZADO 14\" PLATEADO Nº 1 x5 (NO APTO HELIO) 54465","categoria":"Cotillon","subcategoria":"Globos Metalizados Numeros","precio":2819.26,"destacado":false,"descripcion":"","imagen":"assets/products/CA-77981941544650.webp","tags":["globo","ovni","metalizado","plateado","apto","helio","54465"]},{"id":"CA-77981941544728","nombre":"GLOBO OVNI METALIZADO 14\" PLATEADO Nº 2 x5 (NO APTO HELIO) 54472","categoria":"Cotillon","subcategoria":"Globos Metalizados Numeros","precio":2819.26,"destacado":false,"descripcion":"","imagen":"assets/products/CA-77981941544728.webp","tags":["globo","ovni","metalizado","plateado","apto","helio","54472"]},{"id":"CA-77981941544896","nombre":"GLOBO OVNI METALIZADO 14\" PLATEADO Nº 3 x5 (NO APTO HELIO) 54489","categoria":"Cotillon","subcategoria":"Globos Metalizados Numeros","precio":2819.26,"destacado":false,"descripcion":"","imagen":"assets/products/CA-77981941544896.webp","tags":["globo","ovni","metalizado","plateado","apto","helio","54489"]},{"id":"CA-77981941544964","nombre":"GLOBO OVNI METALIZADO 14\" PLATEADO Nº 4 x5 (NO APTO HELIO) 54496","categoria":"Cotillon","subcategoria":"Globos Metalizados Numeros","precio":2819.26,"destacado":false,"descripcion":"","imagen":"assets/products/CA-77981941544964.webp","tags":["globo","ovni","metalizado","plateado","apto","helio","54496"]},{"id":"CA-77981941545022","nombre":"GLOBO OVNI METALIZADO 14\" PLATEADO Nº 5 x5 (NO APTO HELIO) 54502","categoria":"Cotillon","subcategoria":"Globos Metalizados Numeros","precio":2819.26,"destacado":false,"descripcion":"","imagen":"assets/products/CA-77981941545022.webp","tags":["globo","ovni","metalizado","plateado","apto","helio","54502"]},{"id":"CA-77981941545190","nombre":"GLOBO OVNI METALIZADO 14\" PLATEADO Nº 6 x5 (NO APTO HELIO) 54519","categoria":"Cotillon","subcategoria":"Globos Metalizados Numeros","precio":2819.26,"destacado":false,"descripcion":"","imagen":"assets/products/CA-77981941545190.webp","tags":["globo","ovni","metalizado","plateado","apto","helio","54519"]},{"id":"CA-77981941545268","nombre":"GLOBO OVNI METALIZADO 14\" PLATEADO Nº 7 x5 (NO APTO HELIO) 54526","categoria":"Cotillon","subcategoria":"Globos Metalizados Numeros","precio":2819.26,"destacado":false,"descripcion":"","imagen":"assets/products/CA-77981941545268.webp","tags":["globo","ovni","metalizado","plateado","apto","helio","54526"]},{"id":"CA-77981941545336","nombre":"GLOBO OVNI METALIZADO 14\" PLATEADO Nº 8 x5 (NO APTO HELIO) 54533","categoria":"Cotillon","subcategoria":"Globos Metalizados Numeros","precio":2819.26,"destacado":false,"descripcion":"","imagen":"assets/products/CA-77981941545336.webp","tags":["globo","ovni","metalizado","plateado","apto","helio","54533"]},{"id":"CA-77981941545404","nombre":"GLOBO OVNI METALIZADO 14\" PLATEADO Nº 9 x5 (NO APTO HELIO) 54540","categoria":"Cotillon","subcategoria":"Globos Metalizados Numeros","precio":2819.26,"destacado":false,"descripcion":"","imagen":"assets/products/CA-77981941545404.webp","tags":["globo","ovni","metalizado","plateado","apto","helio","54540"]},{"id":"CA-77981941572448","nombre":"GLOBO OVNI METALIZADO 14\" RAINBOW PASTEL N°0  x5  57244","categoria":"Cotillon","subcategoria":"Globos Metalizados Numeros","precio":2819.26,"destacado":false,"descripcion":"","imagen":"assets/products/CA-77981941572448.webp","tags":["globo","ovni","metalizado","rainbow","pastel","57244"]},{"id":"CA-77981941572516","nombre":"GLOBO OVNI METALIZADO 14\" RAINBOW PASTEL N°1 x5   57251","categoria":"Cotillon","subcategoria":"Globos Metalizados Numeros","precio":2819.26,"destacado":false,"descripcion":"","imagen":"assets/products/CA-77981941572516.webp","tags":["globo","ovni","metalizado","rainbow","pastel","57251"]},{"id":"CA-77981941572684","nombre":"GLOBO OVNI METALIZADO 14\" RAINBOW PASTEL N°2  x5   57268","categoria":"Cotillon","subcategoria":"Globos Metalizados Numeros","precio":2819.26,"destacado":false,"descripcion":"","imagen":"assets/products/CA-77981941572684.webp","tags":["globo","ovni","metalizado","rainbow","pastel","57268"]},{"id":"CA-77981941572752","nombre":"GLOBO OVNI METALIZADO 14\" RAINBOW PASTEL N°3  x5  57275","categoria":"Cotillon","subcategoria":"Globos Metalizados Numeros","precio":2819.26,"destacado":false,"descripcion":"","imagen":"assets/products/CA-77981941572752.webp","tags":["globo","ovni","metalizado","rainbow","pastel","57275"]},{"id":"CA-77981941572820","nombre":"GLOBO OVNI METALIZADO 14\" RAINBOW PASTEL N°4  x5  57282","categoria":"Cotillon","subcategoria":"Globos Metalizados Numeros","precio":2819.26,"destacado":false,"descripcion":"","imagen":"assets/products/CA-77981941572820.webp","tags":["globo","ovni","metalizado","rainbow","pastel","57282"]},{"id":"CA-77981941572998","nombre":"GLOBO OVNI METALIZADO 14\" RAINBOW PASTEL N°5  x5  57299","categoria":"Cotillon","subcategoria":"Globos Metalizados Numeros","precio":2819.26,"destacado":false,"descripcion":"","imagen":"assets/products/CA-77981941572998.webp","tags":["globo","ovni","metalizado","rainbow","pastel","57299"]},{"id":"CA-77981941573056","nombre":"GLOBO OVNI METALIZADO 14\" RAINBOW PASTEL N°6 x5 57305","categoria":"Cotillon","subcategoria":"Globos Metalizados Numeros","precio":2819.26,"destacado":false,"descripcion":"","imagen":"assets/products/CA-77981941573056.webp","tags":["globo","ovni","metalizado","rainbow","pastel","57305"]},{"id":"CA-77981941573124","nombre":"GLOBO OVNI METALIZADO 14\" RAINBOW PASTEL N°7 x5  57312","categoria":"Cotillon","subcategoria":"Globos Metalizados Numeros","precio":2819.26,"destacado":false,"descripcion":"","imagen":"assets/products/CA-77981941573124.webp","tags":["globo","ovni","metalizado","rainbow","pastel","57312"]},{"id":"CA-77981941573292","nombre":"GLOBO OVNI METALIZADO 14\" RAINBOW PASTEL N°8 x5   57329","categoria":"Cotillon","subcategoria":"Globos Metalizados Numeros","precio":2819.26,"destacado":false,"descripcion":"","imagen":"assets/products/CA-77981941573292.webp","tags":["globo","ovni","metalizado","rainbow","pastel","57329"]},{"id":"CA-77981941573360","nombre":"GLOBO OVNI METALIZADO 14\" RAINBOW PASTEL N°9  x5 57336","categoria":"Cotillon","subcategoria":"Globos Metalizados Numeros","precio":2819.26,"destacado":false,"descripcion":"","imagen":"assets/products/CA-77981941573360.webp","tags":["globo","ovni","metalizado","rainbow","pastel","57336"]},{"id":"CA-77981941505118","nombre":"GLOBO OVNI METALIZADO 14\" ROSA GOLD HOLOGRAFICO Nº 0 x5 (NO APTO HELIO) 50511","categoria":"Cotillon","subcategoria":"Globos Metalizados Numeros","precio":3752.92,"destacado":false,"descripcion":"","imagen":"assets/products/CA-77981941505118.webp","tags":["globo","ovni","metalizado","rosa","gold","holografico","apto","helio","50511"]},{"id":"CA-77981941552266","nombre":"GLOBO OVNI METALIZADO 14\" ROSA GOLD HOLOGRAFICO Nº 1 x5 (NO APTO HELIO) 55226","categoria":"Cotillon","subcategoria":"Globos Metalizados Numeros","precio":3752.92,"destacado":false,"descripcion":"","imagen":"assets/products/CA-77981941552266.webp","tags":["globo","ovni","metalizado","rosa","gold","holografico","apto","helio","55226"]},{"id":"CA-77981941519528","nombre":"GLOBO OVNI METALIZADO 14\" ROSA GOLD HOLOGRAFICO Nº 2 x5 (NO APTO HELIO) 51952","categoria":"Cotillon","subcategoria":"Globos Metalizados Numeros","precio":3752.92,"destacado":false,"descripcion":"","imagen":"assets/products/CA-77981941519528.webp","tags":["globo","ovni","metalizado","rosa","gold","holografico","apto","helio","51952"]},{"id":"CA-77981941505354","nombre":"GLOBO OVNI METALIZADO 14\" ROSA GOLD HOLOGRAFICO Nº 3 x5 (NO APTO HELIO) 50535","categoria":"Cotillon","subcategoria":"Globos Metalizados Numeros","precio":3752.92,"destacado":false,"descripcion":"","imagen":"assets/products/CA-77981941505354.webp","tags":["globo","ovni","metalizado","rosa","gold","holografico","apto","helio","50535"]},{"id":"CA-77981941599964","nombre":"GLOBO OVNI METALIZADO 14\" ROSA GOLD HOLOGRAFICO Nº 4 x5(NO APTO HELIO) 59996","categoria":"Cotillon","subcategoria":"Globos Metalizados Numeros","precio":3752.92,"destacado":false,"descripcion":"","imagen":"assets/products/CA-77981941599964.webp","tags":["globo","ovni","metalizado","rosa","gold","holografico","apto","helio","59996"]},{"id":"CA-77981941550804","nombre":"GLOBO OVNI METALIZADO 14\" ROSA GOLD HOLOGRAFICO Nº 5 x5 (NO APTO HELIO) 55080","categoria":"Cotillon","subcategoria":"Globos Metalizados Numeros","precio":3752.92,"destacado":false,"descripcion":"","imagen":"assets/products/CA-77981941550804.webp","tags":["globo","ovni","metalizado","rosa","gold","holografico","apto","helio","55080"]},{"id":"CA-77981941552334","nombre":"GLOBO OVNI METALIZADO 14\" ROSA GOLD HOLOGRAFICO Nº 6 x5(NO APTO HELIO) 55233","categoria":"Cotillon","subcategoria":"Globos Metalizados Numeros","precio":3752.92,"destacado":false,"descripcion":"","imagen":"assets/products/CA-77981941552334.webp","tags":["globo","ovni","metalizado","rosa","gold","holografico","apto","helio","55233"]},{"id":"CA-77981941529800","nombre":"GLOBO OVNI METALIZADO 14\" ROSA GOLD HOLOGRAFICO Nº 7 x5 (NO APTO HELIO) 52980","categoria":"Cotillon","subcategoria":"Globos Metalizados Numeros","precio":3752.92,"destacado":false,"descripcion":"","imagen":"assets/products/CA-77981941529800.webp","tags":["globo","ovni","metalizado","rosa","gold","holografico","apto","helio","52980"]},{"id":"CA-77981941529978","nombre":"GLOBO OVNI METALIZADO 14\" ROSA GOLD HOLOGRAFICO Nº 8 x5 (NO APTO HELIO) 52997","categoria":"Cotillon","subcategoria":"Globos Metalizados Numeros","precio":3752.92,"destacado":false,"descripcion":"","imagen":"assets/products/CA-77981941529978.webp","tags":["globo","ovni","metalizado","rosa","gold","holografico","apto","helio","52997"]},{"id":"CA-77981941567734","nombre":"GLOBO OVNI METALIZADO 14\" ROSA GOLD HOLOGRAFICO Nº 9 x5(NO APTO HELIO) 56773","categoria":"Cotillon","subcategoria":"Globos Metalizados Numeros","precio":3752.92,"destacado":false,"descripcion":"","imagen":"assets/products/CA-77981941567734.webp","tags":["globo","ovni","metalizado","rosa","gold","holografico","apto","helio","56773"]},{"id":"CA-77981941531230","nombre":"GLOBO OVNI METALIZADO 14\" ROSA GOLD Nº0 x5 (NO APTO HELIO) 53123","categoria":"Cotillon","subcategoria":"Globos Metalizados Numeros","precio":2819.26,"destacado":false,"descripcion":"","imagen":"assets/products/CA-77981941531230.webp","tags":["globo","ovni","metalizado","rosa","gold","nº0","apto","helio","53123"]},{"id":"CA-77981941531308","nombre":"GLOBO OVNI METALIZADO 14\" ROSA GOLD Nº1 x5 (NO APTO HELIO) 53130","categoria":"Cotillon","subcategoria":"Globos Metalizados Numeros","precio":2819.26,"destacado":false,"descripcion":"","imagen":"assets/products/CA-77981941531308.webp","tags":["globo","ovni","metalizado","rosa","gold","nº1","apto","helio","53130"]},{"id":"CA-77981941531476","nombre":"GLOBO OVNI METALIZADO 14\" ROSA GOLD Nº2 x5 (NO APTO HELIO) 53147","categoria":"Cotillon","subcategoria":"Globos Metalizados Numeros","precio":2819.26,"destacado":false,"descripcion":"","imagen":"assets/products/CA-77981941531476.webp","tags":["globo","ovni","metalizado","rosa","gold","nº2","apto","helio","53147"]},{"id":"CA-77981941531544","nombre":"GLOBO OVNI METALIZADO 14\" ROSA GOLD Nº3 x5 (NO APTO HELIO) 53154","categoria":"Cotillon","subcategoria":"Globos Metalizados Numeros","precio":2819.26,"destacado":false,"descripcion":"","imagen":"assets/products/CA-77981941531544.webp","tags":["globo","ovni","metalizado","rosa","gold","nº3","apto","helio","53154"]}]}