{"category_slug":"cotillon","subcategory_slug":"","page":66,"page_size":48,"total":4091,"items":[{"id":"CA-779832235961","nombre":"MEDIAS BUCANERAS FLUO AMARILLA  x1 AC572/35961  PS","categoria":"Cotillon","subcategoria":"Accesorios Y Sets Para Disfraces / Tutu","precio":2541.35,"destacado":false,"descripcion":"","imagen":"assets/products/CA-779832235961.webp","tags":["medias","bucaneras","fluo","amarilla","ac572","35961"]},{"id":"CA-779832235959","nombre":"MEDIAS BUCANERAS FLUO FUCSIA/ROSA  x1 AC570/35959 PS","categoria":"Cotillon","subcategoria":"Accesorios Y Sets Para Disfraces / Tutu","precio":2541.35,"destacado":false,"descripcion":"","imagen":"assets/products/CA-779832235959.webp","tags":["medias","bucaneras","fluo","fucsia","rosa","ac570","35959"]},{"id":"CA-779832235962","nombre":"MEDIAS BUCANERAS FLUO NARANJA  x1 AC573/35962 PS","categoria":"Cotillon","subcategoria":"Accesorios Y Sets Para Disfraces / Tutu","precio":2541.35,"destacado":false,"descripcion":"","imagen":"assets/products/CA-779832235962.webp","tags":["medias","bucaneras","fluo","naranja","ac573","35962"]},{"id":"CA-779832235960","nombre":"MEDIAS BUCANERAS FLUO VERDE  x1 AC571/35960  PS","categoria":"Cotillon","subcategoria":"Accesorios Y Sets Para Disfraces / Tutu","precio":2541.35,"destacado":false,"descripcion":"","imagen":"assets/products/CA-779832235960.webp","tags":["medias","bucaneras","fluo","verde","ac571","35960"]},{"id":"CA-779908802721","nombre":"MEDIAS BUCANERAS NEGRA RED ROMBOS x1 TM010/02721 PS","categoria":"Cotillon","subcategoria":"Accesorios Y Sets Para Disfraces / Tutu","precio":2205.7,"destacado":false,"descripcion":"","imagen":"assets/products/CA-779908802721.webp","tags":["medias","bucaneras","negra","red","rombos","tm010","02721"]},{"id":"CA-779908804015","nombre":"MEDIAS BUCANERAS RAYADAS BLANCA/AZUL  x1 TM018/04015  PS","categoria":"Cotillon","subcategoria":"Accesorios Y Sets Para Disfraces / Tutu","precio":2157.75,"destacado":false,"descripcion":"","imagen":"assets/products/CA-779908804015.webp","tags":["medias","bucaneras","rayadas","blanca","azul","tm018","04015"]},{"id":"CA-779908802711","nombre":"MEDIAS BUCANERAS RAYADAS ROJO/BLANCO x1 TM005  PS","categoria":"Cotillon","subcategoria":"Accesorios Y Sets Para Disfraces / Tutu","precio":4219.6,"destacado":false,"descripcion":"","imagen":"assets/products/CA-779908802711.webp","tags":["medias","bucaneras","rayadas","rojo","blanco","tm005"]},{"id":"CA-779830177598","nombre":"MINI KITS COLITA PARA PELO Y MAQUILLAJE AMARILLO FLUO CON STRASS x1 ART 645-52","categoria":"Cotillon","subcategoria":"Maquillaje / Adhesivo Artistico","precio":1307.34,"destacado":false,"descripcion":"","imagen":"assets/products/CA-779830177598.webp","tags":["mini","kits","colita","para","pelo","maquillaje","amarillo","fluo","con","strass","art","645"]},{"id":"CA-779830177599","nombre":"MINI KITS COLITA PARA PELO Y MAQUILLAJE NARANJA FLUO CON STRASS x1 ART 645-53","categoria":"Cotillon","subcategoria":"Maquillaje / Adhesivo Artistico","precio":1307.34,"destacado":false,"descripcion":"","imagen":"assets/products/CA-779830177599.webp","tags":["mini","kits","colita","para","pelo","maquillaje","naranja","fluo","con","strass","art","645"]},{"id":"CA-779830177597","nombre":"MINI KITS COLITA PARA PELO Y MAQUILLAJE ROSA FLUO CON STRASS x1 ART 645-51","categoria":"Cotillon","subcategoria":"Maquillaje / Adhesivo Artistico","precio":1307.34,"destacado":false,"descripcion":"","imagen":"assets/products/CA-779830177597.webp","tags":["mini","kits","colita","para","pelo","maquillaje","rosa","fluo","con","strass","art","645"]},{"id":"CA-779830177600","nombre":"MINI KITS COLITA PARA PELO Y MAQUILLAJE VERDE FLUO CON STRASS x1 ART 645-54","categoria":"Cotillon","subcategoria":"Maquillaje / Adhesivo Artistico","precio":1307.34,"destacado":false,"descripcion":"","imagen":"assets/products/CA-779830177600.webp","tags":["mini","kits","colita","para","pelo","maquillaje","verde","fluo","con","strass","art","645"]},{"id":"CA-779827381128","nombre":"MINI KITS MAQUILLAJE ARTISTICO GLITTER EN PASTA FLUO AMARILLO/ROSA CON STRASS x1 ART 645-43","categoria":"Cotillon","subcategoria":"Maquillaje / Adhesivo Artistico","precio":1307.34,"destacado":false,"descripcion":"","imagen":"assets/products/CA-779827381128.webp","tags":["mini","kits","maquillaje","artistico","glitter","pasta","fluo","amarillo","rosa","con","strass","art"]},{"id":"CA-779827381125","nombre":"MINI KITS MAQUILLAJE ARTISTICO GLITTER EN PASTA FLUO AMARILLO/VIOLETA CON STRASS x1 ART 645-0040","categoria":"Cotillon","subcategoria":"Maquillaje / Adhesivo Artistico","precio":1307.34,"destacado":false,"descripcion":"","imagen":"assets/products/CA-779827381125.webp","tags":["mini","kits","maquillaje","artistico","glitter","pasta","fluo","amarillo","violeta","con","strass","art"]},{"id":"CA-779827381127","nombre":"MINI KITS MAQUILLAJE ARTISTICO GLITTER EN PASTA FLUO CELESTE/MULTICOLOR CON STRASS x1 ART 645-0042","categoria":"Cotillon","subcategoria":"Maquillaje / Adhesivo Artistico","precio":1307.34,"destacado":false,"descripcion":"","imagen":"assets/products/CA-779827381127.webp","tags":["mini","kits","maquillaje","artistico","glitter","pasta","fluo","celeste","multicolor","con","strass","art"]},{"id":"CA-779827381129","nombre":"MINI KITS MAQUILLAJE ARTISTICO GLITTER EN PASTA FLUO ROSA/MULTICOLOR CON STRASS x1 ART 645-0044","categoria":"Cotillon","subcategoria":"Maquillaje / Adhesivo Artistico","precio":1307.34,"destacado":false,"descripcion":"","imagen":"assets/products/CA-779827381129.webp","tags":["mini","kits","maquillaje","artistico","glitter","pasta","fluo","rosa","multicolor","con","strass","art"]},{"id":"CA-779827381126","nombre":"MINI KITS MAQUILLAJE ARTISTICO GLITTER EN PASTA FLUO VERDE/NARANJA CON STRASS x1 ART 645-0041","categoria":"Cotillon","subcategoria":"Maquillaje / Adhesivo Artistico","precio":1307.34,"destacado":false,"descripcion":"","imagen":"assets/products/CA-779827381126.webp","tags":["mini","kits","maquillaje","artistico","glitter","pasta","fluo","verde","naranja","con","strass","art"]},{"id":"CA-779827381020","nombre":"MINI KITS MAQUILLAJE ARTISTICO GLITTER METAL FUCSIA/PLATA CON STRASS x1 ART 645-01","categoria":"Cotillon","subcategoria":"Maquillaje / Adhesivo Artistico","precio":1307.34,"destacado":false,"descripcion":"","imagen":"assets/products/CA-779827381020.webp","tags":["mini","kits","maquillaje","artistico","glitter","metal","fucsia","plata","con","strass","art","645"]},{"id":"CA-779827381013","nombre":"MINI KITS MAQUILLAJE ARTISTICO GLITTER METAL ORO/PLATA CON STRASS x1 ART 645-04","categoria":"Cotillon","subcategoria":"Maquillaje / Adhesivo Artistico","precio":1307.34,"destacado":false,"descripcion":"","imagen":"assets/products/CA-779827381013.webp","tags":["mini","kits","maquillaje","artistico","glitter","metal","oro","plata","con","strass","art","645"]},{"id":"CA-779827381014","nombre":"MINI KITS MAQUILLAJE ARTISTICO GLITTER METAL TURQUEZA/PLATA CON STRASS x1 ART 645-03","categoria":"Cotillon","subcategoria":"Maquillaje / Adhesivo Artistico","precio":1307.34,"destacado":false,"descripcion":"","imagen":"assets/products/CA-779827381014.webp","tags":["mini","kits","maquillaje","artistico","glitter","metal","turqueza","plata","con","strass","art","645"]},{"id":"CA-779827381096","nombre":"MINI KITS MAQUILLAJE ARTISTICO GLITTER METAL UNICORNIO CON STRASS x1 ART 645-06","categoria":"Cotillon","subcategoria":"Maquillaje / Adhesivo Artistico","precio":1307.34,"destacado":false,"descripcion":"","imagen":"assets/products/CA-779827381096.webp","tags":["mini","kits","maquillaje","artistico","glitter","metal","unicornio","con","strass","art","645"]},{"id":"CA-779905101038","nombre":"MINI NAIPES  x6 GM 3380-1","categoria":"Cotillon","subcategoria":"Miniaturas / Juguetitos / Regalitos","precio":1823.25,"destacado":false,"descripcion":"","imagen":"assets/products/CA-779905101038.webp","tags":["mini","naipes","3380"]},{"id":"CA-779905101168","nombre":"MINI NAIPES BRAINROT (TRALALERO)  x6 GM 0211","categoria":"Cotillon","subcategoria":"Miniaturas / Juguetitos / Regalitos","precio":1823.25,"destacado":false,"descripcion":"","imagen":"assets/products/CA-779905101168.webp","tags":["mini","naipes","brainrot","tralalero","0211"]},{"id":"CA-779905101129","nombre":"MINI NAIPES CAPIBARA / CARPINCHO  x6 GM 0111","categoria":"Cotillon","subcategoria":"Miniaturas / Juguetitos / Regalitos","precio":1823.25,"destacado":false,"descripcion":"","imagen":"assets/products/CA-779905101129.webp","tags":["mini","naipes","capibara","carpincho","0111"]},{"id":"CA-779815300716","nombre":"MINI NAIPES UNO x6u.DIVERCOTY","categoria":"Cotillon","subcategoria":"Miniaturas / Juguetitos / Regalitos","precio":583.2,"destacado":false,"descripcion":"","imagen":"assets/products/CA-779815300716.webp","tags":["mini","naipes","uno","x6u","divercoty"]},{"id":"CA-779812557490","nombre":"MINIATURA MEDIANA ROTTI x30 (PACKx5)","categoria":"Cotillon","subcategoria":"Miniaturas / Juguetitos / Regalitos","precio":5318.76,"destacado":false,"descripcion":"","imagen":"assets/products/CA-779812557490.webp","tags":["miniatura","mediana","rotti","x30","packx5"]},{"id":"CA-779812557489","nombre":"MINIATURA MEDIANA ROTTI x50 (PACKx5)","categoria":"Cotillon","subcategoria":"Miniaturas / Juguetitos / Regalitos","precio":9489.07,"destacado":false,"descripcion":"","imagen":"assets/products/CA-779812557489.webp","tags":["miniatura","mediana","rotti","x50","packx5"]},{"id":"CA-000000011699","nombre":"MINIATURA SURTIDA PARA HUEVO MINI ART- PLASTx1000","categoria":"Cotillon","subcategoria":"Miniaturas / Juguetitos / Regalitos","precio":6751.03,"destacado":false,"descripcion":"","imagen":"assets/products/CA-000000011699.webp","tags":["miniatura","surtida","para","huevo","mini","art","plastx1000"]},{"id":"CA-000000040846","nombre":"MINIATURA SURTIDA PATRIMAR JUNIOR x100 (PACKx5)","categoria":"Cotillon","subcategoria":"Miniaturas / Juguetitos / Regalitos","precio":8420.76,"destacado":false,"descripcion":"","imagen":"assets/products/CA-000000040846.webp","tags":["miniatura","surtida","patrimar","junior","x100","packx5"]},{"id":"CA-000000040847","nombre":"MINIATURA SURTIDA PATRIMAR JUNIOR x50 (PACKx5)","categoria":"Cotillon","subcategoria":"Miniaturas / Juguetitos / Regalitos","precio":4689.85,"destacado":false,"descripcion":"","imagen":"assets/products/CA-000000040847.webp","tags":["miniatura","surtida","patrimar","junior","x50","packx5"]},{"id":"CA-000000005065","nombre":"MINIATURA SURTIDA PREFA-PLAST x1000 (aprox.)","categoria":"Cotillon","subcategoria":"Miniaturas / Juguetitos / Regalitos","precio":20625.3,"destacado":false,"descripcion":"","imagen":"assets/products/CA-000000005065.webp","tags":["miniatura","surtida","prefa","plast","x1000","aprox"]},{"id":"CA-000000002034","nombre":"MINIATURA SURTIDA PREFA-PLASTx100 (BULTO 10x5)","categoria":"Cotillon","subcategoria":"Miniaturas / Juguetitos / Regalitos","precio":112384.8,"destacado":false,"descripcion":"","imagen":"assets/products/CA-000000002034.webp","tags":["miniatura","surtida","prefa","plastx100","bulto","10x5"]},{"id":"CA-000000020379","nombre":"MINIATURA SURTIDA PREFA-PLASTx100 (PACKx5)","categoria":"Cotillon","subcategoria":"Miniaturas / Juguetitos / Regalitos","precio":11238.48,"destacado":false,"descripcion":"","imagen":"assets/products/CA-000000020379.webp","tags":["miniatura","surtida","prefa","plastx100","packx5"]},{"id":"CA-000000001882","nombre":"MINIATURA SURTIDA PREFA-PLASTx50 (BULTO 20x5)","categoria":"Cotillon","subcategoria":"Miniaturas / Juguetitos / Regalitos","precio":121262.4,"destacado":false,"descripcion":"","imagen":"assets/products/CA-000000001882.webp","tags":["miniatura","surtida","prefa","plastx50","bulto","20x5"]},{"id":"CA-000000020378","nombre":"MINIATURA SURTIDA PREFA-PLASTx50 (PACKx5)","categoria":"Cotillon","subcategoria":"Miniaturas / Juguetitos / Regalitos","precio":6063.12,"destacado":false,"descripcion":"","imagen":"assets/products/CA-000000020378.webp","tags":["miniatura","surtida","prefa","plastx50","packx5"]},{"id":"CA-779812557491","nombre":"MINIATURA SURTIDA ROTTI PARA PIÑATA  x100 (PACKx5)","categoria":"Cotillon","subcategoria":"Miniaturas / Juguetitos / Regalitos","precio":10927.01,"destacado":false,"descripcion":"","imagen":"assets/products/CA-779812557491.webp","tags":["miniatura","surtida","rotti","para","piñata","x100","packx5"]},{"id":"CA-779812557492","nombre":"MINIATURA SURTIDA ROTTI PARA PIÑATA x50 (PACKx5)","categoria":"Cotillon","subcategoria":"Miniaturas / Juguetitos / Regalitos","precio":6548.86,"destacado":false,"descripcion":"","imagen":"assets/products/CA-779812557492.webp","tags":["miniatura","surtida","rotti","para","piñata","x50","packx5"]},{"id":"CA-000005007130","nombre":"MINIATURA SURTIDA STASIO ECONOMICA x100u. (PACKx5) 7130","categoria":"Cotillon","subcategoria":"Miniaturas / Juguetitos / Regalitos","precio":11809.45,"destacado":false,"descripcion":"","imagen":"assets/products/CA-000005007130.webp","tags":["miniatura","surtida","stasio","economica","x100u","packx5","7130"]},{"id":"CA-000005007131","nombre":"MINIATURA SURTIDA STASIO ECONOMICA x50u. (PACKx5) 7131","categoria":"Cotillon","subcategoria":"Miniaturas / Juguetitos / Regalitos","precio":7143.35,"destacado":false,"descripcion":"","imagen":"assets/products/CA-000005007131.webp","tags":["miniatura","surtida","stasio","economica","x50u","packx5","7131"]},{"id":"CA-000000007113","nombre":"MINIATURA SURTIDA STASIO P/PIÑATA x500u. (aprox.) 7113","categoria":"Cotillon","subcategoria":"Miniaturas / Juguetitos / Regalitos","precio":4747.75,"destacado":false,"descripcion":"","imagen":"assets/products/CA-000000007113.webp","tags":["miniatura","surtida","stasio","piñata","x500u","aprox","7113"]},{"id":"CA-000000055667","nombre":"MINIATURA SURTIDAS PIERROT x500u.","categoria":"Cotillon","subcategoria":"Miniaturas / Juguetitos / Regalitos","precio":3867.75,"destacado":false,"descripcion":"","imagen":"assets/products/CA-000000055667.webp","tags":["miniatura","surtidas","pierrot","x500u"]},{"id":"CA-000000027117","nombre":"MINIATURA SURTIDO FONDO DEL MAR SIRENA AZUL STASIO x24u. 7117-A","categoria":"Cotillon","subcategoria":"Miniaturas / Juguetitos / Regalitos","precio":1970.96,"destacado":false,"descripcion":"","imagen":"assets/products/CA-000000027117.webp","tags":["miniatura","surtido","fondo","del","mar","sirena","azul","stasio","x24u","7117"]},{"id":"CA-000000017117","nombre":"MINIATURA SURTIDO FONDO DEL MAR SIRENA CORAL STASIO x24u. 7117-C","categoria":"Cotillon","subcategoria":"Miniaturas / Juguetitos / Regalitos","precio":1970.96,"destacado":false,"descripcion":"","imagen":"assets/products/CA-000000017117.webp","tags":["miniatura","surtido","fondo","del","mar","sirena","coral","stasio","x24u","7117"]},{"id":"CA-000000004795","nombre":"MOLDECITO COLOR  PATRIMAR x36","categoria":"Cotillon","subcategoria":"Miniaturas / Juguetitos / Regalitos","precio":1252.49,"destacado":false,"descripcion":"","imagen":"assets/products/CA-000000004795.webp","tags":["moldecito","color","patrimar","x36"]},{"id":"CA-000000007106","nombre":"MOLDECITO COLOR FANTASIA STASIO x24u. 7106","categoria":"Cotillon","subcategoria":"Miniaturas / Juguetitos / Regalitos","precio":1633.2,"destacado":false,"descripcion":"","imagen":"assets/products/CA-000000007106.webp","tags":["moldecito","color","fantasia","stasio","x24u","7106"]},{"id":"CA-000000233130","nombre":"MOLDECITO COLOR PIERROT x24u.","categoria":"Cotillon","subcategoria":"Miniaturas / Juguetitos / Regalitos","precio":965.25,"destacado":false,"descripcion":"","imagen":"assets/products/CA-000000233130.webp","tags":["moldecito","color","pierrot","x24u"]},{"id":"CA-202569900003","nombre":"MONEDA PIRATA DORADA DC003","categoria":"Cotillon","subcategoria":"Accesorios Y Sets Para Disfraces / Tutu","precio":2205.0,"destacado":false,"descripcion":"","imagen":"assets/products/CA-202569900003.webp","tags":["moneda","pirata","dorada","dc003"]},{"id":"CA-779812557138","nombre":"MOTOS x6u.","categoria":"Cotillon","subcategoria":"Miniaturas / Juguetitos / Regalitos","precio":2652.86,"destacado":false,"descripcion":"","imagen":"assets/products/CA-779812557138.webp","tags":["motos","x6u"]},{"id":"CA-692232787111","nombre":"NAIPES ESPAÑOLES x50u 25361-SP","categoria":"Cotillon","subcategoria":"Miniaturas / Juguetitos / Regalitos","precio":991.64,"destacado":false,"descripcion":"","imagen":"assets/products/CA-692232787111.webp","tags":["naipes","españoles","x50u","25361"]}]}