{"category_slug":"cotillon","subcategory_slug":"","page":22,"page_size":48,"total":4091,"items":[{"id":"CA-05022841189503","nombre":"BURBUJERO PISTOLA CON LUZ Y SONIDO DEGRADE (A PILAS)  x1 HM50180","categoria":"Cotillon","subcategoria":"Miniaturas / Juguetitos / Regalitos","precio":3210.16,"destacado":false,"descripcion":"","imagen":"assets/products/CA-05022841189503.webp","tags":["burbujero","pistola","con","luz","sonido","degrade","pilas","hm50180"]},{"id":"CA-05022849632346","nombre":"BURBUJERO PISTOLA FLAMENCO EN BLISTER x1 HM50095","categoria":"Cotillon","subcategoria":"Miniaturas / Juguetitos / Regalitos","precio":2829.93,"destacado":false,"descripcion":"","imagen":"assets/products/CA-05022849632346.webp","tags":["burbujero","pistola","flamenco","blister","hm50095"]},{"id":"CA-05022840191484","nombre":"BURBUJERO PISTOLA PEZ EN BLISTER x1 HM50093","categoria":"Cotillon","subcategoria":"Miniaturas / Juguetitos / Regalitos","precio":1815.93,"destacado":false,"descripcion":"","imagen":"assets/products/CA-05022840191484.webp","tags":["burbujero","pistola","pez","blister","hm50093"]},{"id":"CA-05022840191705","nombre":"BURBUJERO PISTOLA UNICORNIO x1 HM50117","categoria":"Cotillon","subcategoria":"Miniaturas / Juguetitos / Regalitos","precio":2303.8,"destacado":false,"descripcion":"","imagen":"assets/products/CA-05022840191705.webp","tags":["burbujero","pistola","unicornio","hm50117"]},{"id":"CA-779805258049","nombre":"BURBUJERO POWER x12u.","categoria":"Cotillon","subcategoria":"Miniaturas / Juguetitos / Regalitos","precio":6998.4,"destacado":false,"descripcion":"","imagen":"assets/products/CA-779805258049.webp","tags":["burbujero","power","x12u"]},{"id":"CA-05022841149989","nombre":"BURBUJERO PRINCESA CON EMBOQUITO x24 HM50100","categoria":"Cotillon","subcategoria":"Miniaturas / Juguetitos / Regalitos","precio":12147.74,"destacado":false,"descripcion":"","imagen":"assets/products/CA-05022841149989.webp","tags":["burbujero","princesa","con","emboquito","x24","hm50100"]},{"id":"CA-692232785747","nombre":"BURBUJERO RANA EN CAJA EXHIBIDORA x24 CH17-06-6","categoria":"Cotillon","subcategoria":"Miniaturas / Juguetitos / Regalitos","precio":35568.0,"destacado":false,"descripcion":"","imagen":"assets/products/CA-692232785747.webp","tags":["burbujero","rana","caja","exhibidora","x24","ch17"]},{"id":"CA-697752621923","nombre":"BURBUJERO SIRENA MINI TUBO x10 1923","categoria":"Cotillon","subcategoria":"Miniaturas / Juguetitos / Regalitos","precio":2461.2,"destacado":false,"descripcion":"","imagen":"assets/products/CA-697752621923.webp","tags":["burbujero","sirena","mini","tubo","x10","1923"]},{"id":"CA-05022840413951","nombre":"BURBUJERO SIRENITA x24 HM50175","categoria":"Cotillon","subcategoria":"Miniaturas / Juguetitos / Regalitos","precio":12147.74,"destacado":false,"descripcion":"","imagen":"assets/products/CA-05022840413951.webp","tags":["burbujero","sirenita","x24","hm50175"]},{"id":"CA-05022841149897","nombre":"BURBUJERO TRANSFORMERS x24 HM50181","categoria":"Cotillon","subcategoria":"Miniaturas / Juguetitos / Regalitos","precio":11945.01,"destacado":false,"descripcion":"","imagen":"assets/products/CA-05022841149897.webp","tags":["burbujero","transformers","x24","hm50181"]},{"id":"CA-000000057682","nombre":"BURBUJERO TREN EN CAJA EXHIBIDORA x24 CH24-2172-10","categoria":"Cotillon","subcategoria":"Miniaturas / Juguetitos / Regalitos","precio":17849.52,"destacado":false,"descripcion":"","imagen":"assets/products/CA-000000057682.webp","tags":["burbujero","tren","caja","exhibidora","x24","ch24","2172"]},{"id":"CA-05022840142448","nombre":"BURBUJERO UNICORNIO (DISPLAY) x24 HM50204","categoria":"Cotillon","subcategoria":"Miniaturas / Juguetitos / Regalitos","precio":12147.74,"destacado":false,"descripcion":"","imagen":"assets/products/CA-05022840142448.webp","tags":["burbujero","unicornio","display","x24","hm50204"]},{"id":"CA-692232787759","nombre":"BURBUJERO UNICORNIO EN CAJA EXHIBIDORA x24 CH24-2172-13","categoria":"Cotillon","subcategoria":"Miniaturas / Juguetitos / Regalitos","precio":17784.0,"destacado":false,"descripcion":"","imagen":"assets/products/CA-692232787759.webp","tags":["burbujero","unicornio","caja","exhibidora","x24","ch24","2172"]},{"id":"CA-697752621935","nombre":"BURBUJERO UNICORNIO MINI TUBO x10 1935","categoria":"Cotillon","subcategoria":"Miniaturas / Juguetitos / Regalitos","precio":2461.2,"destacado":false,"descripcion":"","imagen":"assets/products/CA-697752621935.webp","tags":["burbujero","unicornio","mini","tubo","x10","1935"]},{"id":"CA-502284988076","nombre":"BURBUJERO UNICORNIO x24 HM50184","categoria":"Cotillon","subcategoria":"Miniaturas / Juguetitos / Regalitos","precio":11945.01,"destacado":false,"descripcion":"","imagen":"assets/products/CA-502284988076.webp","tags":["burbujero","unicornio","x24","hm50184"]},{"id":"CA-05022849804583","nombre":"BURBUJERO XL ESPIRAL/FLORES x24 HM50150","categoria":"Cotillon","subcategoria":"Miniaturas / Juguetitos / Regalitos","precio":32427.73,"destacado":false,"descripcion":"","imagen":"assets/products/CA-05022849804583.webp","tags":["burbujero","espiral","flores","x24","hm50150"]},{"id":"CA-05022849804545","nombre":"BURBUJERO XL PELOTA DE FUTBOL x24 HM50152","categoria":"Cotillon","subcategoria":"Miniaturas / Juguetitos / Regalitos","precio":32427.73,"destacado":false,"descripcion":"","imagen":"assets/products/CA-05022849804545.webp","tags":["burbujero","pelota","futbol","x24","hm50152"]},{"id":"CA-779812617165","nombre":"BUZOS PIERROT x 12","categoria":"Cotillon","subcategoria":"Miniaturas / Juguetitos / Regalitos","precio":904.5,"destacado":false,"descripcion":"","imagen":"assets/products/CA-779812617165.webp","tags":["buzos","pierrot"]},{"id":"CA-202580000434","nombre":"CADENA DORADA METAL DISCO X1 FP434","categoria":"Cotillon","subcategoria":"Accesorios Y Sets Para Disfraces / Tutu","precio":2160.0,"destacado":false,"descripcion":"","imagen":"assets/products/CA-202580000434.webp","tags":["cadena","dorada","metal","disco","fp434"]},{"id":"CA-202580020423","nombre":"CADERIN ODALISCA NEGRO TELA Y MONEDAS  X1 FP423-02","categoria":"Cotillon","subcategoria":"Accesorios Y Sets Para Disfraces / Tutu","precio":6093.4,"destacado":false,"descripcion":"","imagen":"assets/products/CA-202580020423.webp","tags":["caderin","odalisca","negro","tela","monedas","fp423"]},{"id":"CA-202580000423","nombre":"CADERIN ODALISCA ROJO TELA Y MONEDAS  X1 FP423-01","categoria":"Cotillon","subcategoria":"Accesorios Y Sets Para Disfraces / Tutu","precio":6093.4,"destacado":false,"descripcion":"","imagen":"assets/products/CA-202580000423.webp","tags":["caderin","odalisca","rojo","tela","monedas","fp423"]},{"id":"CA-000000054536","nombre":"CAJA RESORTE MAGIC SPRING x12 (15cm) HM40125","categoria":"Cotillon","subcategoria":"Miniaturas / Juguetitos / Regalitos","precio":23312.09,"destacado":false,"descripcion":"","imagen":"assets/products/CA-000000054536.webp","tags":["caja","resorte","magic","spring","x12","15cm","hm40125"]},{"id":"CA-779905100258","nombre":"CAJITA POCHOCLERA/GOLOSINERA AMARILLAx10u. GM 3342-9","categoria":"Cotillon","subcategoria":"Bolsas/Stickers/Cajitas Pochocleras/Tarjetones","precio":1055.03,"destacado":false,"descripcion":"","imagen":"assets/products/CA-779905100258.webp","tags":["cajita","pochoclera","golosinera","amarillax10u","3342"]},{"id":"CA-779905100378","nombre":"CAJITA POCHOCLERA/GOLOSINERA AMARILLO PASTEL x10u. GM 3342-14","categoria":"Cotillon","subcategoria":"Bolsas/Stickers/Cajitas Pochocleras/Tarjetones","precio":1055.03,"destacado":false,"descripcion":"","imagen":"assets/products/CA-779905100378.webp","tags":["cajita","pochoclera","golosinera","amarillo","pastel","x10u","3342"]},{"id":"CA-779813465990","nombre":"CAJITA POCHOCLERA/GOLOSINERA AZUL x10u.GM 3342-4","categoria":"Cotillon","subcategoria":"Bolsas/Stickers/Cajitas Pochocleras/Tarjetones","precio":1055.03,"destacado":false,"descripcion":"","imagen":"assets/products/CA-779813465990.webp","tags":["cajita","pochoclera","golosinera","azul","x10u","3342"]},{"id":"CA-779905100222","nombre":"CAJITA POCHOCLERA/GOLOSINERA BLANCAx10u.GM 3342-8","categoria":"Cotillon","subcategoria":"Bolsas/Stickers/Cajitas Pochocleras/Tarjetones","precio":1055.03,"destacado":false,"descripcion":"","imagen":"assets/products/CA-779905100222.webp","tags":["cajita","pochoclera","golosinera","blancax10u","3342"]},{"id":"CA-779905100379","nombre":"CAJITA POCHOCLERA/GOLOSINERA CELESTE PASTELx10u.GM 3342-15","categoria":"Cotillon","subcategoria":"Bolsas/Stickers/Cajitas Pochocleras/Tarjetones","precio":1055.03,"destacado":false,"descripcion":"","imagen":"assets/products/CA-779905100379.webp","tags":["cajita","pochoclera","golosinera","celeste","pastelx10u","3342"]},{"id":"CA-779813465991","nombre":"CAJITA POCHOCLERA/GOLOSINERA CELESTEx10u.GM 3342-3","categoria":"Cotillon","subcategoria":"Bolsas/Stickers/Cajitas Pochocleras/Tarjetones","precio":1055.03,"destacado":false,"descripcion":"","imagen":"assets/products/CA-779813465991.webp","tags":["cajita","pochoclera","golosinera","celestex10u","3342"]},{"id":"CA-779905100873","nombre":"CAJITA POCHOCLERA/GOLOSINERA FLUO PLENO MULTICOLORx8u.GM 3342-29","categoria":"Cotillon","subcategoria":"Bolsas/Stickers/Cajitas Pochocleras/Tarjetones","precio":1658.48,"destacado":false,"descripcion":"","imagen":"assets/products/CA-779905100873.webp","tags":["cajita","pochoclera","golosinera","fluo","pleno","multicolorx8u","3342"]},{"id":"CA-779905100743","nombre":"CAJITA POCHOCLERA/GOLOSINERA KRAFTx10u.GM 3342-17","categoria":"Cotillon","subcategoria":"Bolsas/Stickers/Cajitas Pochocleras/Tarjetones","precio":1291.95,"destacado":false,"descripcion":"","imagen":"assets/products/CA-779905100743.webp","tags":["cajita","pochoclera","golosinera","kraftx10u","3342"]},{"id":"CA-779905100374","nombre":"CAJITA POCHOCLERA/GOLOSINERA LILA PASTEL x10u.GM 3342-10","categoria":"Cotillon","subcategoria":"Bolsas/Stickers/Cajitas Pochocleras/Tarjetones","precio":1055.03,"destacado":false,"descripcion":"","imagen":"assets/products/CA-779905100374.webp","tags":["cajita","pochoclera","golosinera","lila","pastel","x10u","3342"]},{"id":"CA-779813465994","nombre":"CAJITA POCHOCLERA/GOLOSINERA NEGRAx10u.GM 3342-7","categoria":"Cotillon","subcategoria":"Bolsas/Stickers/Cajitas Pochocleras/Tarjetones","precio":1055.03,"destacado":false,"descripcion":"","imagen":"assets/products/CA-779813465994.webp","tags":["cajita","pochoclera","golosinera","negrax10u","3342"]},{"id":"CA-779813465989","nombre":"CAJITA POCHOCLERA/GOLOSINERA ROJAx10u.GM 3342-2","categoria":"Cotillon","subcategoria":"Bolsas/Stickers/Cajitas Pochocleras/Tarjetones","precio":1055.03,"destacado":false,"descripcion":"","imagen":"assets/products/CA-779813465989.webp","tags":["cajita","pochoclera","golosinera","rojax10u","3342"]},{"id":"CA-779905100377","nombre":"CAJITA POCHOCLERA/GOLOSINERA ROSA PASTELx10u.GM 3342-13","categoria":"Cotillon","subcategoria":"Bolsas/Stickers/Cajitas Pochocleras/Tarjetones","precio":1055.03,"destacado":false,"descripcion":"","imagen":"assets/products/CA-779905100377.webp","tags":["cajita","pochoclera","golosinera","rosa","pastelx10u","3342"]},{"id":"CA-779813465988","nombre":"CAJITA POCHOCLERA/GOLOSINERA ROSAx10u.GM 3342-1","categoria":"Cotillon","subcategoria":"Bolsas/Stickers/Cajitas Pochocleras/Tarjetones","precio":1055.03,"destacado":false,"descripcion":"","imagen":"assets/products/CA-779813465988.webp","tags":["cajita","pochoclera","golosinera","rosax10u","3342"]},{"id":"CA-779905100380","nombre":"CAJITA POCHOCLERA/GOLOSINERA VERDE AGUA PASTELx10u. GM 3342-16","categoria":"Cotillon","subcategoria":"Bolsas/Stickers/Cajitas Pochocleras/Tarjetones","precio":1055.03,"destacado":false,"descripcion":"","imagen":"assets/products/CA-779905100380.webp","tags":["cajita","pochoclera","golosinera","verde","agua","pastelx10u","3342"]},{"id":"CA-779813465992","nombre":"CAJITA POCHOCLERA/GOLOSINERA VERDE MANZANAx10u. GM 3342-5","categoria":"Cotillon","subcategoria":"Bolsas/Stickers/Cajitas Pochocleras/Tarjetones","precio":1055.03,"destacado":false,"descripcion":"","imagen":"assets/products/CA-779813465992.webp","tags":["cajita","pochoclera","golosinera","verde","manzanax10u","3342"]},{"id":"CA-779813465993","nombre":"CAJITA POCHOCLERA/GOLOSINERA VIOLETAx10u GM 3342-6","categoria":"Cotillon","subcategoria":"Bolsas/Stickers/Cajitas Pochocleras/Tarjetones","precio":1055.03,"destacado":false,"descripcion":"","imagen":"assets/products/CA-779813465993.webp","tags":["cajita","pochoclera","golosinera","violetax10u","3342"]},{"id":"CA-691258960940","nombre":"CALIBRADOR DE GLOBOS x1 GY-940","categoria":"Cotillon","subcategoria":"Accesorios Para Globos","precio":2762.32,"destacado":false,"descripcion":"","imagen":"assets/products/CA-691258960940.webp","tags":["calibrador","globos","940"]},{"id":"CA-693632411181","nombre":"CAMARITAS COLOR x50 U2411-181","categoria":"Cotillon","subcategoria":"Miniaturas / Juguetitos / Regalitos","precio":9691.5,"destacado":false,"descripcion":"","imagen":"assets/products/CA-693632411181.webp","tags":["camaritas","color","x50","u2411","181"]},{"id":"CA-779812557058","nombre":"CAMION MINI ROTTI x12","categoria":"Cotillon","subcategoria":"Miniaturas / Juguetitos / Regalitos","precio":2284.2,"destacado":false,"descripcion":"","imagen":"assets/products/CA-779812557058.webp","tags":["camion","mini","rotti","x12"]},{"id":"CA-000000048917","nombre":"CAMION SURTIDO x6u.","categoria":"Cotillon","subcategoria":"Miniaturas / Juguetitos / Regalitos","precio":3207.56,"destacado":false,"descripcion":"","imagen":"assets/products/CA-000000048917.webp","tags":["camion","surtido","x6u"]},{"id":"CA-05022849486475","nombre":"CAMIONETA MONSTER EN CAJA x1 HM10046","categoria":"Cotillon","subcategoria":"Miniaturas / Juguetitos / Regalitos","precio":4224.19,"destacado":false,"descripcion":"","imagen":"assets/products/CA-05022849486475.webp","tags":["camioneta","monster","caja","hm10046"]},{"id":"CA-05022849289250","nombre":"CAMIONETA POLICIA A FRICCION CON LUZ Y SONIDO x1 HM928925","categoria":"Cotillon","subcategoria":"Miniaturas / Juguetitos / Regalitos","precio":1943.51,"destacado":false,"descripcion":"","imagen":"assets/products/CA-05022849289250.webp","tags":["camioneta","policia","friccion","con","luz","sonido","hm928925"]},{"id":"CA-000000046366","nombre":"CAPA ADULTO/ADOLESCENTE LILA x1 ECHYZOS","categoria":"Cotillon","subcategoria":"Disfraces Adultos","precio":5049.68,"destacado":false,"descripcion":"","imagen":"assets/products/CA-000000046366.webp","tags":["capa","adulto","adolescente","lila","echyzos"]},{"id":"CA-000000046365","nombre":"CAPA ADULTO/ADOLESCENTE ROSA x1 ECHYZOS","categoria":"Cotillon","subcategoria":"Disfraces Adultos","precio":5049.68,"destacado":false,"descripcion":"","imagen":"assets/products/CA-000000046365.webp","tags":["capa","adulto","adolescente","rosa","echyzos"]},{"id":"CA-000000040387","nombre":"CAPA DE FLASH x1 CR","categoria":"Cotillon","subcategoria":"Accesorios Y Sets Para Disfraces / Tutu","precio":4455.0,"destacado":false,"descripcion":"","imagen":"assets/products/CA-000000040387.webp","tags":["capa","flash"]},{"id":"CA-000000040385","nombre":"CAPA DE HOMBRE MURCIELAGO  x1 CR","categoria":"Cotillon","subcategoria":"Accesorios Y Sets Para Disfraces / Tutu","precio":4455.0,"destacado":false,"descripcion":"","imagen":"assets/products/CA-000000040385.webp","tags":["capa","hombre","murcielago"]}]}