{"category_slug":"cotillon","subcategory_slug":"","page":45,"page_size":48,"total":4091,"items":[{"id":"CA-779842097273","nombre":"GLOBO GLOBOLOGIA GLOBOX CROMO REFLEX PLATA T260 x20u 72733","categoria":"Cotillon","subcategoria":"Globos Chrome/Cromo Reflex","precio":3924.17,"destacado":false,"descripcion":"","imagen":"assets/products/CA-779842097273.webp","tags":["globo","globologia","globox","cromo","reflex","plata","t260","x20u","72733"]},{"id":"CA-779842097279","nombre":"GLOBO GLOBOLOGIA GLOBOX CROMO REFLEX PURPURA T260 x20u 72795","categoria":"Cotillon","subcategoria":"Globos Chrome/Cromo Reflex","precio":3924.17,"destacado":false,"descripcion":"","imagen":"assets/products/CA-779842097279.webp","tags":["globo","globologia","globox","cromo","reflex","purpura","t260","x20u","72795"]},{"id":"CA-779842097283","nombre":"GLOBO GLOBOLOGIA GLOBOX CROMO REFLEX ROJO CORAL T260 x20u 72832","categoria":"Cotillon","subcategoria":"Globos Chrome/Cromo Reflex","precio":3924.17,"destacado":false,"descripcion":"","imagen":"assets/products/CA-779842097283.webp","tags":["globo","globologia","globox","cromo","reflex","rojo","coral","t260","x20u","72832"]},{"id":"CA-779819415042","nombre":"GLOBO GLOBOX CRISTAL 14\" x50  50429","categoria":"Cotillon","subcategoria":"Globos Cristal/Burbujas","precio":4758.27,"destacado":false,"descripcion":"","imagen":"assets/products/CA-779819415042.webp","tags":["globo","globox","cristal","x50","50429"]},{"id":"CA-779819415624","nombre":"GLOBO GLOBOX CRISTAL 5\" x50 56247","categoria":"Cotillon","subcategoria":"Globos Cristal/Burbujas","precio":2747.12,"destacado":false,"descripcion":"","imagen":"assets/products/CA-779819415624.webp","tags":["globo","globox","cristal","x50","56247"]},{"id":"CA-779842097187","nombre":"GLOBO GLOBOX CROMO REFLEX 12\" AZUL x10 71873","categoria":"Cotillon","subcategoria":"Globos Perlados","precio":1621.37,"destacado":false,"descripcion":"","imagen":"assets/products/CA-779842097187.webp","tags":["globo","globox","cromo","reflex","azul","x10","71873"]},{"id":"CA-779842097185","nombre":"GLOBO GLOBOX CROMO REFLEX 12\" DORADO  x10 71859","categoria":"Cotillon","subcategoria":"Globos Chrome/Cromo Reflex","precio":1621.37,"destacado":false,"descripcion":"","imagen":"assets/products/CA-779842097185.webp","tags":["globo","globox","cromo","reflex","dorado","x10","71859"]},{"id":"CA-779842097188","nombre":"GLOBO GLOBOX CROMO REFLEX 12\" FUCSIA x10 71880","categoria":"Cotillon","subcategoria":"Globos Chrome/Cromo Reflex","precio":1621.37,"destacado":false,"descripcion":"","imagen":"assets/products/CA-779842097188.webp","tags":["globo","globox","cromo","reflex","fucsia","x10","71880"]},{"id":"CA-779842097184","nombre":"GLOBO GLOBOX CROMO REFLEX 12\" PLATA x10 71842","categoria":"Cotillon","subcategoria":"Globos Chrome/Cromo Reflex","precio":1621.37,"destacado":false,"descripcion":"","imagen":"assets/products/CA-779842097184.webp","tags":["globo","globox","cromo","reflex","plata","x10","71842"]},{"id":"CA-779842097190","nombre":"GLOBO GLOBOX CROMO REFLEX 12\" PURPURA x10 71903","categoria":"Cotillon","subcategoria":"Globos Chrome/Cromo Reflex","precio":1621.37,"destacado":false,"descripcion":"","imagen":"assets/products/CA-779842097190.webp","tags":["globo","globox","cromo","reflex","purpura","x10","71903"]},{"id":"CA-779842097186","nombre":"GLOBO GLOBOX CROMO REFLEX 12\" ROSA GOLD  x10 71866","categoria":"Cotillon","subcategoria":"Globos Chrome/Cromo Reflex","precio":1621.37,"destacado":false,"descripcion":"","imagen":"assets/products/CA-779842097186.webp","tags":["globo","globox","cromo","reflex","rosa","gold","x10","71866"]},{"id":"CA-779842097189","nombre":"GLOBO GLOBOX CROMO REFLEX 12\" VERDE x10 71897","categoria":"Cotillon","subcategoria":"Globos Chrome/Cromo Reflex","precio":1621.37,"destacado":false,"descripcion":"","imagen":"assets/products/CA-779842097189.webp","tags":["globo","globox","cromo","reflex","verde","x10","71897"]},{"id":"CA-779842097269","nombre":"GLOBO GLOBOX CROMO REFLEX 22\" AZUL x5u 72696","categoria":"Cotillon","subcategoria":"Globos Chrome/Cromo Reflex","precio":5725.37,"destacado":false,"descripcion":"","imagen":"assets/products/CA-779842097269.webp","tags":["globo","globox","cromo","reflex","azul","x5u","72696"]},{"id":"CA-779842097267","nombre":"GLOBO GLOBOX CROMO REFLEX 22\" DORADO x5u 72672","categoria":"Cotillon","subcategoria":"Globos Chrome/Cromo Reflex","precio":5725.37,"destacado":false,"descripcion":"","imagen":"assets/products/CA-779842097267.webp","tags":["globo","globox","cromo","reflex","dorado","x5u","72672"]},{"id":"CA-779842097270","nombre":"GLOBO GLOBOX CROMO REFLEX 22\" FUCSIA x5u 72702","categoria":"Cotillon","subcategoria":"Globos Chrome/Cromo Reflex","precio":5725.37,"destacado":false,"descripcion":"","imagen":"assets/products/CA-779842097270.webp","tags":["globo","globox","cromo","reflex","fucsia","x5u","72702"]},{"id":"CA-779842097266","nombre":"GLOBO GLOBOX CROMO REFLEX 22\" PLATA x5u 72665","categoria":"Cotillon","subcategoria":"Globos Chrome/Cromo Reflex","precio":5725.37,"destacado":false,"descripcion":"","imagen":"assets/products/CA-779842097266.webp","tags":["globo","globox","cromo","reflex","plata","x5u","72665"]},{"id":"CA-779842097272","nombre":"GLOBO GLOBOX CROMO REFLEX 22\" PURPURA x5u 72726","categoria":"Cotillon","subcategoria":"Globos Chrome/Cromo Reflex","precio":5725.37,"destacado":false,"descripcion":"","imagen":"assets/products/CA-779842097272.webp","tags":["globo","globox","cromo","reflex","purpura","x5u","72726"]},{"id":"CA-779842097282","nombre":"GLOBO GLOBOX CROMO REFLEX 22\" ROJO CORAL x5u 72825","categoria":"Cotillon","subcategoria":"Globos Chrome/Cromo Reflex","precio":5725.37,"destacado":false,"descripcion":"","imagen":"assets/products/CA-779842097282.webp","tags":["globo","globox","cromo","reflex","rojo","coral","x5u","72825"]},{"id":"CA-779842097268","nombre":"GLOBO GLOBOX CROMO REFLEX 22\" ROSA GOLD x5u 72689","categoria":"Cotillon","subcategoria":"Globos Chrome/Cromo Reflex","precio":5725.37,"destacado":false,"descripcion":"","imagen":"assets/products/CA-779842097268.webp","tags":["globo","globox","cromo","reflex","rosa","gold","x5u","72689"]},{"id":"CA-779842097271","nombre":"GLOBO GLOBOX CROMO REFLEX 22\" VERDE x5u 72719","categoria":"Cotillon","subcategoria":"Globos Chrome/Cromo Reflex","precio":5725.37,"destacado":false,"descripcion":"","imagen":"assets/products/CA-779842097271.webp","tags":["globo","globox","cromo","reflex","verde","x5u","72719"]},{"id":"CA-779842097262","nombre":"GLOBO GLOBOX CROMO REFLEX 5\" AZUL x25u 72627","categoria":"Cotillon","subcategoria":"Globos Chrome/Cromo Reflex","precio":3126.17,"destacado":false,"descripcion":"","imagen":"assets/products/CA-779842097262.webp","tags":["globo","globox","cromo","reflex","azul","x25u","72627"]},{"id":"CA-779842097260","nombre":"GLOBO GLOBOX CROMO REFLEX 5\" DORADO x25u 72603","categoria":"Cotillon","subcategoria":"Globos Chrome/Cromo Reflex","precio":3126.17,"destacado":false,"descripcion":"","imagen":"assets/products/CA-779842097260.webp","tags":["globo","globox","cromo","reflex","dorado","x25u","72603"]},{"id":"CA-779842097263","nombre":"GLOBO GLOBOX CROMO REFLEX 5\" FUCSIA x25u 72634","categoria":"Cotillon","subcategoria":"Globos Chrome/Cromo Reflex","precio":3126.17,"destacado":false,"descripcion":"","imagen":"assets/products/CA-779842097263.webp","tags":["globo","globox","cromo","reflex","fucsia","x25u","72634"]},{"id":"CA-779842097259","nombre":"GLOBO GLOBOX CROMO REFLEX 5\" PLATA x25u 72597","categoria":"Cotillon","subcategoria":"Globos Chrome/Cromo Reflex","precio":3126.17,"destacado":false,"descripcion":"","imagen":"assets/products/CA-779842097259.webp","tags":["globo","globox","cromo","reflex","plata","x25u","72597"]},{"id":"CA-779842097265","nombre":"GLOBO GLOBOX CROMO REFLEX 5\" PURPURA x25u 72658","categoria":"Cotillon","subcategoria":"Globos Chrome/Cromo Reflex","precio":3126.17,"destacado":false,"descripcion":"","imagen":"assets/products/CA-779842097265.webp","tags":["globo","globox","cromo","reflex","purpura","x25u","72658"]},{"id":"CA-779842097280","nombre":"GLOBO GLOBOX CROMO REFLEX 5\" ROJO CORAL x25u 72801","categoria":"Cotillon","subcategoria":"Globos Chrome/Cromo Reflex","precio":3126.17,"destacado":false,"descripcion":"","imagen":"assets/products/CA-779842097280.webp","tags":["globo","globox","cromo","reflex","rojo","coral","x25u","72801"]},{"id":"CA-779842097261","nombre":"GLOBO GLOBOX CROMO REFLEX 5\" ROSA GOLD x25u 72610","categoria":"Cotillon","subcategoria":"Globos Chrome/Cromo Reflex","precio":3126.17,"destacado":false,"descripcion":"","imagen":"assets/products/CA-779842097261.webp","tags":["globo","globox","cromo","reflex","rosa","gold","x25u","72610"]},{"id":"CA-779842097264","nombre":"GLOBO GLOBOX CROMO REFLEX 5\" VERDE x25u 72641","categoria":"Cotillon","subcategoria":"Globos Chrome/Cromo Reflex","precio":3126.17,"destacado":false,"descripcion":"","imagen":"assets/products/CA-779842097264.webp","tags":["globo","globox","cromo","reflex","verde","x25u","72641"]},{"id":"CA-779819415373","nombre":"GLOBO GLOBOX GLOBOLOGIA MULTICOLOR FLUO T260 x50 53734","categoria":"Cotillon","subcategoria":"Globos Impresos/Globologia/Formas","precio":5716.82,"destacado":false,"descripcion":"","imagen":"assets/products/CA-779819415373.webp","tags":["globo","globox","globologia","multicolor","fluo","t260","x50","53734"]},{"id":"CA-779819415366","nombre":"GLOBO GLOBOX GLOBOLOGIA MULTICOLOR T260 x50 53666","categoria":"Cotillon","subcategoria":"Globos Impresos/Globologia/Formas","precio":5291.22,"destacado":false,"descripcion":"","imagen":"assets/products/CA-779819415366.webp","tags":["globo","globox","globologia","multicolor","t260","x50","53666"]},{"id":"CA-77981941503824","nombre":"GLOBO GLOBOX LISO 12\" AMARILLO (CAJA x 20) 50382","categoria":"Cotillon","subcategoria":"Linea Varios Economico","precio":93010.76,"destacado":false,"descripcion":"","imagen":"assets/products/CA-77981941503824.webp","tags":["globo","globox","liso","amarillo","caja","50382"]},{"id":"CA-779819415038","nombre":"GLOBO GLOBOX LISO 12\" AMARILLO x50 50382","categoria":"Cotillon","subcategoria":"Globos Lisos","precio":4650.54,"destacado":false,"descripcion":"","imagen":"assets/products/CA-779819415038.webp","tags":["globo","globox","liso","amarillo","x50","50382"]},{"id":"CA-779842097137","nombre":"GLOBO GLOBOX LISO 12\" ARENA  x50 71378","categoria":"Cotillon","subcategoria":"Globos Lisos","precio":4650.54,"destacado":false,"descripcion":"","imagen":"assets/products/CA-779842097137.webp","tags":["globo","globox","liso","arena","x50","71378"]},{"id":"CA-77984209713782","nombre":"GLOBO GLOBOX LISO 12\" ARENA (CAJA x20) 71378","categoria":"Cotillon","subcategoria":"Globos Lisos","precio":93010.76,"destacado":false,"descripcion":"","imagen":"assets/products/CA-77984209713782.webp","tags":["globo","globox","liso","arena","caja","x20","71378"]},{"id":"CA-77984209720780","nombre":"GLOBO GLOBOX LISO 12\" AZUL ELECTRICO (CAJA x20) 72078","categoria":"Cotillon","subcategoria":"Globos Lisos","precio":93010.76,"destacado":false,"descripcion":"","imagen":"assets/products/CA-77984209720780.webp","tags":["globo","globox","liso","azul","electrico","caja","x20","72078"]},{"id":"CA-779842097207","nombre":"GLOBO GLOBOX LISO 12\" AZUL ELECTRICO x50 72078","categoria":"Cotillon","subcategoria":"Globos Lisos","precio":4650.54,"destacado":false,"descripcion":"","imagen":"assets/products/CA-779842097207.webp","tags":["globo","globox","liso","azul","electrico","x50","72078"]},{"id":"CA-779819415040","nombre":"GLOBO GLOBOX LISO 12\" AZUL FRANCIA  x50 50405","categoria":"Cotillon","subcategoria":"Globos Lisos","precio":4650.54,"destacado":false,"descripcion":"","imagen":"assets/products/CA-779819415040.webp","tags":["globo","globox","liso","azul","francia","x50","50405"]},{"id":"CA-77981941504050","nombre":"GLOBO GLOBOX LISO 12\" AZUL FRANCIA (CAJA x20) 50405","categoria":"Cotillon","subcategoria":"Linea Varios Economico","precio":93010.76,"destacado":false,"descripcion":"","imagen":"assets/products/CA-77981941504050.webp","tags":["globo","globox","liso","azul","francia","caja","x20","50405"]},{"id":"CA-779842097138","nombre":"GLOBO GLOBOX LISO 12\" AZUL JEANS  x50 71385","categoria":"Cotillon","subcategoria":"Globos Lisos","precio":4650.54,"destacado":false,"descripcion":"","imagen":"assets/products/CA-779842097138.webp","tags":["globo","globox","liso","azul","jeans","x50","71385"]},{"id":"CA-77984209713850","nombre":"GLOBO GLOBOX LISO 12\" AZUL JEANS (CAJA x20) 71385","categoria":"Cotillon","subcategoria":"Globos Lisos","precio":93010.76,"destacado":false,"descripcion":"","imagen":"assets/products/CA-77984209713850.webp","tags":["globo","globox","liso","azul","jeans","caja","x20","71385"]},{"id":"CA-77981941504364","nombre":"GLOBO GLOBOX LISO 12\" AZUL OSCURO (CAJA x20) 50436","categoria":"Cotillon","subcategoria":"Globos Lisos","precio":93010.76,"destacado":false,"descripcion":"","imagen":"assets/products/CA-77981941504364.webp","tags":["globo","globox","liso","azul","oscuro","caja","x20","50436"]},{"id":"CA-779819415043","nombre":"GLOBO GLOBOX LISO 12\" AZUL OSCURO x50 50436","categoria":"Cotillon","subcategoria":"Globos Lisos","precio":4650.54,"destacado":false,"descripcion":"","imagen":"assets/products/CA-779819415043.webp","tags":["globo","globox","liso","azul","oscuro","x50","50436"]},{"id":"CA-77981941503138","nombre":"GLOBO GLOBOX LISO 12\" BLANCO (CAJA x 20) 50313","categoria":"Cotillon","subcategoria":"Linea Varios Economico","precio":93010.76,"destacado":false,"descripcion":"","imagen":"assets/products/CA-77981941503138.webp","tags":["globo","globox","liso","blanco","caja","50313"]},{"id":"CA-779819415031","nombre":"GLOBO GLOBOX LISO 12\" BLANCO x50 50313","categoria":"Cotillon","subcategoria":"Globos Lisos","precio":4650.54,"destacado":false,"descripcion":"","imagen":"assets/products/CA-779819415031.webp","tags":["globo","globox","liso","blanco","x50","50313"]},{"id":"CA-779819415032","nombre":"GLOBO GLOBOX LISO 12\" CELESTE  x50 50320","categoria":"Cotillon","subcategoria":"Globos Lisos","precio":4650.54,"destacado":false,"descripcion":"","imagen":"assets/products/CA-779819415032.webp","tags":["globo","globox","liso","celeste","x50","50320"]},{"id":"CA-77981941503206","nombre":"GLOBO GLOBOX LISO 12\" CELESTE (CAJA x20) 50320","categoria":"Cotillon","subcategoria":"Linea Varios Economico","precio":93010.76,"destacado":false,"descripcion":"","imagen":"assets/products/CA-77981941503206.webp","tags":["globo","globox","liso","celeste","caja","x20","50320"]},{"id":"CA-77984209716370","nombre":"GLOBO GLOBOX LISO 12\" CORAL (CAJA x20) 71637","categoria":"Cotillon","subcategoria":"Globos Lisos","precio":93010.76,"destacado":false,"descripcion":"","imagen":"assets/products/CA-77984209716370.webp","tags":["globo","globox","liso","coral","caja","x20","71637"]},{"id":"CA-779842097163","nombre":"GLOBO GLOBOX LISO 12\" CORAL x50 71637","categoria":"Cotillon","subcategoria":"Globos Lisos","precio":4650.54,"destacado":false,"descripcion":"","imagen":"assets/products/CA-779842097163.webp","tags":["globo","globox","liso","coral","x50","71637"]}]}