{"category_slug":"cotillon","subcategory_slug":"","page":3,"page_size":48,"total":4091,"items":[{"id":"CA-779905100648","nombre":"BANDERIN CON STAMPING FELIZ CUMPLEAÑOS BOCA  x1 3348/79GM","categoria":"Cotillon","subcategoria":"Banderines/Cortinas/Afiches/Colgantes","precio":779.63,"destacado":false,"descripcion":"","imagen":"assets/products/CA-779905100648.webp","tags":["banderin","con","stamping","feliz","cumpleaños","boca","3348","79gm"]},{"id":"CA-779905101153","nombre":"BANDERIN CON STAMPING FELIZ CUMPLEAÑOS CARRERA BANDERA CUADROS F 1 x1 03360-25 GM","categoria":"Cotillon","subcategoria":"Banderines/Cortinas/Afiches/Colgantes","precio":891.0,"destacado":false,"descripcion":"","imagen":"assets/products/CA-779905101153.webp","tags":["banderin","con","stamping","feliz","cumpleaños","carrera","bandera","cuadros","03360"]},{"id":"CA-779905100998","nombre":"BANDERIN CON STAMPING FELIZ CUMPLEAÑOS CELESTE PASTEL x1 3360/3GM","categoria":"Cotillon","subcategoria":"Banderines/Cortinas/Afiches/Colgantes","precio":779.63,"destacado":false,"descripcion":"","imagen":"assets/products/CA-779905100998.webp","tags":["banderin","con","stamping","feliz","cumpleaños","celeste","pastel","3360","3gm"]},{"id":"CA-779905100523","nombre":"BANDERIN CON STAMPING FELIZ CUMPLEAÑOS COLORES DEGRADEx1 3348/37 GM","categoria":"Cotillon","subcategoria":"Banderines/Cortinas/Afiches/Colgantes","precio":1175.51,"destacado":false,"descripcion":"","imagen":"assets/products/CA-779905100523.webp","tags":["banderin","con","stamping","feliz","cumpleaños","colores","degradex1","3348"]},{"id":"CA-779905101127","nombre":"BANDERIN CON STAMPING FELIZ CUMPLEAÑOS CUADRILLE CON MARGARITAS x1 83345-18 GM","categoria":"Cotillon","subcategoria":"Banderines/Cortinas/Afiches/Colgantes","precio":891.0,"destacado":false,"descripcion":"","imagen":"assets/products/CA-779905101127.webp","tags":["banderin","con","stamping","feliz","cumpleaños","cuadrille","con","margaritas","83345"]},{"id":"CA-779905100746","nombre":"BANDERIN CON STAMPING FELIZ CUMPLEAÑOS DISEÑO LUNAR/RAYAS ZIG ZAG PATRONES LILA PASTEL x1 3348/91/3GM","categoria":"Cotillon","subcategoria":"Banderines/Cortinas/Afiches/Colgantes","precio":1175.51,"destacado":false,"descripcion":"","imagen":"assets/products/CA-779905100746.webp","tags":["banderin","con","stamping","feliz","cumpleaños","diseño","lunar","rayas","zig","zag","patrones","lila"]},{"id":"CA-779905100525","nombre":"BANDERIN CON STAMPING FELIZ CUMPLEAÑOS FLORES x1 3348/39 GM","categoria":"Cotillon","subcategoria":"Banderines/Cortinas/Afiches/Colgantes","precio":1175.51,"destacado":false,"descripcion":"","imagen":"assets/products/CA-779905100525.webp","tags":["banderin","con","stamping","feliz","cumpleaños","flores","3348"]},{"id":"CA-000000058089","nombre":"BANDERIN CON STAMPING FELIZ CUMPLEAÑOS FLUO VARIOS COLORES x1 YJ0760","categoria":"Cotillon","subcategoria":"Banderines/Cortinas/Afiches/Colgantes","precio":607.5,"destacado":false,"descripcion":"","imagen":"assets/products/CA-000000058089.webp","tags":["banderin","con","stamping","feliz","cumpleaños","fluo","varios","colores","yj0760"]},{"id":"CA-779905101004","nombre":"BANDERIN CON STAMPING FELIZ CUMPLEAÑOS FUCSIA x1 3360-9 GM","categoria":"Cotillon","subcategoria":"Banderines/Cortinas/Afiches/Colgantes","precio":779.63,"destacado":false,"descripcion":"","imagen":"assets/products/CA-779905101004.webp","tags":["banderin","con","stamping","feliz","cumpleaños","fucsia","3360"]},{"id":"CA-779905100474","nombre":"BANDERIN CON STAMPING FELIZ CUMPLEAÑOS GOLD ROSSE (ROSA GOLD)x1 3348/28 GM","categoria":"Cotillon","subcategoria":"Banderines/Cortinas/Afiches/Colgantes","precio":779.63,"destacado":false,"descripcion":"","imagen":"assets/products/CA-779905100474.webp","tags":["banderin","con","stamping","feliz","cumpleaños","gold","rosse","rosa","gold","3348"]},{"id":"CA-779905100635","nombre":"BANDERIN CON STAMPING FELIZ CUMPLEAÑOS KRAFT x1 3348/73 GM","categoria":"Cotillon","subcategoria":"Banderines/Cortinas/Afiches/Colgantes","precio":1169.44,"destacado":false,"descripcion":"","imagen":"assets/products/CA-779905100635.webp","tags":["banderin","con","stamping","feliz","cumpleaños","kraft","3348"]},{"id":"CA-779905100475","nombre":"BANDERIN CON STAMPING FELIZ CUMPLEAÑOS METALIZADO CELESTE  x1 3348/29 GM","categoria":"Cotillon","subcategoria":"Banderines/Cortinas/Afiches/Colgantes","precio":779.63,"destacado":false,"descripcion":"","imagen":"assets/products/CA-779905100475.webp","tags":["banderin","con","stamping","feliz","cumpleaños","metalizado","celeste","3348"]},{"id":"CA-779905101006","nombre":"BANDERIN CON STAMPING FELIZ CUMPLEAÑOS MULTICOLOR  x1 3360-11 GM","categoria":"Cotillon","subcategoria":"Banderines/Cortinas/Afiches/Colgantes","precio":779.63,"destacado":false,"descripcion":"","imagen":"assets/products/CA-779905101006.webp","tags":["banderin","con","stamping","feliz","cumpleaños","multicolor","3360"]},{"id":"CA-779905101007","nombre":"BANDERIN CON STAMPING FELIZ CUMPLEAÑOS MULTICOLOR COLORES PASTEL  x1 3360-12 GM","categoria":"Cotillon","subcategoria":"Banderines/Cortinas/Afiches/Colgantes","precio":779.63,"destacado":false,"descripcion":"","imagen":"assets/products/CA-779905101007.webp","tags":["banderin","con","stamping","feliz","cumpleaños","multicolor","colores","pastel","3360"]},{"id":"CA-779905101002","nombre":"BANDERIN CON STAMPING FELIZ CUMPLEAÑOS NEGRO x1 3360-7GM","categoria":"Cotillon","subcategoria":"Banderines/Cortinas/Afiches/Colgantes","precio":779.63,"destacado":false,"descripcion":"","imagen":"assets/products/CA-779905101002.webp","tags":["banderin","con","stamping","feliz","cumpleaños","negro","3360","7gm"]},{"id":"CA-779905100649","nombre":"BANDERIN CON STAMPING FELIZ CUMPLEAÑOS RIVER  x1 3348/80GM","categoria":"Cotillon","subcategoria":"Banderines/Cortinas/Afiches/Colgantes","precio":779.63,"destacado":false,"descripcion":"","imagen":"assets/products/CA-779905100649.webp","tags":["banderin","con","stamping","feliz","cumpleaños","river","3348","80gm"]},{"id":"CA-779905101152","nombre":"BANDERIN CON STAMPING FELIZ CUMPLEAÑOS ROJO ARAÑA x1 03360-24 GM","categoria":"Cotillon","subcategoria":"Banderines/Cortinas/Afiches/Colgantes","precio":891.0,"destacado":false,"descripcion":"","imagen":"assets/products/CA-779905101152.webp","tags":["banderin","con","stamping","feliz","cumpleaños","rojo","araña","03360"]},{"id":"CA-779905101001","nombre":"BANDERIN CON STAMPING FELIZ CUMPLEAÑOS ROJO x1 3360-6 GM","categoria":"Cotillon","subcategoria":"Banderines/Cortinas/Afiches/Colgantes","precio":779.63,"destacado":false,"descripcion":"","imagen":"assets/products/CA-779905101001.webp","tags":["banderin","con","stamping","feliz","cumpleaños","rojo","3360"]},{"id":"CA-779905100996","nombre":"BANDERIN CON STAMPING FELIZ CUMPLEAÑOS ROSA PASTELx1 3360-1 GM","categoria":"Cotillon","subcategoria":"Banderines/Cortinas/Afiches/Colgantes","precio":779.63,"destacado":false,"descripcion":"","imagen":"assets/products/CA-779905100996.webp","tags":["banderin","con","stamping","feliz","cumpleaños","rosa","pastelx1","3360"]},{"id":"CA-779905100581","nombre":"BANDERIN CON STAMPING FELIZ CUMPLEAÑOS TIPO CONFETI BLANCO  x1 3348/63/1 GM","categoria":"Cotillon","subcategoria":"Banderines/Cortinas/Afiches/Colgantes","precio":1175.51,"destacado":false,"descripcion":"","imagen":"assets/products/CA-779905100581.webp","tags":["banderin","con","stamping","feliz","cumpleaños","tipo","confeti","blanco","3348"]},{"id":"CA-779905100582","nombre":"BANDERIN CON STAMPING FELIZ CUMPLEAÑOS TIPO CONFETI NEGRO  x1 3348/63/2GM","categoria":"Cotillon","subcategoria":"Banderines/Cortinas/Afiches/Colgantes","precio":1175.51,"destacado":false,"descripcion":"","imagen":"assets/products/CA-779905100582.webp","tags":["banderin","con","stamping","feliz","cumpleaños","tipo","confeti","negro","3348","2gm"]},{"id":"CA-690002412001","nombre":"BANDERIN CON STAMPING FELIZ CUMPLEAÑOS VERDE OLIVA/CREMA/CARAMEL x1 U2412-001","categoria":"Cotillon","subcategoria":"Banderines/Cortinas/Afiches/Colgantes","precio":873.6,"destacado":false,"descripcion":"","imagen":"assets/products/CA-690002412001.webp","tags":["banderin","con","stamping","feliz","cumpleaños","verde","oliva","crema","caramel","u2412","001"]},{"id":"CA-779905100443","nombre":"BANDERIN CON STAMPING FELIZ DIA CELESTE  x1 3348/13 GM","categoria":"Cotillon","subcategoria":"Banderines/Cortinas/Afiches/Colgantes","precio":1175.51,"destacado":false,"descripcion":"","imagen":"assets/products/CA-779905100443.webp","tags":["banderin","con","stamping","feliz","dia","celeste","3348"]},{"id":"CA-779905100451","nombre":"BANDERIN CON STAMPING FELIZ DIA MULTICOLOR x1 3348/16 GM","categoria":"Cotillon","subcategoria":"Banderines/Cortinas/Afiches/Colgantes","precio":1175.51,"destacado":false,"descripcion":"","imagen":"assets/products/CA-779905100451.webp","tags":["banderin","con","stamping","feliz","dia","multicolor","3348"]},{"id":"CA-779905100444","nombre":"BANDERIN CON STAMPING FELIZ DIA ROSA  x1 3348/14 GM","categoria":"Cotillon","subcategoria":"Banderines/Cortinas/Afiches/Colgantes","precio":1175.51,"destacado":false,"descripcion":"","imagen":"assets/products/CA-779905100444.webp","tags":["banderin","con","stamping","feliz","dia","rosa","3348"]},{"id":"CA-779905100572","nombre":"BANDERIN CON STAMPING ME RECIBI x1 3348/60 GM","categoria":"Cotillon","subcategoria":"Festejos Egresados/Upd","precio":1175.51,"destacado":false,"descripcion":"","imagen":"assets/products/CA-779905100572.webp","tags":["banderin","con","stamping","recibi","3348"]},{"id":"CA-779905100472","nombre":"BANDERIN CON STAMPING MIS 15 AÑOS ROSA/FUCSIA  x1 3348/26 GM","categoria":"Cotillon","subcategoria":"Banderines/Cortinas/Afiches/Colgantes","precio":1175.51,"destacado":false,"descripcion":"","imagen":"assets/products/CA-779905100472.webp","tags":["banderin","con","stamping","mis","años","rosa","fucsia","3348"]},{"id":"CA-779905100571","nombre":"BANDERIN CON STAMPING MIS 18 AÑOS NEGRO x1 GM 3348-59","categoria":"Cotillon","subcategoria":"Banderines/Cortinas/Afiches/Colgantes","precio":1175.51,"destacado":false,"descripcion":"","imagen":"assets/products/CA-779905100571.webp","tags":["banderin","con","stamping","mis","años","negro","3348"]},{"id":"CA-779905100916","nombre":"BANDERIN CON STAMPING NUESTRA BODA x1 3358/1-2 GM","categoria":"Cotillon","subcategoria":"Banderines/Cortinas/Afiches/Colgantes","precio":1175.51,"destacado":false,"descripcion":"","imagen":"assets/products/CA-779905100916.webp","tags":["banderin","con","stamping","nuestra","boda","3358"]},{"id":"CA-000000041484","nombre":"BANDERIN CONEJOS x1 CLEMENTINA","categoria":"Cotillon","subcategoria":"Banderines/Cortinas/Afiches/Colgantes","precio":1856.25,"destacado":false,"descripcion":"","imagen":"assets/products/CA-000000041484.webp","tags":["banderin","conejos","clementina"]},{"id":"CA-000000041399","nombre":"BANDERIN DIA DE LOS ENAMORADOS CORAZONES x1 u. CLEMENTINA","categoria":"Cotillon","subcategoria":"Banderines/Cortinas/Afiches/Colgantes","precio":1768.5,"destacado":false,"descripcion":"* (17/12/2025)","imagen":"assets/products/CA-000000041399.webp","tags":["banderin","dia","los","enamorados","corazones","clementina"]},{"id":"CA-000000050795","nombre":"BANDERIN DIA DE LOS ENAMORADOS RAYADO LOVE CON CORAZONES x1u.CALUMI","categoria":"Cotillon","subcategoria":"Banderines/Cortinas/Afiches/Colgantes","precio":1728.0,"destacado":false,"descripcion":"* (12/12/2025)","imagen":"assets/products/CA-000000050795.webp","tags":["banderin","dia","los","enamorados","rayado","love","con","corazones","x1u","calumi"]},{"id":"CA-779227301182","nombre":"BANDERIN FELICES PASCUAS ART.182 x1u.RONDINELLA","categoria":"Cotillon","subcategoria":"Banderines/Cortinas/Afiches/Colgantes","precio":974.64,"destacado":false,"descripcion":"","imagen":"assets/products/CA-779227301182.webp","tags":["banderin","felices","pascuas","art","182","x1u","rondinella"]},{"id":"CA-779813203861","nombre":"BANDERIN FELIZ CUMPLEAÑOS BRICK WALL VARIOS COLORES x1 203861","categoria":"Cotillon","subcategoria":"Banderines/Cortinas/Afiches/Colgantes","precio":1182.15,"destacado":false,"descripcion":"","imagen":"assets/products/CA-779813203861.webp","tags":["banderin","feliz","cumpleaños","brick","wall","varios","colores","203861"]},{"id":"CA-779813203862","nombre":"BANDERIN FELIZ CUMPLEAÑOS CON ESTRELLAS VARIOS COLORES x1 203862","categoria":"Cotillon","subcategoria":"Banderines/Cortinas/Afiches/Colgantes","precio":1182.15,"destacado":false,"descripcion":"","imagen":"assets/products/CA-779813203862.webp","tags":["banderin","feliz","cumpleaños","con","estrellas","varios","colores","203862"]},{"id":"CA-692024231012","nombre":"BANDERIN FELIZ CUMPLEAÑOS FLUO TRIANGULAR x1 CL887","categoria":"Cotillon","subcategoria":"Banderines/Cortinas/Afiches/Colgantes","precio":910.0,"destacado":false,"descripcion":"","imagen":"assets/products/CA-692024231012.webp","tags":["banderin","feliz","cumpleaños","fluo","triangular","cl887"]},{"id":"CA-779813203860","nombre":"BANDERIN FELIZ CUMPLEAÑOS LASER ESTRELLAS VARIOS COLORES x1 203860","categoria":"Cotillon","subcategoria":"Banderines/Cortinas/Afiches/Colgantes","precio":1182.15,"destacado":false,"descripcion":"","imagen":"assets/products/CA-779813203860.webp","tags":["banderin","feliz","cumpleaños","laser","estrellas","varios","colores","203860"]},{"id":"CA-000000051463","nombre":"BANDERIN FELIZ CUMPLEAÑOS MIX TONOS MULTICOLOR x1 U20-094","categoria":"Cotillon","subcategoria":"Banderines/Cortinas/Afiches/Colgantes","precio":1001.0,"destacado":false,"descripcion":"","imagen":"assets/products/CA-000000051463.webp","tags":["banderin","feliz","cumpleaños","mix","tonos","multicolor","u20","094"]},{"id":"CA-779905101166","nombre":"BANDERIN FELIZ CUMPLEAÑOS PALETA COMBINADA LILA Y VERDE  x1 3360-31 GM","categoria":"Cotillon","subcategoria":"Banderines/Cortinas/Afiches/Colgantes","precio":891.0,"destacado":false,"descripcion":"","imagen":"assets/products/CA-779905101166.webp","tags":["banderin","feliz","cumpleaños","paleta","combinada","lila","verde","3360"]},{"id":"CA-779905101162","nombre":"BANDERIN FELIZ CUMPLEAÑOS PALETA TRICOLOR ROSA x1 3360-27GM","categoria":"Cotillon","subcategoria":"Banderines/Cortinas/Afiches/Colgantes","precio":891.0,"destacado":false,"descripcion":"","imagen":"assets/products/CA-779905101162.webp","tags":["banderin","feliz","cumpleaños","paleta","tricolor","rosa","3360","27gm"]},{"id":"CA-779905101164","nombre":"BANDERIN FELIZ CUMPLEAÑOS PALETA TRICOLOR VERDE x1 3360-29 GM","categoria":"Cotillon","subcategoria":"Banderines/Cortinas/Afiches/Colgantes","precio":891.0,"destacado":false,"descripcion":"","imagen":"assets/products/CA-779905101164.webp","tags":["banderin","feliz","cumpleaños","paleta","tricolor","verde","3360"]},{"id":"CA-690000000993","nombre":"BANDERIN FELIZ CUMPLEAÑOS VINTAGE MULTICOLOR x1 U2411-993","categoria":"Cotillon","subcategoria":"Banderines/Cortinas/Afiches/Colgantes","precio":819.0,"destacado":false,"descripcion":"","imagen":"assets/products/CA-690000000993.webp","tags":["banderin","feliz","cumpleaños","vintage","multicolor","u2411","993"]},{"id":"CA-779227300152","nombre":"BANDERIN FELIZ DIA DE LA MADRE 01-152 x1u.RONDINELLA","categoria":"Cotillon","subcategoria":"Banderines/Cortinas/Afiches/Colgantes","precio":947.82,"destacado":false,"descripcion":"","imagen":"assets/products/CA-779227300152.webp","tags":["banderin","feliz","dia","madre","152","x1u","rondinella"]},{"id":"CA-000000049691","nombre":"BANDERIN FELIZ DIA DEL NIÑO x1u. CLEMENTINA","categoria":"Cotillon","subcategoria":"Banderines/Cortinas/Afiches/Colgantes","precio":2025.0,"destacado":false,"descripcion":"","imagen":"assets/products/CA-000000049691.webp","tags":["banderin","feliz","dia","del","niño","x1u","clementina"]},{"id":"CA-000000046249","nombre":"BANDERIN FELIZ DIA MAMA x1 CLEMENTINA","categoria":"Cotillon","subcategoria":"Banderines/Cortinas/Afiches/Colgantes","precio":2212.0,"destacado":false,"descripcion":"","imagen":"assets/products/CA-000000046249.webp","tags":["banderin","feliz","dia","mama","clementina"]},{"id":"CA-779905100914","nombre":"BANDERIN FELIZ DIA MAMAx1 GM","categoria":"Cotillon","subcategoria":"Banderines/Cortinas/Afiches/Colgantes","precio":1175.51,"destacado":false,"descripcion":"","imagen":"assets/products/CA-779905100914.webp","tags":["banderin","feliz","dia","mamax1"]},{"id":"CA-779905101167","nombre":"BANDERIN FELIZ DIA MULTICOLOR FLUO x1 03345-19 GM","categoria":"Cotillon","subcategoria":"Banderines/Cortinas/Afiches/Colgantes","precio":779.63,"destacado":false,"descripcion":"","imagen":"assets/products/CA-779905101167.webp","tags":["banderin","feliz","dia","multicolor","fluo","03345"]},{"id":"CA-000000045481","nombre":"BANDERIN FELIZ DIA PAPA CORBATA CON MOSTACHO x1u. CLEMENTINA","categoria":"Cotillon","subcategoria":"Banderines/Cortinas/Afiches/Colgantes","precio":2352.0,"destacado":false,"descripcion":"","imagen":"assets/products/CA-000000045481.webp","tags":["banderin","feliz","dia","papa","corbata","con","mostacho","x1u","clementina"]}]}