{"category_slug":"cotillon","subcategory_slug":"","page":57,"page_size":48,"total":4091,"items":[{"id":"CA-000000017763","nombre":"GUIRNALDA TIRA MULTICOLOR FLOR MEDIANA x12 art.32","categoria":"Cotillon","subcategoria":"Guirnaldas","precio":3332.0,"destacado":false,"descripcion":"* (18/12/2025)","imagen":"assets/products/CA-000000017763.webp","tags":["guirnalda","tira","multicolor","flor","mediana","x12","art"]},{"id":"CA-000000017761","nombre":"GUIRNALDA TIRA MULTICOLOR MARIPOSA MEDIANA x12 art.83","categoria":"Cotillon","subcategoria":"Guirnaldas","precio":5068.0,"destacado":false,"descripcion":"* (18/12/2025)","imagen":"assets/products/CA-000000017761.webp","tags":["guirnalda","tira","multicolor","mariposa","mediana","x12","art"]},{"id":"CA-000000002114","nombre":"GUIRNALDA TIRA MULTICOLOR REDONDA CHICA x12 art.25","categoria":"Cotillon","subcategoria":"Guirnaldas","precio":2604.0,"destacado":false,"descripcion":"* (18/12/2025)","imagen":"assets/products/CA-000000002114.webp","tags":["guirnalda","tira","multicolor","redonda","chica","x12","art"]},{"id":"CA-779227300035","nombre":"GUIRNALDA TREBOL SAN PATRICIO ART.35 x1u.RONDINELLA","categoria":"Cotillon","subcategoria":"Guirnaldas","precio":798.05,"destacado":false,"descripcion":"","imagen":"assets/products/CA-779227300035.webp","tags":["guirnalda","trebol","san","patricio","art","x1u","rondinella"]},{"id":"CA-779908803430","nombre":"HACHA DE BOMBERO X 1 GOAC37  PS","categoria":"Cotillon","subcategoria":"Accesorios Y Sets Para Disfraces / Tutu","precio":8151.5,"destacado":false,"descripcion":"","imagen":"assets/products/CA-779908803430.webp","tags":["hacha","bombero","goac37"]},{"id":"CA-779812557294","nombre":"HELICOPTEROS  ROTTI x10","categoria":"Cotillon","subcategoria":"Miniaturas / Juguetitos / Regalitos","precio":1399.01,"destacado":false,"descripcion":"","imagen":"assets/products/CA-779812557294.webp","tags":["helicopteros","rotti","x10"]},{"id":"CA-000000008123","nombre":"HERRAMIENTAS GRANDES STASIO x36u. 8123","categoria":"Cotillon","subcategoria":"Miniaturas / Juguetitos / Regalitos","precio":1419.61,"destacado":false,"descripcion":"","imagen":"assets/products/CA-000000008123.webp","tags":["herramientas","grandes","stasio","x36u","8123"]},{"id":"CA-000000048696","nombre":"HOMENAJEADO FLUO SURTIDO x12","categoria":"Cotillon","subcategoria":"Gorros Homenajeados De Cumpleaños","precio":3387.35,"destacado":false,"descripcion":"","imagen":"assets/products/CA-000000048696.webp","tags":["homenajeado","fluo","surtido","x12"]},{"id":"CA-000000042065","nombre":"HOMENAJEADO HOLOGRAFICO GIGANTE AZUL x1 85","categoria":"Cotillon","subcategoria":"Gorros Homenajeados De Cumpleaños","precio":665.43,"destacado":false,"descripcion":"","imagen":"assets/products/CA-000000042065.webp","tags":["homenajeado","holografico","gigante","azul"]},{"id":"CA-000000004366","nombre":"HOMENAJEADO HOLOGRAFICO GIGANTE DORADO x1 85","categoria":"Cotillon","subcategoria":"Gorros Homenajeados De Cumpleaños","precio":665.43,"destacado":false,"descripcion":"","imagen":"assets/products/CA-000000004366.webp","tags":["homenajeado","holografico","gigante","dorado"]},{"id":"CA-000000015366","nombre":"HOMENAJEADO HOLOGRAFICO GIGANTE FUCSIA x1 85","categoria":"Cotillon","subcategoria":"Gorros Homenajeados De Cumpleaños","precio":665.43,"destacado":false,"descripcion":"","imagen":"assets/products/CA-000000015366.webp","tags":["homenajeado","holografico","gigante","fucsia"]},{"id":"CA-000000015355","nombre":"HOMENAJEADO HOLOGRAFICO GIGANTE PLATEADO x1 85","categoria":"Cotillon","subcategoria":"Gorros Homenajeados De Cumpleaños","precio":665.43,"destacado":false,"descripcion":"","imagen":"assets/products/CA-000000015355.webp","tags":["homenajeado","holografico","gigante","plateado"]},{"id":"CA-000000015358","nombre":"HOMENAJEADO HOLOGRAFICO GIGANTE ROJO x1 85","categoria":"Cotillon","subcategoria":"Gorros Homenajeados De Cumpleaños","precio":665.43,"destacado":false,"descripcion":"","imagen":"assets/products/CA-000000015358.webp","tags":["homenajeado","holografico","gigante","rojo"]},{"id":"CA-000000015357","nombre":"HOMENAJEADO HOLOGRAFICO GIGANTE VERDE x1 85","categoria":"Cotillon","subcategoria":"Gorros Homenajeados De Cumpleaños","precio":665.43,"destacado":false,"descripcion":"","imagen":"assets/products/CA-000000015357.webp","tags":["homenajeado","holografico","gigante","verde"]},{"id":"CA-000000042066","nombre":"HOMENAJEADO HOLOGRAFICO GRANDE AZUL x1 36","categoria":"Cotillon","subcategoria":"Gorros Homenajeados De Cumpleaños","precio":569.16,"destacado":false,"descripcion":"","imagen":"assets/products/CA-000000042066.webp","tags":["homenajeado","holografico","grande","azul"]},{"id":"CA-000000054432","nombre":"HOMENAJEADO HOLOGRAFICO GRANDE BOCA x1 36","categoria":"Cotillon","subcategoria":"Gorros Homenajeados De Cumpleaños","precio":569.16,"destacado":false,"descripcion":"","imagen":"assets/products/CA-000000054432.webp","tags":["homenajeado","holografico","grande","boca"]},{"id":"CA-000000015360","nombre":"HOMENAJEADO HOLOGRAFICO GRANDE DORADO x1 36","categoria":"Cotillon","subcategoria":"Gorros Homenajeados De Cumpleaños","precio":569.16,"destacado":false,"descripcion":"","imagen":"assets/products/CA-000000015360.webp","tags":["homenajeado","holografico","grande","dorado"]},{"id":"CA-000000015361","nombre":"HOMENAJEADO HOLOGRAFICO GRANDE FUCSIA x1 36","categoria":"Cotillon","subcategoria":"Gorros Homenajeados De Cumpleaños","precio":569.16,"destacado":false,"descripcion":"","imagen":"assets/products/CA-000000015361.webp","tags":["homenajeado","holografico","grande","fucsia"]},{"id":"CA-000000015362","nombre":"HOMENAJEADO HOLOGRAFICO GRANDE PLATEADO x1 36","categoria":"Cotillon","subcategoria":"Gorros Homenajeados De Cumpleaños","precio":569.16,"destacado":false,"descripcion":"","imagen":"assets/products/CA-000000015362.webp","tags":["homenajeado","holografico","grande","plateado"]},{"id":"CA-000000054431","nombre":"HOMENAJEADO HOLOGRAFICO GRANDE RIVER x1 36","categoria":"Cotillon","subcategoria":"Gorros Homenajeados De Cumpleaños","precio":569.16,"destacado":false,"descripcion":"","imagen":"assets/products/CA-000000054431.webp","tags":["homenajeado","holografico","grande","river"]},{"id":"CA-000000015370","nombre":"HOMENAJEADO HOLOGRAFICO GRANDE ROJO x1 36","categoria":"Cotillon","subcategoria":"Gorros Homenajeados De Cumpleaños","precio":569.16,"destacado":false,"descripcion":"","imagen":"assets/products/CA-000000015370.webp","tags":["homenajeado","holografico","grande","rojo"]},{"id":"CA-000000015359","nombre":"HOMENAJEADO HOLOGRAFICO GRANDE VERDE x1 36","categoria":"Cotillon","subcategoria":"Gorros Homenajeados De Cumpleaños","precio":569.16,"destacado":false,"descripcion":"","imagen":"assets/products/CA-000000015359.webp","tags":["homenajeado","holografico","grande","verde"]},{"id":"CA-000000044424","nombre":"HOMENAJEADO HOLOGRAFICO GRANDE VIOLETA x1 36","categoria":"Cotillon","subcategoria":"Gorros Homenajeados De Cumpleaños","precio":569.16,"destacado":false,"descripcion":"","imagen":"assets/products/CA-000000044424.webp","tags":["homenajeado","holografico","grande","violeta"]},{"id":"CA-000000048697","nombre":"HOMENAJEADO HOLOGRAFICO SURTIDO x12","categoria":"Cotillon","subcategoria":"Gorros Homenajeados De Cumpleaños","precio":3387.35,"destacado":false,"descripcion":"","imagen":"assets/products/CA-000000048697.webp","tags":["homenajeado","holografico","surtido","x12"]},{"id":"CA-000000007077","nombre":"INDIOS A PIE GRANDE STASIO x12u. 7077","categoria":"Cotillon","subcategoria":"Miniaturas / Juguetitos / Regalitos","precio":1344.6,"destacado":false,"descripcion":"","imagen":"assets/products/CA-000000007077.webp","tags":["indios","pie","grande","stasio","x12u","7077"]},{"id":"CA-000000054340","nombre":"INFLABLE BRAZITO ANIMADO x1 VARIOS MODELOS","categoria":"Cotillon","subcategoria":"Miniaturas / Juguetitos / Regalitos","precio":3301.44,"destacado":false,"descripcion":"","imagen":"assets/products/CA-000000054340.webp","tags":["inflable","brazito","animado","varios","modelos"]},{"id":"CA-779908804560","nombre":"INFLABLE DUENDE SAN PATRICIO 1.80 mts LED x1 DEINSP001 PS","categoria":"Cotillon","subcategoria":"Colgantes/Muñecos/Objetos De Tela","precio":111244.0,"destacado":false,"descripcion":"","imagen":"assets/products/CA-779908804560.webp","tags":["inflable","duende","san","patricio","mts","led","deinsp001"]},{"id":"CA-698352245569","nombre":"INFLADOR ELECTRICO 2 PICOS INYECTORES x1","categoria":"Cotillon","subcategoria":"Accesorios Para Globos","precio":21630.0,"destacado":false,"descripcion":"","imagen":"assets/products/CA-698352245569.webp","tags":["inflador","electrico","picos","inyectores"]},{"id":"CA-202560000607","nombre":"INFLADOR ELECTRICO 2 PICOS INYECTORES x1 FP0607","categoria":"Cotillon","subcategoria":"Accesorios Para Globos","precio":21630.0,"destacado":false,"descripcion":"","imagen":"assets/products/CA-202560000607.webp","tags":["inflador","electrico","picos","inyectores","fp0607"]},{"id":"CA-779819417000","nombre":"INFLADOR GLOBOX PROFESIONAL x1 (premium)","categoria":"Cotillon","subcategoria":"Accesorios Para Globos","precio":6837.61,"destacado":false,"descripcion":"","imagen":"assets/products/CA-779819417000.webp","tags":["inflador","globox","profesional","premium"]},{"id":"CA-692412110301","nombre":"INFLADOR PARA GLOBO DOBLE ACCION  x1 DIS03-01","categoria":"Cotillon","subcategoria":"Accesorios Para Globos","precio":770.0,"destacado":false,"descripcion":"","imagen":"assets/products/CA-692412110301.webp","tags":["inflador","para","globo","doble","accion","dis03"]},{"id":"CA-202560000998","nombre":"INFLADOR PARA GLOBO DOBLE ACCION ECONOMICO SURTIDO  x1 FP0998","categoria":"Cotillon","subcategoria":"Accesorios Para Globos","precio":952.56,"destacado":false,"descripcion":"","imagen":"assets/products/CA-202560000998.webp","tags":["inflador","para","globo","doble","accion","economico","surtido","fp0998"]},{"id":"CA-202560000997","nombre":"INFLADOR PARA GLOBO DOBLE ACCION METALIZADO x1 FP0997","categoria":"Cotillon","subcategoria":"Accesorios Para Globos","precio":1124.55,"destacado":false,"descripcion":"NUEVO 29/10/2025","imagen":"assets/products/CA-202560000997.webp","tags":["inflador","para","globo","doble","accion","metalizado","fp0997"]},{"id":"CA-000000053086","nombre":"INFLADOR PARA GLOBO DOBLE ACCION METALIZADOx1 U23-272/ CL89","categoria":"Cotillon","subcategoria":"Accesorios Para Globos","precio":1183.0,"destacado":false,"descripcion":"","imagen":"assets/products/CA-000000053086.webp","tags":["inflador","para","globo","doble","accion","metalizadox1","u23","272","cl89"]},{"id":"CA-779814797801","nombre":"INFLADOR PARA GLOBO DOBLE ACCION TRICOLOR x1 INF  PS","categoria":"Cotillon","subcategoria":"Accesorios Para Globos","precio":1855.67,"destacado":false,"descripcion":"","imagen":"assets/products/CA-779814797801.webp","tags":["inflador","para","globo","doble","accion","tricolor","inf"]},{"id":"CA-000000054966","nombre":"JUEGO DE BOLOS x1","categoria":"Cotillon","subcategoria":"Miniaturas / Juguetitos / Regalitos","precio":2430.0,"destacado":false,"descripcion":"","imagen":"assets/products/CA-000000054966.webp","tags":["juego","bolos"]},{"id":"CA-978987424869","nombre":"JUEGO DE CARTAS ABECEDARIO Y NUMEROS x1 BP","categoria":"Cotillon","subcategoria":"Miniaturas / Juguetitos / Regalitos","precio":4275.48,"destacado":false,"descripcion":"","imagen":"assets/products/CA-978987424869.webp","tags":["juego","cartas","abecedario","numeros"]},{"id":"CA-000000044152","nombre":"JUEGO DE ENCASTRE DE GOMA EVA ABECEDARIO X 1u.","categoria":"Cotillon","subcategoria":"Didacticos","precio":1371.6,"destacado":false,"descripcion":"* (16/12/2025)","imagen":"assets/products/CA-000000044152.webp","tags":["juego","encastre","goma","eva","abecedario"]},{"id":"CA-000000044140","nombre":"JUEGO DE ENCASTRE DE GOMA EVA NUMEROS Y SIGNOS X 1u.","categoria":"Cotillon","subcategoria":"Didacticos","precio":939.6,"destacado":false,"descripcion":"* (16/12/2025)","imagen":"assets/products/CA-000000044140.webp","tags":["juego","encastre","goma","eva","numeros","signos"]},{"id":"CA-000000044139","nombre":"JUEGO DE ENCASTRE DE GOMA EVA TA-TE-TI X 3 u.","categoria":"Cotillon","subcategoria":"Didacticos","precio":562.95,"destacado":false,"descripcion":"* (16/12/2025)","imagen":"assets/products/CA-000000044139.webp","tags":["juego","encastre","goma","eva"]},{"id":"CA-202569900356","nombre":"JUEGO EMBOCA MIEMBRO SEXY X1 DC356","categoria":"Cotillon","subcategoria":"Complementos Para Fiestas","precio":3647.07,"destacado":false,"descripcion":"","imagen":"assets/products/CA-202569900356.webp","tags":["juego","emboca","miembro","sexy","dc356"]},{"id":"CA-000000048916","nombre":"JUEGOS DE PLAZA ART- PLAST x12u.","categoria":"Cotillon","subcategoria":"Miniaturas / Juguetitos / Regalitos","precio":2821.15,"destacado":false,"descripcion":"","imagen":"assets/products/CA-000000048916.webp","tags":["juegos","plaza","art","plast","x12u"]},{"id":"CA-202563000870","nombre":"KIT BASE GLOBOS FELIZ CUMPLEAÑOS CELESTE Y AZUL 21 PIEZAS x1 FP0870-03","categoria":"Cotillon","subcategoria":"Globos Kit Y Siluetas Personajes","precio":5309.64,"destacado":false,"descripcion":"","imagen":"assets/products/CA-202563000870.webp","tags":["kit","base","globos","feliz","cumpleaños","celeste","azul","piezas","fp0870"]},{"id":"CA-202562000870","nombre":"KIT BASE GLOBOS FELIZ CUMPLEAÑOS DORADO Y NEGRO 21 PIEZAS x1 FP0870-02","categoria":"Cotillon","subcategoria":"Globos Kit Y Siluetas Personajes","precio":5309.64,"destacado":false,"descripcion":"","imagen":"assets/products/CA-202562000870.webp","tags":["kit","base","globos","feliz","cumpleaños","dorado","negro","piezas","fp0870"]},{"id":"CA-202565000870","nombre":"KIT BASE GLOBOS FELIZ CUMPLEAÑOS MULTICOLOR 21 PIEZAS x1 FP0870-05","categoria":"Cotillon","subcategoria":"Globos Kit Y Siluetas Personajes","precio":5309.64,"destacado":false,"descripcion":"","imagen":"assets/products/CA-202565000870.webp","tags":["kit","base","globos","feliz","cumpleaños","multicolor","piezas","fp0870"]},{"id":"CA-202560000870","nombre":"KIT BASE GLOBOS FELIZ CUMPLEAÑOS PLATA Y NEGRO 21 PIEZAS x1 FP0870-01","categoria":"Cotillon","subcategoria":"Globos Kit Y Siluetas Personajes","precio":5309.64,"destacado":false,"descripcion":"","imagen":"assets/products/CA-202560000870.webp","tags":["kit","base","globos","feliz","cumpleaños","plata","negro","piezas","fp0870"]},{"id":"CA-202564000870","nombre":"KIT BASE GLOBOS FELIZ CUMPLEAÑOS ROSA Y BLANCA 21 PIEZAS x1 FP0870-04","categoria":"Cotillon","subcategoria":"Globos Kit Y Siluetas Personajes","precio":5309.64,"destacado":false,"descripcion":"","imagen":"assets/products/CA-202564000870.webp","tags":["kit","base","globos","feliz","cumpleaños","rosa","blanca","piezas","fp0870"]},{"id":"CA-779227301260","nombre":"KIT COPOS DE NIEVE BLANCO/PLATA ART.15-1260 x2u.RONDINELLA","categoria":"Cotillon","subcategoria":"Guirnaldas","precio":869.68,"destacado":false,"descripcion":"","imagen":"assets/products/CA-779227301260.webp","tags":["kit","copos","nieve","blanco","plata","art","1260","x2u","rondinella"]}]}