{"category_slug":"cotillon","subcategory_slug":"","page":14,"page_size":48,"total":4091,"items":[{"id":"CA-000000051095","nombre":"BLISTER VELA NUMERO PINCHE CON GIBRE ROSA N°1 X1 UNIDAD","categoria":"Cotillon","subcategoria":"Velas","precio":514.08,"destacado":false,"descripcion":"","imagen":"assets/products/CA-000000051095.webp","tags":["blister","vela","numero","pinche","con","gibre","rosa","unidad"]},{"id":"CA-000000056762","nombre":"BLISTER VELA NUMERO PINCHE CON GIBRE ROSA N°2 X 6 UNIDADES","categoria":"Cotillon","subcategoria":"Velas","precio":2974.32,"destacado":false,"descripcion":"","imagen":"assets/products/CA-000000056762.webp","tags":["blister","vela","numero","pinche","con","gibre","rosa","unidades"]},{"id":"CA-000000051096","nombre":"BLISTER VELA NUMERO PINCHE CON GIBRE ROSA N°2 X1 UNIDAD","categoria":"Cotillon","subcategoria":"Velas","precio":514.08,"destacado":false,"descripcion":"","imagen":"assets/products/CA-000000051096.webp","tags":["blister","vela","numero","pinche","con","gibre","rosa","unidad"]},{"id":"CA-000000056763","nombre":"BLISTER VELA NUMERO PINCHE CON GIBRE ROSA N°3 X 6 UNIDADES","categoria":"Cotillon","subcategoria":"Velas","precio":2974.32,"destacado":false,"descripcion":"","imagen":"assets/products/CA-000000056763.webp","tags":["blister","vela","numero","pinche","con","gibre","rosa","unidades"]},{"id":"CA-000000051097","nombre":"BLISTER VELA NUMERO PINCHE CON GIBRE ROSA N°3 X1 UNIDAD","categoria":"Cotillon","subcategoria":"Velas","precio":514.08,"destacado":false,"descripcion":"","imagen":"assets/products/CA-000000051097.webp","tags":["blister","vela","numero","pinche","con","gibre","rosa","unidad"]},{"id":"CA-000000056764","nombre":"BLISTER VELA NUMERO PINCHE CON GIBRE ROSA N°4 X 6 UNIDADES","categoria":"Cotillon","subcategoria":"Velas","precio":2974.32,"destacado":false,"descripcion":"","imagen":"assets/products/CA-000000056764.webp","tags":["blister","vela","numero","pinche","con","gibre","rosa","unidades"]},{"id":"CA-000000051098","nombre":"BLISTER VELA NUMERO PINCHE CON GIBRE ROSA N°4 X1 UNIDAD","categoria":"Cotillon","subcategoria":"Velas","precio":514.08,"destacado":false,"descripcion":"","imagen":"assets/products/CA-000000051098.webp","tags":["blister","vela","numero","pinche","con","gibre","rosa","unidad"]},{"id":"CA-000000056765","nombre":"BLISTER VELA NUMERO PINCHE CON GIBRE ROSA N°5 X 6 UNIDADES","categoria":"Cotillon","subcategoria":"Velas","precio":2974.32,"destacado":false,"descripcion":"","imagen":"assets/products/CA-000000056765.webp","tags":["blister","vela","numero","pinche","con","gibre","rosa","unidades"]},{"id":"CA-000000051099","nombre":"BLISTER VELA NUMERO PINCHE CON GIBRE ROSA N°5 X1 UNIDAD","categoria":"Cotillon","subcategoria":"Velas","precio":514.08,"destacado":false,"descripcion":"","imagen":"assets/products/CA-000000051099.webp","tags":["blister","vela","numero","pinche","con","gibre","rosa","unidad"]},{"id":"CA-000000056766","nombre":"BLISTER VELA NUMERO PINCHE CON GIBRE ROSA N°6 X 6 UNIDADES","categoria":"Cotillon","subcategoria":"Velas","precio":2974.32,"destacado":false,"descripcion":"","imagen":"assets/products/CA-000000056766.webp","tags":["blister","vela","numero","pinche","con","gibre","rosa","unidades"]},{"id":"CA-000000051100","nombre":"BLISTER VELA NUMERO PINCHE CON GIBRE ROSA N°6 X1 UNIDAD","categoria":"Cotillon","subcategoria":"Velas","precio":514.08,"destacado":false,"descripcion":"","imagen":"assets/products/CA-000000051100.webp","tags":["blister","vela","numero","pinche","con","gibre","rosa","unidad"]},{"id":"CA-000000056767","nombre":"BLISTER VELA NUMERO PINCHE CON GIBRE ROSA N°7 X 6 UNIDADES","categoria":"Cotillon","subcategoria":"Velas","precio":2974.32,"destacado":false,"descripcion":"","imagen":"assets/products/CA-000000056767.webp","tags":["blister","vela","numero","pinche","con","gibre","rosa","unidades"]},{"id":"CA-000000051101","nombre":"BLISTER VELA NUMERO PINCHE CON GIBRE ROSA N°7 X1 UNIDAD","categoria":"Cotillon","subcategoria":"Velas","precio":514.08,"destacado":false,"descripcion":"","imagen":"assets/products/CA-000000051101.webp","tags":["blister","vela","numero","pinche","con","gibre","rosa","unidad"]},{"id":"CA-000000056768","nombre":"BLISTER VELA NUMERO PINCHE CON GIBRE ROSA N°8 X 6 UNIDADES","categoria":"Cotillon","subcategoria":"Velas","precio":2974.32,"destacado":false,"descripcion":"","imagen":"assets/products/CA-000000056768.webp","tags":["blister","vela","numero","pinche","con","gibre","rosa","unidades"]},{"id":"CA-000000051102","nombre":"BLISTER VELA NUMERO PINCHE CON GIBRE ROSA N°8 X1 UNIDAD","categoria":"Cotillon","subcategoria":"Velas","precio":514.08,"destacado":false,"descripcion":"","imagen":"assets/products/CA-000000051102.webp","tags":["blister","vela","numero","pinche","con","gibre","rosa","unidad"]},{"id":"CA-000000056769","nombre":"BLISTER VELA NUMERO PINCHE CON GIBRE ROSA N°9 X 6 UNIDADES","categoria":"Cotillon","subcategoria":"Velas","precio":2974.32,"destacado":false,"descripcion":"","imagen":"assets/products/CA-000000056769.webp","tags":["blister","vela","numero","pinche","con","gibre","rosa","unidades"]},{"id":"CA-000000051103","nombre":"BLISTER VELA NUMERO PINCHE CON GIBRE ROSA N°9 X1 UNIDAD","categoria":"Cotillon","subcategoria":"Velas","precio":514.08,"destacado":false,"descripcion":"","imagen":"assets/products/CA-000000051103.webp","tags":["blister","vela","numero","pinche","con","gibre","rosa","unidad"]},{"id":"CA-000000055583","nombre":"BLISTER VELA NUMERO PINCHE GIBREADA CELESTE PASTEL N°0 x1 UNIDAD","categoria":"Cotillon","subcategoria":"Velas","precio":465.75,"destacado":false,"descripcion":"","imagen":"assets/products/CA-000000055583.webp","tags":["blister","vela","numero","pinche","gibreada","celeste","pastel","unidad"]},{"id":"CA-000000055587","nombre":"BLISTER VELA NUMERO PINCHE GIBREADA CELESTE PASTEL N°4 x1 UNIDAD","categoria":"Cotillon","subcategoria":"Velas","precio":465.75,"destacado":false,"descripcion":"","imagen":"assets/products/CA-000000055587.webp","tags":["blister","vela","numero","pinche","gibreada","celeste","pastel","unidad"]},{"id":"CA-000000055588","nombre":"BLISTER VELA NUMERO PINCHE GIBREADA CELESTE PASTEL N°5 x1 UNIDAD","categoria":"Cotillon","subcategoria":"Velas","precio":465.75,"destacado":false,"descripcion":"","imagen":"assets/products/CA-000000055588.webp","tags":["blister","vela","numero","pinche","gibreada","celeste","pastel","unidad"]},{"id":"CA-000000055589","nombre":"BLISTER VELA NUMERO PINCHE GIBREADA CELESTE PASTEL N°6 x1 UNIDAD","categoria":"Cotillon","subcategoria":"Velas","precio":465.75,"destacado":false,"descripcion":"","imagen":"assets/products/CA-000000055589.webp","tags":["blister","vela","numero","pinche","gibreada","celeste","pastel","unidad"]},{"id":"CA-000000055590","nombre":"BLISTER VELA NUMERO PINCHE GIBREADA CELESTE PASTEL N°7 x1 UNIDAD","categoria":"Cotillon","subcategoria":"Velas","precio":465.75,"destacado":false,"descripcion":"","imagen":"assets/products/CA-000000055590.webp","tags":["blister","vela","numero","pinche","gibreada","celeste","pastel","unidad"]},{"id":"CA-000000055591","nombre":"BLISTER VELA NUMERO PINCHE GIBREADA CELESTE PASTEL N°8 x1 UNIDAD","categoria":"Cotillon","subcategoria":"Velas","precio":465.75,"destacado":false,"descripcion":"","imagen":"assets/products/CA-000000055591.webp","tags":["blister","vela","numero","pinche","gibreada","celeste","pastel","unidad"]},{"id":"CA-000000055592","nombre":"BLISTER VELA NUMERO PINCHE GIBREADA CELESTE PASTEL N°9 x1 UNIDAD","categoria":"Cotillon","subcategoria":"Velas","precio":465.75,"destacado":false,"descripcion":"","imagen":"assets/products/CA-000000055592.webp","tags":["blister","vela","numero","pinche","gibreada","celeste","pastel","unidad"]},{"id":"CA-000000055593","nombre":"BLISTER VELA NUMERO PINCHE GIBREADA LILA PASTEL N°0 x1 UNIDAD","categoria":"Cotillon","subcategoria":"Velas","precio":465.75,"destacado":false,"descripcion":"","imagen":"assets/products/CA-000000055593.webp","tags":["blister","vela","numero","pinche","gibreada","lila","pastel","unidad"]},{"id":"CA-000000055595","nombre":"BLISTER VELA NUMERO PINCHE GIBREADA LILA PASTEL N°2 x1 UNIDAD","categoria":"Cotillon","subcategoria":"Velas","precio":465.75,"destacado":false,"descripcion":"","imagen":"assets/products/CA-000000055595.webp","tags":["blister","vela","numero","pinche","gibreada","lila","pastel","unidad"]},{"id":"CA-000000055596","nombre":"BLISTER VELA NUMERO PINCHE GIBREADA LILA PASTEL N°3 x1 UNIDAD","categoria":"Cotillon","subcategoria":"Velas","precio":465.75,"destacado":false,"descripcion":"","imagen":"assets/products/CA-000000055596.webp","tags":["blister","vela","numero","pinche","gibreada","lila","pastel","unidad"]},{"id":"CA-000000055597","nombre":"BLISTER VELA NUMERO PINCHE GIBREADA LILA PASTEL N°4 x1 UNIDAD","categoria":"Cotillon","subcategoria":"Velas","precio":465.75,"destacado":false,"descripcion":"","imagen":"assets/products/CA-000000055597.webp","tags":["blister","vela","numero","pinche","gibreada","lila","pastel","unidad"]},{"id":"CA-000000055598","nombre":"BLISTER VELA NUMERO PINCHE GIBREADA LILA PASTEL N°5 x1 UNIDAD","categoria":"Cotillon","subcategoria":"Velas","precio":465.75,"destacado":false,"descripcion":"","imagen":"assets/products/CA-000000055598.webp","tags":["blister","vela","numero","pinche","gibreada","lila","pastel","unidad"]},{"id":"CA-000000055599","nombre":"BLISTER VELA NUMERO PINCHE GIBREADA LILA PASTEL N°6 x1 UNIDAD","categoria":"Cotillon","subcategoria":"Velas","precio":465.75,"destacado":false,"descripcion":"","imagen":"assets/products/CA-000000055599.webp","tags":["blister","vela","numero","pinche","gibreada","lila","pastel","unidad"]},{"id":"CA-000000055600","nombre":"BLISTER VELA NUMERO PINCHE GIBREADA LILA PASTEL N°7 x1 UNIDAD","categoria":"Cotillon","subcategoria":"Velas","precio":465.75,"destacado":false,"descripcion":"","imagen":"assets/products/CA-000000055600.webp","tags":["blister","vela","numero","pinche","gibreada","lila","pastel","unidad"]},{"id":"CA-000000055601","nombre":"BLISTER VELA NUMERO PINCHE GIBREADA LILA PASTEL N°8 x1 UNIDAD","categoria":"Cotillon","subcategoria":"Velas","precio":465.75,"destacado":false,"descripcion":"","imagen":"assets/products/CA-000000055601.webp","tags":["blister","vela","numero","pinche","gibreada","lila","pastel","unidad"]},{"id":"CA-000000055602","nombre":"BLISTER VELA NUMERO PINCHE GIBREADA LILA PASTEL N°9 x1 UNIDAD","categoria":"Cotillon","subcategoria":"Velas","precio":465.75,"destacado":false,"descripcion":"","imagen":"assets/products/CA-000000055602.webp","tags":["blister","vela","numero","pinche","gibreada","lila","pastel","unidad"]},{"id":"CA-000000055573","nombre":"BLISTER VELA NUMERO PINCHE GIBREADA ROSA PASTEL N°0 x1 UNIDAD","categoria":"Cotillon","subcategoria":"Velas","precio":465.75,"destacado":false,"descripcion":"","imagen":"assets/products/CA-000000055573.webp","tags":["blister","vela","numero","pinche","gibreada","rosa","pastel","unidad"]},{"id":"CA-000000055576","nombre":"BLISTER VELA NUMERO PINCHE GIBREADA ROSA PASTEL N°3 x1 UNIDAD","categoria":"Cotillon","subcategoria":"Velas","precio":465.75,"destacado":false,"descripcion":"","imagen":"assets/products/CA-000000055576.webp","tags":["blister","vela","numero","pinche","gibreada","rosa","pastel","unidad"]},{"id":"CA-000000055577","nombre":"BLISTER VELA NUMERO PINCHE GIBREADA ROSA PASTEL N°4 x1 UNIDAD","categoria":"Cotillon","subcategoria":"Velas","precio":465.75,"destacado":false,"descripcion":"","imagen":"assets/products/CA-000000055577.webp","tags":["blister","vela","numero","pinche","gibreada","rosa","pastel","unidad"]},{"id":"CA-000000055579","nombre":"BLISTER VELA NUMERO PINCHE GIBREADA ROSA PASTEL N°6 x1 UNIDAD","categoria":"Cotillon","subcategoria":"Velas","precio":465.75,"destacado":false,"descripcion":"","imagen":"assets/products/CA-000000055579.webp","tags":["blister","vela","numero","pinche","gibreada","rosa","pastel","unidad"]},{"id":"CA-000000055581","nombre":"BLISTER VELA NUMERO PINCHE GIBREADA ROSA PASTEL N°8 x1 UNIDAD","categoria":"Cotillon","subcategoria":"Velas","precio":465.75,"destacado":false,"descripcion":"","imagen":"assets/products/CA-000000055581.webp","tags":["blister","vela","numero","pinche","gibreada","rosa","pastel","unidad"]},{"id":"CA-000000055582","nombre":"BLISTER VELA NUMERO PINCHE GIBREADA ROSA PASTEL N°9 x1 UNIDAD","categoria":"Cotillon","subcategoria":"Velas","precio":465.75,"destacado":false,"descripcion":"","imagen":"assets/products/CA-000000055582.webp","tags":["blister","vela","numero","pinche","gibreada","rosa","pastel","unidad"]},{"id":"CA-000000050525","nombre":"BLISTER VELA NUMEROTE CON GIBRE DORADO Nº 0 x1 UNIDAD DORYPLAST","categoria":"Cotillon","subcategoria":"Velas","precio":614.8,"destacado":false,"descripcion":"","imagen":"assets/products/CA-000000050525.webp","tags":["blister","vela","numerote","con","gibre","dorado","unidad","doryplast"]},{"id":"CA-000000050526","nombre":"BLISTER VELA NUMEROTE CON GIBRE DORADO Nº 1 x1 UNIDAD DORYPLAST","categoria":"Cotillon","subcategoria":"Velas","precio":614.8,"destacado":false,"descripcion":"","imagen":"assets/products/CA-000000050526.webp","tags":["blister","vela","numerote","con","gibre","dorado","unidad","doryplast"]},{"id":"CA-000000050527","nombre":"BLISTER VELA NUMEROTE CON GIBRE DORADO Nº 2 x1 UNIDAD DORYPLAST","categoria":"Cotillon","subcategoria":"Velas","precio":614.8,"destacado":false,"descripcion":"","imagen":"assets/products/CA-000000050527.webp","tags":["blister","vela","numerote","con","gibre","dorado","unidad","doryplast"]},{"id":"CA-000000050528","nombre":"BLISTER VELA NUMEROTE CON GIBRE DORADO Nº 3 x1 UNIDAD DORYPLAST","categoria":"Cotillon","subcategoria":"Velas","precio":614.8,"destacado":false,"descripcion":"","imagen":"assets/products/CA-000000050528.webp","tags":["blister","vela","numerote","con","gibre","dorado","unidad","doryplast"]},{"id":"CA-000000050529","nombre":"BLISTER VELA NUMEROTE CON GIBRE DORADO Nº 4 x1 UNIDAD DORYPLAST","categoria":"Cotillon","subcategoria":"Velas","precio":614.8,"destacado":false,"descripcion":"","imagen":"assets/products/CA-000000050529.webp","tags":["blister","vela","numerote","con","gibre","dorado","unidad","doryplast"]},{"id":"CA-000000050530","nombre":"BLISTER VELA NUMEROTE CON GIBRE DORADO Nº 5 x1 UNIDAD DORYPLAST","categoria":"Cotillon","subcategoria":"Velas","precio":614.8,"destacado":false,"descripcion":"","imagen":"assets/products/CA-000000050530.webp","tags":["blister","vela","numerote","con","gibre","dorado","unidad","doryplast"]},{"id":"CA-000000050531","nombre":"BLISTER VELA NUMEROTE CON GIBRE DORADO Nº 6 x1 UNIDAD DORYPLAST","categoria":"Cotillon","subcategoria":"Velas","precio":614.8,"destacado":false,"descripcion":"","imagen":"assets/products/CA-000000050531.webp","tags":["blister","vela","numerote","con","gibre","dorado","unidad","doryplast"]},{"id":"CA-000000050532","nombre":"BLISTER VELA NUMEROTE CON GIBRE DORADO Nº 7 x1 UNIDAD DORYPLAST","categoria":"Cotillon","subcategoria":"Velas","precio":614.8,"destacado":false,"descripcion":"","imagen":"assets/products/CA-000000050532.webp","tags":["blister","vela","numerote","con","gibre","dorado","unidad","doryplast"]},{"id":"CA-000000050533","nombre":"BLISTER VELA NUMEROTE CON GIBRE DORADO Nº 8 x1 UNIDAD DORYPLAST","categoria":"Cotillon","subcategoria":"Velas","precio":614.8,"destacado":false,"descripcion":"","imagen":"assets/products/CA-000000050533.webp","tags":["blister","vela","numerote","con","gibre","dorado","unidad","doryplast"]}]}