{"category_slug":"cotillon","subcategory_slug":"","page":61,"page_size":48,"total":4091,"items":[{"id":"CA-692502191002","nombre":"KIT GLOBOS FUTBOL PELOTA/ESTRELLA 5 PIEZAS x1 GY-1002","categoria":"Cotillon","subcategoria":"Globos Kits","precio":2067.95,"destacado":false,"descripcion":"","imagen":"assets/products/CA-692502191002.webp","tags":["kit","globos","futbol","pelota","estrella","piezas","1002"]},{"id":"CA-687368583043","nombre":"KIT GLOBOS FUTBOL PELOTAS 6 PIEZAS x1","categoria":"Cotillon","subcategoria":"Globos Kits","precio":2480.25,"destacado":false,"descripcion":"","imagen":"assets/products/CA-687368583043.webp","tags":["kit","globos","futbol","pelotas","piezas"]},{"id":"CA-202405221410","nombre":"KIT GLOBOS FUTBOL TROFEO/ESCUDO BOCA 5 PIEZAS x1","categoria":"Cotillon","subcategoria":"Globos Kits","precio":2330.16,"destacado":false,"descripcion":"","imagen":"assets/products/CA-202405221410.webp","tags":["kit","globos","futbol","trofeo","escudo","boca","piezas"]},{"id":"CA-202405221414","nombre":"KIT GLOBOS FUTBOL TROFEO/ESCUDO RIVER 5 PIEZAS x1","categoria":"Cotillon","subcategoria":"Globos Kits","precio":2330.16,"destacado":false,"descripcion":"","imagen":"assets/products/CA-202405221414.webp","tags":["kit","globos","futbol","trofeo","escudo","river","piezas"]},{"id":"CA-692506261038","nombre":"KIT GLOBOS GAME ON 10 PIEZAS x1 GY-S10-38","categoria":"Cotillon","subcategoria":"Globos Kits","precio":2679.95,"destacado":false,"descripcion":"","imagen":"assets/products/CA-692506261038.webp","tags":["kit","globos","game","piezas","s10"]},{"id":"CA-000000056821","nombre":"KIT GLOBOS NEGRO/DORADO PREMIUM BANDERIN FELIZ CUMPLE 18 PIEZAS x1","categoria":"Cotillon","subcategoria":"Globos Kits","precio":4369.05,"destacado":false,"descripcion":"","imagen":"assets/products/CA-000000056821.webp","tags":["kit","globos","negro","dorado","premium","banderin","feliz","cumple","piezas"]},{"id":"CA-202503010950","nombre":"KIT GLOBOS NUBE/ESTRELLA/CONFETTI HAPPY BIRTHDAY 8 PIEZAS x1","categoria":"Cotillon","subcategoria":"Globos Kits","precio":2660.0,"destacado":false,"descripcion":"","imagen":"assets/products/CA-202503010950.webp","tags":["kit","globos","nube","estrella","confetti","happy","birthday","piezas"]},{"id":"CA-000000056272","nombre":"KIT GLOBOS PERSONAJE BABY MICKEY 5 PIEZAS x1","categoria":"Cotillon","subcategoria":"Globos Kit Y Siluetas Personajes","precio":2492.34,"destacado":false,"descripcion":"","imagen":"assets/products/CA-000000056272.webp","tags":["kit","globos","personaje","baby","mickey","piezas"]},{"id":"CA-692506261013","nombre":"KIT GLOBOS PERSONAJE BARBIE 10 PIEZAS x1 GY-S10-13","categoria":"Cotillon","subcategoria":"Globos Kit Y Siluetas Personajes","precio":2679.95,"destacado":false,"descripcion":"","imagen":"assets/products/CA-692506261013.webp","tags":["kit","globos","personaje","barbie","piezas","s10"]},{"id":"CA-000000056623","nombre":"KIT GLOBOS PERSONAJE BARBIE 5 PIEZAS x1","categoria":"Cotillon","subcategoria":"Globos Kit Y Siluetas Personajes","precio":2565.82,"destacado":false,"descripcion":"","imagen":"assets/products/CA-000000056623.webp","tags":["kit","globos","personaje","barbie","piezas"]},{"id":"CA-692506261056","nombre":"KIT GLOBOS PERSONAJE BLANCANIEVES 10 PIEZAS x1 GY-S10-56","categoria":"Cotillon","subcategoria":"Globos Kit Y Siluetas Personajes","precio":2679.95,"destacado":false,"descripcion":"","imagen":"assets/products/CA-692506261056.webp","tags":["kit","globos","personaje","blancanieves","piezas","s10"]},{"id":"CA-692505181350","nombre":"KIT GLOBOS PERSONAJE BLANCANIEVES x1 5 PIEZAS GY-1350","categoria":"Cotillon","subcategoria":"Globos Kit Y Siluetas Personajes","precio":2274.74,"destacado":false,"descripcion":"","imagen":"assets/products/CA-692505181350.webp","tags":["kit","globos","personaje","blancanieves","piezas","1350"]},{"id":"CA-202405221418","nombre":"KIT GLOBOS PERSONAJE CAPIBARA SUMMER 5 PIEZAS x1","categoria":"Cotillon","subcategoria":"Globos Kit Y Siluetas Personajes","precio":2330.16,"destacado":false,"descripcion":"","imagen":"assets/products/CA-202405221418.webp","tags":["kit","globos","personaje","capibara","summer","piezas"]},{"id":"CA-692025031255","nombre":"KIT GLOBOS PERSONAJE CARPINCHO/CAPIBARA BANDOLERA 5 PIEZAS x1 GY-1255","categoria":"Cotillon","subcategoria":"Globos Kit Y Siluetas Personajes","precio":2274.74,"destacado":false,"descripcion":"","imagen":"assets/products/CA-692025031255.webp","tags":["kit","globos","personaje","carpincho","capibara","bandolera","piezas","1255"]},{"id":"CA-692025062645","nombre":"KIT GLOBOS PERSONAJE CARS 5 PIEZAS x1 GY-S5-45","categoria":"Cotillon","subcategoria":"Globos Kit Y Siluetas Personajes","precio":2164.58,"destacado":false,"descripcion":"","imagen":"assets/products/CA-692025062645.webp","tags":["kit","globos","personaje","cars","piezas"]},{"id":"CA-000000055301","nombre":"KIT GLOBOS PERSONAJE CINNAMOROLL 5 PIEZAS  x1","categoria":"Cotillon","subcategoria":"Globos Kit Y Siluetas Personajes","precio":2480.25,"destacado":false,"descripcion":"","imagen":"assets/products/CA-000000055301.webp","tags":["kit","globos","personaje","cinnamoroll","piezas"]},{"id":"CA-687368583083","nombre":"KIT GLOBOS PERSONAJE CINNAMOROLL PASTEL 5 PIEZAS  x1","categoria":"Cotillon","subcategoria":"Globos Kit Y Siluetas Personajes","precio":2565.82,"destacado":false,"descripcion":"","imagen":"assets/products/CA-687368583083.webp","tags":["kit","globos","personaje","cinnamoroll","pastel","piezas"]},{"id":"CA-692025031243","nombre":"KIT GLOBOS PERSONAJE FLORK FELIZ CUMPLEAÑOS 5 PIEZAS x1 GY-1243","categoria":"Cotillon","subcategoria":"Globos Kit Y Siluetas Personajes","precio":2115.75,"destacado":false,"descripcion":"","imagen":"assets/products/CA-692025031243.webp","tags":["kit","globos","personaje","flork","feliz","cumpleaños","piezas","1243"]},{"id":"CA-690250529117","nombre":"KIT GLOBOS PERSONAJE FROZEN 5 PIEZAS x1 SU-117","categoria":"Cotillon","subcategoria":"Globos Kit Y Siluetas Personajes","precio":2274.74,"destacado":false,"descripcion":"","imagen":"assets/products/CA-690250529117.webp","tags":["kit","globos","personaje","frozen","piezas","117"]},{"id":"CA-690138500020","nombre":"KIT GLOBOS PERSONAJE FROZEN 5 PIEZAS x1 XY-Q020","categoria":"Cotillon","subcategoria":"Globos Kit Y Siluetas Personajes","precio":2274.74,"destacado":false,"descripcion":"","imagen":"assets/products/CA-690138500020.webp","tags":["kit","globos","personaje","frozen","piezas","q020"]},{"id":"CA-692025031188","nombre":"KIT GLOBOS PERSONAJE HARRY POTTER VARITA x1 GY-1188","categoria":"Cotillon","subcategoria":"Globos Kit Y Siluetas Personajes","precio":2274.74,"destacado":false,"descripcion":"","imagen":"assets/products/CA-692025031188.webp","tags":["kit","globos","personaje","harry","potter","varita","1188"]},{"id":"CA-692025031244","nombre":"KIT GLOBOS PERSONAJE HARRY POTTER x1 GY-1244","categoria":"Cotillon","subcategoria":"Globos Kit Y Siluetas Personajes","precio":2274.74,"destacado":false,"descripcion":"","imagen":"assets/products/CA-692025031244.webp","tags":["kit","globos","personaje","harry","potter","1244"]},{"id":"CA-202504071506","nombre":"KIT GLOBOS PERSONAJE HELLO KITTY 5 PIEZAS  x1","categoria":"Cotillon","subcategoria":"Globos Kit Y Siluetas Personajes","precio":2330.16,"destacado":false,"descripcion":"","imagen":"assets/products/CA-202504071506.webp","tags":["kit","globos","personaje","hello","kitty","piezas"]},{"id":"CA-690219051048","nombre":"KIT GLOBOS PERSONAJE HELLO KITTY CON CARTERITA5 PIEZAS x1 GY-510-48","categoria":"Cotillon","subcategoria":"Globos Kit Y Siluetas Personajes","precio":2492.34,"destacado":false,"descripcion":"","imagen":"assets/products/CA-690219051048.webp","tags":["kit","globos","personaje","hello","kitty","con","carterita5","piezas","510"]},{"id":"CA-692024121201","nombre":"KIT GLOBOS PERSONAJE HOMBRE ARAÑA 5 PIEZAS x 1","categoria":"Cotillon","subcategoria":"Globos Kit Y Siluetas Personajes","precio":2480.25,"destacado":false,"descripcion":"","imagen":"assets/products/CA-692024121201.webp","tags":["kit","globos","personaje","hombre","araña","piezas"]},{"id":"CA-692024121216","nombre":"KIT GLOBOS PERSONAJE KITTY 5 PIEZAS  x1","categoria":"Cotillon","subcategoria":"Globos Kit Y Siluetas Personajes","precio":2492.34,"destacado":false,"descripcion":"","imagen":"assets/products/CA-692024121216.webp","tags":["kit","globos","personaje","kitty","piezas"]},{"id":"CA-692025062625","nombre":"KIT GLOBOS PERSONAJE KITTY 5 PIEZAS  x1 GY-S5-25","categoria":"Cotillon","subcategoria":"Globos Kit Y Siluetas Personajes","precio":2164.58,"destacado":false,"descripcion":"NUEVO 18/12/2025","imagen":"assets/products/CA-692025062625.webp","tags":["kit","globos","personaje","kitty","piezas"]},{"id":"CA-844517802881","nombre":"KIT GLOBOS PERSONAJE KUROMI  5 PZSx1","categoria":"Cotillon","subcategoria":"Globos Kit Y Siluetas Personajes","precio":2340.8,"destacado":false,"descripcion":"","imagen":"assets/products/CA-844517802881.webp","tags":["kit","globos","personaje","kuromi","pzsx1"]},{"id":"CA-000000055299","nombre":"KIT GLOBOS PERSONAJE KUROMI 5 PIEZAS  x1","categoria":"Cotillon","subcategoria":"Globos Kit Y Siluetas Personajes","precio":2480.25,"destacado":false,"descripcion":"","imagen":"assets/products/CA-000000055299.webp","tags":["kit","globos","personaje","kuromi","piezas"]},{"id":"CA-844517802883","nombre":"KIT GLOBOS PERSONAJE KUROMI 5 PZSx1","categoria":"Cotillon","subcategoria":"Globos Kit Y Siluetas Personajes","precio":2145.0,"destacado":false,"descripcion":"","imagen":"assets/products/CA-844517802883.webp","tags":["kit","globos","personaje","kuromi","pzsx1"]},{"id":"CA-202504221414","nombre":"KIT GLOBOS PERSONAJE KUROMI/FELIZ CUMPLEAÑOS 6 PIEZAS x1","categoria":"Cotillon","subcategoria":"Globos Kit Y Siluetas Personajes","precio":1456.35,"destacado":false,"descripcion":"","imagen":"assets/products/CA-202504221414.webp","tags":["kit","globos","personaje","kuromi","feliz","cumpleaños","piezas"]},{"id":"CA-202504230807","nombre":"KIT GLOBOS PERSONAJE LABUBU BUFANDA 5 PIEZAS x1","categoria":"Cotillon","subcategoria":"Globos Kit Y Siluetas Personajes","precio":2330.16,"destacado":false,"descripcion":"","imagen":"assets/products/CA-202504230807.webp","tags":["kit","globos","personaje","labubu","bufanda","piezas"]},{"id":"CA-202504230808","nombre":"KIT GLOBOS PERSONAJE LABUBU GRIS 5 PIEZAS x1","categoria":"Cotillon","subcategoria":"Globos Kit Y Siluetas Personajes","precio":2330.16,"destacado":false,"descripcion":"","imagen":"assets/products/CA-202504230808.webp","tags":["kit","globos","personaje","labubu","gris","piezas"]},{"id":"CA-692025031248","nombre":"KIT GLOBOS PERSONAJE LABUBU GRIS 5 PIEZAS x1 GY-1248","categoria":"Cotillon","subcategoria":"Globos Kit Y Siluetas Personajes","precio":2274.74,"destacado":false,"descripcion":"","imagen":"assets/products/CA-692025031248.webp","tags":["kit","globos","personaje","labubu","gris","piezas","1248"]},{"id":"CA-690138500212","nombre":"KIT GLOBOS PERSONAJE LABUBU MARRON 5 PIEZAS x1 XY-Q212","categoria":"Cotillon","subcategoria":"Globos Kit Y Siluetas Personajes","precio":2067.95,"destacado":false,"descripcion":"","imagen":"assets/products/CA-690138500212.webp","tags":["kit","globos","personaje","labubu","marron","piezas","q212"]},{"id":"CA-692025031247","nombre":"KIT GLOBOS PERSONAJE LABUBU MARRON x1 GY-1247","categoria":"Cotillon","subcategoria":"Globos Kit Y Siluetas Personajes","precio":2164.58,"destacado":false,"descripcion":"","imagen":"assets/products/CA-692025031247.webp","tags":["kit","globos","personaje","labubu","marron","1247"]},{"id":"CA-692025031249","nombre":"KIT GLOBOS PERSONAJE LABUBU ROSA x1 GY-1249","categoria":"Cotillon","subcategoria":"Globos Kit Y Siluetas Personajes","precio":2274.74,"destacado":false,"descripcion":"","imagen":"assets/products/CA-692025031249.webp","tags":["kit","globos","personaje","labubu","rosa","1249"]},{"id":"CA-692635171635","nombre":"KIT GLOBOS PERSONAJE LABUBU ROSA/VIOLETA 5 PIEZAS x1 LB-635","categoria":"Cotillon","subcategoria":"Globos Kit Y Siluetas Personajes","precio":2067.95,"destacado":false,"descripcion":"","imagen":"assets/products/CA-692635171635.webp","tags":["kit","globos","personaje","labubu","rosa","violeta","piezas","635"]},{"id":"CA-000000056273","nombre":"KIT GLOBOS PERSONAJE LILO Y STITCH 5 PIEZAS x1  110","categoria":"Cotillon","subcategoria":"Globos Kit Y Siluetas Personajes","precio":2492.34,"destacado":false,"descripcion":"","imagen":"assets/products/CA-000000056273.webp","tags":["kit","globos","personaje","lilo","stitch","piezas","110"]},{"id":"CA-692506261035","nombre":"KIT GLOBOS PERSONAJE MERLINA 10 PIEZAS x1 GY-S10-35","categoria":"Cotillon","subcategoria":"Globos Kit Y Siluetas Personajes","precio":2679.95,"destacado":false,"descripcion":"","imagen":"assets/products/CA-692506261035.webp","tags":["kit","globos","personaje","merlina","piezas","s10"]},{"id":"CA-692506261036","nombre":"KIT GLOBOS PERSONAJE MERLINA 10 PIEZAS x1 GY-S10-36","categoria":"Cotillon","subcategoria":"Globos Kit Y Siluetas Personajes","precio":2679.95,"destacado":false,"descripcion":"","imagen":"assets/products/CA-692506261036.webp","tags":["kit","globos","personaje","merlina","piezas","s10"]},{"id":"CA-692025031221","nombre":"KIT GLOBOS PERSONAJE MERLINA x1 GY-1221","categoria":"Cotillon","subcategoria":"Globos Kit Y Siluetas Personajes","precio":2274.74,"destacado":false,"descripcion":"","imagen":"assets/products/CA-692025031221.webp","tags":["kit","globos","personaje","merlina","1221"]},{"id":"CA-690250807256","nombre":"KIT GLOBOS PERSONAJE MICKEY 5 PIEZAS x1 SU-256","categoria":"Cotillon","subcategoria":"Globos Kit Y Siluetas Personajes","precio":2271.92,"destacado":false,"descripcion":"","imagen":"assets/products/CA-690250807256.webp","tags":["kit","globos","personaje","mickey","piezas","256"]},{"id":"CA-000000056803","nombre":"KIT GLOBOS PERSONAJE MICKEY AUTO 5 PIEZAS x1","categoria":"Cotillon","subcategoria":"Globos Kit Y Siluetas Personajes","precio":2340.8,"destacado":false,"descripcion":"","imagen":"assets/products/CA-000000056803.webp","tags":["kit","globos","personaje","mickey","auto","piezas"]},{"id":"CA-000000055901","nombre":"KIT GLOBOS PERSONAJE MINIONS 5 PIEZAS  x1","categoria":"Cotillon","subcategoria":"Globos Kit Y Siluetas Personajes","precio":2340.8,"destacado":false,"descripcion":"","imagen":"assets/products/CA-000000055901.webp","tags":["kit","globos","personaje","minions","piezas"]},{"id":"CA-000000055657","nombre":"KIT GLOBOS PERSONAJE MINIONS 7 PIEZAS  x1","categoria":"Cotillon","subcategoria":"Globos Kit Y Siluetas Personajes","precio":1860.19,"destacado":false,"descripcion":"","imagen":"assets/products/CA-000000055657.webp","tags":["kit","globos","personaje","minions","piezas"]},{"id":"CA-000000056804","nombre":"KIT GLOBOS PERSONAJE MINNIE AUTO 5 PIEZAS x1","categoria":"Cotillon","subcategoria":"Globos Kit Y Siluetas Personajes","precio":2340.8,"destacado":false,"descripcion":"","imagen":"assets/products/CA-000000056804.webp","tags":["kit","globos","personaje","minnie","auto","piezas"]},{"id":"CA-692025031191","nombre":"KIT GLOBOS PERSONAJE MINNIE BABY x1 GY-1191","categoria":"Cotillon","subcategoria":"Globos Kit Y Siluetas Personajes","precio":2274.74,"destacado":false,"descripcion":"","imagen":"assets/products/CA-692025031191.webp","tags":["kit","globos","personaje","minnie","baby","1191"]}]}