{"category_slug":"cotillon","subcategory_slug":"","page":38,"page_size":48,"total":4091,"items":[{"id":"CA-202503121135","nombre":"GLOBO DECO FLOR CARITA x1 18\"","categoria":"Cotillon","subcategoria":"Globos Metalizados Formas","precio":582.54,"destacado":false,"descripcion":"","imagen":"assets/products/CA-202503121135.webp","tags":["globo","deco","flor","carita"]},{"id":"CA-779842097304","nombre":"GLOBO DILAX METALIZADO 16\" DORADO Nº 0 x10 (NO APTO HELIO) 73044","categoria":"Cotillon","subcategoria":"Globos Metalizados Numeros","precio":2872.81,"destacado":false,"descripcion":"","imagen":"assets/products/CA-779842097304.webp","tags":["globo","dilax","metalizado","dorado","x10","apto","helio","73044"]},{"id":"CA-779842097305","nombre":"GLOBO DILAX METALIZADO 16\" DORADO Nº 1 x10 (NO APTO HELIO) 73051","categoria":"Cotillon","subcategoria":"Globos Metalizados Numeros","precio":2872.81,"destacado":false,"descripcion":"","imagen":"assets/products/CA-779842097305.webp","tags":["globo","dilax","metalizado","dorado","x10","apto","helio","73051"]},{"id":"CA-779842097306","nombre":"GLOBO DILAX METALIZADO 16\" DORADO Nº 2 x10 (NO APTO HELIO) 73068","categoria":"Cotillon","subcategoria":"Globos Metalizados Numeros","precio":2872.81,"destacado":false,"descripcion":"","imagen":"assets/products/CA-779842097306.webp","tags":["globo","dilax","metalizado","dorado","x10","apto","helio","73068"]},{"id":"CA-779842097307","nombre":"GLOBO DILAX METALIZADO 16\" DORADO Nº 3 x10 (NO APTO HELIO) 73075","categoria":"Cotillon","subcategoria":"Globos Metalizados Numeros","precio":2872.81,"destacado":false,"descripcion":"","imagen":"assets/products/CA-779842097307.webp","tags":["globo","dilax","metalizado","dorado","x10","apto","helio","73075"]},{"id":"CA-779842097308","nombre":"GLOBO DILAX METALIZADO 16\" DORADO Nº 4 x10 (NO APTO HELIO) 73082","categoria":"Cotillon","subcategoria":"Globos Metalizados Numeros","precio":2872.81,"destacado":false,"descripcion":"","imagen":"assets/products/CA-779842097308.webp","tags":["globo","dilax","metalizado","dorado","x10","apto","helio","73082"]},{"id":"CA-779842097309","nombre":"GLOBO DILAX METALIZADO 16\" DORADO Nº 5 x10 (NO APTO HELIO) 73099","categoria":"Cotillon","subcategoria":"Globos Metalizados Numeros","precio":2872.81,"destacado":false,"descripcion":"","imagen":"assets/products/CA-779842097309.webp","tags":["globo","dilax","metalizado","dorado","x10","apto","helio","73099"]},{"id":"CA-779842097310","nombre":"GLOBO DILAX METALIZADO 16\" DORADO Nº 6 x10 (NO APTO HELIO) 73105","categoria":"Cotillon","subcategoria":"Globos Metalizados Numeros","precio":2872.81,"destacado":false,"descripcion":"","imagen":"assets/products/CA-779842097310.webp","tags":["globo","dilax","metalizado","dorado","x10","apto","helio","73105"]},{"id":"CA-779842097311","nombre":"GLOBO DILAX METALIZADO 16\" DORADO Nº 7 x10 (NO APTO HELIO) 73112","categoria":"Cotillon","subcategoria":"Globos Metalizados Numeros","precio":2872.81,"destacado":false,"descripcion":"","imagen":"assets/products/CA-779842097311.webp","tags":["globo","dilax","metalizado","dorado","x10","apto","helio","73112"]},{"id":"CA-779842097312","nombre":"GLOBO DILAX METALIZADO 16\" DORADO Nº 8 x10 (NO APTO HELIO) 73129","categoria":"Cotillon","subcategoria":"Globos Metalizados Numeros","precio":2872.81,"destacado":false,"descripcion":"","imagen":"assets/products/CA-779842097312.webp","tags":["globo","dilax","metalizado","dorado","x10","apto","helio","73129"]},{"id":"CA-779842097313","nombre":"GLOBO DILAX METALIZADO 16\" DORADO Nº 9 x10 (NO APTO HELIO) 73136","categoria":"Cotillon","subcategoria":"Globos Metalizados Numeros","precio":2872.81,"destacado":false,"descripcion":"","imagen":"assets/products/CA-779842097313.webp","tags":["globo","dilax","metalizado","dorado","x10","apto","helio","73136"]},{"id":"CA-779842097314","nombre":"GLOBO DILAX METALIZADO 16\" NEGRO Nº 0 x10 (NO APTO HELIO) 73143","categoria":"Cotillon","subcategoria":"Globos Metalizados Numeros","precio":2872.81,"destacado":false,"descripcion":"","imagen":"assets/products/CA-779842097314.webp","tags":["globo","dilax","metalizado","negro","x10","apto","helio","73143"]},{"id":"CA-779842097315","nombre":"GLOBO DILAX METALIZADO 16\" NEGRO Nº 1 x10 (NO APTO HELIO) 73150","categoria":"Cotillon","subcategoria":"Globos Metalizados Numeros","precio":2872.81,"destacado":false,"descripcion":"","imagen":"assets/products/CA-779842097315.webp","tags":["globo","dilax","metalizado","negro","x10","apto","helio","73150"]},{"id":"CA-779842097316","nombre":"GLOBO DILAX METALIZADO 16\" NEGRO Nº 2 x10 (NO APTO HELIO) 73167","categoria":"Cotillon","subcategoria":"Globos Metalizados Numeros","precio":2872.81,"destacado":false,"descripcion":"","imagen":"assets/products/CA-779842097316.webp","tags":["globo","dilax","metalizado","negro","x10","apto","helio","73167"]},{"id":"CA-779842097317","nombre":"GLOBO DILAX METALIZADO 16\" NEGRO Nº 3 x10 (NO APTO HELIO) 73174","categoria":"Cotillon","subcategoria":"Globos Metalizados Numeros","precio":2872.81,"destacado":false,"descripcion":"","imagen":"assets/products/CA-779842097317.webp","tags":["globo","dilax","metalizado","negro","x10","apto","helio","73174"]},{"id":"CA-779842097318","nombre":"GLOBO DILAX METALIZADO 16\" NEGRO Nº 4 x10 (NO APTO HELIO) 73181","categoria":"Cotillon","subcategoria":"Globos Metalizados Numeros","precio":2872.81,"destacado":false,"descripcion":"","imagen":"assets/products/CA-779842097318.webp","tags":["globo","dilax","metalizado","negro","x10","apto","helio","73181"]},{"id":"CA-779842097319","nombre":"GLOBO DILAX METALIZADO 16\" NEGRO Nº 5 x10 (NO APTO HELIO) 73198","categoria":"Cotillon","subcategoria":"Globos Metalizados Numeros","precio":2872.81,"destacado":false,"descripcion":"","imagen":"assets/products/CA-779842097319.webp","tags":["globo","dilax","metalizado","negro","x10","apto","helio","73198"]},{"id":"CA-779842097320","nombre":"GLOBO DILAX METALIZADO 16\" NEGRO Nº 6 x10 (NO APTO HELIO) 73204","categoria":"Cotillon","subcategoria":"Globos Metalizados Numeros","precio":2872.81,"destacado":false,"descripcion":"","imagen":"assets/products/CA-779842097320.webp","tags":["globo","dilax","metalizado","negro","x10","apto","helio","73204"]},{"id":"CA-779842097321","nombre":"GLOBO DILAX METALIZADO 16\" NEGRO Nº 7 x10 (NO APTO HELIO) 73211","categoria":"Cotillon","subcategoria":"Globos Metalizados Numeros","precio":2872.81,"destacado":false,"descripcion":"","imagen":"assets/products/CA-779842097321.webp","tags":["globo","dilax","metalizado","negro","x10","apto","helio","73211"]},{"id":"CA-779842097322","nombre":"GLOBO DILAX METALIZADO 16\" NEGRO Nº 8 x10 (NO APTO HELIO) 73228","categoria":"Cotillon","subcategoria":"Globos Metalizados Numeros","precio":2872.81,"destacado":false,"descripcion":"","imagen":"assets/products/CA-779842097322.webp","tags":["globo","dilax","metalizado","negro","x10","apto","helio","73228"]},{"id":"CA-779842097323","nombre":"GLOBO DILAX METALIZADO 16\" NEGRO Nº 9 x10 (NO APTO HELIO) 73235","categoria":"Cotillon","subcategoria":"Globos Metalizados Numeros","precio":2872.81,"destacado":false,"descripcion":"","imagen":"assets/products/CA-779842097323.webp","tags":["globo","dilax","metalizado","negro","x10","apto","helio","73235"]},{"id":"CA-779819415103","nombre":"GLOBO DILAX METALIZADO 16\" PLATEADO Nº 0 x10 (NO APTO HELIO) 51037","categoria":"Cotillon","subcategoria":"Globos Metalizados Numeros","precio":2872.81,"destacado":false,"descripcion":"","imagen":"assets/products/CA-779819415103.webp","tags":["globo","dilax","metalizado","plateado","x10","apto","helio","51037"]},{"id":"CA-779819415108","nombre":"GLOBO DILAX METALIZADO 16\" PLATEADO Nº 1 x10 (NO APTO HELIO) 51082","categoria":"Cotillon","subcategoria":"Globos Metalizados Numeros","precio":2872.81,"destacado":false,"descripcion":"","imagen":"assets/products/CA-779819415108.webp","tags":["globo","dilax","metalizado","plateado","x10","apto","helio","51082"]},{"id":"CA-779819415109","nombre":"GLOBO DILAX METALIZADO 16\" PLATEADO Nº 2 x10 (NO APTO HELIO) 51099","categoria":"Cotillon","subcategoria":"Globos Metalizados Numeros","precio":2872.81,"destacado":false,"descripcion":"","imagen":"assets/products/CA-779819415109.webp","tags":["globo","dilax","metalizado","plateado","x10","apto","helio","51099"]},{"id":"CA-779819415131","nombre":"GLOBO DILAX METALIZADO 16\" PLATEADO Nº 3 x10 (NO APTO HELIO) 51310","categoria":"Cotillon","subcategoria":"Globos Metalizados Numeros","precio":2872.81,"destacado":false,"descripcion":"","imagen":"assets/products/CA-779819415131.webp","tags":["globo","dilax","metalizado","plateado","x10","apto","helio","51310"]},{"id":"CA-779819415132","nombre":"GLOBO DILAX METALIZADO 16\" PLATEADO Nº 4 x10 (NO APTO HELIO) 51327","categoria":"Cotillon","subcategoria":"Globos Metalizados Numeros","precio":2872.81,"destacado":false,"descripcion":"","imagen":"assets/products/CA-779819415132.webp","tags":["globo","dilax","metalizado","plateado","x10","apto","helio","51327"]},{"id":"CA-779819415133","nombre":"GLOBO DILAX METALIZADO 16\" PLATEADO Nº 5 x10 (NO APTO HELIO) 51334","categoria":"Cotillon","subcategoria":"Globos Metalizados Numeros","precio":2872.81,"destacado":false,"descripcion":"","imagen":"assets/products/CA-779819415133.webp","tags":["globo","dilax","metalizado","plateado","x10","apto","helio","51334"]},{"id":"CA-779819415134","nombre":"GLOBO DILAX METALIZADO 16\" PLATEADO Nº 6 x10 (NO APTO HELIO) 51341","categoria":"Cotillon","subcategoria":"Globos Metalizados Numeros","precio":2872.81,"destacado":false,"descripcion":"","imagen":"assets/products/CA-779819415134.webp","tags":["globo","dilax","metalizado","plateado","x10","apto","helio","51341"]},{"id":"CA-779819415175","nombre":"GLOBO DILAX METALIZADO 16\" PLATEADO Nº 7 x10 (NO APTO HELIO) 51754","categoria":"Cotillon","subcategoria":"Globos Metalizados Numeros","precio":2872.81,"destacado":false,"descripcion":"","imagen":"assets/products/CA-779819415175.webp","tags":["globo","dilax","metalizado","plateado","x10","apto","helio","51754"]},{"id":"CA-779819415176","nombre":"GLOBO DILAX METALIZADO 16\" PLATEADO Nº 8 x10 (NO APTO HELIO) 51761","categoria":"Cotillon","subcategoria":"Globos Metalizados Numeros","precio":2872.81,"destacado":false,"descripcion":"","imagen":"assets/products/CA-779819415176.webp","tags":["globo","dilax","metalizado","plateado","x10","apto","helio","51761"]},{"id":"CA-779819415177","nombre":"GLOBO DILAX METALIZADO 16\" PLATEADO Nº 9 x10 (NO APTO HELIO) 51778","categoria":"Cotillon","subcategoria":"Globos Metalizados Numeros","precio":2872.81,"destacado":false,"descripcion":"","imagen":"assets/products/CA-779819415177.webp","tags":["globo","dilax","metalizado","plateado","x10","apto","helio","51778"]},{"id":"CA-779819415368","nombre":"GLOBO DILAX METALIZADO 16\" ROSA GOLD Nº 0 x10 (NO APTO HELIO) 53680","categoria":"Cotillon","subcategoria":"Globos Metalizados Numeros","precio":2872.81,"destacado":false,"descripcion":"","imagen":"assets/products/CA-779819415368.webp","tags":["globo","dilax","metalizado","rosa","gold","x10","apto","helio","53680"]},{"id":"CA-779819415369","nombre":"GLOBO DILAX METALIZADO 16\" ROSA GOLD Nº 1 x10 (NO APTO HELIO) 53697","categoria":"Cotillon","subcategoria":"Globos Metalizados Numeros","precio":2872.81,"destacado":false,"descripcion":"","imagen":"assets/products/CA-779819415369.webp","tags":["globo","dilax","metalizado","rosa","gold","x10","apto","helio","53697"]},{"id":"CA-779819415370","nombre":"GLOBO DILAX METALIZADO 16\" ROSA GOLD Nº 2 x10 (NO APTO HELIO) 53703","categoria":"Cotillon","subcategoria":"Globos Metalizados Numeros","precio":2872.81,"destacado":false,"descripcion":"","imagen":"assets/products/CA-779819415370.webp","tags":["globo","dilax","metalizado","rosa","gold","x10","apto","helio","53703"]},{"id":"CA-779819415392","nombre":"GLOBO DILAX METALIZADO 16\" ROSA GOLD Nº 3 x10 (NO APTO HELIO) 53925","categoria":"Cotillon","subcategoria":"Globos Metalizados Numeros","precio":2872.81,"destacado":false,"descripcion":"","imagen":"assets/products/CA-779819415392.webp","tags":["globo","dilax","metalizado","rosa","gold","x10","apto","helio","53925"]},{"id":"CA-779819415393","nombre":"GLOBO DILAX METALIZADO 16\" ROSA GOLD Nº 4 x10 (NO APTO HELIO) 53932","categoria":"Cotillon","subcategoria":"Globos Metalizados Numeros","precio":2872.81,"destacado":false,"descripcion":"","imagen":"assets/products/CA-779819415393.webp","tags":["globo","dilax","metalizado","rosa","gold","x10","apto","helio","53932"]},{"id":"CA-779819415394","nombre":"GLOBO DILAX METALIZADO 16\" ROSA GOLD Nº 5 x10 (NO APTO HELIO) 53949","categoria":"Cotillon","subcategoria":"Globos Metalizados Numeros","precio":2872.81,"destacado":false,"descripcion":"","imagen":"assets/products/CA-779819415394.webp","tags":["globo","dilax","metalizado","rosa","gold","x10","apto","helio","53949"]},{"id":"CA-779819415395","nombre":"GLOBO DILAX METALIZADO 16\" ROSA GOLD Nº 6 x10 (NO APTO HELIO) 53956","categoria":"Cotillon","subcategoria":"Globos Metalizados Numeros","precio":2872.81,"destacado":false,"descripcion":"","imagen":"assets/products/CA-779819415395.webp","tags":["globo","dilax","metalizado","rosa","gold","x10","apto","helio","53956"]},{"id":"CA-779819415527","nombre":"GLOBO DILAX METALIZADO 16\" ROSA GOLD Nº 7 x10 (NO APTO HELIO) 55271","categoria":"Cotillon","subcategoria":"Globos Metalizados Numeros","precio":2872.81,"destacado":false,"descripcion":"","imagen":"assets/products/CA-779819415527.webp","tags":["globo","dilax","metalizado","rosa","gold","x10","apto","helio","55271"]},{"id":"CA-779819415528","nombre":"GLOBO DILAX METALIZADO 16\" ROSA GOLD Nº 8 x10 (NO APTO HELIO) 55288","categoria":"Cotillon","subcategoria":"Globos Metalizados Numeros","precio":2872.81,"destacado":false,"descripcion":"","imagen":"assets/products/CA-779819415528.webp","tags":["globo","dilax","metalizado","rosa","gold","x10","apto","helio","55288"]},{"id":"CA-779819415529","nombre":"GLOBO DILAX METALIZADO 16\" ROSA GOLD Nº 9 x10 (NO APTO HELIO) 55295","categoria":"Cotillon","subcategoria":"Globos Metalizados Numeros","precio":2872.81,"destacado":false,"descripcion":"","imagen":"assets/products/CA-779819415529.webp","tags":["globo","dilax","metalizado","rosa","gold","x10","apto","helio","55295"]},{"id":"CA-779819415534","nombre":"GLOBO DILAX METALIZADO 32\" DORADO Nº 0 x5 (APTO HELIO) 55349","categoria":"Cotillon","subcategoria":"Globos Metalizados Numeros","precio":4562.29,"destacado":false,"descripcion":"","imagen":"assets/products/CA-779819415534.webp","tags":["globo","dilax","metalizado","dorado","apto","helio","55349"]},{"id":"CA-779819415535","nombre":"GLOBO DILAX METALIZADO 32\" DORADO Nº 1 x5 (APTO HELIO) 55356","categoria":"Cotillon","subcategoria":"Globos Metalizados Numeros","precio":4562.29,"destacado":false,"descripcion":"","imagen":"assets/products/CA-779819415535.webp","tags":["globo","dilax","metalizado","dorado","apto","helio","55356"]},{"id":"CA-779819415536","nombre":"GLOBO DILAX METALIZADO 32\" DORADO Nº 2 x5 (APTO HELIO) 55363","categoria":"Cotillon","subcategoria":"Globos Metalizados Numeros","precio":4562.29,"destacado":false,"descripcion":"","imagen":"assets/products/CA-779819415536.webp","tags":["globo","dilax","metalizado","dorado","apto","helio","55363"]},{"id":"CA-779819415537","nombre":"GLOBO DILAX METALIZADO 32\" DORADO Nº 3 x5 (APTO HELIO) 55370","categoria":"Cotillon","subcategoria":"Globos Metalizados Numeros","precio":4562.29,"destacado":false,"descripcion":"","imagen":"assets/products/CA-779819415537.webp","tags":["globo","dilax","metalizado","dorado","apto","helio","55370"]},{"id":"CA-779819415538","nombre":"GLOBO DILAX METALIZADO 32\" DORADO Nº 4 x5 (APTO HELIO) 55387","categoria":"Cotillon","subcategoria":"Globos Metalizados Numeros","precio":4562.29,"destacado":false,"descripcion":"","imagen":"assets/products/CA-779819415538.webp","tags":["globo","dilax","metalizado","dorado","apto","helio","55387"]},{"id":"CA-779819415539","nombre":"GLOBO DILAX METALIZADO 32\" DORADO Nº 5 x5 (APTO HELIO) 55394","categoria":"Cotillon","subcategoria":"Globos Metalizados Numeros","precio":4562.29,"destacado":false,"descripcion":"","imagen":"assets/products/CA-779819415539.webp","tags":["globo","dilax","metalizado","dorado","apto","helio","55394"]},{"id":"CA-779819415541","nombre":"GLOBO DILAX METALIZADO 32\" DORADO Nº 6 x5 (APTO HELIO) 55417","categoria":"Cotillon","subcategoria":"Globos Metalizados Numeros","precio":4562.29,"destacado":false,"descripcion":"","imagen":"assets/products/CA-779819415541.webp","tags":["globo","dilax","metalizado","dorado","apto","helio","55417"]}]}