{"category_slug":"cotillon","subcategory_slug":"","page":67,"page_size":48,"total":4091,"items":[{"id":"CA-200020003560","nombre":"NAIPES ESPAÑOLES x50u 3560","categoria":"Cotillon","subcategoria":"Miniaturas / Juguetitos / Regalitos","precio":553.64,"destacado":false,"descripcion":"","imagen":"assets/products/CA-200020003560.webp","tags":["naipes","españoles","x50u","3560"]},{"id":"CA-890202409021","nombre":"NARIZ DE PAYASO GOMA ESPUMA x12  MM190-21","categoria":"Cotillon","subcategoria":"Accesorios Y Sets Para Disfraces / Tutu","precio":4641.87,"destacado":false,"descripcion":"","imagen":"assets/products/CA-890202409021.webp","tags":["nariz","payaso","goma","espuma","x12","mm190"]},{"id":"CA-000000007994","nombre":"NARIZ PAYASO CON ELASTICO ROJA x36u. 7994","categoria":"Cotillon","subcategoria":"Miniaturas / Juguetitos / Regalitos","precio":2459.04,"destacado":false,"descripcion":"* (19/12/2025)","imagen":"assets/products/CA-000000007994.webp","tags":["nariz","payaso","con","elastico","roja","x36u","7994"]},{"id":"CA-779832235671","nombre":"NARIZ PAYASO LATEX CON CHIFLE  x1 AC139  PS","categoria":"Cotillon","subcategoria":"Miniaturas / Juguetitos / Regalitos","precio":1433.71,"destacado":false,"descripcion":"","imagen":"assets/products/CA-779832235671.webp","tags":["nariz","payaso","latex","con","chifle","ac139"]},{"id":"CA-779804703054","nombre":"NIEVE CARNAVAL NASHVILLE 370ml x12u.","categoria":"Cotillon","subcategoria":"Nieve/Serpentina/Pintura/Polvos/Cañones/P.Picado","precio":16500.0,"destacado":false,"descripcion":"","imagen":"assets/products/CA-779804703054.webp","tags":["nieve","carnaval","nashville","370ml","x12u"]},{"id":"CA-779003700181","nombre":"NIEVE CARNAVAL REY MOMO 380cm x12","categoria":"Cotillon","subcategoria":"Nieve/Serpentina/Pintura/Polvos/Cañones/P.Picado","precio":17502.93,"destacado":false,"descripcion":"","imagen":"assets/products/CA-779003700181.webp","tags":["nieve","carnaval","rey","momo","380cm","x12"]},{"id":"CA-779804703004","nombre":"NIEVE MAGICA (BRUMA) x12u.","categoria":"Cotillon","subcategoria":"Nieve/Serpentina/Pintura/Polvos/Cañones/P.Picado","precio":16950.0,"destacado":false,"descripcion":"","imagen":"assets/products/CA-779804703004.webp","tags":["nieve","magica","bruma","x12u"]},{"id":"CA-693632411191","nombre":"PALITAS COLOR x50 U2411-191","categoria":"Cotillon","subcategoria":"Miniaturas / Juguetitos / Regalitos","precio":2912.0,"destacado":false,"descripcion":"","imagen":"assets/products/CA-693632411191.webp","tags":["palitas","color","x50","u2411","191"]},{"id":"CA-000000002869","nombre":"PALITO PARA GLOBO CON CHUPETE BLANCO (BULTO 25x100)","categoria":"Cotillon","subcategoria":"Accesorios Para Globos","precio":73962.0,"destacado":false,"descripcion":"","imagen":"assets/products/CA-000000002869.webp","tags":["palito","para","globo","con","chupete","blanco","bulto","25x100"]},{"id":"CA-000000005207","nombre":"PALITO PARA GLOBO CON CHUPETE BLANCO x100 aprox.","categoria":"Cotillon","subcategoria":"Accesorios Para Globos","precio":3193.28,"destacado":false,"descripcion":"","imagen":"assets/products/CA-000000005207.webp","tags":["palito","para","globo","con","chupete","blanco","x100","aprox"]},{"id":"CA-000000021700","nombre":"PALITO PARA GLOBO CON CHUPETE FLUO (BULTO 25x100)","categoria":"Cotillon","subcategoria":"Accesorios Para Globos","precio":76734.0,"destacado":false,"descripcion":"","imagen":"assets/products/CA-000000021700.webp","tags":["palito","para","globo","con","chupete","fluo","bulto","25x100"]},{"id":"CA-000000008119","nombre":"PALITO PARA GLOBO CON CHUPETE FLUO STASIO x25u.","categoria":"Cotillon","subcategoria":"Accesorios Para Globos","precio":1445.11,"destacado":false,"descripcion":"","imagen":"assets/products/CA-000000008119.webp","tags":["palito","para","globo","con","chupete","fluo","stasio","x25u"]},{"id":"CA-000000009107","nombre":"PALITO PARA GLOBO CON CHUPETE FLUO x100 aprox.","categoria":"Cotillon","subcategoria":"Accesorios Para Globos","precio":3312.96,"destacado":false,"descripcion":"","imagen":"assets/products/CA-000000009107.webp","tags":["palito","para","globo","con","chupete","fluo","x100","aprox"]},{"id":"CA-000000018119","nombre":"PALITO PARA GLOBO CON CHUPETE STASIO AZUL/AMARILLOx25u.","categoria":"Cotillon","subcategoria":"Accesorios Para Globos","precio":1445.11,"destacado":false,"descripcion":"","imagen":"assets/products/CA-000000018119.webp","tags":["palito","para","globo","con","chupete","stasio","azul","amarillox25u"]},{"id":"CA-000000218119","nombre":"PALITO PARA GLOBO CON CHUPETE STASIO AZUL/ROJOx25u.","categoria":"Cotillon","subcategoria":"Accesorios Para Globos","precio":1445.11,"destacado":false,"descripcion":"","imagen":"assets/products/CA-000000218119.webp","tags":["palito","para","globo","con","chupete","stasio","azul","rojox25u"]},{"id":"CA-000000050785","nombre":"PALITO PARA GLOBO CON CHUPETE STASIO CELESTE x25u.","categoria":"Cotillon","subcategoria":"Accesorios Para Globos","precio":1445.11,"destacado":false,"descripcion":"","imagen":"assets/products/CA-000000050785.webp","tags":["palito","para","globo","con","chupete","stasio","celeste","x25u"]},{"id":"CA-000000528119","nombre":"PALITO PARA GLOBO CON CHUPETE STASIO CRISTAL x25u.","categoria":"Cotillon","subcategoria":"Accesorios Para Globos","precio":1445.11,"destacado":false,"descripcion":"","imagen":"assets/products/CA-000000528119.webp","tags":["palito","para","globo","con","chupete","stasio","cristal","x25u"]},{"id":"CA-000000050811","nombre":"PALITO PARA GLOBO CON CHUPETE STASIO DORADO x25u.","categoria":"Cotillon","subcategoria":"Accesorios Para Globos","precio":2047.15,"destacado":false,"descripcion":"","imagen":"assets/products/CA-000000050811.webp","tags":["palito","para","globo","con","chupete","stasio","dorado","x25u"]},{"id":"CA-000000408119","nombre":"PALITO PARA GLOBO CON CHUPETE STASIO MULTICOLOR PASTELx25u.","categoria":"Cotillon","subcategoria":"Accesorios Para Globos","precio":1445.11,"destacado":false,"descripcion":"","imagen":"assets/products/CA-000000408119.webp","tags":["palito","para","globo","con","chupete","stasio","multicolor","pastelx25u"]},{"id":"CA-000000518119","nombre":"PALITO PARA GLOBO CON CHUPETE STASIO PLATEADOx25u.","categoria":"Cotillon","subcategoria":"Accesorios Para Globos","precio":2047.15,"destacado":false,"descripcion":"","imagen":"assets/products/CA-000000518119.webp","tags":["palito","para","globo","con","chupete","stasio","plateadox25u"]},{"id":"CA-000000098119","nombre":"PALITO PARA GLOBO CON CHUPETE STASIO ROJO/BLANCOx25u.","categoria":"Cotillon","subcategoria":"Accesorios Para Globos","precio":1445.11,"destacado":false,"descripcion":"","imagen":"assets/products/CA-000000098119.webp","tags":["palito","para","globo","con","chupete","stasio","rojo","blancox25u"]},{"id":"CA-000000418119","nombre":"PALITO PARA GLOBO CON CHUPETE STASIO ROSA PASTELx 25u.","categoria":"Cotillon","subcategoria":"Accesorios Para Globos","precio":1445.11,"destacado":false,"descripcion":"","imagen":"assets/products/CA-000000418119.webp","tags":["palito","para","globo","con","chupete","stasio","rosa","pastelx","25u"]},{"id":"CA-000000041811","nombre":"PALITO PARA GLOBO CON CHUPETE STASIO ROSA PASTELx25u.","categoria":"Cotillon","subcategoria":"Accesorios Para Globos","precio":1445.11,"destacado":false,"descripcion":"","imagen":"assets/products/CA-000000041811.webp","tags":["palito","para","globo","con","chupete","stasio","rosa","pastelx25u"]},{"id":"CA-000000032717","nombre":"PALITO PARA GLOBO SIN CHUPETE BLANCO (BULTO x2500)","categoria":"Cotillon","subcategoria":"Accesorios Para Globos","precio":45454.5,"destacado":false,"descripcion":"","imagen":"assets/products/CA-000000032717.webp","tags":["palito","para","globo","sin","chupete","blanco","bulto","x2500"]},{"id":"CA-000000036285","nombre":"PALITO PARA GLOBOS EXTRA LARGE BLANCO (60cm) x24","categoria":"Cotillon","subcategoria":"Accesorios Para Globos","precio":3480.45,"destacado":false,"descripcion":"","imagen":"assets/products/CA-000000036285.webp","tags":["palito","para","globos","extra","large","blanco","60cm","x24"]},{"id":"CA-779819415675","nombre":"PALITO PORTA GLOBO 40cm TRANSPARENTE BURBUJA LED x10 55721/56759","categoria":"Cotillon","subcategoria":"Accesorios Para Globos","precio":2219.1,"destacado":false,"descripcion":"","imagen":"assets/products/CA-779819415675.webp","tags":["palito","porta","globo","40cm","transparente","burbuja","led","x10","55721","56759"]},{"id":"CA-000000045931","nombre":"PALITO PORTA GLOBO 60cm MULTICOLOR BURBUJA LED x24und","categoria":"Cotillon","subcategoria":"Accesorios Para Globos","precio":4616.19,"destacado":false,"descripcion":"","imagen":"assets/products/CA-000000045931.webp","tags":["palito","porta","globo","60cm","multicolor","burbuja","led","x24und"]},{"id":"CA-779819415676","nombre":"PALITO PORTA GLOBO 70cm TRANSPARENTE BURBUJA LED x10 55738/56766","categoria":"Cotillon","subcategoria":"Accesorios Para Globos","precio":2700.1,"destacado":false,"descripcion":"","imagen":"assets/products/CA-779819415676.webp","tags":["palito","porta","globo","70cm","transparente","burbuja","led","x10","55738","56766"]},{"id":"CA-000000018110","nombre":"PALITO PORTA GLOBO BLANCO 40 cm. PARA BURBUJA x10u. 8110-B STASIO","categoria":"Cotillon","subcategoria":"Accesorios Para Globos","precio":3587.21,"destacado":false,"descripcion":"","imagen":"assets/products/CA-000000018110.webp","tags":["palito","porta","globo","blanco","para","burbuja","x10u","8110","stasio"]},{"id":"CA-000000001811","nombre":"PALITO PORTA GLOBO BLANCO 70 cm. PARA BURBUJA  x10u. 8111-B STASIO","categoria":"Cotillon","subcategoria":"Accesorios Para Globos","precio":5643.07,"destacado":false,"descripcion":"","imagen":"assets/products/CA-000000001811.webp","tags":["palito","porta","globo","blanco","para","burbuja","x10u","8111","stasio"]},{"id":"CA-000000008110","nombre":"PALITO PORTA GLOBO LED CRISTAL 40 cm. PARA BURBUJA x10u. STASIO","categoria":"Cotillon","subcategoria":"Accesorios Para Globos","precio":3587.21,"destacado":false,"descripcion":"","imagen":"assets/products/CA-000000008110.webp","tags":["palito","porta","globo","led","cristal","para","burbuja","x10u","stasio"]},{"id":"CA-000000008111","nombre":"PALITO PORTA GLOBO LED CRISTAL 70 cm. PARA BURBUJA  x10u. STASIO","categoria":"Cotillon","subcategoria":"Accesorios Para Globos","precio":5643.07,"destacado":false,"descripcion":"","imagen":"assets/products/CA-000000008111.webp","tags":["palito","porta","globo","led","cristal","para","burbuja","x10u","stasio"]},{"id":"CA-000000007109","nombre":"PALITOS DE AMASAR STASIO x3u 7109","categoria":"Cotillon","subcategoria":"Miniaturas / Juguetitos / Regalitos","precio":1471.96,"destacado":false,"descripcion":"","imagen":"assets/products/CA-000000007109.webp","tags":["palitos","amasar","stasio","x3u","7109"]},{"id":"CA-000000047173","nombre":"PALLET MADERA","categoria":"Cotillon","subcategoria":"Linea Varios Economico","precio":4000.0,"destacado":false,"descripcion":"","imagen":"assets/products/CA-000000047173.webp","tags":["pallet","madera"]},{"id":"CA-000000058327","nombre":"PANEL DE GLOBO CUADRADO BOLA DISCO PLATA 47cm x50 GY-50-23","categoria":"Cotillon","subcategoria":"Globos Metalizados Formas","precio":15112.5,"destacado":false,"descripcion":"","imagen":"assets/products/CA-000000058327.webp","tags":["panel","globo","cuadrado","bola","disco","plata","47cm","x50"]},{"id":"CA-202507211344","nombre":"PANEL DE GLOBO CUADRADO PLATEADO/DORADO 47cm x50 GY-50-21/22","categoria":"Cotillon","subcategoria":"Globos Metalizados Formas","precio":15112.5,"destacado":false,"descripcion":"","imagen":"assets/products/CA-202507211344.webp","tags":["panel","globo","cuadrado","plateado","dorado","47cm","x50"]},{"id":"CA-000000054198","nombre":"PANEL ENCASTRABLE SHIMMER WALL CORAZON IRIDISCENTE CELESTE 30x30 cm x1 U24-663","categoria":"Cotillon","subcategoria":"Complementos Para Fiestas","precio":3185.0,"destacado":false,"descripcion":"","imagen":"assets/products/CA-000000054198.webp","tags":["panel","encastrable","shimmer","wall","corazon","iridiscente","celeste","30x30","u24","663"]},{"id":"CA-000000054200","nombre":"PANEL ENCASTRABLE SHIMMER WALL CORAZON IRIDISCENTE ROSA 30x30 cm x1 U24-663","categoria":"Cotillon","subcategoria":"Complementos Para Fiestas","precio":3185.0,"destacado":false,"descripcion":"","imagen":"assets/products/CA-000000054200.webp","tags":["panel","encastrable","shimmer","wall","corazon","iridiscente","rosa","30x30","u24","663"]},{"id":"CA-000000054203","nombre":"PANEL ENCASTRABLE SHIMMER WALL CORAZON IRIDISCENTE TORNASOL 30x30 cm x1 U24-663","categoria":"Cotillon","subcategoria":"Complementos Para Fiestas","precio":3185.0,"destacado":false,"descripcion":"","imagen":"assets/products/CA-000000054203.webp","tags":["panel","encastrable","shimmer","wall","corazon","iridiscente","tornasol","30x30","u24","663"]},{"id":"CA-000000054197","nombre":"PANEL ENCASTRABLE SHIMMER WALL CORAZON METALIZADO DORADO 30x30 cm x1 U24-662","categoria":"Cotillon","subcategoria":"Complementos Para Fiestas","precio":3003.0,"destacado":false,"descripcion":"","imagen":"assets/products/CA-000000054197.webp","tags":["panel","encastrable","shimmer","wall","corazon","metalizado","dorado","30x30","u24","662"]},{"id":"CA-000000054196","nombre":"PANEL ENCASTRABLE SHIMMER WALL CORAZON METALIZADO PLATEADO 30x30 cm x1 U24-662","categoria":"Cotillon","subcategoria":"Complementos Para Fiestas","precio":3003.0,"destacado":false,"descripcion":"","imagen":"assets/products/CA-000000054196.webp","tags":["panel","encastrable","shimmer","wall","corazon","metalizado","plateado","30x30","u24","662"]},{"id":"CA-803410700567","nombre":"PANEL ENCASTRABLE SHIMMER WALL HOLOGRAFICO 30x30 cm x1 YJ0694","categoria":"Cotillon","subcategoria":"Complementos Para Fiestas","precio":2015.0,"destacado":false,"descripcion":"* (19/12/2025)","imagen":"assets/products/CA-803410700567.webp","tags":["panel","encastrable","shimmer","wall","holografico","30x30","yj0694"]},{"id":"CA-975845211004","nombre":"PANEL ENCASTRABLE SHIMMER WALL IRIDISCENTE PLATEADO 30x30 cm x1 U2411-53","categoria":"Cotillon","subcategoria":"Complementos Para Fiestas","precio":3822.0,"destacado":false,"descripcion":"","imagen":"assets/products/CA-975845211004.webp","tags":["panel","encastrable","shimmer","wall","iridiscente","plateado","30x30","u2411"]},{"id":"CA-975845211005","nombre":"PANEL ENCASTRABLE SHIMMER WALL IRIDISCENTE ROSA 30x30 cm x1 U2411-53","categoria":"Cotillon","subcategoria":"Complementos Para Fiestas","precio":3822.0,"destacado":false,"descripcion":"","imagen":"assets/products/CA-975845211005.webp","tags":["panel","encastrable","shimmer","wall","iridiscente","rosa","30x30","u2411"]},{"id":"CA-975845211015","nombre":"PANEL ENCASTRABLE SHIMMER WALL ROMBO PLATEADO 30x30 x1 U2411-1029","categoria":"Cotillon","subcategoria":"Complementos Para Fiestas","precio":2821.0,"destacado":false,"descripcion":"","imagen":"assets/products/CA-975845211015.webp","tags":["panel","encastrable","shimmer","wall","rombo","plateado","30x30","u2411","1029"]},{"id":"CA-803410700566","nombre":"PANEL ENCASTRABLE SHIMMER WALL TORNASOL/METAL 30x30 cm x1 YJ0693/JK306","categoria":"Cotillon","subcategoria":"Complementos Para Fiestas","precio":2015.0,"destacado":false,"descripcion":"* (19/12/2025)","imagen":"assets/products/CA-803410700566.webp","tags":["panel","encastrable","shimmer","wall","tornasol","metal","30x30","yj0693","jk306"]},{"id":"CA-000000014821","nombre":"PAPEL PICADO 50 grs PACK x10","categoria":"Cotillon","subcategoria":"Nieve/Serpentina/Pintura/Polvos/Cañones/P.Picado","precio":2397.0,"destacado":false,"descripcion":"","imagen":"assets/products/CA-000000014821.webp","tags":["papel","picado","grs","pack","x10"]},{"id":"CA-000000014820","nombre":"PAPEL PICADO 50grs (BULTO 5x10)","categoria":"Cotillon","subcategoria":"Nieve/Serpentina/Pintura/Polvos/Cañones/P.Picado","precio":12825.0,"destacado":false,"descripcion":"","imagen":"assets/products/CA-000000014820.webp","tags":["papel","picado","50grs","bulto","5x10"]}]}