{"category_slug":"cotillon","subcategory_slug":"","page":50,"page_size":48,"total":4091,"items":[{"id":"CA-691265570349","nombre":"GLOBO JB METALIZADO 30\" PLATEADO Nº 9 x5 FB7034","categoria":"Cotillon","subcategoria":"Globos Metalizados Numeros","precio":3150.0,"destacado":false,"descripcion":"* (19/12/2025)","imagen":"assets/products/CA-691265570349.webp","tags":["globo","metalizado","plateado","fb7034"]},{"id":"CA-691265703420","nombre":"GLOBO JB METALIZADO 30\" ROSA GOLD Nº 0 x5 FB7034-4","categoria":"Cotillon","subcategoria":"Globos Metalizados Numeros","precio":3150.0,"destacado":false,"descripcion":"* (19/12/2025)","imagen":"assets/products/CA-691265703420.webp","tags":["globo","metalizado","rosa","gold","fb7034"]},{"id":"CA-691265703421","nombre":"GLOBO JB METALIZADO 30\" ROSA GOLD Nº 1 x5 FB7034-4","categoria":"Cotillon","subcategoria":"Globos Metalizados Numeros","precio":3150.0,"destacado":false,"descripcion":"* (19/12/2025)","imagen":"assets/products/CA-691265703421.webp","tags":["globo","metalizado","rosa","gold","fb7034"]},{"id":"CA-691265703422","nombre":"GLOBO JB METALIZADO 30\" ROSA GOLD Nº 2 x5 FB7034-4","categoria":"Cotillon","subcategoria":"Globos Metalizados Numeros","precio":3150.0,"destacado":false,"descripcion":"* (19/12/2025)","imagen":"assets/products/CA-691265703422.webp","tags":["globo","metalizado","rosa","gold","fb7034"]},{"id":"CA-691265703423","nombre":"GLOBO JB METALIZADO 30\" ROSA GOLD Nº 3 x5 FB7034-4","categoria":"Cotillon","subcategoria":"Globos Metalizados Numeros","precio":3150.0,"destacado":false,"descripcion":"* (19/12/2025)","imagen":"assets/products/CA-691265703423.webp","tags":["globo","metalizado","rosa","gold","fb7034"]},{"id":"CA-691265703424","nombre":"GLOBO JB METALIZADO 30\" ROSA GOLD Nº 4 x5 FB7034-4","categoria":"Cotillon","subcategoria":"Globos Metalizados Numeros","precio":3150.0,"destacado":false,"descripcion":"* (19/12/2025)","imagen":"assets/products/CA-691265703424.webp","tags":["globo","metalizado","rosa","gold","fb7034"]},{"id":"CA-691265703425","nombre":"GLOBO JB METALIZADO 30\" ROSA GOLD Nº 5 x5 FB7034-4","categoria":"Cotillon","subcategoria":"Globos Metalizados Numeros","precio":3150.0,"destacado":false,"descripcion":"* (19/12/2025)","imagen":"assets/products/CA-691265703425.webp","tags":["globo","metalizado","rosa","gold","fb7034"]},{"id":"CA-691265703426","nombre":"GLOBO JB METALIZADO 30\" ROSA GOLD Nº 6 x5 FB7034-4","categoria":"Cotillon","subcategoria":"Globos Metalizados Numeros","precio":3150.0,"destacado":false,"descripcion":"* (19/12/2025)","imagen":"assets/products/CA-691265703426.webp","tags":["globo","metalizado","rosa","gold","fb7034"]},{"id":"CA-691265703427","nombre":"GLOBO JB METALIZADO 30\" ROSA GOLD Nº 7 x5 FB7034-4","categoria":"Cotillon","subcategoria":"Globos Metalizados Numeros","precio":3150.0,"destacado":false,"descripcion":"* (19/12/2025)","imagen":"assets/products/CA-691265703427.webp","tags":["globo","metalizado","rosa","gold","fb7034"]},{"id":"CA-691265703428","nombre":"GLOBO JB METALIZADO 30\" ROSA GOLD Nº 8 x5 FB7034-4","categoria":"Cotillon","subcategoria":"Globos Metalizados Numeros","precio":3150.0,"destacado":false,"descripcion":"* (19/12/2025)","imagen":"assets/products/CA-691265703428.webp","tags":["globo","metalizado","rosa","gold","fb7034"]},{"id":"CA-691265703429","nombre":"GLOBO JB METALIZADO 30\" ROSA GOLD Nº 9 x5 FB7034-4","categoria":"Cotillon","subcategoria":"Globos Metalizados Numeros","precio":3150.0,"destacado":false,"descripcion":"* (19/12/2025)","imagen":"assets/products/CA-691265703429.webp","tags":["globo","metalizado","rosa","gold","fb7034"]},{"id":"CA-691265557356","nombre":"GLOBO JB METALIZADO GUIRNALDA TRANSITO x5 FB7359","categoria":"Cotillon","subcategoria":"Globos Metalizados Numeros","precio":3626.0,"destacado":false,"descripcion":"","imagen":"assets/products/CA-691265557356.webp","tags":["globo","metalizado","guirnalda","transito","fb7359"]},{"id":"CA-690241251022","nombre":"GLOBO LATEX IMPRESO PERSONAJES VARIOS x10 GY-510-22","categoria":"Cotillon","subcategoria":"Globos Impresos/Globologia/Formas","precio":1298.71,"destacado":false,"descripcion":"","imagen":"assets/products/CA-690241251022.webp","tags":["globo","latex","impreso","personajes","varios","x10","510"]},{"id":"CA-779842097303","nombre":"GLOBO MARCO SELFIE DORADO 34\" 86cm OVNI  x1 73037","categoria":"Cotillon","subcategoria":"Globos Metalizados Formas","precio":1409.58,"destacado":false,"descripcion":"","imagen":"assets/products/CA-779842097303.webp","tags":["globo","marco","selfie","dorado","86cm","ovni","73037"]},{"id":"CA-779842097324","nombre":"GLOBO MARCO SELFIE NEGRO 34\" 86cm OVNI  x1 73242","categoria":"Cotillon","subcategoria":"Globos Metalizados Formas","precio":1409.58,"destacado":false,"descripcion":"","imagen":"assets/products/CA-779842097324.webp","tags":["globo","marco","selfie","negro","86cm","ovni","73242"]},{"id":"CA-779819415909","nombre":"GLOBO MARCO SELFIE PLATA 34\" 86cm OVNI  x1 59095","categoria":"Cotillon","subcategoria":"Globos Metalizados Formas","precio":1409.58,"destacado":false,"descripcion":"","imagen":"assets/products/CA-779819415909.webp","tags":["globo","marco","selfie","plata","86cm","ovni","59095"]},{"id":"CA-779819415906","nombre":"GLOBO MARCO SELFIE RAINBOW 34\" 86cm OVNI x1 59491/59064","categoria":"Cotillon","subcategoria":"Globos Metalizados Formas","precio":1409.58,"destacado":false,"descripcion":"","imagen":"assets/products/CA-779819415906.webp","tags":["globo","marco","selfie","rainbow","86cm","ovni","59491","59064"]},{"id":"CA-779819415509","nombre":"GLOBO MARCO SELFIE ROSA GOLD 34\" 86cm x1 55097","categoria":"Cotillon","subcategoria":"Globos Metalizados Formas","precio":1409.58,"destacado":false,"descripcion":"","imagen":"assets/products/CA-779819415509.webp","tags":["globo","marco","selfie","rosa","gold","86cm","55097"]},{"id":"CA-202599000853","nombre":"GLOBO MAYLAR MOÑO ROJO/NEGRO METALIZADO x12 FP0853","categoria":"Cotillon","subcategoria":"Globos Metalizados Formas","precio":14098.99,"destacado":false,"descripcion":"","imagen":"assets/products/CA-202599000853.webp","tags":["globo","maylar","moño","rojo","negro","metalizado","x12","fp0853"]},{"id":"CA-202560000829","nombre":"GLOBO MAYLAR REDONDO DORADO 60\" x1 FP0829-01","categoria":"Cotillon","subcategoria":"Globos Kits","precio":5027.4,"destacado":false,"descripcion":"","imagen":"assets/products/CA-202560000829.webp","tags":["globo","maylar","redondo","dorado","fp0829"]},{"id":"CA-202562000829","nombre":"GLOBO MAYLAR REDONDO PLATEADO 60\" x1 FP0829-02","categoria":"Cotillon","subcategoria":"Globos Kits","precio":5027.4,"destacado":false,"descripcion":"","imagen":"assets/products/CA-202562000829.webp","tags":["globo","maylar","redondo","plateado","fp0829"]},{"id":"CA-202562000826","nombre":"GLOBO MAYLAR TORTA CELESTE HAPPY BIRTHDAY 58\" x1 FP0826-02C","categoria":"Cotillon","subcategoria":"Globos Kits","precio":4105.71,"destacado":false,"descripcion":"","imagen":"assets/products/CA-202562000826.webp","tags":["globo","maylar","torta","celeste","happy","birthday","fp0826","02c"]},{"id":"CA-202560000826","nombre":"GLOBO MAYLAR TORTA ROSA HAPPY BIRTHDAY 58\" x1 FP0826-02R","categoria":"Cotillon","subcategoria":"Globos Kits","precio":4105.71,"destacado":false,"descripcion":"","imagen":"assets/products/CA-202560000826.webp","tags":["globo","maylar","torta","rosa","happy","birthday","fp0826","02r"]},{"id":"CA-691265527265","nombre":"GLOBO METAL ESPACIO 36cm JB x10 FB7265 (NO APTO PARA HELIO)","categoria":"Cotillon","subcategoria":"Globos Metalizados Formas","precio":2419.2,"destacado":false,"descripcion":"","imagen":"assets/products/CA-691265527265.webp","tags":["globo","metal","espacio","36cm","x10","fb7265","apto","para","helio"]},{"id":"CA-000000055781","nombre":"GLOBO METAL TREBOL 4 HOJAS 18\" VARIOS COLORES x10","categoria":"Cotillon","subcategoria":"Globos Metalizados Formas","precio":5486.25,"destacado":false,"descripcion":"","imagen":"assets/products/CA-000000055781.webp","tags":["globo","metal","trebol","hojas","varios","colores","x10"]},{"id":"CA-691265577279","nombre":"GLOBO METALIZADO ANIMALES GRANDES SURTIDOS 46cm x7 JB FB7279","categoria":"Cotillon","subcategoria":"Globos Metalizados Formas","precio":2963.52,"destacado":false,"descripcion":"","imagen":"assets/products/CA-691265577279.webp","tags":["globo","metalizado","animales","grandes","surtidos","46cm","fb7279"]},{"id":"CA-691265517136","nombre":"GLOBO METALIZADO ANIMALITOS DEL MAR 36cm x10 JB FB7142-1(NO APTO PARA HELIO)","categoria":"Cotillon","subcategoria":"Globos Metalizados Formas","precio":2419.2,"destacado":false,"descripcion":"","imagen":"assets/products/CA-691265517136.webp","tags":["globo","metalizado","animalitos","del","mar","36cm","x10","fb7142","apto","para","helio"]},{"id":"CA-691265517090","nombre":"GLOBO METALIZADO ANIMALITOS SURTIDOS  36cm x10 JB FB7090 (NO APTO PARA HELIO)","categoria":"Cotillon","subcategoria":"Globos Metalizados Formas","precio":2427.6,"destacado":false,"descripcion":"","imagen":"assets/products/CA-691265517090.webp","tags":["globo","metalizado","animalitos","surtidos","36cm","x10","fb7090","apto","para","helio"]},{"id":"CA-691265517182","nombre":"GLOBO METALIZADO ANIMALITOS SURTIDOS 36cm x10 JB FB7182","categoria":"Cotillon","subcategoria":"Globos Metalizados Formas","precio":2407.86,"destacado":false,"descripcion":"","imagen":"assets/products/CA-691265517182.webp","tags":["globo","metalizado","animalitos","surtidos","36cm","x10","fb7182"]},{"id":"CA-691265517186","nombre":"GLOBO METALIZADO ARCO IRIS 80cm x5 JB FB7186","categoria":"Cotillon","subcategoria":"Globos Metalizados Formas","precio":3189.54,"destacado":false,"descripcion":"","imagen":"assets/products/CA-691265517186.webp","tags":["globo","metalizado","arco","iris","80cm","fb7186"]},{"id":"CA-000000055774","nombre":"GLOBO METALIZADO BASTON CARAMELO 30\" x1","categoria":"Cotillon","subcategoria":"Globos Metalizados Formas","precio":1013.14,"destacado":false,"descripcion":"","imagen":"assets/products/CA-000000055774.webp","tags":["globo","metalizado","baston","caramelo"]},{"id":"CA-690003337061","nombre":"GLOBO METALIZADO BOTELLA  CHAMPAGNE 36cm x10 JB FB7061(NO APTO PARA HELIO)","categoria":"Cotillon","subcategoria":"Globos Metalizados Formas","precio":2402.4,"destacado":false,"descripcion":"","imagen":"assets/products/CA-690003337061.webp","tags":["globo","metalizado","botella","champagne","36cm","x10","fb7061","apto","para","helio"]},{"id":"CA-691265527376","nombre":"GLOBO METALIZADO CAMISETA ARGENTINA 36cm x10 FB7376","categoria":"Cotillon","subcategoria":"Globos Metalizados Formas","precio":2354.94,"destacado":false,"descripcion":"","imagen":"assets/products/CA-691265527376.webp","tags":["globo","metalizado","camiseta","argentina","36cm","x10","fb7376"]},{"id":"CA-000000055450","nombre":"GLOBO METALIZADO CARAMELO 25\" x1","categoria":"Cotillon","subcategoria":"Globos Metalizados Formas","precio":1013.14,"destacado":false,"descripcion":"","imagen":"assets/products/CA-000000055450.webp","tags":["globo","metalizado","caramelo"]},{"id":"CA-691265527220","nombre":"GLOBO METALIZADO CHOPP DE CERVEZA 36cm x10 JB FB7220 (NO APTO PARA HELIO)","categoria":"Cotillon","subcategoria":"Globos Metalizados Formas","precio":2419.2,"destacado":false,"descripcion":"","imagen":"assets/products/CA-691265527220.webp","tags":["globo","metalizado","chopp","cerveza","36cm","x10","fb7220","apto","para","helio"]},{"id":"CA-691265027223","nombre":"GLOBO METALIZADO CORONA DORADA 30cm x10 JB FB7223","categoria":"Cotillon","subcategoria":"Globos Metalizados Formas","precio":2461.2,"destacado":false,"descripcion":"","imagen":"assets/products/CA-691265027223.webp","tags":["globo","metalizado","corona","dorada","30cm","x10","fb7223"]},{"id":"CA-691265572231","nombre":"GLOBO METALIZADO CORONA PLATEADA 30cm x10 JB FB7223","categoria":"Cotillon","subcategoria":"Globos Metalizados Formas","precio":2461.2,"destacado":false,"descripcion":"","imagen":"assets/products/CA-691265572231.webp","tags":["globo","metalizado","corona","plateada","30cm","x10","fb7223"]},{"id":"CA-691265572232","nombre":"GLOBO METALIZADO CORONA ROSA GOLD 30cm x10 JB FB7223","categoria":"Cotillon","subcategoria":"Globos Metalizados Formas","precio":2461.2,"destacado":false,"descripcion":"","imagen":"assets/products/CA-691265572232.webp","tags":["globo","metalizado","corona","rosa","gold","30cm","x10","fb7223"]},{"id":"CA-691265517168","nombre":"GLOBO METALIZADO DINOSAURIOS 36cm x10 JB FB7168 (NO APTO PARA HELIO)","categoria":"Cotillon","subcategoria":"Globos Metalizados Formas","precio":2461.2,"destacado":false,"descripcion":"","imagen":"assets/products/CA-691265517168.webp","tags":["globo","metalizado","dinosaurios","36cm","x10","fb7168","apto","para","helio"]},{"id":"CA-691265517173","nombre":"GLOBO METALIZADO DINOSAURIOS GIGANTE 90cm x3 JB FB7172","categoria":"Cotillon","subcategoria":"Globos Metalizados Formas","precio":3238.05,"destacado":false,"descripcion":"","imagen":"assets/products/CA-691265517173.webp","tags":["globo","metalizado","dinosaurios","gigante","90cm","fb7172"]},{"id":"CA-000000055764","nombre":"GLOBO METALIZADO DONA 29\" x1","categoria":"Cotillon","subcategoria":"Globos Metalizados Formas","precio":1013.14,"destacado":false,"descripcion":"","imagen":"assets/products/CA-000000055764.webp","tags":["globo","metalizado","dona"]},{"id":"CA-691265570755","nombre":"GLOBO METALIZADO ESTRELLA AZUL 46cm x10 JB FB7075","categoria":"Cotillon","subcategoria":"Globos Metalizados Formas","precio":2520.0,"destacado":false,"descripcion":"* (19/12/2025)","imagen":"assets/products/CA-691265570755.webp","tags":["globo","metalizado","estrella","azul","46cm","x10","fb7075"]},{"id":"CA-691265570758","nombre":"GLOBO METALIZADO ESTRELLA BLANCA 46cm x10 JB FB7075","categoria":"Cotillon","subcategoria":"Globos Metalizados Formas","precio":2520.0,"destacado":false,"descripcion":"* (19/12/2025)","imagen":"assets/products/CA-691265570758.webp","tags":["globo","metalizado","estrella","blanca","46cm","x10","fb7075"]},{"id":"CA-691265570751","nombre":"GLOBO METALIZADO ESTRELLA DORADA 46cm x10 JB FB7075","categoria":"Cotillon","subcategoria":"Globos Metalizados Formas","precio":2632.0,"destacado":false,"descripcion":"* (19/12/2025)","imagen":"assets/products/CA-691265570751.webp","tags":["globo","metalizado","estrella","dorada","46cm","x10","fb7075"]},{"id":"CA-691265597219","nombre":"GLOBO METALIZADO ESTRELLA FELIZ DIA 25cm x12 JB FB7219 (NO APTO HELIO)","categoria":"Cotillon","subcategoria":"Globos Metalizados Formas","precio":2520.0,"destacado":false,"descripcion":"* (19/12/2025)","imagen":"assets/products/CA-691265597219.webp","tags":["globo","metalizado","estrella","feliz","dia","25cm","x12","fb7219","apto","helio"]},{"id":"CA-691265517175","nombre":"GLOBO METALIZADO ESTRELLA MULTICOLOR 10\" 25cm x10 JB FB7175 (NO APTO HELIO)","categoria":"Cotillon","subcategoria":"Globos Metalizados Formas","precio":1260.0,"destacado":false,"descripcion":"* (19/12/2025)","imagen":"assets/products/CA-691265517175.webp","tags":["globo","metalizado","estrella","multicolor","25cm","x10","fb7175","apto","helio"]},{"id":"CA-691265517192","nombre":"GLOBO METALIZADO ESTRELLA MULTICOLOR PASTEL 46cm x10 JB FB7192","categoria":"Cotillon","subcategoria":"Globos Metalizados Formas","precio":2881.2,"destacado":false,"descripcion":"","imagen":"assets/products/CA-691265517192.webp","tags":["globo","metalizado","estrella","multicolor","pastel","46cm","x10","fb7192"]},{"id":"CA-691265570752","nombre":"GLOBO METALIZADO ESTRELLA PLATEADA 46cm x10 JB FB7075","categoria":"Cotillon","subcategoria":"Globos Metalizados Formas","precio":2520.0,"destacado":false,"descripcion":"* (19/12/2025)","imagen":"assets/products/CA-691265570752.webp","tags":["globo","metalizado","estrella","plateada","46cm","x10","fb7075"]}]}