{"category_slug":"cotillon","subcategory_slug":"","page":31,"page_size":48,"total":4091,"items":[{"id":"CA-779814781517","nombre":"DISFRAZ ADULTO/ADOLESCENTE MARINERA SEXI x1 CANDELA T2","categoria":"Cotillon","subcategoria":"Disfraces Adultos","precio":15149.53,"destacado":false,"descripcion":"","imagen":"assets/products/CA-779814781517.webp","tags":["disfraz","adulto","adolescente","marinera","sexi","candela"]},{"id":"CA-779814781068","nombre":"DISFRAZ ADULTO/ADOLESCENTE MUJER ARAÑA CON CUELLO CANDELA T1","categoria":"Cotillon","subcategoria":"Disfraces Adultos","precio":19314.45,"destacado":false,"descripcion":"","imagen":"assets/products/CA-779814781068.webp","tags":["disfraz","adulto","adolescente","mujer","araña","con","cuello","candela"]},{"id":"CA-779814781415","nombre":"DISFRAZ ADULTO/ADOLESCENTE MUJER ARAÑA CON CUELLO CANDELA T2","categoria":"Cotillon","subcategoria":"Disfraces Adultos","precio":19314.45,"destacado":false,"descripcion":"","imagen":"assets/products/CA-779814781415.webp","tags":["disfraz","adulto","adolescente","mujer","araña","con","cuello","candela"]},{"id":"CA-779814781011","nombre":"DISFRAZ ADULTO/ADOLESCENTE NOVIA CON TOCADO CANDELA T1x1 N109","categoria":"Cotillon","subcategoria":"Disfraces Adultos","precio":20319.93,"destacado":false,"descripcion":"","imagen":"assets/products/CA-779814781011.webp","tags":["disfraz","adulto","adolescente","novia","con","tocado","candela","t1x1","n109"]},{"id":"CA-779814781428","nombre":"DISFRAZ ADULTO/ADOLESCENTE NOVIA CON TOCADO CANDELA T2x1 N109","categoria":"Cotillon","subcategoria":"Disfraces Adultos","precio":20319.93,"destacado":false,"descripcion":"","imagen":"assets/products/CA-779814781428.webp","tags":["disfraz","adulto","adolescente","novia","con","tocado","candela","t2x1","n109"]},{"id":"CA-000000056903","nombre":"DISFRAZ ADULTO/ADOLESCENTE PAYASA CROSTI x1","categoria":"Cotillon","subcategoria":"Disfraces Adultos","precio":13567.5,"destacado":false,"descripcion":"","imagen":"assets/products/CA-000000056903.webp","tags":["disfraz","adulto","adolescente","payasa","crosti"]},{"id":"CA-000000020319","nombre":"DISFRAZ ADULTO/ADOLESCENTE PAYASO CON PANZA CROSTI x1","categoria":"Cotillon","subcategoria":"Disfraces Adultos","precio":20115.0,"destacado":false,"descripcion":"","imagen":"assets/products/CA-000000020319.webp","tags":["disfraz","adulto","adolescente","payaso","con","panza","crosti"]},{"id":"CA-779814781619","nombre":"DISFRAZ ADULTO/ADOLESCENTE POLICIA HOMBRE x1 CANDELA T1","categoria":"Cotillon","subcategoria":"Disfraces Adultos","precio":22075.03,"destacado":false,"descripcion":"","imagen":"assets/products/CA-779814781619.webp","tags":["disfraz","adulto","adolescente","policia","hombre","candela"]},{"id":"CA-779814781620","nombre":"DISFRAZ ADULTO/ADOLESCENTE POLICIA HOMBREx1 CANDELA T2","categoria":"Cotillon","subcategoria":"Disfraces Adultos","precio":22075.03,"destacado":false,"descripcion":"","imagen":"assets/products/CA-779814781620.webp","tags":["disfraz","adulto","adolescente","policia","hombrex1","candela"]},{"id":"CA-779814781207","nombre":"DISFRAZ ADULTO/ADOLESCENTE PRESA x1 CANDELA T1","categoria":"Cotillon","subcategoria":"Disfraces Adultos","precio":13158.45,"destacado":false,"descripcion":"","imagen":"assets/products/CA-779814781207.webp","tags":["disfraz","adulto","adolescente","presa","candela"]},{"id":"CA-779814781163","nombre":"DISFRAZ ADULTO/ADOLESCENTE SUPER MUJER x1 CANDELA T1 133","categoria":"Cotillon","subcategoria":"Disfraces Adultos","precio":19477.97,"destacado":false,"descripcion":"","imagen":"assets/products/CA-779814781163.webp","tags":["disfraz","adulto","adolescente","super","mujer","candela","133"]},{"id":"CA-779814781411","nombre":"DISFRAZ ADULTO/ADOLESCENTE SUPER MUJER x1 CANDELA T2 133","categoria":"Cotillon","subcategoria":"Disfraces Adultos","precio":19477.97,"destacado":false,"descripcion":"","imagen":"assets/products/CA-779814781411.webp","tags":["disfraz","adulto","adolescente","super","mujer","candela","133"]},{"id":"CA-000000055833","nombre":"DISFRAZ BATMAN MUSCULOSO O.N x1u. T1 (3-4años)","categoria":"Cotillon","subcategoria":"Disfraces Infantiles - Fantasia Nena/Varon","precio":13513.5,"destacado":false,"descripcion":"","imagen":"assets/products/CA-000000055833.webp","tags":["disfraz","batman","musculoso","x1u","4años"]},{"id":"CA-000000055834","nombre":"DISFRAZ BATMAN MUSCULOSO O.N x1u. T2 (5-6años)","categoria":"Cotillon","subcategoria":"Disfraces Infantiles - Fantasia Nena/Varon","precio":13513.5,"destacado":false,"descripcion":"","imagen":"assets/products/CA-000000055834.webp","tags":["disfraz","batman","musculoso","x1u","6años"]},{"id":"CA-000000055835","nombre":"DISFRAZ BATMAN MUSCULOSO O.N x1u. T3 (7-8años)","categoria":"Cotillon","subcategoria":"Disfraces Infantiles - Fantasia Nena/Varon","precio":13513.5,"destacado":false,"descripcion":"","imagen":"assets/products/CA-000000055835.webp","tags":["disfraz","batman","musculoso","x1u","8años"]},{"id":"CA-779814781167","nombre":"DISFRAZ BOMBERO ROJO NIÑO CANDELA T1x1 (2a4años)","categoria":"Cotillon","subcategoria":"Disfraces Infantiles - Fantasia Nena/Varon","precio":13418.16,"destacado":false,"descripcion":"","imagen":"assets/products/CA-779814781167.webp","tags":["disfraz","bombero","rojo","niño","candela","t1x1","2a4años"]},{"id":"CA-779814781332","nombre":"DISFRAZ BOMBERO ROJO NIÑO CANDELA T2 x1 (4-6años)","categoria":"Cotillon","subcategoria":"Disfraces Infantiles - Fantasia Nena/Varon","precio":13418.16,"destacado":false,"descripcion":"","imagen":"assets/products/CA-779814781332.webp","tags":["disfraz","bombero","rojo","niño","candela","6años"]},{"id":"CA-779814781333","nombre":"DISFRAZ BOMBERO ROJO NIÑO CANDELA T3 x1 (6-8años)","categoria":"Cotillon","subcategoria":"Disfraces Infantiles - Fantasia Nena/Varon","precio":13418.16,"destacado":false,"descripcion":"","imagen":"assets/products/CA-779814781333.webp","tags":["disfraz","bombero","rojo","niño","candela","8años"]},{"id":"CA-779814781168","nombre":"DISFRAZ CAPERUCITA NIÑA CANDELA T1 x1 (2-4años)","categoria":"Cotillon","subcategoria":"Disfraces Infantiles - Fantasia Nena/Varon","precio":16361.49,"destacado":false,"descripcion":"","imagen":"assets/products/CA-779814781168.webp","tags":["disfraz","caperucita","niña","candela","4años"]},{"id":"CA-779814781234","nombre":"DISFRAZ CAPERUCITA NIÑA CANDELA T2 x1 (4-6años)","categoria":"Cotillon","subcategoria":"Disfraces Infantiles - Fantasia Nena/Varon","precio":16361.49,"destacado":false,"descripcion":"","imagen":"assets/products/CA-779814781234.webp","tags":["disfraz","caperucita","niña","candela","6años"]},{"id":"CA-779814781235","nombre":"DISFRAZ CAPERUCITA NIÑA CANDELA T3 x1 (6-8años)","categoria":"Cotillon","subcategoria":"Disfraces Infantiles - Fantasia Nena/Varon","precio":16361.49,"destacado":false,"descripcion":"","imagen":"assets/products/CA-779814781235.webp","tags":["disfraz","caperucita","niña","candela","8años"]},{"id":"CA-779837770287","nombre":"DISFRAZ CAPIBARA T0x1 (3-4 AÑOS) 1174","categoria":"Cotillon","subcategoria":"Disfraces Oficiales Varon","precio":17093.09,"destacado":false,"descripcion":"","imagen":"assets/products/CA-779837770287.webp","tags":["disfraz","capibara","t0x1","años","1174"]},{"id":"CA-779837770288","nombre":"DISFRAZ CAPIBARA T1x1 (5-6 AÑOS) 1175","categoria":"Cotillon","subcategoria":"Disfraces Oficiales Varon","precio":17093.09,"destacado":false,"descripcion":"","imagen":"assets/products/CA-779837770288.webp","tags":["disfraz","capibara","t1x1","años","1175"]},{"id":"CA-779837770289","nombre":"DISFRAZ CAPIBARA T2x1 (7-8 AÑOS) 1176","categoria":"Cotillon","subcategoria":"Disfraces Oficiales Varon","precio":17093.09,"destacado":false,"descripcion":"","imagen":"assets/products/CA-779837770289.webp","tags":["disfraz","capibara","t2x1","años","1176"]},{"id":"CA-000000009735","nombre":"DISFRAZ ECONOMICO PERSONAJE HOMBRE ARACNIDO T3x1 CR (7-9años)","categoria":"Cotillon","subcategoria":"Disfraces Infantiles - Fantasia Nena/Varon","precio":11220.0,"destacado":false,"descripcion":"","imagen":"assets/products/CA-000000009735.webp","tags":["disfraz","economico","personaje","hombre","aracnido","t3x1","9años"]},{"id":"CA-000000055815","nombre":"DISFRAZ EL ZORRO O.N x1u. T1 (3-4años)","categoria":"Cotillon","subcategoria":"Disfraces Infantiles - Fantasia Nena/Varon","precio":11151.0,"destacado":false,"descripcion":"","imagen":"assets/products/CA-000000055815.webp","tags":["disfraz","zorro","x1u","4años"]},{"id":"CA-000000055816","nombre":"DISFRAZ EL ZORRO O.N x1u. T2 (5-6años)","categoria":"Cotillon","subcategoria":"Disfraces Infantiles - Fantasia Nena/Varon","precio":11151.0,"destacado":false,"descripcion":"","imagen":"assets/products/CA-000000055816.webp","tags":["disfraz","zorro","x1u","6años"]},{"id":"CA-000000055817","nombre":"DISFRAZ EL ZORRO O.N x1u. T3 (7-8años)","categoria":"Cotillon","subcategoria":"Disfraces Infantiles - Fantasia Nena/Varon","precio":11151.0,"destacado":false,"descripcion":"","imagen":"assets/products/CA-000000055817.webp","tags":["disfraz","zorro","x1u","8años"]},{"id":"CA-000000055569","nombre":"DISFRAZ GATITA KITTY T.0 x1 ECHYZOS","categoria":"Cotillon","subcategoria":"Accesorios Y Sets Para Disfraces / Tutu","precio":7927.44,"destacado":false,"descripcion":"","imagen":"assets/products/CA-000000055569.webp","tags":["disfraz","gatita","kitty","echyzos"]},{"id":"CA-000000055570","nombre":"DISFRAZ GATITA KITTY T.1 x1 ECHYZOS","categoria":"Cotillon","subcategoria":"Accesorios Para Globos","precio":7927.44,"destacado":false,"descripcion":"","imagen":"assets/products/CA-000000055570.webp","tags":["disfraz","gatita","kitty","echyzos"]},{"id":"CA-000000055571","nombre":"DISFRAZ GATITA KITTY T.2 x1 ECHYZOS","categoria":"Cotillon","subcategoria":"Accesorios Y Sets Para Disfraces / Tutu","precio":7927.44,"destacado":false,"descripcion":"","imagen":"assets/products/CA-000000055571.webp","tags":["disfraz","gatita","kitty","echyzos"]},{"id":"CA-000000057984","nombre":"DISFRAZ HALLOWEEN PIRATA NEW TOYS T2 x1 1451","categoria":"Cotillon","subcategoria":"Disfraces Infantiles - Fantasia Nena/Varon","precio":15082.13,"destacado":false,"descripcion":"","imagen":"assets/products/CA-000000057984.webp","tags":["disfraz","halloween","pirata","new","toys","1451"]},{"id":"CA-779837770313","nombre":"DISFRAZ HECHICERA NEW TOYS T2 x1 1466","categoria":"Cotillon","subcategoria":"Disfraces Infantiles - Fantasia Nena/Varon","precio":25136.93,"destacado":false,"descripcion":"","imagen":"assets/products/CA-779837770313.webp","tags":["disfraz","hechicera","new","toys","1466"]},{"id":"CA-779837770312","nombre":"DISFRAZ HECHICERA NEW TOYS T3 x1 1467","categoria":"Cotillon","subcategoria":"Disfraces Infantiles - Fantasia Nena/Varon","precio":25136.93,"destacado":false,"descripcion":"","imagen":"assets/products/CA-779837770312.webp","tags":["disfraz","hechicera","new","toys","1467"]},{"id":"CA-779837770196","nombre":"DISFRAZ HINCHA ARGENTINA NENA T0x1 2003 (3-4años)","categoria":"Cotillon","subcategoria":"Disfraces Oficiales Nena","precio":15000.0,"destacado":false,"descripcion":"","imagen":"assets/products/CA-779837770196.webp","tags":["disfraz","hincha","argentina","nena","t0x1","2003","4años"]},{"id":"CA-779837770198","nombre":"DISFRAZ HINCHA ARGENTINA NENA T2x1 2005 (7-8años)","categoria":"Cotillon","subcategoria":"Disfraces Oficiales Nena","precio":15000.0,"destacado":false,"descripcion":"","imagen":"assets/products/CA-779837770198.webp","tags":["disfraz","hincha","argentina","nena","t2x1","2005","8años"]},{"id":"CA-779837770193","nombre":"DISFRAZ HINCHA ARGENTINA NENE T0x1 2000 (3-4años)","categoria":"Cotillon","subcategoria":"Disfraces Infantiles - Fantasia Nena/Varon","precio":15000.0,"destacado":false,"descripcion":"","imagen":"assets/products/CA-779837770193.webp","tags":["disfraz","hincha","argentina","nene","t0x1","2000","4años"]},{"id":"CA-779832235414","nombre":"DISFRAZ INFLABLE DINOSAURIO ADULTO AC103 x1  PS","categoria":"Cotillon","subcategoria":"Disfraces Adultos","precio":85351.0,"destacado":false,"descripcion":"","imagen":"assets/products/CA-779832235414.webp","tags":["disfraz","inflable","dinosaurio","adulto","ac103"]},{"id":"CA-000000056788","nombre":"DISFRAZ KUROMI CROSTI T1x1 (3-5años) PRECIO FINAL","categoria":"Cotillon","subcategoria":"Disfraces Infantiles - Fantasia Nena/Varon","precio":11002.5,"destacado":false,"descripcion":"","imagen":"assets/products/CA-000000056788.webp","tags":["disfraz","kuromi","crosti","t1x1","5años","precio","final"]},{"id":"CA-000000056789","nombre":"DISFRAZ KUROMI CROSTI T2x1 (5-7años) PRECIO FINAL","categoria":"Cotillon","subcategoria":"Disfraces Infantiles - Fantasia Nena/Varon","precio":11002.5,"destacado":false,"descripcion":"","imagen":"assets/products/CA-000000056789.webp","tags":["disfraz","kuromi","crosti","t2x1","7años","precio","final"]},{"id":"CA-000000056790","nombre":"DISFRAZ KUROMI CROSTI T3x1 (7-9años) PRECIO FINAL","categoria":"Cotillon","subcategoria":"Disfraces Infantiles - Fantasia Nena/Varon","precio":11002.5,"destacado":false,"descripcion":"","imagen":"assets/products/CA-000000056790.webp","tags":["disfraz","kuromi","crosti","t3x1","9años","precio","final"]},{"id":"CA-000000049606","nombre":"DISFRAZ MARIO BROSS  O.N x1u. T1 (3-4años)","categoria":"Cotillon","subcategoria":"Disfraces Infantiles - Fantasia Nena/Varon","precio":11151.0,"destacado":false,"descripcion":"","imagen":"assets/products/CA-000000049606.webp","tags":["disfraz","mario","bross","x1u","4años"]},{"id":"CA-000000049607","nombre":"DISFRAZ MARIO BROSS  O.N x1u. T2 (5-6años)","categoria":"Cotillon","subcategoria":"Disfraces Infantiles - Fantasia Nena/Varon","precio":11151.0,"destacado":false,"descripcion":"","imagen":"assets/products/CA-000000049607.webp","tags":["disfraz","mario","bross","x1u","6años"]},{"id":"CA-000000049608","nombre":"DISFRAZ MARIO BROSS  O.N x1u. T3 (7-8años)","categoria":"Cotillon","subcategoria":"Disfraces Infantiles - Fantasia Nena/Varon","precio":11151.0,"destacado":false,"descripcion":"","imagen":"assets/products/CA-000000049608.webp","tags":["disfraz","mario","bross","x1u","8años"]},{"id":"CA-000000053666","nombre":"DISFRAZ MUCAMA ADULTO/ADOLESCENTE CROSTI x1 art.208","categoria":"Cotillon","subcategoria":"Disfraces Adultos","precio":11812.5,"destacado":false,"descripcion":"","imagen":"assets/products/CA-000000053666.webp","tags":["disfraz","mucama","adulto","adolescente","crosti","art","208"]},{"id":"CA-779814781043","nombre":"DISFRAZ MURGUERO NIÑO BLANCO Y TURQUESA CANDELA T1x1","categoria":"Cotillon","subcategoria":"Disfraces Infantiles - Fantasia Nena/Varon","precio":11946.49,"destacado":false,"descripcion":"","imagen":"assets/products/CA-779814781043.webp","tags":["disfraz","murguero","niño","blanco","turquesa","candela","t1x1"]},{"id":"CA-779814781326","nombre":"DISFRAZ MURGUERO NIÑO BLANCO Y TURQUESA CANDELA T2x1","categoria":"Cotillon","subcategoria":"Disfraces Infantiles - Fantasia Nena/Varon","precio":11946.49,"destacado":false,"descripcion":"","imagen":"assets/products/CA-779814781326.webp","tags":["disfraz","murguero","niño","blanco","turquesa","candela","t2x1"]},{"id":"CA-779814781327","nombre":"DISFRAZ MURGUERO NIÑO BLANCO Y TURQUESA CANDELA T3x1","categoria":"Cotillon","subcategoria":"Disfraces Infantiles - Fantasia Nena/Varon","precio":11946.49,"destacado":false,"descripcion":"","imagen":"assets/products/CA-779814781327.webp","tags":["disfraz","murguero","niño","blanco","turquesa","candela","t3x1"]}]}