{"category_slug":"cotillon","subcategory_slug":"","page":71,"page_size":48,"total":4091,"items":[{"id":"CA-000000042158","nombre":"PIÑATA GLOBO SUPER 24\" LISA AMARILLO x3 FUNNY","categoria":"Cotillon","subcategoria":"Piñatas","precio":2570.4,"destacado":false,"descripcion":"","imagen":"assets/products/CA-000000042158.webp","tags":["piñata","globo","super","lisa","amarillo","funny"]},{"id":"CA-000000053077","nombre":"PIÑATA GLOBO SUPER 24\" LISA AZUL x3 FUNNY","categoria":"Cotillon","subcategoria":"Piñatas","precio":2570.4,"destacado":false,"descripcion":"","imagen":"assets/products/CA-000000053077.webp","tags":["piñata","globo","super","lisa","azul","funny"]},{"id":"CA-000000047463","nombre":"PIÑATA GLOBO SUPER 24\" LISA BLANCA x3 FUNNY","categoria":"Cotillon","subcategoria":"Piñatas","precio":2570.4,"destacado":false,"descripcion":"","imagen":"assets/products/CA-000000047463.webp","tags":["piñata","globo","super","lisa","blanca","funny"]},{"id":"CA-000000042159","nombre":"PIÑATA GLOBO SUPER 24\" LISA CELESTE x3 FUNNY","categoria":"Cotillon","subcategoria":"Piñatas","precio":2570.4,"destacado":false,"descripcion":"","imagen":"assets/products/CA-000000042159.webp","tags":["piñata","globo","super","lisa","celeste","funny"]},{"id":"CA-000000049626","nombre":"PIÑATA GLOBO SUPER 24\" LISA FLUO AMARILLO x3 FUNNY","categoria":"Cotillon","subcategoria":"Piñatas","precio":2570.4,"destacado":false,"descripcion":"","imagen":"assets/products/CA-000000049626.webp","tags":["piñata","globo","super","lisa","fluo","amarillo","funny"]},{"id":"CA-000000049627","nombre":"PIÑATA GLOBO SUPER 24\" LISA FLUO FUCSIA x3 FUNNY","categoria":"Cotillon","subcategoria":"Piñatas","precio":2570.4,"destacado":false,"descripcion":"","imagen":"assets/products/CA-000000049627.webp","tags":["piñata","globo","super","lisa","fluo","fucsia","funny"]},{"id":"CA-000000049628","nombre":"PIÑATA GLOBO SUPER 24\" LISA FLUO NARANJA x3 FUNNY","categoria":"Cotillon","subcategoria":"Piñatas","precio":2570.4,"destacado":false,"descripcion":"","imagen":"assets/products/CA-000000049628.webp","tags":["piñata","globo","super","lisa","fluo","naranja","funny"]},{"id":"CA-000000049629","nombre":"PIÑATA GLOBO SUPER 24\" LISA FLUO VERDE x3 FUNNY","categoria":"Cotillon","subcategoria":"Piñatas","precio":2570.4,"destacado":false,"descripcion":"","imagen":"assets/products/CA-000000049629.webp","tags":["piñata","globo","super","lisa","fluo","verde","funny"]},{"id":"CA-000000047462","nombre":"PIÑATA GLOBO SUPER 24\" LISA NEGRA x3 FUNNY","categoria":"Cotillon","subcategoria":"Piñatas","precio":2570.4,"destacado":false,"descripcion":"","imagen":"assets/products/CA-000000047462.webp","tags":["piñata","globo","super","lisa","negra","funny"]},{"id":"CA-000000042160","nombre":"PIÑATA GLOBO SUPER 24\" LISA ROJO x3 FUNNY","categoria":"Cotillon","subcategoria":"Piñatas","precio":2570.4,"destacado":false,"descripcion":"","imagen":"assets/products/CA-000000042160.webp","tags":["piñata","globo","super","lisa","rojo","funny"]},{"id":"CA-000000042161","nombre":"PIÑATA GLOBO SUPER 24\" LISA ROSA x3 FUNNY","categoria":"Cotillon","subcategoria":"Piñatas","precio":2570.4,"destacado":false,"descripcion":"","imagen":"assets/products/CA-000000042161.webp","tags":["piñata","globo","super","lisa","rosa","funny"]},{"id":"CA-000000047866","nombre":"PIÑATA GLOBO SUPER 24\" MARMOLADA AZUL x3 FUNNY","categoria":"Cotillon","subcategoria":"Piñatas","precio":2570.4,"destacado":false,"descripcion":"","imagen":"assets/products/CA-000000047866.webp","tags":["piñata","globo","super","marmolada","azul","funny"]},{"id":"CA-000000047868","nombre":"PIÑATA GLOBO SUPER 24\" MARMOLADA FUCSIA x3 FUNNY","categoria":"Cotillon","subcategoria":"Piñatas","precio":2570.4,"destacado":false,"descripcion":"","imagen":"assets/products/CA-000000047868.webp","tags":["piñata","globo","super","marmolada","fucsia","funny"]},{"id":"CA-000000047867","nombre":"PIÑATA GLOBO SUPER 24\" MARMOLADA ROJA x3 FUNNY","categoria":"Cotillon","subcategoria":"Piñatas","precio":2570.4,"destacado":false,"descripcion":"","imagen":"assets/products/CA-000000047867.webp","tags":["piñata","globo","super","marmolada","roja","funny"]},{"id":"CA-000000047464","nombre":"PIÑATA GLOBO SUPER 24\" MARMOLADA x3 FUNNY","categoria":"Cotillon","subcategoria":"Piñatas","precio":2570.4,"destacado":false,"descripcion":"","imagen":"assets/products/CA-000000047464.webp","tags":["piñata","globo","super","marmolada","funny"]},{"id":"CA-000000047865","nombre":"PIÑATA GLOBO SUPER 24\" PASTEL LILA x 3 FUNNY","categoria":"Cotillon","subcategoria":"Piñatas","precio":2570.4,"destacado":false,"descripcion":"","imagen":"assets/products/CA-000000047865.webp","tags":["piñata","globo","super","pastel","lila","funny"]},{"id":"CA-000000047864","nombre":"PIÑATA GLOBO SUPER 24\" PASTEL VERDE AGUA x 3 FUNNY","categoria":"Cotillon","subcategoria":"Piñatas","precio":2570.4,"destacado":false,"descripcion":"","imagen":"assets/products/CA-000000047864.webp","tags":["piñata","globo","super","pastel","verde","agua","funny"]},{"id":"CA-000000041951","nombre":"PIÑATA GLOBO SUPER 24\" PELOTA BLANCA Y NEGRA x3 FUNNY","categoria":"Cotillon","subcategoria":"Piñatas","precio":2570.4,"destacado":false,"descripcion":"","imagen":"assets/products/CA-000000041951.webp","tags":["piñata","globo","super","pelota","blanca","negra","funny"]},{"id":"CA-000000041949","nombre":"PIÑATA GLOBO SUPER 24\" PELOTA BOCA x3 FUNNY","categoria":"Cotillon","subcategoria":"Piñatas","precio":2570.4,"destacado":false,"descripcion":"","imagen":"assets/products/CA-000000041949.webp","tags":["piñata","globo","super","pelota","boca","funny"]},{"id":"CA-000000041950","nombre":"PIÑATA GLOBO SUPER 24\" PELOTA RIVER x3 FUNNY","categoria":"Cotillon","subcategoria":"Piñatas","precio":2570.4,"destacado":false,"descripcion":"","imagen":"assets/products/CA-000000041950.webp","tags":["piñata","globo","super","pelota","river","funny"]},{"id":"CA-000000041941","nombre":"PIÑATA GLOBO SUPER 24\" RAYADA AMARILLO x3 FUNNY","categoria":"Cotillon","subcategoria":"Piñatas","precio":2570.4,"destacado":false,"descripcion":"","imagen":"assets/products/CA-000000041941.webp","tags":["piñata","globo","super","rayada","amarillo","funny"]},{"id":"CA-000000041942","nombre":"PIÑATA GLOBO SUPER 24\" RAYADA AZUL x3 FUNNY","categoria":"Cotillon","subcategoria":"Piñatas","precio":2570.4,"destacado":false,"descripcion":"","imagen":"assets/products/CA-000000041942.webp","tags":["piñata","globo","super","rayada","azul","funny"]},{"id":"CA-000000041943","nombre":"PIÑATA GLOBO SUPER 24\" RAYADA CELESTE x3 FUNNY","categoria":"Cotillon","subcategoria":"Piñatas","precio":2570.4,"destacado":false,"descripcion":"","imagen":"assets/products/CA-000000041943.webp","tags":["piñata","globo","super","rayada","celeste","funny"]},{"id":"CA-000000041944","nombre":"PIÑATA GLOBO SUPER 24\" RAYADA NARANJA x3 FUNNY","categoria":"Cotillon","subcategoria":"Piñatas","precio":2570.4,"destacado":false,"descripcion":"","imagen":"assets/products/CA-000000041944.webp","tags":["piñata","globo","super","rayada","naranja","funny"]},{"id":"CA-000000041945","nombre":"PIÑATA GLOBO SUPER 24\" RAYADA ROJO x3 FUNNY","categoria":"Cotillon","subcategoria":"Piñatas","precio":2570.4,"destacado":false,"descripcion":"","imagen":"assets/products/CA-000000041945.webp","tags":["piñata","globo","super","rayada","rojo","funny"]},{"id":"CA-000000041946","nombre":"PIÑATA GLOBO SUPER 24\" RAYADA ROSA x3 FUNNY","categoria":"Cotillon","subcategoria":"Piñatas","precio":2570.4,"destacado":false,"descripcion":"","imagen":"assets/products/CA-000000041946.webp","tags":["piñata","globo","super","rayada","rosa","funny"]},{"id":"CA-000000041947","nombre":"PIÑATA GLOBO SUPER 24\" RAYADA VIOLETA x3 FUNNY","categoria":"Cotillon","subcategoria":"Piñatas","precio":2570.4,"destacado":false,"descripcion":"","imagen":"assets/products/CA-000000041947.webp","tags":["piñata","globo","super","rayada","violeta","funny"]},{"id":"CA-000000041952","nombre":"PIÑATA GLOBO SUPER 24\" SMILE x3 FUNNY","categoria":"Cotillon","subcategoria":"Piñatas","precio":2570.4,"destacado":false,"descripcion":"","imagen":"assets/products/CA-000000041952.webp","tags":["piñata","globo","super","smile","funny"]},{"id":"CA-682019001083","nombre":"PLANCHA PUNTOS ADHESIVOS BIFAZ PARA GLOBOS (50x20 uni.)","categoria":"Cotillon","subcategoria":"Accesorios Para Globos","precio":5062.5,"destacado":false,"descripcion":"NUEVO 17/12/2025","imagen":"assets/products/CA-682019001083.webp","tags":["plancha","puntos","adhesivos","bifaz","para","globos","50x20","uni"]},{"id":"CA-695420230927","nombre":"POLLERA HAWAIANA METALIZADA MULTICOLOR x1 MM09-27","categoria":"Cotillon","subcategoria":"Accesorios Y Sets Para Disfraces / Tutu","precio":2082.19,"destacado":false,"descripcion":"","imagen":"assets/products/CA-695420230927.webp","tags":["pollera","hawaiana","metalizada","multicolor","mm09"]},{"id":"CA-779812603541","nombre":"POLLERA HAWAIANA PLASTICA MULTICOLOR FLUO x1","categoria":"Cotillon","subcategoria":"Accesorios Y Sets Para Disfraces / Tutu","precio":2041.2,"destacado":false,"descripcion":"","imagen":"assets/products/CA-779812603541.webp","tags":["pollera","hawaiana","plastica","multicolor","fluo"]},{"id":"CA-779812603548","nombre":"POLLERA HAWAIANA PLASTICA MULTICOLOR x1","categoria":"Cotillon","subcategoria":"Accesorios Y Sets Para Disfraces / Tutu","precio":1868.4,"destacado":false,"descripcion":"","imagen":"assets/products/CA-779812603548.webp","tags":["pollera","hawaiana","plastica","multicolor"]},{"id":"CA-695526751339","nombre":"POLLERA PREMIUM DE LENTEJUELAS DORADA/PLATEADA x1 U2411-39","categoria":"Cotillon","subcategoria":"Accesorios Y Sets Para Disfraces / Tutu","precio":11684.4,"destacado":false,"descripcion":"","imagen":"assets/products/CA-695526751339.webp","tags":["pollera","premium","lentejuelas","dorada","plateada","u2411"]},{"id":"CA-779819415690","nombre":"POLVO BOMBUCHA MULTICOLOR  x10  56902","categoria":"Cotillon","subcategoria":"Nieve/Serpentina/Pintura/Polvos/Cañones/P.Picado","precio":4783.21,"destacado":false,"descripcion":"","imagen":"assets/products/CA-779819415690.webp","tags":["polvo","bombucha","multicolor","x10","56902"]},{"id":"CA-779819415691","nombre":"POLVO BOMBUCHA MULTICOLOR FLUO x10  56919","categoria":"Cotillon","subcategoria":"Nieve/Serpentina/Pintura/Polvos/Cañones/P.Picado","precio":5138.62,"destacado":false,"descripcion":"","imagen":"assets/products/CA-779819415691.webp","tags":["polvo","bombucha","multicolor","fluo","x10","56919"]},{"id":"CA-000000019727","nombre":"PORRA METALIZADA DORADA x20","categoria":"Cotillon","subcategoria":"Complementos Para Fiestas","precio":5376.0,"destacado":false,"descripcion":"* (11/12/2025)","imagen":"assets/products/CA-000000019727.webp","tags":["porra","metalizada","dorada","x20"]},{"id":"CA-000000019726","nombre":"PORRA METALIZADA PLATEADA x20","categoria":"Cotillon","subcategoria":"Complementos Para Fiestas","precio":5376.0,"destacado":false,"descripcion":"* (11/12/2025)","imagen":"assets/products/CA-000000019726.webp","tags":["porra","metalizada","plateada","x20"]},{"id":"CA-000000049031","nombre":"PORRA PLASTICA FLUO AMARILLA x20","categoria":"Cotillon","subcategoria":"Complementos Para Fiestas","precio":4347.0,"destacado":false,"descripcion":"* (11/12/2025)","imagen":"assets/products/CA-000000049031.webp","tags":["porra","plastica","fluo","amarilla","x20"]},{"id":"CA-000000049032","nombre":"PORRA PLASTICA FLUO FUCSIA  x20","categoria":"Cotillon","subcategoria":"Complementos Para Fiestas","precio":4347.0,"destacado":false,"descripcion":"* (11/12/2025)","imagen":"assets/products/CA-000000049032.webp","tags":["porra","plastica","fluo","fucsia","x20"]},{"id":"CA-000000014545","nombre":"PORRA PLASTICA FLUO MULTICOLOR x50","categoria":"Cotillon","subcategoria":"Complementos Para Fiestas","precio":11368.0,"destacado":false,"descripcion":"* (11/12/2025)","imagen":"assets/products/CA-000000014545.webp","tags":["porra","plastica","fluo","multicolor","x50"]},{"id":"CA-000000049033","nombre":"PORRA PLASTICA FLUO NARANJA  x20","categoria":"Cotillon","subcategoria":"Complementos Para Fiestas","precio":4347.0,"destacado":false,"descripcion":"* (11/12/2025)","imagen":"assets/products/CA-000000049033.webp","tags":["porra","plastica","fluo","naranja","x20"]},{"id":"CA-000000049034","nombre":"PORRA PLASTICA FLUO VERDE x20","categoria":"Cotillon","subcategoria":"Complementos Para Fiestas","precio":4347.0,"destacado":false,"descripcion":"* (11/12/2025)","imagen":"assets/products/CA-000000049034.webp","tags":["porra","plastica","fluo","verde","x20"]},{"id":"CA-000000019710","nombre":"PORRA SEDA AMARILLO x20","categoria":"Cotillon","subcategoria":"Complementos Para Fiestas","precio":2688.0,"destacado":false,"descripcion":"* (11/12/2025)","imagen":"assets/products/CA-000000019710.webp","tags":["porra","seda","amarillo","x20"]},{"id":"CA-000000019707","nombre":"PORRA SEDA AZUL x20","categoria":"Cotillon","subcategoria":"Complementos Para Fiestas","precio":2688.0,"destacado":false,"descripcion":"* (11/12/2025)","imagen":"assets/products/CA-000000019707.webp","tags":["porra","seda","azul","x20"]},{"id":"CA-000000014445","nombre":"PORRA SEDA MULTICOLORx50","categoria":"Cotillon","subcategoria":"Complementos Para Fiestas","precio":7196.0,"destacado":false,"descripcion":"* (11/12/2025)","imagen":"assets/products/CA-000000014445.webp","tags":["porra","seda","multicolorx50"]},{"id":"CA-000000019704","nombre":"PORRA SEDA NARANJA x20","categoria":"Cotillon","subcategoria":"Complementos Para Fiestas","precio":2688.0,"destacado":false,"descripcion":"* (11/12/2025)","imagen":"assets/products/CA-000000019704.webp","tags":["porra","seda","naranja","x20"]},{"id":"CA-000000050671","nombre":"PORRA SEDA NEGRO x20","categoria":"Cotillon","subcategoria":"Complementos Para Fiestas","precio":2688.0,"destacado":false,"descripcion":"* (11/12/2025)","imagen":"assets/products/CA-000000050671.webp","tags":["porra","seda","negro","x20"]},{"id":"CA-000000019705","nombre":"PORRA SEDA ROJO x20","categoria":"Cotillon","subcategoria":"Complementos Para Fiestas","precio":2688.0,"destacado":false,"descripcion":"* (11/12/2025)","imagen":"assets/products/CA-000000019705.webp","tags":["porra","seda","rojo","x20"]}]}