{"category_slug":"cotillon","subcategory_slug":"","page":42,"page_size":48,"total":4091,"items":[{"id":"CA-694510223108","nombre":"GLOBO FRASE CURSIVA FELIZ CUMPLEAÑOS VARIOS COLORES x1 U23-108 C.L","categoria":"Cotillon","subcategoria":"Globos Metalizados Frases","precio":1997.45,"destacado":false,"descripcion":"","imagen":"assets/products/CA-694510223108.webp","tags":["globo","frase","cursiva","feliz","cumpleaños","varios","colores","u23","108"]},{"id":"CA-709450142947","nombre":"GLOBO FRASE CURSIVA FELIZ CUMPLEAÑOS VERDE  x1","categoria":"Cotillon","subcategoria":"Globos Metalizados Frases","precio":1650.53,"destacado":false,"descripcion":"","imagen":"assets/products/CA-709450142947.webp","tags":["globo","frase","cursiva","feliz","cumpleaños","verde"]},{"id":"CA-701388923877","nombre":"GLOBO FRASE CURSIVA MIS 15 AÑOS AZUL x1","categoria":"Cotillon","subcategoria":"Globos Metalizados Frases","precio":1030.75,"destacado":false,"descripcion":"NUEVO 18/12/2025","imagen":"assets/products/CA-701388923877.webp","tags":["globo","frase","cursiva","mis","años","azul"]},{"id":"CA-712674053024","nombre":"GLOBO FRASE CURSIVA MIS 15 AÑOS DORADA x1","categoria":"Cotillon","subcategoria":"Globos Metalizados Frases","precio":1030.75,"destacado":false,"descripcion":"* (18/12/2025)","imagen":"assets/products/CA-712674053024.webp","tags":["globo","frase","cursiva","mis","años","dorada"]},{"id":"CA-701388923876","nombre":"GLOBO FRASE CURSIVA MIS 15 AÑOS FUCSIA x1","categoria":"Cotillon","subcategoria":"Globos Metalizados Frases","precio":1030.75,"destacado":false,"descripcion":"NUEVO 18/12/2025","imagen":"assets/products/CA-701388923876.webp","tags":["globo","frase","cursiva","mis","años","fucsia"]},{"id":"CA-712674053023","nombre":"GLOBO FRASE CURSIVA MIS 15 AÑOS PLATEADA x1","categoria":"Cotillon","subcategoria":"Globos Metalizados Frases","precio":1030.75,"destacado":false,"descripcion":"* (18/12/2025)","imagen":"assets/products/CA-712674053023.webp","tags":["globo","frase","cursiva","mis","años","plateada"]},{"id":"CA-712674053025","nombre":"GLOBO FRASE CURSIVA MIS 15 AÑOS ROSA GOLD x1","categoria":"Cotillon","subcategoria":"Globos Metalizados Frases","precio":1030.75,"destacado":false,"descripcion":"* (18/12/2025)","imagen":"assets/products/CA-712674053025.webp","tags":["globo","frase","cursiva","mis","años","rosa","gold"]},{"id":"CA-712674053026","nombre":"GLOBO FRASE CURSIVA MIS 15 AÑOS ROSA x1","categoria":"Cotillon","subcategoria":"Globos Metalizados Frases","precio":1030.75,"destacado":false,"descripcion":"NUEVO 18/12/2025","imagen":"assets/products/CA-712674053026.webp","tags":["globo","frase","cursiva","mis","años","rosa"]},{"id":"CA-705725022424","nombre":"GLOBO FRASE FELIZ ANIVERSARIO DEGRADE x1 CL19/U23-108","categoria":"Cotillon","subcategoria":"Globos Metalizados Frases","precio":1911.0,"destacado":false,"descripcion":"","imagen":"assets/products/CA-705725022424.webp","tags":["globo","frase","feliz","aniversario","degrade","cl19","u23","108"]},{"id":"CA-000000054860","nombre":"GLOBO FRASE FELIZ ANIVERSARIO DEGRADE x1 U23-108","categoria":"Cotillon","subcategoria":"Globos Metalizados Frases","precio":1911.0,"destacado":false,"descripcion":"","imagen":"assets/products/CA-000000054860.webp","tags":["globo","frase","feliz","aniversario","degrade","u23","108"]},{"id":"CA-692345623242","nombre":"GLOBO FRASE HAPPY BIRTHDAY BLANCO MATE x1 U23-242","categoria":"Cotillon","subcategoria":"Globos Metalizados Frases","precio":2402.4,"destacado":false,"descripcion":"* (10/12/2025)","imagen":"assets/products/CA-692345623242.webp","tags":["globo","frase","happy","birthday","blanco","mate","u23","242"]},{"id":"CA-000000058007","nombre":"GLOBO FRASE HAPPY BIRTHDAY CARAMEL NUDE x1 CL450","categoria":"Cotillon","subcategoria":"Globos Metalizados Frases","precio":2575.3,"destacado":false,"descripcion":"* (10/12/2025)","imagen":"assets/products/CA-000000058007.webp","tags":["globo","frase","happy","birthday","caramel","nude","cl450"]},{"id":"CA-000000058005","nombre":"GLOBO FRASE HAPPY BIRTHDAY CHOCOLATE NUDE x1 CL450","categoria":"Cotillon","subcategoria":"Globos Metalizados Frases","precio":2575.3,"destacado":false,"descripcion":"* (10/12/2025)","imagen":"assets/products/CA-000000058005.webp","tags":["globo","frase","happy","birthday","chocolate","nude","cl450"]},{"id":"CA-000000058581","nombre":"GLOBO FRASE HAPPY BIRTHDAY CHOCOLATE/CARAMEL NUDE x1 CL450","categoria":"Cotillon","subcategoria":"Globos Metalizados Frases","precio":2575.3,"destacado":false,"descripcion":"NUEVO 10/12/2025","imagen":"assets/products/CA-000000058581.webp","tags":["globo","frase","happy","birthday","chocolate","caramel","nude","cl450"]},{"id":"CA-000000058006","nombre":"GLOBO FRASE HAPPY BIRTHDAY CREMA NUDE x1 CL450","categoria":"Cotillon","subcategoria":"Globos Metalizados Frases","precio":2338.7,"destacado":false,"descripcion":"","imagen":"assets/products/CA-000000058006.webp","tags":["globo","frase","happy","birthday","crema","nude","cl450"]},{"id":"CA-000000055885","nombre":"GLOBO FRASE METALIZADO CORAZON TE AMO VARIOS MODELOS 18\" x10","categoria":"Cotillon","subcategoria":"Globos Metalizados Formas","precio":3405.44,"destacado":false,"descripcion":"","imagen":"assets/products/CA-000000055885.webp","tags":["globo","frase","metalizado","corazon","amo","varios","modelos","x10"]},{"id":"CA-698551038508","nombre":"GLOBO FRASE METALIZADO REDONDO 15 AÑOS VARIOS MODELOS (aprox 44cm) x50 HH1385-08","categoria":"Cotillon","subcategoria":"Globos Metalizados Formas","precio":12352.33,"destacado":false,"descripcion":"","imagen":"assets/products/CA-698551038508.webp","tags":["globo","frase","metalizado","redondo","años","varios","modelos","aprox","44cm","x50","hh1385"]},{"id":"CA-770548411546","nombre":"GLOBO FRASE MI GRADUACION DORADO x1","categoria":"Cotillon","subcategoria":"Globos Metalizados Frases","precio":1085.2,"destacado":false,"descripcion":"","imagen":"assets/products/CA-770548411546.webp","tags":["globo","frase","graduacion","dorado"]},{"id":"CA-202560000629","nombre":"GLOBO FRASE MI GRADUACION DORADO X1 FP0629-01","categoria":"Cotillon","subcategoria":"Globos Metalizados Frases","precio":1813.0,"destacado":false,"descripcion":"","imagen":"assets/products/CA-202560000629.webp","tags":["globo","frase","graduacion","dorado","fp0629"]},{"id":"CA-202562000629","nombre":"GLOBO FRASE MI GRADUACION PLATEADO X1 FP0629-02","categoria":"Cotillon","subcategoria":"Festejos Egresados/Upd","precio":1812.51,"destacado":false,"descripcion":"","imagen":"assets/products/CA-202562000629.webp","tags":["globo","frase","graduacion","plateado","fp0629"]},{"id":"CA-691215487973","nombre":"GLOBO FRASE TE AMO x1 GY-973","categoria":"Cotillon","subcategoria":"Globos Metalizados Frases","precio":930.57,"destacado":false,"descripcion":"","imagen":"assets/products/CA-691215487973.webp","tags":["globo","frase","amo","973"]},{"id":"CA-698856321475","nombre":"GLOBO FUTBOL METALIZADO PELOTA BLANCO/NEGRO x 50 (44 cm)","categoria":"Cotillon","subcategoria":"Globos Metalizados Formas","precio":15461.25,"destacado":false,"descripcion":"","imagen":"assets/products/CA-698856321475.webp","tags":["globo","futbol","metalizado","pelota","blanco","negro"]},{"id":"CA-659545121354","nombre":"GLOBO FUTBOL METALIZADO PELOTA BLANCO/NEGRO x 50 (ap 44 cm)","categoria":"Cotillon","subcategoria":"Globos Metalizados Formas","precio":15461.25,"destacado":false,"descripcion":"","imagen":"assets/products/CA-659545121354.webp","tags":["globo","futbol","metalizado","pelota","blanco","negro"]},{"id":"CA-690651645212","nombre":"GLOBO FUTBOL METALIZADO PELOTA BLANCO/NEGRO x 50 (aprox 44 cm)","categoria":"Cotillon","subcategoria":"Globos Metalizados Formas","precio":18075.52,"destacado":false,"descripcion":"","imagen":"assets/products/CA-690651645212.webp","tags":["globo","futbol","metalizado","pelota","blanco","negro","aprox"]},{"id":"CA-200020334417","nombre":"GLOBO FUTBOL METALIZADO PELOTA BOCA 46cm x50 34417-A","categoria":"Cotillon","subcategoria":"Globos Metalizados Formas","precio":12142.49,"destacado":false,"descripcion":"","imagen":"assets/products/CA-200020334417.webp","tags":["globo","futbol","metalizado","pelota","boca","46cm","x50","34417"]},{"id":"CA-200020434417","nombre":"GLOBO FUTBOL METALIZADO PELOTA MILLO 46cm x50 34417-R","categoria":"Cotillon","subcategoria":"Globos Metalizados Formas","precio":12142.49,"destacado":false,"descripcion":"","imagen":"assets/products/CA-200020434417.webp","tags":["globo","futbol","metalizado","pelota","millo","46cm","x50","34417"]},{"id":"CA-200020434419","nombre":"GLOBO FUTBOL METALIZADO PELOTA MILLO x 50 (aprox 24cm) 34419-R","categoria":"Cotillon","subcategoria":"Globos Metalizados Formas","precio":6088.45,"destacado":false,"descripcion":"","imagen":"assets/products/CA-200020434419.webp","tags":["globo","futbol","metalizado","pelota","millo","aprox","24cm","34419"]},{"id":"CA-779819415563","nombre":"GLOBO FUTBOL OVNI METALIZADO 24\" CAMISETA BOCA x1 55639","categoria":"Cotillon","subcategoria":"Globos Metalizados Formas","precio":1970.76,"destacado":false,"descripcion":"","imagen":"assets/products/CA-779819415563.webp","tags":["globo","futbol","ovni","metalizado","camiseta","boca","55639"]},{"id":"CA-779819415024","nombre":"GLOBO FUTBOL OVNI METALIZADO 24\" CAMISETA RIVER x1 50245","categoria":"Cotillon","subcategoria":"Globos Metalizados Formas","precio":1970.76,"destacado":false,"descripcion":"","imagen":"assets/products/CA-779819415024.webp","tags":["globo","futbol","ovni","metalizado","camiseta","river","50245"]},{"id":"CA-779908801580","nombre":"GLOBO GLOBBY CON CONFETTI ESTRELLAS PLATA 24\" x1 GL24CEP  PS","categoria":"Cotillon","subcategoria":"Globos Impresos/Globologia/Formas","precio":2078.13,"destacado":false,"descripcion":"","imagen":"assets/products/CA-779908801580.webp","tags":["globo","globby","con","confetti","estrellas","plata","gl24cep"]},{"id":"CA-779908801415","nombre":"GLOBO GLOBBY LISO 9\" AMARILLO x25 GL9SAMP  PS","categoria":"Cotillon","subcategoria":"Globos Lisos","precio":1046.5,"destacado":false,"descripcion":"","imagen":"assets/products/CA-779908801415.webp","tags":["globo","globby","liso","amarillo","x25","gl9samp"]},{"id":"CA-779908801416","nombre":"GLOBO GLOBBY LISO 9\" AZUL x25 GL9SAZO  PS","categoria":"Cotillon","subcategoria":"Globos Lisos","precio":1046.5,"destacado":false,"descripcion":"","imagen":"assets/products/CA-779908801416.webp","tags":["globo","globby","liso","azul","x25","gl9sazo"]},{"id":"CA-779908801417","nombre":"GLOBO GLOBBY LISO 9\" BLANCO x25 GL9SBLP  PS","categoria":"Cotillon","subcategoria":"Globos Lisos","precio":1046.5,"destacado":false,"descripcion":"","imagen":"assets/products/CA-779908801417.webp","tags":["globo","globby","liso","blanco","x25","gl9sblp"]},{"id":"CA-779908801418","nombre":"GLOBO GLOBBY LISO 9\" CELESTE x25 GL9SCE  PS","categoria":"Cotillon","subcategoria":"Globos Lisos","precio":1046.5,"destacado":false,"descripcion":"","imagen":"assets/products/CA-779908801418.webp","tags":["globo","globby","liso","celeste","x25","gl9sce"]},{"id":"CA-779908801420","nombre":"GLOBO GLOBBY LISO 9\" NEGRO x25 GL9SNG  PS","categoria":"Cotillon","subcategoria":"Globos Lisos","precio":1046.5,"destacado":false,"descripcion":"","imagen":"assets/products/CA-779908801420.webp","tags":["globo","globby","liso","negro","x25","gl9sng"]},{"id":"CA-779908801421","nombre":"GLOBO GLOBBY LISO 9\" ROJO x25 GL9SRJB  PS","categoria":"Cotillon","subcategoria":"Globos Lisos","precio":1046.5,"destacado":false,"descripcion":"","imagen":"assets/products/CA-779908801421.webp","tags":["globo","globby","liso","rojo","x25","gl9srjb"]},{"id":"CA-779908801422","nombre":"GLOBO GLOBBY LISO 9\" ROSA BEBE x25 GL9SRSB  PS","categoria":"Cotillon","subcategoria":"Globos Lisos","precio":1046.5,"destacado":false,"descripcion":"","imagen":"assets/products/CA-779908801422.webp","tags":["globo","globby","liso","rosa","bebe","x25","gl9srsb"]},{"id":"CA-779908801426","nombre":"GLOBO GLOBBY LISO 9\" SURTIDO x25 GL9SSU  PS","categoria":"Cotillon","subcategoria":"Globos Lisos","precio":1046.5,"destacado":false,"descripcion":"","imagen":"assets/products/CA-779908801426.webp","tags":["globo","globby","liso","surtido","x25","gl9ssu"]},{"id":"CA-779908801467","nombre":"GLOBO GLOBBY PERLADO 12\" AMARILLO x25 GL12MAM  PS","categoria":"Cotillon","subcategoria":"Globos Perlados","precio":2012.5,"destacado":false,"descripcion":"","imagen":"assets/products/CA-779908801467.webp","tags":["globo","globby","perlado","amarillo","x25","gl12mam"]},{"id":"CA-779908801468","nombre":"GLOBO GLOBBY PERLADO 12\" AZUL x25 GL12MAZ  PS","categoria":"Cotillon","subcategoria":"Globos Perlados","precio":2012.5,"destacado":false,"descripcion":"","imagen":"assets/products/CA-779908801468.webp","tags":["globo","globby","perlado","azul","x25","gl12maz"]},{"id":"CA-779908801469","nombre":"GLOBO GLOBBY PERLADO 12\" BLANCO x25 GL12MBL  PS","categoria":"Cotillon","subcategoria":"Globos Perlados","precio":2012.5,"destacado":false,"descripcion":"","imagen":"assets/products/CA-779908801469.webp","tags":["globo","globby","perlado","blanco","x25","gl12mbl"]},{"id":"CA-779908801470","nombre":"GLOBO GLOBBY PERLADO 12\" CELESTE x25 GL12MCE  PS","categoria":"Cotillon","subcategoria":"Globos Perlados","precio":2012.5,"destacado":false,"descripcion":"","imagen":"assets/products/CA-779908801470.webp","tags":["globo","globby","perlado","celeste","x25","gl12mce"]},{"id":"CA-779908801488","nombre":"GLOBO GLOBBY PERLADO 12\" MORADO/VIOLETA x25 GL12MMO  PS","categoria":"Cotillon","subcategoria":"Globos Perlados","precio":2012.5,"destacado":false,"descripcion":"","imagen":"assets/products/CA-779908801488.webp","tags":["globo","globby","perlado","morado","violeta","x25","gl12mmo"]},{"id":"CA-779908801473","nombre":"GLOBO GLOBBY PERLADO 12\" NEGRO x25 GL12MNG  PS","categoria":"Cotillon","subcategoria":"Globos Perlados","precio":2012.5,"destacado":false,"descripcion":"","imagen":"assets/products/CA-779908801473.webp","tags":["globo","globby","perlado","negro","x25","gl12mng"]},{"id":"CA-779908801476","nombre":"GLOBO GLOBBY PERLADO 12\" ROJO CEREZA x25 GL12MRJC  PS","categoria":"Cotillon","subcategoria":"Globos Perlados","precio":2012.5,"destacado":false,"descripcion":"","imagen":"assets/products/CA-779908801476.webp","tags":["globo","globby","perlado","rojo","cereza","x25","gl12mrjc"]},{"id":"CA-779908801478","nombre":"GLOBO GLOBBY PERLADO 12\" ROSA BEBE x25 GL12MRSB  PS","categoria":"Cotillon","subcategoria":"Globos Perlados","precio":2012.5,"destacado":false,"descripcion":"","imagen":"assets/products/CA-779908801478.webp","tags":["globo","globby","perlado","rosa","bebe","x25","gl12mrsb"]},{"id":"CA-779908801489","nombre":"GLOBO GLOBBY PERLADO 12\" SURTIDOS x25 GL12MSU  PS","categoria":"Cotillon","subcategoria":"Globos Perlados","precio":2012.5,"destacado":false,"descripcion":"","imagen":"assets/products/CA-779908801489.webp","tags":["globo","globby","perlado","surtidos","x25","gl12msu"]},{"id":"CA-779810960032","nombre":"GLOBO GLOBOLANDIA CRISTAL 10\" x50","categoria":"Cotillon","subcategoria":"Globos Cristal/Burbujas","precio":2381.58,"destacado":false,"descripcion":"","imagen":"assets/products/CA-779810960032.webp","tags":["globo","globolandia","cristal","x50"]}]}