{"category_slug":"cotillon","subcategory_slug":"","page":69,"page_size":48,"total":4091,"items":[{"id":"CA-698956078031","nombre":"PINCHE FELIZ CUMPLEAÑOS DORADO CON FLORES x1 GR78-3-1","categoria":"Cotillon","subcategoria":"Complementos Para Fiestas","precio":2628.12,"destacado":false,"descripcion":"","imagen":"assets/products/CA-698956078031.webp","tags":["pinche","feliz","cumpleaños","dorado","con","flores","gr78"]},{"id":"CA-692025065011","nombre":"PINCHE FELIZ CUMPLEAÑOS ELEFANTE CELESTE x1 65-1-1","categoria":"Cotillon","subcategoria":"Complementos Para Fiestas","precio":1895.86,"destacado":false,"descripcion":"","imagen":"assets/products/CA-692025065011.webp","tags":["pinche","feliz","cumpleaños","elefante","celeste"]},{"id":"CA-692025065012","nombre":"PINCHE FELIZ CUMPLEAÑOS ELEFANTE ROSA x1 65-1-2","categoria":"Cotillon","subcategoria":"Complementos Para Fiestas","precio":1895.86,"destacado":false,"descripcion":"","imagen":"assets/products/CA-692025065012.webp","tags":["pinche","feliz","cumpleaños","elefante","rosa"]},{"id":"CA-690713551396","nombre":"PINCHE FELIZ CUMPLEAÑOS ESTRELLA CON LUZ  x1 GR13-15","categoria":"Cotillon","subcategoria":"Complementos Para Fiestas","precio":1809.53,"destacado":false,"descripcion":"","imagen":"assets/products/CA-690713551396.webp","tags":["pinche","feliz","cumpleaños","estrella","con","luz","gr13"]},{"id":"CA-202560000893","nombre":"PINCHE FELIZ CUMPLEAÑOS ESTRELLA METAL STRASS X1 FP0893","categoria":"Cotillon","subcategoria":"Coronas / Tiaras / Cetros / Varitas","precio":2619.54,"destacado":false,"descripcion":"","imagen":"assets/products/CA-202560000893.webp","tags":["pinche","feliz","cumpleaños","estrella","metal","strass","fp0893"]},{"id":"CA-202560000802","nombre":"PINCHE FELIZ CUMPLEAÑOS FUTBOL X1 FP0802","categoria":"Cotillon","subcategoria":"Complementos Para Fiestas","precio":1380.4,"destacado":false,"descripcion":"","imagen":"assets/products/CA-202560000802.webp","tags":["pinche","feliz","cumpleaños","futbol","fp0802"]},{"id":"CA-692051781405","nombre":"PINCHE FELIZ CUMPLEAÑOS METALIZADO POR COLOR x12 GR78-6","categoria":"Cotillon","subcategoria":"Complementos Para Fiestas","precio":10884.46,"destacado":false,"descripcion":"","imagen":"assets/products/CA-692051781405.webp","tags":["pinche","feliz","cumpleaños","metalizado","por","color","x12","gr78"]},{"id":"CA-690713551392","nombre":"PINCHE FELIZ CUMPLEAÑOS OSITO CELESTE x1 GR13-9-2","categoria":"Cotillon","subcategoria":"Complementos Para Fiestas","precio":1723.36,"destacado":false,"descripcion":"","imagen":"assets/products/CA-690713551392.webp","tags":["pinche","feliz","cumpleaños","osito","celeste","gr13"]},{"id":"CA-690713551391","nombre":"PINCHE FELIZ CUMPLEAÑOS OSITO ROSA x1 GR13-9-1","categoria":"Cotillon","subcategoria":"Complementos Para Fiestas","precio":1723.36,"destacado":false,"descripcion":"","imagen":"assets/products/CA-690713551391.webp","tags":["pinche","feliz","cumpleaños","osito","rosa","gr13"]},{"id":"CA-000000058302","nombre":"PINCHE FELIZ CUMPLEAÑOS SELVA X1 FP0943-02","categoria":"Cotillon","subcategoria":"Complementos Para Fiestas","precio":1062.81,"destacado":false,"descripcion":"","imagen":"assets/products/CA-000000058302.webp","tags":["pinche","feliz","cumpleaños","selva","fp0943"]},{"id":"CA-000000046979","nombre":"PINCHE FIBROFACIL EGRESADO DORADO x1","categoria":"Cotillon","subcategoria":"Festejos Egresados/Upd","precio":1147.5,"destacado":false,"descripcion":"","imagen":"assets/products/CA-000000046979.webp","tags":["pinche","fibrofacil","egresado","dorado"]},{"id":"CA-000000046981","nombre":"PINCHE FIBROFACIL EGRESADO NEGRO x1","categoria":"Cotillon","subcategoria":"Festejos Egresados/Upd","precio":1147.5,"destacado":false,"descripcion":"","imagen":"assets/products/CA-000000046981.webp","tags":["pinche","fibrofacil","egresado","negro"]},{"id":"CA-000000046978","nombre":"PINCHE FIBROFACIL EGRESADO PLATEADO x1","categoria":"Cotillon","subcategoria":"Festejos Egresados/Upd","precio":1147.5,"destacado":false,"descripcion":"","imagen":"assets/products/CA-000000046978.webp","tags":["pinche","fibrofacil","egresado","plateado"]},{"id":"CA-000000058028","nombre":"PINCHE ME RECIBI GRANDE x2u.(POMPI DU )","categoria":"Cotillon","subcategoria":"Festejos Egresados/Upd","precio":2133.0,"destacado":false,"descripcion":"","imagen":"assets/products/CA-000000058028.webp","tags":["pinche","recibi","grande","x2u","pompi"]},{"id":"CA-779905100101","nombre":"PINCHE PARA FOTO FIESTA BODA x10(PROP)S.1220-3 GOLD MUNDO","categoria":"Cotillon","subcategoria":"Complementos Para Fiestas","precio":1423.44,"destacado":false,"descripcion":"","imagen":"assets/products/CA-779905100101.webp","tags":["pinche","para","foto","fiesta","boda","x10","prop","1220","gold","mundo"]},{"id":"CA-779813465926","nombre":"PINCHE PARA FOTO FIESTA BODA x15 (PROPS/PHOTO BOOTH)S.1204 GOLD MUNDO","categoria":"Cotillon","subcategoria":"Complementos Para Fiestas","precio":1423.44,"destacado":false,"descripcion":"","imagen":"assets/products/CA-779813465926.webp","tags":["pinche","para","foto","fiesta","boda","x15","props","photo","booth","1204","gold","mundo"]},{"id":"CA-779905100009","nombre":"PINCHE PARA FOTO FIESTA EGRESADOS x14 (PROPS)1214GOLD MUNDO","categoria":"Cotillon","subcategoria":"Festejos Egresados/Upd","precio":1423.44,"destacado":false,"descripcion":"","imagen":"assets/products/CA-779905100009.webp","tags":["pinche","para","foto","fiesta","egresados","x14","props","1214gold","mundo"]},{"id":"CA-779815300731","nombre":"PINCHE PARA FOTO ME JUBILE (PROPS)x10u.DIVERCOTY","categoria":"Cotillon","subcategoria":"Complementos Para Fiestas","precio":1167.56,"destacado":false,"descripcion":"","imagen":"assets/products/CA-779815300731.webp","tags":["pinche","para","foto","jubile","props","x10u","divercoty"]},{"id":"CA-000000045261","nombre":"PINCHE POLIFAN VINILO ME RECIBI x3 ETIQUETADOS","categoria":"Cotillon","subcategoria":"Festejos Egresados/Upd","precio":3080.71,"destacado":false,"descripcion":"","imagen":"assets/products/CA-000000045261.webp","tags":["pinche","polifan","vinilo","recibi","etiquetados"]},{"id":"CA-000000049291","nombre":"PINS METAL COPA DEL MUNDO (3 x 6 unid) x1","categoria":"Cotillon","subcategoria":"Miniaturas / Juguetitos / Regalitos","precio":2825.55,"destacado":false,"descripcion":"","imagen":"assets/products/CA-000000049291.webp","tags":["pins","metal","copa","del","mundo","unid"]},{"id":"CA-779813095740","nombre":"PINTURA AEROSOL PARA PELO IMPORTADA CANDELA AMARILLO PAQUETEx6u.","categoria":"Cotillon","subcategoria":"Nieve/Serpentina/Pintura/Polvos/Cañones/P.Picado","precio":8592.64,"destacado":false,"descripcion":"","imagen":"assets/products/CA-779813095740.webp","tags":["pintura","aerosol","para","pelo","importada","candela","amarillo","paquetex6u"]},{"id":"CA-779813095742","nombre":"PINTURA AEROSOL PARA PELO IMPORTADA CANDELA AZUL PAQUETEx6u.","categoria":"Cotillon","subcategoria":"Nieve/Serpentina/Pintura/Polvos/Cañones/P.Picado","precio":8592.64,"destacado":false,"descripcion":"","imagen":"assets/products/CA-779813095742.webp","tags":["pintura","aerosol","para","pelo","importada","candela","azul","paquetex6u"]},{"id":"CA-779813095734","nombre":"PINTURA AEROSOL PARA PELO IMPORTADA CANDELA BLANCO PAQUETEx6u.","categoria":"Cotillon","subcategoria":"Nieve/Serpentina/Pintura/Polvos/Cañones/P.Picado","precio":8592.64,"destacado":false,"descripcion":"","imagen":"assets/products/CA-779813095734.webp","tags":["pintura","aerosol","para","pelo","importada","candela","blanco","paquetex6u"]},{"id":"CA-779832240272","nombre":"PINTURA AEROSOL PARA PELO IMPORTADA CANDELA CELESTE PAQUETEx6u.","categoria":"Cotillon","subcategoria":"Nieve/Serpentina/Pintura/Polvos/Cañones/P.Picado","precio":8592.64,"destacado":false,"descripcion":"","imagen":"assets/products/CA-779832240272.webp","tags":["pintura","aerosol","para","pelo","importada","candela","celeste","paquetex6u"]},{"id":"CA-779813095736","nombre":"PINTURA AEROSOL PARA PELO IMPORTADA CANDELA DORADO PAQUETEx6","categoria":"Cotillon","subcategoria":"Nieve/Serpentina/Pintura/Polvos/Cañones/P.Picado","precio":8592.64,"destacado":false,"descripcion":"","imagen":"assets/products/CA-779813095736.webp","tags":["pintura","aerosol","para","pelo","importada","candela","dorado","paquetex6"]},{"id":"CA-779813095744","nombre":"PINTURA AEROSOL PARA PELO IMPORTADA CANDELA NARANJA PAQUETEx6u.","categoria":"Cotillon","subcategoria":"Nieve/Serpentina/Pintura/Polvos/Cañones/P.Picado","precio":8592.64,"destacado":false,"descripcion":"","imagen":"assets/products/CA-779813095744.webp","tags":["pintura","aerosol","para","pelo","importada","candela","naranja","paquetex6u"]},{"id":"CA-779813095735","nombre":"PINTURA AEROSOL PARA PELO IMPORTADA CANDELA NEGRO PAQUETEx6","categoria":"Cotillon","subcategoria":"Nieve/Serpentina/Pintura/Polvos/Cañones/P.Picado","precio":8592.64,"destacado":false,"descripcion":"","imagen":"assets/products/CA-779813095735.webp","tags":["pintura","aerosol","para","pelo","importada","candela","negro","paquetex6"]},{"id":"CA-779813095737","nombre":"PINTURA AEROSOL PARA PELO IMPORTADA CANDELA PLATA PAQUETEx6","categoria":"Cotillon","subcategoria":"Nieve/Serpentina/Pintura/Polvos/Cañones/P.Picado","precio":8592.64,"destacado":false,"descripcion":"","imagen":"assets/products/CA-779813095737.webp","tags":["pintura","aerosol","para","pelo","importada","candela","plata","paquetex6"]},{"id":"CA-779813095738","nombre":"PINTURA AEROSOL PARA PELO IMPORTADA CANDELA ROJO PAQUETEx6u.","categoria":"Cotillon","subcategoria":"Nieve/Serpentina/Pintura/Polvos/Cañones/P.Picado","precio":8592.64,"destacado":false,"descripcion":"","imagen":"assets/products/CA-779813095738.webp","tags":["pintura","aerosol","para","pelo","importada","candela","rojo","paquetex6u"]},{"id":"CA-779813095739","nombre":"PINTURA AEROSOL PARA PELO IMPORTADA CANDELA ROSA PAQUETEx6u.","categoria":"Cotillon","subcategoria":"Nieve/Serpentina/Pintura/Polvos/Cañones/P.Picado","precio":8592.64,"destacado":false,"descripcion":"","imagen":"assets/products/CA-779813095739.webp","tags":["pintura","aerosol","para","pelo","importada","candela","rosa","paquetex6u"]},{"id":"CA-779813095741","nombre":"PINTURA AEROSOL PARA PELO IMPORTADA CANDELA VERDE PAQUETEx6u.","categoria":"Cotillon","subcategoria":"Nieve/Serpentina/Pintura/Polvos/Cañones/P.Picado","precio":8592.64,"destacado":false,"descripcion":"","imagen":"assets/products/CA-779813095741.webp","tags":["pintura","aerosol","para","pelo","importada","candela","verde","paquetex6u"]},{"id":"CA-779813095743","nombre":"PINTURA AEROSOL PARA PELO IMPORTADA CANDELA VIOLETA/PURPURA PAQUETEx6u.","categoria":"Cotillon","subcategoria":"Nieve/Serpentina/Pintura/Polvos/Cañones/P.Picado","precio":8592.64,"destacado":false,"descripcion":"","imagen":"assets/products/CA-779813095743.webp","tags":["pintura","aerosol","para","pelo","importada","candela","violeta","purpura","paquetex6u"]},{"id":"CA-000000054729","nombre":"PINTURA AEROSOL PARA PELO NASHVILLE CRAZY COLOR AMARILLO x12u.","categoria":"Cotillon","subcategoria":"Nieve/Serpentina/Pintura/Polvos/Cañones/P.Picado","precio":16524.0,"destacado":false,"descripcion":"","imagen":"assets/products/CA-000000054729.webp","tags":["pintura","aerosol","para","pelo","nashville","crazy","color","amarillo","x12u"]},{"id":"CA-000000054730","nombre":"PINTURA AEROSOL PARA PELO NASHVILLE CRAZY COLOR AZUL x12u.","categoria":"Cotillon","subcategoria":"Nieve/Serpentina/Pintura/Polvos/Cañones/P.Picado","precio":16524.0,"destacado":false,"descripcion":"","imagen":"assets/products/CA-000000054730.webp","tags":["pintura","aerosol","para","pelo","nashville","crazy","color","azul","x12u"]},{"id":"CA-01177980470336","nombre":"PINTURA AEROSOL PARA PELO NASHVILLE CRAZY COLOR BLANCA x12u.","categoria":"Cotillon","subcategoria":"Nieve/Serpentina/Pintura/Polvos/Cañones/P.Picado","precio":16524.0,"destacado":false,"descripcion":"","imagen":"assets/products/CA-01177980470336.webp","tags":["pintura","aerosol","para","pelo","nashville","crazy","color","blanca","x12u"]},{"id":"CA-000000054732","nombre":"PINTURA AEROSOL PARA PELO NASHVILLE CRAZY COLOR CELESTE x12u.","categoria":"Cotillon","subcategoria":"Nieve/Serpentina/Pintura/Polvos/Cañones/P.Picado","precio":16524.0,"destacado":false,"descripcion":"","imagen":"assets/products/CA-000000054732.webp","tags":["pintura","aerosol","para","pelo","nashville","crazy","color","celeste","x12u"]},{"id":"CA-000000055053","nombre":"PINTURA AEROSOL PARA PELO NASHVILLE CRAZY COLOR DORADO x12u.","categoria":"Cotillon","subcategoria":"Nieve/Serpentina/Pintura/Polvos/Cañones/P.Picado","precio":16524.0,"destacado":false,"descripcion":"","imagen":"assets/products/CA-000000055053.webp","tags":["pintura","aerosol","para","pelo","nashville","crazy","color","dorado","x12u"]},{"id":"CA-000000054733","nombre":"PINTURA AEROSOL PARA PELO NASHVILLE CRAZY COLOR FUCSIA x12u.","categoria":"Cotillon","subcategoria":"Nieve/Serpentina/Pintura/Polvos/Cañones/P.Picado","precio":16524.0,"destacado":false,"descripcion":"","imagen":"assets/products/CA-000000054733.webp","tags":["pintura","aerosol","para","pelo","nashville","crazy","color","fucsia","x12u"]},{"id":"CA-000000054734","nombre":"PINTURA AEROSOL PARA PELO NASHVILLE CRAZY COLOR NARANJA x12u.","categoria":"Cotillon","subcategoria":"Nieve/Serpentina/Pintura/Polvos/Cañones/P.Picado","precio":16524.0,"destacado":false,"descripcion":"","imagen":"assets/products/CA-000000054734.webp","tags":["pintura","aerosol","para","pelo","nashville","crazy","color","naranja","x12u"]},{"id":"CA-01177980470337","nombre":"PINTURA AEROSOL PARA PELO NASHVILLE CRAZY COLOR NEGRA x12u.","categoria":"Cotillon","subcategoria":"Nieve/Serpentina/Pintura/Polvos/Cañones/P.Picado","precio":16524.0,"destacado":false,"descripcion":"","imagen":"assets/products/CA-01177980470337.webp","tags":["pintura","aerosol","para","pelo","nashville","crazy","color","negra","x12u"]},{"id":"CA-000000055052","nombre":"PINTURA AEROSOL PARA PELO NASHVILLE CRAZY COLOR PLATEADO x12u.","categoria":"Cotillon","subcategoria":"Nieve/Serpentina/Pintura/Polvos/Cañones/P.Picado","precio":16524.0,"destacado":false,"descripcion":"","imagen":"assets/products/CA-000000055052.webp","tags":["pintura","aerosol","para","pelo","nashville","crazy","color","plateado","x12u"]},{"id":"CA-000000054736","nombre":"PINTURA AEROSOL PARA PELO NASHVILLE CRAZY COLOR ROJO x12u.","categoria":"Cotillon","subcategoria":"Nieve/Serpentina/Pintura/Polvos/Cañones/P.Picado","precio":16524.0,"destacado":false,"descripcion":"","imagen":"assets/products/CA-000000054736.webp","tags":["pintura","aerosol","para","pelo","nashville","crazy","color","rojo","x12u"]},{"id":"CA-000000054737","nombre":"PINTURA AEROSOL PARA PELO NASHVILLE CRAZY COLOR VERDE x12u.","categoria":"Cotillon","subcategoria":"Nieve/Serpentina/Pintura/Polvos/Cañones/P.Picado","precio":16524.0,"destacado":false,"descripcion":"","imagen":"assets/products/CA-000000054737.webp","tags":["pintura","aerosol","para","pelo","nashville","crazy","color","verde","x12u"]},{"id":"CA-000000054738","nombre":"PINTURA AEROSOL PARA PELO NASHVILLE CRAZY COLOR VIOLETA x12u.","categoria":"Cotillon","subcategoria":"Nieve/Serpentina/Pintura/Polvos/Cañones/P.Picado","precio":16524.0,"destacado":false,"descripcion":"","imagen":"assets/products/CA-000000054738.webp","tags":["pintura","aerosol","para","pelo","nashville","crazy","color","violeta","x12u"]},{"id":"CA-779832235467","nombre":"PIPA PLASTICA DETECTIVE x1 AC142  PS","categoria":"Cotillon","subcategoria":"Accesorios Y Sets Para Disfraces / Tutu","precio":1965.95,"destacado":false,"descripcion":"","imagen":"assets/products/CA-779832235467.webp","tags":["pipa","plastica","detective","ac142"]},{"id":"CA-202207291926","nombre":"PISTOLA DE AGUA 13cm ECONOMICA  x1u. 655-1","categoria":"Cotillon","subcategoria":"Miniaturas / Juguetitos / Regalitos","precio":641.89,"destacado":false,"descripcion":"","imagen":"assets/products/CA-202207291926.webp","tags":["pistola","agua","13cm","economica","x1u","655"]},{"id":"CA-202207291923","nombre":"PISTOLA DE AGUA 17cm ECONOMICA  x1u. 654","categoria":"Cotillon","subcategoria":"Miniaturas / Juguetitos / Regalitos","precio":779.96,"destacado":false,"descripcion":"NUEVO 18/12/2025","imagen":"assets/products/CA-202207291923.webp","tags":["pistola","agua","17cm","economica","x1u","654"]},{"id":"CA-202207291909","nombre":"PISTOLA DE AGUA 22cm CON TANQUE x1u. 1001","categoria":"Cotillon","subcategoria":"Miniaturas / Juguetitos / Regalitos","precio":1169.94,"destacado":false,"descripcion":"* (18/12/2025)","imagen":"assets/products/CA-202207291909.webp","tags":["pistola","agua","22cm","con","tanque","x1u","1001"]}]}