{"category_slug":"cotillon","subcategory_slug":"","page":63,"page_size":48,"total":4091,"items":[{"id":"CA-202560000873","nombre":"KIT GLOBOS PREMIUM FELIZ CUMPLEAÑOS BLANCO-ROSA 117 PIEZAS x1 FP0873-01","categoria":"Cotillon","subcategoria":"Globos Kits","precio":10478.16,"destacado":false,"descripcion":"","imagen":"assets/products/CA-202560000873.webp","tags":["kit","globos","premium","feliz","cumpleaños","blanco","rosa","117","piezas","fp0873"]},{"id":"CA-000000056828","nombre":"KIT GLOBOS PREMIUM FELIZ CUMPLEAÑOS BOCA x1","categoria":"Cotillon","subcategoria":"Globos Kits","precio":12180.49,"destacado":false,"descripcion":"","imagen":"assets/products/CA-000000056828.webp","tags":["kit","globos","premium","feliz","cumpleaños","boca"]},{"id":"CA-692025015881","nombre":"KIT GLOBOS PREMIUM FELIZ CUMPLEAÑOS CAPIBARA DORADO/MARRON 61PCS x1 AF15881","categoria":"Cotillon","subcategoria":"Globos Kit Y Siluetas Personajes","precio":7608.45,"destacado":false,"descripcion":"","imagen":"assets/products/CA-692025015881.webp","tags":["kit","globos","premium","feliz","cumpleaños","capibara","dorado","marron","61pcs","af15881"]},{"id":"CA-692025015882","nombre":"KIT GLOBOS PREMIUM FELIZ CUMPLEAÑOS CAPIBARA MARRON/ARENA 60PCS x1 AF15882","categoria":"Cotillon","subcategoria":"Globos Kit Y Siluetas Personajes","precio":7608.45,"destacado":false,"descripcion":"","imagen":"assets/products/CA-692025015882.webp","tags":["kit","globos","premium","feliz","cumpleaños","capibara","marron","arena","60pcs","af15882"]},{"id":"CA-692025015880","nombre":"KIT GLOBOS PREMIUM FELIZ CUMPLEAÑOS CAPIBARA NUDE 55PCS x1 AF15880","categoria":"Cotillon","subcategoria":"Globos Kit Y Siluetas Personajes","precio":7608.45,"destacado":false,"descripcion":"","imagen":"assets/products/CA-692025015880.webp","tags":["kit","globos","premium","feliz","cumpleaños","capibara","nude","55pcs","af15880"]},{"id":"CA-692025015883","nombre":"KIT GLOBOS PREMIUM FELIZ CUMPLEAÑOS CAPIBARA ROSA 65PCS x1 AF15883","categoria":"Cotillon","subcategoria":"Globos Kit Y Siluetas Personajes","precio":7608.45,"destacado":false,"descripcion":"","imagen":"assets/products/CA-692025015883.webp","tags":["kit","globos","premium","feliz","cumpleaños","capibara","rosa","65pcs","af15883"]},{"id":"CA-692025015878","nombre":"KIT GLOBOS PREMIUM FELIZ CUMPLEAÑOS CAPIBARA ROSA/DORADO 65PCS x1 AF15878","categoria":"Cotillon","subcategoria":"Globos Kit Y Siluetas Personajes","precio":7608.45,"destacado":false,"descripcion":"","imagen":"assets/products/CA-692025015878.webp","tags":["kit","globos","premium","feliz","cumpleaños","capibara","rosa","dorado","65pcs","af15878"]},{"id":"CA-692025015866","nombre":"KIT GLOBOS PREMIUM FELIZ CUMPLEAÑOS CON FLORES VARIOS COLORES 60PZS x1 AF15866","categoria":"Cotillon","subcategoria":"Globos Kits","precio":9198.28,"destacado":false,"descripcion":"","imagen":"assets/products/CA-692025015866.webp","tags":["kit","globos","premium","feliz","cumpleaños","con","flores","varios","colores","60pzs","af15866"]},{"id":"CA-000000054050","nombre":"KIT GLOBOS PREMIUM FELIZ CUMPLEAÑOS CORTINA NEGRA x1 72 PZAS","categoria":"Cotillon","subcategoria":"Globos Kits","precio":9624.77,"destacado":false,"descripcion":"","imagen":"assets/products/CA-000000054050.webp","tags":["kit","globos","premium","feliz","cumpleaños","cortina","negra","pzas"]},{"id":"CA-202562000873","nombre":"KIT GLOBOS PREMIUM FELIZ CUMPLEAÑOS DORADO-NEGRO 117 PIEZAS x1 FP0873-02","categoria":"Cotillon","subcategoria":"Globos Kits","precio":10478.16,"destacado":false,"descripcion":"","imagen":"assets/products/CA-202562000873.webp","tags":["kit","globos","premium","feliz","cumpleaños","dorado","negro","117","piezas","fp0873"]},{"id":"CA-202502241210","nombre":"KIT GLOBOS PREMIUM FELIZ CUMPLEAÑOS ESTRELLA BEIGE 80 PIEZAS x1","categoria":"Cotillon","subcategoria":"Globos Kits","precio":10108.0,"destacado":false,"descripcion":"","imagen":"assets/products/CA-202502241210.webp","tags":["kit","globos","premium","feliz","cumpleaños","estrella","beige","piezas"]},{"id":"CA-202502241213","nombre":"KIT GLOBOS PREMIUM FELIZ CUMPLEAÑOS ESTRELLA BEIGE 88 PIEZAS x1","categoria":"Cotillon","subcategoria":"Globos Kits","precio":10108.0,"destacado":false,"descripcion":"","imagen":"assets/products/CA-202502241213.webp","tags":["kit","globos","premium","feliz","cumpleaños","estrella","beige","piezas"]},{"id":"CA-202502241214","nombre":"KIT GLOBOS PREMIUM FELIZ CUMPLEAÑOS ESTRELLA MARRON 70 PIEZAS x1","categoria":"Cotillon","subcategoria":"Globos Kits","precio":10108.0,"destacado":false,"descripcion":"","imagen":"assets/products/CA-202502241214.webp","tags":["kit","globos","premium","feliz","cumpleaños","estrella","marron","piezas"]},{"id":"CA-000000056823","nombre":"KIT GLOBOS PREMIUM FELIZ CUMPLEAÑOS FUTBOL x1","categoria":"Cotillon","subcategoria":"Globos Kits","precio":12180.49,"destacado":false,"descripcion":"","imagen":"assets/products/CA-000000056823.webp","tags":["kit","globos","premium","feliz","cumpleaños","futbol"]},{"id":"CA-692025015869","nombre":"KIT GLOBOS PREMIUM FELIZ CUMPLEAÑOS HELLO KITTY ROSA GOLD 57PCS x1 AF15869","categoria":"Cotillon","subcategoria":"Globos Kit Y Siluetas Personajes","precio":7350.54,"destacado":false,"descripcion":"","imagen":"assets/products/CA-692025015869.webp","tags":["kit","globos","premium","feliz","cumpleaños","hello","kitty","rosa","gold","57pcs","af15869"]},{"id":"CA-692025015868","nombre":"KIT GLOBOS PREMIUM FELIZ CUMPLEAÑOS KUROMI 64PCS x1 AF15868","categoria":"Cotillon","subcategoria":"Globos Kit Y Siluetas Personajes","precio":7350.54,"destacado":false,"descripcion":"","imagen":"assets/products/CA-692025015868.webp","tags":["kit","globos","premium","feliz","cumpleaños","kuromi","64pcs","af15868"]},{"id":"CA-692025015895","nombre":"KIT GLOBOS PREMIUM FELIZ CUMPLEAÑOS LABUBU DORADO/BLANCO 65PCS x1 AF15895","categoria":"Cotillon","subcategoria":"Globos Kit Y Siluetas Personajes","precio":7608.45,"destacado":false,"descripcion":"","imagen":"assets/products/CA-692025015895.webp","tags":["kit","globos","premium","feliz","cumpleaños","labubu","dorado","blanco","65pcs","af15895"]},{"id":"CA-692025015893","nombre":"KIT GLOBOS PREMIUM FELIZ CUMPLEAÑOS LABUBU ROSA 61PCS x1 AF15893","categoria":"Cotillon","subcategoria":"Globos Kit Y Siluetas Personajes","precio":7350.54,"destacado":false,"descripcion":"","imagen":"assets/products/CA-692025015893.webp","tags":["kit","globos","premium","feliz","cumpleaños","labubu","rosa","61pcs","af15893"]},{"id":"CA-692025015891","nombre":"KIT GLOBOS PREMIUM FELIZ CUMPLEAÑOS LABUBU VERDE 61PCS x1 AF15891","categoria":"Cotillon","subcategoria":"Globos Kit Y Siluetas Personajes","precio":7350.54,"destacado":false,"descripcion":"","imagen":"assets/products/CA-692025015891.webp","tags":["kit","globos","premium","feliz","cumpleaños","labubu","verde","61pcs","af15891"]},{"id":"CA-692025015894","nombre":"KIT GLOBOS PREMIUM FELIZ CUMPLEAÑOS LABUBU VERDE/ROSA/BLANCO 58PCS x1 AF15894","categoria":"Cotillon","subcategoria":"Globos Kit Y Siluetas Personajes","precio":7608.45,"destacado":false,"descripcion":"","imagen":"assets/products/CA-692025015894.webp","tags":["kit","globos","premium","feliz","cumpleaños","labubu","verde","rosa","blanco","58pcs","af15894"]},{"id":"CA-692025015892","nombre":"KIT GLOBOS PREMIUM FELIZ CUMPLEAÑOS LABUBU VIOLETA 63PCS x1 AF15892","categoria":"Cotillon","subcategoria":"Globos Kit Y Siluetas Personajes","precio":7608.45,"destacado":false,"descripcion":"","imagen":"assets/products/CA-692025015892.webp","tags":["kit","globos","premium","feliz","cumpleaños","labubu","violeta","63pcs","af15892"]},{"id":"CA-202564000873","nombre":"KIT GLOBOS PREMIUM FELIZ CUMPLEAÑOS LILA-BLANCO-ROSA 117 PIEZAS x1 FP0873-04","categoria":"Cotillon","subcategoria":"Globos Kits","precio":10478.16,"destacado":false,"descripcion":"","imagen":"assets/products/CA-202564000873.webp","tags":["kit","globos","premium","feliz","cumpleaños","lila","blanco","rosa","117","piezas","fp0873"]},{"id":"CA-692025015888","nombre":"KIT GLOBOS PREMIUM FELIZ CUMPLEAÑOS LILA/ROSA 67PZS x1 AF15889","categoria":"Cotillon","subcategoria":"Globos Kits","precio":8685.3,"destacado":false,"descripcion":"","imagen":"assets/products/CA-692025015888.webp","tags":["kit","globos","premium","feliz","cumpleaños","lila","rosa","67pzs","af15889"]},{"id":"CA-202502241215","nombre":"KIT GLOBOS PREMIUM FELIZ CUMPLEAÑOS MARIPOSAS 74 PIEZASx1","categoria":"Cotillon","subcategoria":"Globos Kits","precio":10108.0,"destacado":false,"descripcion":"","imagen":"assets/products/CA-202502241215.webp","tags":["kit","globos","premium","feliz","cumpleaños","mariposas","piezasx1"]},{"id":"CA-000000056827","nombre":"KIT GLOBOS PREMIUM FELIZ CUMPLEAÑOS RIVER x1","categoria":"Cotillon","subcategoria":"Globos Kits","precio":12180.49,"destacado":false,"descripcion":"","imagen":"assets/products/CA-000000056827.webp","tags":["kit","globos","premium","feliz","cumpleaños","river"]},{"id":"CA-695560789136","nombre":"KIT GLOBOS PREMIUM FELIZ CUMPLEAÑOS/CORTINA CARS 49 PIEZAS x1 XY-793","categoria":"Cotillon","subcategoria":"Globos Kit Y Siluetas Personajes","precio":8830.84,"destacado":false,"descripcion":"","imagen":"assets/products/CA-695560789136.webp","tags":["kit","globos","premium","feliz","cumpleaños","cortina","cars","piezas","793"]},{"id":"CA-000000057638","nombre":"KIT GLOBOS PREMIUM FELIZ DIA MAMA CORAZON 104 PIEZAS x1 XY-L2592","categoria":"Cotillon","subcategoria":"Globos Kits","precio":10108.0,"destacado":false,"descripcion":"","imagen":"assets/products/CA-000000057638.webp","tags":["kit","globos","premium","feliz","dia","mama","corazon","104","piezas","l2592"]},{"id":"CA-690836292033","nombre":"KIT GLOBOS PREMIUM METAL/LISO/CONFETTI 131 PIEZAS x1 GY-520-9","categoria":"Cotillon","subcategoria":"Globos Kits","precio":10851.95,"destacado":false,"descripcion":"","imagen":"assets/products/CA-690836292033.webp","tags":["kit","globos","premium","metal","liso","confetti","131","piezas","520"]},{"id":"CA-625321589753","nombre":"KIT GLOBOS PREMIUM METAL/LISO/CONFETTI 90 PIEZAS x1 GY-520-5","categoria":"Cotillon","subcategoria":"Globos Kits","precio":9076.19,"destacado":false,"descripcion":"","imagen":"assets/products/CA-625321589753.webp","tags":["kit","globos","premium","metal","liso","confetti","piezas","520"]},{"id":"CA-429120250821","nombre":"KIT GLOBOS PREMIUM MIS 15 AÑOS NEGRO Y BLANCO 58 PIEZAS x1 SWL-7353 GY-4291","categoria":"Cotillon","subcategoria":"Globos Kits","precio":9895.2,"destacado":false,"descripcion":"NUEVO 18/12/2025","imagen":"assets/products/CA-429120250821.webp","tags":["kit","globos","premium","mis","años","negro","blanco","piezas","swl","7353","4291"]},{"id":"CA-000000053458","nombre":"KIT GLOBOS PREMIUM MIS 15 AÑOS NEGRO/DORADO 72 PIEZAS x1 XY-L2232","categoria":"Cotillon","subcategoria":"Globos Kits","precio":10194.45,"destacado":false,"descripcion":"","imagen":"assets/products/CA-000000053458.webp","tags":["kit","globos","premium","mis","años","negro","dorado","piezas","l2232"]},{"id":"CA-000000052959","nombre":"KIT GLOBOS PREMIUM MIS 15 AÑOS ROSA GOLD/DORADO 61 PIEZAS x1 XY-L2236","categoria":"Cotillon","subcategoria":"Globos Kits","precio":10194.45,"destacado":false,"descripcion":"","imagen":"assets/products/CA-000000052959.webp","tags":["kit","globos","premium","mis","años","rosa","gold","dorado","piezas","l2236"]},{"id":"CA-000000053459","nombre":"KIT GLOBOS PREMIUM MIS 15 AÑOS ROSA/BLANCO 72 PIEZAS x1 XY-L2234","categoria":"Cotillon","subcategoria":"Globos Kits","precio":10194.45,"destacado":false,"descripcion":"","imagen":"assets/products/CA-000000053459.webp","tags":["kit","globos","premium","mis","años","rosa","blanco","piezas","l2234"]},{"id":"CA-000000055116","nombre":"KIT GLOBOS PREMIUM MIS 15 AÑOS TONOS ROSAS 65 PIEZAS x1 XY-L2230","categoria":"Cotillon","subcategoria":"Globos Kits","precio":10194.45,"destacado":false,"descripcion":"","imagen":"assets/products/CA-000000055116.webp","tags":["kit","globos","premium","mis","años","tonos","rosas","piezas","l2230"]},{"id":"CA-429220250821","nombre":"KIT GLOBOS PREMIUM MIS 15 AÑOS TONOS ROSAS 69 PIEZAS x1 SWL-7350 GY-4292","categoria":"Cotillon","subcategoria":"Globos Kits","precio":9895.2,"destacado":false,"descripcion":"NUEVO 18/12/2025","imagen":"assets/products/CA-429220250821.webp","tags":["kit","globos","premium","mis","años","tonos","rosas","piezas","swl","7350","4292"]},{"id":"CA-202599000871","nombre":"KIT GLOBOS PREMIUM PLATA/DORADO 69 PIEZAS x1 FP0871","categoria":"Cotillon","subcategoria":"Globos Kit Y Siluetas Personajes","precio":10279.18,"destacado":false,"descripcion":"","imagen":"assets/products/CA-202599000871.webp","tags":["kit","globos","premium","plata","dorado","piezas","fp0871"]},{"id":"CA-202562000871","nombre":"KIT GLOBOS PREMIUM PLATEADO 69 PIEZAS x1 FP0871-02","categoria":"Cotillon","subcategoria":"Globos Kit Y Siluetas Personajes","precio":10279.18,"destacado":false,"descripcion":"","imagen":"assets/products/CA-202562000871.webp","tags":["kit","globos","premium","plateado","piezas","fp0871"]},{"id":"CA-202504121352","nombre":"KIT GLOBOS PREMIUM RIVER/FELIZ CUMPLEAÑOS 72 PIEZAS x1","categoria":"Cotillon","subcategoria":"Globos Kits","precio":9964.5,"destacado":false,"descripcion":"","imagen":"assets/products/CA-202504121352.webp","tags":["kit","globos","premium","river","feliz","cumpleaños","piezas"]},{"id":"CA-000000057637","nombre":"KIT GLOBOS PREMIUM ROSA/ ROSA GOLD/BLANCO CONFETTI 98 PIEZAS x1","categoria":"Cotillon","subcategoria":"Globos Kits","precio":10640.0,"destacado":false,"descripcion":"","imagen":"assets/products/CA-000000057637.webp","tags":["kit","globos","premium","rosa","rosa","gold","blanco","confetti","piezas"]},{"id":"CA-692025015874","nombre":"KIT GLOBOS PREMIUMMIS 15 AÑOS DORADO/NEGRO 67PZS x1 AF15874","categoria":"Cotillon","subcategoria":"Globos Kits","precio":10224.24,"destacado":false,"descripcion":"","imagen":"assets/products/CA-692025015874.webp","tags":["kit","globos","premiummis","años","dorado","negro","67pzs","af15874"]},{"id":"CA-692025015875","nombre":"KIT GLOBOS PREMIUMMIS 15 AÑOS PLATA/ORO 62PZS x1 AF15875","categoria":"Cotillon","subcategoria":"Globos Kits","precio":9198.28,"destacado":false,"descripcion":"","imagen":"assets/products/CA-692025015875.webp","tags":["kit","globos","premiummis","años","plata","oro","62pzs","af15875"]},{"id":"CA-202562000596","nombre":"KIT GLOBOS ROSA/BLANCO Y ACCESORIOS 100 PIEZAS x1 FP0596-02","categoria":"Cotillon","subcategoria":"Globos Kits","precio":9556.47,"destacado":false,"descripcion":"","imagen":"assets/products/CA-202562000596.webp","tags":["kit","globos","rosa","blanco","accesorios","100","piezas","fp0596"]},{"id":"CA-202564000596","nombre":"KIT GLOBOS ROSA/LILA/VERDE Y ACCESORIOS 100 PIEZAS x1 FP0596-04","categoria":"Cotillon","subcategoria":"Globos Kits","precio":9556.47,"destacado":false,"descripcion":"","imagen":"assets/products/CA-202564000596.webp","tags":["kit","globos","rosa","lila","verde","accesorios","100","piezas","fp0596"]},{"id":"CA-779819415147","nombre":"KIT GUIRNALDA DE GLOBOS GLOBOX 12\" ( BLANCO-DORADO-NEGRO) x1 51471","categoria":"Cotillon","subcategoria":"Globos Kits","precio":6718.1,"destacado":false,"descripcion":"","imagen":"assets/products/CA-779819415147.webp","tags":["kit","guirnalda","globos","globox","blanco","dorado","negro","51471"]},{"id":"CA-779819415673","nombre":"KIT GUIRNALDA DE GLOBOS GLOBOX 12\" ( BLANCO-PLATA-NEGRO) x1 56735","categoria":"Cotillon","subcategoria":"Globos Kits","precio":6718.1,"destacado":false,"descripcion":"","imagen":"assets/products/CA-779819415673.webp","tags":["kit","guirnalda","globos","globox","blanco","plata","negro","56735"]},{"id":"CA-779819415148","nombre":"KIT GUIRNALDA DE GLOBOS GLOBOX 12\" BLANCO-CELESTE x1 51488","categoria":"Cotillon","subcategoria":"Globos Kits","precio":6718.1,"destacado":false,"descripcion":"","imagen":"assets/products/CA-779819415148.webp","tags":["kit","guirnalda","globos","globox","blanco","celeste","51488"]},{"id":"CA-779819415256","nombre":"KIT GUIRNALDA DE GLOBOS GLOBOX 12\" BOCA x1 52560","categoria":"Cotillon","subcategoria":"Globos Kits","precio":6718.1,"destacado":false,"descripcion":"","imagen":"assets/products/CA-779819415256.webp","tags":["kit","guirnalda","globos","globox","boca","52560"]},{"id":"CA-779819415540","nombre":"KIT GUIRNALDA DE GLOBOS GLOBOX 12\" FLUO x1 55400","categoria":"Cotillon","subcategoria":"Globos Kits","precio":6718.1,"destacado":false,"descripcion":"","imagen":"assets/products/CA-779819415540.webp","tags":["kit","guirnalda","globos","globox","fluo","55400"]}]}