{"category_slug":"cotillon","subcategory_slug":"","page":13,"page_size":48,"total":4091,"items":[{"id":"CA-000000051091","nombre":"BLISTER VELA NUMERO PINCHE CON GIBRE CELESTE N°7 X1 UNIDAD","categoria":"Cotillon","subcategoria":"Velas","precio":514.08,"destacado":false,"descripcion":"","imagen":"assets/products/CA-000000051091.webp","tags":["blister","vela","numero","pinche","con","gibre","celeste","unidad"]},{"id":"CA-000000056739","nombre":"BLISTER VELA NUMERO PINCHE CON GIBRE CELESTE N°8 X 6 UNIDADES","categoria":"Cotillon","subcategoria":"Velas","precio":2974.32,"destacado":false,"descripcion":"","imagen":"assets/products/CA-000000056739.webp","tags":["blister","vela","numero","pinche","con","gibre","celeste","unidades"]},{"id":"CA-000000051092","nombre":"BLISTER VELA NUMERO PINCHE CON GIBRE CELESTE N°8 X1 UNIDAD","categoria":"Cotillon","subcategoria":"Velas","precio":514.08,"destacado":false,"descripcion":"","imagen":"assets/products/CA-000000051092.webp","tags":["blister","vela","numero","pinche","con","gibre","celeste","unidad"]},{"id":"CA-000000056770","nombre":"BLISTER VELA NUMERO PINCHE CON GIBRE CELESTE N°9 X 6 UNIDADES","categoria":"Cotillon","subcategoria":"Velas","precio":2974.32,"destacado":false,"descripcion":"","imagen":"assets/products/CA-000000056770.webp","tags":["blister","vela","numero","pinche","con","gibre","celeste","unidades"]},{"id":"CA-000000051093","nombre":"BLISTER VELA NUMERO PINCHE CON GIBRE CELESTE N°9 X1 UNIDAD","categoria":"Cotillon","subcategoria":"Velas","precio":514.08,"destacado":false,"descripcion":"","imagen":"assets/products/CA-000000051093.webp","tags":["blister","vela","numero","pinche","con","gibre","celeste","unidad"]},{"id":"CA-000000056740","nombre":"BLISTER VELA NUMERO PINCHE CON GIBRE DORADA N°0 X 6 UNIDADES","categoria":"Cotillon","subcategoria":"Velas","precio":2974.32,"destacado":false,"descripcion":"","imagen":"assets/products/CA-000000056740.webp","tags":["blister","vela","numero","pinche","con","gibre","dorada","unidades"]},{"id":"CA-000000051064","nombre":"BLISTER VELA NUMERO PINCHE CON GIBRE DORADA N°0 X1 UNIDAD","categoria":"Cotillon","subcategoria":"Velas","precio":514.08,"destacado":false,"descripcion":"","imagen":"assets/products/CA-000000051064.webp","tags":["blister","vela","numero","pinche","con","gibre","dorada","unidad"]},{"id":"CA-000000056741","nombre":"BLISTER VELA NUMERO PINCHE CON GIBRE DORADA N°1 X 6 UNIDADES","categoria":"Cotillon","subcategoria":"Velas","precio":2974.32,"destacado":false,"descripcion":"","imagen":"assets/products/CA-000000056741.webp","tags":["blister","vela","numero","pinche","con","gibre","dorada","unidades"]},{"id":"CA-000000051065","nombre":"BLISTER VELA NUMERO PINCHE CON GIBRE DORADA N°1 X1 UNIDAD","categoria":"Cotillon","subcategoria":"Velas","precio":514.08,"destacado":false,"descripcion":"","imagen":"assets/products/CA-000000051065.webp","tags":["blister","vela","numero","pinche","con","gibre","dorada","unidad"]},{"id":"CA-000000056742","nombre":"BLISTER VELA NUMERO PINCHE CON GIBRE DORADA N°2 X 6 UNIDADES","categoria":"Cotillon","subcategoria":"Velas","precio":2974.32,"destacado":false,"descripcion":"","imagen":"assets/products/CA-000000056742.webp","tags":["blister","vela","numero","pinche","con","gibre","dorada","unidades"]},{"id":"CA-000000051066","nombre":"BLISTER VELA NUMERO PINCHE CON GIBRE DORADA N°2 X1 UNIDAD","categoria":"Cotillon","subcategoria":"Velas","precio":514.08,"destacado":false,"descripcion":"","imagen":"assets/products/CA-000000051066.webp","tags":["blister","vela","numero","pinche","con","gibre","dorada","unidad"]},{"id":"CA-000000056743","nombre":"BLISTER VELA NUMERO PINCHE CON GIBRE DORADA N°3 X 6 UNIDADES","categoria":"Cotillon","subcategoria":"Velas","precio":2974.32,"destacado":false,"descripcion":"","imagen":"assets/products/CA-000000056743.webp","tags":["blister","vela","numero","pinche","con","gibre","dorada","unidades"]},{"id":"CA-000000051067","nombre":"BLISTER VELA NUMERO PINCHE CON GIBRE DORADA N°3 X1 UNIDAD","categoria":"Cotillon","subcategoria":"Velas","precio":514.08,"destacado":false,"descripcion":"","imagen":"assets/products/CA-000000051067.webp","tags":["blister","vela","numero","pinche","con","gibre","dorada","unidad"]},{"id":"CA-000000056744","nombre":"BLISTER VELA NUMERO PINCHE CON GIBRE DORADA N°4 X 6 UNIDADES","categoria":"Cotillon","subcategoria":"Velas","precio":2974.32,"destacado":false,"descripcion":"","imagen":"assets/products/CA-000000056744.webp","tags":["blister","vela","numero","pinche","con","gibre","dorada","unidades"]},{"id":"CA-000000051068","nombre":"BLISTER VELA NUMERO PINCHE CON GIBRE DORADA N°4 X1 UNIDAD","categoria":"Cotillon","subcategoria":"Velas","precio":514.08,"destacado":false,"descripcion":"","imagen":"assets/products/CA-000000051068.webp","tags":["blister","vela","numero","pinche","con","gibre","dorada","unidad"]},{"id":"CA-000000056745","nombre":"BLISTER VELA NUMERO PINCHE CON GIBRE DORADA N°5 X 6 UNIDADES","categoria":"Cotillon","subcategoria":"Velas","precio":2974.32,"destacado":false,"descripcion":"","imagen":"assets/products/CA-000000056745.webp","tags":["blister","vela","numero","pinche","con","gibre","dorada","unidades"]},{"id":"CA-000000051069","nombre":"BLISTER VELA NUMERO PINCHE CON GIBRE DORADA N°5 X1 UNIDAD","categoria":"Cotillon","subcategoria":"Velas","precio":514.08,"destacado":false,"descripcion":"","imagen":"assets/products/CA-000000051069.webp","tags":["blister","vela","numero","pinche","con","gibre","dorada","unidad"]},{"id":"CA-000000056746","nombre":"BLISTER VELA NUMERO PINCHE CON GIBRE DORADA N°6 X 6 UNIDADES","categoria":"Cotillon","subcategoria":"Velas","precio":2974.32,"destacado":false,"descripcion":"","imagen":"assets/products/CA-000000056746.webp","tags":["blister","vela","numero","pinche","con","gibre","dorada","unidades"]},{"id":"CA-000000051070","nombre":"BLISTER VELA NUMERO PINCHE CON GIBRE DORADA N°6 X1 UNIDAD","categoria":"Cotillon","subcategoria":"Velas","precio":514.08,"destacado":false,"descripcion":"","imagen":"assets/products/CA-000000051070.webp","tags":["blister","vela","numero","pinche","con","gibre","dorada","unidad"]},{"id":"CA-000000056747","nombre":"BLISTER VELA NUMERO PINCHE CON GIBRE DORADA N°7 X 6 UNIDADES","categoria":"Cotillon","subcategoria":"Velas","precio":2974.32,"destacado":false,"descripcion":"","imagen":"assets/products/CA-000000056747.webp","tags":["blister","vela","numero","pinche","con","gibre","dorada","unidades"]},{"id":"CA-000000051071","nombre":"BLISTER VELA NUMERO PINCHE CON GIBRE DORADA N°7 X1 UNIDAD","categoria":"Cotillon","subcategoria":"Velas","precio":514.08,"destacado":false,"descripcion":"","imagen":"assets/products/CA-000000051071.webp","tags":["blister","vela","numero","pinche","con","gibre","dorada","unidad"]},{"id":"CA-000000056748","nombre":"BLISTER VELA NUMERO PINCHE CON GIBRE DORADA N°8 X 6 UNIDADES","categoria":"Cotillon","subcategoria":"Velas","precio":2974.32,"destacado":false,"descripcion":"","imagen":"assets/products/CA-000000056748.webp","tags":["blister","vela","numero","pinche","con","gibre","dorada","unidades"]},{"id":"CA-000000051072","nombre":"BLISTER VELA NUMERO PINCHE CON GIBRE DORADA N°8 X1 UNIDAD","categoria":"Cotillon","subcategoria":"Velas","precio":514.08,"destacado":false,"descripcion":"","imagen":"assets/products/CA-000000051072.webp","tags":["blister","vela","numero","pinche","con","gibre","dorada","unidad"]},{"id":"CA-000000056749","nombre":"BLISTER VELA NUMERO PINCHE CON GIBRE DORADA N°9 X 6 UNIDADES","categoria":"Cotillon","subcategoria":"Velas","precio":2974.32,"destacado":false,"descripcion":"","imagen":"assets/products/CA-000000056749.webp","tags":["blister","vela","numero","pinche","con","gibre","dorada","unidades"]},{"id":"CA-000000051073","nombre":"BLISTER VELA NUMERO PINCHE CON GIBRE DORADA N°9 X1 UNIDAD","categoria":"Cotillon","subcategoria":"Velas","precio":514.08,"destacado":false,"descripcion":"","imagen":"assets/products/CA-000000051073.webp","tags":["blister","vela","numero","pinche","con","gibre","dorada","unidad"]},{"id":"CA-000000056750","nombre":"BLISTER VELA NUMERO PINCHE CON GIBRE PLATEADA N°0 X 6 UNIDADES","categoria":"Cotillon","subcategoria":"Velas","precio":2974.32,"destacado":false,"descripcion":"","imagen":"assets/products/CA-000000056750.webp","tags":["blister","vela","numero","pinche","con","gibre","plateada","unidades"]},{"id":"CA-000000051074","nombre":"BLISTER VELA NUMERO PINCHE CON GIBRE PLATEADA N°0 X1 UNIDAD","categoria":"Cotillon","subcategoria":"Velas","precio":514.08,"destacado":false,"descripcion":"","imagen":"assets/products/CA-000000051074.webp","tags":["blister","vela","numero","pinche","con","gibre","plateada","unidad"]},{"id":"CA-000000056751","nombre":"BLISTER VELA NUMERO PINCHE CON GIBRE PLATEADA N°1 X 6 UNIDADES","categoria":"Cotillon","subcategoria":"Velas","precio":2974.32,"destacado":false,"descripcion":"","imagen":"assets/products/CA-000000056751.webp","tags":["blister","vela","numero","pinche","con","gibre","plateada","unidades"]},{"id":"CA-000000051075","nombre":"BLISTER VELA NUMERO PINCHE CON GIBRE PLATEADA N°1 X1 UNIDAD","categoria":"Cotillon","subcategoria":"Velas","precio":514.08,"destacado":false,"descripcion":"","imagen":"assets/products/CA-000000051075.webp","tags":["blister","vela","numero","pinche","con","gibre","plateada","unidad"]},{"id":"CA-000000056752","nombre":"BLISTER VELA NUMERO PINCHE CON GIBRE PLATEADA N°2 X 6 UNIDADES","categoria":"Cotillon","subcategoria":"Velas","precio":2974.32,"destacado":false,"descripcion":"","imagen":"assets/products/CA-000000056752.webp","tags":["blister","vela","numero","pinche","con","gibre","plateada","unidades"]},{"id":"CA-000000051076","nombre":"BLISTER VELA NUMERO PINCHE CON GIBRE PLATEADA N°2 X1 UNIDAD","categoria":"Cotillon","subcategoria":"Velas","precio":514.08,"destacado":false,"descripcion":"","imagen":"assets/products/CA-000000051076.webp","tags":["blister","vela","numero","pinche","con","gibre","plateada","unidad"]},{"id":"CA-000000056753","nombre":"BLISTER VELA NUMERO PINCHE CON GIBRE PLATEADA N°3 X 6 UNIDADES","categoria":"Cotillon","subcategoria":"Velas","precio":2974.32,"destacado":false,"descripcion":"","imagen":"assets/products/CA-000000056753.webp","tags":["blister","vela","numero","pinche","con","gibre","plateada","unidades"]},{"id":"CA-000000051077","nombre":"BLISTER VELA NUMERO PINCHE CON GIBRE PLATEADA N°3 X1 UNIDAD","categoria":"Cotillon","subcategoria":"Velas","precio":514.08,"destacado":false,"descripcion":"","imagen":"assets/products/CA-000000051077.webp","tags":["blister","vela","numero","pinche","con","gibre","plateada","unidad"]},{"id":"CA-000000056754","nombre":"BLISTER VELA NUMERO PINCHE CON GIBRE PLATEADA N°4 X 6 UNIDADES","categoria":"Cotillon","subcategoria":"Velas","precio":2974.32,"destacado":false,"descripcion":"","imagen":"assets/products/CA-000000056754.webp","tags":["blister","vela","numero","pinche","con","gibre","plateada","unidades"]},{"id":"CA-000000051078","nombre":"BLISTER VELA NUMERO PINCHE CON GIBRE PLATEADA N°4 X1 UNIDAD","categoria":"Cotillon","subcategoria":"Velas","precio":514.08,"destacado":false,"descripcion":"","imagen":"assets/products/CA-000000051078.webp","tags":["blister","vela","numero","pinche","con","gibre","plateada","unidad"]},{"id":"CA-000000056755","nombre":"BLISTER VELA NUMERO PINCHE CON GIBRE PLATEADA N°5 X 6 UNIDADES","categoria":"Cotillon","subcategoria":"Velas","precio":2974.32,"destacado":false,"descripcion":"","imagen":"assets/products/CA-000000056755.webp","tags":["blister","vela","numero","pinche","con","gibre","plateada","unidades"]},{"id":"CA-000000051079","nombre":"BLISTER VELA NUMERO PINCHE CON GIBRE PLATEADA N°5 X1 UNIDAD","categoria":"Cotillon","subcategoria":"Velas","precio":514.08,"destacado":false,"descripcion":"","imagen":"assets/products/CA-000000051079.webp","tags":["blister","vela","numero","pinche","con","gibre","plateada","unidad"]},{"id":"CA-000000056756","nombre":"BLISTER VELA NUMERO PINCHE CON GIBRE PLATEADA N°6 X 6 UNIDADES","categoria":"Cotillon","subcategoria":"Velas","precio":2974.32,"destacado":false,"descripcion":"","imagen":"assets/products/CA-000000056756.webp","tags":["blister","vela","numero","pinche","con","gibre","plateada","unidades"]},{"id":"CA-000000051080","nombre":"BLISTER VELA NUMERO PINCHE CON GIBRE PLATEADA N°6 X1 UNIDAD","categoria":"Cotillon","subcategoria":"Velas","precio":514.08,"destacado":false,"descripcion":"","imagen":"assets/products/CA-000000051080.webp","tags":["blister","vela","numero","pinche","con","gibre","plateada","unidad"]},{"id":"CA-000000056757","nombre":"BLISTER VELA NUMERO PINCHE CON GIBRE PLATEADA N°7 X 6 UNIDADES","categoria":"Cotillon","subcategoria":"Velas","precio":2974.32,"destacado":false,"descripcion":"","imagen":"assets/products/CA-000000056757.webp","tags":["blister","vela","numero","pinche","con","gibre","plateada","unidades"]},{"id":"CA-000000051081","nombre":"BLISTER VELA NUMERO PINCHE CON GIBRE PLATEADA N°7 X1 UNIDAD","categoria":"Cotillon","subcategoria":"Velas","precio":514.08,"destacado":false,"descripcion":"","imagen":"assets/products/CA-000000051081.webp","tags":["blister","vela","numero","pinche","con","gibre","plateada","unidad"]},{"id":"CA-000000056758","nombre":"BLISTER VELA NUMERO PINCHE CON GIBRE PLATEADA N°8 X 6 UNIDADES","categoria":"Cotillon","subcategoria":"Velas","precio":2974.32,"destacado":false,"descripcion":"","imagen":"assets/products/CA-000000056758.webp","tags":["blister","vela","numero","pinche","con","gibre","plateada","unidades"]},{"id":"CA-000000051082","nombre":"BLISTER VELA NUMERO PINCHE CON GIBRE PLATEADA N°8 X1 UNIDAD","categoria":"Cotillon","subcategoria":"Velas","precio":514.08,"destacado":false,"descripcion":"","imagen":"assets/products/CA-000000051082.webp","tags":["blister","vela","numero","pinche","con","gibre","plateada","unidad"]},{"id":"CA-000000056759","nombre":"BLISTER VELA NUMERO PINCHE CON GIBRE PLATEADA N°9 X 6 UNIDADES","categoria":"Cotillon","subcategoria":"Velas","precio":2974.32,"destacado":false,"descripcion":"","imagen":"assets/products/CA-000000056759.webp","tags":["blister","vela","numero","pinche","con","gibre","plateada","unidades"]},{"id":"CA-000000051083","nombre":"BLISTER VELA NUMERO PINCHE CON GIBRE PLATEADA N°9 X1 UNIDAD","categoria":"Cotillon","subcategoria":"Velas","precio":514.08,"destacado":false,"descripcion":"","imagen":"assets/products/CA-000000051083.webp","tags":["blister","vela","numero","pinche","con","gibre","plateada","unidad"]},{"id":"CA-000000056760","nombre":"BLISTER VELA NUMERO PINCHE CON GIBRE ROSA N°0 X 6 UNIDADES","categoria":"Cotillon","subcategoria":"Velas","precio":2974.32,"destacado":false,"descripcion":"","imagen":"assets/products/CA-000000056760.webp","tags":["blister","vela","numero","pinche","con","gibre","rosa","unidades"]},{"id":"CA-000000051094","nombre":"BLISTER VELA NUMERO PINCHE CON GIBRE ROSA N°0 X1 UNIDAD","categoria":"Cotillon","subcategoria":"Velas","precio":514.08,"destacado":false,"descripcion":"","imagen":"assets/products/CA-000000051094.webp","tags":["blister","vela","numero","pinche","con","gibre","rosa","unidad"]},{"id":"CA-000000056761","nombre":"BLISTER VELA NUMERO PINCHE CON GIBRE ROSA N°1 X 6 UNIDADES","categoria":"Cotillon","subcategoria":"Velas","precio":2974.32,"destacado":false,"descripcion":"","imagen":"assets/products/CA-000000056761.webp","tags":["blister","vela","numero","pinche","con","gibre","rosa","unidades"]}]}