{"category_slug":"cotillon","subcategory_slug":"","page":76,"page_size":48,"total":4091,"items":[{"id":"CA-692932319118","nombre":"SET SIRENA 3 PIEZAS (VINCHA-VARITA-TUTU) x1 ILC2510-245","categoria":"Cotillon","subcategoria":"Accesorios Y Sets Para Disfraces / Tutu","precio":6525.09,"destacado":false,"descripcion":"","imagen":"assets/products/CA-692932319118.webp","tags":["set","sirena","piezas","vincha","varita","tutu","ilc2510","245"]},{"id":"CA-202598000520","nombre":"SET SOLDADO ARMAS Y CASCO x1 DC520","categoria":"Cotillon","subcategoria":"Accesorios Y Sets Para Disfraces / Tutu","precio":9547.24,"destacado":false,"descripcion":"","imagen":"assets/products/CA-202598000520.webp","tags":["set","soldado","armas","casco","dc520"]},{"id":"CA-000000048925","nombre":"SET SUPERMAN PECHERA Y CAPA x1 ECHYZOS","categoria":"Cotillon","subcategoria":"Accesorios Y Sets Para Disfraces / Tutu","precio":5112.24,"destacado":false,"descripcion":"","imagen":"assets/products/CA-000000048925.webp","tags":["set","superman","pechera","capa","echyzos"]},{"id":"CA-250619123006","nombre":"SET SWEET GIRL (moño, lentes, aros, collar, pulsera) x1 DG6057A","categoria":"Cotillon","subcategoria":"Accesorios Y Sets Para Disfraces / Tutu","precio":10533.6,"destacado":false,"descripcion":"","imagen":"assets/products/CA-250619123006.webp","tags":["set","sweet","girl","moño","lentes","aros","collar","pulsera","dg6057a"]},{"id":"CA-782024113366","nombre":"SET TENIS FLUO (VINCHA, MUÑEQUERA) x1 FJ366","categoria":"Cotillon","subcategoria":"Accesorios Y Sets Para Disfraces / Tutu","precio":1599.77,"destacado":false,"descripcion":"","imagen":"assets/products/CA-782024113366.webp","tags":["set","tenis","fluo","vincha","muñequera","fj366"]},{"id":"CA-202580000141","nombre":"SET TENIS FLUO (VINCHA, MUÑEQUERA) x1 FP141","categoria":"Cotillon","subcategoria":"Accesorios Y Sets Para Disfraces / Tutu","precio":1599.77,"destacado":false,"descripcion":"","imagen":"assets/products/CA-202580000141.webp","tags":["set","tenis","fluo","vincha","muñequera","fp141"]},{"id":"CA-694510241138","nombre":"SET TIARA Y BANDA BIRTHDAY QUEEN  VARIOS COLORESx1 U2411-38","categoria":"Cotillon","subcategoria":"Coronas / Tiaras / Cetros / Varitas","precio":6279.0,"destacado":false,"descripcion":"","imagen":"assets/products/CA-694510241138.webp","tags":["set","tiara","banda","birthday","queen","varios","coloresx1","u2411"]},{"id":"CA-202580020568","nombre":"SET TUTU AMARILLO Y VINCHA CON FLORES x1 FP568-02","categoria":"Cotillon","subcategoria":"Alas Y Set De Alas","precio":5507.85,"destacado":false,"descripcion":"","imagen":"assets/products/CA-202580020568.webp","tags":["set","tutu","amarillo","vincha","con","flores","fp568"]},{"id":"CA-202580000568","nombre":"SET TUTU ROSA Y VINCHA CON FLORESx1 FP568-01","categoria":"Cotillon","subcategoria":"Alas Y Set De Alas","precio":5507.85,"destacado":false,"descripcion":"","imagen":"assets/products/CA-202580000568.webp","tags":["set","tutu","rosa","vincha","con","floresx1","fp568"]},{"id":"CA-202580030568","nombre":"SET TUTU VERDE Y VINCHA CON FLORES x1 FP568-03","categoria":"Cotillon","subcategoria":"Alas Y Set De Alas","precio":5507.85,"destacado":false,"descripcion":"","imagen":"assets/products/CA-202580030568.webp","tags":["set","tutu","verde","vincha","con","flores","fp568"]},{"id":"CA-000000057936","nombre":"SET UNICORNIO (ALAS,VINCHA,TUTU) x1 0765-5","categoria":"Cotillon","subcategoria":"Accesorios Y Sets Para Disfraces / Tutu","precio":8847.41,"destacado":false,"descripcion":"","imagen":"assets/products/CA-000000057936.webp","tags":["set","unicornio","alas","vincha","tutu","0765"]},{"id":"CA-202580020295","nombre":"SET VAQUITA SAN ANTONIO (ALA TUTU) x1 FP295-01","categoria":"Cotillon","subcategoria":"Alas Y Set De Alas","precio":7195.89,"destacado":false,"descripcion":"","imagen":"assets/products/CA-202580020295.webp","tags":["set","vaquita","san","antonio","ala","tutu","fp295"]},{"id":"CA-202562000288","nombre":"SET VAQUITA SAN ANTONIO 3 PIEZAS (VINCHA-VARITA-ALAS) x1 FP0288-02","categoria":"Cotillon","subcategoria":"Alas Y Set De Alas","precio":3064.95,"destacado":false,"descripcion":"","imagen":"assets/products/CA-202562000288.webp","tags":["set","vaquita","san","antonio","piezas","vincha","varita","alas","fp0288"]},{"id":"CA-695925102760","nombre":"SET VAQUITA SAN ANTONIO 3 PIEZAS (VINCHA-VARITA-ALAS) x1 ILC2510-276","categoria":"Cotillon","subcategoria":"Alas Y Set De Alas","precio":3850.4,"destacado":false,"descripcion":"","imagen":"assets/products/CA-695925102760.webp","tags":["set","vaquita","san","antonio","piezas","vincha","varita","alas","ilc2510","276"]},{"id":"CA-202569920375","nombre":"SET VAQUITA SAN ANTONIO 3 PIEZAS x1  DC375-02","categoria":"Cotillon","subcategoria":"Alas Y Set De Alas","precio":5032.09,"destacado":false,"descripcion":"","imagen":"assets/products/CA-202569920375.webp","tags":["set","vaquita","san","antonio","piezas","dc375"]},{"id":"CA-202598010375","nombre":"SET VAQUITA SAN ANTONIO 3 PIEZAS x1 DC375-02","categoria":"Cotillon","subcategoria":"Alas Y Set De Alas","precio":5032.09,"destacado":false,"descripcion":"","imagen":"assets/products/CA-202598010375.webp","tags":["set","vaquita","san","antonio","piezas","dc375"]},{"id":"CA-695925102750","nombre":"SET VAQUITA SAN ANTONIO 4 PIEZAS (VINCHA-VARITA-ALAS-POLLERA) x1 ILC2510-275","categoria":"Cotillon","subcategoria":"Alas Y Set De Alas","precio":6411.02,"destacado":false,"descripcion":"","imagen":"assets/products/CA-695925102750.webp","tags":["set","vaquita","san","antonio","piezas","vincha","varita","alas","pollera","ilc2510","275"]},{"id":"CA-202580020417","nombre":"SET VAQUITA SAN ANTONIO VINCHA - GUANTE - ANTEOJO 4pcs x1 FP417-02","categoria":"Cotillon","subcategoria":"Accesorios Y Sets Para Disfraces / Tutu","precio":6009.6,"destacado":false,"descripcion":"","imagen":"assets/products/CA-202580020417.webp","tags":["set","vaquita","san","antonio","vincha","guante","anteojo","4pcs","fp417"]},{"id":"CA-692778026076","nombre":"SET VINCHA Y VARITA PRINCESA  x12 2564","categoria":"Cotillon","subcategoria":"Accesorios Y Sets Para Disfraces / Tutu","precio":6536.88,"destacado":false,"descripcion":"","imagen":"assets/products/CA-692778026076.webp","tags":["set","vincha","varita","princesa","x12","2564"]},{"id":"CA-779908805730","nombre":"SIERRA DESTRIPADORA 60.5cm x1 GOAC70 PS","categoria":"Cotillon","subcategoria":"Accesorios Y Sets Para Disfraces / Tutu","precio":6425.3,"destacado":false,"descripcion":"","imagen":"assets/products/CA-779908805730.webp","tags":["sierra","destripadora","5cm","goac70"]},{"id":"CA-779812557442","nombre":"SKATE ROTTI x12","categoria":"Cotillon","subcategoria":"Miniaturas / Juguetitos / Regalitos","precio":2260.94,"destacado":false,"descripcion":"","imagen":"assets/products/CA-779812557442.webp","tags":["skate","rotti","x12"]},{"id":"CA-650000065939","nombre":"SLIME AUTITO (CAJA) x6u X-332","categoria":"Cotillon","subcategoria":"Miniaturas / Juguetitos / Regalitos","precio":17550.31,"destacado":false,"descripcion":"","imagen":"assets/products/CA-650000065939.webp","tags":["slime","autito","caja","x6u","332"]},{"id":"CA-000000058580","nombre":"SOBRE BLANCO PERLADO ART.1001BP (12.5x19) x10u. MEDORO","categoria":"Cotillon","subcategoria":"Complementos Para Fiestas","precio":2170.94,"destacado":false,"descripcion":"","imagen":"assets/products/CA-000000058580.webp","tags":["sobre","blanco","perlado","art","1001bp","5x19","x10u","medoro"]},{"id":"CA-779387661240","nombre":"SOBRE BLANCO PERLADO CHICO ART.1240BL/BP (7x10) x10u. MEDORO","categoria":"Cotillon","subcategoria":"Complementos Para Fiestas","precio":890.3,"destacado":false,"descripcion":"","imagen":"assets/products/CA-779387661240.webp","tags":["sobre","blanco","perlado","chico","art","1240bl","7x10","x10u","medoro"]},{"id":"CA-779387661001","nombre":"SOBRE DORADO PERLADO ART.1001DO (12.5x19) x10u. MEDORO","categoria":"Cotillon","subcategoria":"Complementos Para Fiestas","precio":2170.94,"destacado":false,"descripcion":"","imagen":"assets/products/CA-779387661001.webp","tags":["sobre","dorado","perlado","art","1001do","5x19","x10u","medoro"]},{"id":"CA-000000058579","nombre":"SOBRE PLATEADO PERLADO ART.1001PL (12.5x19) x10u. MEDORO","categoria":"Cotillon","subcategoria":"Complementos Para Fiestas","precio":2170.94,"destacado":false,"descripcion":"","imagen":"assets/products/CA-000000058579.webp","tags":["sobre","plateado","perlado","art","1001pl","5x19","x10u","medoro"]},{"id":"CA-000000017718","nombre":"SOLDADITOS CAMUFLADOS PATRIMAR x12","categoria":"Cotillon","subcategoria":"Miniaturas / Juguetitos / Regalitos","precio":537.58,"destacado":false,"descripcion":"","imagen":"assets/products/CA-000000017718.webp","tags":["soldaditos","camuflados","patrimar","x12"]},{"id":"CA-000000007028","nombre":"SOLDADO VERDE MILITAR STASIO x12u. 7028","categoria":"Cotillon","subcategoria":"Miniaturas / Juguetitos / Regalitos","precio":847.22,"destacado":false,"descripcion":"","imagen":"assets/products/CA-000000007028.webp","tags":["soldado","verde","militar","stasio","x12u","7028"]},{"id":"CA-000000007122","nombre":"SOLDADOS CON AVION STASIO x12u. 7122","categoria":"Cotillon","subcategoria":"Miniaturas / Juguetitos / Regalitos","precio":1427.88,"destacado":false,"descripcion":"","imagen":"assets/products/CA-000000007122.webp","tags":["soldados","con","avion","stasio","x12u","7122"]},{"id":"CA-000000007124","nombre":"SOLDADOS CON HELICOPTERO STASIO x12u. 7124","categoria":"Cotillon","subcategoria":"Miniaturas / Juguetitos / Regalitos","precio":1824.75,"destacado":false,"descripcion":"","imagen":"assets/products/CA-000000007124.webp","tags":["soldados","con","helicoptero","stasio","x12u","7124"]},{"id":"CA-000000007123","nombre":"SOLDADOS CON JEEP STASIO x12u. 7123","categoria":"Cotillon","subcategoria":"Miniaturas / Juguetitos / Regalitos","precio":2007.07,"destacado":false,"descripcion":"","imagen":"assets/products/CA-000000007123.webp","tags":["soldados","con","jeep","stasio","x12u","7123"]},{"id":"CA-779815300750","nombre":"STICKER BRAINROT (tralalero-tralala) PLANCHA x2 DIVERCOTY","categoria":"Cotillon","subcategoria":"Bolsas/Stickers/Cajitas Pochocleras/Tarjetones","precio":594.0,"destacado":false,"descripcion":"","imagen":"assets/products/CA-779815300750.webp","tags":["sticker","brainrot","tralalero","tralala","plancha","divercoty"]},{"id":"CA-779815300708","nombre":"STICKER EN PLANCHA EL ETERNAUTA (planchax12) DIVERCOTY x1","categoria":"Cotillon","subcategoria":"Bolsas/Stickers/Cajitas Pochocleras/Tarjetones","precio":410.4,"destacado":false,"descripcion":"","imagen":"assets/products/CA-779815300708.webp","tags":["sticker","plancha","eternauta","planchax12","divercoty"]},{"id":"CA-000000056943","nombre":"STICKERS EN PLANCHA ABEJITA (10 planchas x 9 stickers)","categoria":"Cotillon","subcategoria":"Bolsas/Stickers/Cajitas Pochocleras/Tarjetones","precio":3220.0,"destacado":false,"descripcion":"","imagen":"assets/products/CA-000000056943.webp","tags":["stickers","plancha","abejita","planchas","stickers"]},{"id":"CA-000000056944","nombre":"STICKERS EN PLANCHA BOCA (10 planchas x 9 stickers)","categoria":"Cotillon","subcategoria":"Bolsas/Stickers/Cajitas Pochocleras/Tarjetones","precio":3220.0,"destacado":false,"descripcion":"","imagen":"assets/products/CA-000000056944.webp","tags":["stickers","plancha","boca","planchas","stickers"]},{"id":"CA-000000056939","nombre":"STICKERS EN PLANCHA CAPIBARA/CARPINCHO (10 planchas x 9 stickers)","categoria":"Cotillon","subcategoria":"Bolsas/Stickers/Cajitas Pochocleras/Tarjetones","precio":3220.0,"destacado":false,"descripcion":"","imagen":"assets/products/CA-000000056939.webp","tags":["stickers","plancha","capibara","carpincho","planchas","stickers"]},{"id":"CA-000000057761","nombre":"STICKERS EN PLANCHA DIA DE LA MADRE (10 planchas x 9 stickers) POMPI DU","categoria":"Cotillon","subcategoria":"Bolsas/Stickers/Cajitas Pochocleras/Tarjetones","precio":3220.0,"destacado":false,"descripcion":"","imagen":"assets/products/CA-000000057761.webp","tags":["stickers","plancha","dia","madre","planchas","stickers","pompi"]},{"id":"CA-000000053248","nombre":"STICKERS EN PLANCHA DIA DE LA MADRE REDONDOS MODELOS SURTIDOS (3 planchas 18 stickers) x3TOP C","categoria":"Cotillon","subcategoria":"Bolsas/Stickers/Cajitas Pochocleras/Tarjetones","precio":1540.0,"destacado":false,"descripcion":"","imagen":"assets/products/CA-000000053248.webp","tags":["stickers","plancha","dia","madre","redondos","modelos","surtidos","planchas","stickers","x3top"]},{"id":"CA-000000048715","nombre":"STICKERS EN PLANCHA DIA DE LOS ENAMORADOS MODELOS SURTIDOS(5 planchas x20 stickers)art.2 TOP C","categoria":"Cotillon","subcategoria":"Bolsas/Stickers/Cajitas Pochocleras/Tarjetones","precio":2338.0,"destacado":false,"descripcion":"","imagen":"assets/products/CA-000000048715.webp","tags":["stickers","plancha","dia","los","enamorados","modelos","surtidos","planchas","x20","stickers","art","top"]},{"id":"CA-000000049443","nombre":"STICKERS EN PLANCHA DIA DEL PADRE REDONDOS MODELOS SURTIDOS(5 planchas x18 stickers) TOP C","categoria":"Cotillon","subcategoria":"Bolsas/Stickers/Cajitas Pochocleras/Tarjetones","precio":2338.0,"destacado":false,"descripcion":"","imagen":"assets/products/CA-000000049443.webp","tags":["stickers","plancha","dia","del","padre","redondos","modelos","surtidos","planchas","x18","stickers","top"]},{"id":"CA-000000044892","nombre":"STICKERS EN PLANCHA EGRESADOS (5 planchas x20 stickers) TOP C","categoria":"Cotillon","subcategoria":"Festejos Egresados/Upd","precio":2338.0,"destacado":false,"descripcion":"","imagen":"assets/products/CA-000000044892.webp","tags":["stickers","plancha","egresados","planchas","x20","stickers","top"]},{"id":"CA-000000041407","nombre":"STICKERS EN PLANCHA FELICES PASCUAS CHICO (5 planchas x 25 stickers) TOP C","categoria":"Cotillon","subcategoria":"Bolsas/Stickers/Cajitas Pochocleras/Tarjetones","precio":2660.0,"destacado":false,"descripcion":"","imagen":"assets/products/CA-000000041407.webp","tags":["stickers","plancha","felices","pascuas","chico","planchas","stickers","top"]},{"id":"CA-000000045193","nombre":"STICKERS EN PLANCHA FELICES PASCUAS MEDIANOS (5 planchas x 12 stickers) TOP C","categoria":"Cotillon","subcategoria":"Bolsas/Stickers/Cajitas Pochocleras/Tarjetones","precio":2044.0,"destacado":false,"descripcion":"","imagen":"assets/products/CA-000000045193.webp","tags":["stickers","plancha","felices","pascuas","medianos","planchas","stickers","top"]},{"id":"CA-000000046053","nombre":"STICKERS EN PLANCHA FELIZ DIA DEL NIÑO MODELOS SURTIDOS (5 planchas x18 stickers) TOP C","categoria":"Cotillon","subcategoria":"Bolsas/Stickers/Cajitas Pochocleras/Tarjetones","precio":2338.0,"destacado":false,"descripcion":"","imagen":"assets/products/CA-000000046053.webp","tags":["stickers","plancha","feliz","dia","del","niño","modelos","surtidos","planchas","x18","stickers","top"]},{"id":"CA-000000056911","nombre":"STICKERS EN PLANCHA FELIZ DIA SURTIDOS (5 planchas x22 stickers) TOP C","categoria":"Cotillon","subcategoria":"Bolsas/Stickers/Cajitas Pochocleras/Tarjetones","precio":2338.0,"destacado":false,"descripcion":"","imagen":"assets/products/CA-000000056911.webp","tags":["stickers","plancha","feliz","dia","surtidos","planchas","x22","stickers","top"]},{"id":"CA-000000056910","nombre":"STICKERS EN PLANCHA FELIZ DIA/FRASES SURTIDAS (5 planchas x18 stickers) TOP C","categoria":"Cotillon","subcategoria":"Bolsas/Stickers/Cajitas Pochocleras/Tarjetones","precio":2338.0,"destacado":false,"descripcion":"","imagen":"assets/products/CA-000000056910.webp","tags":["stickers","plancha","feliz","dia","frases","surtidas","planchas","x18","stickers","top"]},{"id":"CA-000000056947","nombre":"STICKERS EN PLANCHA FROZEN (10 planchas x 9 stickers)","categoria":"Cotillon","subcategoria":"Bolsas/Stickers/Cajitas Pochocleras/Tarjetones","precio":3220.0,"destacado":false,"descripcion":"","imagen":"assets/products/CA-000000056947.webp","tags":["stickers","plancha","frozen","planchas","stickers"]},{"id":"CA-000000056938","nombre":"STICKERS EN PLANCHA HOMBRE ARAÑA (10 planchas x 9 stickers)","categoria":"Cotillon","subcategoria":"Bolsas/Stickers/Cajitas Pochocleras/Tarjetones","precio":3220.0,"destacado":false,"descripcion":"","imagen":"assets/products/CA-000000056938.webp","tags":["stickers","plancha","hombre","araña","planchas","stickers"]}]}