{"category_slug":"cotillon","subcategory_slug":"","page":43,"page_size":48,"total":4091,"items":[{"id":"CA-779810960183","nombre":"GLOBO GLOBOLANDIA CRISTAL 12\" x25","categoria":"Cotillon","subcategoria":"Globos Cristal/Burbujas","precio":1733.13,"destacado":false,"descripcion":"","imagen":"assets/products/CA-779810960183.webp","tags":["globo","globolandia","cristal","x25"]},{"id":"CA-779810960005","nombre":"GLOBO GLOBOLANDIA FELIZ CUMPLE MULTICOLOR 10\" x50 150","categoria":"Cotillon","subcategoria":"Globos Impresos/Globologia/Formas","precio":2582.01,"destacado":false,"descripcion":"","imagen":"assets/products/CA-779810960005.webp","tags":["globo","globolandia","feliz","cumple","multicolor","x50","150"]},{"id":"CA-779810960435","nombre":"GLOBO GLOBOLANDIA LISO 10\" AMARILLO HUEVO x50","categoria":"Cotillon","subcategoria":"Globos Lisos","precio":2381.58,"destacado":false,"descripcion":"","imagen":"assets/products/CA-779810960435.webp","tags":["globo","globolandia","liso","amarillo","huevo","x50"]},{"id":"CA-779810960015","nombre":"GLOBO GLOBOLANDIA LISO 10\" AMARILLO x50","categoria":"Cotillon","subcategoria":"Globos Lisos","precio":2381.58,"destacado":false,"descripcion":"","imagen":"assets/products/CA-779810960015.webp","tags":["globo","globolandia","liso","amarillo","x50"]},{"id":"CA-779810960437","nombre":"GLOBO GLOBOLANDIA LISO 10\" AZUL NAVAL  x50","categoria":"Cotillon","subcategoria":"Globos Lisos","precio":2381.58,"destacado":false,"descripcion":"","imagen":"assets/products/CA-779810960437.webp","tags":["globo","globolandia","liso","azul","naval","x50"]},{"id":"CA-779810960013","nombre":"GLOBO GLOBOLANDIA LISO 10\" AZUL x50","categoria":"Cotillon","subcategoria":"Globos Lisos","precio":2381.58,"destacado":false,"descripcion":"","imagen":"assets/products/CA-779810960013.webp","tags":["globo","globolandia","liso","azul","x50"]},{"id":"CA-779810960010","nombre":"GLOBO GLOBOLANDIA LISO 10\" BLANCO x50","categoria":"Cotillon","subcategoria":"Globos Lisos","precio":2381.58,"destacado":false,"descripcion":"","imagen":"assets/products/CA-779810960010.webp","tags":["globo","globolandia","liso","blanco","x50"]},{"id":"CA-779810960012","nombre":"GLOBO GLOBOLANDIA LISO 10\" CELESTE  x50","categoria":"Cotillon","subcategoria":"Globos Lisos","precio":2381.58,"destacado":false,"descripcion":"","imagen":"assets/products/CA-779810960012.webp","tags":["globo","globolandia","liso","celeste","x50"]},{"id":"CA-779810960018","nombre":"GLOBO GLOBOLANDIA LISO 10\" FUCSIA  x50","categoria":"Cotillon","subcategoria":"Globos Lisos","precio":2381.58,"destacado":false,"descripcion":"","imagen":"assets/products/CA-779810960018.webp","tags":["globo","globolandia","liso","fucsia","x50"]},{"id":"CA-779810960436","nombre":"GLOBO GLOBOLANDIA LISO 10\" HUESO x50","categoria":"Cotillon","subcategoria":"Globos Lisos","precio":2381.58,"destacado":false,"descripcion":"","imagen":"assets/products/CA-779810960436.webp","tags":["globo","globolandia","liso","hueso","x50"]},{"id":"CA-779810960020","nombre":"GLOBO GLOBOLANDIA LISO 10\" LILA  x50","categoria":"Cotillon","subcategoria":"Globos Lisos","precio":2381.58,"destacado":false,"descripcion":"","imagen":"assets/products/CA-779810960020.webp","tags":["globo","globolandia","liso","lila","x50"]},{"id":"CA-779810960209","nombre":"GLOBO GLOBOLANDIA LISO 10\" MARRON  x50","categoria":"Cotillon","subcategoria":"Globos Lisos","precio":2381.58,"destacado":false,"descripcion":"","imagen":"assets/products/CA-779810960209.webp","tags":["globo","globolandia","liso","marron","x50"]},{"id":"CA-779810960211","nombre":"GLOBO GLOBOLANDIA LISO 10\" MORADO  x50","categoria":"Cotillon","subcategoria":"Globos Lisos","precio":2381.58,"destacado":false,"descripcion":"","imagen":"assets/products/CA-779810960211.webp","tags":["globo","globolandia","liso","morado","x50"]},{"id":"CA-779810960004","nombre":"GLOBO GLOBOLANDIA LISO 10\" MULTICOLOR  x50","categoria":"Cotillon","subcategoria":"Globos Lisos","precio":2381.58,"destacado":false,"descripcion":"","imagen":"assets/products/CA-779810960004.webp","tags":["globo","globolandia","liso","multicolor","x50"]},{"id":"CA-779810960024","nombre":"GLOBO GLOBOLANDIA LISO 10\" MULTICOLOR FLUO x50 500","categoria":"Cotillon","subcategoria":"Globos Lisos","precio":2464.11,"destacado":false,"descripcion":"","imagen":"assets/products/CA-779810960024.webp","tags":["globo","globolandia","liso","multicolor","fluo","x50","500"]},{"id":"CA-779810960022","nombre":"GLOBO GLOBOLANDIA LISO 10\" NARANJA x50","categoria":"Cotillon","subcategoria":"Globos Lisos","precio":2381.58,"destacado":false,"descripcion":"","imagen":"assets/products/CA-779810960022.webp","tags":["globo","globolandia","liso","naranja","x50"]},{"id":"CA-779810960019","nombre":"GLOBO GLOBOLANDIA LISO 10\" NEGRO x50","categoria":"Cotillon","subcategoria":"Globos Lisos","precio":2381.58,"destacado":false,"descripcion":"","imagen":"assets/products/CA-779810960019.webp","tags":["globo","globolandia","liso","negro","x50"]},{"id":"CA-779810960014","nombre":"GLOBO GLOBOLANDIA LISO 10\" ROJO x50","categoria":"Cotillon","subcategoria":"Globos Lisos","precio":2381.58,"destacado":false,"descripcion":"","imagen":"assets/products/CA-779810960014.webp","tags":["globo","globolandia","liso","rojo","x50"]},{"id":"CA-779810960011","nombre":"GLOBO GLOBOLANDIA LISO 10\" ROSA  x50","categoria":"Cotillon","subcategoria":"Globos Lisos","precio":2381.58,"destacado":false,"descripcion":"","imagen":"assets/products/CA-779810960011.webp","tags":["globo","globolandia","liso","rosa","x50"]},{"id":"CA-779810960121","nombre":"GLOBO GLOBOLANDIA LISO 10\" ROSA CHICLE  x50","categoria":"Cotillon","subcategoria":"Globos Lisos","precio":2381.58,"destacado":false,"descripcion":"","imagen":"assets/products/CA-779810960121.webp","tags":["globo","globolandia","liso","rosa","chicle","x50"]},{"id":"CA-779810960438","nombre":"GLOBO GLOBOLANDIA LISO 10\" ROSA PALO x50","categoria":"Cotillon","subcategoria":"Globos Lisos","precio":2381.58,"destacado":false,"descripcion":"","imagen":"assets/products/CA-779810960438.webp","tags":["globo","globolandia","liso","rosa","palo","x50"]},{"id":"CA-779810960016","nombre":"GLOBO GLOBOLANDIA LISO 10\" VERDE  x50","categoria":"Cotillon","subcategoria":"Globos Lisos","precio":2381.58,"destacado":false,"descripcion":"","imagen":"assets/products/CA-779810960016.webp","tags":["globo","globolandia","liso","verde","x50"]},{"id":"CA-779810960157","nombre":"GLOBO GLOBOLANDIA LISO 10\" VERDE CLARO x50","categoria":"Cotillon","subcategoria":"Globos Lisos","precio":2381.58,"destacado":false,"descripcion":"","imagen":"assets/products/CA-779810960157.webp","tags":["globo","globolandia","liso","verde","claro","x50"]},{"id":"CA-779810960017","nombre":"GLOBO GLOBOLANDIA LISO 10\" VERDE MANZANA x50","categoria":"Cotillon","subcategoria":"Globos Lisos","precio":2381.58,"destacado":false,"descripcion":"","imagen":"assets/products/CA-779810960017.webp","tags":["globo","globolandia","liso","verde","manzana","x50"]},{"id":"CA-779810960021","nombre":"GLOBO GLOBOLANDIA LISO 10\" VIOLETA  x50","categoria":"Cotillon","subcategoria":"Globos Lisos","precio":2381.58,"destacado":false,"descripcion":"","imagen":"assets/products/CA-779810960021.webp","tags":["globo","globolandia","liso","violeta","x50"]},{"id":"CA-779810960188","nombre":"GLOBO GLOBOLANDIA LISO 12\" AMARILLO x25 207","categoria":"Cotillon","subcategoria":"Globos Lisos","precio":1733.13,"destacado":false,"descripcion":"","imagen":"assets/products/CA-779810960188.webp","tags":["globo","globolandia","liso","amarillo","x25","207"]},{"id":"CA-779810960187","nombre":"GLOBO GLOBOLANDIA LISO 12\" AZUL x25 206","categoria":"Cotillon","subcategoria":"Globos Lisos","precio":1733.13,"destacado":false,"descripcion":"","imagen":"assets/products/CA-779810960187.webp","tags":["globo","globolandia","liso","azul","x25","206"]},{"id":"CA-779810960184","nombre":"GLOBO GLOBOLANDIA LISO 12\" BLANCO x25 202","categoria":"Cotillon","subcategoria":"Globos Lisos","precio":1733.13,"destacado":false,"descripcion":"","imagen":"assets/products/CA-779810960184.webp","tags":["globo","globolandia","liso","blanco","x25","202"]},{"id":"CA-779810960186","nombre":"GLOBO GLOBOLANDIA LISO 12\" CELESTE x25","categoria":"Cotillon","subcategoria":"Globos Lisos","precio":1733.13,"destacado":false,"descripcion":"","imagen":"assets/products/CA-779810960186.webp","tags":["globo","globolandia","liso","celeste","x25"]},{"id":"CA-779810960196","nombre":"GLOBO GLOBOLANDIA LISO 12\" FUCSIA  x25 214","categoria":"Cotillon","subcategoria":"Globos Lisos","precio":1733.13,"destacado":false,"descripcion":"","imagen":"assets/products/CA-779810960196.webp","tags":["globo","globolandia","liso","fucsia","x25","214"]},{"id":"CA-779810960434","nombre":"GLOBO GLOBOLANDIA LISO 12\" LATTE CREAM x25 218","categoria":"Cotillon","subcategoria":"Globos Lisos","precio":1733.13,"destacado":false,"descripcion":"","imagen":"assets/products/CA-779810960434.webp","tags":["globo","globolandia","liso","latte","cream","x25","218"]},{"id":"CA-779810960193","nombre":"GLOBO GLOBOLANDIA LISO 12\" LILA  x25 211","categoria":"Cotillon","subcategoria":"Globos Lisos","precio":1733.13,"destacado":false,"descripcion":"","imagen":"assets/products/CA-779810960193.webp","tags":["globo","globolandia","liso","lila","x25","211"]},{"id":"CA-779810960182","nombre":"GLOBO GLOBOLANDIA LISO 12\" MULTICOLOR  x25 200","categoria":"Cotillon","subcategoria":"Globos Lisos","precio":1733.13,"destacado":false,"descripcion":"","imagen":"assets/products/CA-779810960182.webp","tags":["globo","globolandia","liso","multicolor","x25","200"]},{"id":"CA-779810960197","nombre":"GLOBO GLOBOLANDIA LISO 12\" NARANJA  x25","categoria":"Cotillon","subcategoria":"Globos Lisos","precio":1733.13,"destacado":false,"descripcion":"","imagen":"assets/products/CA-779810960197.webp","tags":["globo","globolandia","liso","naranja","x25"]},{"id":"CA-779810960195","nombre":"GLOBO GLOBOLANDIA LISO 12\" NEGRO x25 213","categoria":"Cotillon","subcategoria":"Globos Lisos","precio":1733.13,"destacado":false,"descripcion":"","imagen":"assets/products/CA-779810960195.webp","tags":["globo","globolandia","liso","negro","x25","213"]},{"id":"CA-779810960185","nombre":"GLOBO GLOBOLANDIA LISO 12\" ROJO x25 204","categoria":"Cotillon","subcategoria":"Globos Lisos","precio":1733.13,"destacado":false,"descripcion":"","imagen":"assets/products/CA-779810960185.webp","tags":["globo","globolandia","liso","rojo","x25","204"]},{"id":"CA-779810960192","nombre":"GLOBO GLOBOLANDIA LISO 12\" ROSA  x25","categoria":"Cotillon","subcategoria":"Globos Lisos","precio":1733.13,"destacado":false,"descripcion":"","imagen":"assets/products/CA-779810960192.webp","tags":["globo","globolandia","liso","rosa","x25"]},{"id":"CA-779810960198","nombre":"GLOBO GLOBOLANDIA LISO 12\" ROSA CHICLE  x25 216","categoria":"Cotillon","subcategoria":"Globos Lisos","precio":1733.13,"destacado":false,"descripcion":"","imagen":"assets/products/CA-779810960198.webp","tags":["globo","globolandia","liso","rosa","chicle","x25","216"]},{"id":"CA-779810960189","nombre":"GLOBO GLOBOLANDIA LISO 12\" VERDE CLARO x25 208","categoria":"Cotillon","subcategoria":"Globos Lisos","precio":1733.13,"destacado":false,"descripcion":"","imagen":"assets/products/CA-779810960189.webp","tags":["globo","globolandia","liso","verde","claro","x25","208"]},{"id":"CA-779810960191","nombre":"GLOBO GLOBOLANDIA LISO 12\" VERDE MANZANA  x25 210","categoria":"Cotillon","subcategoria":"Globos Lisos","precio":1733.13,"destacado":false,"descripcion":"","imagen":"assets/products/CA-779810960191.webp","tags":["globo","globolandia","liso","verde","manzana","x25","210"]},{"id":"CA-779810960433","nombre":"GLOBO GLOBOLANDIA LISO 12\" VERDE OLIVA  x25 217","categoria":"Cotillon","subcategoria":"Globos Lisos","precio":1733.13,"destacado":false,"descripcion":"","imagen":"assets/products/CA-779810960433.webp","tags":["globo","globolandia","liso","verde","oliva","x25","217"]},{"id":"CA-779810960190","nombre":"GLOBO GLOBOLANDIA LISO 12\" VERDE OSCURO x25 209","categoria":"Cotillon","subcategoria":"Globos Lisos","precio":1733.13,"destacado":false,"descripcion":"","imagen":"assets/products/CA-779810960190.webp","tags":["globo","globolandia","liso","verde","oscuro","x25","209"]},{"id":"CA-779810960194","nombre":"GLOBO GLOBOLANDIA LISO 12\" VIOLETA  x25","categoria":"Cotillon","subcategoria":"Globos Lisos","precio":1733.13,"destacado":false,"descripcion":"","imagen":"assets/products/CA-779810960194.webp","tags":["globo","globolandia","liso","violeta","x25"]},{"id":"CA-779810960202","nombre":"GLOBO GLOBOLANDIA PASTEL 10\" AMARILLO x50 907","categoria":"Cotillon","subcategoria":"Globos Lisos","precio":2381.58,"destacado":false,"descripcion":"","imagen":"assets/products/CA-779810960202.webp","tags":["globo","globolandia","pastel","amarillo","x50","907"]},{"id":"CA-779810960199","nombre":"GLOBO GLOBOLANDIA PASTEL 10\" CELESTE  x50 905","categoria":"Cotillon","subcategoria":"Globos Lisos","precio":2381.58,"destacado":false,"descripcion":"","imagen":"assets/products/CA-779810960199.webp","tags":["globo","globolandia","pastel","celeste","x50","905"]},{"id":"CA-779810960206","nombre":"GLOBO GLOBOLANDIA PASTEL 10\" GRIS  x50 919","categoria":"Cotillon","subcategoria":"Globos Lisos","precio":2381.58,"destacado":false,"descripcion":"","imagen":"assets/products/CA-779810960206.webp","tags":["globo","globolandia","pastel","gris","x50","919"]},{"id":"CA-779810960207","nombre":"GLOBO GLOBOLANDIA PASTEL 10\" MULTICOLOR x50 900","categoria":"Cotillon","subcategoria":"Globos Lisos","precio":2381.58,"destacado":false,"descripcion":"","imagen":"assets/products/CA-779810960207.webp","tags":["globo","globolandia","pastel","multicolor","x50","900"]},{"id":"CA-779810960201","nombre":"GLOBO GLOBOLANDIA PASTEL 10\" NARANJA x50 915","categoria":"Cotillon","subcategoria":"Globos Lisos","precio":2381.58,"destacado":false,"descripcion":"","imagen":"assets/products/CA-779810960201.webp","tags":["globo","globolandia","pastel","naranja","x50","915"]}]}