{"category_slug":"cotillon","subcategory_slug":"","page":86,"page_size":48,"total":4091,"items":[{"id":"CA-202560000895","nombre":"VINCHA MIEMBRO METAL Y STRASS X1 FP0895","categoria":"Cotillon","subcategoria":"Coronas / Tiaras / Cetros / Varitas","precio":3682.35,"destacado":false,"descripcion":"","imagen":"assets/products/CA-202560000895.webp","tags":["vincha","miembro","metal","strass","fp0895"]},{"id":"CA-202560000901","nombre":"VINCHA MOM TO BE METAL STRASS X1 FP0901","categoria":"Cotillon","subcategoria":"Coronas / Tiaras / Cetros / Varitas","precio":2901.78,"destacado":false,"descripcion":"","imagen":"assets/products/CA-202560000901.webp","tags":["vincha","mom","metal","strass","fp0901"]},{"id":"CA-202560000849","nombre":"VINCHA NOVIA DELUXE METAL Y STRASS X1 FP0849-02","categoria":"Cotillon","subcategoria":"Coronas / Tiaras / Cetros / Varitas","precio":2690.1,"destacado":false,"descripcion":"","imagen":"assets/products/CA-202560000849.webp","tags":["vincha","novia","deluxe","metal","strass","fp0849"]},{"id":"CA-880283016770","nombre":"VINCHA OREJA CONEJO PELUCHE VARIOS COLORES x1 DG1677A","categoria":"Cotillon","subcategoria":"Accesorios Y Sets Para Disfraces / Tutu","precio":2142.0,"destacado":false,"descripcion":"","imagen":"assets/products/CA-880283016770.webp","tags":["vincha","oreja","conejo","peluche","varios","colores","dg1677a"]},{"id":"CA-692405079332","nombre":"VINCHA OREJA CONEJO PELUCHE x1 DG9332A","categoria":"Cotillon","subcategoria":"Accesorios Y Sets Para Disfraces / Tutu","precio":1334.03,"destacado":false,"descripcion":"* (09/12/2025)","imagen":"assets/products/CA-692405079332.webp","tags":["vincha","oreja","conejo","peluche","dg9332a"]},{"id":"CA-202569900434","nombre":"VINCHA PRINCESA METAL CON PIEDRAS (PLATA/DORADA) x1 DC434","categoria":"Cotillon","subcategoria":"Coronas / Tiaras / Cetros / Varitas","precio":2831.22,"destacado":false,"descripcion":"","imagen":"assets/products/CA-202569900434.webp","tags":["vincha","princesa","metal","con","piedras","plata","dorada","dc434"]},{"id":"CA-202580000147","nombre":"VINCHA TELA ELASTICA FLUO x12 FP147","categoria":"Cotillon","subcategoria":"Accesorios Y Sets Para Disfraces / Tutu","precio":3966.21,"destacado":false,"descripcion":"","imagen":"assets/products/CA-202580000147.webp","tags":["vincha","tela","elastica","fluo","x12","fp147"]},{"id":"CA-000000053622","nombre":"VINCHA UNICORNIO x1u. LM ART 14","categoria":"Cotillon","subcategoria":"Accesorios Y Sets Para Disfraces / Tutu","precio":2156.0,"destacado":false,"descripcion":"","imagen":"assets/products/CA-000000053622.webp","tags":["vincha","unicornio","x1u","art"]},{"id":"CA-779908804242","nombre":"VOLCAN CHISPAS 2 METROS 20 SEGUNDOS (CAJA x4und) IN220 M","categoria":"Cotillon","subcategoria":"Nieve/Serpentina/Pintura/Polvos/Cañones/P.Picado","precio":5181.26,"destacado":false,"descripcion":"","imagen":"assets/products/CA-779908804242.webp","tags":["volcan","chispas","metros","segundos","caja","x4und","in220"]},{"id":"CA-000000007004","nombre":"YO YO MULTICOLOR STASIO x12u. 7004","categoria":"Cotillon","subcategoria":"Miniaturas / Juguetitos / Regalitos","precio":3558.71,"destacado":false,"descripcion":"","imagen":"assets/products/CA-000000007004.webp","tags":["multicolor","stasio","x12u","7004"]},{"id":"CA-05022848418613","nombre":"YOYO TRANSPARENTE CAJA x12 HM40190","categoria":"Cotillon","subcategoria":"Miniaturas / Juguetitos / Regalitos","precio":17126.63,"destacado":false,"descripcion":"","imagen":"assets/products/CA-05022848418613.webp","tags":["yoyo","transparente","caja","x12","hm40190"]}]}