{"category_slug":"cotillon","subcategory_slug":"","page":37,"page_size":48,"total":4091,"items":[{"id":"CA-779842097060","nombre":"GLOBO BOMBUCHA PERLADO 9\" TURQUEZA x25 70609","categoria":"Cotillon","subcategoria":"Globos Perlados","precio":1378.17,"destacado":false,"descripcion":"","imagen":"assets/products/CA-779842097060.webp","tags":["globo","bombucha","perlado","turqueza","x25","70609"]},{"id":"CA-779842097058","nombre":"GLOBO BOMBUCHA PERLADO 9\" VERDE  x25 70586","categoria":"Cotillon","subcategoria":"Globos Perlados","precio":1378.17,"destacado":false,"descripcion":"","imagen":"assets/products/CA-779842097058.webp","tags":["globo","bombucha","perlado","verde","x25","70586"]},{"id":"CA-779842097049","nombre":"GLOBO BOMBUCHA PERLADO 9\" VERDE MANZANA x25 70494","categoria":"Cotillon","subcategoria":"Globos Perlados","precio":1378.17,"destacado":false,"descripcion":"","imagen":"assets/products/CA-779842097049.webp","tags":["globo","bombucha","perlado","verde","manzana","x25","70494"]},{"id":"CA-000000055203","nombre":"GLOBO BOTELLA  CHAMPAGNE 34\" x1","categoria":"Cotillon","subcategoria":"Globos Metalizados Formas","precio":897.75,"destacado":false,"descripcion":"","imagen":"assets/products/CA-000000055203.webp","tags":["globo","botella","champagne"]},{"id":"CA-202562000625","nombre":"GLOBO BOTELLA CHAMPAGNE CELEBRATE X1 FP0625-02","categoria":"Cotillon","subcategoria":"Globos Metalizados Formas","precio":1148.0,"destacado":false,"descripcion":"","imagen":"assets/products/CA-202562000625.webp","tags":["globo","botella","champagne","celebrate","fp0625"]},{"id":"CA-779813095417","nombre":"GLOBO CANDELA IMPRESO 12\" ESTRELLITA MULTICOLOR x12u. 1252/2280","categoria":"Cotillon","subcategoria":"Globos Impresos/Globologia/Formas","precio":1650.04,"destacado":false,"descripcion":"","imagen":"assets/products/CA-779813095417.webp","tags":["globo","candela","impreso","estrellita","multicolor","x12u","1252","2280"]},{"id":"CA-779813095515","nombre":"GLOBO CANDELA IMPRESO 12\" FELIZ CUMPLEAÑOS x12u. 1256/2416","categoria":"Cotillon","subcategoria":"Globos Impresos/Globologia/Formas","precio":1650.04,"destacado":false,"descripcion":"","imagen":"assets/products/CA-779813095515.webp","tags":["globo","candela","impreso","feliz","cumpleaños","x12u","1256","2416"]},{"id":"CA-779813095658","nombre":"GLOBO CANDELA IMPRESO 12\" LUNAR AZUL/BLANCO x12u. 1266/4708","categoria":"Cotillon","subcategoria":"Globos Impresos/Globologia/Formas","precio":1461.9,"destacado":false,"descripcion":"","imagen":"assets/products/CA-779813095658.webp","tags":["globo","candela","impreso","lunar","azul","blanco","x12u","1266","4708"]},{"id":"CA-779813095543","nombre":"GLOBO CANDELA IMPRESO 12\" LUNAR NEGRO/BLANCO x12u. 1265/4353","categoria":"Cotillon","subcategoria":"Globos Impresos/Globologia/Formas","precio":1461.9,"destacado":false,"descripcion":"","imagen":"assets/products/CA-779813095543.webp","tags":["globo","candela","impreso","lunar","negro","blanco","x12u","1265","4353"]},{"id":"CA-779813095663","nombre":"GLOBO CANDELA IMPRESO 12\" LUNAR NEGRO/ROJO x12u. 1271/4713","categoria":"Cotillon","subcategoria":"Globos Impresos/Globologia/Formas","precio":1461.9,"destacado":false,"descripcion":"","imagen":"assets/products/CA-779813095663.webp","tags":["globo","candela","impreso","lunar","negro","rojo","x12u","1271","4713"]},{"id":"CA-779813095539","nombre":"GLOBO CANDELA IMPRESO 12\" LUNAR ROJO/BLANCO x12u. 1261/4349","categoria":"Cotillon","subcategoria":"Globos Impresos/Globologia/Formas","precio":1461.9,"destacado":false,"descripcion":"","imagen":"assets/products/CA-779813095539.webp","tags":["globo","candela","impreso","lunar","rojo","blanco","x12u","1261","4349"]},{"id":"CA-779813095540","nombre":"GLOBO CANDELA IMPRESO 12\" LUNAR ROJO/NEGRO x12u. 1262/4350","categoria":"Cotillon","subcategoria":"Globos Impresos/Globologia/Formas","precio":1461.9,"destacado":false,"descripcion":"","imagen":"assets/products/CA-779813095540.webp","tags":["globo","candela","impreso","lunar","rojo","negro","x12u","1262","4350"]},{"id":"CA-779813095542","nombre":"GLOBO CANDELA IMPRESO 12\" LUNAR ROSA/BLANCO x12u. 1264/4352","categoria":"Cotillon","subcategoria":"Globos Impresos/Globologia/Formas","precio":1461.9,"destacado":false,"descripcion":"","imagen":"assets/products/CA-779813095542.webp","tags":["globo","candela","impreso","lunar","rosa","blanco","x12u","1264","4352"]},{"id":"CA-779813095660","nombre":"GLOBO CANDELA IMPRESO 12\" LUNAR VERDE/BLANCO x12u. 4710","categoria":"Cotillon","subcategoria":"Globos Impresos/Globologia/Formas","precio":1461.9,"destacado":false,"descripcion":"","imagen":"assets/products/CA-779813095660.webp","tags":["globo","candela","impreso","lunar","verde","blanco","x12u","4710"]},{"id":"CA-779813095661","nombre":"GLOBO CANDELA IMPRESO 12\" LUNAR VIOLETA/BLANCO x12u. 1269/4711","categoria":"Cotillon","subcategoria":"Globos Impresos/Globologia/Formas","precio":1461.9,"destacado":false,"descripcion":"","imagen":"assets/products/CA-779813095661.webp","tags":["globo","candela","impreso","lunar","violeta","blanco","x12u","1269","4711"]},{"id":"CA-779813095418","nombre":"GLOBO CANDELA IMPRESO 12\" LUNARES MULTICOLOR x12u. 1253/2281","categoria":"Cotillon","subcategoria":"Globos Impresos/Globologia/Formas","precio":1461.9,"destacado":false,"descripcion":"","imagen":"assets/products/CA-779813095418.webp","tags":["globo","candela","impreso","lunares","multicolor","x12u","1253","2281"]},{"id":"CA-779813095454","nombre":"GLOBO CANDELA LISO 9\" MULTICOLOR x50 950/1461","categoria":"Cotillon","subcategoria":"Globos Lisos","precio":2167.43,"destacado":false,"descripcion":"","imagen":"assets/products/CA-779813095454.webp","tags":["globo","candela","liso","multicolor","x50","950","1461"]},{"id":"CA-779813095442","nombre":"GLOBO CANDELA PERLADO 9\" AMARILLO x50u. 906/2423","categoria":"Cotillon","subcategoria":"Globos Perlados","precio":2167.43,"destacado":false,"descripcion":"","imagen":"assets/products/CA-779813095442.webp","tags":["globo","candela","perlado","amarillo","x50u","906","2423"]},{"id":"CA-779813095445","nombre":"GLOBO CANDELA PERLADO 9\" AZUL x50u. 910/2426","categoria":"Cotillon","subcategoria":"Globos Perlados","precio":2167.43,"destacado":false,"descripcion":"","imagen":"assets/products/CA-779813095445.webp","tags":["globo","candela","perlado","azul","x50u","910","2426"]},{"id":"CA-779813095447","nombre":"GLOBO CANDELA PERLADO 9\" CELESTE x50u. 907/2428","categoria":"Cotillon","subcategoria":"Globos Perlados","precio":2167.43,"destacado":false,"descripcion":"","imagen":"assets/products/CA-779813095447.webp","tags":["globo","candela","perlado","celeste","x50u","907","2428"]},{"id":"CA-779813095444","nombre":"GLOBO CANDELA PERLADO 9\" NARANJA x50u. 905/2425","categoria":"Cotillon","subcategoria":"Globos Perlados","precio":2167.43,"destacado":false,"descripcion":"","imagen":"assets/products/CA-779813095444.webp","tags":["globo","candela","perlado","naranja","x50u","905","2425"]},{"id":"CA-779813095448","nombre":"GLOBO CANDELA PERLADO 9\" VIOLETA x50u. 901/2429","categoria":"Cotillon","subcategoria":"Globos Perlados","precio":2167.43,"destacado":false,"descripcion":"","imagen":"assets/products/CA-779813095448.webp","tags":["globo","candela","perlado","violeta","x50u","901","2429"]},{"id":"CA-779813095411","nombre":"GLOBO CANDELA TIRABUZON  x12u. 1304/2265","categoria":"Cotillon","subcategoria":"Globos Impresos/Globologia/Formas","precio":1865.27,"destacado":false,"descripcion":"","imagen":"assets/products/CA-779813095411.webp","tags":["globo","candela","tirabuzon","x12u","1304","2265"]},{"id":"CA-000000057620","nombre":"GLOBO CARPINCHO/CAPIBARA VARIOS MODELOS 35cm APROX x50","categoria":"Cotillon","subcategoria":"Globos Kit Y Siluetas Personajes","precio":13643.79,"destacado":false,"descripcion":"","imagen":"assets/products/CA-000000057620.webp","tags":["globo","carpincho","capibara","varios","modelos","35cm","aprox","x50"]},{"id":"CA-202563000625","nombre":"GLOBO CERVEZA DE PIE X1 FP0625-03","categoria":"Cotillon","subcategoria":"Globos Metalizados Formas","precio":1146.6,"destacado":false,"descripcion":"","imagen":"assets/products/CA-202563000625.webp","tags":["globo","cerveza","pie","fp0625"]},{"id":"CA-684335845005","nombre":"GLOBO CHROME 12\" DORADO x50 U20-005","categoria":"Cotillon","subcategoria":"Globos Chrome/Cromo Reflex","precio":5460.0,"destacado":false,"descripcion":"","imagen":"assets/products/CA-684335845005.webp","tags":["globo","chrome","dorado","x50","u20","005"]},{"id":"CA-694845902005","nombre":"GLOBO CHROME 12\" PLATEADO x50 U20-005","categoria":"Cotillon","subcategoria":"Globos Chrome/Cromo Reflex","precio":5460.0,"destacado":false,"descripcion":"","imagen":"assets/products/CA-694845902005.webp","tags":["globo","chrome","plateado","x50","u20","005"]},{"id":"CA-697890012573","nombre":"GLOBO CHROME 36\" DORADO x1 U23-1011","categoria":"Cotillon","subcategoria":"Globos Chrome/Cromo Reflex","precio":3731.0,"destacado":false,"descripcion":"","imagen":"assets/products/CA-697890012573.webp","tags":["globo","chrome","dorado","u23","1011"]},{"id":"CA-000000058382","nombre":"GLOBO CHROME 36\" PLATEADO x1 U23-1011","categoria":"Cotillon","subcategoria":"Globos Chrome/Cromo Reflex","precio":3731.0,"destacado":false,"descripcion":"","imagen":"assets/products/CA-000000058382.webp","tags":["globo","chrome","plateado","u23","1011"]},{"id":"CA-000000058381","nombre":"GLOBO CHROME 36\" ROSA GOLD x1 U23-1011","categoria":"Cotillon","subcategoria":"Globos Chrome/Cromo Reflex","precio":3731.0,"destacado":false,"descripcion":"","imagen":"assets/products/CA-000000058381.webp","tags":["globo","chrome","rosa","gold","u23","1011"]},{"id":"CA-705725022427","nombre":"GLOBO CIRCULO IRIDISCENTE 18\" x5 D2213","categoria":"Cotillon","subcategoria":"Globos Metalizados Numeros","precio":3549.0,"destacado":false,"descripcion":"","imagen":"assets/products/CA-705725022427.webp","tags":["globo","circulo","iridiscente","d2213"]},{"id":"CA-135468134561","nombre":"GLOBO CON CONFETTI COLOR 10 \" x100 GY-959","categoria":"Cotillon","subcategoria":"Globos Impresos/Globologia/Formas","precio":6511.16,"destacado":false,"descripcion":"","imagen":"assets/products/CA-135468134561.webp","tags":["globo","con","confetti","color","x100","959"]},{"id":"CA-692325468684","nombre":"GLOBO CORAZON 5\" METALIZADO DORADO x50 GY-131","categoria":"Cotillon","subcategoria":"Globos Metalizados Numeros","precio":2018.25,"destacado":false,"descripcion":"","imagen":"assets/products/CA-692325468684.webp","tags":["globo","corazon","metalizado","dorado","x50","131"]},{"id":"CA-692325468683","nombre":"GLOBO CORAZON 5\" METALIZADO PLATEADO x50 GY-131","categoria":"Cotillon","subcategoria":"Globos Metalizados Formas","precio":2018.25,"destacado":false,"descripcion":"","imagen":"assets/products/CA-692325468683.webp","tags":["globo","corazon","metalizado","plateado","x50","131"]},{"id":"CA-692325468615","nombre":"GLOBO CORAZON 5\" METALIZADO ROJO x50 GY-131","categoria":"Cotillon","subcategoria":"Globos Metalizados Formas","precio":2018.25,"destacado":false,"descripcion":"","imagen":"assets/products/CA-692325468615.webp","tags":["globo","corazon","metalizado","rojo","x50","131"]},{"id":"CA-691265517095","nombre":"GLOBO CRISTAL BURBUJA  24\" (62cm) JB x5  2101","categoria":"Cotillon","subcategoria":"Globos Cristal/Burbujas","precio":2051.0,"destacado":false,"descripcion":"","imagen":"assets/products/CA-691265517095.webp","tags":["globo","cristal","burbuja","62cm","2101"]},{"id":"CA-691265517094","nombre":"GLOBO CRISTAL BURBUJA 18\" (46cm) JB x5  2100","categoria":"Cotillon","subcategoria":"Globos Cristal/Burbujas","precio":1365.0,"destacado":false,"descripcion":"* (19/12/2025)","imagen":"assets/products/CA-691265517094.webp","tags":["globo","cristal","burbuja","46cm","2100"]},{"id":"CA-000000053228","nombre":"GLOBO CRISTAL BURBUJA BOBO 10\" (25cm) BALLOON x50  651","categoria":"Cotillon","subcategoria":"Globos Cristal/Burbujas","precio":5164.11,"destacado":false,"descripcion":"","imagen":"assets/products/CA-000000053228.webp","tags":["globo","cristal","burbuja","bobo","25cm","balloon","x50","651"]},{"id":"CA-850125860133","nombre":"GLOBO CRISTAL BURBUJA BOBO 20\" (50cm) BALLOON x50 GY-133","categoria":"Cotillon","subcategoria":"Globos Cristal/Burbujas","precio":9865.42,"destacado":false,"descripcion":"","imagen":"assets/products/CA-850125860133.webp","tags":["globo","cristal","burbuja","bobo","50cm","balloon","x50","133"]},{"id":"CA-000000058528","nombre":"GLOBO CRISTAL BURBUJA CORAZON BOBO 36\" (90cm) x50","categoria":"Cotillon","subcategoria":"Globos Cristal/Burbujas","precio":27830.25,"destacado":false,"descripcion":"","imagen":"assets/products/CA-000000058528.webp","tags":["globo","cristal","burbuja","corazon","bobo","90cm","x50"]},{"id":"CA-779812603221","nombre":"GLOBO DE CANCHA (NUDO) AMARILLO 1.20x0.20 mtr x20","categoria":"Cotillon","subcategoria":"Globos Impresos/Globologia/Formas","precio":5508.0,"destacado":false,"descripcion":"","imagen":"assets/products/CA-779812603221.webp","tags":["globo","cancha","nudo","amarillo","20x0","mtr","x20"]},{"id":"CA-779812603231","nombre":"GLOBO DE CANCHA (NUDO) AZUL 1.20x0.20 mtr x20","categoria":"Cotillon","subcategoria":"Globos Impresos/Globologia/Formas","precio":5508.0,"destacado":false,"descripcion":"","imagen":"assets/products/CA-779812603231.webp","tags":["globo","cancha","nudo","azul","20x0","mtr","x20"]},{"id":"CA-779812603223","nombre":"GLOBO DE CANCHA (NUDO) CELESTE 1.20x0.20 mtr x20","categoria":"Cotillon","subcategoria":"Globos Impresos/Globologia/Formas","precio":5508.0,"destacado":false,"descripcion":"","imagen":"assets/products/CA-779812603223.webp","tags":["globo","cancha","nudo","celeste","20x0","mtr","x20"]},{"id":"CA-779812603224","nombre":"GLOBO DE CANCHA (NUDO) NEGRO 1.20x0.20 mtr x20","categoria":"Cotillon","subcategoria":"Globos Impresos/Globologia/Formas","precio":5508.0,"destacado":false,"descripcion":"","imagen":"assets/products/CA-779812603224.webp","tags":["globo","cancha","nudo","negro","20x0","mtr","x20"]},{"id":"CA-779812603225","nombre":"GLOBO DE CANCHA (NUDO) ROJO 1.20x0.20 mtr x20","categoria":"Cotillon","subcategoria":"Globos Impresos/Globologia/Formas","precio":5508.0,"destacado":false,"descripcion":"","imagen":"assets/products/CA-779812603225.webp","tags":["globo","cancha","nudo","rojo","20x0","mtr","x20"]},{"id":"CA-779812603229","nombre":"GLOBO DE CANCHA (NUDO) ROSA 1.20x0.20 mtr x20","categoria":"Cotillon","subcategoria":"Globos Impresos/Globologia/Formas","precio":5508.0,"destacado":false,"descripcion":"","imagen":"assets/products/CA-779812603229.webp","tags":["globo","cancha","nudo","rosa","20x0","mtr","x20"]},{"id":"CA-779812603008","nombre":"GLOBO DE CANCHA (NUDO) SURTIDO FLUO 1.20x0.20 mtr x20","categoria":"Cotillon","subcategoria":"Globos Impresos/Globologia/Formas","precio":6696.0,"destacado":false,"descripcion":"","imagen":"assets/products/CA-779812603008.webp","tags":["globo","cancha","nudo","surtido","fluo","20x0","mtr","x20"]},{"id":"CA-779812603228","nombre":"GLOBO DE CANCHA (NUDO) VERDE OSCURO 1.20x0.20 mtr x20","categoria":"Cotillon","subcategoria":"Globos Impresos/Globologia/Formas","precio":5508.0,"destacado":false,"descripcion":"","imagen":"assets/products/CA-779812603228.webp","tags":["globo","cancha","nudo","verde","oscuro","20x0","mtr","x20"]}]}