{"category_slug":"cotillon","subcategory_slug":"","page":58,"page_size":48,"total":4091,"items":[{"id":"CA-202560000597","nombre":"KIT GLOBO ANIMAL PRINT 100 PIEZAS x1 FP0597-01","categoria":"Cotillon","subcategoria":"Globos Kits","precio":9556.47,"destacado":false,"descripcion":"","imagen":"assets/products/CA-202560000597.webp","tags":["kit","globo","animal","print","100","piezas","fp0597"]},{"id":"CA-202560000600","nombre":"KIT GLOBO ANIMALITOS SELVA X 100PCS FP0600","categoria":"Cotillon","subcategoria":"Globos Kits","precio":9556.47,"destacado":false,"descripcion":"","imagen":"assets/products/CA-202560000600.webp","tags":["kit","globo","animalitos","selva","100pcs","fp0600"]},{"id":"CA-202562000604","nombre":"KIT GLOBO BLANCO NEGRO PLATA X100PCS FP0604-02","categoria":"Cotillon","subcategoria":"Globos Kits","precio":9063.6,"destacado":false,"descripcion":"","imagen":"assets/products/CA-202562000604.webp","tags":["kit","globo","blanco","negro","plata","x100pcs","fp0604"]},{"id":"CA-000000058472","nombre":"KIT GLOBO CON CONFETTI VARIOS COLORES 6 PIEZAS x1","categoria":"Cotillon","subcategoria":"Globos Kits","precio":1456.35,"destacado":false,"descripcion":"","imagen":"assets/products/CA-000000058472.webp","tags":["kit","globo","con","confetti","varios","colores","piezas"]},{"id":"CA-202564000604","nombre":"KIT GLOBO DORADO PREMIUN 100PCS FP0604-04","categoria":"Cotillon","subcategoria":"Globos Kits","precio":9065.0,"destacado":false,"descripcion":"","imagen":"assets/products/CA-202564000604.webp","tags":["kit","globo","dorado","premiun","100pcs","fp0604"]},{"id":"CA-202560000580","nombre":"KIT GLOBO FELIZ CUMPLEAÑOS 58PCS FP0580-01","categoria":"Cotillon","subcategoria":"Globos Kits","precio":9557.8,"destacado":false,"descripcion":"","imagen":"assets/products/CA-202560000580.webp","tags":["kit","globo","feliz","cumpleaños","58pcs","fp0580"]},{"id":"CA-202560000602","nombre":"KIT GLOBO FELIZ CUMPLEAÑOS DINOSAURIOS X100PCS FP0602-01","categoria":"Cotillon","subcategoria":"Globos Kits","precio":9909.27,"destacado":false,"descripcion":"","imagen":"assets/products/CA-202560000602.webp","tags":["kit","globo","feliz","cumpleaños","dinosaurios","x100pcs","fp0602"]},{"id":"CA-202560000582","nombre":"KIT GLOBO FELIZ CUMPLEAÑOS DORADO Y BLANCO 82PCS FP0582-01","categoria":"Cotillon","subcategoria":"Globos Kits","precio":9557.8,"destacado":false,"descripcion":"","imagen":"assets/products/CA-202560000582.webp","tags":["kit","globo","feliz","cumpleaños","dorado","blanco","82pcs","fp0582"]},{"id":"CA-202560000583","nombre":"KIT GLOBO FELIZ CUMPLEAÑOS DORADO Y NEGRO X82PCS FP0583","categoria":"Cotillon","subcategoria":"Globos Kits","precio":9557.8,"destacado":false,"descripcion":"","imagen":"assets/products/CA-202560000583.webp","tags":["kit","globo","feliz","cumpleaños","dorado","negro","x82pcs","fp0583"]},{"id":"CA-202563000580","nombre":"KIT GLOBO FELIZ CUMPLEAÑOS FP0580-03","categoria":"Cotillon","subcategoria":"Globos Kits","precio":9557.8,"destacado":false,"descripcion":"","imagen":"assets/products/CA-202563000580.webp","tags":["kit","globo","feliz","cumpleaños","fp0580"]},{"id":"CA-202562000612","nombre":"KIT GLOBO FELIZ CUMPLEAÑOS NEGRO DORADO FP0612-02","categoria":"Cotillon","subcategoria":"Globos Kits","precio":9556.47,"destacado":false,"descripcion":"","imagen":"assets/products/CA-202562000612.webp","tags":["kit","globo","feliz","cumpleaños","negro","dorado","fp0612"]},{"id":"CA-202560000601","nombre":"KIT GLOBO FELIZ CUMPLEAÑOS PASTEL 68 PIEZAS x1 FP0601-02","categoria":"Cotillon","subcategoria":"Globos Kits","precio":8453.97,"destacado":false,"descripcion":"","imagen":"assets/products/CA-202560000601.webp","tags":["kit","globo","feliz","cumpleaños","pastel","piezas","fp0601"]},{"id":"CA-202563000601","nombre":"KIT GLOBO FELIZ CUMPLEAÑOS PASTEL 68 PIEZAS x1 FP0601-03","categoria":"Cotillon","subcategoria":"Globos Kits","precio":8453.97,"destacado":false,"descripcion":"","imagen":"assets/products/CA-202563000601.webp","tags":["kit","globo","feliz","cumpleaños","pastel","piezas","fp0601"]},{"id":"CA-202560000593","nombre":"KIT GLOBO FELIZ CUMPLEAÑOS PASTEL X86PCS FP0593","categoria":"Cotillon","subcategoria":"Globos Kits","precio":9557.8,"destacado":false,"descripcion":"","imagen":"assets/products/CA-202560000593.webp","tags":["kit","globo","feliz","cumpleaños","pastel","x86pcs","fp0593"]},{"id":"CA-202562000582","nombre":"KIT GLOBO FELIZ CUMPLEAÑOS ROSA 82PCS FP0582-02","categoria":"Cotillon","subcategoria":"Globos Kits","precio":9557.8,"destacado":false,"descripcion":"","imagen":"assets/products/CA-202562000582.webp","tags":["kit","globo","feliz","cumpleaños","rosa","82pcs","fp0582"]},{"id":"CA-202560000584","nombre":"KIT GLOBO FELIZ CUMPLEAÑOS ROSA 82PCS FP0584","categoria":"Cotillon","subcategoria":"Globos Kits","precio":9557.8,"destacado":false,"descripcion":"","imagen":"assets/products/CA-202560000584.webp","tags":["kit","globo","feliz","cumpleaños","rosa","82pcs","fp0584"]},{"id":"CA-202562000598","nombre":"KIT GLOBO FELIZ DIA (DORADO-PLATA-BLANCO) 70PCS x1 FP0598-02","categoria":"Cotillon","subcategoria":"Globos Kits","precio":9556.47,"destacado":false,"descripcion":"","imagen":"assets/products/CA-202562000598.webp","tags":["kit","globo","feliz","dia","dorado","plata","blanco","70pcs","fp0598"]},{"id":"CA-202560000598","nombre":"KIT GLOBO FELIZ DIA MULTICOLOR PASTEL 80PCS X1 PCS FP0598-01","categoria":"Cotillon","subcategoria":"Globos Kits","precio":9556.47,"destacado":false,"descripcion":"","imagen":"assets/products/CA-202560000598.webp","tags":["kit","globo","feliz","dia","multicolor","pastel","80pcs","pcs","fp0598"]},{"id":"CA-202562000628","nombre":"KIT GLOBO FRASE LOVE YOU FUXIA X40PCS FP0628-02","categoria":"Cotillon","subcategoria":"Globos Metalizados Frases","precio":5887.35,"destacado":false,"descripcion":"","imagen":"assets/products/CA-202562000628.webp","tags":["kit","globo","frase","love","you","fuxia","x40pcs","fp0628"]},{"id":"CA-202560000628","nombre":"KIT GLOBO FRASE LOVE YOU ROSA X40PCS FP0628-01","categoria":"Cotillon","subcategoria":"Globos Metalizados Frases","precio":5887.35,"destacado":false,"descripcion":"","imagen":"assets/products/CA-202560000628.webp","tags":["kit","globo","frase","love","you","rosa","x40pcs","fp0628"]},{"id":"CA-202560000575","nombre":"KIT GLOBO FROZEN 105PCS FP0575","categoria":"Cotillon","subcategoria":"Globos Kit Y Siluetas Personajes","precio":9205.0,"destacado":false,"descripcion":"","imagen":"assets/products/CA-202560000575.webp","tags":["kit","globo","frozen","105pcs","fp0575"]},{"id":"CA-202560000578","nombre":"KIT GLOBO MARMOLADO NEGRO - BLANCO - DORADO 100PCS x1 FP0578","categoria":"Cotillon","subcategoria":"Globos Kits","precio":9769.2,"destacado":false,"descripcion":"","imagen":"assets/products/CA-202560000578.webp","tags":["kit","globo","marmolado","negro","blanco","dorado","100pcs","fp0578"]},{"id":"CA-202560000596","nombre":"KIT GLOBO NEGRO Y DORADO 100 PIEZAS x1 FP0596-01","categoria":"Cotillon","subcategoria":"Globos Kits","precio":9557.8,"destacado":false,"descripcion":"","imagen":"assets/products/CA-202560000596.webp","tags":["kit","globo","negro","dorado","100","piezas","fp0596"]},{"id":"CA-202560000612","nombre":"KIT GLOBO NEGRO Y PLATA 100PCS FP0612-01","categoria":"Cotillon","subcategoria":"Globos Kits","precio":9557.8,"destacado":false,"descripcion":"","imagen":"assets/products/CA-202560000612.webp","tags":["kit","globo","negro","plata","100pcs","fp0612"]},{"id":"CA-692025031198","nombre":"KIT GLOBO PERSONAJE MICKEY CARA 5 PIEZAS x1 GY-1198","categoria":"Cotillon","subcategoria":"Globos Kit Y Siluetas Personajes","precio":2271.92,"destacado":false,"descripcion":"","imagen":"assets/products/CA-692025031198.webp","tags":["kit","globo","personaje","mickey","cara","piezas","1198"]},{"id":"CA-692025031232","nombre":"KIT GLOBO PERSONAJE MINNIE 5 PIEZAS x1 GY-1232","categoria":"Cotillon","subcategoria":"Globos Kit Y Siluetas Personajes","precio":2164.58,"destacado":false,"descripcion":"","imagen":"assets/products/CA-692025031232.webp","tags":["kit","globo","personaje","minnie","piezas","1232"]},{"id":"CA-692025024733","nombre":"KIT GLOBO PREMIUM CON FLORES x1 U24-733","categoria":"Cotillon","subcategoria":"Globos Kits","precio":9964.5,"destacado":false,"descripcion":"","imagen":"assets/products/CA-692025024733.webp","tags":["kit","globo","premium","con","flores","u24","733"]},{"id":"CA-202565000596","nombre":"KIT GLOBO ROSA/LILA/BLANCO Y ACCESORIOS 100 PIEZAS x1 FP0596-05","categoria":"Cotillon","subcategoria":"Globos Kits","precio":9556.47,"destacado":false,"descripcion":"","imagen":"assets/products/CA-202565000596.webp","tags":["kit","globo","rosa","lila","blanco","accesorios","100","piezas","fp0596"]},{"id":"CA-692025031218","nombre":"KIT GLOBOS ANIMALITO LEON 5 PIEZAS x1 GY-1218","categoria":"Cotillon","subcategoria":"Globos Kits","precio":2274.74,"destacado":false,"descripcion":"","imagen":"assets/products/CA-692025031218.webp","tags":["kit","globos","animalito","leon","piezas","1218"]},{"id":"CA-692025031215","nombre":"KIT GLOBOS ANIMALITO TIGRE 5 PIEZAS x1 GY-1215","categoria":"Cotillon","subcategoria":"Globos Kits","precio":2274.74,"destacado":false,"descripcion":"","imagen":"assets/products/CA-692025031215.webp","tags":["kit","globos","animalito","tigre","piezas","1215"]},{"id":"CA-202504230801","nombre":"KIT GLOBOS ANIMALITOS ABEJITA FELIZ CUMPLEAÑOS 5 PIEZAS x1","categoria":"Cotillon","subcategoria":"Globos Kits","precio":2330.16,"destacado":false,"descripcion":"","imagen":"assets/products/CA-202504230801.webp","tags":["kit","globos","animalitos","abejita","feliz","cumpleaños","piezas"]},{"id":"CA-690138500623","nombre":"KIT GLOBOS ANIMALITOS ABEJITA FELIZ CUMPLEAÑOS 5 PIEZAS x1 XY-623","categoria":"Cotillon","subcategoria":"Globos Kits","precio":2067.95,"destacado":false,"descripcion":"","imagen":"assets/products/CA-690138500623.webp","tags":["kit","globos","animalitos","abejita","feliz","cumpleaños","piezas","623"]},{"id":"CA-692505190143","nombre":"KIT GLOBOS ANIMALITOS ABEJITA/ESTRELLA 5 PIEZAS x1 SU-143","categoria":"Cotillon","subcategoria":"Globos Kits","precio":2274.74,"destacado":false,"descripcion":"","imagen":"assets/products/CA-692505190143.webp","tags":["kit","globos","animalitos","abejita","estrella","piezas","143"]},{"id":"CA-541497890512","nombre":"KIT GLOBOS ANIMALITOS CON BASE CEBRA 9 PIEZAS x1 PA0512","categoria":"Cotillon","subcategoria":"Globos Kits","precio":2999.0,"destacado":false,"descripcion":"","imagen":"assets/products/CA-541497890512.webp","tags":["kit","globos","animalitos","con","base","cebra","piezas","pa0512"]},{"id":"CA-000000056274","nombre":"KIT GLOBOS ANIMALITOS DINO HAPPY BIRTHDAY 5 PIEZAS x1","categoria":"Cotillon","subcategoria":"Globos Kits","precio":2492.34,"destacado":false,"descripcion":"","imagen":"assets/products/CA-000000056274.webp","tags":["kit","globos","animalitos","dino","happy","birthday","piezas"]},{"id":"CA-000000055902","nombre":"KIT GLOBOS ANIMALITOS DINOSAURIO 5 PIEZAS x1","categoria":"Cotillon","subcategoria":"Globos Kits","precio":2492.34,"destacado":false,"descripcion":"","imagen":"assets/products/CA-000000055902.webp","tags":["kit","globos","animalitos","dinosaurio","piezas"]},{"id":"CA-692024121231","nombre":"KIT GLOBOS ANIMALITOS DINOSAURIO 5 PIEZAS x1 GY-625","categoria":"Cotillon","subcategoria":"Globos Kits","precio":2492.34,"destacado":false,"descripcion":"","imagen":"assets/products/CA-692024121231.webp","tags":["kit","globos","animalitos","dinosaurio","piezas","625"]},{"id":"CA-690250219990","nombre":"KIT GLOBOS ANIMALITOS DINOSAURIO FELIZ CUMPLEAÑOS 5 PIEZAS x1 GY-990","categoria":"Cotillon","subcategoria":"Globos Kits","precio":2492.34,"destacado":false,"descripcion":"","imagen":"assets/products/CA-690250219990.webp","tags":["kit","globos","animalitos","dinosaurio","feliz","cumpleaños","piezas","990"]},{"id":"CA-692507198556","nombre":"KIT GLOBOS ANIMALITOS GATITO NEGRO CORONA/ESTRELLA 5 PIEZAS x1 GY-85-56","categoria":"Cotillon","subcategoria":"Globos Kits","precio":2267.65,"destacado":false,"descripcion":"","imagen":"assets/products/CA-692507198556.webp","tags":["kit","globos","animalitos","gatito","negro","corona","estrella","piezas"]},{"id":"CA-687368583080","nombre":"KIT GLOBOS ANIMALITOS GATITO ROSA CORONA/ESTRELLA 5 PIEZAS x1","categoria":"Cotillon","subcategoria":"Globos Kits","precio":2492.34,"destacado":false,"descripcion":"","imagen":"assets/products/CA-687368583080.webp","tags":["kit","globos","animalitos","gatito","rosa","corona","estrella","piezas"]},{"id":"CA-692025031216","nombre":"KIT GLOBOS ANIMALITOS JIRAFA 5 PIEZAS x1 GY-1216","categoria":"Cotillon","subcategoria":"Globos Kits","precio":2274.74,"destacado":false,"descripcion":"","imagen":"assets/products/CA-692025031216.webp","tags":["kit","globos","animalitos","jirafa","piezas","1216"]},{"id":"CA-000000056698","nombre":"KIT GLOBOS ANIMALITOS MARIPOSA HAPPY BIRTHDAY 5 PIEZAS x1","categoria":"Cotillon","subcategoria":"Globos Kits","precio":2340.8,"destacado":false,"descripcion":"","imagen":"assets/products/CA-000000056698.webp","tags":["kit","globos","animalitos","mariposa","happy","birthday","piezas"]},{"id":"CA-692505190242","nombre":"KIT GLOBOS ANIMALITOS MARIPOSA VIOLETA/FLOR/ESTRELLA METALIZADA 5 PIEZAS x1 SU-242","categoria":"Cotillon","subcategoria":"Globos Kits","precio":2274.74,"destacado":false,"descripcion":"","imagen":"assets/products/CA-692505190242.webp","tags":["kit","globos","animalitos","mariposa","violeta","flor","estrella","metalizada","piezas","242"]},{"id":"CA-000000057473","nombre":"KIT GLOBOS ANIMALITOS MARIPOSA/FLOR/ESTRELLA 5 PIEZAS x1","categoria":"Cotillon","subcategoria":"Globos Kits","precio":2067.95,"destacado":false,"descripcion":"","imagen":"assets/products/CA-000000057473.webp","tags":["kit","globos","animalitos","mariposa","flor","estrella","piezas"]},{"id":"CA-692025031219","nombre":"KIT GLOBOS ANIMALITOS VAQUITA 5 PIEZAS x1 GY-1219","categoria":"Cotillon","subcategoria":"Globos Kits","precio":2274.74,"destacado":false,"descripcion":"","imagen":"assets/products/CA-692025031219.webp","tags":["kit","globos","animalitos","vaquita","piezas","1219"]},{"id":"CA-705725022430","nombre":"KIT GLOBOS ANIMALITOS VARIOS MODELOS 5 PIEZAS X1 U24-731","categoria":"Cotillon","subcategoria":"Globos Kits","precio":1383.2,"destacado":false,"descripcion":"","imagen":"assets/products/CA-705725022430.webp","tags":["kit","globos","animalitos","varios","modelos","piezas","u24","731"]},{"id":"CA-779813200886","nombre":"KIT GLOBOS BABY PINCESS/PRINCE ROSA /CELESTE 5 PIEZAS x1 200886","categoria":"Cotillon","subcategoria":"Globos Kits","precio":675.15,"destacado":false,"descripcion":"","imagen":"assets/products/CA-779813200886.webp","tags":["kit","globos","baby","pincess","prince","rosa","celeste","piezas","200886"]},{"id":"CA-779842097169","nombre":"KIT GLOBOS CRISTAL FORMA CORAZON CON CONFETTI CELESTE (APTO HELIO) GLOBOX x6 71699","categoria":"Cotillon","subcategoria":"Globos Cristal/Burbujas","precio":2555.66,"destacado":false,"descripcion":"","imagen":"assets/products/CA-779842097169.webp","tags":["kit","globos","cristal","forma","corazon","con","confetti","celeste","apto","helio","globox","71699"]}]}