{"category_slug":"cotillon","subcategory_slug":"","page":6,"page_size":48,"total":4091,"items":[{"id":"CA-779905100348","nombre":"BANDERIN TRIANGULAR GM EGRESADITOSx1 GM 3344/9 2.40 mts.","categoria":"Cotillon","subcategoria":"Festejos Egresados/Upd","precio":1291.95,"destacado":false,"descripcion":"","imagen":"assets/products/CA-779905100348.webp","tags":["banderin","triangular","egresaditosx1","3344","mts"]},{"id":"CA-779905100893","nombre":"BANDERIN TRIANGULAR MULTICOLOR GM x1 3344-15","categoria":"Cotillon","subcategoria":"Banderines/Cortinas/Afiches/Colgantes","precio":733.97,"destacado":false,"descripcion":"","imagen":"assets/products/CA-779905100893.webp","tags":["banderin","triangular","multicolor","3344"]},{"id":"CA-779905100894","nombre":"BANDERIN TRIANGULAR MULTICOLOR PASTEL GM x1 3344-16","categoria":"Cotillon","subcategoria":"Banderines/Cortinas/Afiches/Colgantes","precio":733.97,"destacado":false,"descripcion":"","imagen":"assets/products/CA-779905100894.webp","tags":["banderin","triangular","multicolor","pastel","3344"]},{"id":"CA-202580010686","nombre":"BARBA CON PATILLA MARRON X1 FP686-01","categoria":"Cotillon","subcategoria":"Accesorios Y Sets Para Disfraces / Tutu","precio":956.1,"destacado":false,"descripcion":"","imagen":"assets/products/CA-202580010686.webp","tags":["barba","con","patilla","marron","fp686"]},{"id":"CA-202580040686","nombre":"BARBA DEGRADE NEGRO / MARRON X1 FP686-04","categoria":"Cotillon","subcategoria":"Accesorios Y Sets Para Disfraces / Tutu","precio":956.1,"destacado":false,"descripcion":"","imagen":"assets/products/CA-202580040686.webp","tags":["barba","degrade","negro","marron","fp686"]},{"id":"CA-202580000691","nombre":"BARBA GIGANTE PIRATA X1 FP691","categoria":"Cotillon","subcategoria":"Accesorios Y Sets Para Disfraces / Tutu","precio":1175.68,"destacado":false,"descripcion":"","imagen":"assets/products/CA-202580000691.webp","tags":["barba","gigante","pirata","fp691"]},{"id":"CA-690202505240","nombre":"BASE EXHIBIDORA PARA 13 GLOBOS x1 DIS05-24","categoria":"Cotillon","subcategoria":"Accesorios Para Globos","precio":6300.0,"destacado":false,"descripcion":"","imagen":"assets/products/CA-690202505240.webp","tags":["base","exhibidora","para","globos","dis05"]},{"id":"CA-690202507066","nombre":"BASE EXHIBIDORA PARA 19 GLOBOS x1 DIS132-06","categoria":"Cotillon","subcategoria":"Accesorios Para Globos","precio":7700.0,"destacado":false,"descripcion":"","imagen":"assets/products/CA-690202507066.webp","tags":["base","exhibidora","para","globos","dis132"]},{"id":"CA-679749900068","nombre":"BASE EXHIBIDORA PARA GLOBO ARTICULADO (19 PIEZAS) x1 DA0068","categoria":"Cotillon","subcategoria":"Accesorios Para Globos","precio":2826.63,"destacado":false,"descripcion":"","imagen":"assets/products/CA-679749900068.webp","tags":["base","exhibidora","para","globo","articulado","piezas","da0068"]},{"id":"CA-692412180202","nombre":"BASE EXHIBIDORA PARA GLOBO CON LUZ  x1 DIS02-02","categoria":"Cotillon","subcategoria":"Accesorios Para Globos","precio":4480.0,"destacado":false,"descripcion":"","imagen":"assets/products/CA-692412180202.webp","tags":["base","exhibidora","para","globo","con","luz","dis02"]},{"id":"CA-779819415258","nombre":"BASE EXHIBIDORA PARA GLOBO CON PALITOS x1 52584","categoria":"Cotillon","subcategoria":"Accesorios Para Globos","precio":1240.2,"destacado":false,"descripcion":"","imagen":"assets/products/CA-779819415258.webp","tags":["base","exhibidora","para","globo","con","palitos","52584"]},{"id":"CA-609819417196","nombre":"BASE EXHIBIDORA PARA GLOBO CON PALITOS Y LUZ LED x1 71969","categoria":"Cotillon","subcategoria":"Accesorios Para Globos","precio":4307.38,"destacado":false,"descripcion":"","imagen":"assets/products/CA-609819417196.webp","tags":["base","exhibidora","para","globo","con","palitos","luz","led","71969"]},{"id":"CA-679749910232","nombre":"BASE EXHIBIDORA PARA GLOBO MULTICOLOR x1 DA232-02","categoria":"Cotillon","subcategoria":"Accesorios Para Globos","precio":3205.26,"destacado":false,"descripcion":"","imagen":"assets/products/CA-679749910232.webp","tags":["base","exhibidora","para","globo","multicolor","da232"]},{"id":"CA-690202516388","nombre":"BASE EXHIBIDORA PARA GLOBO TUBO EXTENSIBLE 2 MTS  x1 DIS07-38","categoria":"Cotillon","subcategoria":"Accesorios Para Globos","precio":2940.0,"destacado":false,"descripcion":"","imagen":"assets/products/CA-690202516388.webp","tags":["base","exhibidora","para","globo","tubo","extensible","mts","dis07"]},{"id":"CA-000000054283","nombre":"BASE EXHIBIDORA PREMIUM PARA 19 GLOBOS x1 52584B","categoria":"Cotillon","subcategoria":"Accesorios Para Globos","precio":5133.35,"destacado":false,"descripcion":"","imagen":"assets/products/CA-000000054283.webp","tags":["base","exhibidora","premium","para","globos","52584b"]},{"id":"CA-000001200320","nombre":"BASTON DE POLICIA GRANDE STASIO x1 HB0007","categoria":"Cotillon","subcategoria":"Accesorios Y Sets Para Disfraces / Tutu","precio":1462.79,"destacado":false,"descripcion":"","imagen":"assets/products/CA-000001200320.webp","tags":["baston","policia","grande","stasio","hb0007"]},{"id":"CA-639740810500","nombre":"BASTON REY IMPORTADO  x1 TG500","categoria":"Cotillon","subcategoria":"Accesorios Y Sets Para Disfraces / Tutu","precio":2094.92,"destacado":false,"descripcion":"","imagen":"assets/products/CA-639740810500.webp","tags":["baston","rey","importado","tg500"]},{"id":"CA-779819415759","nombre":"BENGALA DE HUMO AMARILLA BOMBUCHA x5u. 57596","categoria":"Cotillon","subcategoria":"Nieve/Serpentina/Pintura/Polvos/Cañones/P.Picado","precio":8159.4,"destacado":false,"descripcion":"","imagen":"assets/products/CA-779819415759.webp","tags":["bengala","humo","amarilla","bombucha","x5u","57596"]},{"id":"CA-202400134311","nombre":"BENGALA DE HUMO AMARILLA CADENACI (13431) x5","categoria":"Cotillon","subcategoria":"Nieve/Serpentina/Pintura/Polvos/Cañones/P.Picado","precio":5732.48,"destacado":false,"descripcion":"","imagen":"assets/products/CA-202400134311.webp","tags":["bengala","humo","amarilla","cadenaci","13431"]},{"id":"CA-779814797028","nombre":"BENGALA DE HUMO AMARILLA PS x5u BHAM","categoria":"Cotillon","subcategoria":"Nieve/Serpentina/Pintura/Polvos/Cañones/P.Picado","precio":6989.45,"destacado":false,"descripcion":"","imagen":"assets/products/CA-779814797028.webp","tags":["bengala","humo","amarilla","x5u","bham"]},{"id":"CA-779819415773","nombre":"BENGALA DE HUMO AZUL BOMBUCHA x5u. 57749","categoria":"Cotillon","subcategoria":"Nieve/Serpentina/Pintura/Polvos/Cañones/P.Picado","precio":8159.4,"destacado":false,"descripcion":"","imagen":"assets/products/CA-779819415773.webp","tags":["bengala","humo","azul","bombucha","x5u","57749"]},{"id":"CA-202400134312","nombre":"BENGALA DE HUMO AZUL CADENACI (13431AZ) x5","categoria":"Cotillon","subcategoria":"Nieve/Serpentina/Pintura/Polvos/Cañones/P.Picado","precio":5732.48,"destacado":false,"descripcion":"","imagen":"assets/products/CA-202400134312.webp","tags":["bengala","humo","azul","cadenaci","13431az"]},{"id":"CA-779814797026","nombre":"BENGALA DE HUMO AZUL PS x5u BHAZ","categoria":"Cotillon","subcategoria":"Nieve/Serpentina/Pintura/Polvos/Cañones/P.Picado","precio":6989.45,"destacado":false,"descripcion":"","imagen":"assets/products/CA-779814797026.webp","tags":["bengala","humo","azul","x5u","bhaz"]},{"id":"CA-779819415760","nombre":"BENGALA DE HUMO BLANCO BOMBUCHA x5u. 57602","categoria":"Cotillon","subcategoria":"Nieve/Serpentina/Pintura/Polvos/Cañones/P.Picado","precio":8159.4,"destacado":false,"descripcion":"","imagen":"assets/products/CA-779819415760.webp","tags":["bengala","humo","blanco","bombucha","x5u","57602"]},{"id":"CA-202400134313","nombre":"BENGALA DE HUMO BLANCO CADENACI (13431BL) x5","categoria":"Cotillon","subcategoria":"Nieve/Serpentina/Pintura/Polvos/Cañones/P.Picado","precio":5732.48,"destacado":false,"descripcion":"","imagen":"assets/products/CA-202400134313.webp","tags":["bengala","humo","blanco","cadenaci","13431bl"]},{"id":"CA-779814797027","nombre":"BENGALA DE HUMO BLANCO PS x5u BHBL","categoria":"Cotillon","subcategoria":"Nieve/Serpentina/Pintura/Polvos/Cañones/P.Picado","precio":6989.45,"destacado":false,"descripcion":"","imagen":"assets/products/CA-779814797027.webp","tags":["bengala","humo","blanco","x5u","bhbl"]},{"id":"CA-779819415774","nombre":"BENGALA DE HUMO CELESTE BOMBUCHA x5u. 57749","categoria":"Cotillon","subcategoria":"Nieve/Serpentina/Pintura/Polvos/Cañones/P.Picado","precio":8159.4,"destacado":false,"descripcion":"","imagen":"assets/products/CA-779819415774.webp","tags":["bengala","humo","celeste","bombucha","x5u","57749"]},{"id":"CA-202400134314","nombre":"BENGALA DE HUMO CELESTE CADENACI (13431CL) x5","categoria":"Cotillon","subcategoria":"Nieve/Serpentina/Pintura/Polvos/Cañones/P.Picado","precio":5732.48,"destacado":false,"descripcion":"","imagen":"assets/products/CA-202400134314.webp","tags":["bengala","humo","celeste","cadenaci","13431cl"]},{"id":"CA-779814797240","nombre":"BENGALA DE HUMO CELESTE PS x5u BHCE","categoria":"Cotillon","subcategoria":"Nieve/Serpentina/Pintura/Polvos/Cañones/P.Picado","precio":6989.45,"destacado":false,"descripcion":"","imagen":"assets/products/CA-779814797240.webp","tags":["bengala","humo","celeste","x5u","bhce"]},{"id":"CA-779814797338","nombre":"BENGALA DE HUMO NARANJA PS x5u BHNA","categoria":"Cotillon","subcategoria":"Nieve/Serpentina/Pintura/Polvos/Cañones/P.Picado","precio":6989.45,"destacado":false,"descripcion":"","imagen":"assets/products/CA-779814797338.webp","tags":["bengala","humo","naranja","x5u","bhna"]},{"id":"CA-202400134315","nombre":"BENGALA DE HUMO NEGRA CADENACI (13431) x5","categoria":"Cotillon","subcategoria":"Nieve/Serpentina/Pintura/Polvos/Cañones/P.Picado","precio":5732.48,"destacado":false,"descripcion":"","imagen":"assets/products/CA-202400134315.webp","tags":["bengala","humo","negra","cadenaci","13431"]},{"id":"CA-779908804443","nombre":"BENGALA DE HUMO NEGRA PS x5u BHNE","categoria":"Cotillon","subcategoria":"Nieve/Serpentina/Pintura/Polvos/Cañones/P.Picado","precio":6989.45,"destacado":false,"descripcion":"","imagen":"assets/products/CA-779908804443.webp","tags":["bengala","humo","negra","x5u","bhne"]},{"id":"CA-202400134317","nombre":"BENGALA DE HUMO ROJA CADENACI (13431) x5","categoria":"Cotillon","subcategoria":"Nieve/Serpentina/Pintura/Polvos/Cañones/P.Picado","precio":5732.48,"destacado":false,"descripcion":"","imagen":"assets/products/CA-202400134317.webp","tags":["bengala","humo","roja","cadenaci","13431"]},{"id":"CA-779819415772","nombre":"BENGALA DE HUMO ROJO BOMBUCHA x5u. 57749","categoria":"Cotillon","subcategoria":"Nieve/Serpentina/Pintura/Polvos/Cañones/P.Picado","precio":8159.4,"destacado":false,"descripcion":"","imagen":"assets/products/CA-779819415772.webp","tags":["bengala","humo","rojo","bombucha","x5u","57749"]},{"id":"CA-779814797025","nombre":"BENGALA DE HUMO ROJO PS x5u BHRJ","categoria":"Cotillon","subcategoria":"Nieve/Serpentina/Pintura/Polvos/Cañones/P.Picado","precio":6989.45,"destacado":false,"descripcion":"","imagen":"assets/products/CA-779814797025.webp","tags":["bengala","humo","rojo","x5u","bhrj"]},{"id":"CA-779819415775","nombre":"BENGALA DE HUMO ROSA BOMBUCHA x5u. 57749","categoria":"Cotillon","subcategoria":"Nieve/Serpentina/Pintura/Polvos/Cañones/P.Picado","precio":8159.4,"destacado":false,"descripcion":"","imagen":"assets/products/CA-779819415775.webp","tags":["bengala","humo","rosa","bombucha","x5u","57749"]},{"id":"CA-202400134318","nombre":"BENGALA DE HUMO ROSA CADENACI (13431) x5","categoria":"Cotillon","subcategoria":"Nieve/Serpentina/Pintura/Polvos/Cañones/P.Picado","precio":5732.48,"destacado":false,"descripcion":"","imagen":"assets/products/CA-202400134318.webp","tags":["bengala","humo","rosa","cadenaci","13431"]},{"id":"CA-779832235409","nombre":"BENGALA DE HUMO ROSA PS x5u BHRS","categoria":"Cotillon","subcategoria":"Nieve/Serpentina/Pintura/Polvos/Cañones/P.Picado","precio":6989.45,"destacado":false,"descripcion":"","imagen":"assets/products/CA-779832235409.webp","tags":["bengala","humo","rosa","x5u","bhrs"]},{"id":"CA-779819415771","nombre":"BENGALA DE HUMO VERDE BOMBUCHA x5u. 57718","categoria":"Cotillon","subcategoria":"Nieve/Serpentina/Pintura/Polvos/Cañones/P.Picado","precio":8159.4,"destacado":false,"descripcion":"","imagen":"assets/products/CA-779819415771.webp","tags":["bengala","humo","verde","bombucha","x5u","57718"]},{"id":"CA-779814797029","nombre":"BENGALA DE HUMO VERDE PS x5u BHVE","categoria":"Cotillon","subcategoria":"Nieve/Serpentina/Pintura/Polvos/Cañones/P.Picado","precio":6989.45,"destacado":false,"descripcion":"","imagen":"assets/products/CA-779814797029.webp","tags":["bengala","humo","verde","x5u","bhve"]},{"id":"CA-779832235774","nombre":"BENGALA DE HUMO VIOLETA PS x5u BHVL","categoria":"Cotillon","subcategoria":"Nieve/Serpentina/Pintura/Polvos/Cañones/P.Picado","precio":6989.45,"destacado":false,"descripcion":"","imagen":"assets/products/CA-779832235774.webp","tags":["bengala","humo","violeta","x5u","bhvl"]},{"id":"CA-779812557739","nombre":"BICICLETAS x3u. 739","categoria":"Cotillon","subcategoria":"Miniaturas / Juguetitos / Regalitos","precio":1211.68,"destacado":false,"descripcion":"","imagen":"assets/products/CA-779812557739.webp","tags":["bicicletas","x3u","739"]},{"id":"CA-202580010687","nombre":"BIGOTE GIGANTE MEXICANO X1 FP687-01","categoria":"Cotillon","subcategoria":"Accesorios Y Sets Para Disfraces / Tutu","precio":1614.84,"destacado":false,"descripcion":"","imagen":"assets/products/CA-202580010687.webp","tags":["bigote","gigante","mexicano","fp687"]},{"id":"CA-202580030686","nombre":"BIGOTE MOSTACHO NEGRO X1 FP686-03","categoria":"Cotillon","subcategoria":"Accesorios Y Sets Para Disfraces / Tutu","precio":956.1,"destacado":false,"descripcion":"","imagen":"assets/products/CA-202580030686.webp","tags":["bigote","mostacho","negro","fp686"]},{"id":"CA-779905101130","nombre":"BILLETE DIDACTICO PESOS  x70u.  012","categoria":"Cotillon","subcategoria":"Didacticos","precio":773.55,"destacado":false,"descripcion":"","imagen":"assets/products/CA-779905101130.webp","tags":["billete","didactico","pesos","x70u","012"]},{"id":"CA-000000052436","nombre":"BILLETE DIDACTICO PESOS  x70u. 012","categoria":"Cotillon","subcategoria":"Didacticos","precio":773.55,"destacado":false,"descripcion":"","imagen":"assets/products/CA-000000052436.webp","tags":["billete","didactico","pesos","x70u","012"]},{"id":"CA-05022840262788","nombre":"BLISTER 2 YOYO RUEDA x1 HM40201","categoria":"Cotillon","subcategoria":"Miniaturas / Juguetitos / Regalitos","precio":1672.28,"destacado":false,"descripcion":"","imagen":"assets/products/CA-05022840262788.webp","tags":["blister","yoyo","rueda","hm40201"]},{"id":"CA-202560000006","nombre":"BLISTER AUTO DEPORTIVO METAL  24 pcs X1 FP0006-01","categoria":"Cotillon","subcategoria":"Miniaturas / Juguetitos / Regalitos","precio":9922.5,"destacado":false,"descripcion":"","imagen":"assets/products/CA-202560000006.webp","tags":["blister","auto","deportivo","metal","pcs","fp0006"]}]}