{"category_slug":"cotillon","subcategory_slug":"","page":40,"page_size":48,"total":4091,"items":[{"id":"CA-202560000836","nombre":"GLOBO FELIZ DIA AMOR X1 FP0836","categoria":"Cotillon","subcategoria":"Globos Metalizados Frases","precio":1838.97,"destacado":false,"descripcion":"","imagen":"assets/products/CA-202560000836.webp","tags":["globo","feliz","dia","amor","fp0836"]},{"id":"CA-779101402017","nombre":"GLOBO FIESTA LOCA CRISTAL 10\"  x50  G10MIX","categoria":"Cotillon","subcategoria":"Globos Cristal/Burbujas","precio":2053.79,"destacado":false,"descripcion":"","imagen":"assets/products/CA-779101402017.webp","tags":["globo","fiesta","loca","cristal","x50","g10mix"]},{"id":"CA-779101412174","nombre":"GLOBO FIESTA LOCA LISO 9\" AGUAMARINA x50 G9AGU","categoria":"Cotillon","subcategoria":"Globos Lisos","precio":2246.33,"destacado":false,"descripcion":"","imagen":"assets/products/CA-779101412174.webp","tags":["globo","fiesta","loca","liso","aguamarina","x50","g9agu"]},{"id":"CA-779101402003","nombre":"GLOBO FIESTA LOCA LISO 9\" CELESTE x50","categoria":"Cotillon","subcategoria":"Globos Lisos","precio":2246.33,"destacado":false,"descripcion":"","imagen":"assets/products/CA-779101402003.webp","tags":["globo","fiesta","loca","liso","celeste","x50"]},{"id":"CA-779101402009","nombre":"GLOBO FIESTA LOCA LISO 9\" FUCSIA x50","categoria":"Cotillon","subcategoria":"Globos Lisos","precio":2246.33,"destacado":false,"descripcion":"","imagen":"assets/products/CA-779101402009.webp","tags":["globo","fiesta","loca","liso","fucsia","x50"]},{"id":"CA-779101402012","nombre":"GLOBO FIESTA LOCA LISO 9\" MULTICOLOR x50","categoria":"Cotillon","subcategoria":"Globos Lisos","precio":2246.33,"destacado":false,"descripcion":"","imagen":"assets/products/CA-779101402012.webp","tags":["globo","fiesta","loca","liso","multicolor","x50"]},{"id":"CA-779101412387","nombre":"GLOBO FIESTA LOCA LISO 9\" ROSA GOLD x50","categoria":"Cotillon","subcategoria":"Globos Lisos","precio":2246.33,"destacado":false,"descripcion":"","imagen":"assets/products/CA-779101412387.webp","tags":["globo","fiesta","loca","liso","rosa","gold","x50"]},{"id":"CA-779101402011","nombre":"GLOBO FIESTA LOCA LISO 9\" VERDE OSCURO x50","categoria":"Cotillon","subcategoria":"Globos Lisos","precio":2246.33,"destacado":false,"descripcion":"","imagen":"assets/products/CA-779101402011.webp","tags":["globo","fiesta","loca","liso","verde","oscuro","x50"]},{"id":"CA-779101412411","nombre":"GLOBO FIESTA LOCA PASTEL 12\" AGUAMARINA x25 G12AGUAPA","categoria":"Cotillon","subcategoria":"Globos Lisos","precio":1595.3,"destacado":false,"descripcion":"","imagen":"assets/products/CA-779101412411.webp","tags":["globo","fiesta","loca","pastel","aguamarina","x25","g12aguapa"]},{"id":"CA-779101412405","nombre":"GLOBO FIESTA LOCA PASTEL 12\" AMARILLO x25  G12AMPA","categoria":"Cotillon","subcategoria":"Globos Lisos","precio":1595.3,"destacado":false,"descripcion":"","imagen":"assets/products/CA-779101412405.webp","tags":["globo","fiesta","loca","pastel","amarillo","x25","g12ampa"]},{"id":"CA-779101412407","nombre":"GLOBO FIESTA LOCA PASTEL 12\" CELESTE x25 G12CEPA","categoria":"Cotillon","subcategoria":"Globos Lisos","precio":1595.3,"destacado":false,"descripcion":"","imagen":"assets/products/CA-779101412407.webp","tags":["globo","fiesta","loca","pastel","celeste","x25","g12cepa"]},{"id":"CA-779101412409","nombre":"GLOBO FIESTA LOCA PASTEL 12\" GRIS x25 G12GRIPA","categoria":"Cotillon","subcategoria":"Globos Lisos","precio":1595.3,"destacado":false,"descripcion":"","imagen":"assets/products/CA-779101412409.webp","tags":["globo","fiesta","loca","pastel","gris","x25","g12gripa"]},{"id":"CA-779101402098","nombre":"GLOBO FIESTA LOCA PERLADO 12\" MULTICOLOR x25 G12MIXP","categoria":"Cotillon","subcategoria":"Globos Perlados","precio":2083.81,"destacado":false,"descripcion":"","imagen":"assets/products/CA-779101402098.webp","tags":["globo","fiesta","loca","perlado","multicolor","x25","g12mixp"]},{"id":"CA-779101402096","nombre":"GLOBO FIESTA LOCA PERLADO 12\" VERDE MANZANA x25 G12VEMAP","categoria":"Cotillon","subcategoria":"Globos Perlados","precio":2083.81,"destacado":false,"descripcion":"","imagen":"assets/products/CA-779101402096.webp","tags":["globo","fiesta","loca","perlado","verde","manzana","x25","g12vemap"]},{"id":"CA-202489931032","nombre":"GLOBO FORMA 4D ESTRELLA 18\" MARRON MATE x20 89931MR","categoria":"Cotillon","subcategoria":"Globos Metalizados Formas","precio":17300.79,"destacado":false,"descripcion":"","imagen":"assets/products/CA-202489931032.webp","tags":["globo","forma","estrella","marron","mate","x20","89931mr"]},{"id":"CA-885879951946","nombre":"GLOBO FORMA 4D ESTRELLA 22\" COLOR x20 GY-946","categoria":"Cotillon","subcategoria":"Globos Metalizados Formas","precio":11838.5,"destacado":false,"descripcion":"","imagen":"assets/products/CA-885879951946.webp","tags":["globo","forma","estrella","color","x20","946"]},{"id":"CA-000000052262","nombre":"GLOBO FORMA 4D ESTRELLA 22\" NUDE BEIGE x5 CL447-2/U23-177","categoria":"Cotillon","subcategoria":"Globos Metalizados Formas","precio":7471.1,"destacado":false,"descripcion":"","imagen":"assets/products/CA-000000052262.webp","tags":["globo","forma","estrella","nude","beige","cl447","u23","177"]},{"id":"CA-000000058062","nombre":"GLOBO FORMA ANIMALITO CEBRA 38cm x50u FB7092","categoria":"Cotillon","subcategoria":"Globos Metalizados Formas","precio":13424.94,"destacado":false,"descripcion":"","imagen":"assets/products/CA-000000058062.webp","tags":["globo","forma","animalito","cebra","38cm","x50u","fb7092"]},{"id":"CA-000000058063","nombre":"GLOBO FORMA ANIMALITO JIRAFA 38cm x50u FB7091","categoria":"Cotillon","subcategoria":"Globos Metalizados Formas","precio":13424.94,"destacado":false,"descripcion":"","imagen":"assets/products/CA-000000058063.webp","tags":["globo","forma","animalito","jirafa","38cm","x50u","fb7091"]},{"id":"CA-245783472419","nombre":"GLOBO FORMA ANIMALITO TIGRE 38cm x50u FB7098","categoria":"Cotillon","subcategoria":"Globos Metalizados Formas","precio":13424.94,"destacado":false,"descripcion":"","imagen":"assets/products/CA-245783472419.webp","tags":["globo","forma","animalito","tigre","38cm","x50u","fb7098"]},{"id":"CA-970002506171","nombre":"GLOBO FORMA BOLA DISCO PLATA 22\" 52.5cm x20 SU-171","categoria":"Cotillon","subcategoria":"Globos Metalizados Formas","precio":14453.78,"destacado":false,"descripcion":"","imagen":"assets/products/CA-970002506171.webp","tags":["globo","forma","bola","disco","plata","5cm","x20","171"]},{"id":"CA-202503223192","nombre":"GLOBO FORMA BOLA DISCO PLATA 32\" 73cm x20 SU-192","categoria":"Cotillon","subcategoria":"Globos Metalizados Formas","precio":20187.88,"destacado":false,"descripcion":"","imagen":"assets/products/CA-202503223192.webp","tags":["globo","forma","bola","disco","plata","73cm","x20","192"]},{"id":"CA-000000045435","nombre":"GLOBO FORMA CORAZON 12\" MULTICOLOR (SOFIA) x12","categoria":"Cotillon","subcategoria":"Globos Impresos/Globologia/Formas","precio":3900.0,"destacado":false,"descripcion":"","imagen":"assets/products/CA-000000045435.webp","tags":["globo","forma","corazon","multicolor","sofia","x12"]},{"id":"CA-000000045436","nombre":"GLOBO FORMA CORAZON 12\" ROJO (SOFIA) x12","categoria":"Cotillon","subcategoria":"Globos Impresos/Globologia/Formas","precio":3900.0,"destacado":false,"descripcion":"","imagen":"assets/products/CA-000000045436.webp","tags":["globo","forma","corazon","rojo","sofia","x12"]},{"id":"CA-000000045437","nombre":"GLOBO FORMA CORAZON 12\" ROSA (SOFIA) x12","categoria":"Cotillon","subcategoria":"Globos Impresos/Globologia/Formas","precio":3900.0,"destacado":false,"descripcion":"","imagen":"assets/products/CA-000000045437.webp","tags":["globo","forma","corazon","rosa","sofia","x12"]},{"id":"CA-202489942042","nombre":"GLOBO FORMA CORAZON 18\" NUDE MATE x50 89942ND","categoria":"Cotillon","subcategoria":"Globos Metalizados Formas","precio":13487.18,"destacado":false,"descripcion":"","imagen":"assets/products/CA-202489942042.webp","tags":["globo","forma","corazon","nude","mate","x50","89942nd"]},{"id":"CA-000000054850","nombre":"GLOBO FORMA CORAZON COLORES VARIOS 12\" x12 CL128/U23-389","categoria":"Cotillon","subcategoria":"Globos Impresos/Globologia/Formas","precio":1046.5,"destacado":false,"descripcion":"","imagen":"assets/products/CA-000000054850.webp","tags":["globo","forma","corazon","colores","varios","x12","cl128","u23","389"]},{"id":"CA-000000056515","nombre":"GLOBO FORMA CORAZON FUN MATE 22\" VARIOS COLORES x5 U22-806","categoria":"Cotillon","subcategoria":"Globos Metalizados Formas","precio":3822.0,"destacado":false,"descripcion":"","imagen":"assets/products/CA-000000056515.webp","tags":["globo","forma","corazon","fun","mate","varios","colores","u22","806"]},{"id":"CA-000000056516","nombre":"GLOBO FORMA CORAZON FUN PASTEL 22\" VARIOS COLORES x5 U21-372","categoria":"Cotillon","subcategoria":"Globos Metalizados Formas","precio":3822.0,"destacado":false,"descripcion":"","imagen":"assets/products/CA-000000056516.webp","tags":["globo","forma","corazon","fun","pastel","varios","colores","u21","372"]},{"id":"CA-000000053095","nombre":"GLOBO FORMA CORAZON GIGANTE LOVE YOU 60\" x1 U21-060","categoria":"Cotillon","subcategoria":"Globos Metalizados Formas","precio":5278.0,"destacado":false,"descripcion":"","imagen":"assets/products/CA-000000053095.webp","tags":["globo","forma","corazon","gigante","love","you","u21","060"]},{"id":"CA-000000058582","nombre":"GLOBO FORMA CORAZON GIGANTE TE QUIERO PARA SIEMPRE 164cm x1 U21-060","categoria":"Cotillon","subcategoria":"Globos Metalizados Formas","precio":5182.45,"destacado":false,"descripcion":"NUEVO 11/12/2025","imagen":"assets/products/CA-000000058582.webp","tags":["globo","forma","corazon","gigante","quiero","para","siempre","164cm","u21","060"]},{"id":"CA-705725022426","nombre":"GLOBO FORMA CORAZON IRIDISCENTE 18\" x5 U24-178","categoria":"Cotillon","subcategoria":"Globos Metalizados Formas","precio":3094.0,"destacado":false,"descripcion":"","imagen":"assets/products/CA-705725022426.webp","tags":["globo","forma","corazon","iridiscente","u24","178"]},{"id":"CA-000000055755","nombre":"GLOBO FORMA CORAZON MARMOLADO 45cm APROX x10 EZ217/U21-065","categoria":"Cotillon","subcategoria":"Globos Metalizados Formas","precio":2800.0,"destacado":false,"descripcion":"","imagen":"assets/products/CA-000000055755.webp","tags":["globo","forma","corazon","marmolado","45cm","aprox","x10","ez217","u21","065"]},{"id":"CA-691265572282","nombre":"GLOBO FORMA CORAZON METALIZADO C/FLORES TE AMO MAMA 45cm x10 JB FB7228-2","categoria":"Cotillon","subcategoria":"Globos Metalizados Formas","precio":2644.53,"destacado":false,"descripcion":"","imagen":"assets/products/CA-691265572282.webp","tags":["globo","forma","corazon","metalizado","flores","amo","mama","45cm","x10","fb7228"]},{"id":"CA-691265471741","nombre":"GLOBO FORMA CORAZON METALIZADO COLORES SURTIDOS 10\" 25cm x10 JB FB7174 (NO APTO HELIO)","categoria":"Cotillon","subcategoria":"Globos Metalizados Formas","precio":1260.0,"destacado":false,"descripcion":"* (19/12/2025)","imagen":"assets/products/CA-691265471741.webp","tags":["globo","forma","corazon","metalizado","colores","surtidos","25cm","x10","fb7174","apto","helio"]},{"id":"CA-691265570741","nombre":"GLOBO FORMA CORAZON METALIZADO DORADO 46cm x10 JB FB7074","categoria":"Cotillon","subcategoria":"Globos Metalizados Formas","precio":2520.0,"destacado":false,"descripcion":"* (19/12/2025)","imagen":"assets/products/CA-691265570741.webp","tags":["globo","forma","corazon","metalizado","dorado","46cm","x10","fb7074"]},{"id":"CA-691265572283","nombre":"GLOBO FORMA CORAZON METALIZADO FELIZ DIA MAMA 45cm x10  JB FB7228-3","categoria":"Cotillon","subcategoria":"Globos Metalizados Formas","precio":2809.17,"destacado":false,"descripcion":"","imagen":"assets/products/CA-691265572283.webp","tags":["globo","forma","corazon","metalizado","feliz","dia","mama","45cm","x10","fb7228"]},{"id":"CA-691265272289","nombre":"GLOBO FORMA CORAZON METALIZADO FELIZ DIA MAMA 45cm x10 JB FB7228-9","categoria":"Cotillon","subcategoria":"Globos Metalizados Formas","precio":2644.53,"destacado":false,"descripcion":"","imagen":"assets/products/CA-691265272289.webp","tags":["globo","forma","corazon","metalizado","feliz","dia","mama","45cm","x10","fb7228"]},{"id":"CA-000000057995","nombre":"GLOBO FORMA CORAZON METALIZADO FELIZ DIA MAMA 45cm x10u","categoria":"Cotillon","subcategoria":"Globos Metalizados Formas","precio":3149.05,"destacado":false,"descripcion":"","imagen":"assets/products/CA-000000057995.webp","tags":["globo","forma","corazon","metalizado","feliz","dia","mama","45cm","x10u"]},{"id":"CA-691265527255","nombre":"GLOBO FORMA CORAZON METALIZADO FRASES 25cm x12 JB FB7255","categoria":"Cotillon","subcategoria":"Globos Metalizados Formas","precio":2427.6,"destacado":false,"descripcion":"","imagen":"assets/products/CA-691265527255.webp","tags":["globo","forma","corazon","metalizado","frases","25cm","x12","fb7255"]},{"id":"CA-691265517185","nombre":"GLOBO FORMA CORAZON METALIZADO MULTICOLOR PASTEL 46cm x10 JB FB7185","categoria":"Cotillon","subcategoria":"Globos Metalizados Formas","precio":2871.4,"destacado":false,"descripcion":"","imagen":"assets/products/CA-691265517185.webp","tags":["globo","forma","corazon","metalizado","multicolor","pastel","46cm","x10","fb7185"]},{"id":"CA-691265570742","nombre":"GLOBO FORMA CORAZON METALIZADO PLATEADO 46cm x10 JB FB7074","categoria":"Cotillon","subcategoria":"Globos Metalizados Formas","precio":2520.0,"destacado":false,"descripcion":"* (19/12/2025)","imagen":"assets/products/CA-691265570742.webp","tags":["globo","forma","corazon","metalizado","plateado","46cm","x10","fb7074"]},{"id":"CA-691265570744","nombre":"GLOBO FORMA CORAZON METALIZADO ROJO 46cm x10 JB FB7074","categoria":"Cotillon","subcategoria":"Globos Metalizados Formas","precio":2520.0,"destacado":false,"descripcion":"* (19/12/2025)","imagen":"assets/products/CA-691265570744.webp","tags":["globo","forma","corazon","metalizado","rojo","46cm","x10","fb7074"]},{"id":"CA-691265570743","nombre":"GLOBO FORMA CORAZON METALIZADO ROSA GOLD 46cm x10 JB FB7074","categoria":"Cotillon","subcategoria":"Globos Metalizados Formas","precio":2520.0,"destacado":false,"descripcion":"* (19/12/2025)","imagen":"assets/products/CA-691265570743.webp","tags":["globo","forma","corazon","metalizado","rosa","gold","46cm","x10","fb7074"]},{"id":"CA-691265527250","nombre":"GLOBO FORMA CORAZON METALIZADO TE AMO 10\" 25cm x12 JB FB7250 (NO APTO HELIO)","categoria":"Cotillon","subcategoria":"Globos Metalizados Formas","precio":2427.6,"destacado":false,"descripcion":"","imagen":"assets/products/CA-691265527250.webp","tags":["globo","forma","corazon","metalizado","amo","25cm","x12","fb7250","apto","helio"]},{"id":"CA-691265517257","nombre":"GLOBO FORMA CORAZON METALIZADO TE QUIERO MUCHO 25cm x12 JB FB7257","categoria":"Cotillon","subcategoria":"Globos Metalizados Formas","precio":2427.6,"destacado":false,"descripcion":"","imagen":"assets/products/CA-691265517257.webp","tags":["globo","forma","corazon","metalizado","quiero","mucho","25cm","x12","fb7257"]},{"id":"CA-705725080326","nombre":"GLOBO FORMA CORAZON PASTEL MATE 18\" VARIOS COLORES x5 H463","categoria":"Cotillon","subcategoria":"Globos Metalizados Formas","precio":1820.0,"destacado":false,"descripcion":"NUEVO 18/12/2025","imagen":"assets/products/CA-705725080326.webp","tags":["globo","forma","corazon","pastel","mate","varios","colores","h463"]},{"id":"CA-779813095464","nombre":"GLOBO FORMA CORAZON TE AMO/FELIZ DIA CANDELA x12 1302","categoria":"Cotillon","subcategoria":"Globos Impresos/Globologia/Formas","precio":2440.28,"destacado":false,"descripcion":"","imagen":"assets/products/CA-779813095464.webp","tags":["globo","forma","corazon","amo","feliz","dia","candela","x12","1302"]}]}