{"category_slug":"cotillon","subcategory_slug":"","page":54,"page_size":48,"total":4091,"items":[{"id":"CA-779819415456","nombre":"GLOBO OVNI METALIZADO 34\" PLATEADO Nº 1 x1  54564","categoria":"Cotillon","subcategoria":"Globos Metalizados Numeros","precio":2029.06,"destacado":false,"descripcion":"","imagen":"assets/products/CA-779819415456.webp","tags":["globo","ovni","metalizado","plateado","54564"]},{"id":"CA-779819415457","nombre":"GLOBO OVNI METALIZADO 34\" PLATEADO Nº 2 x1 54571","categoria":"Cotillon","subcategoria":"Globos Metalizados Numeros","precio":2029.06,"destacado":false,"descripcion":"","imagen":"assets/products/CA-779819415457.webp","tags":["globo","ovni","metalizado","plateado","54571"]},{"id":"CA-779819415458","nombre":"GLOBO OVNI METALIZADO 34\" PLATEADO Nº 3 x1 54588","categoria":"Cotillon","subcategoria":"Globos Metalizados Numeros","precio":2029.06,"destacado":false,"descripcion":"","imagen":"assets/products/CA-779819415458.webp","tags":["globo","ovni","metalizado","plateado","54588"]},{"id":"CA-779819415459","nombre":"GLOBO OVNI METALIZADO 34\" PLATEADO Nº 4 x1 54595","categoria":"Cotillon","subcategoria":"Globos Metalizados Numeros","precio":2029.06,"destacado":false,"descripcion":"","imagen":"assets/products/CA-779819415459.webp","tags":["globo","ovni","metalizado","plateado","54595"]},{"id":"CA-779819415460","nombre":"GLOBO OVNI METALIZADO 34\" PLATEADO Nº 5 x1 54601","categoria":"Cotillon","subcategoria":"Globos Metalizados Numeros","precio":2029.06,"destacado":false,"descripcion":"","imagen":"assets/products/CA-779819415460.webp","tags":["globo","ovni","metalizado","plateado","54601"]},{"id":"CA-779819415461","nombre":"GLOBO OVNI METALIZADO 34\" PLATEADO Nº 6 x1 54618","categoria":"Cotillon","subcategoria":"Globos Metalizados Numeros","precio":2029.06,"destacado":false,"descripcion":"","imagen":"assets/products/CA-779819415461.webp","tags":["globo","ovni","metalizado","plateado","54618"]},{"id":"CA-779819415462","nombre":"GLOBO OVNI METALIZADO 34\" PLATEADO Nº 7 x1 54625","categoria":"Cotillon","subcategoria":"Globos Metalizados Numeros","precio":2029.06,"destacado":false,"descripcion":"","imagen":"assets/products/CA-779819415462.webp","tags":["globo","ovni","metalizado","plateado","54625"]},{"id":"CA-779819415463","nombre":"GLOBO OVNI METALIZADO 34\" PLATEADO Nº 8 x1 54632","categoria":"Cotillon","subcategoria":"Globos Metalizados Numeros","precio":2029.06,"destacado":false,"descripcion":"","imagen":"assets/products/CA-779819415463.webp","tags":["globo","ovni","metalizado","plateado","54632"]},{"id":"CA-779819415464","nombre":"GLOBO OVNI METALIZADO 34\" PLATEADO Nº 9 x1 54649","categoria":"Cotillon","subcategoria":"Globos Metalizados Numeros","precio":2029.06,"destacado":false,"descripcion":"","imagen":"assets/products/CA-779819415464.webp","tags":["globo","ovni","metalizado","plateado","54649"]},{"id":"CA-779819415342","nombre":"GLOBO OVNI METALIZADO 34\" ROSA GOLD Nº 0 x1 53420","categoria":"Cotillon","subcategoria":"Globos Metalizados Numeros","precio":2029.06,"destacado":false,"descripcion":"","imagen":"assets/products/CA-779819415342.webp","tags":["globo","ovni","metalizado","rosa","gold","53420"]},{"id":"CA-779819415343","nombre":"GLOBO OVNI METALIZADO 34\" ROSA GOLD Nº 1 x1 53437","categoria":"Cotillon","subcategoria":"Globos Metalizados Numeros","precio":2029.06,"destacado":false,"descripcion":"","imagen":"assets/products/CA-779819415343.webp","tags":["globo","ovni","metalizado","rosa","gold","53437"]},{"id":"CA-779819415344","nombre":"GLOBO OVNI METALIZADO 34\" ROSA GOLD Nº 2 x1 53444","categoria":"Cotillon","subcategoria":"Globos Metalizados Numeros","precio":2029.06,"destacado":false,"descripcion":"","imagen":"assets/products/CA-779819415344.webp","tags":["globo","ovni","metalizado","rosa","gold","53444"]},{"id":"CA-779819415345","nombre":"GLOBO OVNI METALIZADO 34\" ROSA GOLD Nº 3 x1 53451","categoria":"Cotillon","subcategoria":"Globos Metalizados Numeros","precio":2029.06,"destacado":false,"descripcion":"","imagen":"assets/products/CA-779819415345.webp","tags":["globo","ovni","metalizado","rosa","gold","53451"]},{"id":"CA-779819415346","nombre":"GLOBO OVNI METALIZADO 34\" ROSA GOLD Nº 4 x1 53468","categoria":"Cotillon","subcategoria":"Globos Metalizados Numeros","precio":2029.06,"destacado":false,"descripcion":"","imagen":"assets/products/CA-779819415346.webp","tags":["globo","ovni","metalizado","rosa","gold","53468"]},{"id":"CA-779819415347","nombre":"GLOBO OVNI METALIZADO 34\" ROSA GOLD Nº 5 x1 53475","categoria":"Cotillon","subcategoria":"Globos Metalizados Numeros","precio":2029.06,"destacado":false,"descripcion":"","imagen":"assets/products/CA-779819415347.webp","tags":["globo","ovni","metalizado","rosa","gold","53475"]},{"id":"CA-779819415348","nombre":"GLOBO OVNI METALIZADO 34\" ROSA GOLD Nº 6 x1 53482","categoria":"Cotillon","subcategoria":"Globos Metalizados Numeros","precio":2029.06,"destacado":false,"descripcion":"","imagen":"assets/products/CA-779819415348.webp","tags":["globo","ovni","metalizado","rosa","gold","53482"]},{"id":"CA-779819415349","nombre":"GLOBO OVNI METALIZADO 34\" ROSA GOLD Nº 7 x1 53499","categoria":"Cotillon","subcategoria":"Globos Metalizados Numeros","precio":2029.06,"destacado":false,"descripcion":"","imagen":"assets/products/CA-779819415349.webp","tags":["globo","ovni","metalizado","rosa","gold","53499"]},{"id":"CA-779819415531","nombre":"GLOBO OVNI METALIZADO 34\" ROSA GOLD Nº 8 x1 55318","categoria":"Cotillon","subcategoria":"Globos Metalizados Numeros","precio":2029.06,"destacado":false,"descripcion":"","imagen":"assets/products/CA-779819415531.webp","tags":["globo","ovni","metalizado","rosa","gold","55318"]},{"id":"CA-779819415532","nombre":"GLOBO OVNI METALIZADO 34\" ROSA GOLD Nº 9 x1 55325","categoria":"Cotillon","subcategoria":"Globos Metalizados Numeros","precio":2029.06,"destacado":false,"descripcion":"","imagen":"assets/products/CA-779819415532.webp","tags":["globo","ovni","metalizado","rosa","gold","55325"]},{"id":"CA-779819415026","nombre":"GLOBO OVNI METALIZADO 7\" PLATEADO Nº 0 x1 50269","categoria":"Cotillon","subcategoria":"Globos Metalizados Numeros","precio":572.25,"destacado":false,"descripcion":"","imagen":"assets/products/CA-779819415026.webp","tags":["globo","ovni","metalizado","plateado","50269"]},{"id":"CA-779819415027","nombre":"GLOBO OVNI METALIZADO 7\" PLATEADO Nº 1 x1 50276","categoria":"Cotillon","subcategoria":"Globos Metalizados Numeros","precio":572.25,"destacado":false,"descripcion":"","imagen":"assets/products/CA-779819415027.webp","tags":["globo","ovni","metalizado","plateado","50276"]},{"id":"CA-779819415081","nombre":"GLOBO OVNI METALIZADO 7\" PLATEADO Nº 2 x1 50818","categoria":"Cotillon","subcategoria":"Globos Metalizados Numeros","precio":572.25,"destacado":false,"descripcion":"","imagen":"assets/products/CA-779819415081.webp","tags":["globo","ovni","metalizado","plateado","50818"]},{"id":"CA-779819415082","nombre":"GLOBO OVNI METALIZADO 7\" PLATEADO Nº 3 x1 50825","categoria":"Cotillon","subcategoria":"Globos Metalizados Numeros","precio":572.25,"destacado":false,"descripcion":"","imagen":"assets/products/CA-779819415082.webp","tags":["globo","ovni","metalizado","plateado","50825"]},{"id":"CA-779819415083","nombre":"GLOBO OVNI METALIZADO 7\" PLATEADO Nº 4 x1 50832","categoria":"Cotillon","subcategoria":"Globos Metalizados Numeros","precio":572.25,"destacado":false,"descripcion":"","imagen":"assets/products/CA-779819415083.webp","tags":["globo","ovni","metalizado","plateado","50832"]},{"id":"CA-779819415084","nombre":"GLOBO OVNI METALIZADO 7\" PLATEADO Nº 5 x1 50849","categoria":"Cotillon","subcategoria":"Globos Metalizados Numeros","precio":572.25,"destacado":false,"descripcion":"","imagen":"assets/products/CA-779819415084.webp","tags":["globo","ovni","metalizado","plateado","50849"]},{"id":"CA-779819415085","nombre":"GLOBO OVNI METALIZADO 7\" PLATEADO Nº 6 x1 50856","categoria":"Cotillon","subcategoria":"Globos Metalizados Numeros","precio":572.25,"destacado":false,"descripcion":"","imagen":"assets/products/CA-779819415085.webp","tags":["globo","ovni","metalizado","plateado","50856"]},{"id":"CA-779819415086","nombre":"GLOBO OVNI METALIZADO 7\" PLATEADO Nº 7 x1 50863","categoria":"Cotillon","subcategoria":"Globos Metalizados Numeros","precio":572.25,"destacado":false,"descripcion":"","imagen":"assets/products/CA-779819415086.webp","tags":["globo","ovni","metalizado","plateado","50863"]},{"id":"CA-779819415087","nombre":"GLOBO OVNI METALIZADO 7\" PLATEADO Nº 8 x1 50870","categoria":"Cotillon","subcategoria":"Globos Metalizados Numeros","precio":572.25,"destacado":false,"descripcion":"","imagen":"assets/products/CA-779819415087.webp","tags":["globo","ovni","metalizado","plateado","50870"]},{"id":"CA-779819415088","nombre":"GLOBO OVNI METALIZADO 7\" PLATEADO Nº 9 x1 50887","categoria":"Cotillon","subcategoria":"Globos Metalizados Numeros","precio":572.25,"destacado":false,"descripcion":"","imagen":"assets/products/CA-779819415088.webp","tags":["globo","ovni","metalizado","plateado","50887"]},{"id":"CA-609819417268","nombre":"GLOBO OVNI METALIZADO CORONA PLATA 26\" x1 72683","categoria":"Cotillon","subcategoria":"Globos Metalizados Formas","precio":1344.37,"destacado":false,"descripcion":"","imagen":"assets/products/CA-609819417268.webp","tags":["globo","ovni","metalizado","corona","plata","72683"]},{"id":"CA-609819417267","nombre":"GLOBO OVNI METALIZADO CORONA ROSA GOLD 26\" x1 72676","categoria":"Cotillon","subcategoria":"Globos Metalizados Formas","precio":1344.37,"destacado":false,"descripcion":"","imagen":"assets/products/CA-609819417267.webp","tags":["globo","ovni","metalizado","corona","rosa","gold","72676"]},{"id":"CA-687565234510","nombre":"GLOBO PAREJA DE OSOS LOVE x1 HT-510","categoria":"Cotillon","subcategoria":"Globos Metalizados Formas","precio":3828.5,"destacado":false,"descripcion":"NUEVO 18/12/2025","imagen":"assets/products/CA-687565234510.webp","tags":["globo","pareja","osos","love","510"]},{"id":"CA-779819415526","nombre":"GLOBO PARTY TIME CRISTAL 9\"  x50 55264","categoria":"Cotillon","subcategoria":"Globos Cristal/Burbujas","precio":2574.63,"destacado":false,"descripcion":"","imagen":"assets/products/CA-779819415526.webp","tags":["globo","party","time","cristal","x50","55264"]},{"id":"CA-779819415914","nombre":"GLOBO PARTY TIME LISO 12\" MULTICOLOR FLUO x25 59149","categoria":"Cotillon","subcategoria":"Globos Lisos","precio":2762.32,"destacado":false,"descripcion":"","imagen":"assets/products/CA-779819415914.webp","tags":["globo","party","time","liso","multicolor","fluo","x25","59149"]},{"id":"CA-779819415512","nombre":"GLOBO PARTY TIME LISO 9\" AMARILLO x50  55127","categoria":"Cotillon","subcategoria":"Globos Lisos","precio":2574.63,"destacado":false,"descripcion":"","imagen":"assets/products/CA-779819415512.webp","tags":["globo","party","time","liso","amarillo","x50","55127"]},{"id":"CA-779819415513","nombre":"GLOBO PARTY TIME LISO 9\" AZUL x50 55134","categoria":"Cotillon","subcategoria":"Globos Lisos","precio":2574.63,"destacado":false,"descripcion":"","imagen":"assets/products/CA-779819415513.webp","tags":["globo","party","time","liso","azul","x50","55134"]},{"id":"CA-779819415510","nombre":"GLOBO PARTY TIME LISO 9\" BLANCO x50 55103","categoria":"Cotillon","subcategoria":"Globos Lisos","precio":2574.63,"destacado":false,"descripcion":"","imagen":"assets/products/CA-779819415510.webp","tags":["globo","party","time","liso","blanco","x50","55103"]},{"id":"CA-779819415511","nombre":"GLOBO PARTY TIME LISO 9\" CELESTE x50 55110","categoria":"Cotillon","subcategoria":"Globos Lisos","precio":2574.63,"destacado":false,"descripcion":"","imagen":"assets/products/CA-779819415511.webp","tags":["globo","party","time","liso","celeste","x50","55110"]},{"id":"CA-779819415514","nombre":"GLOBO PARTY TIME LISO 9\" FUCSIA x50 55141","categoria":"Cotillon","subcategoria":"Globos Lisos","precio":2574.63,"destacado":false,"descripcion":"","imagen":"assets/products/CA-779819415514.webp","tags":["globo","party","time","liso","fucsia","x50","55141"]},{"id":"CA-779819415521","nombre":"GLOBO PARTY TIME LISO 9\" LILA CLARO x50 55219","categoria":"Cotillon","subcategoria":"Globos Lisos","precio":2574.63,"destacado":false,"descripcion":"","imagen":"assets/products/CA-779819415521.webp","tags":["globo","party","time","liso","lila","claro","x50","55219"]},{"id":"CA-779819415553","nombre":"GLOBO PARTY TIME LISO 9\" MULTICOLOR FLUO x25 55530","categoria":"Cotillon","subcategoria":"Globos Lisos","precio":1675.88,"destacado":false,"descripcion":"","imagen":"assets/products/CA-779819415553.webp","tags":["globo","party","time","liso","multicolor","fluo","x25","55530"]},{"id":"CA-779819415520","nombre":"GLOBO PARTY TIME LISO 9\" MULTICOLOR x50 55202","categoria":"Cotillon","subcategoria":"Globos Lisos","precio":2574.63,"destacado":false,"descripcion":"","imagen":"assets/products/CA-779819415520.webp","tags":["globo","party","time","liso","multicolor","x50","55202"]},{"id":"CA-779819415515","nombre":"GLOBO PARTY TIME LISO 9\" NARANJA x50 55158","categoria":"Cotillon","subcategoria":"Globos Lisos","precio":2574.63,"destacado":false,"descripcion":"","imagen":"assets/products/CA-779819415515.webp","tags":["globo","party","time","liso","naranja","x50","55158"]},{"id":"CA-779819415524","nombre":"GLOBO PARTY TIME LISO 9\" NEGRO x50 55240","categoria":"Cotillon","subcategoria":"Globos Lisos","precio":2574.63,"destacado":false,"descripcion":"","imagen":"assets/products/CA-779819415524.webp","tags":["globo","party","time","liso","negro","x50","55240"]},{"id":"CA-779819415517","nombre":"GLOBO PARTY TIME LISO 9\" ROJO x50 55172","categoria":"Cotillon","subcategoria":"Globos Lisos","precio":2574.63,"destacado":false,"descripcion":"","imagen":"assets/products/CA-779819415517.webp","tags":["globo","party","time","liso","rojo","x50","55172"]},{"id":"CA-779819415516","nombre":"GLOBO PARTY TIME LISO 9\" ROSA  x50  55165","categoria":"Cotillon","subcategoria":"Globos Lisos","precio":2574.63,"destacado":false,"descripcion":"","imagen":"assets/products/CA-779819415516.webp","tags":["globo","party","time","liso","rosa","x50","55165"]},{"id":"CA-779819415518","nombre":"GLOBO PARTY TIME LISO 9\" VERDE MANZANA x50 55189","categoria":"Cotillon","subcategoria":"Globos Lisos","precio":2574.63,"destacado":false,"descripcion":"","imagen":"assets/products/CA-779819415518.webp","tags":["globo","party","time","liso","verde","manzana","x50","55189"]},{"id":"CA-779819415525","nombre":"GLOBO PARTY TIME LISO 9\" VERDE OSCURO x50 55257","categoria":"Cotillon","subcategoria":"Globos Lisos","precio":2574.63,"destacado":false,"descripcion":"","imagen":"assets/products/CA-779819415525.webp","tags":["globo","party","time","liso","verde","oscuro","x50","55257"]}]}