{"category_slug":"cotillon","subcategory_slug":"","page":7,"page_size":48,"total":4091,"items":[{"id":"CA-202562000006","nombre":"BLISTER AUTO DEPORTIVO PATRULLA METAL  24 pcs X1 FP0006-02","categoria":"Cotillon","subcategoria":"Miniaturas / Juguetitos / Regalitos","precio":9922.5,"destacado":false,"descripcion":"","imagen":"assets/products/CA-202562000006.webp","tags":["blister","auto","deportivo","patrulla","metal","pcs","fp0006"]},{"id":"CA-202563000006","nombre":"BLISTER AUTO FORMULA 1 METAL  24 pcs X1 FP0006-03","categoria":"Cotillon","subcategoria":"Miniaturas / Juguetitos / Regalitos","precio":9922.5,"destacado":false,"descripcion":"","imagen":"assets/products/CA-202563000006.webp","tags":["blister","auto","formula","metal","pcs","fp0006"]},{"id":"CA-202560000092","nombre":"BLISTER AVION DE GUERRA FLUO 20 pcs X1 FP0092","categoria":"Cotillon","subcategoria":"Miniaturas / Juguetitos / Regalitos","precio":3682.35,"destacado":false,"descripcion":"","imagen":"assets/products/CA-202560000092.webp","tags":["blister","avion","guerra","fluo","pcs","fp0092"]},{"id":"CA-202560000088","nombre":"BLISTER AVIONES DE GUERRA PREMIUN 24 pcs X1 FP0088","categoria":"Cotillon","subcategoria":"Miniaturas / Juguetitos / Regalitos","precio":9203.67,"destacado":false,"descripcion":"","imagen":"assets/products/CA-202560000088.webp","tags":["blister","aviones","guerra","premiun","pcs","fp0088"]},{"id":"CA-202560000149","nombre":"BLISTER CALCULADORA MINI PREMIUN 6 pcs X1 FP0149","categoria":"Cotillon","subcategoria":"Miniaturas / Juguetitos / Regalitos","precio":9975.42,"destacado":false,"descripcion":"","imagen":"assets/products/CA-202560000149.webp","tags":["blister","calculadora","mini","premiun","pcs","fp0149"]},{"id":"CA-202560000018","nombre":"BLISTER CAMIONES DE CONSTRUCCION 12 pcs X1 FP0018","categoria":"Cotillon","subcategoria":"Miniaturas / Juguetitos / Regalitos","precio":5468.4,"destacado":false,"descripcion":"","imagen":"assets/products/CA-202560000018.webp","tags":["blister","camiones","construccion","pcs","fp0018"]},{"id":"CA-202560000090","nombre":"BLISTER COLLAR CORAZON/FLOR METAL 20 pcs X1 FP0090","categoria":"Cotillon","subcategoria":"Miniaturas / Juguetitos / Regalitos","precio":3611.79,"destacado":false,"descripcion":"","imagen":"assets/products/CA-202560000090.webp","tags":["blister","collar","corazon","flor","metal","pcs","fp0090"]},{"id":"CA-202560000151","nombre":"BLISTER CUCHILLO DE GUERRA RETRACTIL x12 FP0151","categoria":"Cotillon","subcategoria":"Miniaturas / Juguetitos / Regalitos","precio":5342.4,"destacado":false,"descripcion":"","imagen":"assets/products/CA-202560000151.webp","tags":["blister","cuchillo","guerra","retractil","x12","fp0151"]},{"id":"CA-05022840303764","nombre":"BLISTER DE 3 AUTITOS SPORT x1 HM10212","categoria":"Cotillon","subcategoria":"Miniaturas / Juguetitos / Regalitos","precio":1773.67,"destacado":false,"descripcion":"","imagen":"assets/products/CA-05022840303764.webp","tags":["blister","autitos","sport","hm10212"]},{"id":"CA-05022840151792","nombre":"BLISTER DE 6 RESORTE MAGICOS FORMAS MULTICOLOR x1 HM40203","categoria":"Cotillon","subcategoria":"Miniaturas / Juguetitos / Regalitos","precio":2703.19,"destacado":false,"descripcion":"","imagen":"assets/products/CA-05022840151792.webp","tags":["blister","resorte","magicos","formas","multicolor","hm40203"]},{"id":"CA-202560000009","nombre":"BLISTER EMBOQUITO CANCHA DE FUTBOL 20 pcs X1 FP0009","categoria":"Cotillon","subcategoria":"Miniaturas / Juguetitos / Regalitos","precio":3113.46,"destacado":false,"descripcion":"","imagen":"assets/products/CA-202560000009.webp","tags":["blister","emboquito","cancha","futbol","pcs","fp0009"]},{"id":"CA-202560000020","nombre":"BLISTER EMBOQUITO CELULAR 12 pcs X1 FP0020","categoria":"Cotillon","subcategoria":"Miniaturas / Juguetitos / Regalitos","precio":3219.3,"destacado":false,"descripcion":"","imagen":"assets/products/CA-202560000020.webp","tags":["blister","emboquito","celular","pcs","fp0020"]},{"id":"CA-202560000094","nombre":"BLISTER FORMULA 1 BICOLOR 20 pcs X1 FP0094","categoria":"Cotillon","subcategoria":"Miniaturas / Juguetitos / Regalitos","precio":3395.7,"destacado":false,"descripcion":"","imagen":"assets/products/CA-202560000094.webp","tags":["blister","formula","bicolor","pcs","fp0094"]},{"id":"CA-202560000013","nombre":"BLISTER HELICE FLUO 20 pcs X1 FP0013","categoria":"Cotillon","subcategoria":"Miniaturas / Juguetitos / Regalitos","precio":2478.42,"destacado":false,"descripcion":"","imagen":"assets/products/CA-202560000013.webp","tags":["blister","helice","fluo","pcs","fp0013"]},{"id":"CA-202560000008","nombre":"BLISTER HOMBRE ARACNIDO PEGAJOSO 20 pcs X1 FP0008","categoria":"Cotillon","subcategoria":"Miniaturas / Juguetitos / Regalitos","precio":2831.22,"destacado":false,"descripcion":"","imagen":"assets/products/CA-202560000008.webp","tags":["blister","hombre","aracnido","pegajoso","pcs","fp0008"]},{"id":"CA-000000057686","nombre":"BLISTER LAGARTO CRECE CON EL AGUA x1 (6X1) 743982","categoria":"Cotillon","subcategoria":"Miniaturas / Juguetitos / Regalitos","precio":8107.01,"destacado":false,"descripcion":"","imagen":"assets/products/CA-000000057686.webp","tags":["blister","lagarto","crece","con","agua","6x1","743982"]},{"id":"CA-774240034518","nombre":"BLISTER LETRAS Y NUMEROS MAGNETICO x1 742400","categoria":"Cotillon","subcategoria":"Miniaturas / Juguetitos / Regalitos","precio":2365.18,"destacado":false,"descripcion":"","imagen":"assets/products/CA-774240034518.webp","tags":["blister","letras","numeros","magnetico","742400"]},{"id":"CA-05022840317198","nombre":"BLISTER MASA FOAM SLIME PARA MODELADO x1 516296","categoria":"Cotillon","subcategoria":"Miniaturas / Juguetitos / Regalitos","precio":2660.94,"destacado":false,"descripcion":"","imagen":"assets/products/CA-05022840317198.webp","tags":["blister","masa","foam","slime","para","modelado","516296"]},{"id":"CA-05022840307670","nombre":"BLISTER MASA FOAM SLIME PARA MODELADO x1 516297","categoria":"Cotillon","subcategoria":"Miniaturas / Juguetitos / Regalitos","precio":2660.94,"destacado":false,"descripcion":"","imagen":"assets/products/CA-05022840307670.webp","tags":["blister","masa","foam","slime","para","modelado","516297"]},{"id":"CA-05022840152126","nombre":"BLISTER MINI DINOSAURIOS x1 HM80525","categoria":"Cotillon","subcategoria":"Miniaturas / Juguetitos / Regalitos","precio":2787.68,"destacado":false,"descripcion":"","imagen":"assets/products/CA-05022840152126.webp","tags":["blister","mini","dinosaurios","hm80525"]},{"id":"CA-202560000017","nombre":"BLISTER MINI TRANSFORMERS PREMIUM 20 pcs X1 FP0017","categoria":"Cotillon","subcategoria":"Miniaturas / Juguetitos / Regalitos","precio":8908.2,"destacado":false,"descripcion":"","imagen":"assets/products/CA-202560000017.webp","tags":["blister","mini","transformers","premium","pcs","fp0017"]},{"id":"CA-774240367809","nombre":"BLISTER NUMEROS MAGNETICOS x1 742403","categoria":"Cotillon","subcategoria":"Miniaturas / Juguetitos / Regalitos","precio":1435.67,"destacado":false,"descripcion":"","imagen":"assets/products/CA-774240367809.webp","tags":["blister","numeros","magneticos","742403"]},{"id":"CA-05022840092842","nombre":"BLISTER PISTOLA DE BURBUJAS A PILA x1 HM50157","categoria":"Cotillon","subcategoria":"Miniaturas / Juguetitos / Regalitos","precio":6490.43,"destacado":false,"descripcion":"","imagen":"assets/products/CA-05022840092842.webp","tags":["blister","pistola","burbujas","pila","hm50157"]},{"id":"CA-05022840202302","nombre":"BLISTER PISTOLA DE BURBUJAS CON LUZx1 HM50155","categoria":"Cotillon","subcategoria":"Miniaturas / Juguetitos / Regalitos","precio":5069.21,"destacado":false,"descripcion":"","imagen":"assets/products/CA-05022840202302.webp","tags":["blister","pistola","burbujas","con","luzx1","hm50155"]},{"id":"CA-202560000047","nombre":"BLISTER PISTOLITA DE AGUA 6 pcs X1 FP0047","categoria":"Cotillon","subcategoria":"Miniaturas / Juguetitos / Regalitos","precio":2160.9,"destacado":false,"descripcion":"","imagen":"assets/products/CA-202560000047.webp","tags":["blister","pistolita","agua","pcs","fp0047"]},{"id":"CA-803410700672","nombre":"BLISTER PORRAS CON MANGO PLASTICO (PAR) DORADO/PLATEADO x12 YJ0799","categoria":"Cotillon","subcategoria":"Complementos Para Fiestas","precio":15444.0,"destacado":false,"descripcion":"","imagen":"assets/products/CA-803410700672.webp","tags":["blister","porras","con","mango","plastico","par","dorado","plateado","x12","yj0799"]},{"id":"CA-000000056183","nombre":"BLISTER PULSERA ESCLAVA (BULTO 12x10u) ILC302","categoria":"Cotillon","subcategoria":"Miniaturas / Juguetitos / Regalitos","precio":13094.7,"destacado":false,"descripcion":"","imagen":"assets/products/CA-000000056183.webp","tags":["blister","pulsera","esclava","bulto","12x10u","ilc302"]},{"id":"CA-05022844738791","nombre":"BLISTER RESORTE MAGICOS MULTICOLOR x1 HM40128","categoria":"Cotillon","subcategoria":"Miniaturas / Juguetitos / Regalitos","precio":1266.67,"destacado":false,"descripcion":"","imagen":"assets/products/CA-05022844738791.webp","tags":["blister","resorte","magicos","multicolor","hm40128"]},{"id":"CA-05022849002873","nombre":"BLISTER ROBOT SUPER POWER x3  HM90041","categoria":"Cotillon","subcategoria":"Miniaturas / Juguetitos / Regalitos","precio":2111.68,"destacado":false,"descripcion":"","imagen":"assets/products/CA-05022849002873.webp","tags":["blister","robot","super","power","hm90041"]},{"id":"CA-202560000015","nombre":"BLISTER SOLDADO PARACAIDISTA 20 pcs X1 FP0015","categoria":"Cotillon","subcategoria":"Miniaturas / Juguetitos / Regalitos","precio":2407.86,"destacado":false,"descripcion":"","imagen":"assets/products/CA-202560000015.webp","tags":["blister","soldado","paracaidista","pcs","fp0015"]},{"id":"CA-701373800070","nombre":"BLISTER STRASS AUTOADHESIVAS COLORES SURTIDOS x12 WZ-070","categoria":"Cotillon","subcategoria":"Maquillaje / Adhesivo Artistico","precio":7979.4,"destacado":false,"descripcion":"","imagen":"assets/products/CA-701373800070.webp","tags":["blister","strass","autoadhesivas","colores","surtidos","x12","070"]},{"id":"CA-803410700464","nombre":"BLISTER STRASS AUTOADHESIVAS PLATEADO x12 YJ0591","categoria":"Cotillon","subcategoria":"Maquillaje / Adhesivo Artistico","precio":6561.0,"destacado":false,"descripcion":"","imagen":"assets/products/CA-803410700464.webp","tags":["blister","strass","autoadhesivas","plateado","x12","yj0591"]},{"id":"CA-701373800084","nombre":"BLISTER STRASS AUTOADHESIVAS TORNASOL x12 WZ-084","categoria":"Cotillon","subcategoria":"Maquillaje / Adhesivo Artistico","precio":7979.4,"destacado":false,"descripcion":"","imagen":"assets/products/CA-701373800084.webp","tags":["blister","strass","autoadhesivas","tornasol","x12","084"]},{"id":"CA-777202242750","nombre":"BLISTER STRASS AUTOADHESIVAS VARIOS COLORES x12 A7-C","categoria":"Cotillon","subcategoria":"Maquillaje / Adhesivo Artistico","precio":8424.0,"destacado":false,"descripcion":"NUEVO 18/12/2025","imagen":"assets/products/CA-777202242750.webp","tags":["blister","strass","autoadhesivas","varios","colores","x12"]},{"id":"CA-803410700662","nombre":"BLISTER STRASS AUTOADHESIVO PARA CARA x12 MODELOS SURTIDOS YJ0789","categoria":"Cotillon","subcategoria":"Maquillaje / Adhesivo Artistico","precio":6561.0,"destacado":false,"descripcion":"","imagen":"assets/products/CA-803410700662.webp","tags":["blister","strass","autoadhesivo","para","cara","x12","modelos","surtidos","yj0789"]},{"id":"CA-803410700663","nombre":"BLISTER STRASS AUTOADHESIVO x12 MODELOS SURTIDOS YJ0790","categoria":"Cotillon","subcategoria":"Maquillaje / Adhesivo Artistico","precio":7290.0,"destacado":false,"descripcion":"","imagen":"assets/products/CA-803410700663.webp","tags":["blister","strass","autoadhesivo","x12","modelos","surtidos","yj0790"]},{"id":"CA-803410700463","nombre":"BLISTER STRASS AUTOADHESIVO x12 PLATEADO YJ0590","categoria":"Cotillon","subcategoria":"Maquillaje / Adhesivo Artistico","precio":2187.0,"destacado":false,"descripcion":"","imagen":"assets/products/CA-803410700463.webp","tags":["blister","strass","autoadhesivo","x12","plateado","yj0590"]},{"id":"CA-861020550017","nombre":"BLISTER STRASS AUTOADHESIVOS PARA ROSTRO Y CUELLO x12 XL-17  VARIOS COLORES x1","categoria":"Cotillon","subcategoria":"Maquillaje / Adhesivo Artistico","precio":7583.36,"destacado":false,"descripcion":"","imagen":"assets/products/CA-861020550017.webp","tags":["blister","strass","autoadhesivos","para","rostro","cuello","x12","varios","colores"]},{"id":"CA-380400010050","nombre":"BLISTER STRASS DORADO AUTOADHESIVO X 1 ART.10.5*21 COL.50","categoria":"Cotillon","subcategoria":"Maquillaje / Adhesivo Artistico","precio":497.16,"destacado":false,"descripcion":"","imagen":"assets/products/CA-380400010050.webp","tags":["blister","strass","dorado","autoadhesivo","art","col"]},{"id":"CA-380400010051","nombre":"BLISTER STRASS PLATEADO AUTOADHESIVO X 1 ART.10.5*21 COL.51","categoria":"Cotillon","subcategoria":"Maquillaje / Adhesivo Artistico","precio":497.16,"destacado":false,"descripcion":"","imagen":"assets/products/CA-380400010051.webp","tags":["blister","strass","plateado","autoadhesivo","art","col"]},{"id":"CA-380400010002","nombre":"BLISTER STRASS ROJO AUTOADHESIVO X 1 ART.10.5*21 COL.2","categoria":"Cotillon","subcategoria":"Maquillaje / Adhesivo Artistico","precio":497.16,"destacado":false,"descripcion":"","imagen":"assets/products/CA-380400010002.webp","tags":["blister","strass","rojo","autoadhesivo","art","col"]},{"id":"CA-202560000011","nombre":"BLISTER TANQUE DE GUERRA METAL 24 pcs X1 FP0011","categoria":"Cotillon","subcategoria":"Miniaturas / Juguetitos / Regalitos","precio":9556.47,"destacado":false,"descripcion":"","imagen":"assets/products/CA-202560000011.webp","tags":["blister","tanque","guerra","metal","pcs","fp0011"]},{"id":"CA-202560000084","nombre":"BLISTER TRANSFORMERS PREMIUN 25 pcs X1 FP0084","categoria":"Cotillon","subcategoria":"Miniaturas / Juguetitos / Regalitos","precio":9203.67,"destacado":false,"descripcion":"","imagen":"assets/products/CA-202560000084.webp","tags":["blister","transformers","premiun","pcs","fp0084"]},{"id":"CA-05022849077468","nombre":"BLISTER TROMPO LANZA DISCOS CON LUZ x1 HM40102","categoria":"Cotillon","subcategoria":"Miniaturas / Juguetitos / Regalitos","precio":3801.69,"destacado":false,"descripcion":"","imagen":"assets/products/CA-05022849077468.webp","tags":["blister","trompo","lanza","discos","con","luz","hm40102"]},{"id":"CA-000000052083","nombre":"BLISTER VELA BASE PLATEADA METALIZADA ORO 15 cm x 8 Y733-VE38","categoria":"Cotillon","subcategoria":"Velas","precio":514.23,"destacado":false,"descripcion":"","imagen":"assets/products/CA-000000052083.webp","tags":["blister","vela","base","plateada","metalizada","oro","y733","ve38"]},{"id":"CA-779908805141","nombre":"BLISTER VELA BENGALA TORNEADA (\"2 EN 1\") DORADA X 3 UNIDADES P.S.ART.VBTDO","categoria":"Cotillon","subcategoria":"Velas","precio":1663.87,"destacado":false,"descripcion":"","imagen":"assets/products/CA-779908805141.webp","tags":["blister","vela","bengala","torneada","dorada","unidades","art","vbtdo"]},{"id":"CA-779908805142","nombre":"BLISTER VELA BENGALA TORNEADA (\"2 EN 1\") PLATEADA X 3 UNIDADES P.S.ART.VBTPL","categoria":"Cotillon","subcategoria":"Velas","precio":1663.87,"destacado":false,"descripcion":"","imagen":"assets/products/CA-779908805142.webp","tags":["blister","vela","bengala","torneada","plateada","unidades","art","vbtpl"]},{"id":"CA-694024110582","nombre":"BLISTER VELA BURBUJAS CON PORTAVELAS PERLADAS PASTEL 10 cm x6 U2411-582","categoria":"Cotillon","subcategoria":"Velas","precio":1183.0,"destacado":false,"descripcion":"","imagen":"assets/products/CA-694024110582.webp","tags":["blister","vela","burbujas","con","portavelas","perladas","pastel","u2411","582"]}]}