{"category_slug":"cotillon","subcategory_slug":"","page":25,"page_size":48,"total":4091,"items":[{"id":"CA-779842097338","nombre":"CAÑON CARIOCA BOMBUCHA ME RECIBI NEGRO/DORADO 40cm x1 73389","categoria":"Cotillon","subcategoria":"Nieve/Serpentina/Pintura/Polvos/Cañones/P.Picado","precio":2332.37,"destacado":false,"descripcion":"","imagen":"assets/products/CA-779842097338.webp","tags":["cañon","carioca","bombucha","recibi","negro","dorado","40cm","73389"]},{"id":"CA-609819417357","nombre":"CAÑON CARIOCA BOMBUCHA METALIZADO BOCA  40cm x1 73574","categoria":"Cotillon","subcategoria":"Nieve/Serpentina/Pintura/Polvos/Cañones/P.Picado","precio":1951.99,"destacado":false,"descripcion":"","imagen":"assets/products/CA-609819417357.webp","tags":["cañon","carioca","bombucha","metalizado","boca","40cm","73574"]},{"id":"CA-609819417327","nombre":"CAÑON CARIOCA BOMBUCHA METALIZADO DORADOS 40cm x1 73277","categoria":"Cotillon","subcategoria":"Nieve/Serpentina/Pintura/Polvos/Cañones/P.Picado","precio":2110.07,"destacado":false,"descripcion":"","imagen":"assets/products/CA-609819417327.webp","tags":["cañon","carioca","bombucha","metalizado","dorados","40cm","73277"]},{"id":"CA-609819417328","nombre":"CAÑON CARIOCA BOMBUCHA METALIZADO MULTICOLOR 40cm x1 73284","categoria":"Cotillon","subcategoria":"Nieve/Serpentina/Pintura/Polvos/Cañones/P.Picado","precio":1917.41,"destacado":false,"descripcion":"","imagen":"assets/products/CA-609819417328.webp","tags":["cañon","carioca","bombucha","metalizado","multicolor","40cm","73284"]},{"id":"CA-609819417329","nombre":"CAÑON CARIOCA BOMBUCHA METALIZADO PLATEADOS 40cm x1 73291","categoria":"Cotillon","subcategoria":"Nieve/Serpentina/Pintura/Polvos/Cañones/P.Picado","precio":2110.07,"destacado":false,"descripcion":"","imagen":"assets/products/CA-609819417329.webp","tags":["cañon","carioca","bombucha","metalizado","plateados","40cm","73291"]},{"id":"CA-609819417356","nombre":"CAÑON CARIOCA BOMBUCHA METALIZADO RIVER  40cm x1 73567","categoria":"Cotillon","subcategoria":"Nieve/Serpentina/Pintura/Polvos/Cañones/P.Picado","precio":1951.99,"destacado":false,"descripcion":"","imagen":"assets/products/CA-609819417356.webp","tags":["cañon","carioca","bombucha","metalizado","river","40cm","73567"]},{"id":"CA-609819417330","nombre":"CAÑON CARIOCA BOMBUCHA METALIZADO ROSA GOLD 40cm x1 73307","categoria":"Cotillon","subcategoria":"Nieve/Serpentina/Pintura/Polvos/Cañones/P.Picado","precio":2110.07,"destacado":false,"descripcion":"","imagen":"assets/products/CA-609819417330.webp","tags":["cañon","carioca","bombucha","metalizado","rosa","gold","40cm","73307"]},{"id":"CA-609819417325","nombre":"CAÑON CARIOCA BOMBUCHA PETALOS COLOR BLANCO 40cm x1 73253","categoria":"Cotillon","subcategoria":"Nieve/Serpentina/Pintura/Polvos/Cañones/P.Picado","precio":2608.32,"destacado":false,"descripcion":"","imagen":"assets/products/CA-609819417325.webp","tags":["cañon","carioca","bombucha","petalos","color","blanco","40cm","73253"]},{"id":"CA-609819417326","nombre":"CAÑON CARIOCA BOMBUCHA PETALOS COLOR ROJO 40cm x1 73260","categoria":"Cotillon","subcategoria":"Nieve/Serpentina/Pintura/Polvos/Cañones/P.Picado","precio":2608.32,"destacado":false,"descripcion":"","imagen":"assets/products/CA-609819417326.webp","tags":["cañon","carioca","bombucha","petalos","color","rojo","40cm","73260"]},{"id":"CA-609819417324","nombre":"CAÑON CARIOCA BOMBUCHA PETALOS COLOR ROSA 40cm x1 73246","categoria":"Cotillon","subcategoria":"Nieve/Serpentina/Pintura/Polvos/Cañones/P.Picado","precio":2608.32,"destacado":false,"descripcion":"","imagen":"assets/products/CA-609819417324.webp","tags":["cañon","carioca","bombucha","petalos","color","rosa","40cm","73246"]},{"id":"CA-779908800302","nombre":"CAÑON CARIOCA CORAZONES PARTY S R.R 40cm x1 LPI40C (Nº2)","categoria":"Cotillon","subcategoria":"Nieve/Serpentina/Pintura/Polvos/Cañones/P.Picado","precio":1593.51,"destacado":false,"descripcion":"","imagen":"assets/products/CA-779908800302.webp","tags":["cañon","carioca","corazones","party","40cm","lpi40c","nº2"]},{"id":"CA-202200073201","nombre":"CAÑON CARIOCA CORAZONES ROJOS CADENACI 40 cm x1 7320","categoria":"Cotillon","subcategoria":"Nieve/Serpentina/Pintura/Polvos/Cañones/P.Picado","precio":1558.01,"destacado":false,"descripcion":"","imagen":"assets/products/CA-202200073201.webp","tags":["cañon","carioca","corazones","rojos","cadenaci","7320"]},{"id":"CA-000000054371","nombre":"CAÑON CARIOCA EGRESADOS x1 J","categoria":"Cotillon","subcategoria":"Nieve/Serpentina/Pintura/Polvos/Cañones/P.Picado","precio":2645.5,"destacado":false,"descripcion":"","imagen":"assets/products/CA-000000054371.webp","tags":["cañon","carioca","egresados"]},{"id":"CA-786543211110","nombre":"CAÑON CARIOCA LANZA POLVO x1 ( VARIOS COLORES ) MM111-10","categoria":"Cotillon","subcategoria":"Nieve/Serpentina/Pintura/Polvos/Cañones/P.Picado","precio":3032.95,"destacado":false,"descripcion":"","imagen":"assets/products/CA-786543211110.webp","tags":["cañon","carioca","lanza","polvo","varios","colores","mm111"]},{"id":"CA-202200073421","nombre":"CAÑON CARIOCA LLUVIA DE DOLARES CADENACI 40cm x1 7342","categoria":"Cotillon","subcategoria":"Nieve/Serpentina/Pintura/Polvos/Cañones/P.Picado","precio":1558.01,"destacado":false,"descripcion":"","imagen":"assets/products/CA-202200073421.webp","tags":["cañon","carioca","lluvia","dolares","cadenaci","40cm","7342"]},{"id":"CA-779908800304","nombre":"CAÑON CARIOCA LLUVIA DE DOLARES PS 40cm x1 PS40D/LPI40DO","categoria":"Cotillon","subcategoria":"Nieve/Serpentina/Pintura/Polvos/Cañones/P.Picado","precio":1593.51,"destacado":false,"descripcion":"","imagen":"assets/products/CA-779908800304.webp","tags":["cañon","carioca","lluvia","dolares","40cm","ps40d","lpi40do"]},{"id":"CA-202200073411","nombre":"CAÑON CARIOCA METALIZADO DORADO CADENACI 40 cm x1 7341","categoria":"Cotillon","subcategoria":"Nieve/Serpentina/Pintura/Polvos/Cañones/P.Picado","precio":1558.01,"destacado":false,"descripcion":"","imagen":"assets/products/CA-202200073411.webp","tags":["cañon","carioca","metalizado","dorado","cadenaci","7341"]},{"id":"CA-779813095745","nombre":"CAÑON CARIOCA METALIZADO DORADOS CANDELA 40cm x1 CC01 (Nº3)","categoria":"Cotillon","subcategoria":"Nieve/Serpentina/Pintura/Polvos/Cañones/P.Picado","precio":1981.69,"destacado":false,"descripcion":"","imagen":"assets/products/CA-779813095745.webp","tags":["cañon","carioca","metalizado","dorados","candela","40cm","cc01","nº3"]},{"id":"CA-779908800303","nombre":"CAÑON CARIOCA METALIZADO DORADOS PS 40cmx1 RR LPI40GO","categoria":"Cotillon","subcategoria":"Nieve/Serpentina/Pintura/Polvos/Cañones/P.Picado","precio":1468.72,"destacado":false,"descripcion":"","imagen":"assets/products/CA-779908800303.webp","tags":["cañon","carioca","metalizado","dorados","40cmx1","lpi40go"]},{"id":"CA-202200073301","nombre":"CAÑON CARIOCA METALIZADO MULTICOLOR CADENACI 40 cm x1 7330","categoria":"Cotillon","subcategoria":"Nieve/Serpentina/Pintura/Polvos/Cañones/P.Picado","precio":1558.01,"destacado":false,"descripcion":"","imagen":"assets/products/CA-202200073301.webp","tags":["cañon","carioca","metalizado","multicolor","cadenaci","7330"]},{"id":"CA-202200073401","nombre":"CAÑON CARIOCA METALIZADO PLATEADO CADENACI 40 cm x1 7340","categoria":"Cotillon","subcategoria":"Nieve/Serpentina/Pintura/Polvos/Cañones/P.Picado","precio":1558.01,"destacado":false,"descripcion":"","imagen":"assets/products/CA-202200073401.webp","tags":["cañon","carioca","metalizado","plateado","cadenaci","7340"]},{"id":"CA-779813095747","nombre":"CAÑON CARIOCA METALIZADO PLATEADOS CANDELA 40cm x1 CC102 (Nº3)","categoria":"Cotillon","subcategoria":"Nieve/Serpentina/Pintura/Polvos/Cañones/P.Picado","precio":1888.43,"destacado":false,"descripcion":"","imagen":"assets/products/CA-779813095747.webp","tags":["cañon","carioca","metalizado","plateados","candela","40cm","cc102","nº3"]},{"id":"CA-779832235770","nombre":"CAÑON CARIOCA METALIZADO PLATEADOS PS 40cmx1 RR LPI40P","categoria":"Cotillon","subcategoria":"Nieve/Serpentina/Pintura/Polvos/Cañones/P.Picado","precio":1468.72,"destacado":false,"descripcion":"","imagen":"assets/products/CA-779832235770.webp","tags":["cañon","carioca","metalizado","plateados","40cmx1","lpi40p"]},{"id":"CA-779813095753","nombre":"CAÑON CARIOCA MULTICOLOR CANDELA 40cmx1 CC105 (Nº3)","categoria":"Cotillon","subcategoria":"Nieve/Serpentina/Pintura/Polvos/Cañones/P.Picado","precio":1718.97,"destacado":false,"descripcion":"","imagen":"assets/products/CA-779813095753.webp","tags":["cañon","carioca","multicolor","candela","40cmx1","cc105","nº3"]},{"id":"CA-779832235772","nombre":"CAÑON CARIOCA MULTICOLOR PS R.R 40cm x1 LPI40M","categoria":"Cotillon","subcategoria":"Nieve/Serpentina/Pintura/Polvos/Cañones/P.Picado","precio":1468.72,"destacado":false,"descripcion":"","imagen":"assets/products/CA-779832235772.webp","tags":["cañon","carioca","multicolor","40cm","lpi40m"]},{"id":"CA-779908802131","nombre":"CAÑON CARIOCA PAPELES AZUL Y AMARILLO PS 40cmx1","categoria":"Cotillon","subcategoria":"Nieve/Serpentina/Pintura/Polvos/Cañones/P.Picado","precio":1468.72,"destacado":false,"descripcion":"","imagen":"assets/products/CA-779908802131.webp","tags":["cañon","carioca","papeles","azul","amarillo","40cmx1"]},{"id":"CA-779908802135","nombre":"CAÑON CARIOCA PAPELES ROJO Y BLANCO PS 40cm x1","categoria":"Cotillon","subcategoria":"Nieve/Serpentina/Pintura/Polvos/Cañones/P.Picado","precio":1468.72,"destacado":false,"descripcion":"","imagen":"assets/products/CA-779908802135.webp","tags":["cañon","carioca","papeles","rojo","blanco","40cm"]},{"id":"CA-779842097133","nombre":"CAÑON CARIOCA PARTY TIME METALIZADO DORADOS 30cm x1 71330","categoria":"Cotillon","subcategoria":"Nieve/Serpentina/Pintura/Polvos/Cañones/P.Picado","precio":1253.98,"destacado":false,"descripcion":"","imagen":"assets/products/CA-779842097133.webp","tags":["cañon","carioca","party","time","metalizado","dorados","30cm","71330"]},{"id":"CA-779842097132","nombre":"CAÑON CARIOCA PARTY TIME METALIZADO PLATEADO 30cm x1 71323","categoria":"Cotillon","subcategoria":"Nieve/Serpentina/Pintura/Polvos/Cañones/P.Picado","precio":1253.98,"destacado":false,"descripcion":"","imagen":"assets/products/CA-779842097132.webp","tags":["cañon","carioca","party","time","metalizado","plateado","30cm","71323"]},{"id":"CA-779842097131","nombre":"CAÑON CARIOCA PARTY TIME METALIZADO SURTIDO 30cm x1 71316","categoria":"Cotillon","subcategoria":"Nieve/Serpentina/Pintura/Polvos/Cañones/P.Picado","precio":1253.98,"destacado":false,"descripcion":"","imagen":"assets/products/CA-779842097131.webp","tags":["cañon","carioca","party","time","metalizado","surtido","30cm","71316"]},{"id":"CA-779908801279","nombre":"CAÑON CARIOCA PETALOS ROSAS PS 40cmx1 LPI40PR","categoria":"Cotillon","subcategoria":"Nieve/Serpentina/Pintura/Polvos/Cañones/P.Picado","precio":1660.84,"destacado":false,"descripcion":"","imagen":"assets/products/CA-779908801279.webp","tags":["cañon","carioca","petalos","rosas","40cmx1","lpi40pr"]},{"id":"CA-202200073341","nombre":"CAÑON CARIOCA ROJO Y BLANCO CADENACI 40cm x1","categoria":"Cotillon","subcategoria":"Nieve/Serpentina/Pintura/Polvos/Cañones/P.Picado","precio":1558.01,"destacado":false,"descripcion":"","imagen":"assets/products/CA-202200073341.webp","tags":["cañon","carioca","rojo","blanco","cadenaci","40cm"]},{"id":"CA-202200073461","nombre":"CAÑON CARIOCA SERPENTINA CADENACI 40cm x1 7346","categoria":"Cotillon","subcategoria":"Nieve/Serpentina/Pintura/Polvos/Cañones/P.Picado","precio":1558.01,"destacado":false,"descripcion":"","imagen":"assets/products/CA-202200073461.webp","tags":["cañon","carioca","serpentina","cadenaci","40cm","7346"]},{"id":"CA-690060964012","nombre":"CETRO PLATA CHICO x12 SURTIDO JB1531","categoria":"Cotillon","subcategoria":"Coronas / Tiaras / Cetros / Varitas","precio":2114.1,"destacado":false,"descripcion":"* (15/12/2025)","imagen":"assets/products/CA-690060964012.webp","tags":["cetro","plata","chico","x12","surtido","jb1531"]},{"id":"CA-000000049683","nombre":"CETRO REY LUJO  x1 RM","categoria":"Cotillon","subcategoria":"Accesorios Y Sets Para Disfraces / Tutu","precio":5000.0,"destacado":false,"descripcion":"* (13/12/2025)","imagen":"assets/products/CA-000000049683.webp","tags":["cetro","rey","lujo"]},{"id":"CA-699202403221","nombre":"CHALECO REFRACTARIO FIESTA FLUO x1","categoria":"Cotillon","subcategoria":"Complementos Para Fiestas","precio":1171.11,"destacado":false,"descripcion":"","imagen":"assets/products/CA-699202403221.webp","tags":["chaleco","refractario","fiesta","fluo"]},{"id":"CA-123456000104","nombre":"CHALECO REFRACTARIO FIESTA FLUO x1 (166)","categoria":"Cotillon","subcategoria":"Complementos Para Fiestas","precio":1171.11,"destacado":false,"descripcion":"","imagen":"assets/products/CA-123456000104.webp","tags":["chaleco","refractario","fiesta","fluo","166"]},{"id":"CA-691377621073","nombre":"CHALECO REFRACTARIO FIESTA FLUO x1 (471)","categoria":"Cotillon","subcategoria":"Complementos Para Fiestas","precio":1495.0,"destacado":false,"descripcion":"","imagen":"assets/products/CA-691377621073.webp","tags":["chaleco","refractario","fiesta","fluo","471"]},{"id":"CA-803410700632","nombre":"CHALECO REFRACTARIO FIESTA FLUO x10 YJ0759","categoria":"Cotillon","subcategoria":"Complementos Para Fiestas","precio":14950.0,"destacado":false,"descripcion":"","imagen":"assets/products/CA-803410700632.webp","tags":["chaleco","refractario","fiesta","fluo","x10","yj0759"]},{"id":"CA-988010010171","nombre":"CHASKI BOOM (100 CAJITAS x10und.) 1017","categoria":"Cotillon","subcategoria":"Nieve/Serpentina/Pintura/Polvos/Cañones/P.Picado","precio":17550.0,"destacado":false,"descripcion":"","imagen":"assets/products/CA-988010010171.webp","tags":["chaski","boom","100","cajitas","x10und","1017"]},{"id":"CA-779908804682","nombre":"CHOKER CON MOÑO STRASS x1 AC594  PS","categoria":"Cotillon","subcategoria":"Accesorios Y Sets Para Disfraces / Tutu","precio":5849.9,"destacado":false,"descripcion":"","imagen":"assets/products/CA-779908804682.webp","tags":["choker","con","moño","strass","ac594"]},{"id":"CA-000000007049","nombre":"CHUPETE MINI CRISTAL CELESTE STASIO  x36u. 7049","categoria":"Cotillon","subcategoria":"Miniaturas / Juguetitos / Regalitos","precio":1243.61,"destacado":false,"descripcion":"","imagen":"assets/products/CA-000000007049.webp","tags":["chupete","mini","cristal","celeste","stasio","x36u","7049"]},{"id":"CA-000000037049","nombre":"CHUPETE MINI CRISTAL ROSA STASIO  x36u.","categoria":"Cotillon","subcategoria":"Miniaturas / Juguetitos / Regalitos","precio":1243.61,"destacado":false,"descripcion":"","imagen":"assets/products/CA-000000037049.webp","tags":["chupete","mini","cristal","rosa","stasio","x36u"]},{"id":"CA-000000055469","nombre":"CINTA DE ACETATO PARA ARCO ORGANICO DE GLOBOS 5mt x50u","categoria":"Cotillon","subcategoria":"Accesorios Para Globos","precio":19500.0,"destacado":false,"descripcion":"* (20/12/2025)","imagen":"assets/products/CA-000000055469.webp","tags":["cinta","acetato","para","arco","organico","globos","5mt","x50u"]},{"id":"CA-000000057172","nombre":"CINTA DE ACETATO PARA ARCO ORGANICO DE GLOBOS x5mt x20u 22010-B1530","categoria":"Cotillon","subcategoria":"Accesorios Para Globos","precio":7836.43,"destacado":false,"descripcion":"","imagen":"assets/products/CA-000000057172.webp","tags":["cinta","acetato","para","arco","organico","globos","x5mt","x20u","22010","b1530"]},{"id":"CA-779819415199","nombre":"CINTA HOLOGRAFICA AZUL x225mts (APROX)51990","categoria":"Cotillon","subcategoria":"Accesorios Para Globos","precio":2438.09,"destacado":false,"descripcion":"","imagen":"assets/products/CA-779819415199.webp","tags":["cinta","holografica","azul","x225mts","aprox","51990"]},{"id":"CA-779819415196","nombre":"CINTA HOLOGRAFICA DORADA x225mts (APROX)51969","categoria":"Cotillon","subcategoria":"Accesorios Para Globos","precio":2438.09,"destacado":false,"descripcion":"","imagen":"assets/products/CA-779819415196.webp","tags":["cinta","holografica","dorada","x225mts","aprox","51969"]},{"id":"CA-779819415198","nombre":"CINTA HOLOGRAFICA FUCSIA x225mts (APROX)51983","categoria":"Cotillon","subcategoria":"Accesorios Para Globos","precio":2438.09,"destacado":false,"descripcion":"","imagen":"assets/products/CA-779819415198.webp","tags":["cinta","holografica","fucsia","x225mts","aprox","51983"]}]}