{"category_slug":"cotillon","subcategory_slug":"","page":44,"page_size":48,"total":4091,"items":[{"id":"CA-779810960200","nombre":"GLOBO GLOBOLANDIA PASTEL 10\" ROSA x50 903","categoria":"Cotillon","subcategoria":"Globos Lisos","precio":2381.58,"destacado":false,"descripcion":"","imagen":"assets/products/CA-779810960200.webp","tags":["globo","globolandia","pastel","rosa","x50","903"]},{"id":"CA-779810960203","nombre":"GLOBO GLOBOLANDIA PASTEL 10\" VERDE  x50 908","categoria":"Cotillon","subcategoria":"Globos Lisos","precio":2381.58,"destacado":false,"descripcion":"","imagen":"assets/products/CA-779810960203.webp","tags":["globo","globolandia","pastel","verde","x50","908"]},{"id":"CA-779810960205","nombre":"GLOBO GLOBOLANDIA PASTEL 10\" VIOLETA  x50 912","categoria":"Cotillon","subcategoria":"Globos Lisos","precio":2381.58,"destacado":false,"descripcion":"","imagen":"assets/products/CA-779810960205.webp","tags":["globo","globolandia","pastel","violeta","x50","912"]},{"id":"CA-779810960428","nombre":"GLOBO GLOBOLANDIA PASTEL 12\" AMARILLO x25","categoria":"Cotillon","subcategoria":"Globos Lisos","precio":1733.13,"destacado":false,"descripcion":"","imagen":"assets/products/CA-779810960428.webp","tags":["globo","globolandia","pastel","amarillo","x25"]},{"id":"CA-779810960427","nombre":"GLOBO GLOBOLANDIA PASTEL 12\" CELESTE x25","categoria":"Cotillon","subcategoria":"Globos Lisos","precio":1733.13,"destacado":false,"descripcion":"","imagen":"assets/products/CA-779810960427.webp","tags":["globo","globolandia","pastel","celeste","x25"]},{"id":"CA-779810960425","nombre":"GLOBO GLOBOLANDIA PASTEL 12\" MULTICOLOR x25 1000","categoria":"Cotillon","subcategoria":"Globos Lisos","precio":1733.13,"destacado":false,"descripcion":"","imagen":"assets/products/CA-779810960425.webp","tags":["globo","globolandia","pastel","multicolor","x25","1000"]},{"id":"CA-779810960426","nombre":"GLOBO GLOBOLANDIA PASTEL 12\" ROSA x25 1003","categoria":"Cotillon","subcategoria":"Globos Lisos","precio":1733.13,"destacado":false,"descripcion":"","imagen":"assets/products/CA-779810960426.webp","tags":["globo","globolandia","pastel","rosa","x25","1003"]},{"id":"CA-779810960429","nombre":"GLOBO GLOBOLANDIA PASTEL 12\" VERDE x25","categoria":"Cotillon","subcategoria":"Globos Lisos","precio":1733.13,"destacado":false,"descripcion":"","imagen":"assets/products/CA-779810960429.webp","tags":["globo","globolandia","pastel","verde","x25"]},{"id":"CA-779810960113","nombre":"GLOBO GLOBOLANDIA PERLADO 10\" AMARILLO x50 307","categoria":"Cotillon","subcategoria":"Globos Perlados","precio":2582.01,"destacado":false,"descripcion":"","imagen":"assets/products/CA-779810960113.webp","tags":["globo","globolandia","perlado","amarillo","x50","307"]},{"id":"CA-779810960104","nombre":"GLOBO GLOBOLANDIA PERLADO 10\" AZUL x50 306","categoria":"Cotillon","subcategoria":"Globos Perlados","precio":2582.01,"destacado":false,"descripcion":"","imagen":"assets/products/CA-779810960104.webp","tags":["globo","globolandia","perlado","azul","x50","306"]},{"id":"CA-779810960100","nombre":"GLOBO GLOBOLANDIA PERLADO 10\" BLANCO x50 302","categoria":"Cotillon","subcategoria":"Globos Perlados","precio":2582.01,"destacado":false,"descripcion":"","imagen":"assets/products/CA-779810960100.webp","tags":["globo","globolandia","perlado","blanco","x50","302"]},{"id":"CA-779810960103","nombre":"GLOBO GLOBOLANDIA PERLADO 10\" CELESTE x50 305","categoria":"Cotillon","subcategoria":"Globos Perlados","precio":2582.01,"destacado":false,"descripcion":"","imagen":"assets/products/CA-779810960103.webp","tags":["globo","globolandia","perlado","celeste","x50","305"]},{"id":"CA-779810960108","nombre":"GLOBO GLOBOLANDIA PERLADO 10\" DORADO x50 320","categoria":"Cotillon","subcategoria":"Globos Perlados","precio":2582.01,"destacado":false,"descripcion":"","imagen":"assets/products/CA-779810960108.webp","tags":["globo","globolandia","perlado","dorado","x50","320"]},{"id":"CA-779810960118","nombre":"GLOBO GLOBOLANDIA PERLADO 10\" FUCSIA x50 314","categoria":"Cotillon","subcategoria":"Globos Perlados","precio":2582.01,"destacado":false,"descripcion":"","imagen":"assets/products/CA-779810960118.webp","tags":["globo","globolandia","perlado","fucsia","x50","314"]},{"id":"CA-779810960106","nombre":"GLOBO GLOBOLANDIA PERLADO 10\" LILA x50","categoria":"Cotillon","subcategoria":"Globos Perlados","precio":2582.01,"destacado":false,"descripcion":"","imagen":"assets/products/CA-779810960106.webp","tags":["globo","globolandia","perlado","lila","x50"]},{"id":"CA-779810960111","nombre":"GLOBO GLOBOLANDIA PERLADO 10\" MARFIL x50","categoria":"Cotillon","subcategoria":"Globos Perlados","precio":2582.01,"destacado":false,"descripcion":"","imagen":"assets/products/CA-779810960111.webp","tags":["globo","globolandia","perlado","marfil","x50"]},{"id":"CA-779810960120","nombre":"GLOBO GLOBOLANDIA PERLADO 10\" MULTICOLOR x50 300","categoria":"Cotillon","subcategoria":"Globos Perlados","precio":2582.01,"destacado":false,"descripcion":"","imagen":"assets/products/CA-779810960120.webp","tags":["globo","globolandia","perlado","multicolor","x50","300"]},{"id":"CA-779810960112","nombre":"GLOBO GLOBOLANDIA PERLADO 10\" NARANJA x50 315","categoria":"Cotillon","subcategoria":"Globos Perlados","precio":2582.01,"destacado":false,"descripcion":"","imagen":"assets/products/CA-779810960112.webp","tags":["globo","globolandia","perlado","naranja","x50","315"]},{"id":"CA-779810960109","nombre":"GLOBO GLOBOLANDIA PERLADO 10\" NEGRO x50 313","categoria":"Cotillon","subcategoria":"Globos Perlados","precio":2582.01,"destacado":false,"descripcion":"","imagen":"assets/products/CA-779810960109.webp","tags":["globo","globolandia","perlado","negro","x50","313"]},{"id":"CA-779810960107","nombre":"GLOBO GLOBOLANDIA PERLADO 10\" PLATEADO x50 319","categoria":"Cotillon","subcategoria":"Globos Perlados","precio":2582.01,"destacado":false,"descripcion":"","imagen":"assets/products/CA-779810960107.webp","tags":["globo","globolandia","perlado","plateado","x50","319"]},{"id":"CA-779810960102","nombre":"GLOBO GLOBOLANDIA PERLADO 10\" ROJO x50 304","categoria":"Cotillon","subcategoria":"Globos Perlados","precio":2582.01,"destacado":false,"descripcion":"","imagen":"assets/products/CA-779810960102.webp","tags":["globo","globolandia","perlado","rojo","x50","304"]},{"id":"CA-779810960101","nombre":"GLOBO GLOBOLANDIA PERLADO 10\" ROSA  x50 303","categoria":"Cotillon","subcategoria":"Globos Perlados","precio":2582.01,"destacado":false,"descripcion":"","imagen":"assets/products/CA-779810960101.webp","tags":["globo","globolandia","perlado","rosa","x50","303"]},{"id":"CA-779810960210","nombre":"GLOBO GLOBOLANDIA PERLADO 10\" ROSA GOLD x50 324","categoria":"Cotillon","subcategoria":"Globos Perlados","precio":2582.01,"destacado":false,"descripcion":"","imagen":"assets/products/CA-779810960210.webp","tags":["globo","globolandia","perlado","rosa","gold","x50","324"]},{"id":"CA-779810960119","nombre":"GLOBO GLOBOLANDIA PERLADO 10\" VERDE MANZANA x50","categoria":"Cotillon","subcategoria":"Globos Perlados","precio":2582.01,"destacado":false,"descripcion":"","imagen":"assets/products/CA-779810960119.webp","tags":["globo","globolandia","perlado","verde","manzana","x50"]},{"id":"CA-779810960114","nombre":"GLOBO GLOBOLANDIA PERLADO 10\" VERDE x50","categoria":"Cotillon","subcategoria":"Globos Perlados","precio":2582.01,"destacado":false,"descripcion":"","imagen":"assets/products/CA-779810960114.webp","tags":["globo","globolandia","perlado","verde","x50"]},{"id":"CA-779810960105","nombre":"GLOBO GLOBOLANDIA PERLADO 10\" VIOLETA x50 312","categoria":"Cotillon","subcategoria":"Globos Perlados","precio":2582.01,"destacado":false,"descripcion":"","imagen":"assets/products/CA-779810960105.webp","tags":["globo","globolandia","perlado","violeta","x50","312"]},{"id":"CA-779810960166","nombre":"GLOBO GLOBOLANDIA PERLADO 12\" AMARILLO x25 407","categoria":"Cotillon","subcategoria":"Globos Perlados","precio":1992.51,"destacado":false,"descripcion":"","imagen":"assets/products/CA-779810960166.webp","tags":["globo","globolandia","perlado","amarillo","x25","407"]},{"id":"CA-779810960181","nombre":"GLOBO GLOBOLANDIA PERLADO 12\" AZUL NOCHE x25 423","categoria":"Cotillon","subcategoria":"Globos Perlados","precio":1992.51,"destacado":false,"descripcion":"","imagen":"assets/products/CA-779810960181.webp","tags":["globo","globolandia","perlado","azul","noche","x25","423"]},{"id":"CA-779810960163","nombre":"GLOBO GLOBOLANDIA PERLADO 12\" AZUL x25","categoria":"Cotillon","subcategoria":"Globos Perlados","precio":1992.51,"destacado":false,"descripcion":"","imagen":"assets/products/CA-779810960163.webp","tags":["globo","globolandia","perlado","azul","x25"]},{"id":"CA-779810960160","nombre":"GLOBO GLOBOLANDIA PERLADO 12\" BLANCO x25","categoria":"Cotillon","subcategoria":"Globos Perlados","precio":1992.51,"destacado":false,"descripcion":"","imagen":"assets/products/CA-779810960160.webp","tags":["globo","globolandia","perlado","blanco","x25"]},{"id":"CA-779810960162","nombre":"GLOBO GLOBOLANDIA PERLADO 12\" CELESTE x25","categoria":"Cotillon","subcategoria":"Globos Perlados","precio":1992.51,"destacado":false,"descripcion":"","imagen":"assets/products/CA-779810960162.webp","tags":["globo","globolandia","perlado","celeste","x25"]},{"id":"CA-779810960178","nombre":"GLOBO GLOBOLANDIA PERLADO 12\" DORADO x25 420","categoria":"Cotillon","subcategoria":"Globos Perlados","precio":1992.51,"destacado":false,"descripcion":"","imagen":"assets/products/CA-779810960178.webp","tags":["globo","globolandia","perlado","dorado","x25","420"]},{"id":"CA-779810960173","nombre":"GLOBO GLOBOLANDIA PERLADO 12\" FUCSIA x25 414","categoria":"Cotillon","subcategoria":"Globos Perlados","precio":1992.51,"destacado":false,"descripcion":"","imagen":"assets/products/CA-779810960173.webp","tags":["globo","globolandia","perlado","fucsia","x25","414"]},{"id":"CA-779810960170","nombre":"GLOBO GLOBOLANDIA PERLADO 12\" LILA x25 411","categoria":"Cotillon","subcategoria":"Globos Perlados","precio":1992.51,"destacado":false,"descripcion":"","imagen":"assets/products/CA-779810960170.webp","tags":["globo","globolandia","perlado","lila","x25","411"]},{"id":"CA-779810960165","nombre":"GLOBO GLOBOLANDIA PERLADO 12\" MULTICOLOR x25","categoria":"Cotillon","subcategoria":"Globos Perlados","precio":1992.51,"destacado":false,"descripcion":"","imagen":"assets/products/CA-779810960165.webp","tags":["globo","globolandia","perlado","multicolor","x25"]},{"id":"CA-779810960174","nombre":"GLOBO GLOBOLANDIA PERLADO 12\" NARANJA x25","categoria":"Cotillon","subcategoria":"Globos Perlados","precio":1992.51,"destacado":false,"descripcion":"","imagen":"assets/products/CA-779810960174.webp","tags":["globo","globolandia","perlado","naranja","x25"]},{"id":"CA-779810960172","nombre":"GLOBO GLOBOLANDIA PERLADO 12\" NEGRO x25","categoria":"Cotillon","subcategoria":"Globos Perlados","precio":1992.51,"destacado":false,"descripcion":"","imagen":"assets/products/CA-779810960172.webp","tags":["globo","globolandia","perlado","negro","x25"]},{"id":"CA-779810960177","nombre":"GLOBO GLOBOLANDIA PERLADO 12\" PLATEADO x25 419","categoria":"Cotillon","subcategoria":"Globos Perlados","precio":1992.51,"destacado":false,"descripcion":"","imagen":"assets/products/CA-779810960177.webp","tags":["globo","globolandia","perlado","plateado","x25","419"]},{"id":"CA-779810960164","nombre":"GLOBO GLOBOLANDIA PERLADO 12\" ROJO x25 404","categoria":"Cotillon","subcategoria":"Globos Perlados","precio":1992.51,"destacado":false,"descripcion":"","imagen":"assets/products/CA-779810960164.webp","tags":["globo","globolandia","perlado","rojo","x25","404"]},{"id":"CA-779810960424","nombre":"GLOBO GLOBOLANDIA PERLADO 12\" ROSA GOLD x25 424","categoria":"Cotillon","subcategoria":"Globos Perlados","precio":1992.51,"destacado":false,"descripcion":"","imagen":"assets/products/CA-779810960424.webp","tags":["globo","globolandia","perlado","rosa","gold","x25","424"]},{"id":"CA-779810960161","nombre":"GLOBO GLOBOLANDIA PERLADO 12\" ROSA x25","categoria":"Cotillon","subcategoria":"Globos Perlados","precio":1992.51,"destacado":false,"descripcion":"","imagen":"assets/products/CA-779810960161.webp","tags":["globo","globolandia","perlado","rosa","x25"]},{"id":"CA-779810960175","nombre":"GLOBO GLOBOLANDIA PERLADO 12\" SALMON x25 417","categoria":"Cotillon","subcategoria":"Globos Perlados","precio":1992.51,"destacado":false,"descripcion":"","imagen":"assets/products/CA-779810960175.webp","tags":["globo","globolandia","perlado","salmon","x25","417"]},{"id":"CA-779810960167","nombre":"GLOBO GLOBOLANDIA PERLADO 12\" VERDE CLARO x25","categoria":"Cotillon","subcategoria":"Globos Perlados","precio":1992.51,"destacado":false,"descripcion":"","imagen":"assets/products/CA-779810960167.webp","tags":["globo","globolandia","perlado","verde","claro","x25"]},{"id":"CA-779810960169","nombre":"GLOBO GLOBOLANDIA PERLADO 12\" VERDE MANZANA x25","categoria":"Cotillon","subcategoria":"Globos Perlados","precio":1992.51,"destacado":false,"descripcion":"","imagen":"assets/products/CA-779810960169.webp","tags":["globo","globolandia","perlado","verde","manzana","x25"]},{"id":"CA-779810960168","nombre":"GLOBO GLOBOLANDIA PERLADO 12\" VERDE x25 409","categoria":"Cotillon","subcategoria":"Globos Perlados","precio":1992.51,"destacado":false,"descripcion":"","imagen":"assets/products/CA-779810960168.webp","tags":["globo","globolandia","perlado","verde","x25","409"]},{"id":"CA-779810960171","nombre":"GLOBO GLOBOLANDIA PERLADO 12\" VIOLETA x25 412","categoria":"Cotillon","subcategoria":"Globos Perlados","precio":1992.51,"destacado":false,"descripcion":"","imagen":"assets/products/CA-779810960171.webp","tags":["globo","globolandia","perlado","violeta","x25","412"]},{"id":"CA-779842097276","nombre":"GLOBO GLOBOLOGIA GLOBOX CROMO REFLEX AZUL T260 x20u 72764","categoria":"Cotillon","subcategoria":"Globos Chrome/Cromo Reflex","precio":3924.17,"destacado":false,"descripcion":"","imagen":"assets/products/CA-779842097276.webp","tags":["globo","globologia","globox","cromo","reflex","azul","t260","x20u","72764"]},{"id":"CA-779842097274","nombre":"GLOBO GLOBOLOGIA GLOBOX CROMO REFLEX DORADO T260 x20u 72740","categoria":"Cotillon","subcategoria":"Globos Chrome/Cromo Reflex","precio":3924.17,"destacado":false,"descripcion":"","imagen":"assets/products/CA-779842097274.webp","tags":["globo","globologia","globox","cromo","reflex","dorado","t260","x20u","72740"]}]}