{"category_slug":"cotillon","subcategory_slug":"","page":81,"page_size":48,"total":4091,"items":[{"id":"CA-000000042357","nombre":"VELA NUMERO CON GIBRE CELESTE Nº 3 x10 DORYPLAST","categoria":"Cotillon","subcategoria":"Velas","precio":4275.45,"destacado":false,"descripcion":"","imagen":"assets/products/CA-000000042357.webp","tags":["vela","numero","con","gibre","celeste","x10","doryplast"]},{"id":"CA-000000042358","nombre":"VELA NUMERO CON GIBRE CELESTE Nº 4 x10 DORYPLAST","categoria":"Cotillon","subcategoria":"Velas","precio":4275.45,"destacado":false,"descripcion":"","imagen":"assets/products/CA-000000042358.webp","tags":["vela","numero","con","gibre","celeste","x10","doryplast"]},{"id":"CA-000000042359","nombre":"VELA NUMERO CON GIBRE CELESTE Nº 5 x10 DORYPLAST","categoria":"Cotillon","subcategoria":"Velas","precio":4275.45,"destacado":false,"descripcion":"","imagen":"assets/products/CA-000000042359.webp","tags":["vela","numero","con","gibre","celeste","x10","doryplast"]},{"id":"CA-000000042360","nombre":"VELA NUMERO CON GIBRE CELESTE Nº 6 x10 DORYPLAST","categoria":"Cotillon","subcategoria":"Velas","precio":4275.45,"destacado":false,"descripcion":"","imagen":"assets/products/CA-000000042360.webp","tags":["vela","numero","con","gibre","celeste","x10","doryplast"]},{"id":"CA-000000042361","nombre":"VELA NUMERO CON GIBRE CELESTE Nº 7 x10 DORYPLAST","categoria":"Cotillon","subcategoria":"Velas","precio":4275.45,"destacado":false,"descripcion":"","imagen":"assets/products/CA-000000042361.webp","tags":["vela","numero","con","gibre","celeste","x10","doryplast"]},{"id":"CA-000000042362","nombre":"VELA NUMERO CON GIBRE CELESTE Nº 8 x10 DORYPLAST","categoria":"Cotillon","subcategoria":"Velas","precio":4275.45,"destacado":false,"descripcion":"","imagen":"assets/products/CA-000000042362.webp","tags":["vela","numero","con","gibre","celeste","x10","doryplast"]},{"id":"CA-000000042363","nombre":"VELA NUMERO CON GIBRE CELESTE Nº 9 x10 DORYPLAST","categoria":"Cotillon","subcategoria":"Velas","precio":4275.45,"destacado":false,"descripcion":"","imagen":"assets/products/CA-000000042363.webp","tags":["vela","numero","con","gibre","celeste","x10","doryplast"]},{"id":"CA-000000042364","nombre":"VELA NUMERO CON GIBRE CELESTE SURTIDOSx10 DORYPLAST","categoria":"Cotillon","subcategoria":"Velas","precio":4275.45,"destacado":false,"descripcion":"","imagen":"assets/products/CA-000000042364.webp","tags":["vela","numero","con","gibre","celeste","surtidosx10","doryplast"]},{"id":"CA-000000042343","nombre":"VELA NUMERO CON GIBRE ROSA Nº 0 x10 DORYPLAST","categoria":"Cotillon","subcategoria":"Velas","precio":4275.45,"destacado":false,"descripcion":"","imagen":"assets/products/CA-000000042343.webp","tags":["vela","numero","con","gibre","rosa","x10","doryplast"]},{"id":"CA-000000042344","nombre":"VELA NUMERO CON GIBRE ROSA Nº 1 x10 DORYPLAST","categoria":"Cotillon","subcategoria":"Velas","precio":4275.45,"destacado":false,"descripcion":"","imagen":"assets/products/CA-000000042344.webp","tags":["vela","numero","con","gibre","rosa","x10","doryplast"]},{"id":"CA-000000042345","nombre":"VELA NUMERO CON GIBRE ROSA Nº 2 x10 DORYPLAST","categoria":"Cotillon","subcategoria":"Velas","precio":4275.45,"destacado":false,"descripcion":"","imagen":"assets/products/CA-000000042345.webp","tags":["vela","numero","con","gibre","rosa","x10","doryplast"]},{"id":"CA-000000042346","nombre":"VELA NUMERO CON GIBRE ROSA Nº 3 x10 DORYPLAST","categoria":"Cotillon","subcategoria":"Velas","precio":4275.45,"destacado":false,"descripcion":"","imagen":"assets/products/CA-000000042346.webp","tags":["vela","numero","con","gibre","rosa","x10","doryplast"]},{"id":"CA-000000042347","nombre":"VELA NUMERO CON GIBRE ROSA Nº 4 x10 DORYPLAST","categoria":"Cotillon","subcategoria":"Velas","precio":4275.45,"destacado":false,"descripcion":"","imagen":"assets/products/CA-000000042347.webp","tags":["vela","numero","con","gibre","rosa","x10","doryplast"]},{"id":"CA-000000042348","nombre":"VELA NUMERO CON GIBRE ROSA Nº 5 x10 DORYPLAST","categoria":"Cotillon","subcategoria":"Velas","precio":4275.45,"destacado":false,"descripcion":"","imagen":"assets/products/CA-000000042348.webp","tags":["vela","numero","con","gibre","rosa","x10","doryplast"]},{"id":"CA-000000042349","nombre":"VELA NUMERO CON GIBRE ROSA Nº 6 x10 DORYPLAST","categoria":"Cotillon","subcategoria":"Velas","precio":4275.45,"destacado":false,"descripcion":"","imagen":"assets/products/CA-000000042349.webp","tags":["vela","numero","con","gibre","rosa","x10","doryplast"]},{"id":"CA-000000042350","nombre":"VELA NUMERO CON GIBRE ROSA Nº 7 x10 DORYPLAST","categoria":"Cotillon","subcategoria":"Velas","precio":4275.45,"destacado":false,"descripcion":"","imagen":"assets/products/CA-000000042350.webp","tags":["vela","numero","con","gibre","rosa","x10","doryplast"]},{"id":"CA-000000042351","nombre":"VELA NUMERO CON GIBRE ROSA Nº 8 x10 DORYPLAST","categoria":"Cotillon","subcategoria":"Velas","precio":4275.45,"destacado":false,"descripcion":"","imagen":"assets/products/CA-000000042351.webp","tags":["vela","numero","con","gibre","rosa","x10","doryplast"]},{"id":"CA-000000042352","nombre":"VELA NUMERO CON GIBRE ROSA Nº 9 x10 DORYPLAST","categoria":"Cotillon","subcategoria":"Velas","precio":4275.45,"destacado":false,"descripcion":"","imagen":"assets/products/CA-000000042352.webp","tags":["vela","numero","con","gibre","rosa","x10","doryplast"]},{"id":"CA-000000042353","nombre":"VELA NUMERO CON GIBRE ROSA SURTIDOS x10 DORYPLAST","categoria":"Cotillon","subcategoria":"Velas","precio":4275.45,"destacado":false,"descripcion":"","imagen":"assets/products/CA-000000042353.webp","tags":["vela","numero","con","gibre","rosa","surtidos","x10","doryplast"]},{"id":"CA-000000049136","nombre":"VELA NUMERO ROSA Nº 4 VELAS FIESTA X20u.","categoria":"Cotillon","subcategoria":"Velas","precio":3012.4,"destacado":false,"descripcion":"","imagen":"assets/products/CA-000000049136.webp","tags":["vela","numero","rosa","velas","fiesta","x20u"]},{"id":"CA-000000049137","nombre":"VELA NUMERO ROSA Nº 5 VELAS FIESTA X20u.","categoria":"Cotillon","subcategoria":"Velas","precio":3012.4,"destacado":false,"descripcion":"","imagen":"assets/products/CA-000000049137.webp","tags":["vela","numero","rosa","velas","fiesta","x20u"]},{"id":"CA-000000049138","nombre":"VELA NUMERO ROSA Nº 6 VELAS FIESTA X20u.","categoria":"Cotillon","subcategoria":"Velas","precio":3012.4,"destacado":false,"descripcion":"","imagen":"assets/products/CA-000000049138.webp","tags":["vela","numero","rosa","velas","fiesta","x20u"]},{"id":"CA-000000051221","nombre":"VELA NUMEROTE BLISTER CON GIBRE CELESTE BLANCO Nº0 x1","categoria":"Cotillon","subcategoria":"Velas","precio":589.4,"destacado":false,"descripcion":"","imagen":"assets/products/CA-000000051221.webp","tags":["vela","numerote","blister","con","gibre","celeste","blanco","nº0"]},{"id":"CA-000000051222","nombre":"VELA NUMEROTE BLISTER CON GIBRE CELESTE BLANCO Nº1 x1","categoria":"Cotillon","subcategoria":"Velas","precio":589.4,"destacado":false,"descripcion":"","imagen":"assets/products/CA-000000051222.webp","tags":["vela","numerote","blister","con","gibre","celeste","blanco","nº1"]},{"id":"CA-000000051223","nombre":"VELA NUMEROTE BLISTER CON GIBRE CELESTE BLANCO Nº2 x1","categoria":"Cotillon","subcategoria":"Velas","precio":589.4,"destacado":false,"descripcion":"","imagen":"assets/products/CA-000000051223.webp","tags":["vela","numerote","blister","con","gibre","celeste","blanco","nº2"]},{"id":"CA-000000051224","nombre":"VELA NUMEROTE BLISTER CON GIBRE CELESTE BLANCO Nº3 x1","categoria":"Cotillon","subcategoria":"Velas","precio":589.4,"destacado":false,"descripcion":"","imagen":"assets/products/CA-000000051224.webp","tags":["vela","numerote","blister","con","gibre","celeste","blanco","nº3"]},{"id":"CA-000000051225","nombre":"VELA NUMEROTE BLISTER CON GIBRE CELESTE BLANCO Nº4 x1","categoria":"Cotillon","subcategoria":"Velas","precio":589.4,"destacado":false,"descripcion":"","imagen":"assets/products/CA-000000051225.webp","tags":["vela","numerote","blister","con","gibre","celeste","blanco","nº4"]},{"id":"CA-000000051226","nombre":"VELA NUMEROTE BLISTER CON GIBRE CELESTE BLANCO Nº5 x1","categoria":"Cotillon","subcategoria":"Velas","precio":589.4,"destacado":false,"descripcion":"","imagen":"assets/products/CA-000000051226.webp","tags":["vela","numerote","blister","con","gibre","celeste","blanco","nº5"]},{"id":"CA-000000051227","nombre":"VELA NUMEROTE BLISTER CON GIBRE CELESTE BLANCO Nº6 x1","categoria":"Cotillon","subcategoria":"Velas","precio":589.4,"destacado":false,"descripcion":"","imagen":"assets/products/CA-000000051227.webp","tags":["vela","numerote","blister","con","gibre","celeste","blanco","nº6"]},{"id":"CA-000000051228","nombre":"VELA NUMEROTE BLISTER CON GIBRE CELESTE BLANCO Nº7 x1","categoria":"Cotillon","subcategoria":"Velas","precio":589.4,"destacado":false,"descripcion":"","imagen":"assets/products/CA-000000051228.webp","tags":["vela","numerote","blister","con","gibre","celeste","blanco","nº7"]},{"id":"CA-000000051229","nombre":"VELA NUMEROTE BLISTER CON GIBRE CELESTE BLANCO Nº8 x1","categoria":"Cotillon","subcategoria":"Velas","precio":589.4,"destacado":false,"descripcion":"","imagen":"assets/products/CA-000000051229.webp","tags":["vela","numerote","blister","con","gibre","celeste","blanco","nº8"]},{"id":"CA-000000051230","nombre":"VELA NUMEROTE BLISTER CON GIBRE CELESTE BLANCO Nº9 x1","categoria":"Cotillon","subcategoria":"Velas","precio":589.4,"destacado":false,"descripcion":"","imagen":"assets/products/CA-000000051230.webp","tags":["vela","numerote","blister","con","gibre","celeste","blanco","nº9"]},{"id":"CA-000000051231","nombre":"VELA NUMEROTE BLISTER CON GIBRE FUTBOL BOCA Nº0  x1","categoria":"Cotillon","subcategoria":"Velas","precio":697.9,"destacado":false,"descripcion":"","imagen":"assets/products/CA-000000051231.webp","tags":["vela","numerote","blister","con","gibre","futbol","boca","nº0"]},{"id":"CA-000000051233","nombre":"VELA NUMEROTE BLISTER CON GIBRE FUTBOL BOCA Nº1 x1","categoria":"Cotillon","subcategoria":"Velas","precio":697.9,"destacado":false,"descripcion":"","imagen":"assets/products/CA-000000051233.webp","tags":["vela","numerote","blister","con","gibre","futbol","boca","nº1"]},{"id":"CA-000000051236","nombre":"VELA NUMEROTE BLISTER CON GIBRE FUTBOL BOCA Nº2  x1","categoria":"Cotillon","subcategoria":"Velas","precio":697.9,"destacado":false,"descripcion":"","imagen":"assets/products/CA-000000051236.webp","tags":["vela","numerote","blister","con","gibre","futbol","boca","nº2"]},{"id":"CA-000000051238","nombre":"VELA NUMEROTE BLISTER CON GIBRE FUTBOL BOCA Nº3  x1","categoria":"Cotillon","subcategoria":"Velas","precio":697.9,"destacado":false,"descripcion":"","imagen":"assets/products/CA-000000051238.webp","tags":["vela","numerote","blister","con","gibre","futbol","boca","nº3"]},{"id":"CA-000000051241","nombre":"VELA NUMEROTE BLISTER CON GIBRE FUTBOL BOCA Nº4  x1","categoria":"Cotillon","subcategoria":"Velas","precio":697.9,"destacado":false,"descripcion":"","imagen":"assets/products/CA-000000051241.webp","tags":["vela","numerote","blister","con","gibre","futbol","boca","nº4"]},{"id":"CA-000000051243","nombre":"VELA NUMEROTE BLISTER CON GIBRE FUTBOL BOCA Nº5  x1","categoria":"Cotillon","subcategoria":"Velas","precio":697.9,"destacado":false,"descripcion":"","imagen":"assets/products/CA-000000051243.webp","tags":["vela","numerote","blister","con","gibre","futbol","boca","nº5"]},{"id":"CA-000000051245","nombre":"VELA NUMEROTE BLISTER CON GIBRE FUTBOL BOCA Nº6 x1","categoria":"Cotillon","subcategoria":"Velas","precio":697.9,"destacado":false,"descripcion":"","imagen":"assets/products/CA-000000051245.webp","tags":["vela","numerote","blister","con","gibre","futbol","boca","nº6"]},{"id":"CA-000000051248","nombre":"VELA NUMEROTE BLISTER CON GIBRE FUTBOL BOCA Nº7  x1","categoria":"Cotillon","subcategoria":"Velas","precio":697.9,"destacado":false,"descripcion":"","imagen":"assets/products/CA-000000051248.webp","tags":["vela","numerote","blister","con","gibre","futbol","boca","nº7"]},{"id":"CA-000000051249","nombre":"VELA NUMEROTE BLISTER CON GIBRE FUTBOL BOCA Nº8  x1","categoria":"Cotillon","subcategoria":"Velas","precio":697.9,"destacado":false,"descripcion":"","imagen":"assets/products/CA-000000051249.webp","tags":["vela","numerote","blister","con","gibre","futbol","boca","nº8"]},{"id":"CA-000000051250","nombre":"VELA NUMEROTE BLISTER CON GIBRE FUTBOL BOCA Nº9  x1","categoria":"Cotillon","subcategoria":"Velas","precio":697.9,"destacado":false,"descripcion":"","imagen":"assets/products/CA-000000051250.webp","tags":["vela","numerote","blister","con","gibre","futbol","boca","nº9"]},{"id":"CA-000000051251","nombre":"VELA NUMEROTE BLISTER CON GIBRE FUTBOL RIVER Nº0 x1","categoria":"Cotillon","subcategoria":"Velas","precio":697.9,"destacado":false,"descripcion":"","imagen":"assets/products/CA-000000051251.webp","tags":["vela","numerote","blister","con","gibre","futbol","river","nº0"]},{"id":"CA-000000051252","nombre":"VELA NUMEROTE BLISTER CON GIBRE FUTBOL RIVER Nº1 x1","categoria":"Cotillon","subcategoria":"Velas","precio":697.9,"destacado":false,"descripcion":"","imagen":"assets/products/CA-000000051252.webp","tags":["vela","numerote","blister","con","gibre","futbol","river","nº1"]},{"id":"CA-000000051253","nombre":"VELA NUMEROTE BLISTER CON GIBRE FUTBOL RIVER Nº2 x1","categoria":"Cotillon","subcategoria":"Velas","precio":697.9,"destacado":false,"descripcion":"","imagen":"assets/products/CA-000000051253.webp","tags":["vela","numerote","blister","con","gibre","futbol","river","nº2"]},{"id":"CA-000000051254","nombre":"VELA NUMEROTE BLISTER CON GIBRE FUTBOL RIVER Nº3 x1","categoria":"Cotillon","subcategoria":"Velas","precio":697.9,"destacado":false,"descripcion":"","imagen":"assets/products/CA-000000051254.webp","tags":["vela","numerote","blister","con","gibre","futbol","river","nº3"]},{"id":"CA-000000051255","nombre":"VELA NUMEROTE BLISTER CON GIBRE FUTBOL RIVER Nº4 x1","categoria":"Cotillon","subcategoria":"Velas","precio":697.9,"destacado":false,"descripcion":"","imagen":"assets/products/CA-000000051255.webp","tags":["vela","numerote","blister","con","gibre","futbol","river","nº4"]},{"id":"CA-000000051256","nombre":"VELA NUMEROTE BLISTER CON GIBRE FUTBOL RIVER Nº5 x1","categoria":"Cotillon","subcategoria":"Velas","precio":697.9,"destacado":false,"descripcion":"","imagen":"assets/products/CA-000000051256.webp","tags":["vela","numerote","blister","con","gibre","futbol","river","nº5"]}]}