{"category_slug":"cotillon","subcategory_slug":"","page":17,"page_size":48,"total":4091,"items":[{"id":"CA-697210591014","nombre":"BLISTER VELA PINCHE CORAZON METALIZADO FELIZ CUMPLEAÑOS 10 cm x1 ILC267","categoria":"Cotillon","subcategoria":"Velas","precio":928.75,"destacado":false,"descripcion":"","imagen":"assets/products/CA-697210591014.webp","tags":["blister","vela","pinche","corazon","metalizado","feliz","cumpleaños","ilc267"]},{"id":"CA-805059109055","nombre":"BLISTER VELA PINCHE CORAZON/ESTRELLA COLORES SURTIDOS 6 cm x5 CL953-1/U24-055","categoria":"Cotillon","subcategoria":"Velas","precio":1119.3,"destacado":false,"descripcion":"","imagen":"assets/products/CA-805059109055.webp","tags":["blister","vela","pinche","corazon","estrella","colores","surtidos","cl953","u24","055"]},{"id":"CA-684531257956","nombre":"BLISTER VELA PINCHE CORAZON/ESTRELLA METALIZADO CALADO 10 cm x3","categoria":"Cotillon","subcategoria":"Velas","precio":663.39,"destacado":false,"descripcion":"","imagen":"assets/products/CA-684531257956.webp","tags":["blister","vela","pinche","corazon","estrella","metalizado","calado"]},{"id":"CA-202308988013","nombre":"BLISTER VELA PINCHE CORAZON/ESTRELLA METALIZADO CALADO DORADA X3u. ART. 89880DR","categoria":"Cotillon","subcategoria":"Velas","precio":693.23,"destacado":false,"descripcion":"","imagen":"assets/products/CA-202308988013.webp","tags":["blister","vela","pinche","corazon","estrella","metalizado","calado","dorada","x3u","art","89880dr"]},{"id":"CA-202308988023","nombre":"BLISTER VELA PINCHE CORAZON/ESTRELLA METALIZADO CALADO PLATEADO X3u. ART. 89880PL","categoria":"Cotillon","subcategoria":"Velas","precio":693.23,"destacado":false,"descripcion":"","imagen":"assets/products/CA-202308988023.webp","tags":["blister","vela","pinche","corazon","estrella","metalizado","calado","plateado","x3u","art","89880pl"]},{"id":"CA-202308988043","nombre":"BLISTER VELA PINCHE CORAZON/ESTRELLA METALIZADO CALADO ROJA X3u ART. 89880RJ","categoria":"Cotillon","subcategoria":"Velas","precio":693.23,"destacado":false,"descripcion":"","imagen":"assets/products/CA-202308988043.webp","tags":["blister","vela","pinche","corazon","estrella","metalizado","calado","roja","x3u","art","89880rj"]},{"id":"CA-202308988033","nombre":"BLISTER VELA PINCHE CORAZON/ESTRELLA METALIZADO CALADO ROSA GOLD X3u. ART. 89880RG","categoria":"Cotillon","subcategoria":"Velas","precio":693.23,"destacado":false,"descripcion":"","imagen":"assets/products/CA-202308988033.webp","tags":["blister","vela","pinche","corazon","estrella","metalizado","calado","rosa","gold","x3u","art","89880rg"]},{"id":"CA-695435231101","nombre":"BLISTER VELA PINCHE CORAZON/ESTRELLA/GLOBITO METALIZADA/GIBREADO 14 cm x4u","categoria":"Cotillon","subcategoria":"Velas","precio":876.41,"destacado":false,"descripcion":"* (09/12/2025)","imagen":"assets/products/CA-695435231101.webp","tags":["blister","vela","pinche","corazon","estrella","globito","metalizada","gibreado","x4u"]},{"id":"CA-691562840174","nombre":"BLISTER VELA PINCHE CORAZON/ESTRELLA/GLOBITO METALIZADO/GIBREADO14 cm x4","categoria":"Cotillon","subcategoria":"Velas","precio":876.41,"destacado":false,"descripcion":"* (09/12/2025)","imagen":"assets/products/CA-691562840174.webp","tags":["blister","vela","pinche","corazon","estrella","globito","metalizado","gibreado14"]},{"id":"CA-692572112353","nombre":"BLISTER VELA PINCHE CORONA ROSA GOLD 6 cm x5 YW19-363","categoria":"Cotillon","subcategoria":"Velas","precio":1035.18,"destacado":false,"descripcion":"","imagen":"assets/products/CA-692572112353.webp","tags":["blister","vela","pinche","corona","rosa","gold","yw19","363"]},{"id":"CA-978202410131","nombre":"BLISTER VELA PINCHE DEGRADE FORMAS  (ESTRELLA DIAMANTE NUBE CORAZON) 11 cm x1 BH137","categoria":"Cotillon","subcategoria":"Velas","precio":1365.0,"destacado":false,"descripcion":"","imagen":"assets/products/CA-978202410131.webp","tags":["blister","vela","pinche","degrade","formas","estrella","diamante","nube","corazon","bh137"]},{"id":"CA-697154315866","nombre":"BLISTER VELA PINCHE DEGRADE METALIZADA VARIOS COLORES 9 cm x6 YW19-310","categoria":"Cotillon","subcategoria":"Velas","precio":606.53,"destacado":false,"descripcion":"","imagen":"assets/products/CA-697154315866.webp","tags":["blister","vela","pinche","degrade","metalizada","varios","colores","yw19","310"]},{"id":"CA-203896000000","nombre":"BLISTER VELA PINCHE DINOSAURIO 5cm x1 203896","categoria":"Cotillon","subcategoria":"Velas","precio":844.16,"destacado":false,"descripcion":"","imagen":"assets/products/CA-203896000000.webp","tags":["blister","vela","pinche","dinosaurio","5cm","203896"]},{"id":"CA-203895000000","nombre":"BLISTER VELA PINCHE DINOSAURIO FELIZ CUMPLEAÑOS 7cm x1 203895","categoria":"Cotillon","subcategoria":"Velas","precio":1520.15,"destacado":false,"descripcion":"","imagen":"assets/products/CA-203895000000.webp","tags":["blister","vela","pinche","dinosaurio","feliz","cumpleaños","7cm","203895"]},{"id":"CA-203897000000","nombre":"BLISTER VELA PINCHE DINOSAURIO Y 6 VELITAS x1 203897","categoria":"Cotillon","subcategoria":"Velas","precio":1891.96,"destacado":false,"descripcion":"","imagen":"assets/products/CA-203897000000.webp","tags":["blister","vela","pinche","dinosaurio","velitas","203897"]},{"id":"CA-779813200897","nombre":"BLISTER VELA PINCHE ESTRELLA 14 cm x4 200897","categoria":"Cotillon","subcategoria":"Velas","precio":675.15,"destacado":false,"descripcion":"","imagen":"assets/products/CA-779813200897.webp","tags":["blister","vela","pinche","estrella","200897"]},{"id":"CA-697210041363","nombre":"BLISTER VELA PINCHE ESTRELLA GLOBO FELIZ CUMPLEÑOS VARIOS COLORES 12 cm x1 EZ755/U22-149","categoria":"Cotillon","subcategoria":"Velas","precio":1501.5,"destacado":false,"descripcion":"* (18/12/2025)","imagen":"assets/products/CA-697210041363.webp","tags":["blister","vela","pinche","estrella","globo","feliz","cumpleños","varios","colores","ez755","u22","149"]},{"id":"CA-668283896872","nombre":"BLISTER VELA PINCHE ESTRELLA PASTEL 5 cm x5 CL799-2/U24-369","categoria":"Cotillon","subcategoria":"Velas","precio":718.9,"destacado":false,"descripcion":"","imagen":"assets/products/CA-668283896872.webp","tags":["blister","vela","pinche","estrella","pastel","cl799","u24","369"]},{"id":"CA-779813203888","nombre":"BLISTER VELA PINCHE FELIZ CUMPLEAÑOS 6 cm x1 203888","categoria":"Cotillon","subcategoria":"Velas","precio":928.65,"destacado":false,"descripcion":"","imagen":"assets/products/CA-779813203888.webp","tags":["blister","vela","pinche","feliz","cumpleaños","203888"]},{"id":"CA-679749910399","nombre":"BLISTER VELA PINCHE FELIZ CUMPLEAÑOS DORADO 10 cm x1 DA0399-01","categoria":"Cotillon","subcategoria":"Velas","precio":1050.0,"destacado":false,"descripcion":"","imagen":"assets/products/CA-679749910399.webp","tags":["blister","vela","pinche","feliz","cumpleaños","dorado","da0399"]},{"id":"CA-698701385108","nombre":"BLISTER VELA PINCHE FELIZ CUMPLEAÑOS MARIPOSA METALIZADO VARIOS COLORES 12.5 cm x1 HH1385-108","categoria":"Cotillon","subcategoria":"Velas","precio":1732.54,"destacado":false,"descripcion":"","imagen":"assets/products/CA-698701385108.webp","tags":["blister","vela","pinche","feliz","cumpleaños","mariposa","metalizado","varios","colores","hh1385","108"]},{"id":"CA-697210595013","nombre":"BLISTER VELA PINCHE FELIZ CUMPLEAÑOS METALIZADO 10 cm x1 ILC265","categoria":"Cotillon","subcategoria":"Velas","precio":1050.0,"destacado":false,"descripcion":"","imagen":"assets/products/CA-697210595013.webp","tags":["blister","vela","pinche","feliz","cumpleaños","metalizado","ilc265"]},{"id":"CA-679749900399","nombre":"BLISTER VELA PINCHE FELIZ CUMPLEAÑOS PLATA 10 cm x1 DA0399-02","categoria":"Cotillon","subcategoria":"Velas","precio":1050.0,"destacado":false,"descripcion":"","imagen":"assets/products/CA-679749900399.webp","tags":["blister","vela","pinche","feliz","cumpleaños","plata","da0399"]},{"id":"CA-203898000000","nombre":"BLISTER VELA PINCHE FUTBOL 5 PIEZAS x1 203898","categoria":"Cotillon","subcategoria":"Velas","precio":1494.81,"destacado":false,"descripcion":"","imagen":"assets/products/CA-203898000000.webp","tags":["blister","vela","pinche","futbol","piezas","203898"]},{"id":"CA-000000052043","nombre":"BLISTER VELA PINCHE GLOBOS 14 cm x4 200897","categoria":"Cotillon","subcategoria":"Velas","precio":675.15,"destacado":false,"descripcion":"","imagen":"assets/products/CA-000000052043.webp","tags":["blister","vela","pinche","globos","200897"]},{"id":"CA-541497891908","nombre":"BLISTER VELA PINCHE HAPPY ESTRELLA PASTEL 15 cm x4 PA0908-03","categoria":"Cotillon","subcategoria":"Velas","precio":1257.44,"destacado":false,"descripcion":"","imagen":"assets/products/CA-541497891908.webp","tags":["blister","vela","pinche","happy","estrella","pastel","pa0908"]},{"id":"CA-698620240701","nombre":"BLISTER VELA PINCHE METALIZADA COLA DE SIRENA SURTIDAS 11 cm x1 U24-0815","categoria":"Cotillon","subcategoria":"Velas","precio":1001.0,"destacado":false,"descripcion":"","imagen":"assets/products/CA-698620240701.webp","tags":["blister","vela","pinche","metalizada","cola","sirena","surtidas","u24","0815"]},{"id":"CA-798617112389","nombre":"BLISTER VELA PINCHE METALIZADA/FLUO 7.5 cm x10","categoria":"Cotillon","subcategoria":"Velas","precio":341.17,"destacado":false,"descripcion":"","imagen":"assets/products/CA-798617112389.webp","tags":["blister","vela","pinche","metalizada","fluo","x10"]},{"id":"CA-779813203886","nombre":"BLISTER VELA PINCHE PELOTA DE FUTBOL 13 cm x4 203886","categoria":"Cotillon","subcategoria":"Velas","precio":1891.96,"destacado":false,"descripcion":"","imagen":"assets/products/CA-779813203886.webp","tags":["blister","vela","pinche","pelota","futbol","203886"]},{"id":"CA-779908803212","nombre":"BLISTER VELA PINCHE PELOTAS DE FUTBOL 6 cm x5 VS03","categoria":"Cotillon","subcategoria":"Velas","precio":1678.25,"destacado":false,"descripcion":"","imagen":"assets/products/CA-779908803212.webp","tags":["blister","vela","pinche","pelotas","futbol","vs03"]},{"id":"CA-203879000000","nombre":"BLISTER VELA PINCHE UNICORNIO 3 PIEZAS x1 203879","categoria":"Cotillon","subcategoria":"Velas","precio":1942.66,"destacado":false,"descripcion":"","imagen":"assets/products/CA-203879000000.webp","tags":["blister","vela","pinche","unicornio","piezas","203879"]},{"id":"CA-203876000000","nombre":"BLISTER VELA PINCHE UNICORNIO 6cm x1 203876","categoria":"Cotillon","subcategoria":"Velas","precio":1308.91,"destacado":false,"descripcion":"","imagen":"assets/products/CA-203876000000.webp","tags":["blister","vela","pinche","unicornio","6cm","203876"]},{"id":"CA-779814797565","nombre":"BLISTER VELA RAYADA CON PORTAVELA AZUL/CELESTE 6 cm x24 VTR6B","categoria":"Cotillon","subcategoria":"Velas","precio":911.05,"destacado":false,"descripcion":"","imagen":"assets/products/CA-779814797565.webp","tags":["blister","vela","rayada","con","portavela","azul","celeste","x24","vtr6b"]},{"id":"CA-779814797563","nombre":"BLISTER VELA RAYADA CON PORTAVELA BLANCA 6 cm x24 VTR6BL","categoria":"Cotillon","subcategoria":"Velas","precio":911.05,"destacado":false,"descripcion":"","imagen":"assets/products/CA-779814797563.webp","tags":["blister","vela","rayada","con","portavela","blanca","x24","vtr6bl"]},{"id":"CA-779814797558","nombre":"BLISTER VELA RAYADA CON PORTAVELA MULTICOLOR 6 cm x24 VTR6MU","categoria":"Cotillon","subcategoria":"Velas","precio":911.05,"destacado":false,"descripcion":"","imagen":"assets/products/CA-779814797558.webp","tags":["blister","vela","rayada","con","portavela","multicolor","x24","vtr6mu"]},{"id":"CA-779814797564","nombre":"BLISTER VELA RAYADA CON PORTAVELA ROSA/FUCSIA 6 cm x24 VTR6G","categoria":"Cotillon","subcategoria":"Velas","precio":911.05,"destacado":false,"descripcion":"","imagen":"assets/products/CA-779814797564.webp","tags":["blister","vela","rayada","con","portavela","rosa","fucsia","x24","vtr6g"]},{"id":"CA-779814797944","nombre":"BLISTER VELA RAYADA MAGICA MULTICOLOR CON PORTAVELA 6 cm X 10 VMMU","categoria":"Cotillon","subcategoria":"Velas","precio":719.25,"destacado":false,"descripcion":"","imagen":"assets/products/CA-779814797944.webp","tags":["blister","vela","rayada","magica","multicolor","con","portavela","vmmu"]},{"id":"CA-779908803214","nombre":"BLISTER VELA SET BOTINES Y PELOTAS DE FUTBOL 6cm x5 VS12","categoria":"Cotillon","subcategoria":"Velas","precio":1726.2,"destacado":false,"descripcion":"","imagen":"assets/products/CA-779908803214.webp","tags":["blister","vela","set","botines","pelotas","futbol","6cm","vs12"]},{"id":"CA-779814797556","nombre":"BLISTER VELA TORNEADA CON PORTAVELA BOCA 6cm x24 VT6BO","categoria":"Cotillon","subcategoria":"Velas","precio":863.1,"destacado":false,"descripcion":"","imagen":"assets/products/CA-779814797556.webp","tags":["blister","vela","torneada","con","portavela","boca","6cm","x24","vt6bo"]},{"id":"CA-779814797557","nombre":"BLISTER VELA TORNEADA CON PORTAVELA RIVER 6cm x24 VT6RI","categoria":"Cotillon","subcategoria":"Velas","precio":863.1,"destacado":false,"descripcion":"","imagen":"assets/products/CA-779814797557.webp","tags":["blister","vela","torneada","con","portavela","river","6cm","x24","vt6ri"]},{"id":"CA-779813200896","nombre":"BLISTER VELA TORNEADA FLUO 14cm x12 200896","categoria":"Cotillon","subcategoria":"Velas","precio":776.55,"destacado":false,"descripcion":"","imagen":"assets/products/CA-779813200896.webp","tags":["blister","vela","torneada","fluo","14cm","x12","200896"]},{"id":"CA-696526621536","nombre":"BLISTER VELA TORNEADA METALIZADA CON PORTAVELA 12cm x6","categoria":"Cotillon","subcategoria":"Velas","precio":561.33,"destacado":false,"descripcion":"","imagen":"assets/products/CA-696526621536.webp","tags":["blister","vela","torneada","metalizada","con","portavela","12cm"]},{"id":"CA-798617112381","nombre":"BLISTER VELA TORNEADA METALIZADA CON PORTAVELA VARIOS COLORES 13cm  x10 ILC246","categoria":"Cotillon","subcategoria":"Velas","precio":1081.49,"destacado":false,"descripcion":"","imagen":"assets/products/CA-798617112381.webp","tags":["blister","vela","torneada","metalizada","con","portavela","varios","colores","13cm","x10","ilc246"]},{"id":"CA-698617112312","nombre":"BLISTER VELA TORNEADA METALIZADA CON PORTAVELA VARIOS COLORES 13cm x10 ILC246","categoria":"Cotillon","subcategoria":"Velas","precio":1081.49,"destacado":false,"descripcion":"","imagen":"assets/products/CA-698617112312.webp","tags":["blister","vela","torneada","metalizada","con","portavela","varios","colores","13cm","x10","ilc246"]},{"id":"CA-697210595112","nombre":"BLISTER VELA TORNEADA MULTICOLOR PASTEL 10cm x6 GR400-18","categoria":"Cotillon","subcategoria":"Velas","precio":846.57,"destacado":false,"descripcion":"","imagen":"assets/products/CA-697210595112.webp","tags":["blister","vela","torneada","multicolor","pastel","10cm","gr400"]},{"id":"CA-695535010252","nombre":"BLISTER VELAS FINITAS PERLADAS CON PORTAVELA VERDE 13CM x6 JB1025","categoria":"Cotillon","subcategoria":"Velas","precio":802.62,"destacado":false,"descripcion":"","imagen":"assets/products/CA-695535010252.webp","tags":["blister","velas","finitas","perladas","con","portavela","verde","13cm","jb1025"]},{"id":"CA-202560000014","nombre":"BLISTER YO-YO CARITAS SURTIDOS 20 pcs X1 FP0014","categoria":"Cotillon","subcategoria":"Miniaturas / Juguetitos / Regalitos","precio":2831.22,"destacado":false,"descripcion":"","imagen":"assets/products/CA-202560000014.webp","tags":["blister","caritas","surtidos","pcs","fp0014"]},{"id":"CA-692024123155","nombre":"BLOCK PAPEL MAGICO CON LAPIZ x1 VARIOS MODELOS 14x19cm U2411-437","categoria":"Cotillon","subcategoria":"Miniaturas / Juguetitos / Regalitos","precio":3822.0,"destacado":false,"descripcion":"","imagen":"assets/products/CA-692024123155.webp","tags":["block","papel","magico","con","lapiz","varios","modelos","14x19cm","u2411","437"]}]}