{"category_slug":"cotillon","subcategory_slug":"","page":1,"page_size":48,"total":4091,"items":[{"id":"CA-202580001235","nombre":"ABANICO BLANCO ESTAMPA PLATA x12 FP1235","categoria":"Cotillon","subcategoria":"Accesorios Y Sets Para Disfraces / Tutu","precio":12305.73,"destacado":false,"descripcion":"","imagen":"assets/products/CA-202580001235.webp","tags":["abanico","blanco","estampa","plata","x12","fp1235"]},{"id":"CA-779908805830","nombre":"ABANICO CON PLUMAS MIS 15 BLANCO x1 ABA07","categoria":"Cotillon","subcategoria":"Accesorios Y Sets Para Disfraces / Tutu","precio":13330.1,"destacado":false,"descripcion":"","imagen":"assets/products/CA-779908805830.webp","tags":["abanico","con","plumas","mis","blanco","aba07"]},{"id":"CA-779908805831","nombre":"ABANICO CON PLUMAS MIS 15 ROSA x1 ABA08","categoria":"Cotillon","subcategoria":"Accesorios Y Sets Para Disfraces / Tutu","precio":13330.1,"destacado":false,"descripcion":"","imagen":"assets/products/CA-779908805831.webp","tags":["abanico","con","plumas","mis","rosa","aba08"]},{"id":"CA-202580010549","nombre":"ABANICO DE PLUMAS FRASE BRIDE  x1 DC549-01","categoria":"Cotillon","subcategoria":"Alas Y Set De Alas","precio":7708.25,"destacado":false,"descripcion":"","imagen":"assets/products/CA-202580010549.webp","tags":["abanico","plumas","frase","bride","dc549"]},{"id":"CA-202580020549","nombre":"ABANICO DE PLUMAS FRASE SEXY  x1 DC549-02","categoria":"Cotillon","subcategoria":"Alas Y Set De Alas","precio":7708.25,"destacado":false,"descripcion":"","imagen":"assets/products/CA-202580020549.webp","tags":["abanico","plumas","frase","sexy","dc549"]},{"id":"CA-202569900840","nombre":"ABANICO DE TELA COLORES SURTIDOS x12 DC840-01","categoria":"Cotillon","subcategoria":"Accesorios Y Sets Para Disfraces / Tutu","precio":10636.92,"destacado":false,"descripcion":"","imagen":"assets/products/CA-202569900840.webp","tags":["abanico","tela","colores","surtidos","x12","dc840"]},{"id":"CA-779908804884","nombre":"ABRILLANTADOR AEROSOL GLOBBY SHINE PARA GLOBOS x1 GLSHINE  PS","categoria":"Cotillon","subcategoria":"Accesorios Para Globos","precio":3308.55,"destacado":false,"descripcion":"","imagen":"assets/products/CA-779908804884.webp","tags":["abrillantador","aerosol","globby","shine","para","globos","glshine"]},{"id":"CA-779827381655","nombre":"ADHESIVO ARTISTICO MASTIC x13 gr. x1 776-0001","categoria":"Cotillon","subcategoria":"Maquillaje / Adhesivo Artistico","precio":3027.78,"destacado":false,"descripcion":"","imagen":"assets/products/CA-779827381655.webp","tags":["adhesivo","artistico","mastic","x13","776","0001"]},{"id":"CA-000000030726","nombre":"ADORNO CON BRILLO GORRO EGRESADOS x1 DESTELLOS","categoria":"Cotillon","subcategoria":"Festejos Egresados/Upd","precio":1820.0,"destacado":false,"descripcion":"","imagen":"assets/products/CA-000000030726.webp","tags":["adorno","con","brillo","gorro","egresados","destellos"]},{"id":"CA-202560000230","nombre":"ADORNO CORONA REINA CON GEMAS VARIOS COLORES x6u FP0230","categoria":"Cotillon","subcategoria":"Coronas / Tiaras / Cetros / Varitas","precio":13600.44,"destacado":false,"descripcion":"","imagen":"assets/products/CA-202560000230.webp","tags":["adorno","corona","reina","con","gemas","varios","colores","x6u","fp0230"]},{"id":"CA-779227300131","nombre":"ADORNO DIA DE LOS ENAMORADOS COLGANTE ESPIRAL CORAZON ROJO 131x2u.RONDINELLA","categoria":"Cotillon","subcategoria":"Banderines/Cortinas/Afiches/Colgantes","precio":500.49,"destacado":false,"descripcion":"","imagen":"assets/products/CA-779227300131.webp","tags":["adorno","dia","los","enamorados","colgante","espiral","corazon","rojo","131x2u","rondinella"]},{"id":"CA-000000043545","nombre":"AFICHE FELICES PASCUAS HUEVO DE PASCUA CON OREJAS x1 CLEMENTINA","categoria":"Cotillon","subcategoria":"Banderines/Cortinas/Afiches/Colgantes","precio":1526.0,"destacado":false,"descripcion":"","imagen":"assets/products/CA-000000043545.webp","tags":["afiche","felices","pascuas","huevo","pascua","con","orejas","clementina"]},{"id":"CA-202580000273","nombre":"ALA ABEJITA X1 FP273-02","categoria":"Cotillon","subcategoria":"Alas Y Set De Alas","precio":2054.0,"destacado":false,"descripcion":"","imagen":"assets/products/CA-202580000273.webp","tags":["ala","abejita","fp273"]},{"id":"CA-759636265964","nombre":"ALA MARIPOSA ROBOT TORNASOL CON LUZ LED/MOVIMIENTO/MUSICA  x1 HS500","categoria":"Cotillon","subcategoria":"Alas Y Set De Alas","precio":31458.0,"destacado":false,"descripcion":"","imagen":"assets/products/CA-759636265964.webp","tags":["ala","mariposa","robot","tornasol","con","luz","led","movimiento","musica","hs500"]},{"id":"CA-202580010273","nombre":"ALA VAQUITA SAN ANTONIO X1 FP273-01","categoria":"Cotillon","subcategoria":"Alas Y Set De Alas","precio":2054.0,"destacado":false,"descripcion":"","imagen":"assets/products/CA-202580010273.webp","tags":["ala","vaquita","san","antonio","fp273"]},{"id":"CA-772099911461","nombre":"ALAS ANGEL BLANCA CON BRILLO  x1 LB461","categoria":"Cotillon","subcategoria":"Alas Y Set De Alas","precio":1852.2,"destacado":false,"descripcion":"","imagen":"assets/products/CA-772099911461.webp","tags":["alas","angel","blanca","con","brillo","lb461"]},{"id":"CA-697872014197","nombre":"ALAS ANGEL BLANCA CON PLUMA Y  BRILLO x1  MM38-13B","categoria":"Cotillon","subcategoria":"Alas Y Set De Alas","precio":4367.94,"destacado":false,"descripcion":"","imagen":"assets/products/CA-697872014197.webp","tags":["alas","angel","blanca","con","pluma","brillo","mm38","13b"]},{"id":"CA-692018040801","nombre":"ALAS ANGEL CHICA BLANCA CON PLUMAS x1  MM38-15B","categoria":"Cotillon","subcategoria":"Alas Y Set De Alas","precio":4181.91,"destacado":false,"descripcion":"","imagen":"assets/products/CA-692018040801.webp","tags":["alas","angel","chica","blanca","con","plumas","mm38","15b"]},{"id":"CA-772099911462","nombre":"ALAS ANGEL NEGRA CON BRILLO  x1 LB462","categoria":"Cotillon","subcategoria":"Alas Y Set De Alas","precio":1852.2,"destacado":false,"descripcion":"","imagen":"assets/products/CA-772099911462.webp","tags":["alas","angel","negra","con","brillo","lb462"]},{"id":"CA-779908804149","nombre":"ALAS DE HADA TINKERBELL x1 AC656  PS","categoria":"Cotillon","subcategoria":"Alas Y Set De Alas","precio":1870.05,"destacado":false,"descripcion":"","imagen":"assets/products/CA-779908804149.webp","tags":["alas","hada","tinkerbell","ac656"]},{"id":"CA-520155707121","nombre":"ALAS MARIPOSA  BRILLO/LENTEJUELA Y TULL x1 A121 (Varios colores)","categoria":"Cotillon","subcategoria":"Alas Y Set De Alas","precio":3846.32,"destacado":false,"descripcion":"","imagen":"assets/products/CA-520155707121.webp","tags":["alas","mariposa","brillo","lentejuela","tull","a121","varios","colores"]},{"id":"CA-202580000869","nombre":"ALAS MARIPOSA TULL CON LUZ VARIOS MODELOS  x1 FP869","categoria":"Cotillon","subcategoria":"Alas Y Set De Alas","precio":5778.0,"destacado":false,"descripcion":"","imagen":"assets/products/CA-202580000869.webp","tags":["alas","mariposa","tull","con","luz","varios","modelos","fp869"]},{"id":"CA-202560000019","nombre":"ANILLO ALHAJERO  FORMA CORAZON 24pcs x1 FP0019","categoria":"Cotillon","subcategoria":"Miniaturas / Juguetitos / Regalitos","precio":16277.31,"destacado":false,"descripcion":"","imagen":"assets/products/CA-202560000019.webp","tags":["anillo","alhajero","forma","corazon","24pcs","fp0019"]},{"id":"CA-779812557260","nombre":"ANILLO BRILLO Y DIAMANTE ROTTI x36","categoria":"Cotillon","subcategoria":"Miniaturas / Juguetitos / Regalitos","precio":916.72,"destacado":false,"descripcion":"","imagen":"assets/products/CA-779812557260.webp","tags":["anillo","brillo","diamante","rotti","x36"]},{"id":"CA-000000007153","nombre":"ANILLO CON BRILLO STASIO x36u. 7153","categoria":"Cotillon","subcategoria":"Miniaturas / Juguetitos / Regalitos","precio":1604.42,"destacado":false,"descripcion":"","imagen":"assets/products/CA-000000007153.webp","tags":["anillo","con","brillo","stasio","x36u","7153"]},{"id":"CA-202560201209","nombre":"ANILLO FLORES MULTICOLOR ACRILICO 36pcs x1 FP1209-02","categoria":"Cotillon","subcategoria":"Miniaturas / Juguetitos / Regalitos","precio":7430.85,"destacado":false,"descripcion":"","imagen":"assets/products/CA-202560201209.webp","tags":["anillo","flores","multicolor","acrilico","36pcs","fp1209"]},{"id":"CA-000001007151","nombre":"ANILLO FLUO STASIO x36u. 7151","categoria":"Cotillon","subcategoria":"Miniaturas / Juguetitos / Regalitos","precio":1541.47,"destacado":false,"descripcion":"","imagen":"assets/products/CA-000001007151.webp","tags":["anillo","fluo","stasio","x36u","7151"]},{"id":"CA-779812617130","nombre":"ANILLO MULTICOLOR  PIERROTx36","categoria":"Cotillon","subcategoria":"Miniaturas / Juguetitos / Regalitos","precio":884.25,"destacado":false,"descripcion":"","imagen":"assets/products/CA-779812617130.webp","tags":["anillo","multicolor","pierrotx36"]},{"id":"CA-202560001209","nombre":"ANILLO VARIOS MODELOS TORNASOL 36pcs x1 FP1209-01","categoria":"Cotillon","subcategoria":"Miniaturas / Juguetitos / Regalitos","precio":7430.85,"destacado":false,"descripcion":"","imagen":"assets/products/CA-202560001209.webp","tags":["anillo","varios","modelos","tornasol","36pcs","fp1209"]},{"id":"CA-000000008192","nombre":"ANIMALITOS ZOO PATRIMAR x12","categoria":"Cotillon","subcategoria":"Miniaturas / Juguetitos / Regalitos","precio":552.7,"destacado":false,"descripcion":"","imagen":"assets/products/CA-000000008192.webp","tags":["animalitos","zoo","patrimar","x12"]},{"id":"CA-779343600108","nombre":"ANOTADOR UNICORNIO 3D CON BOLIGRAGO VARIOS DISEÑOS x12 600108","categoria":"Cotillon","subcategoria":"Miniaturas / Juguetitos / Regalitos","precio":7087.93,"destacado":false,"descripcion":"","imagen":"assets/products/CA-779343600108.webp","tags":["anotador","unicornio","con","boligrago","varios","diseños","x12","600108"]},{"id":"CA-202598000663","nombre":"ANTIFAZ VENECIANO TEXTURADO METAL  x12 DC663","categoria":"Cotillon","subcategoria":"Accesorios Y Sets Para Disfraces / Tutu","precio":7473.6,"destacado":false,"descripcion":"","imagen":"assets/products/CA-202598000663.webp","tags":["antifaz","veneciano","texturado","metal","x12","dc663"]},{"id":"CA-000000026346","nombre":"APLIQUE GOMA EVA ABECEDARIO SURTIDO MEDIANO x45  NISSI","categoria":"Cotillon","subcategoria":"Didacticos","precio":1109.7,"destacado":false,"descripcion":"","imagen":"assets/products/CA-000000026346.webp","tags":["aplique","goma","eva","abecedario","surtido","mediano","x45","nissi"]},{"id":"CA-000000057042","nombre":"APLIQUE MARGARITA 3D CON ADHESIVO x10u","categoria":"Cotillon","subcategoria":"Linea Varios Economico","precio":2100.0,"destacado":false,"descripcion":"","imagen":"assets/products/CA-000000057042.webp","tags":["aplique","margarita","con","adhesivo","x10u"]},{"id":"CA-679749900066","nombre":"ARCO DE MESA PARA GLOBO x1 DA0066","categoria":"Cotillon","subcategoria":"Accesorios Para Globos","precio":8284.38,"destacado":false,"descripcion":"","imagen":"assets/products/CA-679749900066.webp","tags":["arco","mesa","para","globo","da0066"]},{"id":"CA-202560000003","nombre":"ARCO Y FLECHA FLUO 20 pcs X1 FP0003","categoria":"Cotillon","subcategoria":"Miniaturas / Juguetitos / Regalitos","precio":2831.22,"destacado":false,"descripcion":"","imagen":"assets/products/CA-202560000003.webp","tags":["arco","flecha","fluo","pcs","fp0003"]},{"id":"CA-000000007038","nombre":"ARCOS CON RED STASIO x12u. 7038","categoria":"Cotillon","subcategoria":"Miniaturas / Juguetitos / Regalitos","precio":2493.92,"destacado":false,"descripcion":"","imagen":"assets/products/CA-000000007038.webp","tags":["arcos","con","red","stasio","x12u","7038"]},{"id":"CA-000000007047","nombre":"ARMAS GRANDES STASIO x12u. 7047","categoria":"Cotillon","subcategoria":"Miniaturas / Juguetitos / Regalitos","precio":870.2,"destacado":false,"descripcion":"","imagen":"assets/products/CA-000000007047.webp","tags":["armas","grandes","stasio","x12u","7047"]},{"id":"CA-000003009507","nombre":"AROS HULA-HULA CHICO FLUO STASIO 45cm aprox. x10u.","categoria":"Cotillon","subcategoria":"Complementos Para Fiestas","precio":16080.93,"destacado":false,"descripcion":"","imagen":"assets/products/CA-000003009507.webp","tags":["aros","hula","hula","chico","fluo","stasio","45cm","aprox","x10u"]},{"id":"CA-000003009505","nombre":"AROS HULA-HULA GRANDE FLUO STASIO 65cm aprox. x10u.","categoria":"Cotillon","subcategoria":"Complementos Para Fiestas","precio":21608.78,"destacado":false,"descripcion":"","imagen":"assets/products/CA-000003009505.webp","tags":["aros","hula","hula","grande","fluo","stasio","65cm","aprox","x10u"]},{"id":"CA-000000015000","nombre":"ARTICULO DE OFERTA","categoria":"Cotillon","subcategoria":"Linea Varios Economico","precio":161070.18,"destacado":false,"descripcion":"","imagen":"assets/products/CA-000000015000.webp","tags":["articulo","oferta"]},{"id":"CA-000000000004","nombre":"ARTICULO DE OFERTA.","categoria":"Cotillon","subcategoria":"Linea Varios Economico","precio":31.3,"destacado":false,"descripcion":"","imagen":"assets/products/CA-000000000004.webp","tags":["articulo","oferta"]},{"id":"CA-000000060000","nombre":"ARTICULO DE OFERTA..","categoria":"Cotillon","subcategoria":"Linea Varios Economico","precio":1.0,"destacado":false,"descripcion":"","imagen":"assets/products/CA-000000060000.webp","tags":["articulo","oferta"]},{"id":"CA-000000048498","nombre":"ARTICULOS VARIOS DE COTILLON","categoria":"Cotillon","subcategoria":"Linea Varios Economico","precio":109769.61,"destacado":false,"descripcion":"","imagen":"assets/products/CA-000000048498.webp","tags":["articulos","varios","cotillon"]},{"id":"CA-779908800011","nombre":"AUREOLA DE ANGEL BLANCA DELUXE x1 AC174","categoria":"Cotillon","subcategoria":"Accesorios Y Sets Para Disfraces / Tutu","precio":1198.75,"destacado":false,"descripcion":"","imagen":"assets/products/CA-779908800011.webp","tags":["aureola","angel","blanca","deluxe","ac174"]},{"id":"CA-797398831036","nombre":"AUREOLA DE ANGEL BLANCA DELUXE x1 AE036","categoria":"Cotillon","subcategoria":"Accesorios Y Sets Para Disfraces / Tutu","precio":1243.81,"destacado":false,"descripcion":"","imagen":"assets/products/CA-797398831036.webp","tags":["aureola","angel","blanca","deluxe","ae036"]},{"id":"CA-779908800010","nombre":"AUREOLA DE ANGEL NEGRA DELUXE x1 AC173 PS","categoria":"Cotillon","subcategoria":"Accesorios Y Sets Para Disfraces / Tutu","precio":1198.75,"destacado":false,"descripcion":"","imagen":"assets/products/CA-779908800010.webp","tags":["aureola","angel","negra","deluxe","ac173"]},{"id":"CA-000000007073","nombre":"AUTO 7 MODELOS STASIO x12u.  7073","categoria":"Cotillon","subcategoria":"Miniaturas / Juguetitos / Regalitos","precio":805.17,"destacado":false,"descripcion":"","imagen":"assets/products/CA-000000007073.webp","tags":["auto","modelos","stasio","x12u","7073"]}]}