{"category_slug":"descartables","subcategory_slug":"blondas_de_papel","page":1,"page_size":48,"total":51,"items":[{"id":"CA-000041000010","nombre":"BLONDA CORAZON BLANCA 10 CMx100 BBBC10 PACOLON","categoria":"Descartables","subcategoria":"Blondas De Papel","precio":807.55,"destacado":false,"descripcion":"","imagen":"assets/products/CA-000041000010.webp","tags":["blonda","corazon","blanca","cmx100","bbbc10","pacolon"]},{"id":"CA-000191000010","nombre":"BLONDA CORAZON COLOR AMARILLO 10 CM x100 BBCCA10 PACOLON","categoria":"Descartables","subcategoria":"Blondas De Papel","precio":916.51,"destacado":false,"descripcion":"","imagen":"assets/products/CA-000191000010.webp","tags":["blonda","corazon","color","amarillo","x100","bbcca10","pacolon"]},{"id":"CA-000181000010","nombre":"BLONDA CORAZON COLOR CELESTE 10 CM x100 BBCCC10 PACOLON","categoria":"Descartables","subcategoria":"Blondas De Papel","precio":916.51,"destacado":false,"descripcion":"","imagen":"assets/products/CA-000181000010.webp","tags":["blonda","corazon","color","celeste","x100","bbccc10","pacolon"]},{"id":"CA-000111000010","nombre":"BLONDA CORAZON COLOR ROSA 10 CM x100 BBCCR10 PACOLON","categoria":"Descartables","subcategoria":"Blondas De Papel","precio":916.51,"destacado":false,"descripcion":"","imagen":"assets/products/CA-000111000010.webp","tags":["blonda","corazon","color","rosa","x100","bbccr10","pacolon"]},{"id":"CA-000061000010","nombre":"BLONDA CORAZON DORADA 10 CM x100 BBOC10 PACOLON","categoria":"Descartables","subcategoria":"Blondas De Papel","precio":2607.13,"destacado":false,"descripcion":"","imagen":"assets/products/CA-000061000010.webp","tags":["blonda","corazon","dorada","x100","bboc10","pacolon"]},{"id":"CA-000101000010","nombre":"BLONDA CORAZON KRAFT 10 CMx100 BBECC10 PACOLON","categoria":"Descartables","subcategoria":"Blondas De Papel","precio":976.38,"destacado":false,"descripcion":"","imagen":"assets/products/CA-000101000010.webp","tags":["blonda","corazon","kraft","cmx100","bbecc10","pacolon"]},{"id":"CA-000071000010","nombre":"BLONDA CORAZON PLATEADA 10 CMx100 BBPC10 PACOLON","categoria":"Descartables","subcategoria":"Blondas De Papel","precio":2389.89,"destacado":false,"descripcion":"","imagen":"assets/products/CA-000071000010.webp","tags":["blonda","corazon","plateada","cmx100","bbpc10","pacolon"]},{"id":"CA-000311001313","nombre":"BLONDA CUADRADA BLANCA 13x13 CM x100 BCUA13 PACOLON","categoria":"Descartables","subcategoria":"Blondas De Papel","precio":1225.7,"destacado":false,"descripcion":"","imagen":"assets/products/CA-000311001313.webp","tags":["blonda","cuadrada","blanca","13x13","x100","bcua13","pacolon"]},{"id":"CA-000421000909","nombre":"BLONDA CUADRADA BLANCA 9x9 CM x100 BCUA9 PACOLON","categoria":"Descartables","subcategoria":"Blondas De Papel","precio":598.5,"destacado":false,"descripcion":"","imagen":"assets/products/CA-000421000909.webp","tags":["blonda","cuadrada","blanca","9x9","x100","bcua9","pacolon"]},{"id":"CA-000411000909","nombre":"BLONDA CUADRADA COLOR AMARILLO 9x9 CM x100 BCUA9A PACOLON","categoria":"Descartables","subcategoria":"Blondas De Papel","precio":696.05,"destacado":false,"descripcion":"","imagen":"assets/products/CA-000411000909.webp","tags":["blonda","cuadrada","color","amarillo","9x9","x100","bcua9a","pacolon"]},{"id":"CA-000401000909","nombre":"BLONDA CUADRADA COLOR CELESTE 9x9 CM x100 BCUA9C PACOLON","categoria":"Descartables","subcategoria":"Blondas De Papel","precio":696.05,"destacado":false,"descripcion":"","imagen":"assets/products/CA-000401000909.webp","tags":["blonda","cuadrada","color","celeste","9x9","x100","bcua9c","pacolon"]},{"id":"CA-000381000909","nombre":"BLONDA CUADRADA COLOR ROSA 9x9 CM x100 BCUA9R PACOLON","categoria":"Descartables","subcategoria":"Blondas De Papel","precio":696.05,"destacado":false,"descripcion":"","imagen":"assets/products/CA-000381000909.webp","tags":["blonda","cuadrada","color","rosa","9x9","x100","bcua9r","pacolon"]},{"id":"CA-000391000909","nombre":"BLONDA CUADRADA COLOR VERDE AGUA 9x9 CM x100 BCUA9V PACOLON","categoria":"Descartables","subcategoria":"Blondas De Papel","precio":696.05,"destacado":false,"descripcion":"","imagen":"assets/products/CA-000391000909.webp","tags":["blonda","cuadrada","color","verde","agua","9x9","x100","bcua9v","pacolon"]},{"id":"CA-000431000909","nombre":"BLONDA CUADRADA DORADA 9x9 CM x100 BCUA9D PACOLON","categoria":"Descartables","subcategoria":"Blondas De Papel","precio":2605.93,"destacado":false,"descripcion":"","imagen":"assets/products/CA-000431000909.webp","tags":["blonda","cuadrada","dorada","9x9","x100","bcua9d","pacolon"]},{"id":"CA-000441000909","nombre":"BLONDA CUADRADA PLATEADA 9x9 CM x100 BCUA9P PACOLON","categoria":"Descartables","subcategoria":"Blondas De Papel","precio":2397.74,"destacado":false,"descripcion":"","imagen":"assets/products/CA-000441000909.webp","tags":["blonda","cuadrada","plateada","9x9","x100","bcua9p","pacolon"]},{"id":"CA-000011001825","nombre":"BLONDA RECTANGULAR BLANCA 18x25 CM x100 (1/2) BBB1825 PACOLON","categoria":"Descartables","subcategoria":"Blondas De Papel","precio":2537.34,"destacado":false,"descripcion":"","imagen":"assets/products/CA-000011001825.webp","tags":["blonda","rectangular","blanca","18x25","x100","bbb1825","pacolon"]},{"id":"CA-000011002127","nombre":"BLONDA RECTANGULAR BLANCA 21x27 CM x100 (1k) BBB2127 PACOLON","categoria":"Descartables","subcategoria":"Blondas De Papel","precio":2978.12,"destacado":false,"descripcion":"","imagen":"assets/products/CA-000011002127.webp","tags":["blonda","rectangular","blanca","21x27","x100","bbb2127","pacolon"]},{"id":"CA-000011002632","nombre":"BLONDA RECTANGULAR BLANCA 26x32 CM x100 (2K) BBBR2632 PACOLON","categoria":"Descartables","subcategoria":"Blondas De Papel","precio":3992.86,"destacado":false,"descripcion":"","imagen":"assets/products/CA-000011002632.webp","tags":["blonda","rectangular","blanca","26x32","x100","bbbr2632","pacolon"]},{"id":"CA-000011003137","nombre":"BLONDA RECTANGULAR BLANCA 31x37 CM x100  BBBR3137 PACOLON","categoria":"Descartables","subcategoria":"Blondas De Papel","precio":4618.98,"destacado":false,"descripcion":"","imagen":"assets/products/CA-000011003137.webp","tags":["blonda","rectangular","blanca","31x37","x100","bbbr3137","pacolon"]},{"id":"CA-000011003545","nombre":"BLONDA RECTANGULAR BLANCA 35x45 x100 BBBR3545 PACOLON","categoria":"Descartables","subcategoria":"Blondas De Papel","precio":6043.68,"destacado":false,"descripcion":"","imagen":"assets/products/CA-000011003545.webp","tags":["blonda","rectangular","blanca","35x45","x100","bbbr3545","pacolon"]},{"id":"CA-000011004050","nombre":"BLONDA RECTANGULAR BLANCA 40x50 CM x100 BBB4050 PACOLON","categoria":"Descartables","subcategoria":"Blondas De Papel","precio":6855.89,"destacado":false,"descripcion":"","imagen":"assets/products/CA-000011004050.webp","tags":["blonda","rectangular","blanca","40x50","x100","bbb4050","pacolon"]},{"id":"CA-000011000010","nombre":"BLONDA REDONDA BLANCA 10 CM x100 BBB10 PACOLON","categoria":"Descartables","subcategoria":"Blondas De Papel","precio":642.17,"destacado":false,"descripcion":"","imagen":"assets/products/CA-000011000010.webp","tags":["blonda","redonda","blanca","x100","bbb10","pacolon"]},{"id":"CA-000011000013","nombre":"BLONDA REDONDA BLANCA 13 CM x100 BBB13 PACOLON","categoria":"Descartables","subcategoria":"Blondas De Papel","precio":921.22,"destacado":false,"descripcion":"","imagen":"assets/products/CA-000011000013.webp","tags":["blonda","redonda","blanca","x100","bbb13","pacolon"]},{"id":"CA-000011000015","nombre":"BLONDA REDONDA BLANCA 15 CM x100 BBB15 PACOLON","categoria":"Descartables","subcategoria":"Blondas De Papel","precio":1285.57,"destacado":false,"descripcion":"","imagen":"assets/products/CA-000011000015.webp","tags":["blonda","redonda","blanca","x100","bbb15","pacolon"]},{"id":"CA-000011000018","nombre":"BLONDA REDONDA BLANCA 18 CM x100 BBB18 PACOLON","categoria":"Descartables","subcategoria":"Blondas De Papel","precio":1591.35,"destacado":false,"descripcion":"","imagen":"assets/products/CA-000011000018.webp","tags":["blonda","redonda","blanca","x100","bbb18","pacolon"]},{"id":"CA-000011000020","nombre":"BLONDA REDONDA BLANCA 20 CM x100 BBB20 PACOLON","categoria":"Descartables","subcategoria":"Blondas De Papel","precio":2054.94,"destacado":false,"descripcion":"","imagen":"assets/products/CA-000011000020.webp","tags":["blonda","redonda","blanca","x100","bbb20","pacolon"]},{"id":"CA-000011000024","nombre":"BLONDA REDONDA BLANCA 24 CM x100 BBB24 PACOLON","categoria":"Descartables","subcategoria":"Blondas De Papel","precio":2668.69,"destacado":false,"descripcion":"","imagen":"assets/products/CA-000011000024.webp","tags":["blonda","redonda","blanca","x100","bbb24","pacolon"]},{"id":"CA-000011000026","nombre":"BLONDA REDONDA BLANCA 26 CM x100 BBB26 PACOLON","categoria":"Descartables","subcategoria":"Blondas De Papel","precio":2940.98,"destacado":false,"descripcion":"","imagen":"assets/products/CA-000011000026.webp","tags":["blonda","redonda","blanca","x100","bbb26","pacolon"]},{"id":"CA-000011000028","nombre":"BLONDA REDONDA BLANCA 28 CM x100 BBB28 PACOLON","categoria":"Descartables","subcategoria":"Blondas De Papel","precio":3125.31,"destacado":false,"descripcion":"","imagen":"assets/products/CA-000011000028.webp","tags":["blonda","redonda","blanca","x100","bbb28","pacolon"]},{"id":"CA-000011000030","nombre":"BLONDA REDONDA BLANCA 30 CM x 100 BBB30 PACOLON","categoria":"Descartables","subcategoria":"Blondas De Papel","precio":3496.9,"destacado":false,"descripcion":"","imagen":"assets/products/CA-000011000030.webp","tags":["blonda","redonda","blanca","100","bbb30","pacolon"]},{"id":"CA-000011000032","nombre":"BLONDA REDONDA BLANCA 32 CM x100 BBB32 PACOLON","categoria":"Descartables","subcategoria":"Blondas De Papel","precio":3778.01,"destacado":false,"descripcion":"","imagen":"assets/products/CA-000011000032.webp","tags":["blonda","redonda","blanca","x100","bbb32","pacolon"]},{"id":"CA-000011000034","nombre":"BLONDA REDONDA BLANCA 34 CM x100 BBB34 PACOLON","categoria":"Descartables","subcategoria":"Blondas De Papel","precio":4249.66,"destacado":false,"descripcion":"","imagen":"assets/products/CA-000011000034.webp","tags":["blonda","redonda","blanca","x100","bbb34","pacolon"]},{"id":"CA-000011000036","nombre":"BLONDA REDONDA BLANCA 36 CM x100 BBB36 PACOLON","categoria":"Descartables","subcategoria":"Blondas De Papel","precio":4594.25,"destacado":false,"descripcion":"","imagen":"assets/products/CA-000011000036.webp","tags":["blonda","redonda","blanca","x100","bbb36","pacolon"]},{"id":"CA-000011000038","nombre":"BLONDA REDONDA BLANCA 38 CM x100 BBB38 PACOLON","categoria":"Descartables","subcategoria":"Blondas De Papel","precio":5039.38,"destacado":false,"descripcion":"","imagen":"assets/products/CA-000011000038.webp","tags":["blonda","redonda","blanca","x100","bbb38","pacolon"]},{"id":"CA-000011000040","nombre":"BLONDA REDONDA BLANCA 40 CM x100 BBB40 PACOLON","categoria":"Descartables","subcategoria":"Blondas De Papel","precio":5489.41,"destacado":false,"descripcion":"","imagen":"assets/products/CA-000011000040.webp","tags":["blonda","redonda","blanca","x100","bbb40","pacolon"]},{"id":"CA-000011000045","nombre":"BLONDA REDONDA BLANCA 45 CM x100 BBB45 PACOLON","categoria":"Descartables","subcategoria":"Blondas De Papel","precio":6616.42,"destacado":false,"descripcion":"","imagen":"assets/products/CA-000011000045.webp","tags":["blonda","redonda","blanca","x100","bbb45","pacolon"]},{"id":"CA-000161000015","nombre":"BLONDA REDONDA COLOR  AMARILLA 15 CM x100 BBCA15 PACOLON","categoria":"Descartables","subcategoria":"Blondas De Papel","precio":1943.92,"destacado":false,"descripcion":"","imagen":"assets/products/CA-000161000015.webp","tags":["blonda","redonda","color","amarilla","x100","bbca15","pacolon"]},{"id":"CA-000131000015","nombre":"BLONDA REDONDA COLOR  CELESTE 15 CM x100 BBCC15 PACOLON","categoria":"Descartables","subcategoria":"Blondas De Papel","precio":1943.92,"destacado":false,"descripcion":"","imagen":"assets/products/CA-000131000015.webp","tags":["blonda","redonda","color","celeste","x100","bbcc15","pacolon"]},{"id":"CA-000121000015","nombre":"BLONDA REDONDA COLOR  ROSA 15 CM x100 BBCR15 PACOLON","categoria":"Descartables","subcategoria":"Blondas De Papel","precio":1943.92,"destacado":false,"descripcion":"","imagen":"assets/products/CA-000121000015.webp","tags":["blonda","redonda","color","rosa","x100","bbcr15","pacolon"]},{"id":"CA-000161000010","nombre":"BLONDA REDONDA COLOR AMARILLA 10 CM x100 BBCA10 PACOLON","categoria":"Descartables","subcategoria":"Blondas De Papel","precio":879.1,"destacado":false,"descripcion":"","imagen":"assets/products/CA-000161000010.webp","tags":["blonda","redonda","color","amarilla","x100","bbca10","pacolon"]},{"id":"CA-000131000010","nombre":"BLONDA REDONDA COLOR CELESTE 10 CM x100 BBCC10 PACOLON","categoria":"Descartables","subcategoria":"Blondas De Papel","precio":879.1,"destacado":false,"descripcion":"","imagen":"assets/products/CA-000131000010.webp","tags":["blonda","redonda","color","celeste","x100","bbcc10","pacolon"]},{"id":"CA-000121000010","nombre":"BLONDA REDONDA COLOR ROSA 10 CM x100 BBCR10 PACOLON","categoria":"Descartables","subcategoria":"Blondas De Papel","precio":879.1,"destacado":false,"descripcion":"","imagen":"assets/products/CA-000121000010.webp","tags":["blonda","redonda","color","rosa","x100","bbcr10","pacolon"]},{"id":"CA-000141000010","nombre":"BLONDA REDONDA COLOR VERDE AGUA 10 CM x100 BBCV10 PACOLON","categoria":"Descartables","subcategoria":"Blondas De Papel","precio":879.1,"destacado":false,"descripcion":"","imagen":"assets/products/CA-000141000010.webp","tags":["blonda","redonda","color","verde","agua","x100","bbcv10","pacolon"]},{"id":"CA-000021000010","nombre":"BLONDA REDONDA DORADA 10 CM x100 BBO10 PACOLON","categoria":"Descartables","subcategoria":"Blondas De Papel","precio":2304.1,"destacado":false,"descripcion":"","imagen":"assets/products/CA-000021000010.webp","tags":["blonda","redonda","dorada","x100","bbo10","pacolon"]},{"id":"CA-000021000013","nombre":"BLONDA REDONDA DORADA 13 CM x100 PACOLON","categoria":"Descartables","subcategoria":"Blondas De Papel","precio":3649.42,"destacado":false,"descripcion":"","imagen":"assets/products/CA-000021000013.webp","tags":["blonda","redonda","dorada","x100","pacolon"]},{"id":"CA-000021000015","nombre":"BLONDA REDONDA DORADA 15 CM x100 PACOLON","categoria":"Descartables","subcategoria":"Blondas De Papel","precio":4576.51,"destacado":false,"descripcion":"","imagen":"assets/products/CA-000021000015.webp","tags":["blonda","redonda","dorada","x100","pacolon"]},{"id":"CA-000081000010","nombre":"BLONDA REDONDA KRAFT 10 CM x100 BBEC10 PACOLON","categoria":"Descartables","subcategoria":"Blondas De Papel","precio":649.44,"destacado":false,"descripcion":"","imagen":"assets/products/CA-000081000010.webp","tags":["blonda","redonda","kraft","x100","bbec10","pacolon"]},{"id":"CA-000081000015","nombre":"BLONDA REDONDA KRAFT 15 CM x100 BBEC15 PACOLON","categoria":"Descartables","subcategoria":"Blondas De Papel","precio":1845.18,"destacado":false,"descripcion":"","imagen":"assets/products/CA-000081000015.webp","tags":["blonda","redonda","kraft","x100","bbec15","pacolon"]}]}