{"category_slug":"descartables","subcategory_slug":"blondas_de_papel","page":2,"page_size":48,"total":51,"items":[{"id":"CA-000031000010","nombre":"BLONDA REDONDA PLATEADA 10 CM x100 PACOLON","categoria":"Descartables","subcategoria":"Blondas De Papel","precio":2119.58,"destacado":false,"descripcion":"","imagen":"assets/products/CA-000031000010.webp","tags":["blonda","redonda","plateada","x100","pacolon"]},{"id":"CA-000031000013","nombre":"BLONDA REDONDA PLATEADA 13 CMx100 BBP13 PACOLON","categoria":"Descartables","subcategoria":"Blondas De Papel","precio":3044.78,"destacado":false,"descripcion":"","imagen":"assets/products/CA-000031000013.webp","tags":["blonda","redonda","plateada","cmx100","bbp13","pacolon"]},{"id":"CA-000031000015","nombre":"BLONDA REDONDA PLATEADA 15 CM  x100 PACOLON","categoria":"Descartables","subcategoria":"Blondas De Papel","precio":3839.79,"destacado":false,"descripcion":"","imagen":"assets/products/CA-000031000015.webp","tags":["blonda","redonda","plateada","x100","pacolon"]}]}